{"type":"FeatureCollection","features":[
{"properties":{"electorateShortName":"eden-monaro","electorateName":"Eden-Monaro","area":31913.08,"state":"NSW"},"type":"Feature","geometry":{"type":"MultiPolygon","coordinates":[[[[150.33353,-34.752388],[150.333486,-34.752343],[150.333398,-34.752252],[150.333312,-34.752158],[150.333269,-34.752109],[150.333187,-34.752008],[150.333144,-34.751959],[150.333099,-34.751912],[150.333043,-34.75186],[150.332983,-34.75181],[150.332921,-34.751762],[150.332858,-34.751717],[150.332793,-34.751674],[150.332711,-34.751626],[150.332624,-34.751583],[150.332448,-34.751503],[150.33236,-34.751462],[150.332111,-34.751339],[150.331987,-34.751276],[150.331863,-34.751213],[150.331567,-34.751058],[150.331481,-34.751012],[150.331396,-34.750963],[150.331315,-34.75091],[150.331223,-34.750839],[150.331135,-34.75076],[150.33105,-34.750678],[150.330967,-34.750594],[150.330882,-34.750511],[150.330822,-34.750454],[150.330645,-34.75028],[150.330585,-34.750222],[150.330519,-34.750161],[150.330383,-34.750042],[150.330317,-34.749981],[150.330254,-34.749917],[150.330189,-34.749845],[150.330127,-34.749771],[150.330066,-34.749696],[150.329879,-34.749452],[150.329677,-34.749176],[150.329608,-34.749085],[150.329545,-34.749004],[150.329481,-34.748924],[150.329351,-34.748764],[150.329222,-34.748611],[150.329192,-34.748573],[150.32913,-34.748499],[150.329066,-34.748427],[150.329029,-34.748388],[150.328991,-34.748349],[150.328913,-34.748274],[150.328874,-34.748238],[150.328823,-34.748194],[150.328665,-34.748068],[150.328613,-34.748024],[150.328531,-34.747949],[150.32849,-34.747911],[150.328412,-34.747832],[150.328323,-34.747736],[150.32828,-34.747686],[150.328238,-34.747636],[150.328198,-34.747584],[150.32816,-34.747533],[150.328124,-34.747481],[150.328089,-34.747428],[150.328021,-34.747321],[150.327984,-34.747258],[150.327947,-34.747195],[150.32779,-34.746906],[150.327638,-34.746616],[150.32746,-34.746286],[150.327397,-34.746169],[150.327331,-34.746054],[150.327262,-34.74594],[150.327193,-34.745836],[150.327122,-34.745732],[150.327049,-34.74563],[150.326974,-34.745529],[150.326898,-34.745429],[150.326824,-34.745335],[150.326749,-34.745241],[150.326673,-34.745149],[150.326595,-34.745057],[150.326515,-34.744967],[150.326443,-34.744888],[150.32637,-34.74481],[150.326295,-34.744733],[150.326219,-34.744657],[150.326141,-34.744584],[150.326043,-34.744495],[150.325941,-34.744408],[150.325838,-34.744324],[150.325731,-34.744245],[150.325621,-34.744171],[150.325523,-34.744113],[150.325422,-34.744057],[150.32532,-34.744005],[150.325215,-34.743958],[150.32511,-34.743916],[150.324989,-34.743875],[150.324867,-34.743841],[150.324742,-34.743813],[150.324616,-34.743789],[150.32449,-34.743768],[150.324358,-34.743753],[150.324224,-34.743743],[150.32409,-34.743737],[150.323602,-34.743722],[150.323492,-34.74372],[150.323382,-34.743719],[150.323272,-34.743719],[150.32314,-34.743723],[150.323008,-34.743729],[150.322745,-34.743743],[150.322374,-34.743758],[150.322253,-34.743761],[150.322134,-34.743762],[150.322014,-34.743759],[150.32188,-34.74375],[150.321746,-34.743737],[150.321612,-34.74372],[150.321479,-34.743701],[150.321186,-34.743655],[150.321027,-34.743628],[150.320868,-34.743597],[150.320712,-34.74356],[150.32056,-34.743513],[150.320457,-34.743474],[150.320355,-34.743432],[150.320255,-34.743386],[150.320156,-34.743337],[150.320058,-34.743287],[150.319952,-34.743228],[150.319848,-34.743166],[150.319641,-34.743036],[150.319537,-34.742972],[150.319416,-34.742902],[150.31917,-34.742763],[150.319048,-34.742692],[150.318928,-34.742619],[150.318851,-34.742569],[150.318622,-34.742414],[150.318545,-34.742363],[150.31843,-34.742289],[150.318081,-34.742073],[150.317965,-34.741999],[150.317875,-34.741939],[150.317698,-34.741815],[150.317607,-34.741756],[150.317513,-34.741705],[150.317426,-34.741665],[150.317336,-34.741629],[150.317245,-34.741596],[150.317153,-34.741566],[150.317061,-34.741538],[150.316958,-34.741507],[150.316854,-34.741479],[150.31675,-34.741454],[150.316645,-34.741431],[150.31654,-34.74141],[150.316458,-34.741395],[150.316293,-34.741371],[150.316127,-34.741351],[150.316041,-34.741343],[150.315867,-34.741332],[150.31578,-34.741324],[150.315695,-34.741311],[150.315605,-34.741292],[150.315517,-34.741267],[150.315429,-34.74124],[150.315341,-34.741211],[150.315253,-34.741184],[150.315039,-34.741121],[150.314933,-34.741088],[150.314827,-34.741054],[150.314722,-34.741017],[150.31462,-34.740978],[150.314518,-34.740937],[150.314418,-34.740894],[150.314319,-34.740848],[150.314221,-34.7408],[150.314122,-34.740748],[150.314025,-34.740692],[150.313929,-34.740634],[150.313635,-34.740449],[150.313531,-34.740381],[150.313428,-34.740312],[150.313324,-34.740245],[150.313218,-34.740181],[150.313123,-34.74013],[150.313027,-34.740081],[150.312832,-34.739986],[150.312737,-34.739936],[150.31263,-34.739877],[150.312524,-34.739817],[150.312419,-34.739755],[150.312316,-34.73969],[150.312216,-34.739621],[150.312113,-34.739541],[150.312014,-34.739455],[150.311822,-34.739277],[150.311613,-34.73909],[150.311277,-34.738795],[150.311164,-34.738697],[150.310778,-34.738368],[150.310683,-34.738285],[150.310599,-34.738209],[150.310516,-34.738133],[150.31027,-34.737901],[150.310163,-34.737798],[150.309952,-34.737588],[150.309739,-34.73738],[150.309545,-34.737197],[150.309447,-34.737107],[150.309348,-34.737017],[150.30914,-34.736833],[150.309032,-34.736737],[150.308923,-34.736644],[150.308812,-34.736553],[150.308698,-34.736466],[150.30851,-34.736337],[150.308413,-34.736276],[150.308316,-34.736217],[150.308216,-34.736162],[150.308096,-34.736102],[150.307973,-34.736047],[150.307848,-34.735996],[150.307597,-34.735896],[150.307448,-34.735839],[150.307146,-34.735731],[150.306997,-34.735674],[150.30685,-34.735611],[150.306736,-34.735556],[150.306624,-34.735498],[150.306513,-34.735437],[150.306402,-34.735376],[150.30629,-34.735316],[150.3059,-34.735112],[150.30577,-34.735043],[150.305641,-34.734972],[150.305517,-34.734901],[150.305393,-34.734828],[150.305147,-34.73468],[150.305022,-34.734609],[150.304875,-34.734527],[150.304727,-34.734445],[150.304578,-34.734365],[150.304427,-34.734289],[150.304275,-34.734216],[150.304148,-34.734158],[150.304019,-34.734101],[150.303889,-34.734047],[150.303759,-34.733997],[150.303627,-34.73395],[150.303503,-34.73391],[150.303378,-34.73387],[150.303252,-34.733835],[150.303125,-34.733805],[150.302998,-34.733783],[150.302894,-34.733771],[150.30279,-34.733762],[150.302685,-34.733758],[150.302581,-34.733758],[150.302477,-34.733764],[150.302395,-34.733771],[150.302314,-34.733781],[150.302233,-34.733795],[150.302152,-34.733812],[150.302074,-34.733832],[150.301979,-34.733866],[150.301885,-34.733907],[150.301794,-34.733953],[150.301612,-34.734049],[150.301531,-34.73409],[150.301369,-34.734176],[150.301209,-34.734265],[150.301114,-34.73432],[150.300832,-34.734493],[150.300737,-34.73455],[150.300509,-34.734682],[150.300354,-34.734766],[150.300267,-34.734811],[150.300179,-34.734855],[150.30009,-34.734898],[150.299912,-34.734982],[150.299712,-34.735074],[150.299611,-34.735118],[150.299411,-34.735208],[150.299233,-34.73529],[150.299057,-34.735373],[150.298848,-34.735473],[150.298609,-34.735592],[150.298369,-34.73571],[150.298073,-34.735853],[150.297924,-34.735923],[150.297774,-34.73599],[150.297622,-34.736054],[150.297467,-34.736113],[150.297311,-34.736169],[150.297153,-34.736221],[150.296995,-34.736271],[150.296836,-34.736319],[150.296682,-34.736364],[150.296527,-34.736406],[150.296372,-34.736447],[150.296216,-34.736483],[150.29606,-34.736516],[150.295935,-34.736538],[150.295809,-34.736559],[150.295683,-34.736576],[150.295557,-34.736592],[150.295431,-34.736604],[150.295311,-34.736613],[150.295071,-34.736622],[150.294951,-34.736624],[150.294831,-34.736624],[150.294618,-34.736621],[150.294475,-34.736614],[150.294389,-34.736606],[150.294303,-34.736596],[150.294131,-34.736571],[150.294045,-34.73656],[150.29374,-34.736522],[150.293587,-34.736502],[150.293356,-34.73647],[150.293183,-34.736447],[150.29312,-34.736438],[150.293047,-34.736425],[150.292975,-34.73641],[150.292831,-34.736377],[150.292759,-34.736359],[150.292688,-34.73634],[150.292438,-34.736262],[150.292306,-34.73624],[150.291951,-34.736142],[150.290875,-34.735768],[150.29034,-34.735636],[150.290194,-34.735647],[150.290007,-34.735549],[150.289646,-34.735452],[150.288778,-34.735078],[150.287854,-34.734848],[150.287187,-34.734663],[150.286082,-34.734478],[150.285617,-34.734398],[150.285214,-34.734368],[150.28454,-34.734384],[150.283998,-34.734355],[150.283678,-34.7344],[150.28315,-34.734394],[150.282086,-34.734478],[150.280926,-34.734419],[150.28069,-34.734373],[150.280509,-34.734395],[150.279481,-34.734245],[150.27912,-34.734089],[150.278766,-34.733986],[150.278682,-34.734003],[150.278057,-34.733807],[150.277676,-34.733469],[150.277295,-34.732941],[150.277232,-34.732838],[150.268468,-34.731677],[150.268601,-34.73195],[150.268769,-34.732111],[150.26899,-34.732244],[150.269622,-34.732529],[150.269706,-34.732588],[150.270408,-34.732832],[150.27044,-34.732947],[150.27042,-34.733018],[150.270411,-34.733035],[150.270381,-34.733085],[150.270356,-34.733124],[150.27034,-34.733148],[150.270307,-34.733194],[150.270292,-34.733217],[150.270274,-34.733246],[150.270225,-34.733332],[150.270186,-34.733388],[150.270164,-34.733417],[150.270119,-34.733472],[150.270094,-34.733498],[150.27004,-34.733569],[150.269953,-34.73361],[150.269639,-34.73369],[150.269154,-34.733708],[150.268691,-34.73357],[150.268468,-34.733523],[150.268105,-34.733515],[150.267536,-34.733446],[150.267362,-34.733486],[150.267308,-34.733556],[150.267355,-34.7337],[150.267507,-34.733818],[150.268037,-34.734044],[150.268174,-34.734075],[150.268617,-34.734313],[150.268681,-34.734472],[150.268812,-34.734718],[150.26879,-34.734904],[150.268661,-34.735144],[150.26827,-34.735509],[150.268067,-34.735948],[150.267547,-34.736539],[150.267336,-34.736664],[150.267003,-34.7368],[150.266795,-34.736825],[150.266345,-34.736815],[150.265998,-34.736851],[150.265687,-34.736845],[150.265464,-34.736783],[150.265038,-34.736574],[150.264644,-34.736423],[150.264335,-34.736345],[150.264161,-34.736399],[150.263878,-34.736579],[150.263805,-34.736735],[150.263847,-34.737051],[150.26401,-34.737383],[150.264125,-34.737572],[150.264138,-34.73773],[150.264008,-34.738028],[150.263863,-34.738254],[150.263209,-34.738713],[150.262998,-34.738823],[150.262806,-34.738877],[150.262356,-34.73891],[150.261975,-34.738888],[150.261611,-34.738909],[150.261044,-34.738812],[150.260601,-34.738559],[150.260448,-34.738499],[150.260325,-34.738539],[150.260254,-34.738595],[150.26002,-34.738906],[150.259897,-34.738975],[150.259722,-34.739043],[150.259426,-34.739108],[150.259096,-34.73913],[150.258336,-34.7391],[150.257998,-34.739002],[150.257385,-34.740114],[150.25754,-34.740258],[150.25764,-34.740403],[150.257704,-34.740576],[150.257662,-34.740819],[150.257481,-34.741059],[150.257128,-34.741295],[150.256727,-34.741415],[150.255777,-34.741367],[150.255075,-34.741124],[150.254972,-34.741079],[150.254784,-34.741018],[150.254681,-34.741001],[150.254248,-34.740992],[150.253969,-34.741073],[150.253483,-34.74112],[150.253258,-34.741144],[150.253001,-34.741053],[150.252728,-34.740932],[150.252695,-34.740889],[150.252506,-34.740813],[150.252168,-34.740577],[150.251948,-34.740387],[150.251344,-34.739773],[150.251181,-34.73956],[150.251156,-34.73954],[150.251104,-34.739503],[150.25105,-34.739467],[150.250979,-34.739427],[150.250907,-34.739389],[150.250873,-34.739368],[150.250818,-34.739329],[150.250791,-34.739308],[150.250741,-34.739265],[150.250723,-34.739247],[150.250655,-34.739171],[150.250639,-34.739155],[150.250624,-34.739137],[150.250608,-34.739121],[150.250591,-34.739106],[150.250571,-34.739094],[150.250554,-34.739086],[150.250535,-34.739079],[150.250494,-34.73907],[150.250474,-34.739069],[150.25045,-34.739071],[150.250425,-34.739076],[150.250375,-34.739093],[150.250351,-34.739103],[150.250312,-34.739121],[150.250293,-34.739131],[150.250257,-34.739153],[150.250236,-34.739167],[150.250195,-34.739197],[150.250175,-34.739213],[150.250156,-34.73923],[150.250128,-34.739257],[150.250087,-34.739299],[150.250058,-34.73933],[150.250049,-34.739341],[150.249995,-34.739397],[150.24992,-34.739519],[150.249725,-34.739687],[150.249676,-34.739717],[150.24966,-34.739728],[150.249628,-34.739752],[150.249547,-34.739819],[150.249509,-34.739854],[150.249489,-34.73987],[150.249453,-34.739894],[150.249408,-34.739918],[150.249355,-34.739941],[150.249329,-34.73995],[150.24932,-34.739954],[150.249281,-34.739966],[150.249271,-34.739968],[150.249262,-34.739971],[150.249232,-34.739977],[150.249223,-34.73998],[150.249196,-34.739986],[150.249171,-34.739989],[150.249161,-34.739989],[150.249022,-34.74],[150.248902,-34.739969],[150.248748,-34.739937],[150.248611,-34.739877],[150.248169,-34.73961],[150.248033,-34.739564],[150.248019,-34.739563],[150.247979,-34.739563],[150.247948,-34.739566],[150.247913,-34.739572],[150.247794,-34.739597],[150.247734,-34.739608],[150.247719,-34.739612],[150.247691,-34.739624],[150.247684,-34.739628],[150.247578,-34.739726],[150.247549,-34.739776],[150.247517,-34.739824],[150.2475,-34.739848],[150.247476,-34.739877],[150.247463,-34.739891],[150.247414,-34.739951],[150.247306,-34.740106],[150.24718,-34.740232],[150.246862,-34.740454],[150.24658,-34.74062],[150.246351,-34.740729],[150.245792,-34.740903],[150.245445,-34.740953],[150.245046,-34.740973],[150.244805,-34.740925],[150.24474,-34.74078],[150.244763,-34.740609],[150.244697,-34.740507],[150.244511,-34.740389],[150.244095,-34.740206],[150.244075,-34.7402],[150.244054,-34.740196],[150.244011,-34.740191],[150.243989,-34.74019],[150.243965,-34.740191],[150.243917,-34.740197],[150.24387,-34.740207],[150.243834,-34.740217],[150.243764,-34.740244],[150.24367,-34.740284],[150.243645,-34.740295],[150.243595,-34.740319],[150.243534,-34.74035],[150.243461,-34.74039],[150.243426,-34.740411],[150.243323,-34.740475],[150.243258,-34.740519],[150.243227,-34.740543],[150.243191,-34.740575],[150.243156,-34.740609],[150.243123,-34.740644],[150.243093,-34.74068],[150.243065,-34.740717],[150.243081,-34.74073],[150.243107,-34.740988],[150.243151,-34.741246],[150.243226,-34.741606],[150.243222,-34.74172],[150.243265,-34.741993],[150.243333,-34.742596],[150.243325,-34.742853],[150.243287,-34.742938],[150.243268,-34.743009],[150.243211,-34.743151],[150.243139,-34.743264],[150.24303,-34.743419],[150.242973,-34.743561],[150.242934,-34.743703],[150.242931,-34.743818],[150.242784,-34.744072],[150.242372,-34.744507],[150.242142,-34.744688],[150.241947,-34.744798],[150.241791,-34.744837],[150.24172,-34.744879],[150.241546,-34.744918],[150.241267,-34.744969],[150.240608,-34.745012],[150.240003,-34.744984],[150.239987,-34.744986],[150.239969,-34.744987],[150.239904,-34.744995],[150.239827,-34.745008],[150.23981,-34.74501],[150.239777,-34.745016],[150.23976,-34.745018],[150.239685,-34.745033],[150.239667,-34.745038],[150.239629,-34.74505],[150.239592,-34.745064],[150.239568,-34.745072],[150.239556,-34.745077],[150.239512,-34.745091],[150.23948,-34.745099],[150.239463,-34.745101],[150.23927,-34.745197],[150.238853,-34.745246],[150.238109,-34.745229],[150.237713,-34.745178],[150.237456,-34.745072],[150.237337,-34.745026],[150.237297,-34.745014],[150.237258,-34.745001],[150.237181,-34.744972],[150.237144,-34.744956],[150.237114,-34.744941],[150.237028,-34.744893],[150.236969,-34.744871],[150.23691,-34.744857],[150.23688,-34.744851],[150.236788,-34.744836],[150.236757,-34.744832],[150.236726,-34.74483],[150.236695,-34.744831],[150.236661,-34.744837],[150.236628,-34.744846],[150.236595,-34.744858],[150.236531,-34.744884],[150.236474,-34.744912],[150.236446,-34.744927],[150.236329,-34.744994],[150.236299,-34.745013],[150.236267,-34.74503],[150.236235,-34.745045],[150.236207,-34.745055],[150.236149,-34.745072],[150.236089,-34.745085],[150.235843,-34.745208],[150.235526,-34.745359],[150.235281,-34.745468],[150.234738,-34.745642],[150.234547,-34.745667],[150.23427,-34.745661],[150.23379,-34.74555],[150.233602,-34.74546],[150.23355,-34.745459],[150.23338,-34.745369],[150.233294,-34.745353],[150.23258,-34.744937],[150.232327,-34.744731],[150.232042,-34.744453],[150.231788,-34.744261],[150.231229,-34.743891],[150.230312,-34.743342],[150.2296,-34.742882],[150.228886,-34.7422],[150.228861,-34.742172],[150.228859,-34.742168],[150.228856,-34.742165],[150.22885,-34.742154],[150.228818,-34.742131],[150.228763,-34.742147],[150.228537,-34.742238],[150.228281,-34.742461],[150.22828,-34.742477],[150.228277,-34.742492],[150.228268,-34.742523],[150.22826,-34.742561],[150.228255,-34.742578],[150.228251,-34.742588],[150.228251,-34.742592],[150.228249,-34.742601],[150.228249,-34.742612],[150.228251,-34.742618],[150.228251,-34.742622],[150.228256,-34.742637],[150.228262,-34.74265],[150.228279,-34.742679],[150.22829,-34.7427],[150.228423,-34.742885],[150.228587,-34.743161],[150.228715,-34.743493],[150.228741,-34.743765],[150.228789,-34.743895],[150.228872,-34.744011],[150.228973,-34.744099],[150.228951,-34.744213],[150.228895,-34.744369],[150.228784,-34.744582],[150.228748,-34.744624],[150.228729,-34.744666],[150.228568,-34.744849],[150.228372,-34.745031],[150.228231,-34.745113],[150.228193,-34.745157],[150.228139,-34.745224],[150.228097,-34.745282],[150.228077,-34.745312],[150.228011,-34.745403],[150.227935,-34.745502],[150.227859,-34.745598],[150.227767,-34.745708],[150.227754,-34.745725],[150.227689,-34.745802],[150.227662,-34.745831],[150.22762,-34.745871],[150.227618,-34.745887],[150.227469,-34.746213],[150.22736,-34.746368],[150.227217,-34.746494],[150.226953,-34.746645],[150.226778,-34.746713],[150.226464,-34.746778],[150.226117,-34.746813],[150.225908,-34.746837],[150.225863,-34.746846],[150.225771,-34.74686],[150.225725,-34.746865],[150.225638,-34.746872],[150.225556,-34.746874],[150.225431,-34.746874],[150.225345,-34.746871],[150.225303,-34.746871],[150.225261,-34.746873],[150.225216,-34.746878],[150.225084,-34.746903],[150.22504,-34.746909],[150.224987,-34.746913],[150.224827,-34.746916],[150.224774,-34.74692],[150.224666,-34.746935],[150.224612,-34.746944],[150.224559,-34.746956],[150.224507,-34.746969],[150.224473,-34.746979],[150.224407,-34.747003],[150.22434,-34.747024],[150.224311,-34.74703],[150.224223,-34.747042],[150.224195,-34.747048],[150.224157,-34.747059],[150.22412,-34.747072],[150.224084,-34.747086],[150.223946,-34.747144],[150.223914,-34.747159],[150.223851,-34.74719],[150.223809,-34.747216],[150.223788,-34.74723],[150.223767,-34.747242],[150.223744,-34.747252],[150.22371,-34.747263],[150.223672,-34.74727],[150.223633,-34.747274],[150.223595,-34.747275],[150.223558,-34.747272],[150.223298,-34.747266],[150.223143,-34.747277],[150.223039,-34.74726],[150.222884,-34.747228],[150.222871,-34.747227],[150.222844,-34.747223],[150.222816,-34.74722],[150.222774,-34.747217],[150.222761,-34.747215],[150.222747,-34.747214],[150.222708,-34.747208],[150.222695,-34.747205],[150.222659,-34.747199],[150.222648,-34.747198],[150.222626,-34.747194],[150.222581,-34.747188],[150.222536,-34.74718],[150.222495,-34.747171],[150.222459,-34.74716],[150.222405,-34.747145],[150.222387,-34.747141],[150.222334,-34.747131],[150.222325,-34.747128],[150.222288,-34.74712],[150.222263,-34.747116],[150.222225,-34.747112],[150.222181,-34.747104],[150.222159,-34.747097],[150.222154,-34.747094],[150.222143,-34.74709],[150.222113,-34.747084],[150.222093,-34.747082],[150.221832,-34.747105],[150.221625,-34.747101],[150.221304,-34.747076],[150.22126,-34.747074],[150.221237,-34.747073],[150.22121,-34.747073],[150.221155,-34.747075],[150.221101,-34.747079],[150.221055,-34.747081],[150.220985,-34.747087],[150.220794,-34.747125],[150.220688,-34.747166],[150.220444,-34.747246],[150.220408,-34.747274],[150.220144,-34.747397],[150.220056,-34.747453],[150.219674,-34.747501],[150.219276,-34.747493],[150.219035,-34.747444],[150.218626,-34.747264],[150.218451,-34.747172],[150.218393,-34.74716],[150.218375,-34.747155],[150.218352,-34.747146],[150.218345,-34.747142],[150.2183,-34.74713],[150.218285,-34.747125],[150.218275,-34.747119],[150.218182,-34.747053],[150.218081,-34.74698],[150.217961,-34.746934],[150.217841,-34.746903],[150.217582,-34.746897],[150.217061,-34.746957],[150.216853,-34.746953],[150.216647,-34.746891],[150.216481,-34.746687],[150.216316,-34.74644],[150.216246,-34.745923],[150.216225,-34.745479],[150.216193,-34.745393],[150.216129,-34.745378],[150.216058,-34.745365],[150.216031,-34.74536],[150.216003,-34.745357],[150.215975,-34.745355],[150.215937,-34.745354],[150.215898,-34.745356],[150.215859,-34.74536],[150.215825,-34.745365],[150.215947,-34.745776],[150.215985,-34.746675],[150.216056,-34.747104],[150.216106,-34.747265],[150.216406,-34.74775],[150.216909,-34.748178],[150.217069,-34.74835],[150.217104,-34.748431],[150.217189,-34.748679],[150.216967,-34.748754],[150.216538,-34.749042],[150.216136,-34.749358],[150.215686,-34.749646],[150.215395,-34.749779],[150.214923,-34.749923],[150.214715,-34.750038],[150.214542,-34.750188],[150.214528,-34.750308],[150.214613,-34.750525],[150.214808,-34.750708],[150.214913,-34.750879],[150.214984,-34.751068],[150.214964,-34.751326],[150.214826,-34.751549],[150.214583,-34.751653],[150.214375,-34.751683],[150.213701,-34.751673],[150.212881,-34.751819],[150.212659,-34.751906],[150.212486,-34.75205],[150.212362,-34.752233],[150.21188,-34.753254],[150.211694,-34.753512],[150.211375,-34.753811],[150.21107,-34.753972],[150.210286,-34.754146],[150.20973,-34.754205],[150.209174,-34.754133],[150.208408,-34.753992],[150.208116,-34.753982],[150.207887,-34.754011],[150.207596,-34.754098],[150.20745,-34.75419],[150.207007,-34.754483],[150.20666,-34.754759],[150.206244,-34.75499],[150.205135,-34.755537],[150.204962,-34.755664],[150.204733,-34.75575],[150.204496,-34.755774],[150.204197,-34.755712],[150.203989,-34.755713],[150.203815,-34.755753],[150.203656,-34.755834],[150.203517,-34.755983],[150.203506,-34.756556],[150.203578,-34.756889],[150.203544,-34.757015],[150.203453,-34.757129],[150.203315,-34.757221],[150.203163,-34.757233],[150.202954,-34.757187],[150.202535,-34.757018],[150.202341,-34.756904],[150.202083,-34.756704],[150.201741,-34.756517],[150.201435,-34.756363],[150.201177,-34.756266],[150.200878,-34.756192],[150.200412,-34.756223],[150.199891,-34.756225],[150.199404,-34.756198],[150.199126,-34.756159],[150.198673,-34.755971],[150.198165,-34.75583],[150.197768,-34.755659],[150.19735,-34.755346],[150.196665,-34.754604],[150.196407,-34.754278],[150.195581,-34.753033],[150.19511,-34.751975],[150.194935,-34.751678],[150.194635,-34.751404],[150.194342,-34.751262],[150.194182,-34.751251],[150.193974,-34.751281],[150.193936,-34.751305],[150.193697,-34.751465],[150.193511,-34.75178],[150.193303,-34.75197],[150.193039,-34.752096],[150.192831,-34.752154],[150.192345,-34.752213],[150.192102,-34.7523],[150.191915,-34.752415],[150.191811,-34.752518],[150.191701,-34.752759],[150.191723,-34.752959],[150.191898,-34.753319],[150.192038,-34.753519],[150.192632,-34.754159],[150.192758,-34.754404],[150.192758,-34.754502],[150.192724,-34.754559],[150.192565,-34.754691],[150.192391,-34.754749],[150.192113,-34.754761],[150.191751,-34.754705],[150.191264,-34.754581],[150.190512,-34.754326],[150.19022,-34.754281],[150.189873,-34.754282],[150.189699,-34.754311],[150.189509,-34.754379],[150.189456,-34.754398],[150.189262,-34.754587],[150.18918,-34.754788],[150.18918,-34.754902],[150.18923,-34.75516],[150.189322,-34.755371],[150.189462,-34.7556],[150.18986,-34.756159],[150.190035,-34.756342],[150.19023,-34.756502],[150.190384,-34.756587],[150.190871,-34.756797],[150.191066,-34.756957],[150.191102,-34.757083],[150.191026,-34.757203],[150.190755,-34.757302],[150.190199,-34.757343],[150.189866,-34.757333],[150.188999,-34.75726],[150.188127,-34.757235],[150.187085,-34.757342],[150.186759,-34.757411],[150.186099,-34.757471],[150.185925,-34.757517],[150.185822,-34.75766],[150.185857,-34.757809],[150.18604,-34.757904],[150.186341,-34.757983],[150.186612,-34.758038],[150.186864,-34.758156],[150.187012,-34.758373],[150.187022,-34.758613],[150.186955,-34.758837],[150.186896,-34.759073],[150.186753,-34.759274],[150.186568,-34.759516],[150.186474,-34.759729],[150.186463,-34.759964],[150.186355,-34.760188],[150.186282,-34.760441],[150.186201,-34.760659],[150.186072,-34.760884],[150.186082,-34.761119],[150.18596,-34.76132],[150.185698,-34.761448],[150.185421,-34.761496],[150.185102,-34.761476],[150.184817,-34.761455],[150.184546,-34.761395],[150.184268,-34.761368],[150.18399,-34.761382],[150.183728,-34.761447],[150.183493,-34.761569],[150.183266,-34.761708],[150.183067,-34.761865],[150.182882,-34.762038],[150.182697,-34.762223],[150.182526,-34.762402],[150.182389,-34.762598],[150.182219,-34.762828],[150.182013,-34.763013],[150.181898,-34.763221],[150.181818,-34.763479],[150.181702,-34.763686],[150.181615,-34.763916],[150.181486,-34.764123],[150.181371,-34.764365],[150.181193,-34.764538],[150.180944,-34.764655],[150.180654,-34.764709],[150.180369,-34.764717],[150.180105,-34.764644],[150.179833,-34.764555],[150.179582,-34.764459],[150.179331,-34.764341],[150.17906,-34.764263],[150.178801,-34.764145],[150.178612,-34.76398],[150.178389,-34.76385],[150.178179,-34.763697],[150.177969,-34.76355],[150.177772,-34.763391],[150.177556,-34.763249],[150.177339,-34.763091],[150.177108,-34.762966],[150.176824,-34.762992],[150.17659,-34.763108],[150.176369,-34.763247],[150.176142,-34.763392],[150.175929,-34.763537],[150.175709,-34.763671],[150.175482,-34.763833],[150.175304,-34.764018],[150.175175,-34.764225],[150.175017,-34.764415],[150.174951,-34.764651],[150.174954,-34.76488],[150.174984,-34.765115],[150.175029,-34.765361],[150.175025,-34.765607],[150.175,-34.765848],[150.174892,-34.766055],[150.17477,-34.766262],[150.174654,-34.766492],[150.174504,-34.766682],[150.174382,-34.766901],[150.174204,-34.767092],[150.174089,-34.767327],[150.173897,-34.767501],[150.173761,-34.767697],[150.173548,-34.767859],[150.173307,-34.768021],[150.173122,-34.768217],[150.172888,-34.768345],[150.172646,-34.768479],[150.172399,-34.768636],[150.172165,-34.768798],[150.171979,-34.768966],[150.171822,-34.76915],[150.17156,-34.769238],[150.171269,-34.769315],[150.170985,-34.769311],[150.170707,-34.769279],[150.170408,-34.769253],[150.170157,-34.769163],[150.169858,-34.769097],[150.169567,-34.769116],[150.169182,-34.769189],[150.169184,-34.769175],[150.169189,-34.769151],[150.171227,-34.757958],[150.17126,-34.757778],[150.172231,-34.752444],[150.17291,-34.748716],[150.174355,-34.748923],[150.174491,-34.748943],[150.176132,-34.749178],[150.176355,-34.74921],[150.176499,-34.748432],[150.177438,-34.743652],[150.178146,-34.740046],[150.179507,-34.740196],[150.177863,-34.739078],[150.178511,-34.73539],[150.177186,-34.735222],[150.178459,-34.728125],[150.17627,-34.727821],[150.176309,-34.7276],[150.17016,-34.726836],[150.170881,-34.72331],[150.169985,-34.723178],[150.170661,-34.719795],[150.170697,-34.719616],[150.159463,-34.718041],[150.159246,-34.718015],[150.159315,-34.717606],[150.151428,-34.716607],[150.141094,-34.715296],[150.141912,-34.71111],[150.142638,-34.707346],[150.143241,-34.704048],[150.143255,-34.703966],[150.143398,-34.703117],[150.143399,-34.702748],[150.135013,-34.70157],[150.130525,-34.700885],[150.125981,-34.700315],[150.125946,-34.7005],[150.124939,-34.70035],[150.124391,-34.700024],[150.123853,-34.699822],[150.123632,-34.699814],[150.123282,-34.699807],[150.122998,-34.699767],[150.122443,-34.699596],[150.122158,-34.699378],[150.121783,-34.698657],[150.121513,-34.698485],[150.120917,-34.698343],[150.120369,-34.698051],[150.120085,-34.698194],[150.119856,-34.698423],[150.119524,-34.698887],[150.119476,-34.699122],[150.118915,-34.699248],[150.118339,-34.699237],[150.118062,-34.699266],[150.116891,-34.699535],[150.116738,-34.699591],[150.117965,-34.693411],[150.118,-34.693232],[150.114328,-34.692747],[150.114279,-34.69274],[150.11523,-34.687913],[150.115044,-34.687885],[150.11171,-34.68737],[150.112608,-34.68363],[150.103894,-34.682246],[150.102803,-34.682068],[150.101358,-34.681832],[150.092785,-34.680473],[150.092571,-34.680435],[150.093571,-34.67614],[150.093679,-34.67568],[150.095348,-34.668518],[150.09539,-34.66834],[150.098483,-34.655064],[150.094074,-34.654462],[150.092617,-34.654241],[150.088592,-34.653437],[150.08829,-34.653608],[150.08817,-34.653537],[150.08796,-34.65341],[150.087841,-34.653339],[150.087502,-34.653133],[150.087151,-34.652964],[150.086759,-34.652692],[150.085753,-34.651976],[150.085205,-34.651387],[150.084725,-34.65109],[150.083842,-34.650493],[150.082825,-34.649764],[150.081996,-34.64956],[150.081541,-34.649351],[150.081295,-34.648718],[150.081007,-34.647711],[150.080696,-34.647192],[150.080296,-34.646856],[150.079355,-34.646179],[150.078817,-34.645618],[150.078562,-34.644773],[150.078011,-34.643493],[150.077828,-34.642512],[150.077925,-34.641952],[150.077809,-34.641129],[150.077929,-34.640436],[150.078388,-34.639572],[150.079241,-34.638767],[150.080461,-34.637686],[150.081031,-34.637345],[150.082039,-34.637042],[150.082857,-34.636785],[150.083937,-34.636654],[150.084506,-34.636631],[150.084961,-34.636693],[150.085435,-34.63669],[150.086523,-34.636822],[150.087113,-34.636693],[150.08813,-34.636156],[150.088925,-34.635585],[150.090016,-34.63468],[150.090834,-34.633916],[150.091185,-34.633455],[150.091457,-34.632351],[150.091772,-34.631855],[150.092411,-34.631133],[150.093256,-34.630369],[150.093986,-34.629695],[150.094596,-34.629264],[150.095164,-34.628955],[150.095905,-34.628511],[150.096578,-34.628404],[150.097321,-34.628422],[150.098093,-34.628133],[150.099172,-34.627559],[150.099629,-34.627263],[150.099608,-34.627026],[150.099395,-34.626642],[150.099401,-34.626147],[150.099234,-34.625768],[150.098655,-34.62502],[150.098582,-34.624938],[150.098506,-34.624859],[150.098427,-34.624783],[150.098346,-34.62471],[150.098262,-34.62464],[150.098111,-34.624539],[150.097947,-34.624455],[150.09778,-34.624377],[150.097617,-34.624292],[150.09747,-34.624189],[150.09741,-34.624139],[150.097351,-34.624088],[150.097293,-34.624034],[150.09724,-34.623978],[150.097194,-34.623918],[150.097141,-34.623831],[150.097097,-34.623735],[150.097062,-34.623635],[150.097036,-34.623533],[150.09703,-34.6235],[150.097028,-34.623485],[150.097028,-34.623477],[150.097027,-34.62347],[150.097026,-34.623432],[150.097025,-34.623425],[150.097025,-34.6234],[150.097031,-34.623285],[150.096884,-34.622645],[150.09697,-34.621445],[150.097196,-34.621274],[150.09775,-34.620916],[150.098301,-34.620558],[150.098483,-34.620412],[150.09952,-34.619538],[150.09981,-34.619273],[150.100071,-34.618815],[150.10048,-34.618361],[150.100638,-34.618133],[150.100943,-34.617668],[150.101002,-34.617206],[150.100903,-34.61674],[150.100795,-34.616505],[150.100572,-34.616268],[150.100296,-34.616125],[150.100017,-34.616071],[150.099826,-34.616298],[150.099822,-34.61653],[150.099578,-34.616756],[150.099017,-34.616775],[150.097594,-34.616789],[150.097038,-34.616624],[150.094969,-34.616197],[150.094642,-34.616139],[150.093751,-34.615878],[150.092818,-34.615728],[150.092207,-34.615497],[150.091909,-34.615442],[150.09161,-34.615419],[150.091331,-34.615387],[150.091044,-34.615273],[150.090768,-34.615167],[150.090463,-34.615016],[150.090239,-34.614779],[150.090063,-34.614303],[150.090081,-34.614063],[150.090157,-34.613809],[150.090569,-34.613091],[150.091185,-34.612346],[150.091522,-34.611858],[150.091723,-34.611367],[150.091872,-34.610115],[150.092137,-34.608931],[150.0922,-34.608484],[150.09255,-34.606789],[150.09265,-34.605824],[150.092785,-34.605587],[150.093041,-34.605353],[150.093495,-34.604928],[150.094067,-34.604594],[150.094355,-34.604385],[150.094872,-34.603694],[150.095264,-34.602999],[150.095434,-34.602299],[150.095449,-34.601837],[150.095092,-34.60082],[150.095152,-34.600102],[150.095253,-34.599857],[150.095497,-34.599654],[150.096635,-34.599162],[150.096939,-34.599041],[150.097227,-34.598832],[150.097391,-34.598596],[150.097447,-34.598357],[150.097415,-34.597877],[150.097481,-34.597398],[150.096961,-34.59621],[150.096804,-34.595981],[150.096718,-34.595667],[150.09663,-34.594481],[150.09629,-34.593057],[150.096178,-34.592575],[150.095913,-34.591873],[150.095629,-34.591394],[150.095123,-34.59067],[150.094706,-34.590151],[150.094119,-34.589238],[150.093761,-34.588825],[150.093527,-34.588588],[150.0934,-34.588353],[150.093327,-34.587695],[150.093411,-34.587471],[150.09396,-34.586987],[150.095097,-34.586262],[150.095669,-34.585987],[150.096448,-34.585697],[150.097313,-34.58543],[150.09761,-34.585377],[150.098751,-34.585104],[150.099031,-34.584975],[150.099097,-34.584749],[150.099085,-34.584521],[150.09875,-34.583309],[150.098674,-34.582844],[150.098541,-34.582592],[150.098261,-34.580716],[150.098156,-34.580485],[150.097976,-34.580252],[150.097613,-34.579867],[150.097154,-34.579874],[150.096877,-34.579893],[150.096319,-34.580057],[150.09574,-34.5801],[150.095454,-34.580202],[150.094593,-34.580213],[150.094023,-34.580158],[150.092894,-34.580126],[150.092486,-34.580137],[150.092209,-34.580094],[150.091927,-34.580097],[150.091781,-34.580322],[150.091928,-34.581505],[150.092108,-34.581738],[150.092382,-34.581988],[150.092455,-34.582224],[150.092105,-34.582911],[150.09189,-34.58314],[150.091311,-34.583536],[150.090313,-34.584416],[150.090063,-34.584643],[150.089397,-34.585556],[150.088996,-34.586248],[150.088732,-34.586469],[150.088451,-34.586572],[150.087865,-34.586662],[150.087591,-34.586573],[150.08732,-34.58641],[150.086343,-34.585457],[150.086102,-34.584979],[150.085392,-34.584251],[150.084791,-34.583514],[150.084031,-34.5828],[150.083801,-34.582561],[150.083528,-34.582387],[150.082942,-34.582311],[150.082555,-34.58276],[150.082203,-34.583691],[150.081903,-34.584894],[150.081894,-34.585138],[150.082002,-34.585629],[150.082237,-34.586102],[150.082907,-34.586855],[150.083423,-34.587575],[150.083585,-34.588514],[150.083842,-34.589252],[150.084076,-34.589731],[150.084374,-34.5902],[150.084721,-34.590665],[150.084993,-34.590865],[150.085752,-34.591569],[150.08657,-34.592082],[150.087731,-34.592473],[150.088312,-34.592715],[150.08859,-34.592878],[150.088807,-34.593117],[150.089103,-34.593815],[150.089379,-34.594714],[150.089475,-34.595409],[150.089423,-34.595641],[150.089283,-34.595866],[150.089062,-34.59609],[150.08765,-34.596601],[150.086726,-34.596797],[150.086143,-34.596898],[150.084112,-34.597015],[150.083007,-34.59715],[150.082447,-34.597239],[150.082168,-34.597326],[150.081885,-34.597511],[150.081432,-34.598222],[150.081222,-34.598684],[150.081075,-34.599834],[150.081117,-34.60079],[150.081298,-34.601735],[150.081453,-34.602128],[150.081718,-34.602367],[150.081995,-34.602529],[150.084881,-34.603528],[150.085011,-34.603759],[150.085021,-34.604004],[150.084869,-34.604606],[150.084761,-34.60459],[150.084393,-34.604537],[150.078048,-34.603621],[150.077877,-34.604498],[150.077854,-34.604616],[150.077835,-34.60486],[150.077621,-34.604746],[150.077478,-34.604716],[150.077206,-34.604544],[150.074945,-34.603466],[150.074665,-34.603377],[150.074096,-34.603321],[150.073816,-34.603247],[150.073696,-34.603177],[150.073656,-34.603376],[150.073554,-34.603882],[150.067269,-34.603031],[150.06697,-34.60299],[150.066471,-34.602923],[150.066254,-34.602894],[150.06608,-34.603712],[150.064136,-34.612845],[150.064075,-34.613129],[150.064047,-34.613262],[150.063942,-34.613751],[150.063435,-34.616134],[150.06155,-34.616291],[150.060176,-34.616563],[150.058658,-34.617141],[150.05824,-34.61721],[150.057468,-34.615645],[150.057271,-34.615243],[150.057218,-34.615136],[150.057087,-34.61487],[150.057043,-34.61478],[150.05696,-34.614613],[150.056878,-34.614446],[150.054915,-34.610462],[150.05482,-34.61027],[150.054666,-34.61025],[150.053549,-34.610103],[150.051636,-34.609851],[150.051419,-34.609823],[150.051145,-34.611193],[150.049928,-34.617269],[150.049834,-34.61774],[150.049804,-34.617888],[150.049782,-34.618002],[150.049742,-34.618197],[150.049688,-34.618469],[150.049666,-34.618566],[150.049645,-34.618663],[150.049456,-34.618621],[150.048871,-34.618546],[150.048644,-34.618517],[150.048135,-34.618452],[150.048093,-34.618447],[150.047975,-34.618447],[150.04794,-34.618611],[150.047915,-34.61873],[150.047599,-34.620233],[150.044245,-34.619818],[150.044247,-34.619802],[150.044302,-34.619497],[150.044329,-34.619348],[150.044376,-34.619087],[150.044409,-34.618901],[150.044412,-34.618882],[150.044668,-34.617461],[150.044708,-34.61724],[150.044693,-34.61724],[150.044324,-34.617277],[150.042887,-34.617288],[150.041957,-34.617404],[150.040776,-34.617449],[150.040161,-34.617508],[150.039882,-34.617519],[150.038693,-34.617417],[150.037808,-34.617229],[150.036885,-34.616858],[150.036318,-34.616825],[150.036026,-34.61691],[150.035747,-34.616921],[150.034657,-34.616858],[150.034064,-34.616844],[150.032067,-34.616611],[150.031468,-34.616504],[150.0306,-34.616483],[150.029995,-34.616606],[150.029077,-34.617043],[150.027493,-34.618037],[150.026029,-34.618757],[150.025155,-34.619206],[150.024859,-34.619311],[150.022854,-34.619603],[150.021321,-34.619777],[150.021021,-34.619779],[150.020741,-34.6198],[150.020168,-34.619924],[150.019894,-34.619807],[150.019,-34.61987],[150.018122,-34.61981],[150.017244,-34.619761],[150.016635,-34.619653],[150.01636,-34.619545],[150.016083,-34.619493],[150.014091,-34.618827],[150.013803,-34.618774],[150.013233,-34.618807],[150.012843,-34.618824],[150.012277,-34.618788],[150.011906,-34.618764],[150.011001,-34.618825],[150.009536,-34.618669],[150.009257,-34.61869],[150.008695,-34.618814],[150.008403,-34.618891],[150.00694,-34.619601],[150.0055,-34.620588],[150.00529,-34.62084],[150.004877,-34.621502],[150.004748,-34.621987],[150.004822,-34.622726],[150.004742,-34.62322],[150.004739,-34.623245],[150.004721,-34.623368],[150.004718,-34.623394],[150.00471,-34.623445],[150.004692,-34.623621],[150.004687,-34.623684],[150.004684,-34.623705],[150.00468,-34.623748],[150.004668,-34.623836],[150.004654,-34.623998],[150.004648,-34.624079],[150.004644,-34.62416],[150.004642,-34.624238],[150.004642,-34.624316],[150.004644,-34.624472],[150.004644,-34.624631],[150.004646,-34.624793],[150.004643,-34.625025],[150.004643,-34.625094],[150.004641,-34.625163],[150.004637,-34.625232],[150.004629,-34.625301],[150.004607,-34.625406],[150.004577,-34.62551],[150.004539,-34.625613],[150.004496,-34.625713],[150.004449,-34.625811],[150.004371,-34.62596],[150.004327,-34.626032],[150.004279,-34.626098],[150.004223,-34.626156],[150.004156,-34.626207],[150.00408,-34.62625],[150.003999,-34.626286],[150.003915,-34.626315],[150.003832,-34.626336],[150.003735,-34.626348],[150.003636,-34.626347],[150.003535,-34.626338],[150.003435,-34.626323],[150.003336,-34.626306],[150.00321,-34.626279],[150.003085,-34.626244],[150.002962,-34.626203],[150.002839,-34.626158],[150.002577,-34.626057],[150.002506,-34.626028],[150.002438,-34.625997],[150.002373,-34.625961],[150.002288,-34.6259],[150.002208,-34.625829],[150.002133,-34.625753],[150.002058,-34.625675],[150.001982,-34.625601],[150.001686,-34.625327],[150.001587,-34.625238],[150.001485,-34.625151],[150.001426,-34.625102],[150.001306,-34.625006],[150.001184,-34.624913],[150.000525,-34.624591],[149.999324,-34.624058],[149.998417,-34.623433],[149.998165,-34.623289],[149.997974,-34.623132],[149.997742,-34.622942],[149.997236,-34.622687],[149.996776,-34.622528],[149.996025,-34.62235],[149.995884,-34.622345],[149.995732,-34.622322],[149.99531,-34.622305],[149.994674,-34.622339],[149.994255,-34.622403],[149.993635,-34.622579],[149.993069,-34.622753],[149.992451,-34.623001],[149.992165,-34.62315],[149.991753,-34.62332],[149.991419,-34.623433],[149.989653,-34.624581],[149.988352,-34.626248],[149.98706,-34.627376],[149.985827,-34.628346],[149.984738,-34.629822],[149.984703,-34.629905],[149.984211,-34.631041],[149.983186,-34.631419],[149.982242,-34.631304],[149.980677,-34.630975],[149.978533,-34.629683],[149.977832,-34.628804],[149.976882,-34.629008],[149.97403,-34.630222],[149.972965,-34.630443],[149.972541,-34.630363],[149.972146,-34.63011],[149.971399,-34.62938],[149.969648,-34.626372],[149.969263,-34.625437],[149.969153,-34.623824],[149.96902,-34.623433],[149.968881,-34.623153],[149.968723,-34.622904],[149.968482,-34.622676],[149.968327,-34.622415],[149.968193,-34.622252],[149.96807,-34.622135],[149.967515,-34.62168],[149.967215,-34.62149],[149.966909,-34.621347],[149.966437,-34.621184],[149.966133,-34.621139],[149.965832,-34.621139],[149.964775,-34.621232],[149.964323,-34.621372],[149.963739,-34.621673],[149.963605,-34.62176],[149.963338,-34.621955],[149.963013,-34.622326],[149.962866,-34.622571],[149.962751,-34.622936],[149.962655,-34.623433],[149.962806,-34.624686],[149.962618,-34.627179],[149.962653,-34.629139],[149.962882,-34.629863],[149.961403,-34.629677],[149.957345,-34.629207],[149.957044,-34.631042],[149.94944,-34.63015],[149.949081,-34.632027],[149.948957,-34.632623],[149.948634,-34.632201],[149.947376,-34.629838],[149.946386,-34.628215],[149.945462,-34.626662],[149.94459,-34.625104],[149.943759,-34.624253],[149.942637,-34.623886],[149.9414,-34.624124],[149.940515,-34.624978],[149.940273,-34.62531],[149.938195,-34.625041],[149.937632,-34.624969],[149.935843,-34.624736],[149.934915,-34.624618],[149.934135,-34.624515],[149.933419,-34.624426],[149.932615,-34.624322],[149.931783,-34.624216],[149.931387,-34.624164],[149.930531,-34.624056],[149.929654,-34.623944],[149.928587,-34.62381],[149.927674,-34.623691],[149.925836,-34.623459],[149.923953,-34.623195],[149.92199,-34.622918],[149.921093,-34.62279],[149.91703,-34.622231],[149.915594,-34.622035],[149.913188,-34.621705],[149.910527,-34.621313],[149.907223,-34.620828],[149.906204,-34.620676],[149.904833,-34.620474],[149.904609,-34.620443],[149.896544,-34.619348],[149.895405,-34.625068],[149.885995,-34.623835],[149.884328,-34.632489],[149.882094,-34.632207],[149.88309,-34.627025],[149.883137,-34.626785],[149.883781,-34.623434],[149.884195,-34.62125],[149.883155,-34.621111],[149.882685,-34.621026],[149.8821,-34.620938],[149.88165,-34.620841],[149.88061,-34.620605],[149.880188,-34.620557],[149.880047,-34.620517],[149.87973,-34.620467],[149.879449,-34.620444],[149.878975,-34.620383],[149.878675,-34.620318],[149.877859,-34.61999],[149.877342,-34.619713],[149.877198,-34.619601],[149.877056,-34.619546],[149.876432,-34.619214],[149.876162,-34.619041],[149.875842,-34.618837],[149.875571,-34.618597],[149.875461,-34.61847],[149.875295,-34.618199],[149.875149,-34.618043],[149.875099,-34.617874],[149.874808,-34.61751],[149.874289,-34.617042],[149.873975,-34.616704],[149.873862,-34.616591],[149.873439,-34.616266],[149.873014,-34.616061],[149.872585,-34.615931],[149.872025,-34.615806],[149.871735,-34.615627],[149.871493,-34.615402],[149.871055,-34.615104],[149.870771,-34.614947],[149.870471,-34.614719],[149.870324,-34.614652],[149.870179,-34.614622],[149.869749,-34.614539],[149.869025,-34.614307],[149.868885,-34.614277],[149.868601,-34.614272],[149.868458,-34.614298],[149.868322,-34.614413],[149.868297,-34.614529],[149.868301,-34.614642],[149.868356,-34.614753],[149.868529,-34.614985],[149.868748,-34.615216],[149.868946,-34.615489],[149.868978,-34.615611],[149.868935,-34.615839],[149.868827,-34.61602],[149.868636,-34.61627],[149.868357,-34.616625],[149.868109,-34.616862],[149.867691,-34.617141],[149.867276,-34.617358],[149.866869,-34.617529],[149.866645,-34.617595],[149.866384,-34.617671],[149.866208,-34.61766],[149.866068,-34.617664],[149.865699,-34.617615],[149.865261,-34.617596],[149.864965,-34.617646],[149.86487,-34.617707],[149.865964,-34.612151],[149.86168,-34.611555],[149.859961,-34.609223],[149.859981,-34.60619],[149.854179,-34.605504],[149.854114,-34.605553],[149.850369,-34.605116],[149.848437,-34.604602],[149.847986,-34.603329],[149.843793,-34.602812],[149.841778,-34.602475],[149.837622,-34.601929],[149.835555,-34.601693],[149.835556,-34.601539],[149.832987,-34.601185],[149.832362,-34.599465],[149.83054,-34.598412],[149.829869,-34.598535],[149.830198,-34.598628],[149.831777,-34.59968],[149.831696,-34.601376],[149.831496,-34.601768],[149.827614,-34.601038],[149.82406,-34.618624],[149.830218,-34.619466],[149.830071,-34.618986],[149.830022,-34.618856],[149.829949,-34.6185],[149.829953,-34.618121],[149.829976,-34.618004],[149.8301,-34.61776],[149.830303,-34.61726],[149.830311,-34.617131],[149.83037,-34.61701],[149.830401,-34.616853],[149.830478,-34.616732],[149.83051,-34.616604],[149.830637,-34.616354],[149.830845,-34.615842],[149.83085,-34.615707],[149.830927,-34.615317],[149.831009,-34.615061],[149.831163,-34.614818],[149.831285,-34.614696],[149.831426,-34.614596],[149.83157,-34.614555],[149.831714,-34.614544],[149.832005,-34.614597],[149.832151,-34.614661],[149.832299,-34.614755],[149.832592,-34.61486],[149.833028,-34.614924],[149.833794,-34.615123],[149.834244,-34.615352],[149.834382,-34.615423],[149.834969,-34.615679],[149.835273,-34.615851],[149.835578,-34.616053],[149.835872,-34.616195],[149.836143,-34.61645],[149.83629,-34.616537],[149.836412,-34.616653],[149.836715,-34.616818],[149.837164,-34.616987],[149.838233,-34.617336],[149.838688,-34.61743],[149.839287,-34.617498],[149.839431,-34.617487],[149.839574,-34.617431],[149.839714,-34.617316],[149.839832,-34.617067],[149.839806,-34.616821],[149.839699,-34.616338],[149.839649,-34.616205],[149.839609,-34.616093],[149.839542,-34.615975],[149.839033,-34.615352],[149.838861,-34.615087],[149.838654,-34.614584],[149.838623,-34.614466],[149.838619,-34.614331],[149.838596,-34.614197],[149.838732,-34.613955],[149.838828,-34.613833],[149.839137,-34.613639],[149.839431,-34.61352],[149.839575,-34.613487],[149.839863,-34.613473],[149.840081,-34.61349],[149.840366,-34.61355],[149.840661,-34.61366],[149.841411,-34.614125],[149.841794,-34.614466],[149.841987,-34.614696],[149.842387,-34.615271],[149.842514,-34.615385],[149.842659,-34.615477],[149.843089,-34.615649],[149.843818,-34.615786],[149.844121,-34.615844],[149.844261,-34.615865],[149.844832,-34.616013],[149.845122,-34.616057],[149.845689,-34.616108],[149.84613,-34.616051],[149.846329,-34.615999],[149.846466,-34.615992],[149.846745,-34.616023],[149.847027,-34.616029],[149.847871,-34.61596],[149.848281,-34.615889],[149.848973,-34.615837],[149.84967,-34.615869],[149.849812,-34.615863],[149.850085,-34.615816],[149.85036,-34.615688],[149.850486,-34.615568],[149.850521,-34.615451],[149.850536,-34.61506],[149.850439,-34.614703],[149.850135,-34.614217],[149.850053,-34.614098],[149.849936,-34.613984],[149.849502,-34.613659],[149.849358,-34.613541],[149.849141,-34.613299],[149.848943,-34.612941],[149.848832,-34.612822],[149.848681,-34.612705],[149.848539,-34.612648],[149.848419,-34.612622],[149.848273,-34.612589],[149.848018,-34.61236],[149.848056,-34.611965],[149.848124,-34.61185],[149.848248,-34.611733],[149.848386,-34.611663],[149.848525,-34.611619],[149.848668,-34.611605],[149.848949,-34.611617],[149.849091,-34.611662],[149.849375,-34.611845],[149.8495,-34.611955],[149.84964,-34.612049],[149.849918,-34.612159],[149.850338,-34.612206],[149.850616,-34.612213],[149.851455,-34.612315],[149.8516,-34.612349],[149.851742,-34.612397],[149.851759,-34.612405],[149.852041,-34.612529],[149.852326,-34.612624],[149.852464,-34.612646],[149.852609,-34.612639],[149.852892,-34.612541],[149.853305,-34.612225],[149.853537,-34.611986],[149.853671,-34.611879],[149.853805,-34.611784],[149.854077,-34.611693],[149.854493,-34.611595],[149.854783,-34.611578],[149.855086,-34.611637],[149.85536,-34.611723],[149.855783,-34.611904],[149.855926,-34.611945],[149.856207,-34.611955],[149.856671,-34.611847],[149.857101,-34.611826],[149.857244,-34.611867],[149.85739,-34.611964],[149.857528,-34.612078],[149.857586,-34.612192],[149.857629,-34.612422],[149.857624,-34.612799],[149.857545,-34.613046],[149.857463,-34.613193],[149.857362,-34.613311],[149.857209,-34.613445],[149.857004,-34.61358],[149.856881,-34.613817],[149.856852,-34.614057],[149.856977,-34.614297],[149.857158,-34.614526],[149.857451,-34.614988],[149.857581,-34.6151],[149.857721,-34.615145],[149.858154,-34.615263],[149.858467,-34.615412],[149.859227,-34.61564],[149.859368,-34.615666],[149.859805,-34.61567],[149.860121,-34.615706],[149.860189,-34.61572],[149.860131,-34.616033],[149.859285,-34.620617],[149.858781,-34.623434],[149.858608,-34.624357],[149.857938,-34.627939],[149.857272,-34.631506],[149.857239,-34.631685],[149.856389,-34.636229],[149.85537,-34.641677],[149.855028,-34.643461],[149.848117,-34.642584],[149.843783,-34.642034],[149.84157,-34.641753],[149.837997,-34.641255],[149.827556,-34.639675],[149.819989,-34.638517],[149.817195,-34.6532],[149.816912,-34.653162],[149.812104,-34.652548],[149.807909,-34.652012],[149.802938,-34.651425],[149.799775,-34.651051],[149.799311,-34.650996],[149.799094,-34.650971],[149.793149,-34.650146],[149.793505,-34.649262],[149.793678,-34.648076],[149.793756,-34.645452],[149.793915,-34.644987],[149.796295,-34.642406],[149.796517,-34.64177],[149.79655,-34.641678],[149.797604,-34.640128],[149.798035,-34.639111],[149.798777,-34.636963],[149.798956,-34.63526],[149.802461,-34.635729],[149.802985,-34.632739],[149.803688,-34.628728],[149.80428,-34.625351],[149.800625,-34.625282],[149.800353,-34.625247],[149.799479,-34.625134],[149.799377,-34.624944],[149.799231,-34.62486],[149.798758,-34.623434],[149.798684,-34.623032],[149.798685,-34.621745],[149.799484,-34.618188],[149.799513,-34.618099],[149.799541,-34.618012],[149.79974,-34.616398],[149.80485,-34.61709],[149.80492,-34.617099],[149.805014,-34.61764],[149.805094,-34.617988],[149.805527,-34.618514],[149.805667,-34.618684],[149.805809,-34.618833],[149.806372,-34.619232],[149.807069,-34.619557],[149.807208,-34.619601],[149.807484,-34.619651],[149.807644,-34.619647],[149.807818,-34.6197],[149.807977,-34.619678],[149.808415,-34.619753],[149.808693,-34.619869],[149.809276,-34.620196],[149.809418,-34.620316],[149.809513,-34.620437],[149.809601,-34.620662],[149.809616,-34.620775],[149.809597,-34.620889],[149.809491,-34.621118],[149.809416,-34.621336],[149.810192,-34.621006],[149.810618,-34.620978],[149.811348,-34.617259],[149.811227,-34.617243],[149.811896,-34.613837],[149.812606,-34.613919],[149.813847,-34.607893],[149.813204,-34.607807],[149.813741,-34.605102],[149.809584,-34.604185],[149.808086,-34.60277],[149.80804,-34.602824],[149.807613,-34.603175],[149.806716,-34.603715],[149.805148,-34.604024],[149.805192,-34.604864],[149.80439,-34.605033],[149.803505,-34.605233],[149.802542,-34.60552],[149.802268,-34.605536],[149.801248,-34.605503],[149.800835,-34.605446],[149.800243,-34.605327],[149.799466,-34.605355],[149.79918,-34.60538],[149.799043,-34.605364],[149.798741,-34.605248],[149.798112,-34.604922],[149.797868,-34.604805],[149.79759,-34.604688],[149.797404,-34.604617],[149.796992,-34.604598],[149.796696,-34.604652],[149.796256,-34.604813],[149.795559,-34.605198],[149.795232,-34.605338],[149.795097,-34.605398],[149.794824,-34.605461],[149.794411,-34.605414],[149.794272,-34.60537],[149.79357,-34.604922],[149.793464,-34.604811],[149.793183,-34.604638],[149.792772,-34.604316],[149.792492,-34.604152],[149.791797,-34.603875],[149.79152,-34.603825],[149.791241,-34.603831],[149.790828,-34.603784],[149.790554,-34.60379],[149.790416,-34.603774],[149.789835,-34.603844],[149.789698,-34.603876],[149.789155,-34.604049],[149.78858,-34.604299],[149.788173,-34.60444],[149.787903,-34.604579],[149.787631,-34.60467],[149.78668,-34.604966],[149.785731,-34.605338],[149.785401,-34.605374],[149.784708,-34.605513],[149.784572,-34.605563],[149.784168,-34.60579],[149.784034,-34.605897],[149.783923,-34.606013],[149.783789,-34.606101],[149.783367,-34.60613],[149.783055,-34.606052],[149.782776,-34.605926],[149.782356,-34.605661],[149.782238,-34.60555],[149.782172,-34.605438],[149.781924,-34.605207],[149.781852,-34.605096],[149.781837,-34.604982],[149.781867,-34.604868],[149.781901,-34.604499],[149.781918,-34.604157],[149.782005,-34.603805],[149.78218,-34.603331],[149.782513,-34.602365],[149.782606,-34.602018],[149.78263,-34.601672],[149.782601,-34.601493],[149.782524,-34.60124],[149.782334,-34.601017],[149.782056,-34.600929],[149.781919,-34.600922],[149.781647,-34.601023],[149.781245,-34.601307],[149.780706,-34.601612],[149.780169,-34.601974],[149.780091,-34.602042],[149.779749,-34.6024],[149.77948,-34.602596],[149.77921,-34.602725],[149.779074,-34.602766],[149.777843,-34.602898],[149.777182,-34.60297],[149.776186,-34.602945],[149.776047,-34.60291],[149.775772,-34.602879],[149.775633,-34.602835],[149.775219,-34.602759],[149.774944,-34.602756],[149.774807,-34.602778],[149.774388,-34.60291],[149.773983,-34.603118],[149.773702,-34.60333],[149.772936,-34.604033],[149.772792,-34.604106],[149.77251,-34.604158],[149.771951,-34.604107],[149.771668,-34.604123],[149.771377,-34.604129],[149.771088,-34.604112],[149.770806,-34.604064],[149.770666,-34.603998],[149.770582,-34.603885],[149.770545,-34.603766],[149.770538,-34.603652],[149.770567,-34.603422],[149.770538,-34.603191],[149.770188,-34.60265],[149.769856,-34.602317],[149.769453,-34.601863],[149.769052,-34.601522],[149.768608,-34.601239],[149.768177,-34.601002],[149.767899,-34.600905],[149.767346,-34.600775],[149.766928,-34.600605],[149.766502,-34.600501],[149.765946,-34.600306],[149.765887,-34.600269],[149.765747,-34.600187],[149.765206,-34.599736],[149.764384,-34.599102],[149.763873,-34.598527],[149.763649,-34.598305],[149.763379,-34.598103],[149.762826,-34.597983],[149.762364,-34.597852],[149.761757,-34.597837],[149.761482,-34.597824],[149.761344,-34.59779],[149.761034,-34.597759],[149.760465,-34.597507],[149.760438,-34.597394],[149.76048,-34.59727],[149.760609,-34.59704],[149.760749,-34.596962],[149.760862,-34.596687],[149.76086,-34.596513],[149.76086,-34.596455],[149.760757,-34.596225],[149.760682,-34.596137],[149.760637,-34.59616],[149.760476,-34.59655],[149.76045,-34.596659],[149.760372,-34.596815],[149.760232,-34.596972],[149.760043,-34.597176],[149.75986,-34.597428],[149.759789,-34.597735],[149.759782,-34.597808],[149.759784,-34.597992],[149.759654,-34.598624],[149.759207,-34.598858],[149.759068,-34.598732],[149.758862,-34.598565],[149.758622,-34.598451],[149.758363,-34.598376],[149.758316,-34.598373],[149.758466,-34.597618],[149.751725,-34.596673],[149.752332,-34.593638],[149.74889,-34.593173],[149.749529,-34.590025],[149.748386,-34.589855],[149.749277,-34.585383],[149.75221,-34.585811],[149.752247,-34.585618],[149.756106,-34.586158],[149.755891,-34.585948],[149.755648,-34.5855],[149.75548,-34.585276],[149.755404,-34.585042],[149.755034,-34.584236],[149.755004,-34.58401],[149.755065,-34.583782],[149.755187,-34.583665],[149.755286,-34.58355],[149.755724,-34.583313],[149.756006,-34.583183],[149.756162,-34.583066],[149.756431,-34.582909],[149.756494,-34.582857],[149.759136,-34.583211],[149.759785,-34.579887],[149.753974,-34.579117],[149.754199,-34.579018],[149.754369,-34.578977],[149.754538,-34.578897],[149.754841,-34.57873],[149.754974,-34.578613],[149.755161,-34.578382],[149.755199,-34.578154],[149.755059,-34.577353],[149.755012,-34.576995],[149.754947,-34.57675],[149.754779,-34.576517],[149.754717,-34.576462],[149.761374,-34.577387],[149.761389,-34.57731],[149.756725,-34.569223],[149.753675,-34.5688],[149.752835,-34.572837],[149.750965,-34.572612],[149.750738,-34.572589],[149.750656,-34.572564],[149.750572,-34.572544],[149.750486,-34.572525],[149.750402,-34.572503],[149.74996,-34.572368],[149.749821,-34.572332],[149.749775,-34.572318],[149.749731,-34.572301],[149.749673,-34.572272],[149.749619,-34.572238],[149.749511,-34.572164],[149.749457,-34.572129],[149.74939,-34.572092],[149.749253,-34.572023],[149.749187,-34.571986],[149.749124,-34.571943],[149.749055,-34.571884],[149.74899,-34.571819],[149.748929,-34.57175],[149.74887,-34.571678],[149.74881,-34.571608],[149.748717,-34.571512],[149.748672,-34.571463],[149.748632,-34.571412],[149.748603,-34.571357],[149.748587,-34.571281],[149.748589,-34.571198],[149.748601,-34.571111],[149.748615,-34.571023],[149.748624,-34.570937],[149.748642,-34.570589],[149.748645,-34.570507],[149.748648,-34.570344],[149.748653,-34.570263],[149.748663,-34.57019],[149.742699,-34.569366],[149.74312,-34.567186],[149.742904,-34.567157],[149.740342,-34.566825],[149.737275,-34.567099],[149.737,-34.567121],[149.735722,-34.568825],[149.735608,-34.569913],[149.72337,-34.568247],[149.722975,-34.570266],[149.718671,-34.569702],[149.718652,-34.569678],[149.720048,-34.562521],[149.724159,-34.563079],[149.724554,-34.561064],[149.725194,-34.561149],[149.726021,-34.556946],[149.730897,-34.557613],[149.73175,-34.553307],[149.709393,-34.550294],[149.709177,-34.550266],[149.709226,-34.550012],[149.69959,-34.548699],[149.698853,-34.552248],[149.698818,-34.552427],[149.699711,-34.552548],[149.698986,-34.556147],[149.698597,-34.558716],[149.697639,-34.563399],[149.685919,-34.561743],[149.68646,-34.559147],[149.678848,-34.558153],[149.678812,-34.558325],[149.678756,-34.558588],[149.669205,-34.557296],[149.666872,-34.55698],[149.666742,-34.557506],[149.666697,-34.557691],[149.666659,-34.557694],[149.666501,-34.557706],[149.666341,-34.557717],[149.662671,-34.55799],[149.660019,-34.556668],[149.659652,-34.558446],[149.660748,-34.558604],[149.655421,-34.585867],[149.647479,-34.584963],[149.646246,-34.591203],[149.645921,-34.592746],[149.637022,-34.591515],[149.635798,-34.597619],[149.635187,-34.602632],[149.634125,-34.60339],[149.633537,-34.606201],[149.628387,-34.605485],[149.628426,-34.605673],[149.62854,-34.607359],[149.628583,-34.607993],[149.626506,-34.611462],[149.626942,-34.614878],[149.626408,-34.615572],[149.626055,-34.615809],[149.625926,-34.615894],[149.625823,-34.61596],[149.625312,-34.616302],[149.625212,-34.616979],[149.622309,-34.620513],[149.622357,-34.620674],[149.622443,-34.621041],[149.623411,-34.623813],[149.62346,-34.62395],[149.619658,-34.626436],[149.619419,-34.626593],[149.619686,-34.628179],[149.620997,-34.628353],[149.621305,-34.628393],[149.621245,-34.628707],[149.620873,-34.630627],[149.620454,-34.632592],[149.620073,-34.634377],[149.619723,-34.636208],[149.619089,-34.639442],[149.618508,-34.63985],[149.618021,-34.641554],[149.618395,-34.642365],[149.618056,-34.644725],[149.612801,-34.644031],[149.605307,-34.64304],[149.605916,-34.639471],[149.60531,-34.638953],[149.604474,-34.637162],[149.602565,-34.633791],[149.602973,-34.632346],[149.603768,-34.629523],[149.597109,-34.62859],[149.597141,-34.628411],[149.592746,-34.627963],[149.591641,-34.627376],[149.59112,-34.627655],[149.590741,-34.627495],[149.590049,-34.627205],[149.589059,-34.627271],[149.588188,-34.628499],[149.586898,-34.62885],[149.586622,-34.62882],[149.585437,-34.628828],[149.585567,-34.628093],[149.585598,-34.627913],[149.585618,-34.627806],[149.587119,-34.619607],[149.588338,-34.613099],[149.583921,-34.612462],[149.583456,-34.612401],[149.574568,-34.611274],[149.570104,-34.6107],[149.570859,-34.607712],[149.567989,-34.607341],[149.557282,-34.604572],[149.557194,-34.604548],[149.557179,-34.604807],[149.557146,-34.605246],[149.557004,-34.60575],[149.556874,-34.606066],[149.556561,-34.606328],[149.55605,-34.606565],[149.555701,-34.606746],[149.555488,-34.607025],[149.555526,-34.607342],[149.557177,-34.608728],[149.557497,-34.608895],[149.557676,-34.609031],[149.558004,-34.609303],[149.558242,-34.609626],[149.558248,-34.610045],[149.557668,-34.610678],[149.556459,-34.61133],[149.555646,-34.611992],[149.555428,-34.612305],[149.55518,-34.612941],[149.555108,-34.613839],[149.554775,-34.614559],[149.554717,-34.615147],[149.554651,-34.616796],[149.554516,-34.617146],[149.554143,-34.618093],[149.553962,-34.618834],[149.553775,-34.619396],[149.553092,-34.619916],[149.552534,-34.620145],[149.551947,-34.62021],[149.550962,-34.619797],[149.550511,-34.619547],[149.550139,-34.619559],[149.549627,-34.620167],[149.549695,-34.62125],[149.549575,-34.621893],[149.549217,-34.622382],[149.549062,-34.622696],[149.549026,-34.622787],[149.549001,-34.622844],[149.54897,-34.622911],[149.548941,-34.62298],[149.548929,-34.623015],[149.548909,-34.623087],[149.548882,-34.623196],[149.548872,-34.623232],[149.548863,-34.623269],[149.548857,-34.623306],[149.548854,-34.623342],[149.548855,-34.623371],[149.548858,-34.623401],[149.548864,-34.623437],[149.548883,-34.623526],[149.548905,-34.623602],[149.548933,-34.623675],[149.54895,-34.623713],[149.548969,-34.62375],[149.549011,-34.623822],[149.549083,-34.623937],[149.549162,-34.624054],[149.549214,-34.624138],[149.549228,-34.624158],[149.549251,-34.624187],[149.549268,-34.624205],[149.54932,-34.624317],[149.549367,-34.624398],[149.549394,-34.624467],[149.549421,-34.624541],[149.549448,-34.624622],[149.549454,-34.624702],[149.549447,-34.624782],[149.549425,-34.62485],[149.549397,-34.624925],[149.549347,-34.62501],[149.549312,-34.625079],[149.549256,-34.62517],[149.549206,-34.625261],[149.549157,-34.625341],[149.549115,-34.625415],[149.549038,-34.625535],[149.548954,-34.625609],[149.54887,-34.625654],[149.548787,-34.625676],[149.54869,-34.625693],[149.548586,-34.625704],[149.548475,-34.625703],[149.548392,-34.625697],[149.548302,-34.625685],[149.548212,-34.625678],[149.548101,-34.625672],[149.548018,-34.625666],[149.547818,-34.625664],[149.547603,-34.625663],[149.547173,-34.625683],[149.54707,-34.625682],[149.546959,-34.625687],[149.546869,-34.625693],[149.546765,-34.625698],[149.546668,-34.625697],[149.546481,-34.625707],[149.546301,-34.625729],[149.546162,-34.625751],[149.546079,-34.625773],[149.545981,-34.625801],[149.54587,-34.625841],[149.54578,-34.62588],[149.545591,-34.626045],[149.545514,-34.626119],[149.545451,-34.626204],[149.545395,-34.62629],[149.545324,-34.626427],[149.545268,-34.626501],[149.545212,-34.626586],[149.545156,-34.626666],[149.545086,-34.626757],[149.545016,-34.626837],[149.544932,-34.626911],[149.544848,-34.626973],[149.544758,-34.627013],[149.544674,-34.627046],[149.54457,-34.62708],[149.544487,-34.627102],[149.544397,-34.627113],[149.544314,-34.627113],[149.544141,-34.627089],[149.544058,-34.627071],[149.543857,-34.627047],[149.543664,-34.627011],[149.543539,-34.626982],[149.543456,-34.62697],[149.543346,-34.626958],[149.543249,-34.62694],[149.543131,-34.626922],[149.543007,-34.626892],[149.54291,-34.626875],[149.5428,-34.626845],[149.54271,-34.626828],[149.542606,-34.626798],[149.542496,-34.626775],[149.542399,-34.626745],[149.542288,-34.626722],[149.542185,-34.626692],[149.541978,-34.626634],[149.541881,-34.62661],[149.541695,-34.626558],[149.541605,-34.626528],[149.541515,-34.626493],[149.541267,-34.626412],[149.541177,-34.6264],[149.541046,-34.626364],[149.54088,-34.626329],[149.540755,-34.6263],[149.540659,-34.626276],[149.540562,-34.626264],[149.540458,-34.626246],[149.540361,-34.626228],[149.540071,-34.626158],[149.539954,-34.626105],[149.539844,-34.626036],[149.539769,-34.625967],[149.5397,-34.625886],[149.539652,-34.625817],[149.53957,-34.625702],[149.539523,-34.625627],[149.539454,-34.625541],[149.5394,-34.625455],[149.539338,-34.625363],[149.53927,-34.625288],[149.539194,-34.625202],[149.539098,-34.625115],[149.538995,-34.625034],[149.538906,-34.624982],[149.538809,-34.624947],[149.538726,-34.62493],[149.538616,-34.624912],[149.538533,-34.624905],[149.538415,-34.624905],[149.538221,-34.624915],[149.53811,-34.624937],[149.538006,-34.624965],[149.537915,-34.624999],[149.537804,-34.625067],[149.53772,-34.625129],[149.537643,-34.625203],[149.537573,-34.625283],[149.537531,-34.625368],[149.537509,-34.625437],[149.537488,-34.625511],[149.537473,-34.625585],[149.537458,-34.625711],[149.537451,-34.625791],[149.537443,-34.625866],[149.537441,-34.626032],[149.537448,-34.6261],[149.537454,-34.626186],[149.537479,-34.626393],[149.537492,-34.626468],[149.537505,-34.626547],[149.537525,-34.626651],[149.537538,-34.626731],[149.537558,-34.626828],[149.537571,-34.626914],[149.537591,-34.627017],[149.537617,-34.627115],[149.537644,-34.627201],[149.537657,-34.627275],[149.537677,-34.62735],[149.537698,-34.627419],[149.537718,-34.627493],[149.537731,-34.627562],[149.537751,-34.627654],[149.537777,-34.627791],[149.537783,-34.627872],[149.537796,-34.62794],[149.537809,-34.628026],[149.537822,-34.628101],[149.537836,-34.62817],[149.537842,-34.628256],[149.537847,-34.628364],[149.537854,-34.628433],[149.537852,-34.628639],[149.537844,-34.628731],[149.537829,-34.628845],[149.537821,-34.628937],[149.537806,-34.629034],[149.537777,-34.62916],[149.537742,-34.629257],[149.537685,-34.629405],[149.537642,-34.629496],[149.5376,-34.629582],[149.537537,-34.62969],[149.537467,-34.62977],[149.537376,-34.629844],[149.537285,-34.629912],[149.537202,-34.629957],[149.537104,-34.629985],[149.537,-34.630002],[149.536834,-34.630024],[149.536661,-34.630045],[149.536577,-34.630045],[149.536494,-34.630044],[149.536397,-34.630049],[149.536314,-34.630049],[149.536224,-34.630042],[149.536031,-34.63003],[149.535948,-34.630018],[149.535774,-34.630011],[149.535553,-34.630009],[149.535449,-34.629997],[149.535283,-34.629996],[149.535137,-34.630001],[149.535048,-34.630006],[149.534964,-34.630023],[149.534868,-34.630039],[149.534763,-34.630084],[149.534672,-34.630118],[149.534562,-34.630192],[149.534477,-34.630277],[149.534414,-34.630368],[149.534371,-34.630448],[149.534322,-34.630528],[149.53428,-34.630608],[149.534251,-34.630676],[149.534188,-34.630779],[149.534139,-34.630887],[149.534089,-34.630973],[149.534046,-34.631087],[149.534032,-34.631156],[149.534031,-34.63123],[149.534037,-34.63131],[149.534044,-34.631379],[149.53407,-34.631465],[149.534104,-34.631551],[149.534152,-34.631643],[149.53424,-34.631815],[149.534308,-34.63193],[149.534364,-34.632028],[149.534418,-34.632109],[149.534451,-34.632178],[149.534499,-34.632264],[149.534533,-34.632333],[149.534553,-34.632401],[149.53458,-34.632476],[149.534613,-34.632579],[149.534634,-34.632654],[149.534653,-34.632757],[149.534688,-34.632837],[149.534747,-34.633061],[149.53476,-34.633147],[149.53478,-34.633239],[149.534793,-34.633308],[149.534814,-34.633382],[149.534826,-34.633457],[149.534846,-34.633537],[149.534851,-34.633714],[149.534844,-34.633783],[149.534829,-34.633875],[149.534785,-34.634132],[149.534763,-34.6342],[149.534729,-34.634275],[149.534672,-34.634366],[149.534589,-34.634445],[149.534497,-34.634508],[149.534414,-34.634547],[149.53433,-34.634593],[149.53424,-34.634644],[149.534149,-34.634677],[149.534052,-34.634722],[149.533851,-34.634796],[149.533753,-34.634835],[149.533649,-34.634909],[149.533424,-34.635142],[149.533354,-34.635233],[149.533271,-34.635307],[149.533194,-34.635381],[149.533104,-34.635455],[149.532984,-34.635545],[149.532893,-34.635608],[149.532803,-34.635687],[149.532719,-34.635756],[149.532621,-34.635824],[149.532538,-34.635875],[149.532426,-34.635954],[149.532335,-34.636011],[149.532252,-34.636067],[149.532147,-34.63613],[149.53198,-34.636197],[149.531898,-34.636237],[149.531724,-34.636299],[149.53164,-34.636327],[149.531557,-34.636349],[149.531459,-34.636377],[149.531355,-34.636399],[149.531251,-34.63641],[149.531169,-34.636404],[149.531079,-34.636374],[149.530976,-34.636316],[149.530879,-34.636241],[149.53081,-34.636161],[149.530764,-34.636086],[149.530716,-34.636],[149.530675,-34.635914],[149.530654,-34.635816],[149.530656,-34.635748],[149.530684,-34.635656],[149.53072,-34.635588],[149.530755,-34.635514],[149.530776,-34.635439],[149.530797,-34.635371],[149.530798,-34.635296],[149.530785,-34.635216],[149.530758,-34.635147],[149.530703,-34.635072],[149.5306,-34.635014],[149.53051,-34.635008],[149.530427,-34.635008],[149.530234,-34.635018],[149.530087,-34.635045],[149.529997,-34.635051],[149.529901,-34.635056],[149.529783,-34.635061],[149.529699,-34.63506],[149.529609,-34.635054],[149.529514,-34.635036],[149.529326,-34.634995],[149.529244,-34.634965],[149.529141,-34.63493],[149.529051,-34.634895],[149.528961,-34.634849],[149.528871,-34.634785],[149.528762,-34.634705],[149.528583,-34.634577],[149.528479,-34.634508],[149.528376,-34.634444],[149.528286,-34.634409],[149.528196,-34.634386],[149.528157,-34.634378],[149.528115,-34.634368],[149.528017,-34.63435],[149.527927,-34.634344],[149.527803,-34.634338],[149.527623,-34.634325],[149.527518,-34.634324],[149.527345,-34.634346],[149.527263,-34.634368],[149.527171,-34.634396],[149.527089,-34.634424],[149.527004,-34.63447],[149.526922,-34.634549],[149.526886,-34.634635],[149.526872,-34.634703],[149.52687,-34.634772],[149.526897,-34.634864],[149.526931,-34.634944],[149.526999,-34.635031],[149.527061,-34.6351],[149.527137,-34.635169],[149.527281,-34.635273],[149.527377,-34.635325],[149.527467,-34.635366],[149.52757,-34.635401],[149.52768,-34.635453],[149.527797,-34.635505],[149.527929,-34.635569],[149.528019,-34.635616],[149.528115,-34.635662],[149.528205,-34.63572],[149.5283,-34.635778],[149.528398,-34.63583],[149.528487,-34.635871],[149.528577,-34.635911],[149.528673,-34.635958],[149.528769,-34.635998],[149.528872,-34.636074],[149.528934,-34.636154],[149.528961,-34.636252],[149.528974,-34.636355],[149.528973,-34.636429],[149.528957,-34.636589],[149.528929,-34.636686],[149.528885,-34.636824],[149.528871,-34.636898],[149.528843,-34.637001],[149.528827,-34.637069],[149.528807,-34.637167],[149.528785,-34.637247],[149.528755,-34.637338],[149.528721,-34.637424],[149.528686,-34.637503],[149.52867,-34.637578],[149.528642,-34.637675],[149.528614,-34.637778],[149.528562,-34.637955],[149.528542,-34.638041],[149.528506,-34.638138],[149.528476,-34.638235],[149.528456,-34.638321],[149.528426,-34.638406],[149.528412,-34.638492],[149.528404,-34.638561],[149.528397,-34.638647],[149.528389,-34.638715],[149.528381,-34.638795],[149.528388,-34.638864],[149.528386,-34.638973],[149.528371,-34.639144],[149.52837,-34.63923],[149.528363,-34.639299],[149.528354,-34.639368],[149.528334,-34.639459],[149.528298,-34.639573],[149.528276,-34.639648],[149.528191,-34.63983],[149.528148,-34.639904],[149.528015,-34.640121],[149.527945,-34.640195],[149.52786,-34.64028],[149.527791,-34.640366],[149.52772,-34.64044],[149.527651,-34.640519],[149.52756,-34.640599],[149.52747,-34.640673],[149.527372,-34.640752],[149.527281,-34.640786],[149.527176,-34.640808],[149.52708,-34.640813],[149.526908,-34.640778],[149.526783,-34.640725],[149.52668,-34.640673],[149.526584,-34.640598],[149.526501,-34.640512],[149.526426,-34.640414],[149.526365,-34.640339],[149.526296,-34.640247],[149.526215,-34.640126],[149.526153,-34.64004],[149.526091,-34.639971],[149.52592,-34.639815],[149.52583,-34.639752],[149.525734,-34.639694],[149.525637,-34.639659],[149.525533,-34.639664],[149.525443,-34.639686],[149.525353,-34.639714],[149.525262,-34.639799],[149.525199,-34.639873],[149.525122,-34.639982],[149.525052,-34.640078],[149.524988,-34.640164],[149.524917,-34.640249],[149.524848,-34.64034],[149.524785,-34.640414],[149.524708,-34.640494],[149.52461,-34.640591],[149.524525,-34.640682],[149.524421,-34.640778],[149.524336,-34.640846],[149.52426,-34.640926],[149.524149,-34.641017],[149.524037,-34.641119],[149.523953,-34.641193],[149.523855,-34.641284],[149.523756,-34.641381],[149.523457,-34.641648],[149.523359,-34.641744],[149.523142,-34.641961],[149.523072,-34.642034],[149.523002,-34.642126],[149.522952,-34.6422],[149.522854,-34.642302],[149.522763,-34.64241],[149.522672,-34.642513],[149.522595,-34.642604],[149.52249,-34.642712],[149.522406,-34.642791],[149.522336,-34.642865],[149.522105,-34.643139],[149.522,-34.643195],[149.521923,-34.643281],[149.521734,-34.64348],[149.521643,-34.643582],[149.521566,-34.643679],[149.521482,-34.643793],[149.521398,-34.64389],[149.521314,-34.644009],[149.521201,-34.644129],[149.521103,-34.644243],[149.521033,-34.644328],[149.520935,-34.644442],[149.520865,-34.644527],[149.520781,-34.64463],[149.520725,-34.644704],[149.520557,-34.644891],[149.520487,-34.644965],[149.520409,-34.645062],[149.520353,-34.645136],[149.520297,-34.645222],[149.520233,-34.645342],[149.520177,-34.645433],[149.520149,-34.645507],[149.520113,-34.645581],[149.520092,-34.645673],[149.520077,-34.645753],[149.52009,-34.64585],[149.52011,-34.645919],[149.520144,-34.645994],[149.520198,-34.646074],[149.520274,-34.646155],[149.520363,-34.646224],[149.520452,-34.646282],[149.520556,-34.646346],[149.520645,-34.646392],[149.520742,-34.646438],[149.520838,-34.646485],[149.521031,-34.646589],[149.521134,-34.646659],[149.521237,-34.646734],[149.521498,-34.646953],[149.521588,-34.647034],[149.521663,-34.647109],[149.521752,-34.647201],[149.521849,-34.64727],[149.521931,-34.647339],[149.522048,-34.647432],[149.522137,-34.647495],[149.52222,-34.647565],[149.522288,-34.64764],[149.522411,-34.647795],[149.522459,-34.647893],[149.522492,-34.647973],[149.522526,-34.648065],[149.52256,-34.648145],[149.52258,-34.648214],[149.522627,-34.648386],[149.522654,-34.648472],[149.522687,-34.648581],[149.522721,-34.648656],[149.522748,-34.648736],[149.522775,-34.648805],[149.522823,-34.648891],[149.522877,-34.649017],[149.522918,-34.649086],[149.522945,-34.649155],[149.522985,-34.649247],[149.523019,-34.649316],[149.523108,-34.649465],[149.523155,-34.64954],[149.523203,-34.649626],[149.523244,-34.649695],[149.523312,-34.64977],[149.523477,-34.64992],[149.52358,-34.650001],[149.52367,-34.650076],[149.523786,-34.650163],[149.523869,-34.650249],[149.523937,-34.650318],[149.524006,-34.650393],[149.524067,-34.650462],[149.524163,-34.650554],[149.524239,-34.650635],[149.524314,-34.650716],[149.524355,-34.650785],[149.524389,-34.650865],[149.524409,-34.650945],[149.524422,-34.651031],[149.52442,-34.651174],[149.524399,-34.651272],[149.524377,-34.651346],[149.524355,-34.651432],[149.524334,-34.651506],[149.524284,-34.651649],[149.524256,-34.651723],[149.524185,-34.6519],[149.524163,-34.651997],[149.524126,-34.652169],[149.524112,-34.65226],[149.524104,-34.652329],[149.524096,-34.65242],[149.524081,-34.652506],[149.524074,-34.652575],[149.524059,-34.65266],[149.524058,-34.652735],[149.52405,-34.652838],[149.52405,-34.652907],[149.524034,-34.653061],[149.524013,-34.653153],[149.523977,-34.65325],[149.523942,-34.65333],[149.52392,-34.653398],[149.523864,-34.653484],[149.523794,-34.653563],[149.523689,-34.65366],[149.523591,-34.653734],[149.523368,-34.653847],[149.523257,-34.653886],[149.523139,-34.653925],[149.523042,-34.653965],[149.522944,-34.654004],[149.522847,-34.654049],[149.522756,-34.654089],[149.522548,-34.654167],[149.52245,-34.654201],[149.522339,-34.654235],[149.522235,-34.654286],[149.522131,-34.654319],[149.522047,-34.654359],[149.521936,-34.654404],[149.521831,-34.654455],[149.521727,-34.654511],[149.521643,-34.654562],[149.521539,-34.654636],[149.521434,-34.654733],[149.521357,-34.654812],[149.521287,-34.654898],[149.521223,-34.654983],[149.521167,-34.65508],[149.521111,-34.655171],[149.521082,-34.65524],[149.521054,-34.655325],[149.521011,-34.655428],[149.520983,-34.655508],[149.520961,-34.655594],[149.52094,-34.655662],[149.520925,-34.65576],[149.520903,-34.65584],[149.520895,-34.655937],[149.520894,-34.656017],[149.52092,-34.656183],[149.52094,-34.656263],[149.520981,-34.656384],[149.521008,-34.656459],[149.521048,-34.65655],[149.521089,-34.656625],[149.521151,-34.656706],[149.521219,-34.656792],[149.521301,-34.656878],[149.521404,-34.656959],[149.521522,-34.657012],[149.521611,-34.657041],[149.521715,-34.65707],[149.521805,-34.657082],[149.521909,-34.657094],[149.521999,-34.657106],[149.522088,-34.657124],[149.522171,-34.657153],[149.522261,-34.657177],[149.522427,-34.657212],[149.522524,-34.657253],[149.522627,-34.657311],[149.522702,-34.657392],[149.522764,-34.657478],[149.522798,-34.657564],[149.522838,-34.65769],[149.522851,-34.657782],[149.522857,-34.657851],[149.522854,-34.658154],[149.52286,-34.658223],[149.522859,-34.658309],[149.522852,-34.658394],[149.522829,-34.658606],[149.522814,-34.658698],[149.522792,-34.658783],[149.522771,-34.658858],[149.522749,-34.658949],[149.522713,-34.659046],[149.522685,-34.659126],[149.522656,-34.659195],[149.522614,-34.65928],[149.522585,-34.65936],[149.52255,-34.659434],[149.522522,-34.659508],[149.522479,-34.6596],[149.522458,-34.659686],[149.522436,-34.659766],[149.522421,-34.659846],[149.522421,-34.65992],[149.522413,-34.659989],[149.522411,-34.660143],[149.522417,-34.660229],[149.522424,-34.660298],[149.52245,-34.660435],[149.522489,-34.66067],[149.522495,-34.660739],[149.522509,-34.660808],[149.522529,-34.660888],[149.522575,-34.661123],[149.522581,-34.661215],[149.522594,-34.661301],[149.5226,-34.66137],[149.522613,-34.661444],[149.522619,-34.661519],[149.522639,-34.661616],[149.522659,-34.661702],[149.522686,-34.661782],[149.522706,-34.661863],[149.52274,-34.661949],[149.522759,-34.662029],[149.522793,-34.662121],[149.522827,-34.662195],[149.522875,-34.662287],[149.522915,-34.662379],[149.522956,-34.662454],[149.522997,-34.662534],[149.523044,-34.662621],[149.523099,-34.662712],[149.52314,-34.662787],[149.523187,-34.662868],[149.523242,-34.66296],[149.52331,-34.663052],[149.523365,-34.663121],[149.523495,-34.663288],[149.52355,-34.663362],[149.523659,-34.663518],[149.523693,-34.663598],[149.52372,-34.663667],[149.523747,-34.663759],[149.52376,-34.663839],[149.523773,-34.663913],[149.523779,-34.663982],[149.523792,-34.664062],[149.523804,-34.664217],[149.523803,-34.664395],[149.523808,-34.664492],[149.523793,-34.664646],[149.523778,-34.664789],[149.523735,-34.664938],[149.523685,-34.665023],[149.523608,-34.665097],[149.523525,-34.665154],[149.52342,-34.665205],[149.52333,-34.665233],[149.523108,-34.665266],[149.523025,-34.665265],[149.522922,-34.665304],[149.522819,-34.665312],[149.522695,-34.665317],[149.522587,-34.665271],[149.522506,-34.665216],[149.522409,-34.665198],[149.522305,-34.665157],[149.522202,-34.665105],[149.522092,-34.665053],[149.521995,-34.665018],[149.521905,-34.664983],[149.521705,-34.66489],[149.521595,-34.664843],[149.521464,-34.66478],[149.521305,-34.664716],[149.521195,-34.664675],[149.520974,-34.664587],[149.520864,-34.664552],[149.520739,-34.664517],[149.520608,-34.664493],[149.520359,-34.664457],[149.520269,-34.66444],[149.520186,-34.664416],[149.520055,-34.664381],[149.51993,-34.664351],[149.519709,-34.664304],[149.519612,-34.664286],[149.519509,-34.664274],[149.519405,-34.664256],[149.519211,-34.664255],[149.518996,-34.664277],[149.518885,-34.664304],[149.518794,-34.664344],[149.518704,-34.664389],[149.51862,-34.664434],[149.518523,-34.664502],[149.518439,-34.664582],[149.518354,-34.664684],[149.518291,-34.664764],[149.518235,-34.664838],[149.518179,-34.664941],[149.518115,-34.665043],[149.518059,-34.665123],[149.518017,-34.665197],[149.517954,-34.665277],[149.517897,-34.665363],[149.517827,-34.665454],[149.51775,-34.665551],[149.517687,-34.665642],[149.517616,-34.665739],[149.517546,-34.665813],[149.517469,-34.665898],[149.517378,-34.665995],[149.517294,-34.666068],[149.517217,-34.666148],[149.517105,-34.666245],[149.516903,-34.666375],[149.516792,-34.666414],[149.516688,-34.666448],[149.516569,-34.666493],[149.516458,-34.666532],[149.516368,-34.666549],[149.516271,-34.666571],[149.516153,-34.666599],[149.516056,-34.666615],[149.515965,-34.666621],[149.515911,-34.666627],[149.51575,-34.666642],[149.515647,-34.666647],[149.515557,-34.666641],[149.515474,-34.666629],[149.515239,-34.66657],[149.515128,-34.666546],[149.515025,-34.666494],[149.514921,-34.666413],[149.514825,-34.666321],[149.51475,-34.666229],[149.514682,-34.666137],[149.514613,-34.66605],[149.514552,-34.665964],[149.514504,-34.665884],[149.514443,-34.665786],[149.514382,-34.665671],[149.51432,-34.665573],[149.514184,-34.665389],[149.514122,-34.665297],[149.513849,-34.664952],[149.513766,-34.664865],[149.513691,-34.664779],[149.513629,-34.66471],[149.513554,-34.664618],[149.513465,-34.664531],[149.513376,-34.664439],[149.513293,-34.66437],[149.513204,-34.664283],[149.513094,-34.66418],[149.513012,-34.66411],[149.512902,-34.664029],[149.51282,-34.66396],[149.512703,-34.663885],[149.51262,-34.66381],[149.512531,-34.663758],[149.512407,-34.663665],[149.512276,-34.663596],[149.512186,-34.663561],[149.512103,-34.663532],[149.511993,-34.663497],[149.51191,-34.663467],[149.511827,-34.663444],[149.511703,-34.663403],[149.511572,-34.663356],[149.511482,-34.663327],[149.511365,-34.663286],[149.511268,-34.663263],[149.511164,-34.663228],[149.511081,-34.66321],[149.510999,-34.663187],[149.510909,-34.663174],[149.510798,-34.663151],[149.510521,-34.663115],[149.510341,-34.663096],[149.510058,-34.663054],[149.509885,-34.663042],[149.50976,-34.663029],[149.509629,-34.663011],[149.509511,-34.662999],[149.509193,-34.662945],[149.509075,-34.662916],[149.508951,-34.662892],[149.508757,-34.662862],[149.508647,-34.662844],[149.508536,-34.662815],[149.5083,-34.662735],[149.50826,-34.662721],[149.508122,-34.662669],[149.508012,-34.662622],[149.507922,-34.662582],[149.507812,-34.662529],[149.507708,-34.662477],[149.507605,-34.662431],[149.507495,-34.662373],[149.507398,-34.662315],[149.507309,-34.662268],[149.507219,-34.662211],[149.50713,-34.662153],[149.507006,-34.662066],[149.506917,-34.661974],[149.506835,-34.661893],[149.50678,-34.661818],[149.506677,-34.661669],[149.506637,-34.661588],[149.506596,-34.661514],[149.506569,-34.661433],[149.506535,-34.66133],[149.506516,-34.66125],[149.506476,-34.661043],[149.506456,-34.660957],[149.506443,-34.660883],[149.506437,-34.660786],[149.506438,-34.660717],[149.506446,-34.660631],[149.506475,-34.660482],[149.506496,-34.660408],[149.506532,-34.660305],[149.506575,-34.660214],[149.506617,-34.660134],[149.506673,-34.660043],[149.50675,-34.659958],[149.506848,-34.65989],[149.50705,-34.659776],[149.507141,-34.659737],[149.507238,-34.659686],[149.507419,-34.659613],[149.50753,-34.659556],[149.507739,-34.659472],[149.507823,-34.659432],[149.507906,-34.659399],[149.50799,-34.659359],[149.508198,-34.65928],[149.508296,-34.659241],[149.508393,-34.659207],[149.508476,-34.659179],[149.508581,-34.659134],[149.508692,-34.659078],[149.508776,-34.659032],[149.508867,-34.658964],[149.509111,-34.658766],[149.509146,-34.658691],[149.509301,-34.658521],[149.509336,-34.658429],[149.509358,-34.658344],[149.509379,-34.658258],[149.509394,-34.658189],[149.509409,-34.658041],[149.509411,-34.657903],[149.509405,-34.657829],[149.509398,-34.65776],[149.509372,-34.657674],[149.509345,-34.657599],[149.50929,-34.657502],[149.509256,-34.657427],[149.509202,-34.657352],[149.509147,-34.657272],[149.509072,-34.657174],[149.508983,-34.657099],[149.508893,-34.65703],[149.508783,-34.656966],[149.508659,-34.656908],[149.508569,-34.656873],[149.508466,-34.656849],[149.508369,-34.65682],[149.508238,-34.656785],[149.508141,-34.656761],[149.508051,-34.656743],[149.507961,-34.656714],[149.507685,-34.656632],[149.507568,-34.65658],[149.507458,-34.656527],[149.507347,-34.656464],[149.507258,-34.656406],[149.507141,-34.656336],[149.506734,-34.656128],[149.506638,-34.656064],[149.506535,-34.656006],[149.506438,-34.655937],[149.50626,-34.655815],[149.506163,-34.655746],[149.506067,-34.655671],[149.505964,-34.655601],[149.505875,-34.655532],[149.505758,-34.655445],[149.505634,-34.655347],[149.505449,-34.65518],[149.505367,-34.655093],[149.505174,-34.654932],[149.505064,-34.654845],[149.504975,-34.654782],[149.504892,-34.654712],[149.504775,-34.654649],[149.504658,-34.654573],[149.504362,-34.65444],[149.504258,-34.654405],[149.504162,-34.65437],[149.504058,-34.65434],[149.503948,-34.654311],[149.503851,-34.654293],[149.503761,-34.654275],[149.503643,-34.654257],[149.50356,-34.654251],[149.50347,-34.65425],[149.503373,-34.65425],[149.503283,-34.654255],[149.5032,-34.654266],[149.50311,-34.654271],[149.50302,-34.654282],[149.502923,-34.654287],[149.502798,-34.654297],[149.502694,-34.654302],[149.502576,-34.654319],[149.502486,-34.65433],[149.502396,-34.654352],[149.502305,-34.65438],[149.502215,-34.654414],[149.502131,-34.654442],[149.502041,-34.654475],[149.501959,-34.654538],[149.501847,-34.654586],[149.501762,-34.65461],[149.50169,-34.654623],[149.501589,-34.654627],[149.501499,-34.654643],[149.501416,-34.65466],[149.501332,-34.654671],[149.501191,-34.654693],[149.500969,-34.654743],[149.500458,-34.654918],[149.500032,-34.655162],[149.499923,-34.655281],[149.499721,-34.6555],[149.499458,-34.656044],[149.499283,-34.656515],[149.499253,-34.657031],[149.499338,-34.657529],[149.499489,-34.657993],[149.49964,-34.658578],[149.499886,-34.659245],[149.500032,-34.65985],[149.499992,-34.660275],[149.499746,-34.660732],[149.499322,-34.661296],[149.498843,-34.661832],[149.498414,-34.662314],[149.498081,-34.662525],[149.49788,-34.662721],[149.497897,-34.66296],[149.497905,-34.663233],[149.497748,-34.663607],[149.497542,-34.663863],[149.497012,-34.664472],[149.496616,-34.664894],[149.49648,-34.665267],[149.496433,-34.665894],[149.496262,-34.666126],[149.49593,-34.66655],[149.49567,-34.66689],[149.495404,-34.667584],[149.495332,-34.668034],[149.495383,-34.668698],[149.495675,-34.669369],[149.49573,-34.669761],[149.495914,-34.670356],[149.495951,-34.670864],[149.496167,-34.671591],[149.49663,-34.672147],[149.497599,-34.673094],[149.497953,-34.673421],[149.499432,-34.674533],[149.49979,-34.674736],[149.500249,-34.675091],[149.500904,-34.67553],[149.500965,-34.675564],[149.501191,-34.675679],[149.501258,-34.675711],[149.501485,-34.675854],[149.501587,-34.675966],[149.501661,-34.67603],[149.501899,-34.676305],[149.502021,-34.676452],[149.502122,-34.676673],[149.502422,-34.677026],[149.502441,-34.677222],[149.502405,-34.677472],[149.502364,-34.677645],[149.502428,-34.677864],[149.502525,-34.678083],[149.502669,-34.678323],[149.50284,-34.67853],[149.502998,-34.678728],[149.503231,-34.679012],[149.503365,-34.679174],[149.503529,-34.679339],[149.503659,-34.679467],[149.503802,-34.679572],[149.504214,-34.679761],[149.504302,-34.6798],[149.50437,-34.679821],[149.504468,-34.67983],[149.504558,-34.679842],[149.504641,-34.67986],[149.504738,-34.679872],[149.504828,-34.679861],[149.504918,-34.679862],[149.505098,-34.679851],[149.505361,-34.679859],[149.505452,-34.679848],[149.505826,-34.679828],[149.505916,-34.679817],[149.506117,-34.679784],[149.506284,-34.679762],[149.506381,-34.679746],[149.506464,-34.679729],[149.506582,-34.679701],[149.506673,-34.679696],[149.506777,-34.679674],[149.506881,-34.67964],[149.506964,-34.679618],[149.507055,-34.679601],[149.507152,-34.679585],[149.507242,-34.679574],[149.507332,-34.679569],[149.507429,-34.67957],[149.507526,-34.679565],[149.50781,-34.679566],[149.5079,-34.679573],[149.508004,-34.679579],[149.508281,-34.679581],[149.508385,-34.679587],[149.508572,-34.679617],[149.508683,-34.67963],[149.50878,-34.679647],[149.508869,-34.679665],[149.508966,-34.679689],[149.509118,-34.67973],[149.509222,-34.679759],[149.509305,-34.679788],[149.509394,-34.679829],[149.50956,-34.679893],[149.509643,-34.679911],[149.509733,-34.679934],[149.509829,-34.679969],[149.509912,-34.679993],[149.509995,-34.680022],[149.510085,-34.680063],[149.510174,-34.680109],[149.510278,-34.680161],[149.510374,-34.680202],[149.510492,-34.680249],[149.510768,-34.680331],[149.510851,-34.680354],[149.511017,-34.68039],[149.511107,-34.680402],[149.511287,-34.680414],[149.511488,-34.680416],[149.511585,-34.680405],[149.511668,-34.6804],[149.511758,-34.680406],[149.511855,-34.680401],[149.511952,-34.680407],[149.512042,-34.680414],[149.512139,-34.680414],[149.512222,-34.680403],[149.512313,-34.680375],[149.512396,-34.680359],[149.51248,-34.680331],[149.512577,-34.680291],[149.512661,-34.68024],[149.512777,-34.680201],[149.512872,-34.680156],[149.512953,-34.680114],[149.513023,-34.68006],[149.513113,-34.680014],[149.513211,-34.679975],[149.513308,-34.679941],[149.513391,-34.679919],[149.513475,-34.679891],[149.513579,-34.679869],[149.513663,-34.679841],[149.51376,-34.679813],[149.513947,-34.679762],[149.514058,-34.679757],[149.514294,-34.679788],[149.51439,-34.679817],[149.51448,-34.679835],[149.514576,-34.679864],[149.514667,-34.679893],[149.51475,-34.679917],[149.514846,-34.679952],[149.515026,-34.680016],[149.515122,-34.680057],[149.515201,-34.680131],[149.515289,-34.680174],[149.515383,-34.680226],[149.515474,-34.680281],[149.515555,-34.680342],[149.51565,-34.680417],[149.515749,-34.680467],[149.515797,-34.680536],[149.515837,-34.680622],[149.515885,-34.680709],[149.515905,-34.680795],[149.515903,-34.680955],[149.515896,-34.681024],[149.515888,-34.681115],[149.515866,-34.681195],[149.515845,-34.681264],[149.515823,-34.681349],[149.515801,-34.681424],[149.515766,-34.681521],[149.515723,-34.681623],[149.515681,-34.681715],[149.515645,-34.6818],[149.515596,-34.681903],[149.515532,-34.682011],[149.515483,-34.682103],[149.515433,-34.682194],[149.515391,-34.682268],[149.515362,-34.682342],[149.51532,-34.682434],[149.51527,-34.682531],[149.515221,-34.682622],[149.515158,-34.682713],[149.515108,-34.682799],[149.515073,-34.682873],[149.515038,-34.682941],[149.514974,-34.683095],[149.514931,-34.683181],[149.514889,-34.683261],[149.514818,-34.683426],[149.514782,-34.683506],[149.514747,-34.683575],[149.514606,-34.68382],[149.51457,-34.683951],[149.514562,-34.68402],[149.514548,-34.684089],[149.514561,-34.684163],[149.514581,-34.684232],[149.514594,-34.684335],[149.514593,-34.684404],[149.51466,-34.684645],[149.514694,-34.684725],[149.514762,-34.684863],[149.514795,-34.684966],[149.514857,-34.685058],[149.514904,-34.685133],[149.514945,-34.685202],[149.515028,-34.685277],[149.515131,-34.685352],[149.515227,-34.685416],[149.515324,-34.685474],[149.51542,-34.685514],[149.515517,-34.685549],[149.515614,-34.685579],[149.515703,-34.685614],[149.515793,-34.685648],[149.51589,-34.685689],[149.515973,-34.685713],[149.516083,-34.685719],[149.516169,-34.685745],[149.516253,-34.685764],[149.516373,-34.68575],[149.516471,-34.685722],[149.516735,-34.685706],[149.516825,-34.685707],[149.516915,-34.685702],[149.517012,-34.685702],[149.517109,-34.685709],[149.517206,-34.685709],[149.517296,-34.685704],[149.517379,-34.685705],[149.51758,-34.685718],[149.517774,-34.685719],[149.517885,-34.685731],[149.518224,-34.685796],[149.518321,-34.68582],[149.518411,-34.685838],[149.518507,-34.685861],[149.51859,-34.685885],[149.518784,-34.685932],[149.51897,-34.685985],[149.519074,-34.68602],[149.519171,-34.686049],[149.51926,-34.686084],[149.519543,-34.686189],[149.519626,-34.686218],[149.51973,-34.686259],[149.519833,-34.686311],[149.519923,-34.686352],[149.520026,-34.68641],[149.520123,-34.686485],[149.520205,-34.686514],[149.520295,-34.68656],[149.52037,-34.686641],[149.520411,-34.686727],[149.520431,-34.686819],[149.520451,-34.686899],[149.52046,-34.687042],[149.520463,-34.687117],[149.520475,-34.68726],[149.520474,-34.68734],[149.52048,-34.68742],[149.520493,-34.687569],[149.520506,-34.687655],[149.520526,-34.687735],[149.520546,-34.687804],[149.520559,-34.687879],[149.520593,-34.687953],[149.520675,-34.688034],[149.520733,-34.68813],[149.520847,-34.688144],[149.52093,-34.688173],[149.521013,-34.688185],[149.521103,-34.68822],[149.521192,-34.688284],[149.521268,-34.688359],[149.521281,-34.688427],[149.521301,-34.688502],[149.521293,-34.688616],[149.521292,-34.688702],[149.521284,-34.688777],[149.521284,-34.688857],[149.521283,-34.688931],[149.521267,-34.689091],[149.521237,-34.689366],[149.521229,-34.689457],[149.521215,-34.689526],[149.521179,-34.689612],[149.52115,-34.689703],[149.521129,-34.689772],[149.5211,-34.689852],[149.521072,-34.689937],[149.521036,-34.690023],[149.521001,-34.690091],[149.520973,-34.69016],[149.520937,-34.690234],[149.520909,-34.690314],[149.520873,-34.690382],[149.520824,-34.690497],[149.520788,-34.690577],[149.520739,-34.690656],[149.520676,-34.690742],[149.520563,-34.690901],[149.5205,-34.690981],[149.520444,-34.691067],[149.520394,-34.691146],[149.520338,-34.691238],[149.520289,-34.691312],[149.520253,-34.691392],[149.520218,-34.691466],[149.520196,-34.691534],[149.520168,-34.691614],[149.520167,-34.691683],[149.520208,-34.691758],[149.52029,-34.691827],[149.520366,-34.691896],[149.520406,-34.692005],[149.520399,-34.69208],[149.52037,-34.692154],[149.520328,-34.692239],[149.520208,-34.692399],[149.520152,-34.692479],[149.52011,-34.692553],[149.520074,-34.692627],[149.520017,-34.692787],[149.520003,-34.692867],[149.520009,-34.692941],[149.520001,-34.693016],[149.520007,-34.693084],[149.520055,-34.693165],[149.520117,-34.69324],[149.520209,-34.693329],[149.520309,-34.693371],[149.52041,-34.693396],[149.520525,-34.693437],[149.520635,-34.693463],[149.520822,-34.693504],[149.520917,-34.693521],[149.521004,-34.693533],[149.521092,-34.693539],[149.521176,-34.693547],[149.521284,-34.693559],[149.521384,-34.693567],[149.521561,-34.693578],[149.521738,-34.693568],[149.521823,-34.693566],[149.52191,-34.693558],[149.522006,-34.693547],[149.522092,-34.693545],[149.522187,-34.693538],[149.522273,-34.693536],[149.522365,-34.693542],[149.522465,-34.693532],[149.522562,-34.693517],[149.522655,-34.693499],[149.522762,-34.693476],[149.522846,-34.693463],[149.522952,-34.693443],[149.523075,-34.693426],[149.523161,-34.693424],[149.523247,-34.693419],[149.523341,-34.693415],[149.523457,-34.693392],[149.52354,-34.693401],[149.523623,-34.693392],[149.523724,-34.693396],[149.523832,-34.693403],[149.523927,-34.693402],[149.523954,-34.69326],[149.524045,-34.693266],[149.524136,-34.693258],[149.524237,-34.693223],[149.524332,-34.693198],[149.524422,-34.693193],[149.524524,-34.693173],[149.524688,-34.693126],[149.524784,-34.693111],[149.524866,-34.693106],[149.524962,-34.693095],[149.525052,-34.693073],[149.525147,-34.693047],[149.525229,-34.693021],[149.525313,-34.693004],[149.525405,-34.692975],[149.525515,-34.692935],[149.525597,-34.692908],[149.525773,-34.692884],[149.525881,-34.692857],[149.525963,-34.69283],[149.526075,-34.69278],[149.526187,-34.692757],[149.526276,-34.692735],[149.526362,-34.692712],[149.526451,-34.692696],[149.526534,-34.692684],[149.526638,-34.692677],[149.526736,-34.692677],[149.52682,-34.692682],[149.526945,-34.692693],[149.527193,-34.692729],[149.527284,-34.692745],[149.527377,-34.692769],[149.527472,-34.692804],[149.527572,-34.692853],[149.527679,-34.692914],[149.527769,-34.692973],[149.527847,-34.693047],[149.527913,-34.693123],[149.527945,-34.693195],[149.527963,-34.693271],[149.527974,-34.693339],[149.527958,-34.693439],[149.527943,-34.693511],[149.527908,-34.693618],[149.527875,-34.693775],[149.527847,-34.693852],[149.527815,-34.693925],[149.527769,-34.694002],[149.527714,-34.694079],[149.527662,-34.694149],[149.527599,-34.694224],[149.527563,-34.694296],[149.527479,-34.694351],[149.527395,-34.694388],[149.527308,-34.694439],[149.527226,-34.694483],[149.527121,-34.694577],[149.527038,-34.694632],[149.52695,-34.694704],[149.526865,-34.694787],[149.52672,-34.694868],[149.526635,-34.694912],[149.526538,-34.694965],[149.52645,-34.69498],[149.526359,-34.69501],[149.526265,-34.695049],[149.52615,-34.695092],[149.526059,-34.695121],[149.525966,-34.695178],[149.525875,-34.695228],[149.525781,-34.695292],[149.525692,-34.695368],[149.525639,-34.695441],[149.525612,-34.695511],[149.52558,-34.695601],[149.525556,-34.695678],[149.525554,-34.695769],[149.525567,-34.695849],[149.525574,-34.695916],[149.525578,-34.696001],[149.525579,-34.696079],[149.525584,-34.696157],[149.525616,-34.696312],[149.525634,-34.696389],[149.525686,-34.696551],[149.525727,-34.696638],[149.525775,-34.696718],[149.525846,-34.696785],[149.525894,-34.696862],[149.525944,-34.696929],[149.526015,-34.696995],[149.5261,-34.69706],[149.526212,-34.697137],[149.525816,-34.697212],[149.525838,-34.697335],[149.525877,-34.697439],[149.525913,-34.697511],[149.525945,-34.697582],[149.525975,-34.697664],[149.525994,-34.697737],[149.526022,-34.697804],[149.526051,-34.697953],[149.526084,-34.698042],[149.526108,-34.698133],[149.526123,-34.698223],[149.52615,-34.698399],[149.526165,-34.698472],[149.526171,-34.698609],[149.52617,-34.698715],[149.526173,-34.698785],[149.526198,-34.69887],[149.526226,-34.698941],[149.526271,-34.69901],[149.526315,-34.699083],[149.526343,-34.699154],[149.526376,-34.699222],[149.526389,-34.699305],[149.526417,-34.699375],[149.526441,-34.699484],[149.5265,-34.699633],[149.526525,-34.699718],[149.526557,-34.699807],[149.526586,-34.699874],[149.526651,-34.70001],[149.526679,-34.700081],[149.526714,-34.700163],[149.526737,-34.700233],[149.526778,-34.700306],[149.526807,-34.700391],[149.526814,-34.700459],[149.526811,-34.700535],[149.526826,-34.700625],[149.526854,-34.700696],[149.526866,-34.700765],[149.526893,-34.70086],[149.526933,-34.701098],[149.526969,-34.701191],[149.526987,-34.70127],[149.526997,-34.701342],[149.527047,-34.701412],[149.527062,-34.701481],[149.527068,-34.701556],[149.527086,-34.701636],[149.527091,-34.701711],[149.527106,-34.701783],[149.527119,-34.701866],[149.527139,-34.701953],[149.527158,-34.702026],[149.527176,-34.702102],[149.527235,-34.702251],[149.52725,-34.70232],[149.527269,-34.702414],[149.527302,-34.702503],[149.527351,-34.702577],[149.527362,-34.702645],[149.527378,-34.702714],[149.527387,-34.70279],[149.527401,-34.702869],[149.527411,-34.702944],[149.527415,-34.703127],[149.527414,-34.703198],[149.527428,-34.703291],[149.527443,-34.703406],[149.527458,-34.703478],[149.527478,-34.703548],[149.52749,-34.703634],[149.527507,-34.703713],[149.527536,-34.703819],[149.527575,-34.703899],[149.527607,-34.70397],[149.527656,-34.704062],[149.527706,-34.704132],[149.527757,-34.704213],[149.527815,-34.704281],[149.527881,-34.704354],[149.527969,-34.704426],[149.528063,-34.704482],[149.528148,-34.704547],[149.528206,-34.704615],[149.528307,-34.704664],[149.528395,-34.704712],[149.528489,-34.704732],[149.528577,-34.704738],[149.528665,-34.704747],[149.528747,-34.704759],[149.528831,-34.704767],[149.528934,-34.704785],[149.529019,-34.704784],[149.52912,-34.704791],[149.52921,-34.704807],[149.529384,-34.704853],[149.529467,-34.704865],[149.529551,-34.704888],[149.529617,-34.704961],[149.52964,-34.705034],[149.529672,-34.705105],[149.529677,-34.705183],[149.529628,-34.705257],[149.529591,-34.705333],[149.529534,-34.705423],[149.529476,-34.705517],[149.529388,-34.705592],[149.529322,-34.705663],[149.52927,-34.705751],[149.529217,-34.705821],[149.529169,-34.705891],[149.529115,-34.705964],[149.529066,-34.706059],[149.529018,-34.706144],[149.52896,-34.706241],[149.528911,-34.706332],[149.528861,-34.706409],[149.528808,-34.706479],[149.528729,-34.706573],[149.528632,-34.706651],[149.528528,-34.706681],[149.528438,-34.706725],[149.528354,-34.706779],[149.52828,-34.70685],[149.528213,-34.706928],[149.528177,-34.706997],[149.528154,-34.707071],[149.528109,-34.707159],[149.528086,-34.70723],[149.528012,-34.707321],[149.527985,-34.707412],[149.527983,-34.707506],[149.527992,-34.707585],[149.528006,-34.707657],[149.528019,-34.70774],[149.528034,-34.707809],[149.528053,-34.707885],[149.528104,-34.707967],[149.528152,-34.70804],[149.528227,-34.708111],[149.528327,-34.708185],[149.528412,-34.708225],[149.528516,-34.708279],[149.52861,-34.708299],[149.528694,-34.708325],[149.528802,-34.708383],[149.528914,-34.708437],[149.529087,-34.708547],[149.529176,-34.708608],[149.529275,-34.708668],[149.529378,-34.708729],[149.529459,-34.708807],[149.529526,-34.708876],[149.529583,-34.708948],[149.529659,-34.709015],[149.529738,-34.709089],[149.529804,-34.709176],[149.529842,-34.709262],[149.529879,-34.709331],[149.529914,-34.70941],[149.529958,-34.709483],[149.530055,-34.709592],[149.530139,-34.709639],[149.530209,-34.709733],[149.53028,-34.7098],[149.530379,-34.709856],[149.53047,-34.709893],[149.530575,-34.709901],[149.530657,-34.709895],[149.530747,-34.709891],[149.530834,-34.709921],[149.530926,-34.709958],[149.53103,-34.710005],[149.531137,-34.710042],[149.531313,-34.71006],[149.531408,-34.710073],[149.531497,-34.710075],[149.531599,-34.710097],[149.531697,-34.710139],[149.531795,-34.710178],[149.531894,-34.710216],[149.531998,-34.710267],[149.532111,-34.710339],[149.532198,-34.710393],[149.532391,-34.710509],[149.532484,-34.710575],[149.53258,-34.710603],[149.532685,-34.710635],[149.53278,-34.71067],[149.532888,-34.710742],[149.532989,-34.710788],[149.533095,-34.710838],[149.53318,-34.710896],[149.533295,-34.710979],[149.533396,-34.711046],[149.53349,-34.711105],[149.533547,-34.711135],[149.532441,-34.713189],[149.529658,-34.712179],[149.528366,-34.712122],[149.523146,-34.711665],[149.521869,-34.711613],[149.520222,-34.711752],[149.520187,-34.71197],[149.517664,-34.725783],[149.517445,-34.725767],[149.516096,-34.733149],[149.515571,-34.733082],[149.507908,-34.732017],[149.507132,-34.735808],[149.507096,-34.735987],[149.508237,-34.736149],[149.506933,-34.743244],[149.507172,-34.743278],[149.505682,-34.751063],[149.504558,-34.757059],[149.504342,-34.757031],[149.503534,-34.760975],[149.504197,-34.761059],[149.501934,-34.771676],[149.501192,-34.775155],[149.501192,-34.775414],[149.507856,-34.776328],[149.50782,-34.776507],[149.506083,-34.785285],[149.506047,-34.785464],[149.505162,-34.789935],[149.502206,-34.790226],[149.501139,-34.790325],[149.499654,-34.790247],[149.498893,-34.790411],[149.498749,-34.790411],[149.498638,-34.791116],[149.497786,-34.795259],[149.497732,-34.795521],[149.497948,-34.795733],[149.498212,-34.796114],[149.498887,-34.797085],[149.499216,-34.797398],[149.498526,-34.800196],[149.498232,-34.801616],[149.498119,-34.802167],[149.496338,-34.802434],[149.496091,-34.802511],[149.495904,-34.803382],[149.495287,-34.806264],[149.501193,-34.807135],[149.501981,-34.807252],[149.502199,-34.807279],[149.50109,-34.813279],[149.503516,-34.813618],[149.502734,-34.817202],[149.507858,-34.81793],[149.507772,-34.818102],[149.507575,-34.818074],[149.506766,-34.819617],[149.506443,-34.820745],[149.506097,-34.820893],[149.505635,-34.82197],[149.503251,-34.828133],[149.502636,-34.831189],[149.498885,-34.830684],[149.497118,-34.839128],[149.496893,-34.84025],[149.491191,-34.839452],[149.491012,-34.840313],[149.489413,-34.848722],[149.478963,-34.848255],[149.478735,-34.849728],[149.474855,-34.849264],[149.474808,-34.849537],[149.474773,-34.849716],[149.472058,-34.849357],[149.471286,-34.853231],[149.471477,-34.853256],[149.470466,-34.858319],[149.481527,-34.859799],[149.485528,-34.861234],[149.485652,-34.861251],[149.487929,-34.861556],[149.488535,-34.858202],[149.487368,-34.858049],[149.48788,-34.855442],[149.48892,-34.850144],[149.497958,-34.851416],[149.498337,-34.854159],[149.501193,-34.855595],[149.50278,-34.856393],[149.503897,-34.85791],[149.503929,-34.857953],[149.50396,-34.858209],[149.503998,-34.858526],[149.504197,-34.860174],[149.504207,-34.860257],[149.50422,-34.860362],[149.504721,-34.864513],[149.504845,-34.865541],[149.50802,-34.865998],[149.512385,-34.866625],[149.520204,-34.867749],[149.522073,-34.868032],[149.52229,-34.868065],[149.522111,-34.868937],[149.521416,-34.872333],[149.52119,-34.873438],[149.521156,-34.8736],[149.536311,-34.875744],[149.536809,-34.873438],[149.537085,-34.872156],[149.537342,-34.87105],[149.537444,-34.870609],[149.537662,-34.870637],[149.542594,-34.871258],[149.542326,-34.872488],[149.542246,-34.872854],[149.542116,-34.873033],[149.541975,-34.873198],[149.541765,-34.873438],[149.54093,-34.874393],[149.540064,-34.875239],[149.538806,-34.876356],[149.537583,-34.877456],[149.536191,-34.87873],[149.535951,-34.878946],[149.53236,-34.882268],[149.532063,-34.882542],[149.528216,-34.886101],[149.52812,-34.88619],[149.52693,-34.887223],[149.526149,-34.887839],[149.525338,-34.888429],[149.524672,-34.888878],[149.524502,-34.888992],[149.523641,-34.889528],[149.522752,-34.890037],[149.522523,-34.890158],[149.521842,-34.890518],[149.52091,-34.890969],[149.519961,-34.891389],[149.519984,-34.891799],[149.519992,-34.891867],[149.519999,-34.891931],[149.520016,-34.892063],[149.520028,-34.892152],[149.520033,-34.892194],[149.520038,-34.892229],[149.520052,-34.892326],[149.520072,-34.892457],[149.520107,-34.892659],[149.520124,-34.892754],[149.520131,-34.892793],[149.520141,-34.892842],[149.520195,-34.892844],[149.520677,-34.892862],[149.523018,-34.892954],[149.523385,-34.892922],[149.523334,-34.893909],[149.522913,-34.894903],[149.523262,-34.895595],[149.523316,-34.896156],[149.522852,-34.897161],[149.522743,-34.897395],[149.522561,-34.89779],[149.522336,-34.899513],[149.522325,-34.899593],[149.522302,-34.899773],[149.521342,-34.907129],[149.516094,-34.906318],[149.504046,-34.904321],[149.498045,-34.903361],[149.490968,-34.902197],[149.488522,-34.916068],[149.455029,-34.911692],[149.453442,-34.920119],[149.449441,-34.920368],[149.447813,-34.927857],[149.444698,-34.927932],[149.444698,-34.928437],[149.443,-34.928184],[149.428791,-34.926166],[149.427775,-34.930593],[149.422659,-34.929875],[149.421703,-34.934533],[149.42164,-34.934741],[149.421573,-34.934948],[149.421501,-34.935155],[149.421424,-34.93536],[149.421343,-34.935564],[149.421186,-34.935918],[149.421011,-34.936268],[149.420824,-34.936614],[149.420631,-34.936958],[149.420437,-34.937302],[149.42026,-34.937626],[149.420083,-34.937952],[149.4199,-34.938275],[149.419703,-34.938591],[149.419486,-34.938896],[149.419207,-34.939226],[149.418899,-34.939541],[149.418574,-34.939847],[149.418244,-34.940151],[149.417921,-34.940458],[149.417523,-34.940844],[149.417123,-34.941229],[149.416721,-34.941613],[149.416319,-34.941997],[149.41592,-34.942383],[149.415574,-34.942712],[149.415222,-34.943039],[149.414874,-34.943368],[149.414538,-34.943705],[149.414224,-34.944053],[149.413876,-34.944486],[149.413548,-34.944934],[149.413244,-34.945393],[149.412963,-34.945861],[149.412709,-34.946337],[149.409463,-34.952743],[149.409344,-34.952956],[149.40923,-34.953171],[149.409122,-34.953388],[149.409019,-34.953607],[149.408923,-34.953827],[149.408783,-34.954182],[149.408661,-34.954543],[149.408552,-34.954907],[149.408454,-34.955273],[149.408365,-34.95564],[149.408264,-34.956162],[149.408196,-34.95669],[149.408141,-34.95722],[149.408084,-34.95775],[149.408004,-34.958277],[149.407928,-34.958697],[149.407849,-34.959117],[149.407762,-34.959536],[149.407662,-34.959952],[149.407544,-34.960364],[149.407405,-34.960801],[149.407255,-34.961238],[149.407086,-34.96167],[149.406888,-34.962091],[149.406654,-34.962493],[149.406417,-34.962818],[149.406149,-34.96313],[149.405863,-34.963433],[149.405569,-34.963733],[149.405281,-34.964034],[149.404967,-34.964371],[149.404649,-34.964707],[149.404328,-34.965039],[149.404002,-34.965369],[149.403671,-34.965695],[149.40342,-34.965936],[149.403167,-34.966176],[149.402911,-34.966413],[149.402652,-34.966649],[149.402391,-34.966882],[149.398258,-34.971293],[149.398166,-34.971392],[149.397556,-34.972039],[149.397437,-34.972177],[149.397315,-34.972313],[149.397191,-34.972448],[149.397065,-34.972582],[149.396937,-34.972714],[149.396714,-34.972939],[149.396486,-34.973162],[149.396251,-34.97338],[149.396006,-34.973589],[149.395751,-34.973787],[149.395503,-34.97396],[149.395245,-34.974124],[149.394979,-34.974281],[149.394719,-34.974425],[149.394708,-34.974431],[149.394434,-34.974576],[149.394118,-34.974727],[149.393793,-34.974866],[149.393464,-34.975],[149.393136,-34.975134],[149.392813,-34.975277],[149.392499,-34.975421],[149.392184,-34.975567],[149.391872,-34.975717],[149.391569,-34.975876],[149.391279,-34.976048],[149.391071,-34.976188],[149.390869,-34.976335],[149.390672,-34.976488],[149.390478,-34.976643],[149.390287,-34.9768],[149.390122,-34.976935],[149.389958,-34.977072],[149.389797,-34.977211],[149.38964,-34.977352],[149.389489,-34.977498],[149.389302,-34.977692],[149.389124,-34.977893],[149.388954,-34.978099],[149.388792,-34.978308],[149.38799,-34.979272],[149.387731,-34.979846],[149.387633,-34.980319],[149.387476,-34.981071],[149.387374,-34.982499],[149.387425,-34.983622],[149.387527,-34.98505],[149.387323,-34.987295],[149.387042,-34.989301],[149.386965,-34.989846],[149.386557,-34.99153],[149.386251,-34.992806],[149.386084,-34.993738],[149.385689,-34.995969],[149.38554,-34.996127],[149.385465,-34.996568],[149.385335,-34.997121],[149.385213,-34.99757],[149.385097,-34.997916],[149.384942,-34.998262],[149.384838,-34.998439],[149.384722,-34.998689],[149.38448,-34.999053],[149.384172,-34.999466],[149.384005,-34.999681],[149.383657,-35.000083],[149.38351,-35.000255],[149.382641,-35.001277],[149.382303,-35.001683],[149.382005,-35.002124],[149.381654,-35.002653],[149.381445,-35.002986],[149.381376,-35.003097],[149.381127,-35.003541],[149.380907,-35.003984],[149.38067,-35.004516],[149.380443,-35.005071],[149.38035,-35.005401],[149.380181,-35.005931],[149.380051,-35.006444],[149.379915,-35.007109],[149.379898,-35.007278],[149.379855,-35.007725],[149.379789,-35.008469],[149.379754,-35.00894],[149.379724,-35.009571],[149.379537,-35.012464],[149.379497,-35.013111],[149.379454,-35.013641],[149.379408,-35.014393],[149.379367,-35.014968],[149.379298,-35.015616],[149.379171,-35.016608],[149.379037,-35.01733],[149.378842,-35.01851],[149.378822,-35.018627],[149.378679,-35.019715],[149.378545,-35.02046],[149.378272,-35.022079],[149.378059,-35.023448],[149.377924,-35.024137],[149.377814,-35.024707],[149.377762,-35.025213],[149.377731,-35.025507],[149.377665,-35.026259],[149.377614,-35.027185],[149.377597,-35.027928],[149.377605,-35.02854],[149.377588,-35.029283],[149.37758,-35.029717],[149.377572,-35.030089],[149.377478,-35.031177],[149.377446,-35.031744],[149.377426,-35.031967],[149.377293,-35.033498],[149.377194,-35.034777],[149.37713,-35.035688],[149.377072,-35.036358],[149.376912,-35.03828],[149.376887,-35.039086],[149.37687,-35.039486],[149.376858,-35.040624],[149.37689,-35.041368],[149.376908,-35.041935],[149.376909,-35.042056],[149.376888,-35.043019],[149.376798,-35.043976],[149.376682,-35.044731],[149.376605,-35.045127],[149.376291,-35.046509],[149.376101,-35.047411],[149.375868,-35.048573],[149.375767,-35.04914],[149.375676,-35.049741],[149.375561,-35.050852],[149.374984,-35.056067],[149.374936,-35.056462],[149.374866,-35.057095],[149.374749,-35.057834],[149.374583,-35.058541],[149.374517,-35.058761],[149.374359,-35.059298],[149.374197,-35.05986],[149.374008,-35.060479],[149.373763,-35.061196],[149.373552,-35.062066],[149.373419,-35.062902],[149.373396,-35.063474],[149.373374,-35.064405],[149.373411,-35.065421],[149.37342,-35.065643],[149.37344,-35.066686],[149.373567,-35.06834],[149.373653,-35.069609],[149.373798,-35.070537],[149.374051,-35.072126],[149.374279,-35.07353],[149.374378,-35.074233],[149.374501,-35.075072],[149.37452,-35.075504],[149.374531,-35.075776],[149.374545,-35.076609],[149.374553,-35.077564],[149.374509,-35.078061],[149.374467,-35.079308],[149.374457,-35.08001],[149.374451,-35.080482],[149.374457,-35.081348],[149.374486,-35.081712],[149.374499,-35.082156],[149.374543,-35.082973],[149.374637,-35.084177],[149.374656,-35.084514],[149.374676,-35.084848],[149.374661,-35.085336],[149.374638,-35.085928],[149.374533,-35.086699],[149.37445,-35.087591],[149.374478,-35.088213],[149.374552,-35.088714],[149.374632,-35.089063],[149.374711,-35.089426],[149.374989,-35.090182],[149.375634,-35.092047],[149.375798,-35.092595],[149.375916,-35.092949],[149.376009,-35.093424],[149.376115,-35.094029],[149.376151,-35.094612],[149.376162,-35.095307],[149.376133,-35.095655],[149.376062,-35.096272],[149.37598,-35.096856],[149.375813,-35.097523],[149.375596,-35.098183],[149.375383,-35.098665],[149.375207,-35.099039],[149.374992,-35.099439],[149.37475,-35.099941],[149.374648,-35.10015],[149.37457,-35.100307],[149.374526,-35.100398],[149.37433,-35.100791],[149.37382,-35.101802],[149.373606,-35.102247],[149.373083,-35.103228],[149.372572,-35.10429],[149.372172,-35.105091],[149.37188,-35.105542],[149.371889,-35.105544],[149.371446,-35.106216],[149.370944,-35.106938],[149.370878,-35.107018],[149.370449,-35.107531],[149.369924,-35.108092],[149.369388,-35.108652],[149.369215,-35.108809],[149.368909,-35.109084],[149.368313,-35.109606],[149.367407,-35.110296],[149.366694,-35.110836],[149.365884,-35.111426],[149.365195,-35.111788],[149.365145,-35.11181],[149.364543,-35.112084],[149.363951,-35.112373],[149.363387,-35.112627],[149.362539,-35.112959],[149.360872,-35.113567],[149.35945,-35.114104],[149.358318,-35.114507],[149.356955,-35.115035],[149.355815,-35.11547],[149.355094,-35.115759],[149.354675,-35.115907],[149.353934,-35.116172],[149.352882,-35.116581],[149.351403,-35.117241],[149.350772,-35.117561],[149.350161,-35.117896],[149.349609,-35.118239],[149.348913,-35.118698],[149.348228,-35.119158],[149.347879,-35.11941],[149.34768,-35.119576],[149.347583,-35.119656],[149.347167,-35.120011],[149.346942,-35.120226],[149.346764,-35.120392],[149.346348,-35.120786],[149.345967,-35.121153],[149.345712,-35.121413],[149.345366,-35.121796],[149.345045,-35.122175],[149.344912,-35.122349],[149.344363,-35.123056],[149.344317,-35.123123],[149.344034,-35.123543],[149.34373,-35.124016],[149.343496,-35.12443],[149.343354,-35.124689],[149.34311,-35.125187],[149.342993,-35.125452],[149.342895,-35.1257],[149.342809,-35.125887],[149.342747,-35.126055],[149.342571,-35.126514],[149.342539,-35.126601],[149.34239,-35.127016],[149.342242,-35.127463],[149.341788,-35.128769],[149.34169,-35.129053],[149.341479,-35.129685],[149.341256,-35.130309],[149.341048,-35.13094],[149.340604,-35.132294],[149.340428,-35.132821],[149.340174,-35.133447],[149.339889,-35.134125],[149.339818,-35.134294],[149.339596,-35.134742],[149.339356,-35.135258],[149.339031,-35.135847],[149.338826,-35.136248],[149.338564,-35.136686],[149.338302,-35.137119],[149.33805,-35.137514],[149.337839,-35.137851],[149.337748,-35.137987],[149.337495,-35.138355],[149.337264,-35.138681],[149.337041,-35.138983],[149.336932,-35.139113],[149.336611,-35.139553],[149.335852,-35.140569],[149.335307,-35.141366],[149.334529,-35.142479],[149.334283,-35.14286],[149.334048,-35.143239],[149.333746,-35.143717],[149.333461,-35.144191],[149.333179,-35.1447],[149.332463,-35.145998],[149.332221,-35.146447],[149.331928,-35.147049],[149.331674,-35.147588],[149.331377,-35.148241],[149.331106,-35.148872],[149.331025,-35.14908],[149.330372,-35.150576],[149.330158,-35.15101],[149.329884,-35.151547],[149.329636,-35.152008],[149.329359,-35.152461],[149.329147,-35.152781],[149.328831,-35.15324],[149.328578,-35.15358],[149.328084,-35.154215],[149.327838,-35.154496],[149.327521,-35.154848],[149.327472,-35.1549],[149.327215,-35.155165],[149.326881,-35.155485],[149.32652,-35.155826],[149.326145,-35.156143],[149.325829,-35.156418],[149.325466,-35.156728],[149.32511,-35.157013],[149.324813,-35.157215],[149.324355,-35.157552],[149.323737,-35.15793],[149.323224,-35.158229],[149.322586,-35.158591],[149.322277,-35.158755],[149.321911,-35.15894],[149.321588,-35.159091],[149.321253,-35.159242],[149.320803,-35.159442],[149.320028,-35.159742],[149.31972,-35.159851],[149.319401,-35.159968],[149.319073,-35.160085],[149.31886,-35.160158],[149.318789,-35.16018],[149.318577,-35.160249],[149.317999,-35.160457],[149.317341,-35.16069],[149.31595,-35.161168],[149.315502,-35.161328],[149.314951,-35.161548],[149.314286,-35.161846],[149.313898,-35.162025],[149.313435,-35.162263],[149.312492,-35.162741],[149.312088,-35.162965],[149.311552,-35.163258],[149.311079,-35.16354],[149.310136,-35.164122],[149.309746,-35.164398],[149.309478,-35.164593],[149.30917,-35.164813],[149.308961,-35.164971],[149.308947,-35.164983],[149.308802,-35.16509],[149.308491,-35.16533],[149.308161,-35.165591],[149.307865,-35.165816],[149.3076,-35.166035],[149.30743,-35.16619],[149.30722,-35.166374],[149.307018,-35.166561],[149.306819,-35.166747],[149.306282,-35.167228],[149.305852,-35.167606],[149.305162,-35.168221],[149.304388,-35.168902],[149.303773,-35.169475],[149.303314,-35.169888],[149.302804,-35.170331],[149.30225,-35.170822],[149.301734,-35.171242],[149.301534,-35.171417],[149.301283,-35.171606],[149.301012,-35.171814],[149.300677,-35.172059],[149.30036,-35.172299],[149.300079,-35.172492],[149.29971,-35.172737],[149.299379,-35.17295],[149.298859,-35.173264],[149.298506,-35.173461],[149.298121,-35.173663],[149.297469,-35.173983],[149.297164,-35.174106],[149.296837,-35.174248],[149.296538,-35.174376],[149.296206,-35.174527],[149.29584,-35.174651],[149.295426,-35.174808],[149.294919,-35.174985],[149.294466,-35.175134],[149.294038,-35.175258],[149.293092,-35.175514],[149.292672,-35.175616],[149.292271,-35.175706],[149.291811,-35.175801],[149.291281,-35.175898],[149.290679,-35.176003],[149.290195,-35.176077],[149.28983,-35.176129],[149.289219,-35.176199],[149.288598,-35.176265],[149.288243,-35.176276],[149.287816,-35.176293],[149.287344,-35.176302],[149.286877,-35.176298],[149.286477,-35.176291],[149.286143,-35.176275],[149.285854,-35.176258],[149.285392,-35.176225],[149.284255,-35.176105],[149.283498,-35.176028],[149.282009,-35.175859],[149.281515,-35.175806],[149.281009,-35.175763],[149.280993,-35.175761],[149.280527,-35.175725],[149.280055,-35.175703],[149.279556,-35.175699],[149.27914,-35.175702],[149.278702,-35.175701],[149.278267,-35.175722],[149.277849,-35.175749],[149.277411,-35.175779],[149.276938,-35.175828],[149.276037,-35.175935],[149.275549,-35.176019],[149.275133,-35.1761],[149.274549,-35.176215],[149.274213,-35.176279],[149.273799,-35.176374],[149.273402,-35.176481],[149.272911,-35.176623],[149.272422,-35.176775],[149.271595,-35.177072],[149.270616,-35.177463],[149.269562,-35.177927],[149.268556,-35.178327],[149.267743,-35.17863],[149.266936,-35.178951],[149.266147,-35.17928],[149.265226,-35.179625],[149.264385,-35.179961],[149.263435,-35.180331],[149.262661,-35.180635],[149.261649,-35.180981],[149.261222,-35.181116],[149.260674,-35.181272],[149.260241,-35.181376],[149.259775,-35.18147],[149.259077,-35.181583],[149.258342,-35.18169],[149.257547,-35.181771],[149.256634,-35.181839],[149.255493,-35.181857],[149.255032,-35.181852],[149.254565,-35.181838],[149.253987,-35.181804],[149.253663,-35.181774],[149.252874,-35.18168],[149.25229,-35.181578],[149.251458,-35.181445],[149.251202,-35.181402],[149.250312,-35.181246],[149.248911,-35.181003],[149.247033,-35.1808],[149.245017,-35.180549],[149.243984,-35.180417],[149.243528,-35.180383],[149.243054,-35.180351],[149.242577,-35.180335],[149.241869,-35.18033],[149.241413,-35.180317],[149.240633,-35.180319],[149.239757,-35.180377],[149.239032,-35.180436],[149.238549,-35.180519],[149.23799,-35.180626],[149.237442,-35.180751],[149.237011,-35.180856],[149.236546,-35.18098],[149.236035,-35.181155],[149.235381,-35.1814],[149.234783,-35.181678],[149.234333,-35.181641],[149.233848,-35.181919],[149.233237,-35.182296],[149.232742,-35.182619],[149.23234,-35.182915],[149.23206,-35.183141],[149.231938,-35.18324],[149.231572,-35.183564],[149.231161,-35.183979],[149.230066,-35.185077],[149.22863,-35.186585],[149.227854,-35.187369],[149.227193,-35.188068],[149.226326,-35.18896],[149.225459,-35.189839],[149.224843,-35.190479],[149.224329,-35.190989],[149.223608,-35.191627],[149.223001,-35.192168],[149.221648,-35.193292],[149.221443,-35.193466],[149.221007,-35.193833],[149.220446,-35.194329],[149.219815,-35.19486],[149.219117,-35.195464],[149.218174,-35.196357],[149.217001,-35.197428],[149.216203,-35.198199],[149.215454,-35.198914],[149.215035,-35.199308],[149.214633,-35.199618],[149.214222,-35.199928],[149.213638,-35.200288],[149.213205,-35.200548],[149.212659,-35.200827],[149.211941,-35.201159],[149.210908,-35.201609],[149.210473,-35.201791],[149.209622,-35.202145],[149.208305,-35.202688],[149.207019,-35.203241],[149.205925,-35.203683],[149.205075,-35.204052],[149.204447,-35.204298],[149.203736,-35.204547],[149.203107,-35.204752],[149.202548,-35.204913],[149.20205,-35.205073],[149.20147,-35.205206],[149.200702,-35.205411],[149.205895,-35.211567],[149.208518,-35.211512],[149.207621,-35.215875],[149.207555,-35.216047],[149.206099,-35.216268],[149.205028,-35.219863],[149.202456,-35.224626],[149.204986,-35.2291],[149.209762,-35.226491],[149.213784,-35.219606],[149.227037,-35.219844],[149.228775,-35.221687],[149.231715,-35.222002],[149.231797,-35.221972],[149.234392,-35.221003],[149.23651,-35.221561],[149.237105,-35.222363],[149.238697,-35.222228],[149.240728,-35.225046],[149.241288,-35.225344],[149.243261,-35.225466],[149.246125,-35.227979],[149.246794,-35.22915],[149.246317,-35.229869],[149.245953,-35.230715],[149.244808,-35.231371],[149.242741,-35.231667],[149.24297,-35.232867],[149.241518,-35.235032],[149.241242,-35.236755],[149.23455,-35.24047],[149.234374,-35.242792],[149.23489,-35.243419],[149.237943,-35.243572],[149.240608,-35.245811],[149.241867,-35.24636],[149.245803,-35.247379],[149.247233,-35.246527],[149.249429,-35.247183],[149.249651,-35.249354],[149.250653,-35.25224],[149.2539,-35.25364],[149.255379,-35.256345],[149.257329,-35.257203],[149.260006,-35.257348],[149.262261,-35.257395],[149.267703,-35.259439],[149.273179,-35.259179],[149.273316,-35.259937],[149.273018,-35.261238],[149.272554,-35.26183],[149.272778,-35.262649],[149.273792,-35.263214],[149.273461,-35.266102],[149.272077,-35.266965],[149.27236,-35.269429],[149.271808,-35.273485],[149.275378,-35.275051],[149.276381,-35.273082],[149.277021,-35.271338],[149.280126,-35.271061],[149.281524,-35.270994],[149.282976,-35.272059],[149.285433,-35.27163],[149.28752,-35.274128],[149.289293,-35.275698],[149.296672,-35.272429],[149.301643,-35.272894],[149.302099,-35.27323],[149.302229,-35.273905],[149.302711,-35.274109],[149.303846,-35.273377],[149.306229,-35.274501],[149.305417,-35.275532],[149.309061,-35.276207],[149.309768,-35.278269],[149.311697,-35.277525],[149.3153,-35.276231],[149.316264,-35.281788],[149.32127,-35.28522],[149.322035,-35.285787],[149.322477,-35.28674],[149.323516,-35.286414],[149.324581,-35.286388],[149.325435,-35.283461],[149.327561,-35.282402],[149.335757,-35.287382],[149.335805,-35.288414],[149.336325,-35.288737],[149.337698,-35.286971],[149.339709,-35.2863],[149.341498,-35.286703],[149.341439,-35.288961],[149.342838,-35.290187],[149.34321,-35.292047],[149.345034,-35.292206],[149.345768,-35.291871],[149.347872,-35.291587],[149.34887,-35.292069],[149.348761,-35.292862],[149.34808,-35.293479],[149.349701,-35.294404],[149.350505,-35.295952],[149.350568,-35.296708],[149.350421,-35.298166],[149.350552,-35.299358],[149.353713,-35.299731],[149.356615,-35.300596],[149.357616,-35.300814],[149.359507,-35.301587],[149.360954,-35.301605],[149.361991,-35.303089],[149.359659,-35.307538],[149.361666,-35.309025],[149.363797,-35.308643],[149.36584,-35.308526],[149.369891,-35.308263],[149.373793,-35.304813],[149.381897,-35.306266],[149.383697,-35.306471],[149.384176,-35.304349],[149.386579,-35.303418],[149.389676,-35.302698],[149.393416,-35.302924],[149.394956,-35.304035],[149.394498,-35.309191],[149.396428,-35.30968],[149.397281,-35.311003],[149.396688,-35.314182],[149.397201,-35.317313],[149.399287,-35.31909],[149.398163,-35.320615],[149.398155,-35.320949],[149.397422,-35.323356],[149.398036,-35.325252],[149.397131,-35.325725],[149.396546,-35.326116],[149.395144,-35.326851],[149.394911,-35.326981],[149.394468,-35.327267],[149.394164,-35.327478],[149.393997,-35.327599],[149.393717,-35.327824],[149.393625,-35.3279],[149.393518,-35.327995],[149.393374,-35.328124],[149.393081,-35.328416],[149.392861,-35.328652],[149.392836,-35.32868],[149.392699,-35.328838],[149.39225,-35.329381],[149.391865,-35.329827],[149.391729,-35.32997],[149.391433,-35.33024],[149.391109,-35.33049],[149.390982,-35.330582],[149.39081,-35.3307],[149.390633,-35.33081],[149.39045,-35.330912],[149.39018,-35.331056],[149.389986,-35.331145],[149.389377,-35.33138],[149.389171,-35.331448],[149.388962,-35.331507],[149.38875,-35.331558],[149.388607,-35.331585],[149.387275,-35.331844],[149.38706,-35.331893],[149.386845,-35.331943],[149.386634,-35.331998],[149.386426,-35.332062],[149.386224,-35.332136],[149.385827,-35.332298],[149.385633,-35.332386],[149.385354,-35.332516],[149.366417,-35.340285],[149.363893,-35.348106],[149.351447,-35.351251],[149.347522,-35.350241],[149.337533,-35.34009],[149.318915,-35.336781],[149.31402,-35.33604],[149.311959,-35.335847],[149.30482,-35.335754],[149.301782,-35.333311],[149.293662,-35.332135],[149.295419,-35.333171],[149.291264,-35.334205],[149.283011,-35.338099],[149.274513,-35.335999],[149.27391,-35.335988],[149.273241,-35.335758],[149.271479,-35.335215],[149.270674,-35.335141],[149.270098,-35.335179],[149.269609,-35.335158],[149.268803,-35.335121],[149.268373,-35.335067],[149.267912,-35.334873],[149.267175,-35.334423],[149.266572,-35.333903],[149.266345,-35.333576],[149.265647,-35.333086],[149.264937,-35.332622],[149.264051,-35.332252],[149.263187,-35.331651],[149.26262,-35.331368],[149.259605,-35.33165],[149.258576,-35.331968],[149.258112,-35.331797],[149.256568,-35.331395],[149.256024,-35.330966],[149.25531,-35.330511],[149.254744,-35.330121],[149.254346,-35.330188],[149.253446,-35.330178],[149.251677,-35.330254],[149.24997,-35.33016],[149.24975,-35.330139],[149.249529,-35.330125],[149.24899,-35.330184],[149.248778,-35.330235],[149.248566,-35.330289],[149.248151,-35.330414],[149.247929,-35.330497],[149.247546,-35.330675],[149.247371,-35.330786],[149.247181,-35.330882],[149.247007,-35.330994],[149.246682,-35.331241],[149.246547,-35.331355],[149.246398,-35.331492],[149.246259,-35.331634],[149.246119,-35.331776],[149.245997,-35.331927],[149.245796,-35.332253],[149.244087,-35.334832],[149.24269,-35.335951],[149.231257,-35.342381],[149.226143,-35.341932],[149.224851,-35.341686],[149.224367,-35.341774],[149.221571,-35.341242],[149.221343,-35.341276],[149.220802,-35.341356],[149.220585,-35.34132],[149.220366,-35.341294],[149.220094,-35.341271],[149.219651,-35.341255],[149.21943,-35.34126],[149.219194,-35.341281],[149.218974,-35.341309],[149.218756,-35.341342],[149.218541,-35.341387],[149.218329,-35.341438],[149.218119,-35.341496],[149.217912,-35.341563],[149.216186,-35.342191],[149.205116,-35.346928],[149.190824,-35.368854],[149.177794,-35.385092],[149.176683,-35.386268],[149.157323,-35.407171],[149.147043,-35.414385],[149.144065,-35.424241],[149.138203,-35.429194],[149.140591,-35.434105],[149.152351,-35.433416],[149.155095,-35.435992],[149.15244,-35.443415],[149.146285,-35.445083],[149.143408,-35.447119],[149.142417,-35.451052],[149.137293,-35.451716],[149.135092,-35.454034],[149.138601,-35.468311],[149.144669,-35.475913],[149.15161,-35.4932],[149.150652,-35.509819],[149.131454,-35.553603],[149.135749,-35.570902],[149.134752,-35.57118],[149.135848,-35.571256],[149.142682,-35.592789],[149.130345,-35.590979],[149.130056,-35.592403],[149.126035,-35.591852],[149.125617,-35.587489],[149.112471,-35.585185],[149.110108,-35.587072],[149.108345,-35.58398],[149.084614,-35.580815],[149.082923,-35.584594],[149.078148,-35.586417],[149.078589,-35.596725],[149.07818,-35.598819],[149.07952,-35.602471],[149.080057,-35.604985],[149.079517,-35.605151],[149.080424,-35.608997],[149.081217,-35.610486],[149.082571,-35.613639],[149.084948,-35.616768],[149.084757,-35.617654],[149.085208,-35.619576],[149.08419,-35.621677],[149.085129,-35.622884],[149.085926,-35.625371],[149.087874,-35.627905],[149.088585,-35.634092],[149.086505,-35.635878],[149.087563,-35.639653],[149.089042,-35.641058],[149.095629,-35.640335],[149.097479,-35.647295],[149.095388,-35.653021],[149.098535,-35.657212],[149.095892,-35.661441],[149.097271,-35.673605],[149.09496,-35.676824],[149.095298,-35.67928],[149.099419,-35.683883],[149.104382,-35.684869],[149.103755,-35.690725],[149.105934,-35.691148],[149.109418,-35.696586],[149.107476,-35.702307],[149.102253,-35.707238],[149.099349,-35.714659],[149.104099,-35.724982],[149.099098,-35.729288],[149.100686,-35.736304],[149.096228,-35.74365],[149.095615,-35.745993],[149.096983,-35.747372],[149.095064,-35.750401],[149.0964,-35.752824],[149.092925,-35.759119],[149.093305,-35.762659],[149.09071,-35.765617],[149.093271,-35.770778],[149.091631,-35.773947],[149.09737,-35.777442],[149.093142,-35.78319],[149.093476,-35.78723],[149.096124,-35.787215],[149.100323,-35.790309],[149.100195,-35.794062],[149.096759,-35.79818],[149.099832,-35.803272],[149.101504,-35.803653],[149.098263,-35.807936],[149.100478,-35.810023],[149.1006,-35.814703],[149.095921,-35.817586],[149.093572,-35.824112],[149.094558,-35.830764],[149.092046,-35.83538],[149.092987,-35.83824],[149.095384,-35.839119],[149.095687,-35.845637],[149.084204,-35.850202],[149.084531,-35.85222],[149.082193,-35.853119],[149.079757,-35.858958],[149.076829,-35.860572],[149.074317,-35.865774],[149.067737,-35.870751],[149.061711,-35.879879],[149.061736,-35.880683],[149.061523,-35.881708],[149.061946,-35.88334],[149.062447,-35.884073],[149.062377,-35.884516],[149.06014,-35.888293],[149.060364,-35.889093],[149.060433,-35.889338],[149.061737,-35.891448],[149.058578,-35.894666],[149.0588,-35.895948],[149.051781,-35.902102],[149.057245,-35.907332],[149.05487,-35.913943],[149.048449,-35.920291],[149.046381,-35.92053],[149.044067,-35.916293],[149.039965,-35.913871],[149.036315,-35.913763],[149.034033,-35.911029],[149.027769,-35.912736],[149.022882,-35.90598],[149.014055,-35.900145],[149.00882,-35.901306],[149.003487,-35.901203],[148.999417,-35.902677],[148.997398,-35.900995],[148.997663,-35.896426],[148.987973,-35.895637],[148.975656,-35.892176],[148.967759,-35.894006],[148.966295,-35.89718],[148.959179,-35.895414],[148.958367,-35.891716],[148.944555,-35.881421],[148.940549,-35.875802],[148.93216,-35.872902],[148.930346,-35.868136],[148.919813,-35.860747],[148.920045,-35.857245],[148.909446,-35.853074],[148.907907,-35.847875],[148.903988,-35.842526],[148.905312,-35.839658],[148.903148,-35.835275],[148.906596,-35.832066],[148.907063,-35.829579],[148.903606,-35.826096],[148.897635,-35.824705],[148.896604,-35.817905],[148.892516,-35.81661],[148.886679,-35.810064],[148.893154,-35.79932],[148.897777,-35.794659],[148.894994,-35.784663],[148.894863,-35.771878],[148.902299,-35.763292],[148.90332,-35.757937],[148.898822,-35.751304],[148.894098,-35.751339],[148.890913,-35.740678],[148.888073,-35.737059],[148.888375,-35.733696],[148.892473,-35.730467],[148.892306,-35.728422],[148.886705,-35.719239],[148.877714,-35.714962],[148.872486,-35.721428],[148.868609,-35.731049],[148.865823,-35.731601],[148.86406,-35.733873],[148.867445,-35.738688],[148.864872,-35.742378],[148.863932,-35.747993],[148.86142,-35.750183],[148.86073,-35.75285],[148.862441,-35.757525],[148.859657,-35.760649],[148.855666,-35.760958],[148.856083,-35.753545],[148.854042,-35.751204],[148.847079,-35.750527],[148.83863,-35.744237],[148.83765,-35.743509],[148.834721,-35.740535],[148.828992,-35.727704],[148.823575,-35.724213],[148.823104,-35.722599],[148.822495,-35.720971],[148.820684,-35.719515],[148.812775,-35.719753],[148.804147,-35.714019],[148.803349,-35.714606],[148.802251,-35.718344],[148.801854,-35.722765],[148.799818,-35.725621],[148.799436,-35.724767],[148.79816,-35.723415],[148.796757,-35.72278],[148.796541,-35.723097],[148.796455,-35.723145],[148.796358,-35.723181],[148.796267,-35.723205],[148.796183,-35.723235],[148.796086,-35.723275],[148.795981,-35.723312],[148.795891,-35.72334],[148.795793,-35.723365],[148.795688,-35.723401],[148.795604,-35.723425],[148.795514,-35.723455],[148.79543,-35.723479],[148.795339,-35.723503],[148.795248,-35.723516],[148.795164,-35.723533],[148.795067,-35.723576],[148.794976,-35.723606],[148.794892,-35.72363],[148.794801,-35.723654],[148.794718,-35.723683],[148.794627,-35.723713],[148.79453,-35.72376],[148.794425,-35.723807],[148.794259,-35.7239],[148.794162,-35.723966],[148.794078,-35.724012],[148.793995,-35.724071],[148.793926,-35.724146],[148.793844,-35.724222],[148.793761,-35.724297],[148.793623,-35.724448],[148.793555,-35.724518],[148.7935,-35.724587],[148.793424,-35.724657],[148.793369,-35.724726],[148.793307,-35.724802],[148.793246,-35.724871],[148.793177,-35.724941],[148.793101,-35.72501],[148.793032,-35.72508],[148.79297,-35.72515],[148.792894,-35.725225],[148.792833,-35.7253],[148.792778,-35.725375],[148.792709,-35.725445],[148.792633,-35.725515],[148.792537,-35.725596],[148.792475,-35.725666],[148.7924,-35.725816],[148.792339,-35.725885],[148.79227,-35.725972],[148.792201,-35.726047],[148.792119,-35.726117],[148.792043,-35.726193],[148.791953,-35.726285],[148.791857,-35.726361],[148.791705,-35.7265],[148.791622,-35.726559],[148.791525,-35.726623],[148.791442,-35.726687],[148.791358,-35.726733],[148.791275,-35.726781],[148.791192,-35.72684],[148.791102,-35.726909],[148.791019,-35.726968],[148.790929,-35.727048],[148.790846,-35.727125],[148.79077,-35.727193],[148.79068,-35.727253],[148.790604,-35.727323],[148.790521,-35.727387],[148.790453,-35.727462],[148.790391,-35.727537],[148.790294,-35.727607],[148.790232,-35.727683],[148.790149,-35.727747],[148.790081,-35.727816],[148.790005,-35.727898],[148.789929,-35.727973],[148.78986,-35.728048],[148.789716,-35.728193],[148.789654,-35.728274],[148.789578,-35.728343],[148.78951,-35.728418],[148.789434,-35.728488],[148.789358,-35.72857],[148.789296,-35.72864],[148.789235,-35.728715],[148.789166,-35.728785],[148.789083,-35.72886],[148.788986,-35.72893],[148.788903,-35.728994],[148.78882,-35.729047],[148.788737,-35.729123],[148.788654,-35.729175],[148.788571,-35.729233],[148.788487,-35.72928],[148.788397,-35.729322],[148.788307,-35.72938],[148.788217,-35.729439],[148.788133,-35.729497],[148.78805,-35.729555],[148.787946,-35.729608],[148.787849,-35.729661],[148.787766,-35.729731],[148.787683,-35.729788],[148.7876,-35.729853],[148.78751,-35.729918],[148.787427,-35.730005],[148.78733,-35.730069],[148.787275,-35.730144],[148.787192,-35.730213],[148.787124,-35.730305],[148.787041,-35.730382],[148.786945,-35.730463],[148.786862,-35.730527],[148.7868,-35.730597],[148.786724,-35.730672],[148.786676,-35.730747],[148.786608,-35.730823],[148.786546,-35.730904],[148.786498,-35.730973],[148.786368,-35.731118],[148.786306,-35.731188],[148.78623,-35.731257],[148.786175,-35.731332],[148.786127,-35.731402],[148.78608,-35.73147],[148.786032,-35.731546],[148.78597,-35.731616],[148.785785,-35.731853],[148.78571,-35.73194],[148.785662,-35.732021],[148.7856,-35.732095],[148.785553,-35.732177],[148.785491,-35.732252],[148.785443,-35.732327],[148.785395,-35.732396],[148.785334,-35.732477],[148.785279,-35.732547],[148.785238,-35.732622],[148.785143,-35.732761],[148.785074,-35.732842],[148.785019,-35.732911],[148.784965,-35.732992],[148.784855,-35.733142],[148.784801,-35.733223],[148.784746,-35.733293],[148.784677,-35.733368],[148.784615,-35.733443],[148.784568,-35.733513],[148.784459,-35.73368],[148.78439,-35.73375],[148.784342,-35.733825],[148.78428,-35.7339],[148.784205,-35.733981],[148.784136,-35.734051],[148.784074,-35.734132],[148.784019,-35.734207],[148.783972,-35.734294],[148.783917,-35.734375],[148.783856,-35.734456],[148.78376,-35.734593],[148.783713,-35.734668],[148.783658,-35.73475],[148.783589,-35.734825],[148.783527,-35.734901],[148.783473,-35.734993],[148.783425,-35.735063],[148.783371,-35.735148],[148.78333,-35.73523],[148.783276,-35.735311],[148.783228,-35.73538],[148.78316,-35.735518],[148.783105,-35.735588],[148.783058,-35.735663],[148.783017,-35.735732],[148.782993,-35.735768],[148.782907,-35.735854],[148.782852,-35.735923],[148.782784,-35.736005],[148.782701,-35.736081],[148.782618,-35.736134],[148.782542,-35.736203],[148.782445,-35.736268],[148.782348,-35.736343],[148.782251,-35.736408],[148.782175,-35.736477],[148.78211,-35.736573],[148.782073,-35.736616],[148.782028,-35.736648],[148.781959,-35.736566],[148.781915,-35.736498],[148.781865,-35.73643],[148.781814,-35.736362],[148.781757,-35.736294],[148.781713,-35.73622],[148.78167,-35.736152],[148.78164,-35.736078],[148.78153,-35.735927],[148.781496,-35.735873],[148.781452,-35.735799],[148.781423,-35.735731],[148.781386,-35.735657],[148.78135,-35.735583],[148.781313,-35.735503],[148.78124,-35.735354],[148.78121,-35.735276],[148.781174,-35.735189],[148.781151,-35.735122],[148.781106,-35.734984],[148.781077,-35.734905],[148.781033,-35.734825],[148.780996,-35.734746],[148.780953,-35.734666],[148.78093,-35.734598],[148.780894,-35.734529],[148.780864,-35.734455],[148.780842,-35.734376],[148.780812,-35.734296],[148.78079,-35.734227],[148.780767,-35.734159],[148.780738,-35.734085],[148.780708,-35.734016],[148.780665,-35.733937],[148.780636,-35.733867],[148.780569,-35.73372],[148.780546,-35.733634],[148.780517,-35.733544],[148.780472,-35.733447],[148.780421,-35.73335],[148.780377,-35.733224],[148.780333,-35.733156],[148.78029,-35.733065],[148.780246,-35.732986],[148.780209,-35.732906],[148.780187,-35.732832],[148.780171,-35.732758],[148.780142,-35.732684],[148.780119,-35.732614],[148.78009,-35.732547],[148.78006,-35.732467],[148.780024,-35.732399],[148.779987,-35.732325],[148.779958,-35.732256],[148.779914,-35.732188],[148.779864,-35.732114],[148.77982,-35.732029],[148.779769,-35.731944],[148.77974,-35.731874],[148.779703,-35.731796],[148.779673,-35.731716],[148.779644,-35.731642],[148.779607,-35.731568],[148.779564,-35.7315],[148.779513,-35.731432],[148.779455,-35.731294],[148.779388,-35.731147],[148.779359,-35.731079],[148.779315,-35.730935],[148.779292,-35.730868],[148.779255,-35.730794],[148.779226,-35.730724],[148.779189,-35.730639],[148.779167,-35.730571],[148.779107,-35.730423],[148.779064,-35.730344],[148.779034,-35.730252],[148.778997,-35.730178],[148.778947,-35.730105],[148.778896,-35.730008],[148.778873,-35.729922],[148.778829,-35.729843],[148.778793,-35.729763],[148.778756,-35.729676],[148.778705,-35.729598],[148.778676,-35.729529],[148.778625,-35.729444],[148.778581,-35.729365],[148.778552,-35.729296],[148.778515,-35.729222],[148.778486,-35.729137],[148.778449,-35.729057],[148.778405,-35.728989],[148.778369,-35.728921],[148.778296,-35.728773],[148.778252,-35.728687],[148.778216,-35.728619],[148.778158,-35.728523],[148.778086,-35.728385],[148.778048,-35.728318],[148.777998,-35.728244],[148.777948,-35.728163],[148.777896,-35.728084],[148.777825,-35.728006],[148.777781,-35.727926],[148.77773,-35.727847],[148.7777,-35.727761],[148.777671,-35.727681],[148.777655,-35.727596],[148.777633,-35.727527],[148.777617,-35.727459],[148.777602,-35.727367],[148.777586,-35.727287],[148.777577,-35.727213],[148.777548,-35.727069],[148.777531,-35.726996],[148.777509,-35.726922],[148.7775,-35.726847],[148.777477,-35.726762],[148.777455,-35.726693],[148.777432,-35.726613],[148.777403,-35.726521],[148.777373,-35.726442],[148.777343,-35.726374],[148.777307,-35.7263],[148.777277,-35.726214],[148.777248,-35.726139],[148.777218,-35.726072],[148.777181,-35.725986],[148.777131,-35.725907],[148.777094,-35.725826],[148.777051,-35.725753],[148.777014,-35.725685],[148.776971,-35.725617],[148.776906,-35.725543],[148.776849,-35.725463],[148.776798,-35.725396],[148.776761,-35.725328],[148.776704,-35.72526],[148.776646,-35.725186],[148.776596,-35.725118],[148.776552,-35.725049],[148.776372,-35.724811],[148.776343,-35.724737],[148.776292,-35.724658],[148.77622,-35.724515],[148.776183,-35.724447],[148.776153,-35.724373],[148.776073,-35.724243],[148.776037,-35.724174],[148.776007,-35.724106],[148.775928,-35.723951],[148.775891,-35.723884],[148.775854,-35.723809],[148.775811,-35.72373],[148.775767,-35.723662],[148.775708,-35.723531],[148.775635,-35.723378],[148.775599,-35.723298],[148.775555,-35.723213],[148.775511,-35.723144],[148.775489,-35.723065],[148.775452,-35.722996],[148.775429,-35.722904],[148.775414,-35.722836],[148.775385,-35.722768],[148.775369,-35.722699],[148.775361,-35.722624],[148.775339,-35.722521],[148.775322,-35.722454],[148.775314,-35.72238],[148.775284,-35.722311],[148.775262,-35.722226],[148.775232,-35.722129],[148.775209,-35.722049],[148.77518,-35.721979],[148.775157,-35.721906],[148.775129,-35.721837],[148.775091,-35.721752],[148.775055,-35.721684],[148.775025,-35.721616],[148.774989,-35.721548],[148.774959,-35.721479],[148.774916,-35.721404],[148.774879,-35.721337],[148.774843,-35.721269],[148.774792,-35.721189],[148.774743,-35.721114],[148.774684,-35.72103],[148.774633,-35.720939],[148.774589,-35.720854],[148.774539,-35.720779],[148.774467,-35.720695],[148.77443,-35.720621],[148.774387,-35.720542],[148.774351,-35.720467],[148.774306,-35.720382],[148.77427,-35.720308],[148.77424,-35.720234],[148.774203,-35.720154],[148.774181,-35.72008],[148.774144,-35.720001],[148.774101,-35.719927],[148.774071,-35.719847],[148.774042,-35.719779],[148.77397,-35.71963],[148.773932,-35.719557],[148.773861,-35.719402],[148.773838,-35.719322],[148.773823,-35.719248],[148.773832,-35.719117],[148.773833,-35.71903],[148.773831,-35.71895],[148.773823,-35.71887],[148.773821,-35.718772],[148.773805,-35.718692],[148.773783,-35.718618],[148.773767,-35.718533],[148.773751,-35.718458],[148.773706,-35.718304],[148.773684,-35.718236],[148.773625,-35.718088],[148.773581,-35.718014],[148.773545,-35.717945],[148.773522,-35.717877],[148.773493,-35.717809],[148.773457,-35.71774],[148.773413,-35.717667],[148.773377,-35.717598],[148.77334,-35.717524],[148.773304,-35.717456],[148.773274,-35.717382],[148.773238,-35.717308],[148.773201,-35.717223],[148.773164,-35.717154],[148.773128,-35.717069],[148.773083,-35.716932],[148.773053,-35.716864],[148.773017,-35.716784],[148.772973,-35.716704],[148.772937,-35.716636],[148.772921,-35.716568],[148.772899,-35.716488],[148.772876,-35.716413],[148.772861,-35.716345],[148.772838,-35.716265],[148.772823,-35.716179],[148.7728,-35.716111],[148.772785,-35.716031],[148.772754,-35.715888],[148.772731,-35.715808],[148.772702,-35.715734],[148.772679,-35.71566],[148.772656,-35.715574],[148.772627,-35.7155],[148.772597,-35.71542],[148.772547,-35.715352],[148.77251,-35.715278],[148.772474,-35.715199],[148.772437,-35.715113],[148.772407,-35.715005],[148.772377,-35.714936],[148.772348,-35.714862],[148.772304,-35.714783],[148.77226,-35.714709],[148.772217,-35.714641],[148.772187,-35.714561],[148.772144,-35.714493],[148.7721,-35.714419],[148.772057,-35.714351],[148.772013,-35.714271],[148.77197,-35.714197],[148.771933,-35.714123],[148.771889,-35.714032],[148.771846,-35.713953],[148.771802,-35.713884],[148.771759,-35.713805],[148.771694,-35.713731],[148.77165,-35.713657],[148.7716,-35.713583],[148.771542,-35.71351],[148.771492,-35.71343],[148.771413,-35.713351],[148.771362,-35.713283],[148.771305,-35.713209],[148.771247,-35.71313],[148.77119,-35.713062],[148.771132,-35.712982],[148.771081,-35.712914],[148.771031,-35.712835],[148.770994,-35.712761],[148.770951,-35.712687],[148.770921,-35.712619],[148.770878,-35.71255],[148.770834,-35.712476],[148.770776,-35.712391],[148.770733,-35.712312],[148.770682,-35.712244],[148.770631,-35.712153],[148.770595,-35.712079],[148.770537,-35.711982],[148.770498,-35.711914],[148.770457,-35.711834],[148.77042,-35.711766],[148.770333,-35.711601],[148.770268,-35.711533],[148.770211,-35.711465],[148.77016,-35.711391],[148.770103,-35.711323],[148.770059,-35.711255],[148.770009,-35.711187],[148.769958,-35.711113],[148.769908,-35.711045],[148.769871,-35.71096],[148.769828,-35.71088],[148.769784,-35.710812],[148.769748,-35.710744],[148.769711,-35.710664],[148.769689,-35.710595],[148.769645,-35.710522],[148.769616,-35.710453],[148.769586,-35.710385],[148.769549,-35.710288],[148.769534,-35.710214],[148.769503,-35.710071],[148.769487,-35.709985],[148.769472,-35.709917],[148.769463,-35.709842],[148.769441,-35.709768],[148.769419,-35.7097],[148.769366,-35.709529],[148.769336,-35.709443],[148.7693,-35.709369],[148.76927,-35.709295],[148.76922,-35.709221],[148.769183,-35.709141],[148.769146,-35.709056],[148.76911,-35.708982],[148.769037,-35.708846],[148.769,-35.708772],[148.768971,-35.708703],[148.768921,-35.708629],[148.76887,-35.70855],[148.768812,-35.70847],[148.768768,-35.708391],[148.768732,-35.708305],[148.768652,-35.708157],[148.768601,-35.708078],[148.768557,-35.708004],[148.7685,-35.707913],[148.768463,-35.707845],[148.768399,-35.707771],[148.768355,-35.707697],[148.768325,-35.707623],[148.768289,-35.707555],[148.76826,-35.707481],[148.768216,-35.707407],[148.768186,-35.707322],[148.768157,-35.707253],[148.768127,-35.707168],[148.768111,-35.707082],[148.768089,-35.707013],[148.768066,-35.706934],[148.768044,-35.706865],[148.768014,-35.70678],[148.767977,-35.706688],[148.767941,-35.706603],[148.767911,-35.706512],[148.767874,-35.706421],[148.767851,-35.706341],[148.767822,-35.706261],[148.767792,-35.70617],[148.767769,-35.70609],[148.767732,-35.705999],[148.767717,-35.705924],[148.767658,-35.705776],[148.76765,-35.705702],[148.767641,-35.705633],[148.767624,-35.705485],[148.767609,-35.705405],[148.7676,-35.705336],[148.767585,-35.705262],[148.767562,-35.705193],[148.767533,-35.705119],[148.76751,-35.705039],[148.767488,-35.704971],[148.767451,-35.704874],[148.767429,-35.704805],[148.767392,-35.704726],[148.76737,-35.704652],[148.767354,-35.704577],[148.767337,-35.704411],[148.767306,-35.704257],[148.767283,-35.704189],[148.767261,-35.704097],[148.767231,-35.704012],[148.767194,-35.703938],[148.767114,-35.703761],[148.767091,-35.703687],[148.767062,-35.703619],[148.766996,-35.703471],[148.766959,-35.703385],[148.766913,-35.703306],[148.766886,-35.703237],[148.766828,-35.703169],[148.76679,-35.703102],[148.766747,-35.703028],[148.766689,-35.702959],[148.766647,-35.702891],[148.766595,-35.702813],[148.766523,-35.702739],[148.76646,-35.70267],[148.766394,-35.702603],[148.766316,-35.70253],[148.766237,-35.702462],[148.766145,-35.702395],[148.766059,-35.702314],[148.765987,-35.702242],[148.765888,-35.702174],[148.765788,-35.702107],[148.765703,-35.702056],[148.765603,-35.701983],[148.765497,-35.701916],[148.765404,-35.701849],[148.765305,-35.701798],[148.765212,-35.701736],[148.765127,-35.701686],[148.765028,-35.701647],[148.764858,-35.701569],[148.764759,-35.701507],[148.764667,-35.701479],[148.764582,-35.701447],[148.764497,-35.701424],[148.764413,-35.701397],[148.764314,-35.701376],[148.764222,-35.701354],[148.764138,-35.701332],[148.764046,-35.701309],[148.763947,-35.701277],[148.763856,-35.701261],[148.763757,-35.701239],[148.763651,-35.701218],[148.763567,-35.701196],[148.763482,-35.701186],[148.763398,-35.701169],[148.763313,-35.701164],[148.763215,-35.701155],[148.76313,-35.701144],[148.763025,-35.701135],[148.762926,-35.701124],[148.762821,-35.70112],[148.762731,-35.70112],[148.762618,-35.701123],[148.762512,-35.701118],[148.762428,-35.701119],[148.762308,-35.701104],[148.76221,-35.701099],[148.76202,-35.701079],[148.761915,-35.70108],[148.76183,-35.701074],[148.761746,-35.701071],[148.761634,-35.701054],[148.761528,-35.701039],[148.761422,-35.701029],[148.761331,-35.701025],[148.761233,-35.701019],[148.761148,-35.701004],[148.761042,-35.700971],[148.760951,-35.700944],[148.760859,-35.700922],[148.76076,-35.7009],[148.760654,-35.700866],[148.760548,-35.70084],[148.760443,-35.700813],[148.760351,-35.700785],[148.760259,-35.700774],[148.760175,-35.70077],[148.760048,-35.700726],[148.759963,-35.700704],[148.759864,-35.700671],[148.759773,-35.700649],[148.759689,-35.700615],[148.759575,-35.700572],[148.75949,-35.700538],[148.759369,-35.700488],[148.759263,-35.700427],[148.759094,-35.700348],[148.758994,-35.700304],[148.758902,-35.700254],[148.758816,-35.700198],[148.758724,-35.700142],[148.758624,-35.700068],[148.758539,-35.700018],[148.758454,-35.699979],[148.75834,-35.699895],[148.758241,-35.699844],[148.758148,-35.699771],[148.758063,-35.699721],[148.757878,-35.699597],[148.757786,-35.699518],[148.757721,-35.699444],[148.757684,-35.699369],[148.757627,-35.699301],[148.757584,-35.699234],[148.757547,-35.69916],[148.757458,-35.698886],[148.757442,-35.698811],[148.757434,-35.698743],[148.757403,-35.698578],[148.75738,-35.698504],[148.757364,-35.698424],[148.757356,-35.698354],[148.757341,-35.698275],[148.757318,-35.698189],[148.757316,-35.698114],[148.757258,-35.698001],[148.757213,-35.697846],[148.757191,-35.697779],[148.757161,-35.697704],[148.757139,-35.697625],[148.757123,-35.697556],[148.757092,-35.697408],[148.757077,-35.697328],[148.757054,-35.697236],[148.757031,-35.697156],[148.757002,-35.697065],[148.756979,-35.696984],[148.756957,-35.696917],[148.756927,-35.696837],[148.756897,-35.696763],[148.756861,-35.696683],[148.756795,-35.696529],[148.756779,-35.696455],[148.756757,-35.696387],[148.756741,-35.696307],[148.756695,-35.696094],[148.75668,-35.696015],[148.756634,-35.69585],[148.756605,-35.69577],[148.756582,-35.695696],[148.756567,-35.69561],[148.756536,-35.695473],[148.756527,-35.695399],[148.756512,-35.695307],[148.756496,-35.695233],[148.756488,-35.695164],[148.756443,-35.695028],[148.756435,-35.694959],[148.756419,-35.694885],[148.756397,-35.694804],[148.756374,-35.694731],[148.756359,-35.694662],[148.756336,-35.694594],[148.756321,-35.694524],[148.756292,-35.694457],[148.756276,-35.694371],[148.756254,-35.694297],[148.756238,-35.694228],[148.756223,-35.694154],[148.756193,-35.694086],[148.756171,-35.694016],[148.756142,-35.693949],[148.756119,-35.693879],[148.756083,-35.693812],[148.756053,-35.693744],[148.756009,-35.693607],[148.755979,-35.693533],[148.755943,-35.693465],[148.755884,-35.693328],[148.755855,-35.693254],[148.755818,-35.693163],[148.755788,-35.693094],[148.755729,-35.692946],[148.755686,-35.692866],[148.755656,-35.692798],[148.755613,-35.692729],[148.755533,-35.692588],[148.755475,-35.692503],[148.755409,-35.692355],[148.755394,-35.692275],[148.755371,-35.692194],[148.755349,-35.692126],[148.755319,-35.692058],[148.755289,-35.691967],[148.75526,-35.691893],[148.755231,-35.691824],[148.755208,-35.691744],[148.755192,-35.691646],[148.75517,-35.691579],[148.755147,-35.691499],[148.755125,-35.69143],[148.755095,-35.691356],[148.755087,-35.691282],[148.755057,-35.691202],[148.755042,-35.691128],[148.755019,-35.691048],[148.755004,-35.690979],[148.754975,-35.690911],[148.754952,-35.690843],[148.754923,-35.690774],[148.754893,-35.690706],[148.754864,-35.690619],[148.754834,-35.690546],[148.754812,-35.690478],[148.754775,-35.690391],[148.754738,-35.690313],[148.754709,-35.690239],[148.754664,-35.690113],[148.754635,-35.690028],[148.754562,-35.689891],[148.754518,-35.689811],[148.754489,-35.689737],[148.754445,-35.689658],[148.754395,-35.689584],[148.754344,-35.689499],[148.7543,-35.68943],[148.754271,-35.689356],[148.754227,-35.689271],[148.754191,-35.689197],[148.754154,-35.689129],[148.754111,-35.689043],[148.754074,-35.688952],[148.754037,-35.688873],[148.754001,-35.688799],[148.753957,-35.688725],[148.753921,-35.688651],[148.753891,-35.688582],[148.753848,-35.688503],[148.753789,-35.688359],[148.753752,-35.688292],[148.753723,-35.688224],[148.753679,-35.688138],[148.75365,-35.688064],[148.753613,-35.687979],[148.753562,-35.687876],[148.753532,-35.687802],[148.753489,-35.687734],[148.753438,-35.687649],[148.753395,-35.687581],[148.753351,-35.687506],[148.753294,-35.687439],[148.753236,-35.687364],[148.753179,-35.687286],[148.753121,-35.687211],[148.753071,-35.687138],[148.75297,-35.687002],[148.752912,-35.686928],[148.752848,-35.68686],[148.75279,-35.686786],[148.752647,-35.686651],[148.752568,-35.686572],[148.752476,-35.686493],[148.752397,-35.686419],[148.752319,-35.686351],[148.752233,-35.686289],[148.752148,-35.686216],[148.752062,-35.686149],[148.751977,-35.686092],[148.751884,-35.686031],[148.751628,-35.685844],[148.751543,-35.685794],[148.751458,-35.685738],[148.751373,-35.685688],[148.751218,-35.685575],[148.751086,-35.685557],[148.750765,-35.68536],[148.750472,-35.685198],[148.750178,-35.685139],[148.749014,-35.684972],[148.74872,-35.68489],[148.748426,-35.684785],[148.74781,-35.684701],[148.747528,-35.684803],[148.746935,-35.685211],[148.74637,-35.68554],[148.746074,-35.685722],[148.745495,-35.686085],[148.745185,-35.686209],[148.74489,-35.686196],[148.744611,-35.686068],[148.744331,-35.685963],[148.743689,-35.68557],[148.743089,-35.685246],[148.740895,-35.68419],[148.739043,-35.682114],[148.737681,-35.679697],[148.735846,-35.678069],[148.730809,-35.676691],[148.725921,-35.671923],[148.724476,-35.670641],[148.722584,-35.669138],[148.721198,-35.668807],[148.719979,-35.667411],[148.719968,-35.667395],[148.711108,-35.666222],[148.709904,-35.665938],[148.708785,-35.665632],[148.708242,-35.665284],[148.706596,-35.665627],[148.706203,-35.665028],[148.703694,-35.662855],[148.702733,-35.66227],[148.702191,-35.66179],[148.700195,-35.660847],[148.698363,-35.660249],[148.69668,-35.66019],[148.694523,-35.659853],[148.693307,-35.65942],[148.692356,-35.659149],[148.69069,-35.658792],[148.689232,-35.658655],[148.688559,-35.658604],[148.687578,-35.658528],[148.685027,-35.658188],[148.68395,-35.657893],[148.682997,-35.657771],[148.681612,-35.657451],[148.677681,-35.656378],[148.677008,-35.65635],[148.676428,-35.656758],[148.674123,-35.657832],[148.673929,-35.657922],[148.667952,-35.66048],[148.664212,-35.659848],[148.662435,-35.659307],[148.658063,-35.657478],[148.656693,-35.656988],[148.653722,-35.655305],[148.649352,-35.653271],[148.647112,-35.65274],[148.6447,-35.652666],[148.641144,-35.650635],[148.640102,-35.649926],[148.633832,-35.645657],[148.629918,-35.639064],[148.627353,-35.639458],[148.625942,-35.639563],[148.624153,-35.638908],[148.623868,-35.638127],[148.621835,-35.63542],[148.618804,-35.632843],[148.619081,-35.630622],[148.616127,-35.62886],[148.6155,-35.627159],[148.615422,-35.625279],[148.612716,-35.623885],[148.612775,-35.62344],[148.61282,-35.623098],[148.612464,-35.622422],[148.612769,-35.621564],[148.614094,-35.620819],[148.614369,-35.620173],[148.614412,-35.61917],[148.614601,-35.618454],[148.61444,-35.618485],[148.614279,-35.618519],[148.614119,-35.618554],[148.61396,-35.618592],[148.613802,-35.618632],[148.613576,-35.6187],[148.613353,-35.61878],[148.613131,-35.618861],[148.612907,-35.618932],[148.612678,-35.618984],[148.612467,-35.619019],[148.612249,-35.619048],[148.61203,-35.619065],[148.611818,-35.619062],[148.611618,-35.619032],[148.611392,-35.618949],[148.611179,-35.61882],[148.610978,-35.618662],[148.610792,-35.618489],[148.610624,-35.618316],[148.610458,-35.618091],[148.610335,-35.617838],[148.610227,-35.617576],[148.610106,-35.617322],[148.609944,-35.617092],[148.609707,-35.616867],[148.609433,-35.616662],[148.609134,-35.616472],[148.608824,-35.616293],[148.608515,-35.616121],[148.608072,-35.615882],[148.607611,-35.615657],[148.607135,-35.615453],[148.606647,-35.61528],[148.60615,-35.615146],[148.605593,-35.615042],[148.605011,-35.614973],[148.604422,-35.614945],[148.603841,-35.614964],[148.603283,-35.615035],[148.602833,-35.615133],[148.602384,-35.615265],[148.601947,-35.615429],[148.601535,-35.615622],[148.601159,-35.615842],[148.600855,-35.616113],[148.600602,-35.616443],[148.600363,-35.616783],[148.600102,-35.617089],[148.59978,-35.617314],[148.599377,-35.617446],[148.598922,-35.617513],[148.598438,-35.617534],[148.597947,-35.617526],[148.597473,-35.617509],[148.59697,-35.617474],[148.596467,-35.617408],[148.595967,-35.617317],[148.595471,-35.61721],[148.594981,-35.617094],[148.594743,-35.617021],[148.594553,-35.616963],[148.59419,-35.616824],[148.594133,-35.616802],[148.593716,-35.61664],[148.593295,-35.616505],[148.592865,-35.616425],[148.592532,-35.616407],[148.592194,-35.616413],[148.591854,-35.616438],[148.591515,-35.616476],[148.591181,-35.616521],[148.590643,-35.616608],[148.590099,-35.61672],[148.589568,-35.616863],[148.589069,-35.617046],[148.588621,-35.617276],[148.588343,-35.617478],[148.588092,-35.61771],[148.587856,-35.617958],[148.587619,-35.618207],[148.587369,-35.618442],[148.587201,-35.618593],[148.587036,-35.618749],[148.586867,-35.618901],[148.586688,-35.619038],[148.586492,-35.619152],[148.586184,-35.619262],[148.585841,-35.619328],[148.585477,-35.619363],[148.585107,-35.619382],[148.584746,-35.6194],[148.584481,-35.619414],[148.584215,-35.619421],[148.583949,-35.619423],[148.583683,-35.619418],[148.583419,-35.619407],[148.583299,-35.619812],[148.583054,-35.619998],[148.582318,-35.620355],[148.58181,-35.620441],[148.581652,-35.620441],[148.581372,-35.620384],[148.581127,-35.620498],[148.580759,-35.620598],[148.580689,-35.620684],[148.580671,-35.620799],[148.580496,-35.621171],[148.580163,-35.621572],[148.580057,-35.621815],[148.58004,-35.622001],[148.580088,-35.622202],[148.580162,-35.622302],[148.580232,-35.622474],[148.580547,-35.622904],[148.580582,-35.623019],[148.580547,-35.623147],[148.580563,-35.623441],[148.581025,-35.624105],[148.581042,-35.624319],[148.580762,-35.624563],[148.580569,-35.624663],[148.580253,-35.624906],[148.580061,-35.625207],[148.57992,-35.625565],[148.579832,-35.625923],[148.579867,-35.626338],[148.579972,-35.626582],[148.580165,-35.626883],[148.58027,-35.626969],[148.580392,-35.627015],[148.581145,-35.627012],[148.581741,-35.627084],[148.582056,-35.62717],[148.582546,-35.627399],[148.582686,-35.627585],[148.582686,-35.627714],[148.582598,-35.628101],[148.582633,-35.628173],[148.582798,-35.628319],[148.582861,-35.62833],[148.583001,-35.628445],[148.583386,-35.628817],[148.583544,-35.628889],[148.583684,-35.629004],[148.583754,-35.629133],[148.583789,-35.629433],[148.583824,-35.629505],[148.584069,-35.629763],[148.584244,-35.630006],[148.584331,-35.630193],[148.584384,-35.630236],[148.584471,-35.630465],[148.584541,-35.630837],[148.584541,-35.630838],[148.584523,-35.631238],[148.584488,-35.631324],[148.584576,-35.631353],[148.584725,-35.631505],[148.584786,-35.631568],[148.585048,-35.632055],[148.585188,-35.632184],[148.585486,-35.632313],[148.585959,-35.632513],[148.586064,-35.632585],[148.586222,-35.632785],[148.586204,-35.633015],[148.586081,-35.633158],[148.585696,-35.633473],[148.585503,-35.633702],[148.58496,-35.634132],[148.584925,-35.634246],[148.584977,-35.634461],[148.584925,-35.634576],[148.584161,-35.635221],[148.584026,-35.635354],[148.58389,-35.635529],[148.583812,-35.635724],[148.583797,-35.635918],[148.583797,-35.636069],[148.583754,-35.636191],[148.583646,-35.636361],[148.583608,-35.636468],[148.583578,-35.636609],[148.58351,-35.636711],[148.58343,-35.636778],[148.583084,-35.637096],[148.582891,-35.637354],[148.582891,-35.637483],[148.583136,-35.637655],[148.583154,-35.637712],[148.583136,-35.637784],[148.583031,-35.637898],[148.582926,-35.637984],[148.582751,-35.63807],[148.582628,-35.638041],[148.582506,-35.637955],[148.582348,-35.637955],[148.582033,-35.638098],[148.58156,-35.638112],[148.581192,-35.638428],[148.580981,-35.638871],[148.58049,-35.639258],[148.580385,-35.639459],[148.58035,-35.639587],[148.58035,-35.640017],[148.580385,-35.640189],[148.580525,-35.640533],[148.580647,-35.640705],[148.581225,-35.641149],[148.581313,-35.641264],[148.581313,-35.641679],[148.581418,-35.641937],[148.581558,-35.642152],[148.581575,-35.642481],[148.58165,-35.642726],[148.58154,-35.643069],[148.581557,-35.643556],[148.581452,-35.64367],[148.581277,-35.643684],[148.581207,-35.643785],[148.581207,-35.643871],[148.581154,-35.643999],[148.581154,-35.644114],[148.581241,-35.644329],[148.581241,-35.644429],[148.581101,-35.644601],[148.581101,-35.644658],[148.581276,-35.644773],[148.581276,-35.64483],[148.581171,-35.644959],[148.581171,-35.645045],[148.581241,-35.645188],[148.581241,-35.645289],[148.581206,-35.645375],[148.581101,-35.645389],[148.581013,-35.645331],[148.580891,-35.645331],[148.580347,-35.645546],[148.580172,-35.645689],[148.580014,-35.645904],[148.579927,-35.646076],[148.579909,-35.646176],[148.579869,-35.646217],[148.579646,-35.646448],[148.579488,-35.64652],[148.57919,-35.646548],[148.57898,-35.64662],[148.578805,-35.646806],[148.57863,-35.64672],[148.578577,-35.646763],[148.578594,-35.647078],[148.578629,-35.647121],[148.578752,-35.647136],[148.578787,-35.647179],[148.578664,-35.64735],[148.578664,-35.647451],[148.578734,-35.647522],[148.578997,-35.647594],[148.57926,-35.647709],[148.579488,-35.647866],[148.579961,-35.648268],[148.579943,-35.648325],[148.579803,-35.648411],[148.579803,-35.648497],[148.580048,-35.648712],[148.580188,-35.648869],[148.580468,-35.649385],[148.580573,-35.649714],[148.580573,-35.650115],[148.580538,-35.650201],[148.579994,-35.65096],[148.579661,-35.651304],[148.579346,-35.65149],[148.579241,-35.651519],[148.57889,-35.651533],[148.578627,-35.651509],[148.578067,-35.651647],[148.577961,-35.651733],[148.577874,-35.651934],[148.577891,-35.652406],[148.577856,-35.652521],[148.577751,-35.652607],[148.577628,-35.652635],[148.577313,-35.652621],[148.577268,-35.652648],[148.577155,-35.652779],[148.577155,-35.65295],[148.577277,-35.653165],[148.57747,-35.653323],[148.577785,-35.653667],[148.578296,-35.654151],[148.578521,-35.654383],[148.578626,-35.654555],[148.578643,-35.654684],[148.578556,-35.654928],[148.578573,-35.655042],[148.578713,-35.655243],[148.578713,-35.6554],[148.578573,-35.655601],[148.578573,-35.655758],[148.578765,-35.656145],[148.578769,-35.656211],[148.578713,-35.656346],[148.578713,-35.656546],[148.578765,-35.656647],[148.578835,-35.656704],[148.578888,-35.656704],[148.579063,-35.656589],[148.579168,-35.656589],[148.579322,-35.656734],[148.579343,-35.656804],[148.579431,-35.656876],[148.579659,-35.656862],[148.579799,-35.656905],[148.579904,-35.657019],[148.579851,-35.65732],[148.579886,-35.657406],[148.580184,-35.657621],[148.580201,-35.657836],[148.580149,-35.658008],[148.580236,-35.658108],[148.580394,-35.658223],[148.580552,-35.658452],[148.580551,-35.658753],[148.580657,-35.658968],[148.580657,-35.659032],[148.580429,-35.659211],[148.580551,-35.659383],[148.580534,-35.659498],[148.580428,-35.659669],[148.580341,-35.659755],[148.580218,-35.659798],[148.580078,-35.65977],[148.579885,-35.659626],[148.579815,-35.659626],[148.579727,-35.659726],[148.579727,-35.659812],[148.579885,-35.65997],[148.580691,-35.660357],[148.580796,-35.660457],[148.580761,-35.660529],[148.580691,-35.660572],[148.580481,-35.660557],[148.580253,-35.660385],[148.580183,-35.6603],[148.580095,-35.6603],[148.579832,-35.660529],[148.579797,-35.6606],[148.579797,-35.660643],[148.579867,-35.660715],[148.580095,-35.660758],[148.580165,-35.660844],[148.580165,-35.660915],[148.58013,-35.660958],[148.580025,-35.661016],[148.579744,-35.660944],[148.579376,-35.660786],[148.57917,-35.660792],[148.579096,-35.661101],[148.579131,-35.661689],[148.579043,-35.661789],[148.57871,-35.661903],[148.578657,-35.661946],[148.578762,-35.662433],[148.578762,-35.662662],[148.578639,-35.662791],[148.578342,-35.662906],[148.578289,-35.662949],[148.578236,-35.66302],[148.578219,-35.663293],[148.578166,-35.663378],[148.578026,-35.663464],[148.577718,-35.663555],[148.577658,-35.663536],[148.5775,-35.663564],[148.57722,-35.663808],[148.577149,-35.663836],[148.577009,-35.663836],[148.576746,-35.663679],[148.576519,-35.663707],[148.576448,-35.663765],[148.576448,-35.663865],[148.576483,-35.663937],[148.576483,-35.664123],[148.576413,-35.66418],[148.57629,-35.664166],[148.575923,-35.663951],[148.575642,-35.663721],[148.575485,-35.663506],[148.575415,-35.663349],[148.575222,-35.663177],[148.574959,-35.663005],[148.574872,-35.663005],[148.574819,-35.663077],[148.574977,-35.663349],[148.574959,-35.663478],[148.574889,-35.663535],[148.574784,-35.663521],[148.574696,-35.663449],[148.574644,-35.663291],[148.574486,-35.663076],[148.574118,-35.662847],[148.574083,-35.66279],[148.574083,-35.662546],[148.57361,-35.662045],[148.573523,-35.66203],[148.573488,-35.662059],[148.573488,-35.662131],[148.573593,-35.662317],[148.573593,-35.662403],[148.573558,-35.662446],[148.573487,-35.66246],[148.573242,-35.662231],[148.573155,-35.662188],[148.572892,-35.66217],[148.572261,-35.662245],[148.571858,-35.662345],[148.571577,-35.662488],[148.571043,-35.662901],[148.57104,-35.662903],[148.570595,-35.663247],[148.570227,-35.663562],[148.570107,-35.663734],[148.570052,-35.663905],[148.570052,-35.664192],[148.570087,-35.664349],[148.570086,-35.664822],[148.570016,-35.665108],[148.569928,-35.665209],[148.569788,-35.665252],[148.569736,-35.665237],[148.569648,-35.665166],[148.569543,-35.664994],[148.569456,-35.664994],[148.569403,-35.665037],[148.569298,-35.665266],[148.569175,-35.66538],[148.569017,-35.665437],[148.568842,-35.665437],[148.568492,-35.66538],[148.567633,-35.665365],[148.567528,-35.665337],[148.56737,-35.665208],[148.567265,-35.665165],[148.56702,-35.665165],[148.566932,-35.665193],[148.56681,-35.665293],[148.566634,-35.665565],[148.566546,-35.665794],[148.566511,-35.665952],[148.566511,-35.666167],[148.566581,-35.666439],[148.566721,-35.666654],[148.566896,-35.666797],[148.567071,-35.666897],[148.567404,-35.667041],[148.568052,-35.667256],[148.56835,-35.667313],[148.568718,-35.667342],[148.569682,-35.667342],[148.569945,-35.667256],[148.570067,-35.667257],[148.570278,-35.667414],[148.570278,-35.667543],[148.570155,-35.667729],[148.57005,-35.667987],[148.570049,-35.668144],[148.570102,-35.668331],[148.570312,-35.668689],[148.570312,-35.668889],[148.570259,-35.668961],[148.570154,-35.668975],[148.569996,-35.668889],[148.569926,-35.668889],[148.569856,-35.668946],[148.569821,-35.669089],[148.569751,-35.669161],[148.569681,-35.66919],[148.569558,-35.669104],[148.569558,-35.668889],[148.569716,-35.668731],[148.569576,-35.668531],[148.569576,-35.668359],[148.569611,-35.668302],[148.569611,-35.66823],[148.569559,-35.668173],[148.569471,-35.668144],[148.569331,-35.668144],[148.569191,-35.668259],[148.569121,-35.668387],[148.569121,-35.668516],[148.569208,-35.668645],[148.569208,-35.668688],[148.56912,-35.66876],[148.5687,-35.668545],[148.568525,-35.668545],[148.568455,-35.668588],[148.56849,-35.668731],[148.568787,-35.669118],[148.56876,-35.669205],[148.568612,-35.669275],[148.568507,-35.669289],[148.568454,-35.669332],[148.568419,-35.66939],[148.568402,-35.66959],[148.568349,-35.669748],[148.568209,-35.669919],[148.567893,-35.67022],[148.56777,-35.670406],[148.567735,-35.670492],[148.567735,-35.670664],[148.567823,-35.67095],[148.567822,-35.671079],[148.567787,-35.671165],[148.567647,-35.67128],[148.567489,-35.671222],[148.567279,-35.671036],[148.567192,-35.67105],[148.567122,-35.671108],[148.567086,-35.671251],[148.566981,-35.671451],[148.566998,-35.671838],[148.567051,-35.671981],[148.567068,-35.672153],[148.567051,-35.67221],[148.566946,-35.672296],[148.566735,-35.672339],[148.566665,-35.672382],[148.56663,-35.672454],[148.56663,-35.672568],[148.566752,-35.673127],[148.566787,-35.673198],[148.566857,-35.673256],[148.566945,-35.673284],[148.567155,-35.673256],[148.567296,-35.673299],[148.567506,-35.673456],[148.567926,-35.673414],[148.568049,-35.673457],[148.568329,-35.673743],[148.568767,-35.674316],[148.568802,-35.674402],[148.568802,-35.674617],[148.568837,-35.674674],[148.568907,-35.674688],[148.569047,-35.674617],[148.569117,-35.674631],[148.569187,-35.674703],[148.569152,-35.674889],[148.569222,-35.674946],[148.56945,-35.674946],[148.56959,-35.674904],[148.569783,-35.674889],[148.569888,-35.674918],[148.569905,-35.675047],[148.56987,-35.675133],[148.56966,-35.675333],[148.56966,-35.675476],[148.569765,-35.675863],[148.569765,-35.67635],[148.569992,-35.676951],[148.570027,-35.67698],[148.570307,-35.677582],[148.570482,-35.677854],[148.571113,-35.678542],[148.57113,-35.678656],[148.571095,-35.678756],[148.57099,-35.678771],[148.57085,-35.678713],[148.570745,-35.678713],[148.570499,-35.678885],[148.570412,-35.678828],[148.570342,-35.678656],[148.570272,-35.678584],[148.570044,-35.678555],[148.569974,-35.678613],[148.569974,-35.67867],[148.570044,-35.678756],[148.570026,-35.678956],[148.569921,-35.679042],[148.569676,-35.678928],[148.569605,-35.678928],[148.569535,-35.678985],[148.569553,-35.679128],[148.569868,-35.679372],[148.569868,-35.679501],[148.569465,-35.679887],[148.569324,-35.679959],[148.569237,-35.679959],[148.569132,-35.679873],[148.569132,-35.679801],[148.569255,-35.679615],[148.569255,-35.679529],[148.569185,-35.679457],[148.569044,-35.679429],[148.568746,-35.679514],[148.568431,-35.679686],[148.568098,-35.679758],[148.56801,-35.679829],[148.567916,-35.680029],[148.5678,-35.68013],[148.567554,-35.680101],[148.567397,-35.680029],[148.567274,-35.680029],[148.567134,-35.680144],[148.566958,-35.68033],[148.566853,-35.680387],[148.56659,-35.680416],[148.566398,-35.68033],[148.566258,-35.680215],[148.566135,-35.680029],[148.566065,-35.679843],[148.566048,-35.679614],[148.566013,-35.679542],[148.565908,-35.67947],[148.564874,-35.679427],[148.564768,-35.679498],[148.564751,-35.67967],[148.564628,-35.679742],[148.564207,-35.679699],[148.564085,-35.679756],[148.563769,-35.680042],[148.563629,-35.680114],[148.563156,-35.680042],[148.563086,-35.680113],[148.563086,-35.680171],[148.562998,-35.680242],[148.562384,-35.6805],[148.561981,-35.680571],[148.561683,-35.680571],[148.560667,-35.680456],[148.560106,-35.680255],[148.559984,-35.680241],[148.559178,-35.680212],[148.558967,-35.680241],[148.55888,-35.680298],[148.55888,-35.680341],[148.558985,-35.680427],[148.559142,-35.680484],[148.559212,-35.680556],[148.559212,-35.680613],[148.559142,-35.680699],[148.559002,-35.680813],[148.558809,-35.680913],[148.558231,-35.68097],[148.557968,-35.681056],[148.557565,-35.681242],[148.557459,-35.681328],[148.557407,-35.681414],[148.557389,-35.682058],[148.557336,-35.682273],[148.557353,-35.682459],[148.557459,-35.682545],[148.557511,-35.682545],[148.557599,-35.682603],[148.557651,-35.682746],[148.557791,-35.682861],[148.557914,-35.682918],[148.558002,-35.682904],[148.558159,-35.682789],[148.558352,-35.682775],[148.558633,-35.682875],[148.559491,-35.683635],[148.559508,-35.683678],[148.559456,-35.683735],[148.559386,-35.683735],[148.559018,-35.683577],[148.558895,-35.683577],[148.55879,-35.683677],[148.55879,-35.683806],[148.55886,-35.683878],[148.559157,-35.684121],[148.559525,-35.684365],[148.559893,-35.684537],[148.560139,-35.684609],[148.560471,-35.68491],[148.560647,-35.684953],[148.560839,-35.685082],[148.56112,-35.685025],[148.561453,-35.685039],[148.56168,-35.685154],[148.562013,-35.685412],[148.562223,-35.685569],[148.563064,-35.685999],[148.563205,-35.686042],[148.563573,-35.686071],[148.563713,-35.686124],[148.563888,-35.686143],[148.564116,-35.686057],[148.564291,-35.685942],[148.564449,-35.685943],[148.564729,-35.686143],[148.56508,-35.686143],[148.565308,-35.686244],[148.565378,-35.686244],[148.565553,-35.686315],[148.565728,-35.68633],[148.565781,-35.686373],[148.565816,-35.686344],[148.565903,-35.686344],[148.566201,-35.686502],[148.566419,-35.686533],[148.566657,-35.686659],[148.566902,-35.686746],[148.566972,-35.686803],[148.56713,-35.686989],[148.567322,-35.687304],[148.567357,-35.687404],[148.56734,-35.687619],[148.567147,-35.688149],[148.567059,-35.688278],[148.566743,-35.688578],[148.566445,-35.688736],[148.566287,-35.688865],[148.566007,-35.689165],[148.565723,-35.689371],[148.565637,-35.689417],[148.565397,-35.689568],[148.565094,-35.68978],[148.564675,-35.690026],[148.564149,-35.690334],[148.563572,-35.69068],[148.563276,-35.690854],[148.562823,-35.691072],[148.562677,-35.691128],[148.562627,-35.691161],[148.562632,-35.691229],[148.562658,-35.691283],[148.562658,-35.691369],[148.562851,-35.691527],[148.562851,-35.691598],[148.562788,-35.691683],[148.562658,-35.69177],[148.562412,-35.691856],[148.562254,-35.691885],[148.562114,-35.69187],[148.562044,-35.691813],[148.562044,-35.691598],[148.562009,-35.691569],[148.561922,-35.691569],[148.561781,-35.691813],[148.561659,-35.691813],[148.561361,-35.691483],[148.561238,-35.69144],[148.561063,-35.691311],[148.560888,-35.691297],[148.560502,-35.690967],[148.560485,-35.69091],[148.560608,-35.690695],[148.560608,-35.690566],[148.560555,-35.690509],[148.560187,-35.690394],[148.559732,-35.690194],[148.558856,-35.689935],[148.558382,-35.689692],[148.557699,-35.689491],[148.557401,-35.689491],[148.557278,-35.689534],[148.557068,-35.68972],[148.55691,-35.689791],[148.556805,-35.689877],[148.5567,-35.690135],[148.556577,-35.690249],[148.556349,-35.69035],[148.556244,-35.69045],[148.556244,-35.690593],[148.556348,-35.69098],[148.556348,-35.691237],[148.556243,-35.691467],[148.556243,-35.691538],[148.556348,-35.691624],[148.556506,-35.691624],[148.556646,-35.691753],[148.556663,-35.691868],[148.556576,-35.692082],[148.55633,-35.692397],[148.556119,-35.692569],[148.555716,-35.692827],[148.555436,-35.692941],[148.555365,-35.692998],[148.555383,-35.693084],[148.555435,-35.693142],[148.555435,-35.693256],[148.55533,-35.693356],[148.555155,-35.693371],[148.55491,-35.693213],[148.554752,-35.692969],[148.554682,-35.692726],[148.554613,-35.691723],[148.55449,-35.691308],[148.554298,-35.69105],[148.554123,-35.690936],[148.554035,-35.690936],[148.553822,-35.691037],[148.553649,-35.691179],[148.553421,-35.691308],[148.553158,-35.691537],[148.552878,-35.691708],[148.552158,-35.692338],[148.552001,-35.692395],[148.551871,-35.69239],[148.551668,-35.692524],[148.551615,-35.69261],[148.551597,-35.69314],[148.551544,-35.693297],[148.551421,-35.693469],[148.551404,-35.693598],[148.551421,-35.693641],[148.551561,-35.693741],[148.551649,-35.693741],[148.551789,-35.693655],[148.551842,-35.693555],[148.551912,-35.693498],[148.551982,-35.693484],[148.552158,-35.693541],[148.55228,-35.69367],[148.552333,-35.693813],[148.552333,-35.693971],[148.552262,-35.694157],[148.552069,-35.694414],[148.551662,-35.694828],[148.55121,-35.695259],[148.550999,-35.695789],[148.550946,-35.696147],[148.550876,-35.69639],[148.550419,-35.697364],[148.550209,-35.697707],[148.550279,-35.697936],[148.550279,-35.698065],[148.549998,-35.698309],[148.549998,-35.698523],[148.550138,-35.698953],[148.550153,-35.699078],[148.550207,-35.699368],[148.550365,-35.699798],[148.55061,-35.69997],[148.550926,-35.700113],[148.551153,-35.700292],[148.551223,-35.700386],[148.551258,-35.700543],[148.551241,-35.700772],[148.551188,-35.70093],[148.550995,-35.701159],[148.550469,-35.701373],[148.550381,-35.701474],[148.550398,-35.701617],[148.550661,-35.702004],[148.550783,-35.702433],[148.551029,-35.70262],[148.551069,-35.702759],[148.550976,-35.702935],[148.550976,-35.703078],[148.551046,-35.703235],[148.551186,-35.703407],[148.551309,-35.703508],[148.551624,-35.703694],[148.551817,-35.703852],[148.551939,-35.704038],[148.551939,-35.704482],[148.551833,-35.704897],[148.551833,-35.705054],[148.551868,-35.705155],[148.551938,-35.705255],[148.55212,-35.705404],[148.552149,-35.705427],[148.552429,-35.705542],[148.552552,-35.705642],[148.552779,-35.705957],[148.553042,-35.706186],[148.553094,-35.706301],[148.553146,-35.70634],[148.552954,-35.706501],[148.552779,-35.706544],[148.552358,-35.706501],[148.550658,-35.705584],[148.550168,-35.705455],[148.549795,-35.705417],[148.549722,-35.705424],[148.549594,-35.705439],[148.54945,-35.705471],[148.54934,-35.705537],[148.549234,-35.705647],[148.549179,-35.705768],[148.549181,-35.705843],[148.549188,-35.705871],[148.549115,-35.706098],[148.548975,-35.70637],[148.548466,-35.707143],[148.548308,-35.707501],[148.548325,-35.707759],[148.548588,-35.708189],[148.548675,-35.70839],[148.548728,-35.708633],[148.548675,-35.709163],[148.548534,-35.709621],[148.548551,-35.709678],[148.548516,-35.709736],[148.548481,-35.709936],[148.548438,-35.71001],[148.548446,-35.710065],[148.54834,-35.71048],[148.547796,-35.711883],[148.547655,-35.712513],[148.547637,-35.712828],[148.547584,-35.713115],[148.547461,-35.713501],[148.547409,-35.713544],[148.547321,-35.713558],[148.547216,-35.713501],[148.547128,-35.713487],[148.54662,-35.713486],[148.546534,-35.713449],[148.546444,-35.713558],[148.546392,-35.713744],[148.546286,-35.71383],[148.546041,-35.713916],[148.545971,-35.713973],[148.545918,-35.714216],[148.545602,-35.714431],[148.545567,-35.714503],[148.545584,-35.714675],[148.545532,-35.714746],[148.545391,-35.714818],[148.545181,-35.714875],[148.545111,-35.714932],[148.545093,-35.715018],[148.545146,-35.715075],[148.545128,-35.715147],[148.54504,-35.715218],[148.5449,-35.715261],[148.54476,-35.715376],[148.544725,-35.715447],[148.544619,-35.715547],[148.544549,-35.715547],[148.544374,-35.715461],[148.544286,-35.715461],[148.544251,-35.715504],[148.544269,-35.715676],[148.544181,-35.715762],[148.544076,-35.715805],[148.543795,-35.715819],[148.54362,-35.715905],[148.543252,-35.715948],[148.542953,-35.716019],[148.542708,-35.716019],[148.542445,-35.715976],[148.54234,-35.715933],[148.542077,-35.715933],[148.541533,-35.716104],[148.541007,-35.716333],[148.540726,-35.716519],[148.540586,-35.716676],[148.540621,-35.716791],[148.540649,-35.716835],[148.540115,-35.716883],[148.53982,-35.716926],[148.539511,-35.716924],[148.53923,-35.716956],[148.538596,-35.717089],[148.538287,-35.717132],[148.537695,-35.717323],[148.536763,-35.717762],[148.536466,-35.717897],[148.53586,-35.718156],[148.535549,-35.718257],[148.535267,-35.718358],[148.534943,-35.718447],[148.534351,-35.718626],[148.533717,-35.71885],[148.533435,-35.718962],[148.533152,-35.719086],[148.532827,-35.719267],[148.53253,-35.719414],[148.53222,-35.719549],[148.531937,-35.719684],[148.531655,-35.719854],[148.531357,-35.720058],[148.530082,-35.72118],[148.529409,-35.722116],[148.528238,-35.723711],[148.527366,-35.726191],[148.526352,-35.727638],[148.525548,-35.729052],[148.52565,-35.729993],[148.52557,-35.730748],[148.525248,-35.731892],[148.525256,-35.732373],[148.525445,-35.732982],[148.525804,-35.734715],[148.526053,-35.735003],[148.526227,-35.735749],[148.525634,-35.737211],[148.525235,-35.737632],[148.524748,-35.738464],[148.524493,-35.739803],[148.523437,-35.74235],[148.522005,-35.744699],[148.518478,-35.748517],[148.517968,-35.749294],[148.51719,-35.753651],[148.516964,-35.75419],[148.516318,-35.755182],[148.513167,-35.758495],[148.511671,-35.760468],[148.509855,-35.761142],[148.508025,-35.761959],[148.507491,-35.762578],[148.506757,-35.765379],[148.506985,-35.766958],[148.506968,-35.768469],[148.50564,-35.770768],[148.503461,-35.773905],[148.503228,-35.77511],[148.503295,-35.776712],[148.503496,-35.778028],[148.502535,-35.778284],[148.500638,-35.778914],[148.499713,-35.779087],[148.498468,-35.778994],[148.497066,-35.779222],[148.496428,-35.779404],[148.495839,-35.779478],[148.494329,-35.779586],[148.49234,-35.781031],[148.490282,-35.782526],[148.489653,-35.783487],[148.489001,-35.785409],[148.488909,-35.785914],[148.488413,-35.786731],[148.487674,-35.787252],[148.486431,-35.787931],[148.485605,-35.788836],[148.484088,-35.790668],[148.483118,-35.791265],[148.482504,-35.791705],[148.481001,-35.792392],[148.479691,-35.792745],[148.478886,-35.793621],[148.478787,-35.795391],[148.478378,-35.796436],[148.477477,-35.798126],[148.475983,-35.800868],[148.475728,-35.801872],[148.474411,-35.804058],[148.473942,-35.805452],[148.473447,-35.807666],[148.473068,-35.80827],[148.472326,-35.809157],[148.468934,-35.815583],[148.468908,-35.816004],[148.468839,-35.817118],[148.46912,-35.818244],[148.468634,-35.82004],[148.468831,-35.821842],[148.469458,-35.822587],[148.471023,-35.823566],[148.468715,-35.824636],[148.466244,-35.826189],[148.463061,-35.826997],[148.460071,-35.828633],[148.459789,-35.829792],[148.457038,-35.833373],[148.457425,-35.834029],[148.457434,-35.834853],[148.456591,-35.836709],[148.453833,-35.839065],[148.453068,-35.84041],[148.452706,-35.841999],[148.452427,-35.842814],[148.452583,-35.844186],[148.453192,-35.846415],[148.452392,-35.849736],[148.451657,-35.852478],[148.451081,-35.852591],[148.451027,-35.852763],[148.451853,-35.853627],[148.451507,-35.854133],[148.45012,-35.854613],[148.449394,-35.856336],[148.448971,-35.85753],[148.447529,-35.857563],[148.446922,-35.859211],[148.447357,-35.859723],[148.448187,-35.860398],[148.448902,-35.861417],[148.450104,-35.861907],[148.450488,-35.864177],[148.450819,-35.865423],[148.45027,-35.866096],[148.450391,-35.86684],[148.450272,-35.868117],[148.450316,-35.869497],[148.450836,-35.870048],[148.450973,-35.87119],[148.450991,-35.871335],[148.450618,-35.871962],[148.449804,-35.8721],[148.449366,-35.871943],[148.44843,-35.871972],[148.447206,-35.872548],[148.445774,-35.873771],[148.445552,-35.874967],[148.446291,-35.87886],[148.444922,-35.881607],[148.444218,-35.882428],[148.442701,-35.883621],[148.441103,-35.886126],[148.440163,-35.887266],[148.440492,-35.888265],[148.440027,-35.890582],[148.440594,-35.891793],[148.439234,-35.895004],[148.439183,-35.895972],[148.438312,-35.898899],[148.43863,-35.899474],[148.439035,-35.899814],[148.439352,-35.900515],[148.442737,-35.901331],[148.443694,-35.902162],[148.444583,-35.902671],[148.444844,-35.904969],[148.446477,-35.9057],[148.447447,-35.905907],[148.449642,-35.905925],[148.451238,-35.906179],[148.452494,-35.906059],[148.453755,-35.905944],[148.455579,-35.905634],[148.458744,-35.906592],[148.461437,-35.907135],[148.462812,-35.907689],[148.463906,-35.909397],[148.464105,-35.909462],[148.471353,-35.915032],[148.472775,-35.918281],[148.470825,-35.920693],[148.470513,-35.922581],[148.471368,-35.924677],[148.470989,-35.926095],[148.470779,-35.927617],[148.470493,-35.933704],[148.470915,-35.9346],[148.470495,-35.937421],[148.469605,-35.938624],[148.468887,-35.941868],[148.469536,-35.942479],[148.471122,-35.94314],[148.473931,-35.945625],[148.477747,-35.945704],[148.479075,-35.945207],[148.480446,-35.94549],[148.481147,-35.945445],[148.481439,-35.945427],[148.483066,-35.946192],[148.483887,-35.947325],[148.484761,-35.949695],[148.488118,-35.952411],[148.487212,-35.954617],[148.487459,-35.955455],[148.491453,-35.957289],[148.492566,-35.957814],[148.494255,-35.958787],[148.494246,-35.958922],[148.494217,-35.95922],[148.494155,-35.959547],[148.494077,-35.959795],[148.49406,-35.95999],[148.493987,-35.960186],[148.493929,-35.960398],[148.493898,-35.960588],[148.493885,-35.960892],[148.493864,-35.961196],[148.493893,-35.961527],[148.493895,-35.962214],[148.493901,-35.962466],[148.493918,-35.962855],[148.493948,-35.96325],[148.493962,-35.963525],[148.493991,-35.963857],[148.49405,-35.963987],[148.494145,-35.964089],[148.494333,-35.964264],[148.494434,-35.964399],[148.494643,-35.96486],[148.494797,-35.965098],[148.494886,-35.965348],[148.494912,-35.965503],[148.494887,-35.965643],[148.49524,-35.965832],[148.49577,-35.966162],[148.496216,-35.96651],[148.49696,-35.967251],[148.497201,-35.967542],[148.497471,-35.967856],[148.49762,-35.968113],[148.497897,-35.968335],[148.498165,-35.968517],[148.498568,-35.968658],[148.499365,-35.96897],[148.499662,-35.969055],[148.499973,-35.969265],[148.50027,-35.969476],[148.500433,-35.969555],[148.500651,-35.969594],[148.501012,-35.969626],[148.50123,-35.969661],[148.501358,-35.969719],[148.501444,-35.969794],[148.501675,-35.970012],[148.50183,-35.970127],[148.501992,-35.970151],[148.502175,-35.970146],[148.502527,-35.970112],[148.502858,-35.970096],[148.503182,-35.970103],[148.503569,-35.970116],[148.503837,-35.970105],[148.504098,-35.970071],[148.504323,-35.970032],[148.50457,-35.970016],[148.505281,-35.970058],[148.505802,-35.97002],[148.506084,-35.970055],[148.506407,-35.970142],[148.506435,-35.970148],[148.506904,-35.970364],[148.507327,-35.970466],[148.507608,-35.970505],[148.507861,-35.970573],[148.508113,-35.970666],[148.508277,-35.970754],[148.508618,-35.970804],[148.508936,-35.97083],[148.509314,-35.970927],[148.509602,-35.970977],[148.509721,-35.971024],[148.509792,-35.971063],[148.510102,-35.971443],[148.510471,-35.971834],[148.510659,-35.97203],[148.511034,-35.972361],[148.511296,-35.972526],[148.511942,-35.972746],[148.512349,-35.97283],[148.512633,-35.972977],[148.512817,-35.973115],[148.513063,-35.973201],[148.513471,-35.973283],[148.513851,-35.973312],[148.51407,-35.973348],[148.51431,-35.973435],[148.514408,-35.97359],[148.514472,-35.973823],[148.514507,-35.974086],[148.51452,-35.97441],[148.514546,-35.974608],[148.514558,-35.974805],[148.514647,-35.975064],[148.514753,-35.975206],[148.514845,-35.975379],[148.514871,-35.975583],[148.514835,-35.976021],[148.514818,-35.976273],[148.514837,-35.976543],[148.514827,-35.976753],[148.514792,-35.976892],[148.514794,-35.976964],[148.514805,-35.977143],[148.514822,-35.977299],[148.514818,-35.977473],[148.514805,-35.977551],[148.514792,-35.977659],[148.514764,-35.977732],[148.514721,-35.97781],[148.514637,-35.977907],[148.514662,-35.978185],[148.514696,-35.978488],[148.514849,-35.978764],[148.515235,-35.979217],[148.515663,-35.979636],[148.515808,-35.979835],[148.515952,-35.980208],[148.516223,-35.980517],[148.516418,-35.980664],[148.516569,-35.98083],[148.516682,-35.980979],[148.516946,-35.981234],[148.517147,-35.981345],[148.51734,-35.981409],[148.51774,-35.981493],[148.518206,-35.981548],[148.518891,-35.981502],[148.51926,-35.98153],[148.519422,-35.981565],[148.519675,-35.981657],[148.519893,-35.981778],[148.520118,-35.981939],[148.520364,-35.9821],[148.52056,-35.982176],[148.520788,-35.982234],[148.521002,-35.982273],[148.521158,-35.982295],[148.521329,-35.982353],[148.521448,-35.982411],[148.521515,-35.982477],[148.521606,-35.982583],[148.521626,-35.982621],[148.521798,-35.982808],[148.522036,-35.983021],[148.522332,-35.983182],[148.522483,-35.983242],[148.52269,-35.983319],[148.522847,-35.983396],[148.523063,-35.983483],[148.523203,-35.983493],[148.523291,-35.983486],[148.523461,-35.983484],[148.523609,-35.983512],[148.524037,-35.9836],[148.524323,-35.983651],[148.524872,-35.983767],[148.525248,-35.983859],[148.525507,-35.983985],[148.525776,-35.984119],[148.526115,-35.984237],[148.526455,-35.984338],[148.526732,-35.984433],[148.526922,-35.984493],[148.527097,-35.984569],[148.527345,-35.984672],[148.527491,-35.984749],[148.527593,-35.984846],[148.527726,-35.985006],[148.527979,-35.985333],[148.528245,-35.985718],[148.528525,-35.986033],[148.528714,-35.986274],[148.528931,-35.986486],[148.529065,-35.986554],[148.52955,-35.986874],[148.529731,-35.987025],[148.52997,-35.987232],[148.530139,-35.987517],[148.530205,-35.987665],[148.5303,-35.987825],[148.530393,-35.987902],[148.53046,-35.98795],[148.530524,-35.988054],[148.53056,-35.988183],[148.530592,-35.988359],[148.530653,-35.988496],[148.530738,-35.98862],[148.53092,-35.988826],[148.531105,-35.989142],[148.531165,-35.989232],[148.531232,-35.989427],[148.531222,-35.989531],[148.531225,-35.989696],[148.531247,-35.989822],[148.531258,-35.989936],[148.531314,-35.990049],[148.531413,-35.990169],[148.531555,-35.990269],[148.531682,-35.990339],[148.531848,-35.990439],[148.532015,-35.990558],[148.532269,-35.990724],[148.53233,-35.990745],[148.532471,-35.99077],[148.532597,-35.990784],[148.532781,-35.990798],[148.532979,-35.990795],[148.533138,-35.990805],[148.53339,-35.990825],[148.533649,-35.990885],[148.533945,-35.990964],[148.534326,-35.99112],[148.534589,-35.991246],[148.534878,-35.991427],[148.535127,-35.991597],[148.535367,-35.991731],[148.53557,-35.9919],[148.535733,-35.992047],[148.535851,-35.992191],[148.536021,-35.992452],[148.536065,-35.992726],[148.536059,-35.992903],[148.53605,-35.993014],[148.536048,-35.993124],[148.536051,-35.993253],[148.536102,-35.993418],[148.536158,-35.993535],[148.536228,-35.993644],[148.536288,-35.993753],[148.536363,-35.993878],[148.536419,-35.994066],[148.536477,-35.994293],[148.536484,-35.994426],[148.536487,-35.994563],[148.536475,-35.994701],[148.536429,-35.994831],[148.536325,-35.994962],[148.536066,-35.995163],[148.535913,-35.995236],[148.535755,-35.995317],[148.535592,-35.995409],[148.535368,-35.995565],[148.535077,-35.995749],[148.534738,-35.995946],[148.534457,-35.996081],[148.534338,-35.996134],[148.534213,-35.996194],[148.534133,-35.996266],[148.534043,-35.996381],[148.533917,-35.996595],[148.533771,-35.996816],[148.533718,-35.996934],[148.533648,-35.997077],[148.533572,-35.997168],[148.53352,-35.997216],[148.533479,-35.997247],[148.533397,-35.997327],[148.533342,-35.997409],[148.533308,-35.997502],[148.533246,-35.997695],[148.533209,-35.997758],[148.533172,-35.997829],[148.533153,-35.99788],[148.533156,-35.99799],[148.533192,-35.998104],[148.533242,-35.998193],[148.533317,-35.998272],[148.533426,-35.998415],[148.533688,-35.99869],[148.534233,-35.999244],[148.534596,-35.999599],[148.534951,-35.999906],[148.535132,-36.000049],[148.535244,-36.000117],[148.535384,-36.000077],[148.535528,-36.000032],[148.535675,-36.000021],[148.535799,-36.000024],[148.535928,-36.000022],[148.536046,-36.000016],[148.536218,-35.999944],[148.536419,-35.999837],[148.536525,-35.999751],[148.536662,-35.999694],[148.536838,-35.999683],[148.537035,-35.999675],[148.537208,-35.999671],[148.537458,-35.999646],[148.537645,-35.999617],[148.537855,-35.999557],[148.537864,-35.999555],[148.538128,-35.999464],[148.53828,-35.999441],[148.538488,-35.999434],[148.538651,-35.999453],[148.538866,-35.999498],[148.539102,-35.999536],[148.539308,-35.999557],[148.539457,-35.999567],[148.539749,-35.999575],[148.540131,-35.999551],[148.540475,-35.999539],[148.540783,-35.999531],[148.540938,-35.999536],[148.541187,-35.999572],[148.541397,-35.999634],[148.541843,-35.999729],[148.542088,-35.999778],[148.542282,-35.999809],[148.542535,-35.99982],[148.542747,-35.999831],[148.54303,-35.999832],[148.543194,-35.999837],[148.543374,-35.999852],[148.543618,-35.999903],[148.543943,-35.999992],[148.544205,-36.00005],[148.544483,-36.000081],[148.544754,-36.000122],[148.545021,-36.000133],[148.545333,-36.000118],[148.54551,-36.000107],[148.545982,-36.000146],[148.546881,-36.000143],[148.547269,-36.000133],[148.547508,-36.000111],[148.547712,-36.000104],[148.54834,-36.000161],[148.54863,-36.000163],[148.548838,-36.000151],[148.548987,-36.000141],[148.549503,-36.000179],[148.549973,-36.000205],[148.550329,-36.000257],[148.550593,-36.000304],[148.550824,-36.00039],[148.551096,-36.00054],[148.55138,-36.000722],[148.551395,-36.000729],[148.551513,-36.000781],[148.551662,-36.000779],[148.551799,-36.000759],[148.55194,-36.000696],[148.552007,-36.000645],[148.552583,-36.000395],[148.553021,-36.000201],[148.5532,-36.000094],[148.553353,-35.999987],[148.553666,-35.999788],[148.553782,-35.999755],[148.554289,-35.999607],[148.554701,-35.999465],[148.555554,-35.99916],[148.555767,-35.999131],[148.556001,-35.999154],[148.556428,-35.999185],[148.556694,-35.999218],[148.556967,-35.99931],[148.557349,-35.999451],[148.557869,-35.999778],[148.55829,-36.000274],[148.558713,-36.000853],[148.55917,-36.00146],[148.559742,-36.002677],[148.559923,-36.003176],[148.560135,-36.003535],[148.560449,-36.00381],[148.560694,-36.004057],[148.560939,-36.004332],[148.560979,-36.00461],[148.560988,-36.005056],[148.560756,-36.005476],[148.560455,-36.005842],[148.560022,-36.006461],[148.559655,-36.006939],[148.559457,-36.007359],[148.559433,-36.007861],[148.559308,-36.008475],[148.559249,-36.008938],[148.559192,-36.009524],[148.559205,-36.010193],[148.559148,-36.010779],[148.559093,-36.01142],[148.559138,-36.012005],[148.559255,-36.012728],[148.559118,-36.013136],[148.558964,-36.013581],[148.558869,-36.013973],[148.558807,-36.014336],[148.55882,-36.014949],[148.558688,-36.01523],[148.558485,-36.015372],[148.558213,-36.015487],[148.557771,-36.015688],[148.557567,-36.015774],[148.557398,-36.015916],[148.557367,-36.016083],[148.557409,-36.016473],[148.557621,-36.016777],[148.558185,-36.01755],[148.558229,-36.018023],[148.558168,-36.018415],[148.558651,-36.018588],[148.559344,-36.018941],[148.559863,-36.019186],[148.560145,-36.019572],[148.560186,-36.019791],[148.560299,-36.020407],[148.560211,-36.021188],[148.560327,-36.0218],[148.560335,-36.022246],[148.560309,-36.022637],[148.560212,-36.022945],[148.560013,-36.023282],[148.559746,-36.023648],[148.559581,-36.024012],[148.559656,-36.024275],[148.559682,-36.024348],[148.559509,-36.024399],[148.559169,-36.024515],[148.558897,-36.024724],[148.55846,-36.025036],[148.558053,-36.025353],[148.557871,-36.025565],[148.557807,-36.025683],[148.557633,-36.026033],[148.557417,-36.02656],[148.557166,-36.027996],[148.556919,-36.029972],[148.556811,-36.030479],[148.556794,-36.030541],[148.556581,-36.031938],[148.556492,-36.032509],[148.556222,-36.034227],[148.556255,-36.034561],[148.556361,-36.034974],[148.556527,-36.035433],[148.556691,-36.035829],[148.556738,-36.03621],[148.556705,-36.036513],[148.556555,-36.036881],[148.556327,-36.037234],[148.555922,-36.037574],[148.555265,-36.037996],[148.554918,-36.038287],[148.554631,-36.038625],[148.554365,-36.039058],[148.554122,-36.03965],[148.55397,-36.039923],[148.553888,-36.040148],[148.553799,-36.040647],[148.55381,-36.041185],[148.553967,-36.041701],[148.554196,-36.042116],[148.554426,-36.042571],[148.554596,-36.042802],[148.554703,-36.042946],[148.555003,-36.04326],[148.555452,-36.043653],[148.555852,-36.044066],[148.556184,-36.044667],[148.557549,-36.047015],[148.557941,-36.047749],[148.558146,-36.048017],[148.558308,-36.048358],[148.55856,-36.048787],[148.559017,-36.049394],[148.559312,-36.049751],[148.559674,-36.050107],[148.559991,-36.050409],[148.560397,-36.050747],[148.560735,-36.051013],[148.560985,-36.051298],[148.56119,-36.051566],[148.5614,-36.052015],[148.56154,-36.052589],[148.561519,-36.053138],[148.561293,-36.054736],[148.5613,-36.055129],[148.561339,-36.055468],[148.56151,-36.055936],[148.561677,-36.056274],[148.561976,-36.056715],[148.563827,-36.059175],[148.565255,-36.06106],[148.565484,-36.061354],[148.565744,-36.061661],[148.565939,-36.061839],[148.566181,-36.062004],[148.566471,-36.062168],[148.566792,-36.062306],[148.567224,-36.062456],[148.567704,-36.062566],[148.568378,-36.062727],[148.568562,-36.062772],[148.568728,-36.062811],[148.568984,-36.062911],[148.569241,-36.063024],[148.569386,-36.063126],[148.569613,-36.06333],[148.569808,-36.063547],[148.569941,-36.063817],[148.570059,-36.064138],[148.570067,-36.06417],[148.57021,-36.064625],[148.570301,-36.065113],[148.570347,-36.065458],[148.570366,-36.065712],[148.570273,-36.066257],[148.570133,-36.066731],[148.570006,-36.067046],[148.56938,-36.068493],[148.569236,-36.068746],[148.56909,-36.068905],[148.568916,-36.0691],[148.568651,-36.069273],[148.568209,-36.069509],[148.567827,-36.069755],[148.567532,-36.069916],[148.567298,-36.070113],[148.56702,-36.07037],[148.566817,-36.070651],[148.56663,-36.070956],[148.566518,-36.07132],[148.56648,-36.071659],[148.566479,-36.072336],[148.566482,-36.072656],[148.56651,-36.07292],[148.566631,-36.073182],[148.56668,-36.073294],[148.566682,-36.073407],[148.566623,-36.073533],[148.565692,-36.074631],[148.564917,-36.075594],[148.56479,-36.075728],[148.564616,-36.075888],[148.56404,-36.076284],[148.563429,-36.076716],[148.563227,-36.07688],[148.563124,-36.076965],[148.562801,-36.077199],[148.562522,-36.077433],[148.561523,-36.078366],[148.561218,-36.078636],[148.561061,-36.078761],[148.560921,-36.078842],[148.560754,-36.078901],[148.560416,-36.078964],[148.56034,-36.078979],[148.560181,-36.079002],[148.559969,-36.079048],[148.559749,-36.079101],[148.55952,-36.079169],[148.559335,-36.079229],[148.55901,-36.079355],[148.558659,-36.079504],[148.55815,-36.079712],[148.557385,-36.080009],[148.557025,-36.080143],[148.556348,-36.080405],[148.555909,-36.080604],[148.555418,-36.080848],[148.555039,-36.081049],[148.554624,-36.081313],[148.554228,-36.081646],[148.553897,-36.081909],[148.553601,-36.082212],[148.553373,-36.082543],[148.553311,-36.082789],[148.553332,-36.08302],[148.55342,-36.083223],[148.553608,-36.083398],[148.553948,-36.083625],[148.554476,-36.084],[148.555054,-36.084415],[148.555524,-36.084678],[148.556092,-36.085012],[148.556467,-36.085256],[148.556675,-36.08543],[148.556883,-36.085635],[148.557133,-36.086005],[148.557277,-36.086158],[148.557445,-36.086291],[148.557961,-36.086574],[148.558257,-36.086664],[148.558565,-36.086753],[148.559974,-36.086973],[148.560896,-36.087137],[148.561716,-36.087251],[148.562049,-36.087309],[148.562242,-36.087389],[148.562435,-36.08748],[148.562616,-36.087592],[148.562784,-36.087714],[148.563148,-36.088001],[148.563914,-36.088645],[148.564279,-36.088993],[148.564605,-36.089321],[148.564918,-36.089628],[148.565113,-36.089791],[148.565282,-36.089966],[148.56544,-36.090171],[148.565559,-36.090387],[148.565719,-36.090717],[148.565905,-36.091079],[148.566078,-36.091409],[148.566239,-36.091791],[148.566347,-36.092131],[148.566546,-36.093104],[148.56659,-36.093425],[148.566608,-36.093664],[148.566586,-36.093861],[148.566515,-36.094163],[148.566421,-36.094539],[148.566326,-36.094893],[148.566204,-36.095206],[148.566117,-36.095331],[148.565956,-36.095572],[148.565769,-36.095834],[148.56537,-36.096306],[148.564834,-36.096977],[148.564422,-36.097449],[148.563834,-36.098099],[148.562173,-36.10005],[148.561898,-36.100386],[148.561724,-36.100606],[148.5616,-36.100784],[148.561527,-36.100941],[148.56148,-36.101159],[148.561433,-36.10147],[148.561407,-36.101797],[148.561412,-36.102075],[148.561448,-36.102336],[148.561493,-36.102573],[148.561546,-36.102719],[148.561609,-36.102849],[148.561765,-36.103101],[148.56188,-36.103296],[148.561985,-36.103499],[148.562039,-36.103686],[148.562062,-36.103825],[148.562065,-36.104013],[148.562038,-36.104144],[148.561923,-36.10447],[148.561789,-36.104808],[148.561672,-36.104989],[148.561623,-36.105037],[148.561523,-36.105138],[148.561334,-36.105239],[148.561144,-36.105299],[148.560983,-36.105325],[148.560832,-36.105327],[148.56067,-36.105297],[148.560477,-36.105242],[148.558986,-36.104721],[148.55856,-36.104596],[148.558165,-36.104487],[148.557902,-36.104441],[148.55768,-36.104411],[148.557449,-36.104422],[148.557167,-36.104451],[148.556265,-36.104675],[148.555764,-36.104812],[148.555584,-36.10488],[148.555374,-36.104965],[148.55512,-36.105116],[148.554743,-36.105432],[148.554457,-36.105706],[148.554034,-36.10573],[148.552537,-36.105676],[148.552241,-36.105597],[148.551944,-36.10546],[148.551434,-36.105015],[148.551233,-36.104219],[148.550929,-36.103328],[148.549806,-36.102559],[148.546696,-36.101541],[148.543703,-36.100937],[148.540927,-36.099923],[148.5381,-36.099459],[148.532282,-36.095828],[148.527429,-36.08922],[148.526006,-36.08797],[148.522125,-36.090254],[148.514903,-36.087822],[148.512948,-36.087699],[148.501231,-36.094579],[148.497563,-36.096717],[148.495403,-36.097996],[148.491413,-36.100335],[148.487829,-36.100374],[148.486585,-36.099264],[148.486358,-36.098405],[148.482087,-36.100575],[148.480597,-36.104174],[148.478315,-36.105598],[148.476891,-36.106218],[148.477433,-36.109677],[148.478905,-36.112069],[148.478908,-36.113604],[148.475467,-36.115018],[148.472759,-36.116179],[148.472508,-36.117336],[148.471012,-36.117509],[148.470722,-36.118891],[148.470111,-36.119126],[148.469604,-36.119367],[148.469096,-36.119585],[148.468588,-36.119792],[148.468024,-36.119884],[148.467417,-36.119885],[148.466838,-36.119863],[148.466274,-36.119806],[148.465723,-36.119727],[148.465187,-36.119601],[148.46465,-36.119453],[148.4641,-36.119293],[148.463549,-36.119156],[148.463027,-36.118951],[148.462504,-36.118699],[148.461968,-36.118528],[148.461403,-36.11838],[148.460881,-36.118197],[148.460302,-36.118163],[148.459837,-36.11845],[148.459668,-36.118886],[148.459669,-36.119344],[148.459712,-36.119836],[148.459684,-36.120306],[148.459558,-36.120753],[148.459403,-36.1212],[148.459206,-36.121647],[148.458995,-36.122117],[148.458714,-36.122507],[148.458376,-36.122896],[148.458009,-36.123263],[148.457262,-36.123963],[148.456853,-36.12433],[148.456036,-36.124995],[148.455542,-36.125294],[148.455034,-36.125489],[148.454513,-36.125696],[148.454005,-36.125948],[148.453596,-36.12627],[148.453399,-36.126693],[148.453555,-36.127163],[148.453852,-36.127575],[148.454248,-36.127918],[148.454658,-36.128261],[148.455053,-36.128616],[148.455463,-36.128982],[148.455929,-36.129303],[148.456367,-36.129611],[148.456763,-36.129966],[148.457145,-36.130321],[148.457484,-36.130721],[148.457654,-36.131191],[148.457725,-36.131661],[148.457853,-36.132107],[148.457967,-36.132565],[148.457996,-36.133023],[148.45794,-36.133482],[148.457926,-36.13394],[148.457814,-36.134421],[148.457702,-36.134914],[148.45766,-36.135395],[148.458024,-36.135765],[148.458171,-36.13693],[148.456692,-36.139188],[148.45867,-36.14024],[148.458699,-36.141179],[148.459788,-36.143988],[148.459913,-36.144087],[148.460979,-36.144911],[148.458922,-36.147582],[148.457808,-36.148442],[148.452712,-36.149204],[148.450812,-36.152826],[148.448783,-36.155967],[148.446673,-36.161479],[148.445191,-36.162007],[148.444629,-36.163715],[148.443755,-36.165193],[148.442797,-36.166913],[148.442544,-36.167337],[148.442318,-36.167795],[148.442065,-36.168231],[148.441924,-36.168677],[148.441868,-36.16917],[148.44177,-36.169651],[148.441728,-36.170132],[148.44163,-36.170602],[148.441461,-36.171038],[148.44125,-36.171473],[148.440996,-36.171874],[148.440714,-36.172287],[148.440206,-36.172562],[148.439698,-36.172792],[148.439204,-36.172999],[148.438612,-36.17324],[148.438089,-36.173412],[148.437539,-36.173619],[148.436974,-36.173791],[148.436424,-36.173964],[148.435802,-36.174147],[148.435252,-36.174297],[148.43473,-36.174481],[148.434179,-36.174653],[148.433628,-36.174802],[148.433064,-36.174929],[148.432457,-36.175033],[148.431849,-36.175148],[148.431299,-36.17524],[148.43072,-36.175355],[148.430183,-36.175493],[148.429633,-36.175699],[148.429139,-36.175917],[148.428673,-36.176181],[148.427869,-36.176835],[148.428095,-36.177259],[148.428646,-36.177419],[148.429197,-36.177544],[148.429734,-36.177727],[148.430243,-36.177921],[148.430794,-36.178138],[148.431288,-36.178356],[148.431797,-36.178596],[148.432772,-36.179122],[148.433253,-36.179419],[148.433747,-36.179751],[148.434228,-36.17998],[148.434737,-36.180208],[148.435203,-36.180506],[148.435627,-36.180815],[148.436023,-36.181146],[148.436334,-36.181582],[148.43666,-36.181959],[148.436886,-36.182371],[148.437113,-36.182807],[148.437325,-36.183253],[148.437523,-36.183677],[148.43775,-36.184112],[148.43792,-36.184547],[148.438076,-36.185005],[148.43819,-36.185452],[148.438261,-36.185921],[148.438318,-36.186379],[148.438333,-36.186849],[148.438234,-36.187296],[148.438136,-36.187754],[148.437953,-36.18827],[148.437855,-36.188717],[148.437714,-36.189164],[148.437602,-36.189611],[148.437532,-36.190069],[148.437462,-36.19055],[148.437406,-36.19102],[148.437491,-36.191524],[148.43752,-36.192028],[148.437478,-36.192532],[148.437451,-36.193001],[148.437381,-36.19346],[148.437325,-36.193941],[148.437297,-36.194399],[148.437227,-36.194857],[148.437044,-36.195293],[148.436889,-36.19574],[148.43672,-36.196175],[148.436523,-36.196599],[148.436241,-36.197001],[148.435987,-36.197425],[148.435832,-36.19786],[148.435706,-36.198318],[148.435594,-36.1988],[148.435552,-36.199281],[148.43551,-36.199739],[148.435553,-36.200197],[148.435582,-36.200667],[148.435582,-36.201125],[148.435484,-36.201583],[148.435171,-36.201588],[148.435362,-36.201701],[148.435381,-36.201759],[148.435244,-36.201996],[148.434948,-36.202408],[148.434468,-36.202684],[148.433903,-36.202845],[148.43331,-36.202937],[148.432716,-36.203017],[148.432137,-36.203064],[148.431558,-36.203064],[148.430979,-36.203042],[148.430371,-36.202996],[148.429213,-36.20302],[148.428068,-36.203021],[148.42749,-36.203136],[148.426896,-36.203263],[148.426402,-36.203493],[148.425979,-36.203825],[148.425739,-36.204249],[148.425627,-36.204707],[148.425556,-36.205166],[148.425458,-36.205613],[148.425402,-36.206094],[148.425275,-36.206552],[148.425163,-36.20701],[148.425065,-36.207491],[148.424966,-36.207938],[148.424883,-36.208419],[148.42477,-36.208878],[148.424686,-36.209336],[148.42463,-36.209806],[148.424631,-36.210264],[148.424645,-36.210722],[148.424744,-36.21118],[148.424914,-36.211627],[148.425141,-36.212085],[148.425339,-36.212543],[148.425552,-36.212978],[148.425821,-36.213402],[148.426033,-36.213848],[148.426062,-36.21433],[148.426062,-36.214822],[148.426049,-36.215292],[148.426007,-36.21575],[148.425866,-36.216231],[148.425711,-36.216667],[148.425528,-36.217125],[148.425331,-36.217549],[148.425105,-36.217973],[148.424908,-36.218408],[148.424697,-36.218867],[148.424471,-36.219291],[148.424344,-36.219738],[148.424373,-36.220219],[148.424586,-36.220643],[148.424812,-36.221089],[148.425053,-36.22157],[148.425336,-36.222097],[148.425577,-36.222509],[148.425902,-36.222978],[148.426214,-36.223402],[148.426482,-36.223814],[148.426794,-36.224249],[148.427162,-36.224604],[148.427516,-36.224982],[148.427756,-36.225394],[148.427941,-36.225852],[148.428082,-36.226298],[148.428154,-36.226768],[148.42814,-36.227226],[148.428056,-36.227696],[148.428014,-36.228189],[148.427916,-36.22867],[148.427831,-36.229174],[148.427917,-36.22969],[148.428016,-36.230136],[148.428073,-36.230629],[148.428074,-36.231098],[148.427961,-36.231592],[148.427806,-36.232038],[148.427666,-36.232485],[148.427511,-36.232932],[148.427426,-36.233413],[148.427469,-36.233884],[148.427696,-36.234352],[148.427937,-36.234764],[148.428248,-36.235143],[148.428687,-36.235451],[148.429097,-36.235783],[148.429521,-36.23608],[148.430016,-36.23632],[148.430582,-36.236423],[148.431091,-36.236617],[148.4316,-36.236823],[148.432151,-36.236994],[148.43266,-36.237269],[148.433099,-36.237555],[148.433495,-36.237875],[148.433849,-36.23823],[148.43416,-36.238619],[148.434387,-36.239054],[148.434599,-36.239478],[148.434727,-36.239936],[148.434742,-36.240394],[148.434672,-36.240887],[148.434588,-36.241333],[148.434348,-36.241769],[148.434122,-36.242204],[148.433953,-36.242663],[148.433841,-36.24311],[148.433715,-36.244485],[148.433688,-36.244943],[148.433631,-36.245401],[148.433576,-36.245859],[148.433562,-36.246363],[148.433562,-36.246844],[148.433822,-36.248452],[148.433848,-36.248856],[148.433779,-36.249326],[148.433611,-36.249762],[148.433273,-36.250153],[148.433019,-36.250555],[148.432823,-36.251001],[148.432669,-36.251461],[148.432571,-36.251942],[148.432586,-36.252412],[148.432574,-36.252882],[148.432379,-36.253777],[148.432224,-36.254236],[148.431971,-36.254683],[148.431689,-36.255073],[148.431451,-36.255509],[148.431311,-36.255991],[148.431156,-36.256473],[148.431002,-36.256909],[148.430693,-36.257333],[148.430297,-36.257689],[148.429973,-36.258068],[148.429692,-36.25847],[148.429467,-36.258894],[148.429298,-36.25933],[148.429031,-36.259732],[148.428411,-36.260512],[148.42803,-36.26088],[148.427664,-36.261224],[148.427269,-36.261592],[148.426831,-36.261937],[148.426408,-36.262235],[148.425956,-36.262523],[148.425448,-36.262764],[148.424897,-36.262892],[148.424331,-36.262824],[148.423751,-36.262768],[148.423241,-36.262585],[148.422788,-36.262311],[148.422306,-36.262049],[148.421811,-36.26182],[148.421273,-36.261695],[148.420721,-36.261559],[148.420155,-36.261457],[148.419576,-36.261595],[148.419124,-36.26186],[148.418771,-36.262227],[148.418335,-36.262515],[148.417783,-36.26263],[148.41719,-36.262654],[148.416667,-36.262816],[148.416229,-36.263114],[148.415849,-36.263482],[148.415623,-36.263918],[148.415497,-36.264365],[148.415301,-36.264835],[148.415005,-36.265271],[148.414567,-36.265559],[148.414158,-36.26588],[148.413749,-36.266225],[148.41334,-36.266592],[148.412945,-36.266971],[148.412635,-36.267373],[148.412311,-36.267786],[148.411987,-36.268188],[148.411719,-36.268647],[148.411522,-36.269106],[148.411354,-36.269553],[148.411171,-36.269989],[148.411017,-36.270436],[148.410947,-36.270895],[148.410906,-36.271365],[148.410936,-36.271823],[148.410923,-36.272281],[148.410924,-36.27274],[148.410898,-36.273657],[148.410787,-36.274104],[148.410675,-36.274597],[148.410605,-36.27509],[148.410494,-36.275537],[148.410367,-36.276007],[148.41027,-36.276454],[148.410172,-36.276901],[148.410145,-36.277371],[148.410075,-36.277841],[148.409864,-36.278266],[148.409512,-36.278656],[148.409032,-36.278978],[148.408466,-36.278991],[148.4079,-36.278854],[148.407334,-36.27874],[148.406754,-36.278684],[148.406174,-36.278708],[148.405637,-36.278858],[148.405304,-36.279077],[148.405199,-36.279145],[148.404875,-36.279559],[148.404678,-36.279994],[148.40458,-36.280442],[148.404511,-36.2809],[148.40437,-36.281347],[148.404202,-36.281795],[148.40392,-36.282231],[148.403624,-36.282644],[148.403243,-36.282977],[148.402706,-36.283196],[148.402197,-36.28338],[148.401717,-36.283656],[148.40145,-36.284092],[148.401366,-36.28455],[148.401268,-36.284997],[148.401156,-36.285444],[148.400945,-36.28588],[148.400578,-36.28627],[148.400141,-36.286638],[148.399463,-36.287407],[148.399182,-36.28782],[148.398886,-36.288222],[148.398533,-36.288601],[148.398067,-36.288854],[148.397501,-36.288958],[148.397205,-36.289371],[148.397065,-36.28983],[148.396783,-36.290243],[148.396416,-36.290599],[148.39585,-36.290657],[148.395228,-36.290727],[148.394634,-36.29075],[148.394124,-36.290568],[148.393671,-36.290282],[148.393274,-36.289939],[148.392863,-36.289573],[148.392437,-36.289242],[148.392026,-36.288921],[148.391573,-36.288613],[148.391063,-36.288419],[148.390469,-36.288397],[148.389903,-36.288501],[148.389323,-36.288571],[148.388772,-36.28864],[148.388164,-36.28871],[148.387584,-36.28878],[148.38699,-36.288872],[148.386453,-36.289011],[148.385845,-36.28908],[148.385322,-36.289299],[148.384813,-36.289552],[148.384276,-36.289702],[148.383724,-36.28984],[148.383187,-36.289979],[148.382622,-36.290037],[148.382083,-36.289889],[148.38156,-36.289649],[148.381106,-36.289352],[148.380695,-36.28902],[148.380227,-36.288712],[148.379732,-36.288449],[148.379222,-36.288174],[148.378755,-36.287912],[148.378231,-36.287672],[148.377764,-36.28742],[148.377254,-36.287203],[148.376674,-36.287101],[148.376108,-36.287033],[148.375514,-36.287],[148.374905,-36.287024],[148.374326,-36.287116],[148.373817,-36.287346],[148.373323,-36.287691],[148.372913,-36.288047],[148.372631,-36.288448],[148.372406,-36.288895],[148.372279,-36.289343],[148.37221,-36.289847],[148.37214,-36.290329],[148.372113,-36.290833],[148.372156,-36.291291],[148.372101,-36.291773],[148.37206,-36.292277],[148.372004,-36.292747],[148.37192,-36.293205],[148.371822,-36.293664],[148.371696,-36.294111],[148.371584,-36.294581],[148.371415,-36.295029],[148.371161,-36.295499],[148.370795,-36.295946],[148.370413,-36.296314],[148.370004,-36.296647],[148.369623,-36.297014],[148.369327,-36.297439],[148.369087,-36.297852],[148.368876,-36.29831],[148.36875,-36.298769],[148.36868,-36.299273],[148.368681,-36.299755],[148.368795,-36.300247],[148.368952,-36.30074],[148.369278,-36.301152],[148.369661,-36.301507],[148.370072,-36.301861],[148.370512,-36.302193],[148.37156,-36.302638],[148.372027,-36.302924],[148.372452,-36.303221],[148.372863,-36.303542],[148.373289,-36.303862],[148.373587,-36.304274],[148.373743,-36.304709],[148.373943,-36.305145],[148.374339,-36.305488],[148.374623,-36.3059],[148.374724,-36.306404],[148.374753,-36.306897],[148.374797,-36.307412],[148.374798,-36.307905],[148.374785,-36.308387],[148.374701,-36.308834],[148.374589,-36.309292],[148.374166,-36.310164],[148.373884,-36.310577],[148.373645,-36.311024],[148.373476,-36.311506],[148.373364,-36.311965],[148.373308,-36.312423],[148.373394,-36.312893],[148.37341,-36.313386],[148.37334,-36.313844],[148.373058,-36.314246],[148.372662,-36.314579],[148.372267,-36.314934],[148.372013,-36.315336],[148.371915,-36.315783],[148.371902,-36.316253],[148.37203,-36.316734],[148.372201,-36.317169],[148.372358,-36.317616],[148.372288,-36.318109],[148.372119,-36.318591],[148.372064,-36.319049],[148.37215,-36.319542],[148.372321,-36.320012],[148.372548,-36.320447],[148.372748,-36.320905],[148.372918,-36.321374],[148.373004,-36.321833],[148.373034,-36.322314],[148.373091,-36.322807],[148.373178,-36.323288],[148.373207,-36.323746],[148.373264,-36.32425],[148.373379,-36.32472],[148.373281,-36.325179],[148.372999,-36.325569],[148.372518,-36.325822],[148.371966,-36.32596],[148.371415,-36.326041],[148.37082,-36.326054],[148.370353,-36.325802],[148.370026,-36.325413],[148.369601,-36.325116],[148.369049,-36.325002],[148.368554,-36.325243],[148.368343,-36.325702],[148.368216,-36.326172],[148.368033,-36.326608],[148.367964,-36.327112],[148.36795,-36.327582],[148.367796,-36.328018],[148.367499,-36.328442],[148.367161,-36.32881],[148.366779,-36.329142],[148.366313,-36.32943],[148.365917,-36.329751],[148.365649,-36.330153],[148.365636,-36.330623],[148.366033,-36.330943],[148.366529,-36.331172],[148.366657,-36.331618],[148.366559,-36.332066],[148.366475,-36.33257],[148.36642,-36.333074],[148.366421,-36.333555],[148.366436,-36.334014],[148.366395,-36.334495],[148.36641,-36.334977],[148.366468,-36.335469],[148.366553,-36.335916],[148.366724,-36.336363],[148.36691,-36.336821],[148.366981,-36.337279],[148.367067,-36.337738],[148.367381,-36.338677],[148.367467,-36.339147],[148.367312,-36.339582],[148.366817,-36.339789],[148.366151,-36.339802],[148.36553,-36.33978],[148.364964,-36.339816],[148.364369,-36.339885],[148.363803,-36.339977],[148.363194,-36.340071],[148.362629,-36.340198],[148.362077,-36.340313],[148.361511,-36.340417],[148.360902,-36.340475],[148.360308,-36.340533],[148.359727,-36.340557],[148.358524,-36.34049],[148.357957,-36.340377],[148.357424,-36.340509],[148.357241,-36.340944],[148.35693,-36.341335],[148.356605,-36.341713],[148.356379,-36.342126],[148.356366,-36.342596],[148.356495,-36.343043],[148.35658,-36.343513],[148.356553,-36.343982],[148.356356,-36.344418],[148.356159,-36.344843],[148.355947,-36.34529],[148.355679,-36.345691],[148.355411,-36.346116],[148.355242,-36.346563],[148.355116,-36.347033],[148.354861,-36.347457],[148.354494,-36.347813],[148.353999,-36.34802],[148.353518,-36.34825],[148.353561,-36.348708],[148.353704,-36.349167],[148.353846,-36.349613],[148.354017,-36.35006],[148.354202,-36.350507],[148.354458,-36.350908],[148.35477,-36.351308],[148.35487,-36.351755],[148.354772,-36.352202],[148.354504,-36.352615],[148.354065,-36.352914],[148.35367,-36.353247],[148.353387,-36.353648],[148.35319,-36.354084],[148.353021,-36.35452],[148.352795,-36.354944],[148.35264,-36.355391],[148.352627,-36.355861],[148.35243,-36.356285],[148.352119,-36.356675],[148.351893,-36.357088],[148.351583,-36.35749],[148.351074,-36.357731],[148.350493,-36.357846],[148.349927,-36.357905],[148.349361,-36.35802],[148.348809,-36.358089],[148.348242,-36.358124],[148.347704,-36.358251],[148.347181,-36.358412],[148.346657,-36.358608],[148.34629,-36.358952],[148.346177,-36.359422],[148.346123,-36.360373],[148.346067,-36.360855],[148.346167,-36.361302],[148.34621,-36.36176],[148.346197,-36.362218],[148.346056,-36.3627],[148.345887,-36.363147],[148.345789,-36.363594],[148.34562,-36.36403],[148.345295,-36.364431],[148.344814,-36.364719],[148.344305,-36.364983],[148.343852,-36.365247],[148.343385,-36.365534],[148.342933,-36.365821],[148.342579,-36.3662],[148.342496,-36.366647],[148.342581,-36.367116],[148.342681,-36.367575],[148.342753,-36.368045],[148.34257,-36.368515],[148.342074,-36.368733],[148.341508,-36.36878],[148.340928,-36.368872],[148.340333,-36.368999],[148.339852,-36.369229],[148.339385,-36.369481],[148.338932,-36.369791],[148.338593,-36.370158],[148.338254,-36.370548],[148.338,-36.37095],[148.337661,-36.371317],[148.337165,-36.371524],[148.336599,-36.371398],[148.336258,-36.371032],[148.336002,-36.370608],[148.335761,-36.370196],[148.33542,-36.36983],[148.334995,-36.369532],[148.334471,-36.369338],[148.333904,-36.369293],[148.333352,-36.369373],[148.332843,-36.369615],[148.332404,-36.369959],[148.332079,-36.370349],[148.331797,-36.370762],[148.331599,-36.371186],[148.331487,-36.371645],[148.331418,-36.372126],[148.331318,-36.372585],[148.331164,-36.373032],[148.331066,-36.373491],[148.331067,-36.37396],[148.331153,-36.374419],[148.33121,-36.374877],[148.331452,-36.375312],[148.331651,-36.375736],[148.331666,-36.376195],[148.331596,-36.37671],[148.33154,-36.377169],[148.33147,-36.37765],[148.331301,-36.378109],[148.330991,-36.379026],[148.330836,-36.379496],[148.330709,-36.379955],[148.330554,-36.380402],[148.3303,-36.380803],[148.330003,-36.381193],[148.329664,-36.381595],[148.329268,-36.381951],[148.328914,-36.382318],[148.328901,-36.382776],[148.328746,-36.383258],[148.328336,-36.383568],[148.32777,-36.383763],[148.327203,-36.383878],[148.326651,-36.384085],[148.326198,-36.384407],[148.325788,-36.384774],[148.325208,-36.384889],[148.324641,-36.384935],[148.324075,-36.38497],[148.323494,-36.385028],[148.322927,-36.385086],[148.322361,-36.38519],[148.321809,-36.385362],[148.321328,-36.385661],[148.320536,-36.386327],[148.320083,-36.386613],[148.319587,-36.386855],[148.31922,-36.387199],[148.318824,-36.38752],[148.318385,-36.387818],[148.317975,-36.388174],[148.317664,-36.388576],[148.317381,-36.388988],[148.317028,-36.38939],[148.316674,-36.389757],[148.31632,-36.390113],[148.316023,-36.390503],[148.315741,-36.390893],[148.315486,-36.391294],[148.315303,-36.39173],[148.315318,-36.392188],[148.315418,-36.392646],[148.315291,-36.393094],[148.314795,-36.393335],[148.314483,-36.392957],[148.314072,-36.392625],[148.313533,-36.392385],[148.313023,-36.392179],[148.312498,-36.391985],[148.311974,-36.391825],[148.31168,-36.391722],[148.31145,-36.391667],[148.31068,-36.391469],[148.31026,-36.391506],[148.309665,-36.391586],[148.309099,-36.391747],[148.308589,-36.391954],[148.308065,-36.392195],[148.30757,-36.392402],[148.307117,-36.392689],[148.306792,-36.393056],[148.306523,-36.393457],[148.306198,-36.393847],[148.305887,-36.394237],[148.305576,-36.394616],[148.305279,-36.395029],[148.304982,-36.395464],[148.304784,-36.395923],[148.304657,-36.396382],[148.30463,-36.39684],[148.304744,-36.397287],[148.304844,-36.397768],[148.304915,-36.398238],[148.30493,-36.398708],[148.304931,-36.399178],[148.304903,-36.399648],[148.30479,-36.400095],[148.304677,-36.400553],[148.304607,-36.401023],[148.304551,-36.401505],[148.304382,-36.40194],[148.30417,-36.402365],[148.303873,-36.402778],[148.303491,-36.40319],[148.303137,-36.403546],[148.302741,-36.403867],[148.302231,-36.404097],[148.301736,-36.404338],[148.301198,-36.404556],[148.30066,-36.40474],[148.300136,-36.40497],[148.299598,-36.405165],[148.299159,-36.405464],[148.298763,-36.405785],[148.298437,-36.406152],[148.298013,-36.406462],[148.296907,-36.406803],[148.296921,-36.406963],[148.296594,-36.407038],[148.296322,-36.407149],[148.296126,-36.407268],[148.296042,-36.407397],[148.29592,-36.40798],[148.295829,-36.408088],[148.295727,-36.408138],[148.295456,-36.408235],[148.295296,-36.408296],[148.295111,-36.408357],[148.294852,-36.408446],[148.294614,-36.408532],[148.294504,-36.408585],[148.29434,-36.4087],[148.294287,-36.408724],[148.294223,-36.408717],[148.294162,-36.408675],[148.293985,-36.408596],[148.293891,-36.408556],[148.293804,-36.408544],[148.293727,-36.408555],[148.293694,-36.408591],[148.293546,-36.408886],[148.293371,-36.409195],[148.293206,-36.409493],[148.293135,-36.409627],[148.293015,-36.409803],[148.29295,-36.409922],[148.292929,-36.41003],[148.292924,-36.410157],[148.292895,-36.410432],[148.292871,-36.410559],[148.292825,-36.410603],[148.292762,-36.410636],[148.292679,-36.410631],[148.292612,-36.410605],[148.29256,-36.410544],[148.292523,-36.41046],[148.292464,-36.410359],[148.292416,-36.410243],[148.292331,-36.410147],[148.292115,-36.410007],[148.292028,-36.409975],[148.291928,-36.40995],[148.29178,-36.409903],[148.291502,-36.409801],[148.291445,-36.409788],[148.291405,-36.409796],[148.290958,-36.409979],[148.290882,-36.409996],[148.290688,-36.409968],[148.290598,-36.409948],[148.290548,-36.409948],[148.290505,-36.409978],[148.290242,-36.410251],[148.290196,-36.410278],[148.290147,-36.410284],[148.290096,-36.410263],[148.290058,-36.410207],[148.290024,-36.410135],[148.289841,-36.409975],[148.289767,-36.409895],[148.289685,-36.409828],[148.289649,-36.409815],[148.289609,-36.409827],[148.289553,-36.409868],[148.289487,-36.409938],[148.289439,-36.410025],[148.289391,-36.410131],[148.289358,-36.410158],[148.289314,-36.410161],[148.289238,-36.410143],[148.289114,-36.410109],[148.288966,-36.410062],[148.288825,-36.410007],[148.288691,-36.409944],[148.288563,-36.409865],[148.288195,-36.409597],[148.287825,-36.40934],[148.287737,-36.409278],[148.28769,-36.409265],[148.28765,-36.409287],[148.287614,-36.409347],[148.287599,-36.40942],[148.287594,-36.409495],[148.287595,-36.409592],[148.287605,-36.409746],[148.287617,-36.40991],[148.287628,-36.410149],[148.2876,-36.410675],[148.287569,-36.410848],[148.287534,-36.411004],[148.287511,-36.411093],[148.287472,-36.411227],[148.28738,-36.411505],[148.287349,-36.411663],[148.287336,-36.41182],[148.287329,-36.412248],[148.28733,-36.412607],[148.287339,-36.412915],[148.287323,-36.413063],[148.28728,-36.413214],[148.287213,-36.41342],[148.28716,-36.413644],[148.287101,-36.413871],[148.287063,-36.414041],[148.286982,-36.414361],[148.286895,-36.414752],[148.286835,-36.414924],[148.286773,-36.415061],[148.286726,-36.415157],[148.286614,-36.415396],[148.286491,-36.415639],[148.28639,-36.415848],[148.286313,-36.415964],[148.286181,-36.416092],[148.285997,-36.416266],[148.285787,-36.416443],[148.285678,-36.416573],[148.285565,-36.416722],[148.285484,-36.416846],[148.2853,-36.417226],[148.285225,-36.417404],[148.285085,-36.417753],[148.285013,-36.417926],[148.284951,-36.418039],[148.284849,-36.418203],[148.28474,-36.418358],[148.284634,-36.418498],[148.284498,-36.41863],[148.284377,-36.418752],[148.284244,-36.418871],[148.284134,-36.41896],[148.284038,-36.419057],[148.283942,-36.419149],[148.28388,-36.419213],[148.283814,-36.41925],[148.283698,-36.419275],[148.283531,-36.419322],[148.283352,-36.419384],[148.283178,-36.419441],[148.283015,-36.419512],[148.282852,-36.419598],[148.282674,-36.419687],[148.282489,-36.419777],[148.282356,-36.41983],[148.282248,-36.419891],[148.282167,-36.41994],[148.282075,-36.420014],[148.281993,-36.420039],[148.281851,-36.42004],[148.281713,-36.420036],[148.281609,-36.420055],[148.281479,-36.420129],[148.281324,-36.420242],[148.281188,-36.420364],[148.280923,-36.420618],[148.280827,-36.420697],[148.280635,-36.420826],[148.280558,-36.420896],[148.280511,-36.420981],[148.280437,-36.421069],[148.280353,-36.421179],[148.280284,-36.421294],[148.280219,-36.421383],[148.280125,-36.421589],[148.27998,-36.421895],[148.279945,-36.422013],[148.279917,-36.422149],[148.279904,-36.422234],[148.279925,-36.422385],[148.279943,-36.422572],[148.279948,-36.422677],[148.279912,-36.422952],[148.279866,-36.42333],[148.279878,-36.42342],[148.279906,-36.423535],[148.279938,-36.423653],[148.279961,-36.423791],[148.279948,-36.423958],[148.279926,-36.424133],[148.279874,-36.424334],[148.279816,-36.424509],[148.279635,-36.424849],[148.279556,-36.42494],[148.279442,-36.425043],[148.279393,-36.425113],[148.279299,-36.425252],[148.279192,-36.425457],[148.27907,-36.425676],[148.278962,-36.425876],[148.278864,-36.426048],[148.2788,-36.426123],[148.278711,-36.426233],[148.278638,-36.426377],[148.278555,-36.426545],[148.278505,-36.426639],[148.278471,-36.4267],[148.278383,-36.426828],[148.278309,-36.426938],[148.278225,-36.427049],[148.278058,-36.42732],[148.277965,-36.427443],[148.277911,-36.427545],[148.277877,-36.427639],[148.277819,-36.427745],[148.277735,-36.427828],[148.27762,-36.427931],[148.277427,-36.428116],[148.277318,-36.428239],[148.277115,-36.428494],[148.277042,-36.428617],[148.276988,-36.428711],[148.276934,-36.428822],[148.276875,-36.428916],[148.276786,-36.42899],[148.276706,-36.429073],[148.276623,-36.429176],[148.276559,-36.429286],[148.276479,-36.429364],[148.27644,-36.429442],[148.276417,-36.429544],[148.276388,-36.429631],[148.276324,-36.429729],[148.27628,-36.429832],[148.276261,-36.430182],[148.276257,-36.430296],[148.276204,-36.430395],[148.27611,-36.430493],[148.276026,-36.430574],[148.27601,-36.430588],[148.275897,-36.430756],[148.275814,-36.430888],[148.275735,-36.43099],[148.275642,-36.431154],[148.275534,-36.431338],[148.275445,-36.431509],[148.275397,-36.431644],[148.275333,-36.431742],[148.27524,-36.43187],[148.275022,-36.432108],[148.274883,-36.432223],[148.274729,-36.43238],[148.274546,-36.432561],[148.274383,-36.432737],[148.274209,-36.432914],[148.274076,-36.433066],[148.27388,-36.433336],[148.273767,-36.433504],[148.273717,-36.433588],[148.273674,-36.433659],[148.273587,-36.433839],[148.273494,-36.433994],[148.273421,-36.434158],[148.273343,-36.434289],[148.27324,-36.434452],[148.273116,-36.43462],[148.273009,-36.4348],[148.272985,-36.434914],[148.272952,-36.434996],[148.272807,-36.435156],[148.272703,-36.435278],[148.272646,-36.435385],[148.272596,-36.435544],[148.272566,-36.435673],[148.272536,-36.435789],[148.272474,-36.435888],[148.272365,-36.436014],[148.272256,-36.436178],[148.272174,-36.436307],[148.272096,-36.436432],[148.272051,-36.43657],[148.272031,-36.436677],[148.272049,-36.43681],[148.272083,-36.436938],[148.272069,-36.437062],[148.272061,-36.437229],[148.272075,-36.437328],[148.272076,-36.437459],[148.272041,-36.437605],[148.272048,-36.437699],[148.272039,-36.437815],[148.27202,-36.437918],[148.271958,-36.43803],[148.271886,-36.438172],[148.271787,-36.438285],[148.271667,-36.438397],[148.271551,-36.438454],[148.271403,-36.438494],[148.271219,-36.438539],[148.271055,-36.438601],[148.270935,-36.438692],[148.270773,-36.438844],[148.270621,-36.438983],[148.270564,-36.439069],[148.27053,-36.439236],[148.27052,-36.439358],[148.270506,-36.43944],[148.270475,-36.439787],[148.270465,-36.440147],[148.270449,-36.440473],[148.270467,-36.440876],[148.270403,-36.441206],[148.270357,-36.441318],[148.270338,-36.441464],[148.270346,-36.441584],[148.270369,-36.441699],[148.270334,-36.44182],[148.270267,-36.441983],[148.270138,-36.442194],[148.269854,-36.442643],[148.269719,-36.442837],[148.269558,-36.443027],[148.269412,-36.443222],[148.269377,-36.443314],[148.269321,-36.443469],[148.269281,-36.443623],[148.269243,-36.443894],[148.26921,-36.444177],[148.26919,-36.444567],[148.269164,-36.44488],[148.269131,-36.445167],[148.269106,-36.445263],[148.269055,-36.445362],[148.268982,-36.445457],[148.268872,-36.445548],[148.268736,-36.445652],[148.268563,-36.445761],[148.268458,-36.445861],[148.268402,-36.445943],[148.268345,-36.446059],[148.268288,-36.446154],[148.268195,-36.446279],[148.26808,-36.446387],[148.267971,-36.446517],[148.267872,-36.446664],[148.267758,-36.446798],[148.267607,-36.446996],[148.26752,-36.447143],[148.267453,-36.447291],[148.267339,-36.447455],[148.267163,-36.44774],[148.267065,-36.447878],[148.266955,-36.447977],[148.266919,-36.448034],[148.266891,-36.448304],[148.266847,-36.448531],[148.266809,-36.448806],[148.266756,-36.44911],[148.266722,-36.449259],[148.26664,-36.449436],[148.266547,-36.449604],[148.266438,-36.449742],[148.266266,-36.449924],[148.266104,-36.450105],[148.265943,-36.450278],[148.265808,-36.450464],[148.265715,-36.450615],[148.265685,-36.450735],[148.265639,-36.450808],[148.26555,-36.450899],[148.26546,-36.451003],[148.265347,-36.451216],[148.265185,-36.451458],[148.265137,-36.45158],[148.265125,-36.45177],[148.265174,-36.452421],[148.265338,-36.452709],[148.265232,-36.452629],[148.265133,-36.452521],[148.264786,-36.452005],[148.264664,-36.451878],[148.264547,-36.451808],[148.264431,-36.451806],[148.264209,-36.451867],[148.263884,-36.452017],[148.263685,-36.452135],[148.263533,-36.452295],[148.263416,-36.45244],[148.263398,-36.452508],[148.263378,-36.452963],[148.263344,-36.453275],[148.263309,-36.453503],[148.263299,-36.453618],[148.263285,-36.453889],[148.263245,-36.454089],[148.263208,-36.454199],[148.263073,-36.454402],[148.262805,-36.454735],[148.262658,-36.454985],[148.262553,-36.455149],[148.262505,-36.455296],[148.262425,-36.455608],[148.262378,-36.455805],[148.262365,-36.455948],[148.262371,-36.456063],[148.2624,-36.456209],[148.26243,-36.456368],[148.262505,-36.456498],[148.262643,-36.456634],[148.262833,-36.456753],[148.263093,-36.456853],[148.263321,-36.456866],[148.263556,-36.456829],[148.263775,-36.456768],[148.264,-36.457178],[148.264467,-36.457429],[148.265005,-36.457613],[148.265559,-36.45775],[148.266126,-36.457864],[148.266693,-36.457932],[148.267288,-36.457932],[148.267884,-36.45792],[148.268522,-36.457886],[148.269089,-36.457839],[148.269699,-36.457828],[148.270266,-36.45785],[148.270833,-36.457896],[148.2714,-36.457953],[148.271939,-36.45809],[148.27245,-36.458273],[148.272889,-36.458594],[148.27306,-36.459029],[148.273018,-36.459522],[148.273033,-36.460015],[148.27309,-36.460473],[148.273048,-36.460932],[148.272992,-36.46139],[148.273006,-36.461848],[148.272822,-36.462318],[148.272397,-36.46264],[148.271859,-36.462812],[148.271363,-36.463019],[148.270895,-36.463317],[148.270583,-36.463707],[148.270329,-36.464142],[148.270159,-36.464635],[148.270018,-36.465082],[148.26982,-36.465518],[148.26965,-36.465954],[148.269594,-36.466412],[148.269722,-36.466859],[148.270048,-36.467226],[148.270545,-36.467477],[148.271027,-36.467741],[148.271297,-36.468142],[148.271354,-36.4686],[148.271184,-36.469059],[148.270944,-36.469517],[148.270661,-36.469941],[148.270235,-36.47024],[148.269668,-36.470297],[148.269073,-36.470366],[148.26886,-36.470791],[148.268918,-36.471261],[148.268918,-36.47173],[148.269004,-36.472223],[148.269146,-36.47267],[148.269373,-36.473094],[148.269587,-36.473552],[148.269757,-36.473999],[148.269843,-36.474457],[148.269772,-36.474916],[148.269574,-36.475352],[148.269305,-36.475787],[148.269178,-36.476234],[148.26932,-36.476681],[148.269661,-36.477059],[148.269973,-36.477437],[148.270087,-36.477907],[148.27013,-36.478366],[148.270145,-36.478847],[148.270131,-36.47934],[148.270217,-36.479798],[148.270387,-36.480268],[148.270473,-36.480715],[148.270544,-36.481185],[148.270616,-36.481654],[148.270559,-36.482124],[148.270092,-36.482377],[148.269553,-36.482183],[148.269141,-36.481862],[148.268687,-36.481587],[148.268134,-36.481507],[148.267552,-36.481496],[148.266957,-36.481462],[148.266389,-36.481382],[148.265807,-36.481279],[148.265212,-36.481257],[148.264687,-36.481417],[148.264191,-36.481647],[148.263808,-36.481991],[148.263568,-36.482415],[148.26337,-36.482862],[148.263258,-36.483309],[148.263186,-36.483779],[148.263159,-36.484249],[148.26306,-36.484719],[148.262976,-36.485189],[148.262948,-36.485659],[148.263019,-36.48614],[148.262793,-36.486576],[148.262608,-36.487011],[148.262354,-36.487413],[148.262056,-36.487803],[148.261404,-36.488594],[148.261078,-36.488972],[148.26071,-36.489373],[148.260328,-36.489752],[148.259987,-36.49013],[148.25969,-36.490566],[148.259506,-36.491013],[148.259577,-36.491471],[148.259748,-36.491907],[148.259621,-36.492388],[148.259195,-36.492767],[148.259011,-36.493202],[148.258983,-36.493672],[148.258884,-36.494142],[148.258757,-36.494589],[148.258673,-36.495036],[148.258729,-36.495495],[148.258673,-36.495976],[148.258404,-36.496377],[148.258121,-36.496779],[148.257752,-36.497134],[148.257355,-36.497467],[148.257441,-36.497936],[148.257952,-36.498119],[148.258506,-36.498455],[148.258544,-36.498495],[148.258581,-36.498537],[148.258617,-36.498581],[148.25865,-36.498626],[148.258682,-36.498672],[148.258719,-36.498735],[148.258753,-36.498801],[148.258783,-36.498868],[148.258855,-36.499045],[148.2589,-36.499167],[148.258913,-36.499209],[148.259017,-36.499666],[148.259065,-36.500124],[148.258942,-36.500584],[148.258534,-36.500907],[148.258026,-36.501106],[148.257517,-36.501293],[148.25698,-36.501434],[148.256413,-36.501472],[148.255831,-36.501476],[148.254653,-36.501416],[148.254086,-36.501442],[148.253519,-36.501481],[148.252938,-36.501553],[148.252371,-36.501638],[148.251791,-36.50171],[148.251224,-36.501794],[148.25073,-36.502016],[148.250308,-36.502339],[148.249928,-36.502674],[148.249663,-36.503077],[148.249512,-36.503537],[148.249446,-36.504007],[148.24938,-36.504466],[148.249243,-36.504937],[148.24912,-36.505396],[148.249012,-36.505844],[148.248832,-36.506304],[148.248666,-36.50674],[148.248444,-36.507154],[148.248193,-36.507592],[148.247971,-36.508017],[148.247734,-36.508431],[148.247498,-36.50888],[148.247318,-36.509328],[148.247138,-36.509765],[148.247015,-36.510224],[148.247105,-36.510682],[148.247351,-36.511116],[148.247625,-36.511561],[148.247843,-36.511983],[148.248229,-36.512313],[148.24863,-36.512654],[148.248989,-36.513019],[148.249404,-36.513359],[148.249847,-36.513689],[148.250262,-36.514018],[148.250663,-36.514348],[148.251106,-36.514666],[148.251549,-36.514949],[148.252006,-36.515221],[148.252505,-36.515481],[148.253004,-36.515696],[148.253531,-36.515898],[148.25403,-36.516158],[148.254445,-36.516488],[148.254762,-36.51691],[148.254993,-36.517321],[148.255126,-36.517778],[148.255301,-36.518224],[148.255547,-36.518646],[148.255863,-36.519045],[148.256222,-36.519409],[148.256967,-36.520115],[148.257354,-36.520444],[148.257684,-36.520832],[148.258015,-36.521231],[148.258303,-36.521664],[148.25862,-36.522075],[148.258936,-36.522474],[148.259281,-36.522872],[148.259569,-36.523283],[148.259872,-36.523705],[148.260146,-36.524138],[148.260392,-36.524549],[148.260553,-36.524984],[148.2607,-36.52543],[148.260804,-36.52591],[148.260908,-36.526368],[148.260999,-36.526849],[148.26106,-36.527318],[148.26108,-36.527788],[148.261028,-36.528292],[148.260863,-36.528786],[148.260655,-36.529235],[148.260476,-36.529706],[148.260254,-36.530143],[148.260003,-36.53058],[148.259723,-36.530972],[148.259387,-36.531364],[148.259065,-36.531756],[148.258715,-36.532171],[148.258392,-36.532551],[148.25807,-36.532932],[148.257234,-36.534139],[148.256896,-36.53451],[148.256545,-36.534902],[148.256237,-36.535282],[148.255872,-36.535663],[148.255464,-36.53601],[148.255085,-36.536379],[148.254677,-36.536726],[148.254327,-36.537095],[148.253962,-36.537476],[148.253569,-36.537868],[148.253175,-36.538238],[148.25281,-36.538607],[148.252109,-36.539414],[148.251715,-36.539749],[148.251393,-36.540118],[148.251156,-36.540544],[148.250976,-36.540981],[148.250796,-36.541429],[148.250645,-36.541888],[148.250522,-36.542336],[148.250414,-36.542795],[148.250348,-36.543266],[148.250409,-36.543723],[148.250599,-36.544169],[148.250859,-36.544591],[148.25126,-36.544944],[148.251745,-36.545216],[148.252245,-36.545453],[148.252702,-36.545748],[148.253173,-36.546008],[148.253659,-36.546291],[148.254201,-36.546517],[148.254756,-36.54665],[148.255338,-36.546738],[148.255921,-36.546791],[148.25649,-36.546948],[148.257003,-36.547127],[148.257517,-36.547353],[148.258571,-36.547736],[148.259112,-36.547881],[148.259653,-36.548014],[148.260207,-36.548137],[148.260762,-36.548202],[148.261344,-36.548255],[148.261912,-36.548239],[148.262479,-36.548212],[148.263062,-36.548254],[148.263631,-36.548365],[148.264256,-36.548464],[148.264882,-36.548574],[148.265465,-36.548627],[148.266033,-36.548681],[148.267197,-36.548695],[148.267779,-36.548703],[148.268376,-36.548767],[148.268861,-36.549016],[148.269262,-36.549345],[148.269621,-36.549721],[148.269938,-36.550131],[148.270184,-36.550542],[148.270302,-36.551],[148.270307,-36.551458],[148.270256,-36.55194],[148.270176,-36.55241],[148.270024,-36.552847],[148.269888,-36.553329],[148.269793,-36.553788],[148.269784,-36.55427],[148.269861,-36.554727],[148.270021,-36.555162],[148.270253,-36.555573],[148.270513,-36.555995],[148.270617,-36.556441],[148.270651,-36.556899],[148.270627,-36.557381],[148.270618,-36.557839],[148.270723,-36.558297],[148.270899,-36.5588],[148.271229,-36.559176],[148.271687,-36.559471],[148.272214,-36.559685],[148.272826,-36.559795],[148.273423,-36.559837],[148.273963,-36.559959],[148.274518,-36.560024],[148.275085,-36.559997],[148.275667,-36.559936],[148.276235,-36.559989],[148.27679,-36.560111],[148.277331,-36.560256],[148.277845,-36.560493],[148.27826,-36.560834],[148.27852,-36.561245],[148.278738,-36.561701],[148.278942,-36.562124],[148.279202,-36.562546],[148.27949,-36.562957],[148.279807,-36.563333],[148.280138,-36.563731],[148.280525,-36.564084],[148.28094,-36.564402],[148.281412,-36.564708],[148.281912,-36.564979],[148.282398,-36.565251],[148.282855,-36.565546],[148.283313,-36.565852],[148.283729,-36.566193],[148.284214,-36.566441],[148.284699,-36.566679],[148.285185,-36.566916],[148.285614,-36.567222],[148.286029,-36.567529],[148.286416,-36.56787],[148.286832,-36.568199],[148.287219,-36.568529],[148.28762,-36.568869],[148.287979,-36.569222],[148.288697,-36.570019],[148.289014,-36.570395],[148.289288,-36.570794],[148.289605,-36.571205],[148.289894,-36.571604],[148.290126,-36.57206],[148.290344,-36.572506],[148.290562,-36.572928],[148.290765,-36.573385],[148.290912,-36.573831],[148.291116,-36.574254],[148.291376,-36.574653],[148.291722,-36.575097],[148.292053,-36.575508],[148.292617,-36.57642],[148.292891,-36.576819],[148.293194,-36.57723],[148.293455,-36.577663],[148.293729,-36.578086],[148.294018,-36.578496],[148.29432,-36.578883],[148.294623,-36.579282],[148.294968,-36.579658],[148.295285,-36.580068],[148.295587,-36.580456],[148.295847,-36.580855],[148.296037,-36.581301],[148.296185,-36.581781],[148.296289,-36.58225],[148.296352,-36.582754],[148.296357,-36.583246],[148.296334,-36.583705],[148.296254,-36.584176],[148.296245,-36.584657],[148.296393,-36.585126],[148.296743,-36.585994],[148.296933,-36.586463],[148.297123,-36.586897],[148.297341,-36.587331],[148.297658,-36.587741],[148.298017,-36.588128],[148.298405,-36.588515],[148.298821,-36.588867],[148.299208,-36.589231],[148.299596,-36.589618],[148.300082,-36.589912],[148.30054,-36.590184],[148.301012,-36.590467],[148.301498,-36.59075],[148.301969,-36.59101],[148.302483,-36.591213],[148.303081,-36.591369],[148.303637,-36.591548],[148.30415,-36.591751],[148.304693,-36.591976],[148.305235,-36.592224],[148.305749,-36.592438],[148.306262,-36.592629],[148.306748,-36.592877],[148.307277,-36.593126],[148.307805,-36.593363],[148.30886,-36.593756],[148.309332,-36.594016],[148.309832,-36.594276],[148.310318,-36.594547],[148.310776,-36.594842],[148.311135,-36.595194],[148.311296,-36.59564],[148.31096,-36.596021],[148.31048,-36.596277],[148.309956,-36.596441],[148.309418,-36.596571],[148.308865,-36.596667],[148.308312,-36.596786],[148.307732,-36.596962],[148.307209,-36.597183],[148.306729,-36.597427],[148.306207,-36.597695],[148.305698,-36.597951],[148.305247,-36.598218],[148.304738,-36.598462],[148.304231,-36.598775],[148.303837,-36.599133],[148.303557,-36.599537],[148.303278,-36.599928],[148.30307,-36.600388],[148.302891,-36.600848],[148.302854,-36.601329],[148.302959,-36.60181],[148.30295,-36.60228],[148.302955,-36.602761],[148.30313,-36.603196],[148.303311,-36.604088],[148.303373,-36.604558],[148.303407,-36.605073],[148.30347,-36.605531],[148.303574,-36.605977],[148.303622,-36.606435],[148.303755,-36.606904],[148.303817,-36.607385],[148.303922,-36.607866],[148.304027,-36.608312],[148.304075,-36.608793],[148.304151,-36.609262],[148.304327,-36.609708],[148.304587,-36.610107],[148.304945,-36.610597],[148.304107,-36.610409],[148.30358,-36.610218],[148.303052,-36.610049],[148.302511,-36.609904],[148.301928,-36.609851],[148.301373,-36.609787],[148.300804,-36.609734],[148.300263,-36.609612],[148.299708,-36.609501],[148.299124,-36.609345],[148.29854,-36.609223],[148.297985,-36.609158],[148.29743,-36.609059],[148.296832,-36.608961],[148.296277,-36.608838],[148.295693,-36.608728],[148.295096,-36.608675],[148.294528,-36.608679],[148.293917,-36.608707],[148.292654,-36.608808],[148.292044,-36.608858],[148.291448,-36.608896],[148.290838,-36.608958],[148.290285,-36.6091],[148.289791,-36.609321],[148.289354,-36.609656],[148.288975,-36.610014],[148.288624,-36.610372],[148.28833,-36.610764],[148.287964,-36.611122],[148.287613,-36.61148],[148.287248,-36.611861],[148.286926,-36.612276],[148.28659,-36.612691],[148.286181,-36.613026],[148.285744,-36.613327],[148.285307,-36.613617],[148.284856,-36.613906],[148.284361,-36.614151],[148.283881,-36.614383],[148.283415,-36.61465],[148.282921,-36.614929],[148.282442,-36.615184],[148.281947,-36.615417],[148.281424,-36.61564],[148.280944,-36.615872],[148.28045,-36.616139],[148.279941,-36.616418],[148.279447,-36.616708],[148.278939,-36.616998],[148.278459,-36.617277],[148.277965,-36.617521],[148.277456,-36.617765],[148.276961,-36.617987],[148.276451,-36.618174],[148.275957,-36.618383],[148.275419,-36.618605],[148.274867,-36.618735],[148.274328,-36.618876],[148.273776,-36.619018],[148.273165,-36.619056],[148.272597,-36.619026],[148.272042,-36.61895],[148.271473,-36.618851],[148.270875,-36.618786],[148.27032,-36.618698],[148.269736,-36.618576],[148.26918,-36.61842],[148.268653,-36.618252],[148.268097,-36.618084],[148.267485,-36.617928],[148.266943,-36.617782],[148.266373,-36.61766],[148.265776,-36.617573],[148.265208,-36.617611],[148.264656,-36.617764],[148.264175,-36.618008],[148.263624,-36.618241],[148.263071,-36.61836],[148.262474,-36.618352],[148.26192,-36.618287],[148.261364,-36.618165],[148.260878,-36.617928],[148.260393,-36.617679],[148.259935,-36.617407],[148.259436,-36.617182],[148.258907,-36.616922],[148.258338,-36.6168],[148.257769,-36.616792],[148.257173,-36.616842],[148.256664,-36.617052],[148.256212,-36.617342],[148.255818,-36.6177],[148.255482,-36.618069],[148.255202,-36.61846],[148.254908,-36.618863],[148.254671,-36.619289],[148.254476,-36.619715],[148.254268,-36.620174],[148.254103,-36.620623],[148.253923,-36.621094],[148.253786,-36.621576],[148.253592,-36.622001],[148.253383,-36.622427],[148.253104,-36.622876],[148.252881,-36.62329],[148.252673,-36.623727],[148.252364,-36.62413],[148.251985,-36.624511],[148.251534,-36.624858],[148.251082,-36.625147],[148.250559,-36.625357],[148.25002,-36.625499],[148.249953,-36.625519],[148.249964,-36.626101],[148.24975,-36.62679],[148.249504,-36.627297],[148.249369,-36.627665],[148.249522,-36.628213],[148.249729,-36.628623],[148.249961,-36.628872],[148.250052,-36.629168],[148.249972,-36.629467],[148.249699,-36.63002],[148.24951,-36.630526],[148.24932,-36.631009],[148.24916,-36.631538],[148.249086,-36.632112],[148.24925,-36.633254],[148.249182,-36.634171],[148.248943,-36.635044],[148.248614,-36.635667],[148.248229,-36.63629],[148.247897,-36.636775],[148.247592,-36.637191],[148.247459,-36.637605],[148.247381,-36.637995],[148.247561,-36.638496],[148.247687,-36.639136],[148.247668,-36.639617],[148.24751,-36.640237],[148.247266,-36.640882],[148.246967,-36.641572],[148.246639,-36.642263],[148.246392,-36.642724],[148.246319,-36.643321],[148.246315,-36.644603],[148.246216,-36.645383],[148.246089,-36.646163],[148.24599,-36.646897],[148.246005,-36.647675],[148.245966,-36.648638],[148.245811,-36.649441],[148.245681,-36.650084],[148.245467,-36.650773],[148.245109,-36.651327],[148.244061,-36.653012],[148.243613,-36.653338],[148.24305,-36.653643],[148.242513,-36.65381],[148.24229,-36.654019],[148.242155,-36.654387],[148.242049,-36.654777],[148.241944,-36.655237],[148.241956,-36.655878],[148.242093,-36.657067],[148.242135,-36.657776],[148.241774,-36.658216],[148.241328,-36.658679],[148.240852,-36.659074],[148.240576,-36.65949],[148.240671,-36.65997],[148.24085,-36.660448],[148.241084,-36.660789],[148.240921,-36.66118],[148.239997,-36.661902],[148.239751,-36.662408],[148.239508,-36.663098],[148.239262,-36.663582],[148.239101,-36.664088],[148.239364,-36.664451],[148.239712,-36.664836],[148.240058,-36.665061],[148.240714,-36.66519],[148.241479,-36.665089],[148.242385,-36.664894],[148.242924,-36.664819],[148.243321,-36.664768],[148.243635,-36.664856],[148.244182,-36.665193],[148.245106,-36.665937],[148.245944,-36.666659],[148.246466,-36.667202],[148.246844,-36.66761],[148.246961,-36.667814],[148.246767,-36.668046],[148.246434,-36.668485],[148.246381,-36.668692],[148.246558,-36.66901],[148.24694,-36.669647],[148.247261,-36.670078],[148.247634,-36.670256],[148.24795,-36.670435],[148.248209,-36.670592],[148.248193,-36.671257],[148.248426,-36.671552],[148.24875,-36.67212],[148.248761,-36.672669],[148.248687,-36.673243],[148.248664,-36.673564],[148.248898,-36.673904],[148.249137,-36.674474],[148.249205,-36.675068],[148.24913,-36.675573],[148.249083,-36.6761],[148.249262,-36.676533],[148.249496,-36.676874],[148.249914,-36.677899],[148.250034,-36.678218],[148.249823,-36.679046],[148.24997,-36.679319],[148.250439,-36.680069],[148.251161,-36.680609],[148.251506,-36.680811],[148.25183,-36.681425],[148.252211,-36.681993],[148.25245,-36.682608],[148.252608,-36.683408],[148.252764,-36.684115],[148.252667,-36.684987],[148.252346,-36.685998],[148.252331,-36.686685],[148.252198,-36.687191],[148.251922,-36.687606],[148.251844,-36.687997],[148.251845,-36.688045],[148.252117,-36.6883],[148.252645,-36.688491],[148.253089,-36.68882],[148.253364,-36.689231],[148.253469,-36.689677],[148.253502,-36.690136],[148.253436,-36.690594],[148.253195,-36.691401],[148.254457,-36.69157],[148.251369,-36.706035],[148.245279,-36.705177],[148.244892,-36.705518],[148.244427,-36.705773],[148.243873,-36.705857],[148.243304,-36.705838],[148.242748,-36.705773],[148.242207,-36.705651],[148.24165,-36.705494],[148.241095,-36.705406],[148.240498,-36.705467],[148.239916,-36.70554],[148.239392,-36.705739],[148.238968,-36.706051],[148.238645,-36.706443],[148.238451,-36.706868],[148.238399,-36.707327],[148.238432,-36.707796],[148.238394,-36.708267],[148.238371,-36.708748],[148.238362,-36.709264],[148.238282,-36.709746],[148.238316,-36.71025],[148.238292,-36.710708],[148.23824,-36.711167],[148.238237,-36.711332],[148.23823,-36.711579],[148.238223,-36.711741],[148.238205,-36.712064],[148.2382,-36.712226],[148.238201,-36.712387],[148.238216,-36.712572],[148.23824,-36.712757],[148.238269,-36.712941],[148.238297,-36.713126],[148.238317,-36.713311],[148.238331,-36.713535],[148.238339,-36.71376],[148.238342,-36.713986],[148.238346,-36.714436],[148.23835,-36.714639],[148.238355,-36.714841],[148.238358,-36.715043],[148.238356,-36.715245],[148.238346,-36.715447],[148.238337,-36.715581],[148.23833,-36.715718],[148.238318,-36.715853],[148.238296,-36.715985],[148.238259,-36.71611],[148.238215,-36.716197],[148.238157,-36.716279],[148.238097,-36.71636],[148.238045,-36.716442],[148.238014,-36.716529],[148.238007,-36.716585],[148.238006,-36.716643],[148.238013,-36.71676],[148.238014,-36.716818],[148.238011,-36.717038],[148.238007,-36.717148],[148.237999,-36.717258],[148.237985,-36.717366],[148.237954,-36.717513],[148.237912,-36.717658],[148.237862,-36.717802],[148.237754,-36.718088],[148.237641,-36.718394],[148.23758,-36.718546],[148.237513,-36.718695],[148.237437,-36.718838],[148.237374,-36.71894],[148.237307,-36.71904],[148.237237,-36.719138],[148.237165,-36.719234],[148.237091,-36.719329],[148.236996,-36.719441],[148.236695,-36.719764],[148.2366,-36.719877],[148.236507,-36.719999],[148.236418,-36.720125],[148.236332,-36.720252],[148.236248,-36.720381],[148.236167,-36.720512],[148.236093,-36.720636],[148.236021,-36.720761],[148.235951,-36.720888],[148.235884,-36.721017],[148.235821,-36.721147],[148.235768,-36.72126],[148.235716,-36.721374],[148.235667,-36.721489],[148.235624,-36.721606],[148.23559,-36.721724],[148.235573,-36.721821],[148.235562,-36.721919],[148.235547,-36.722117],[148.235533,-36.722215],[148.235511,-36.722308],[148.235457,-36.722491],[148.235433,-36.722584],[148.235417,-36.722677],[148.235411,-36.722803],[148.235415,-36.722931],[148.235428,-36.723059],[148.235449,-36.723187],[148.235475,-36.723312],[148.235513,-36.723448],[148.235561,-36.723582],[148.235616,-36.723714],[148.235735,-36.723976],[148.235781,-36.724083],[148.235826,-36.724192],[148.235875,-36.724299],[148.23593,-36.724401],[148.235994,-36.724495],[148.236065,-36.724573],[148.236144,-36.724643],[148.236228,-36.72471],[148.236314,-36.724775],[148.236398,-36.724841],[148.236602,-36.725009],[148.236705,-36.725092],[148.23681,-36.725171],[148.236918,-36.725245],[148.237008,-36.7253],[148.237101,-36.725351],[148.237288,-36.725451],[148.237379,-36.725505],[148.237486,-36.725575],[148.237592,-36.725648],[148.237798,-36.725801],[148.237899,-36.72588],[148.238024,-36.725985],[148.238145,-36.726095],[148.238383,-36.726319],[148.238504,-36.726429],[148.238619,-36.726528],[148.238852,-36.726722],[148.238967,-36.72682],[148.239081,-36.72692],[148.239311,-36.727119],[148.239424,-36.72722],[148.239531,-36.727326],[148.23963,-36.727439],[148.2397,-36.727537],[148.239765,-36.72764],[148.239826,-36.727746],[148.239885,-36.727853],[148.239947,-36.727958],[148.240019,-36.728073],[148.240165,-36.7283],[148.240233,-36.728416],[148.240293,-36.728536],[148.240357,-36.72869],[148.240413,-36.72885],[148.240459,-36.729013],[148.240497,-36.729179],[148.240524,-36.729344],[148.240544,-36.7295],[148.24056,-36.72966],[148.240566,-36.72982],[148.240556,-36.729976],[148.240524,-36.730123],[148.240473,-36.730247],[148.240405,-36.730366],[148.240324,-36.730481],[148.240237,-36.730593],[148.240149,-36.7307],[148.240025,-36.73084],[148.239892,-36.730973],[148.23975,-36.731099],[148.239604,-36.731219],[148.239456,-36.731335],[148.239347,-36.731412],[148.239117,-36.731551],[148.239007,-36.731625],[148.238908,-36.731711],[148.238828,-36.731799],[148.238755,-36.731894],[148.238688,-36.731994],[148.238624,-36.732098],[148.238562,-36.732201],[148.23849,-36.732335],[148.238427,-36.732473],[148.238307,-36.732755],[148.238245,-36.732894],[148.238176,-36.733033],[148.238035,-36.733309],[148.237966,-36.733447],[148.237899,-36.733587],[148.23783,-36.733749],[148.237706,-36.734082],[148.237636,-36.734243],[148.237552,-36.734395],[148.237485,-36.734493],[148.237413,-36.734587],[148.237337,-36.734679],[148.237258,-36.734769],[148.237177,-36.734857],[148.237064,-36.734973],[148.236944,-36.735085],[148.236822,-36.735194],[148.236697,-36.7353],[148.236571,-36.735405],[148.236463,-36.735493],[148.236353,-36.73558],[148.236132,-36.735751],[148.236023,-36.735838],[148.235813,-36.736008],[148.235708,-36.736094],[148.235605,-36.736181],[148.235504,-36.736271],[148.235396,-36.736371],[148.23529,-36.736473],[148.235186,-36.736576],[148.235084,-36.736682],[148.234985,-36.73679],[148.234888,-36.736902],[148.234793,-36.737016],[148.234701,-36.737132],[148.234611,-36.737249],[148.234523,-36.737368],[148.234414,-36.73752],[148.23431,-36.737675],[148.234207,-36.737832],[148.234106,-36.73799],[148.234004,-36.738147],[148.233903,-36.738296],[148.2338,-36.738443],[148.233699,-36.738591],[148.233602,-36.738742],[148.233513,-36.738897],[148.233448,-36.739026],[148.233387,-36.739158],[148.23333,-36.739291],[148.233276,-36.739426],[148.233225,-36.739561],[148.233179,-36.739686],[148.233136,-36.739813],[148.233095,-36.73994],[148.233057,-36.740068],[148.232993,-36.740311],[148.232965,-36.740426],[148.232939,-36.740541],[148.232919,-36.740657],[148.232907,-36.740773],[148.232904,-36.740877],[148.232906,-36.740981],[148.232913,-36.741086],[148.232924,-36.741189],[148.232936,-36.741293],[148.232955,-36.741403],[148.232979,-36.741513],[148.23303,-36.741731],[148.233052,-36.741841],[148.233079,-36.742037],[148.23309,-36.742135],[148.233109,-36.742332],[148.233117,-36.742436],[148.233123,-36.74254],[148.233138,-36.742851],[148.233167,-36.743371],[148.233175,-36.743469],[148.233187,-36.743568],[148.233197,-36.743667],[148.233201,-36.743765],[148.233196,-36.743862],[148.233179,-36.743967],[148.233167,-36.744019],[148.233153,-36.744071],[148.233138,-36.744121],[148.233113,-36.744186],[148.233081,-36.744249],[148.233048,-36.744311],[148.233017,-36.744374],[148.232994,-36.744439],[148.232976,-36.744534],[148.23297,-36.744631],[148.23297,-36.744831],[148.232965,-36.74493],[148.232951,-36.74504],[148.232934,-36.745149],[148.232896,-36.745368],[148.232879,-36.745478],[148.232864,-36.7456],[148.232842,-36.745847],[148.232823,-36.745968],[148.232792,-36.746084],[148.232761,-36.746169],[148.232726,-36.746254],[148.232687,-36.746337],[148.232641,-36.746415],[148.23259,-36.746488],[148.232514,-36.746572],[148.232426,-36.746647],[148.23233,-36.746716],[148.23223,-36.746778],[148.232128,-36.746834],[148.231978,-36.746902],[148.231818,-36.746952],[148.231653,-36.746991],[148.231485,-36.747027],[148.23132,-36.747066],[148.231148,-36.74711],[148.230976,-36.747155],[148.230803,-36.747197],[148.230629,-36.747235],[148.230455,-36.747268],[148.2303,-36.747292],[148.230145,-36.747314],[148.229988,-36.747332],[148.229832,-36.747346],[148.229677,-36.747354],[148.229486,-36.747351],[148.229295,-36.747336],[148.229105,-36.747316],[148.228914,-36.7473],[148.228724,-36.747296],[148.228597,-36.747303],[148.22847,-36.747314],[148.228217,-36.747342],[148.228089,-36.747354],[148.227951,-36.747365],[148.227673,-36.747383],[148.227535,-36.747396],[148.227398,-36.747412],[148.227275,-36.74743],[148.227154,-36.74745],[148.227033,-36.747473],[148.226911,-36.747498],[148.226792,-36.747527],[148.22667,-36.747563],[148.226549,-36.747605],[148.226429,-36.747649],[148.226307,-36.747692],[148.226185,-36.747729],[148.226054,-36.747766],[148.225923,-36.747801],[148.22579,-36.747832],[148.225656,-36.747857],[148.225523,-36.747874],[148.225391,-36.747877],[148.225258,-36.747869],[148.225125,-36.747856],[148.224992,-36.747846],[148.224859,-36.747845],[148.224755,-36.747851],[148.224651,-36.747861],[148.224547,-36.747874],[148.224443,-36.747888],[148.22434,-36.747903],[148.224071,-36.747937],[148.223938,-36.747958],[148.223805,-36.747983],[148.223676,-36.748018],[148.223557,-36.74806],[148.223441,-36.748109],[148.223326,-36.748163],[148.223212,-36.74822],[148.223033,-36.748312],[148.222903,-36.748383],[148.222839,-36.748419],[148.222775,-36.748457],[148.221525,-36.74899],[148.221013,-36.749231],[148.22053,-36.749461],[148.220018,-36.749702],[148.219492,-36.74992],[148.218923,-36.750115],[148.218369,-36.750253],[148.217786,-36.750368],[148.217202,-36.750506],[148.216648,-36.750633],[148.216093,-36.750737],[148.215538,-36.750852],[148.214998,-36.75099],[148.214457,-36.751139],[148.213931,-36.751311],[148.213362,-36.751495],[148.212822,-36.751646],[148.212253,-36.751784],[148.211698,-36.751967],[148.211187,-36.752174],[148.210774,-36.752484],[148.210334,-36.752782],[148.209879,-36.753057],[148.209396,-36.753298],[148.208955,-36.753585],[148.208557,-36.753941],[148.208173,-36.754273],[148.207818,-36.754652],[148.20752,-36.755053],[148.207393,-36.7555],[148.20755,-36.755958],[148.207707,-36.756393],[148.207936,-36.756817],[148.208207,-36.757229],[148.208407,-36.757652],[148.208564,-36.758099],[148.208636,-36.758569],[148.20848,-36.759004],[148.208139,-36.759382],[148.207827,-36.759772],[148.207671,-36.760219],[148.207644,-36.760689],[148.207801,-36.761135],[148.208001,-36.76157],[148.208087,-36.762017],[148.208088,-36.762475],[148.208117,-36.762934],[148.208004,-36.763392],[148.20782,-36.763839],[148.207621,-36.764263],[148.207337,-36.764664],[148.206954,-36.765008],[148.206584,-36.765363],[148.206215,-36.765719],[148.205874,-36.766109],[148.205405,-36.766407],[148.205078,-36.76682],[148.204908,-36.767255],[148.204482,-36.768126],[148.204241,-36.768562],[148.203971,-36.768963],[148.203559,-36.769284],[148.203104,-36.769582],[148.202806,-36.769983],[148.202281,-36.770831],[148.202054,-36.771255],[148.201841,-36.771679],[148.201728,-36.772126],[148.201686,-36.772596],[148.201701,-36.773066],[148.201687,-36.773535],[148.201603,-36.774017],[148.201518,-36.774486],[148.201476,-36.774945],[148.201478,-36.775861],[148.201464,-36.776342],[148.20138,-36.777259],[148.201367,-36.777717],[148.201325,-36.778198],[148.201326,-36.778656],[148.201341,-36.779114],[148.201469,-36.779572],[148.201527,-36.780042],[148.201613,-36.780489],[148.201728,-36.780935],[148.201842,-36.781394],[148.201957,-36.78184],[148.2021,-36.782298],[148.202257,-36.782745],[148.202415,-36.78318],[148.202558,-36.783627],[148.202672,-36.784073],[148.202773,-36.78452],[148.202816,-36.784978],[148.20276,-36.785436],[148.202519,-36.785849],[148.202178,-36.786216],[148.201908,-36.786617],[148.201667,-36.78703],[148.20171,-36.787488],[148.201711,-36.787946],[148.201613,-36.788416],[148.201343,-36.788817],[148.201116,-36.789241],[148.200889,-36.789676],[148.200747,-36.790146],[148.200719,-36.790605],[148.200678,-36.791097],[148.200707,-36.791578],[148.200722,-36.792048],[148.200779,-36.792517],[148.200851,-36.792987],[148.200938,-36.793445],[148.201095,-36.793915],[148.201281,-36.794361],[148.201566,-36.794751],[148.201851,-36.795151],[148.202151,-36.79554],[148.202252,-36.795999],[148.202309,-36.796457],[148.202296,-36.796915],[148.202126,-36.797419],[148.201756,-36.797797],[148.201358,-36.79813],[148.200705,-36.798637],[148.200897,-36.798716],[148.201264,-36.798866],[148.251246,-36.819266],[148.354087,-36.86124],[148.422005,-36.888867],[148.42255,-36.889088],[148.424936,-36.890059],[148.523569,-36.929898],[148.679955,-36.993066],[148.686501,-36.99571],[148.752737,-37.022464],[148.761142,-37.025859],[148.798383,-37.040901],[148.804535,-37.04336],[148.813201,-37.046822],[148.834984,-37.055524],[148.875055,-37.071533],[148.992556,-37.118474],[148.993881,-37.119004],[149.053074,-37.142652],[149.088444,-37.156782],[149.089126,-37.157054],[149.134539,-37.175197],[149.199767,-37.201083],[149.206151,-37.203617],[149.27469,-37.230621],[149.356271,-37.262765],[149.356463,-37.26284],[149.397112,-37.278856],[149.397115,-37.278857],[149.397118,-37.278858],[149.39712,-37.278859],[149.437531,-37.294781],[149.442228,-37.296632],[149.490948,-37.315828],[149.491024,-37.315858],[149.548236,-37.338399],[149.592094,-37.355679],[149.677578,-37.388999],[149.725649,-37.407736],[149.726398,-37.408028],[149.794194,-37.434454],[149.867314,-37.462954],[149.867368,-37.462977],[149.8674,-37.462988],[149.876212,-37.466423],[149.975824,-37.505014],[149.976192,-37.505159],[149.978196,-37.502129],[149.973986,-37.498286],[149.974922,-37.4947],[149.977295,-37.493278],[149.974384,-37.488447],[149.975835,-37.487738],[149.973809,-37.482602],[149.975363,-37.48167],[149.976762,-37.474017],[149.97632,-37.471313],[149.972893,-37.468817],[149.972451,-37.465165],[149.973828,-37.459417],[149.977038,-37.456943],[149.974807,-37.454637],[149.975041,-37.449496],[149.97364,-37.447761],[149.97541,-37.44545],[149.972121,-37.44323],[149.973825,-37.441268],[149.969604,-37.441925],[149.966972,-37.439859],[149.967118,-37.435542],[149.96237,-37.432982],[149.963945,-37.432957],[149.963664,-37.430861],[149.96087,-37.428542],[149.961363,-37.426599],[149.956554,-37.423509],[149.95653,-37.416115],[149.953872,-37.409552],[149.955636,-37.404587],[149.95368,-37.394588],[149.955242,-37.387617],[149.95184,-37.376254],[149.949831,-37.374669],[149.951181,-37.366104],[149.957081,-37.351221],[149.963338,-37.340525],[149.96895,-37.336203],[149.969213,-37.329622],[149.972162,-37.328523],[149.96679,-37.31284],[149.968865,-37.312924],[149.968311,-37.31081],[149.969726,-37.309697],[149.967462,-37.309075],[149.957567,-37.298723],[149.950848,-37.295648],[149.951209,-37.288696],[149.942936,-37.282524],[149.944008,-37.277729],[149.952408,-37.263619],[149.962841,-37.253629],[149.966632,-37.252059],[149.966025,-37.249843],[149.9774,-37.243141],[149.98687,-37.23995],[149.990881,-37.240342],[149.993509,-37.245053],[150.01009,-37.249914],[150.010232,-37.252499],[150.013111,-37.255496],[150.016126,-37.25455],[150.020724,-37.25568],[150.026972,-37.259132],[150.029262,-37.258679],[150.030402,-37.256027],[150.040152,-37.259206],[150.044789,-37.258854],[150.048743,-37.263135],[150.051932,-37.262273],[150.046698,-37.254073],[150.042713,-37.252011],[150.04171,-37.247997],[150.037587,-37.246016],[150.036452,-37.24299],[150.035602,-37.243842],[150.035078,-37.239084],[150.030915,-37.237878],[150.032561,-37.234901],[150.029571,-37.230396],[150.030849,-37.228166],[150.027834,-37.222515],[150.021337,-37.218882],[150.019301,-37.215003],[150.015304,-37.216027],[150.012384,-37.21169],[150.010856,-37.211831],[150.013134,-37.211317],[150.015217,-37.214332],[150.019073,-37.212253],[150.022997,-37.21332],[150.023489,-37.211984],[150.021514,-37.208711],[150.022633,-37.206777],[150.020353,-37.205169],[150.020902,-37.202463],[150.015613,-37.201124],[150.015827,-37.199082],[150.019594,-37.197142],[150.017718,-37.190948],[150.020127,-37.190268],[150.02095,-37.185432],[150.015626,-37.181205],[150.01484,-37.182127],[150.011993,-37.180514],[150.01291,-37.176508],[150.009777,-37.173793],[150.010134,-37.171515],[150.004994,-37.170559],[150.003048,-37.168523],[150.002736,-37.163914],[150.004924,-37.163533],[150.005532,-37.161428],[150.00955,-37.161268],[150.005886,-37.151023],[150.007503,-37.150544],[150.007215,-37.148911],[150.004599,-37.14645],[150.004869,-37.141269],[149.999103,-37.141549],[149.993418,-37.138685],[149.994121,-37.137213],[149.992257,-37.1363],[149.992366,-37.13924],[149.989878,-37.139006],[149.987616,-37.141124],[149.987312,-37.138611],[149.983811,-37.136842],[149.980333,-37.130121],[149.9769,-37.130971],[149.976332,-37.127419],[149.970836,-37.127568],[149.968962,-37.125682],[149.971312,-37.117834],[149.969295,-37.116514],[149.966904,-37.118207],[149.964359,-37.115308],[149.961872,-37.11711],[149.961777,-37.114695],[149.959864,-37.114791],[149.958769,-37.111359],[149.954218,-37.108416],[149.95232,-37.108727],[149.953789,-37.100888],[149.948674,-37.104389],[149.946041,-37.103472],[149.94324,-37.105383],[149.938777,-37.101003],[149.938309,-37.09858],[149.932566,-37.099181],[149.928158,-37.101793],[149.926658,-37.099859],[149.925278,-37.101435],[149.928127,-37.101874],[149.92984,-37.104958],[149.929726,-37.110113],[149.924403,-37.111782],[149.922762,-37.110009],[149.9147,-37.109496],[149.913028,-37.110166],[149.913409,-37.111653],[149.911385,-37.1118],[149.900064,-37.105475],[149.893487,-37.097087],[149.886502,-37.103689],[149.878305,-37.101044],[149.872759,-37.093308],[149.872235,-37.091243],[149.874,-37.088239],[149.872514,-37.083208],[149.876396,-37.080923],[149.878738,-37.076806],[149.884214,-37.076478],[149.883682,-37.078592],[149.886499,-37.076391],[149.890401,-37.07747],[149.890807,-37.074646],[149.893963,-37.073208],[149.897031,-37.074099],[149.897058,-37.072281],[149.901876,-37.069158],[149.904566,-37.071446],[149.909283,-37.071447],[149.906284,-37.075389],[149.909584,-37.074064],[149.91031,-37.075639],[149.914847,-37.076119],[149.917265,-37.072817],[149.913042,-37.069721],[149.910676,-37.070886],[149.910354,-37.06835],[149.912898,-37.066816],[149.909715,-37.064129],[149.909916,-37.062083],[149.915492,-37.052727],[149.923414,-37.046306],[149.933304,-37.050595],[149.937288,-37.050102],[149.9431,-37.056276],[149.944652,-37.053996],[149.944593,-37.049025],[149.940838,-37.043825],[149.944432,-37.04173],[149.939397,-37.038901],[149.94166,-37.033609],[149.939898,-37.031216],[149.94129,-37.029958],[149.940742,-37.026715],[149.943927,-37.024166],[149.943234,-37.018731],[149.947176,-37.018986],[149.947732,-37.017556],[149.939964,-37.016693],[149.937584,-37.013133],[149.939591,-37.011962],[149.937774,-37.008857],[149.934504,-37.010243],[149.930788,-37.007831],[149.927494,-37.000756],[149.926665,-36.99206],[149.927898,-36.977168],[149.933505,-36.959335],[149.939062,-36.950893],[149.945918,-36.94913],[149.932952,-36.946553],[149.928804,-36.941873],[149.923473,-36.943289],[149.923314,-36.946426],[149.920394,-36.947689],[149.913436,-36.944592],[149.908606,-36.939094],[149.905328,-36.931263],[149.903966,-36.922997],[149.904788,-36.914648],[149.910042,-36.903386],[149.919697,-36.895441],[149.926329,-36.897558],[149.933249,-36.903004],[149.938102,-36.902453],[149.936307,-36.898932],[149.933237,-36.899165],[149.929592,-36.894714],[149.930012,-36.889074],[149.932536,-36.888134],[149.935305,-36.884159],[149.9313,-36.883991],[149.930163,-36.882338],[149.930172,-36.873988],[149.933532,-36.865279],[149.939116,-36.857512],[149.943887,-36.854975],[149.947971,-36.85659],[149.950011,-36.85539],[149.945212,-36.854542],[149.945213,-36.851645],[149.939825,-36.850471],[149.938742,-36.847789],[149.939805,-36.84626],[149.93641,-36.84685],[149.934352,-36.844126],[149.934175,-36.836919],[149.936752,-36.826749],[149.939388,-36.822572],[149.943,-36.822157],[149.93881,-36.82017],[149.940621,-36.811683],[149.945056,-36.802947],[149.953738,-36.792314],[149.958626,-36.789689],[149.962337,-36.791492],[149.96348,-36.789482],[149.962479,-36.787568],[149.967162,-36.78743],[149.96798,-36.783958],[149.971127,-36.781497],[149.969342,-36.779063],[149.971335,-36.779465],[149.973175,-36.776496],[149.970792,-36.775061],[149.974124,-36.774947],[149.972732,-36.772538],[149.974891,-36.772284],[149.976393,-36.768863],[149.977198,-36.769631],[149.977309,-36.765895],[149.978515,-36.765544],[149.977356,-36.76474],[149.979174,-36.764611],[149.980161,-36.75814],[149.983877,-36.753796],[149.981012,-36.752205],[149.983214,-36.74998],[149.980764,-36.748019],[149.985518,-36.746723],[149.981787,-36.745503],[149.981701,-36.744194],[149.985114,-36.74365],[149.98277,-36.741585],[149.98222,-36.73988],[149.984522,-36.73991],[149.98185,-36.73708],[149.984883,-36.738681],[149.986246,-36.736488],[149.984939,-36.735815],[149.987596,-36.735025],[149.987013,-36.732874],[149.990847,-36.73072],[149.989185,-36.729243],[149.991869,-36.725572],[149.990966,-36.724512],[149.983718,-36.72721],[149.979306,-36.722228],[149.978639,-36.714203],[149.982757,-36.702281],[149.984761,-36.699658],[149.98785,-36.699938],[149.988671,-36.697615],[149.99116,-36.697576],[149.990185,-36.69404],[149.992936,-36.694775],[149.993346,-36.693224],[149.997116,-36.692217],[149.995988,-36.690681],[149.99341,-36.691033],[149.992487,-36.687797],[149.993558,-36.68574],[149.999328,-36.685645],[149.998856,-36.681806],[149.995694,-36.681011],[149.994564,-36.678438],[149.999881,-36.665002],[150.011805,-36.646325],[150.015573,-36.644299],[150.014666,-36.640946],[150.016744,-36.63587],[150.022121,-36.626042],[150.02721,-36.621651],[150.027567,-36.619268],[150.029393,-36.618994],[150.031384,-36.610623],[150.035194,-36.605736],[150.037275,-36.605665],[150.03677,-36.603323],[150.039774,-36.603074],[150.037961,-36.601577],[150.041029,-36.598496],[150.040461,-36.597031],[150.042377,-36.596707],[150.041784,-36.594848],[150.045155,-36.592812],[150.043531,-36.590976],[150.044143,-36.589002],[150.051462,-36.583305],[150.055231,-36.585076],[150.053518,-36.582436],[150.056813,-36.582939],[150.055482,-36.581845],[150.058028,-36.579313],[150.055295,-36.575357],[150.055783,-36.570668],[150.057413,-36.570148],[150.0627,-36.555876],[150.068277,-36.554172],[150.065877,-36.547563],[150.062614,-36.544638],[150.057277,-36.543901],[150.055537,-36.540206],[150.056284,-36.52921],[150.057605,-36.526381],[150.06049,-36.525384],[150.059378,-36.517988],[150.060765,-36.516337],[150.059011,-36.510048],[150.061195,-36.509191],[150.062206,-36.50655],[150.060721,-36.505703],[150.061152,-36.503648],[150.058036,-36.501513],[150.060675,-36.497105],[150.056378,-36.4971],[150.055037,-36.495297],[150.054818,-36.488115],[150.056985,-36.487291],[150.055786,-36.48547],[150.056758,-36.480614],[150.06241,-36.469288],[150.069799,-36.460731],[150.073652,-36.459095],[150.074011,-36.456964],[150.071201,-36.453364],[150.073908,-36.451652],[150.071816,-36.450946],[150.071423,-36.448136],[150.073305,-36.446696],[150.07238,-36.4442],[150.075859,-36.441775],[150.074412,-36.439697],[150.07536,-36.437491],[150.078445,-36.432944],[150.080913,-36.43272],[150.08476,-36.429194],[150.082699,-36.422783],[150.078017,-36.425185],[150.074896,-36.42379],[150.074887,-36.421878],[150.070198,-36.422343],[150.067383,-36.41891],[150.06532,-36.406374],[150.068941,-36.393006],[150.076899,-36.379626],[150.080611,-36.377548],[150.080838,-36.374487],[150.083311,-36.372919],[150.079326,-36.369259],[150.093005,-36.34995],[150.111436,-36.331004],[150.116885,-36.329113],[150.115788,-36.327736],[150.120489,-36.322894],[150.124307,-36.320491],[150.127437,-36.320541],[150.127353,-36.31864],[150.131203,-36.316547],[150.131625,-36.314247],[150.133547,-36.314045],[150.133651,-36.31197],[150.135273,-36.311369],[150.136439,-36.305905],[150.139723,-36.304902],[150.134219,-36.30254],[150.134137,-36.298801],[150.13537,-36.298664],[150.131559,-36.293956],[150.133565,-36.292191],[150.130755,-36.288952],[150.13876,-36.275335],[150.145811,-36.267901],[150.148569,-36.266969],[150.147763,-36.262871],[150.144835,-36.259958],[150.146102,-36.254097],[150.143496,-36.249566],[150.145144,-36.240295],[150.147542,-36.237994],[150.141582,-36.227016],[150.140756,-36.220637],[150.142481,-36.21778],[150.137569,-36.215364],[150.132015,-36.206964],[150.13162,-36.203206],[150.133113,-36.201373],[150.130927,-36.199566],[150.132561,-36.193356],[150.134174,-36.192228],[150.132253,-36.190422],[150.133267,-36.185352],[150.13192,-36.181055],[150.133898,-36.179073],[150.132838,-36.174403],[150.135859,-36.172524],[150.135437,-36.170667],[150.131481,-36.169406],[150.133479,-36.166112],[150.131025,-36.166107],[150.130306,-36.16298],[150.126691,-36.162177],[150.125418,-36.16014],[150.124334,-36.141924],[150.128798,-36.119013],[150.13455,-36.106223],[150.138333,-36.103503],[150.136469,-36.101323],[150.137539,-36.097026],[150.141502,-36.094435],[150.134597,-36.091658],[150.133861,-36.087611],[150.136032,-36.086626],[150.133682,-36.08457],[150.13558,-36.083521],[150.132609,-36.082533],[150.132475,-36.080872],[150.135084,-36.06907],[150.134482,-36.065902],[150.137374,-36.065698],[150.138681,-36.06344],[150.141666,-36.063714],[150.142047,-36.05829],[150.144535,-36.056992],[150.141419,-36.053646],[150.14129,-36.050883],[150.141249,-36.050892],[150.141248,-36.050887],[150.141213,-36.050818],[150.141129,-36.050606],[150.141023,-36.050452],[150.140938,-36.050377],[150.140762,-36.050286],[150.140586,-36.05016],[150.140502,-36.05012],[150.140447,-36.050083],[150.140007,-36.050369],[150.139907,-36.050288],[150.139848,-36.050248],[150.139732,-36.05018],[150.139706,-36.05017],[150.139681,-36.050166],[150.140022,-36.049695],[150.139958,-36.049636],[150.139945,-36.049577],[150.139926,-36.049524],[150.139895,-36.049479],[150.139862,-36.049418],[150.139867,-36.049325],[150.139917,-36.049243],[150.139944,-36.049165],[150.139938,-36.049072],[150.139886,-36.048997],[150.139796,-36.048919],[150.139704,-36.048932],[150.139661,-36.048903],[150.139617,-36.048876],[150.139572,-36.048851],[150.139498,-36.04882],[150.13942,-36.048795],[150.139177,-36.04873],[150.139046,-36.048691],[150.138813,-36.048602],[150.138719,-36.048504],[150.138645,-36.048359],[150.138514,-36.048213],[150.138323,-36.048082],[150.138091,-36.047997],[150.137757,-36.04802],[150.137385,-36.048043],[150.137108,-36.048132],[150.136871,-36.048174],[150.136521,-36.048102],[150.136118,-36.047886],[150.135871,-36.047689],[150.135683,-36.047462],[150.135499,-36.047156],[150.135309,-36.046977],[150.135024,-36.046763],[150.134853,-36.046616],[150.134623,-36.046484],[150.134293,-36.046396],[150.133654,-36.046222],[150.133207,-36.046132],[150.132781,-36.045995],[150.131812,-36.045764],[150.131075,-36.045571],[150.130804,-36.045501],[150.130223,-36.045328],[150.129523,-36.0452],[150.128999,-36.04506],[150.128419,-36.044872],[150.128111,-36.044721],[150.127768,-36.044459],[150.127561,-36.044231],[150.12726,-36.043906],[150.12711,-36.043728],[150.12692,-36.043548],[150.126773,-36.043291],[150.126722,-36.043083],[150.126715,-36.043047],[150.126673,-36.042811],[150.126759,-36.042607],[150.126862,-36.04245],[150.127166,-36.042187],[150.127409,-36.041955],[150.127415,-36.04178],[150.127405,-36.041526],[150.127312,-36.041374],[150.127288,-36.041355],[150.127266,-36.041328],[150.127249,-36.041298],[150.12722,-36.041235],[150.127202,-36.041205],[150.127172,-36.041167],[150.127068,-36.041058],[150.127037,-36.04102],[150.127012,-36.040986],[150.126965,-36.040916],[150.126921,-36.040845],[150.126898,-36.040803],[150.126857,-36.040718],[150.126834,-36.040676],[150.126815,-36.040648],[150.126807,-36.040636],[150.126773,-36.040596],[150.126735,-36.040559],[150.126694,-36.040522],[150.126561,-36.040407],[150.126393,-36.04027],[150.126355,-36.040239],[150.126176,-36.040083],[150.126061,-36.039977],[150.125995,-36.039911],[150.125932,-36.039845],[150.12587,-36.039778],[150.125564,-36.039405],[150.125311,-36.038827],[150.12526,-36.038635],[150.125216,-36.038205],[150.125248,-36.037872],[150.12536,-36.037493],[150.125647,-36.037119],[150.126254,-36.036577],[150.126436,-36.036423],[150.126837,-36.036162],[150.127217,-36.035933],[150.127595,-36.035752],[150.127795,-36.035629],[150.127839,-36.035519],[150.127686,-36.03542],[150.127393,-36.035381],[150.126967,-36.03526],[150.126465,-36.035073],[150.12608,-36.034921],[150.125715,-36.034705],[150.125489,-36.034478],[150.125418,-36.034269],[150.12535,-36.033998],[150.12524,-36.033788],[150.125089,-36.033642],[150.124997,-36.033481],[150.124945,-36.033289],[150.124903,-36.032827],[150.124818,-36.032491],[150.12474,-36.032363],[150.124634,-36.032168],[150.124523,-36.031974],[150.124352,-36.031843],[150.12418,-36.031728],[150.123989,-36.031596],[150.123796,-36.031528],[150.123446,-36.031472],[150.12302,-36.031351],[150.12244,-36.031146],[150.121977,-36.03096],[150.121475,-36.030773],[150.121033,-36.030556],[150.120497,-36.030241],[150.120168,-36.030039],[150.119751,-36.029778],[150.119563,-36.029567],[150.119412,-36.029405],[150.119378,-36.029261],[150.119341,-36.029122],[150.119346,-36.029072],[150.119357,-36.029023],[150.119377,-36.028979],[150.119406,-36.028945],[150.119446,-36.028915],[150.119487,-36.028886],[150.119523,-36.028856],[150.119546,-36.028822],[150.119551,-36.028793],[150.11955,-36.028763],[150.11954,-36.028701],[150.11954,-36.028671],[150.119546,-36.028606],[150.119559,-36.028542],[150.119569,-36.028511],[150.119586,-36.028469],[150.11961,-36.028428],[150.11966,-36.028347],[150.119681,-36.028306],[150.119714,-36.028217],[150.119835,-36.027985],[150.119861,-36.027827],[150.119787,-36.027714],[150.119597,-36.027551],[150.119464,-36.027452],[150.119174,-36.027334],[150.118826,-36.02723],[150.118498,-36.027111],[150.11817,-36.02696],[150.117846,-36.026746],[150.117501,-36.026531],[150.117215,-36.026333],[150.116989,-36.026105],[150.116665,-36.025859],[150.116265,-36.025548],[150.115942,-36.025286],[150.11562,-36.025008],[150.115492,-36.024751],[150.115326,-36.024476],[150.115143,-36.024123],[150.115018,-36.023802],[150.114951,-36.023482],[150.115022,-36.02315],[150.115152,-36.022804],[150.11557,-36.022116],[150.115751,-36.021944],[150.115953,-36.021758],[150.116039,-36.021569],[150.116165,-36.021318],[150.116171,-36.021246],[150.11587,-36.021217],[150.10484,-36.019871],[150.103997,-36.021247],[150.103599,-36.021816],[150.103287,-36.022454],[150.103193,-36.022619],[150.102591,-36.022846],[150.099926,-36.025366],[150.100029,-36.024809],[150.096374,-36.024319],[150.089442,-36.023388],[150.089309,-36.024102],[150.088122,-36.023565],[150.086983,-36.023258],[150.085687,-36.022718],[150.08532,-36.022481],[150.085026,-36.022247],[150.08487,-36.022377],[150.084541,-36.022317],[150.084444,-36.02236],[150.084135,-36.022494],[150.084073,-36.022532],[150.083731,-36.02275],[150.083514,-36.0228],[150.083796,-36.021336],[150.083851,-36.021043],[150.084762,-36.016312],[150.083835,-36.01619],[150.08499,-36.010289],[150.085031,-36.010076],[150.085094,-36.009695],[150.085036,-36.009704],[150.08486,-36.009744],[150.084775,-36.009772],[150.084057,-36.009949],[150.083958,-36.009972],[150.083874,-36.009989],[150.083613,-36.010063],[150.082873,-36.010292],[150.082613,-36.01036],[150.082359,-36.010446],[150.08224,-36.01049],[150.082084,-36.010549],[150.081977,-36.010595],[150.081901,-36.010634],[150.081711,-36.010737],[150.081626,-36.010772],[150.081436,-36.010874],[150.081253,-36.010943],[150.080992,-36.011029],[150.080823,-36.011057],[150.080295,-36.011188],[150.080044,-36.011211],[150.079951,-36.011214],[150.079541,-36.011256],[150.079456,-36.011256],[150.079189,-36.011228],[150.07883,-36.01109],[150.078639,-36.011036],[150.078569,-36.011015],[150.078478,-36.010998],[150.078217,-36.010947],[150.078119,-36.010912],[150.078034,-36.010843],[150.077992,-36.010775],[150.078014,-36.010706],[150.078077,-36.010637],[150.078119,-36.010569],[150.078126,-36.0105],[150.078112,-36.010431],[150.078063,-36.010357],[150.077993,-36.010283],[150.077901,-36.010214],[150.077726,-36.010128],[150.077458,-36.010036],[150.077106,-36.009962],[150.076648,-36.009801],[150.076473,-36.009709],[150.076388,-36.009663],[150.076304,-36.009629],[150.076135,-36.009515],[150.076057,-36.00944],[150.075783,-36.009142],[150.075699,-36.009005],[150.075664,-36.008931],[150.075594,-36.008719],[150.075558,-36.008644],[150.075495,-36.008507],[150.075418,-36.00837],[150.075235,-36.008261],[150.075144,-36.008238],[150.075059,-36.008238],[150.074862,-36.008301],[150.074777,-36.008335],[150.074587,-36.008466],[150.074425,-36.008603],[150.074291,-36.008741],[150.074241,-36.008809],[150.074213,-36.008878],[150.074149,-36.00917],[150.074094,-36.009238],[150.073945,-36.009376],[150.073853,-36.009433],[150.073677,-36.009484],[150.073578,-36.009507],[150.07341,-36.009541],[150.073318,-36.009547],[150.073023,-36.009604],[150.072832,-36.009684],[150.07274,-36.009735],[150.072367,-36.009987],[150.072282,-36.010021],[150.072191,-36.010072],[150.072099,-36.010118],[150.072015,-36.010141],[150.071923,-36.010141],[150.071838,-36.010129],[150.071747,-36.010106],[150.071486,-36.009957],[150.071409,-36.009883],[150.071282,-36.009671],[150.071233,-36.009528],[150.071066,-36.00938],[150.071021,-36.009296],[150.070907,-36.009208],[150.070761,-36.009176],[150.07054,-36.009182],[150.070336,-36.009221],[150.070158,-36.009288],[150.069983,-36.00938],[150.069849,-36.009486],[150.069768,-36.009615],[150.069737,-36.009759],[150.069715,-36.009932],[150.069676,-36.010112],[150.069589,-36.010241],[150.069476,-36.010346],[150.069334,-36.010447],[150.069198,-36.010545],[150.0691,-36.010653],[150.068949,-36.010791],[150.06881,-36.010914],[150.068631,-36.011003],[150.068376,-36.011095],[150.068174,-36.011167],[150.068007,-36.011252],[150.067842,-36.011353],[150.067689,-36.01148],[150.067551,-36.011586],[150.067435,-36.011699],[150.067333,-36.011791],[150.067201,-36.011916],[150.067082,-36.01203],[150.066964,-36.01211],[150.066795,-36.012139],[150.066596,-36.012148],[150.066416,-36.01213],[150.066245,-36.01207],[150.066034,-36.012019],[150.065829,-36.011973],[150.065609,-36.011926],[150.065415,-36.01189],[150.065157,-36.011858],[150.064908,-36.011857],[150.064706,-36.011879],[150.064521,-36.011941],[150.064388,-36.012007],[150.064295,-36.012106],[150.064265,-36.012229],[150.064255,-36.012393],[150.064249,-36.012536],[150.064208,-36.012668],[150.064105,-36.012808],[150.063973,-36.01295],[150.063844,-36.013075],[150.063694,-36.013178],[150.063522,-36.013286],[150.063382,-36.013379],[150.063265,-36.013482],[150.063181,-36.013607],[150.063117,-36.013756],[150.063063,-36.013935],[150.06302,-36.014095],[150.062971,-36.014259],[150.062946,-36.01441],[150.06293,-36.014582],[150.062909,-36.014791],[150.062891,-36.015012],[150.06287,-36.015217],[150.062828,-36.015501],[150.062813,-36.015732],[150.062779,-36.015934],[150.062722,-36.016106],[150.062632,-36.016255],[150.062487,-36.016327],[150.062327,-36.016434],[150.062215,-36.016563],[150.062135,-36.016728],[150.062074,-36.016901],[150.061969,-36.017063],[150.061837,-36.017144],[150.061663,-36.01716],[150.061494,-36.017097],[150.061245,-36.016969],[150.061027,-36.016812],[150.060754,-36.016658],[150.06053,-36.016547],[150.060226,-36.016414],[150.060001,-36.016318],[150.059726,-36.016216],[150.059422,-36.016108],[150.05917,-36.016038],[150.058923,-36.015953],[150.058692,-36.015835],[150.058515,-36.015713],[150.058397,-36.015603],[150.058302,-36.015461],[150.058231,-36.015347],[150.058154,-36.015203],[150.058057,-36.015105],[150.057915,-36.014994],[150.057803,-36.014904],[150.057694,-36.014805],[150.057665,-36.014725],[150.057688,-36.014594],[150.057763,-36.014454],[150.057792,-36.014304],[150.057777,-36.014147],[150.057736,-36.014026],[150.057673,-36.013901],[150.057535,-36.01378],[150.057367,-36.013676],[150.057172,-36.013594],[150.056954,-36.01352],[150.056762,-36.013448],[150.056598,-36.013363],[150.056432,-36.013243],[150.056319,-36.013096],[150.056271,-36.012932],[150.056269,-36.012775],[150.056327,-36.012631],[150.056465,-36.012527],[150.056645,-36.01246],[150.056896,-36.012409],[150.057115,-36.01238],[150.057361,-36.01233],[150.057591,-36.012222],[150.057712,-36.012106],[150.057777,-36.011981],[150.057772,-36.011794],[150.057674,-36.011656],[150.057495,-36.011561],[150.057347,-36.011543],[150.05718,-36.011587],[150.057063,-36.011639],[150.05696,-36.011687],[150.05688,-36.011641],[150.056799,-36.011511],[150.056695,-36.011318],[150.056579,-36.011179],[150.056459,-36.011065],[150.056294,-36.010947],[150.056136,-36.010844],[150.055992,-36.01072],[150.055908,-36.010586],[150.055881,-36.010478],[150.055963,-36.010369],[150.056108,-36.010275],[150.056178,-36.010196],[150.056196,-36.010074],[150.056169,-36.009899],[150.056128,-36.009737],[150.056069,-36.009618],[150.05596,-36.009454],[150.055837,-36.009301],[150.055684,-36.009155],[150.055527,-36.009041],[150.055352,-36.008983],[150.055169,-36.008961],[150.054986,-36.00897],[150.054866,-36.008987],[150.054784,-36.00901],[150.054811,-36.008881],[150.055257,-36.006726],[150.053759,-36.00651],[150.053046,-36.009945],[150.053395,-36.009996],[150.053571,-36.010022],[150.05359,-36.01001],[150.053609,-36.009997],[150.053627,-36.009984],[150.053645,-36.00997],[150.053661,-36.009956],[150.053689,-36.009928],[150.053714,-36.009898],[150.053737,-36.009866],[150.053759,-36.009834],[150.053781,-36.009802],[150.053804,-36.009771],[150.053826,-36.009739],[150.053848,-36.009707],[150.05387,-36.009675],[150.053892,-36.009644],[150.053919,-36.009607],[150.053946,-36.00957],[150.053973,-36.009533],[150.054002,-36.009497],[150.054032,-36.009462],[150.054054,-36.009438],[150.054077,-36.009413],[150.0541,-36.009389],[150.054125,-36.009366],[150.054151,-36.009345],[150.054177,-36.009328],[150.054204,-36.009313],[150.054233,-36.009299],[150.054262,-36.009285],[150.054289,-36.009271],[150.054301,-36.009264],[150.054273,-36.009402],[150.052712,-36.017019],[150.052653,-36.017302],[150.052639,-36.017372],[150.052614,-36.017494],[150.052115,-36.01993],[150.05356,-36.020138],[150.053558,-36.020147],[150.052289,-36.026154],[150.05028,-36.035655],[150.051555,-36.036443],[150.052774,-36.036563],[150.052944,-36.036564],[150.053339,-36.036567],[150.05352,-36.036569],[150.052638,-36.041306],[150.031093,-36.038212],[150.030846,-36.038177],[150.029724,-36.03939],[150.029338,-36.039609],[150.028125,-36.039209],[150.026142,-36.038698],[150.024511,-36.038499],[150.023026,-36.037994],[150.02196,-36.0369],[150.021633,-36.036852],[150.014268,-36.035793],[150.01502,-36.032365],[150.009541,-36.03157],[150.003422,-36.030681],[150.004167,-36.027329],[150.002618,-36.027096],[150.002631,-36.027038],[150.002744,-36.026867],[150.003163,-36.026471],[150.00318,-36.026237],[150.002953,-36.025892],[150.002799,-36.025782],[150.002683,-36.025716],[150.002295,-36.025687],[150.002004,-36.02562],[150.001777,-36.025527],[150.001434,-36.025249],[150.001356,-36.025153],[150.001278,-36.024826],[150.001269,-36.024819],[150.001253,-36.024804],[150.001222,-36.024777],[150.000835,-36.024655],[149.999651,-36.025062],[149.999306,-36.025086],[149.999258,-36.025073],[149.99924,-36.025064],[149.999219,-36.025061],[149.999169,-36.025045],[149.999063,-36.024964],[149.999031,-36.024903],[149.999016,-36.024496],[149.999049,-36.024372],[149.999018,-36.024205],[149.998775,-36.023898],[149.998455,-36.023625],[149.998399,-36.02353],[149.998358,-36.023378],[149.998354,-36.023268],[149.998409,-36.023112],[149.99836,-36.022923],[149.998197,-36.022772],[149.997809,-36.02274],[149.997561,-36.02292],[149.997293,-36.02327],[149.99711,-36.023416],[149.997021,-36.023448],[149.996919,-36.023506],[149.996955,-36.023475],[149.996909,-36.023491],[149.996583,-36.023484],[149.996323,-36.02335],[149.995987,-36.023054],[149.995675,-36.022612],[149.995454,-36.022372],[149.99528,-36.022233],[149.994727,-36.021916],[149.994543,-36.021768],[149.994395,-36.021607],[149.994319,-36.021429],[149.994312,-36.021229],[149.994364,-36.020864],[149.994391,-36.020816],[149.994355,-36.020847],[149.994401,-36.020738],[149.994383,-36.020582],[149.994336,-36.020492],[149.994146,-36.020303],[149.993886,-36.020212],[149.993601,-36.020176],[149.992979,-36.020021],[149.99262,-36.020062],[149.992485,-36.020147],[149.992134,-36.020255],[149.991548,-36.020286],[149.991306,-36.020209],[149.991031,-36.020015],[149.990883,-36.019802],[149.990701,-36.019286],[149.990534,-36.018957],[149.99022,-36.018757],[149.98997,-36.018807],[149.989836,-36.018935],[149.989672,-36.019011],[149.989434,-36.019044],[149.989041,-36.018967],[149.98861,-36.018797],[149.988422,-36.018771],[149.98819,-36.018695],[149.987849,-36.01855],[149.987347,-36.018265],[149.986964,-36.018002],[149.986433,-36.017765],[149.986343,-36.017768],[149.986264,-36.017735],[149.98616,-36.017726],[149.985873,-36.017607],[149.985733,-36.017518],[149.985426,-36.01743],[149.985369,-36.017413],[149.985244,-36.017313],[149.985095,-36.017132],[149.984868,-36.01668],[149.984671,-36.016541],[149.984306,-36.016204],[149.98396,-36.016041],[149.983236,-36.015652],[149.982751,-36.015544],[149.982653,-36.015487],[149.982543,-36.01546],[149.982255,-36.015258],[149.982091,-36.015144],[149.981575,-36.01491],[149.981313,-36.014857],[149.980512,-36.014521],[149.98018,-36.014275],[149.979932,-36.013887],[149.979624,-36.013547],[149.979468,-36.013246],[149.979357,-36.012905],[149.979138,-36.012518],[149.979069,-36.01247],[149.978931,-36.012372],[149.978688,-36.012301],[149.978043,-36.012287],[149.97743,-36.011946],[149.977016,-36.011812],[149.976944,-36.011814],[149.976476,-36.011641],[149.976041,-36.011291],[149.975929,-36.011246],[149.974948,-36.01039],[149.974664,-36.010163],[149.974512,-36.010106],[149.974234,-36.00991],[149.973921,-36.00957],[149.973381,-36.009337],[149.972923,-36.009165],[149.972758,-36.009136],[149.972494,-36.009173],[149.971933,-36.009169],[149.971576,-36.009271],[149.971067,-36.009482],[149.970847,-36.009529],[149.970548,-36.009648],[149.969888,-36.009967],[149.969381,-36.010003],[149.968895,-36.009967],[149.968402,-36.010039],[149.968176,-36.010014],[149.968018,-36.01005],[149.967995,-36.010057],[149.967953,-36.010066],[149.967943,-36.010069],[149.967913,-36.010081],[149.967895,-36.01009],[149.967873,-36.010103],[149.967853,-36.010118],[149.967844,-36.010126],[149.966665,-36.010489],[149.965206,-36.007787],[149.855705,-35.809015],[149.859796,-35.795142],[149.837634,-35.786406],[149.826941,-35.778131],[149.824958,-35.763239],[149.817232,-35.753041],[149.817229,-35.75306],[149.817236,-35.753008],[149.817236,-35.752957],[149.817228,-35.752905],[149.817235,-35.752859],[149.817228,-35.752802],[149.817227,-35.752756],[149.817213,-35.752642],[149.817219,-35.752585],[149.817219,-35.752493],[149.817211,-35.752447],[149.817197,-35.752384],[149.817197,-35.752339],[149.817175,-35.752196],[149.817175,-35.75215],[149.81716,-35.752093],[149.817146,-35.75203],[149.817145,-35.751984],[149.817123,-35.751835],[149.81713,-35.751772],[149.817123,-35.751715],[149.817122,-35.751669],[149.817122,-35.751612],[149.817129,-35.751566],[149.817129,-35.751515],[149.817121,-35.751469],[149.817128,-35.751412],[149.817121,-35.751366],[149.81712,-35.751314],[149.817113,-35.751269],[149.817112,-35.751171],[149.817119,-35.751126],[149.817112,-35.751068],[149.817118,-35.751023],[149.817118,-35.75092],[149.817124,-35.750857],[149.817131,-35.750811],[149.817131,-35.750765],[149.817159,-35.750696],[149.817179,-35.750542],[149.817192,-35.75049],[149.817206,-35.750438],[149.817217,-35.750378],[149.817227,-35.750335],[149.817233,-35.750289],[149.817247,-35.750198],[149.817253,-35.750141],[149.817267,-35.750095],[149.817274,-35.750037],[149.817281,-35.749992],[149.817291,-35.74994],[149.817296,-35.749888],[149.817303,-35.749847],[149.817308,-35.749797],[149.817321,-35.749745],[149.817328,-35.749707],[149.817356,-35.749602],[149.817374,-35.749589],[149.817474,-35.749538],[149.817523,-35.74951],[149.817635,-35.749441],[149.817698,-35.7494],[149.817761,-35.749354],[149.817817,-35.74932],[149.817887,-35.749274],[149.817943,-35.749228],[149.817999,-35.749187],[149.818055,-35.749141],[149.818118,-35.749101],[149.818174,-35.749055],[149.818292,-35.748969],[149.818469,-35.748859],[149.818516,-35.748819],[149.818628,-35.748715],[149.81867,-35.748664],[149.818711,-35.748612],[149.818742,-35.748567],[149.818762,-35.748535],[149.818809,-35.748473],[149.818869,-35.748412],[149.81889,-35.748377],[149.818897,-35.748332],[149.818925,-35.74824],[149.818946,-35.748189],[149.818982,-35.748137],[149.818996,-35.74808],[149.81901,-35.748034],[149.819038,-35.747971],[149.819066,-35.74792],[149.819087,-35.747874],[149.819157,-35.747822],[149.819199,-35.747771],[149.819256,-35.74772],[149.819312,-35.747668],[149.819375,-35.747617],[149.819438,-35.747571],[149.819537,-35.747468],[149.819572,-35.747416],[149.819621,-35.747365],[149.819656,-35.747313],[149.819698,-35.747256],[149.81972,-35.747205],[149.819755,-35.747153],[149.819839,-35.746999],[149.819881,-35.746907],[149.819895,-35.746861],[149.819909,-35.74681],[149.819938,-35.746764],[149.819952,-35.746713],[149.819973,-35.746661],[149.819987,-35.746615],[149.820015,-35.746564],[149.820043,-35.746507],[149.820071,-35.746461],[149.820092,-35.746415],[149.82012,-35.746369],[149.820149,-35.746324],[149.820191,-35.746272],[149.820233,-35.746215],[149.82038,-35.74606],[149.820409,-35.746015],[149.820465,-35.745975],[149.820535,-35.74586],[149.82057,-35.745809],[149.820584,-35.745763],[149.820605,-35.745717],[149.820634,-35.745671],[149.820655,-35.74562],[149.820662,-35.745574],[149.82069,-35.745528],[149.820704,-35.745483],[149.820718,-35.745437],[149.820725,-35.745391],[149.820718,-35.745345],[149.820725,-35.7453],[149.820711,-35.745202],[149.820697,-35.745156],[149.820669,-35.745111],[149.820648,-35.745059],[149.820606,-35.745013],[149.820571,-35.744968],[149.820522,-35.74491],[149.820459,-35.744864],[149.820444,-35.744849],[149.820374,-35.744806],[149.820314,-35.744773],[149.820257,-35.74475],[149.820195,-35.744734],[149.820136,-35.744713],[149.820079,-35.744695],[149.820014,-35.744669],[149.819895,-35.74461],[149.819838,-35.744587],[149.819781,-35.744566],[149.819722,-35.744546],[149.819662,-35.744515],[149.819605,-35.744481],[149.81943,-35.744389],[149.819373,-35.744355],[149.819253,-35.744274],[149.819195,-35.744238],[149.819073,-35.744171],[149.819016,-35.744136],[149.818954,-35.744106],[149.818896,-35.744067],[149.818838,-35.744025],[149.818778,-35.74398],[149.818728,-35.743936],[149.81867,-35.743893],[149.818616,-35.743848],[149.818585,-35.743801],[149.818559,-35.743753],[149.818516,-35.743659],[149.8185,-35.743611],[149.818479,-35.743564],[149.818462,-35.743517],[149.818446,-35.743465],[149.818397,-35.743323],[149.818376,-35.743272],[149.818333,-35.743177],[149.818317,-35.74313],[149.818296,-35.743078],[149.818263,-35.742984],[149.818251,-35.742936],[149.818245,-35.742888],[149.818228,-35.742841],[149.818194,-35.742698],[149.818187,-35.742647],[149.818181,-35.742595],[149.818169,-35.742547],[149.818168,-35.7425],[149.818161,-35.742452],[149.818167,-35.742356],[149.818171,-35.742308],[149.818183,-35.742256],[149.818192,-35.742208],[149.818198,-35.742113],[149.818196,-35.742061],[149.818199,-35.742009],[149.818212,-35.741961],[149.818215,-35.741913],[149.818223,-35.741865],[149.818227,-35.741817],[149.818241,-35.74177],[149.818247,-35.741759],[149.818258,-35.741705],[149.81827,-35.741656],[149.818306,-35.741547],[149.818318,-35.741497],[149.818342,-35.741437],[149.818352,-35.741334],[149.818398,-35.741127],[149.818408,-35.741029],[149.818412,-35.74098],[149.818424,-35.740926],[149.818434,-35.740822],[149.818445,-35.740768],[149.81845,-35.740719],[149.818444,-35.740562],[149.818436,-35.740513],[149.818432,-35.740416],[149.818424,-35.740362],[149.818409,-35.740308],[149.818384,-35.740162],[149.818368,-35.740108],[149.818367,-35.740054],[149.818351,-35.740005],[149.818308,-35.739909],[149.818286,-35.739855],[149.818258,-35.739807],[149.818236,-35.739759],[149.818208,-35.739711],[149.818138,-35.739615],[149.81809,-35.739567],[149.818028,-35.739519],[149.817906,-35.739436],[149.817845,-35.739399],[149.817784,-35.739368],[149.817702,-35.73931],[149.81764,-35.739268],[149.817573,-35.739232],[149.817504,-35.739185],[149.817443,-35.739154],[149.817413,-35.739135],[149.81738,-35.739117],[149.817321,-35.739089],[149.817176,-35.739025],[149.817082,-35.738987],[149.817025,-35.738968],[149.816964,-35.738937],[149.816903,-35.738911],[149.816842,-35.738897],[149.81666,-35.738819],[149.8166,-35.738799],[149.816539,-35.738774],[149.816478,-35.738737],[149.816416,-35.738695],[149.816368,-35.738647],[149.816326,-35.7386],[149.816217,-35.738504],[149.816162,-35.738457],[149.816101,-35.73842],[149.816039,-35.738378],[149.815984,-35.738331],[149.815923,-35.738289],[149.815868,-35.738241],[149.815745,-35.738158],[149.815683,-35.738132],[149.815624,-35.738112],[149.815503,-35.73806],[149.81532,-35.737967],[149.815265,-35.737919],[149.815217,-35.737872],[149.815147,-35.737776],[149.815112,-35.737722],[149.815077,-35.737674],[149.815048,-35.737626],[149.814978,-35.73753],[149.814937,-35.737477],[149.814902,-35.737429],[149.814847,-35.737381],[149.814702,-35.737238],[149.814619,-35.737143],[149.814562,-35.737047],[149.814527,-35.736993],[149.814499,-35.73694],[149.814429,-35.736844],[149.814415,-35.736798],[149.814401,-35.736707],[149.81439,-35.736578],[149.814395,-35.736532],[149.814396,-35.736487],[149.814396,-35.736441],[149.814399,-35.736395],[149.814395,-35.736347],[149.814402,-35.7363],[149.81443,-35.736249],[149.814451,-35.736203],[149.814493,-35.736146],[149.814549,-35.736089],[149.81462,-35.736049],[149.814732,-35.735957],[149.814788,-35.735929],[149.814858,-35.735877],[149.814922,-35.735843],[149.814992,-35.735803],[149.815048,-35.735763],[149.815111,-35.735734],[149.815167,-35.735706],[149.815238,-35.735688],[149.815308,-35.735654],[149.815371,-35.735631],[149.815427,-35.735608],[149.815498,-35.73558],[149.815561,-35.735563],[149.815631,-35.735534],[149.815694,-35.735511],[149.815775,-35.735472],[149.815828,-35.735454],[149.815884,-35.735431],[149.815947,-35.735403],[149.816003,-35.735368],[149.816059,-35.73534],[149.816179,-35.735254],[149.816242,-35.735214],[149.816305,-35.735163],[149.816375,-35.735123],[149.816439,-35.735077],[149.816558,-35.734968],[149.816614,-35.734922],[149.816663,-35.734859],[149.816706,-35.734808],[149.816755,-35.734745],[149.816811,-35.734688],[149.816853,-35.734631],[149.816881,-35.734585],[149.816916,-35.734533],[149.816959,-35.734476],[149.817008,-35.734425],[149.817029,-35.734373],[149.817078,-35.734322],[149.817106,-35.734276],[149.817148,-35.734219],[149.817177,-35.734173],[149.817261,-35.73407],[149.817282,-35.734024],[149.817345,-35.733967],[149.817401,-35.733921],[149.817465,-35.73387],[149.817633,-35.733784],[149.817703,-35.733733],[149.817767,-35.733693],[149.817837,-35.733658],[149.817893,-35.733624],[149.817963,-35.733584],[149.818019,-35.733555],[149.818076,-35.733527],[149.818132,-35.733504],[149.818188,-35.733487],[149.818244,-35.733475],[149.818319,-35.733453],[149.818375,-35.733439],[149.818434,-35.733422],[149.818491,-35.733412],[149.818607,-35.733395],[149.818668,-35.733388],[149.818725,-35.733384],[149.818785,-35.733377],[149.818844,-35.733372],[149.818902,-35.73337],[149.818965,-35.73337],[149.819026,-35.733369],[149.819079,-35.733367],[149.819133,-35.733363],[149.819265,-35.73335],[149.819323,-35.73335],[149.819382,-35.733358],[149.819441,-35.733374],[149.819496,-35.733387],[149.819554,-35.733407],[149.819611,-35.733432],[149.819649,-35.733455],[149.819674,-35.733476],[149.819688,-35.733492],[149.81971,-35.733511],[149.819851,-35.733642],[149.819914,-35.733688],[149.819971,-35.733739],[149.820006,-35.733785],[149.820069,-35.733825],[149.820117,-35.733877],[149.820174,-35.733928],[149.820223,-35.733974],[149.820279,-35.73402],[149.820342,-35.73406],[149.820398,-35.734117],[149.82044,-35.734169],[149.82049,-35.734215],[149.820525,-35.73426],[149.820616,-35.734358],[149.820679,-35.734409],[149.820728,-35.734455],[149.820777,-35.734512],[149.820833,-35.734558],[149.820868,-35.734604],[149.820931,-35.73465],[149.820995,-35.734707],[149.821065,-35.734747],[149.821135,-35.734781],[149.821197,-35.73481],[149.821258,-35.734833],[149.821316,-35.734852],[149.821372,-35.73486],[149.821429,-35.734874],[149.821487,-35.734887],[149.821545,-35.734895],[149.821603,-35.734908],[149.82166,-35.734918],[149.821718,-35.73493],[149.821752,-35.734938],[149.821809,-35.734948],[149.821865,-35.734957],[149.821921,-35.734956],[149.821978,-35.734954],[149.822034,-35.734946],[149.82215,-35.734922],[149.822205,-35.734907],[149.822261,-35.734895],[149.822334,-35.734875],[149.822389,-35.734853],[149.822444,-35.73482],[149.822499,-35.734783],[149.82255,-35.734736],[149.822587,-35.73469],[149.822641,-35.734643],[149.822679,-35.734596],[149.822735,-35.734519],[149.822757,-35.734473],[149.822785,-35.734427],[149.822806,-35.734382],[149.822876,-35.734279],[149.822897,-35.734233],[149.822932,-35.734181],[149.822952,-35.734136],[149.82301,-35.734033],[149.823037,-35.733975],[149.823066,-35.73393],[149.8231,-35.733878],[149.823129,-35.733832],[149.82315,-35.733775],[149.823171,-35.733729],[149.823199,-35.733661],[149.823213,-35.733615],[149.823242,-35.733563],[149.823261,-35.733513],[149.823294,-35.733436],[149.82331,-35.733389],[149.82333,-35.733341],[149.823363,-35.733247],[149.823445,-35.733056],[149.823478,-35.732994],[149.823499,-35.732947],[149.823514,-35.732899],[149.823522,-35.732852],[149.823541,-35.732801],[149.823554,-35.73275],[149.823573,-35.732695],[149.823609,-35.732582],[149.823622,-35.732535],[149.823683,-35.732385],[149.823698,-35.732338],[149.823711,-35.73229],[149.823727,-35.732243],[149.823734,-35.732192],[149.823746,-35.732145],[149.823761,-35.732097],[149.823777,-35.732046],[149.823811,-35.731952],[149.82384,-35.731876],[149.823856,-35.731807],[149.823868,-35.731773],[149.823896,-35.731681],[149.823917,-35.731635],[149.823937,-35.731584],[149.823966,-35.731526],[149.824009,-35.731475],[149.82403,-35.731429],[149.824058,-35.731383],[149.824121,-35.731246],[149.824142,-35.731195],[149.824184,-35.731137],[149.82422,-35.73108],[149.824247,-35.731034],[149.824269,-35.730989],[149.82436,-35.730874],[149.824387,-35.730823],[149.824401,-35.730777],[149.824444,-35.730685],[149.824452,-35.73064],[149.824466,-35.730582],[149.82448,-35.730531],[149.824494,-35.730485],[149.824513,-35.730438],[149.824529,-35.730391],[149.824555,-35.730306],[149.824575,-35.730218],[149.824611,-35.730124],[149.82466,-35.730027],[149.824679,-35.729979],[149.824705,-35.72993],[149.82474,-35.729882],[149.824769,-35.729833],[149.824791,-35.729785],[149.824815,-35.729738],[149.824833,-35.729689],[149.82485,-35.729639],[149.824876,-35.729591],[149.824894,-35.729543],[149.824916,-35.729496],[149.82494,-35.729447],[149.824985,-35.729381],[149.825007,-35.729335],[149.825048,-35.729284],[149.825084,-35.729221],[149.825147,-35.729118],[149.825175,-35.729061],[149.82521,-35.729003],[149.825253,-35.72894],[149.825287,-35.728889],[149.825345,-35.728832],[149.82538,-35.72878],[149.825429,-35.728729],[149.825457,-35.728683],[149.825484,-35.728631],[149.82552,-35.72858],[149.825562,-35.728521],[149.825602,-35.728479],[149.825668,-35.728408],[149.825705,-35.728361],[149.825739,-35.728315],[149.825781,-35.728267],[149.825835,-35.728216],[149.82589,-35.728169],[149.825949,-35.728122],[149.826005,-35.728081],[149.826051,-35.728034],[149.826101,-35.727987],[149.826151,-35.727939],[149.826244,-35.727845],[149.826299,-35.727798],[149.826355,-35.727757],[149.82641,-35.727724],[149.826465,-35.727687],[149.82652,-35.727654],[149.826576,-35.727625],[149.826631,-35.727598],[149.826686,-35.727569],[149.826745,-35.727534],[149.826807,-35.727505],[149.826865,-35.727481],[149.826973,-35.727442],[149.827029,-35.727419],[149.827092,-35.72739],[149.827149,-35.727362],[149.827212,-35.727333],[149.827269,-35.727316],[149.827332,-35.727293],[149.827395,-35.727276],[149.827465,-35.727253],[149.827528,-35.727242],[149.827591,-35.727225],[149.827703,-35.727179],[149.827816,-35.727145],[149.827879,-35.727116],[149.827942,-35.727099],[149.828005,-35.727064],[149.828075,-35.727042],[149.828131,-35.727007],[149.828188,-35.726984],[149.828251,-35.726951],[149.828351,-35.726912],[149.828392,-35.726895],[149.828446,-35.72686],[149.828548,-35.726761],[149.828594,-35.726714],[149.828648,-35.726668],[149.828682,-35.726621],[149.828737,-35.72658],[149.828783,-35.726528],[149.828999,-35.726341],[149.829047,-35.726294],[149.829101,-35.726253],[149.829303,-35.726021],[149.829349,-35.725969],[149.829403,-35.725916],[149.829443,-35.725864],[149.829483,-35.725806],[149.82951,-35.72576],[149.829555,-35.725691],[149.829588,-35.725639],[149.829623,-35.725592],[149.829693,-35.725431],[149.829719,-35.72538],[149.829745,-35.725334],[149.829758,-35.725288],[149.829785,-35.725241],[149.829803,-35.72519],[149.829816,-35.725133],[149.829809,-35.724985],[149.829807,-35.724888],[149.829798,-35.724843],[149.829796,-35.724798],[149.829787,-35.724746],[149.829764,-35.724696],[149.829719,-35.724606],[149.829704,-35.724561],[149.829681,-35.72451],[149.82965,-35.724408],[149.82962,-35.724358],[149.829605,-35.724307],[149.829582,-35.724262],[149.829566,-35.724217],[149.829551,-35.724166],[149.829535,-35.724121],[149.829533,-35.724076],[149.829524,-35.724013],[149.829515,-35.723968],[149.829507,-35.723923],[149.829506,-35.723871],[149.829497,-35.723826],[149.829481,-35.723781],[149.829479,-35.723735],[149.829471,-35.72369],[149.829456,-35.723645],[149.829447,-35.723594],[149.829431,-35.723549],[149.829429,-35.723503],[149.829406,-35.723453],[149.829398,-35.723408],[149.829368,-35.723363],[149.829354,-35.723328],[149.82934,-35.723297],[149.829321,-35.723258],[149.829303,-35.723206],[149.829286,-35.723174],[149.829265,-35.723128],[149.829251,-35.723076],[149.829231,-35.722933],[149.829231,-35.72287],[149.829216,-35.722824],[149.829216,-35.722681],[149.829225,-35.722627],[149.82924,-35.722581],[149.829258,-35.722532],[149.829285,-35.722485],[149.82931,-35.722438],[149.82933,-35.722391],[149.829358,-35.722342],[149.829416,-35.722247],[149.829441,-35.722201],[149.829469,-35.722102],[149.82947,-35.722056],[149.829491,-35.721962],[149.829498,-35.721915],[149.829498,-35.72187],[149.829511,-35.721821],[149.829527,-35.721774],[149.829539,-35.721726],[149.829582,-35.721669],[149.829673,-35.72156],[149.829771,-35.721457],[149.829828,-35.721411],[149.829884,-35.721394],[149.829947,-35.721365],[149.830073,-35.721331],[149.830193,-35.72132],[149.830246,-35.721324],[149.830367,-35.721358],[149.830424,-35.721378],[149.830481,-35.721407],[149.830538,-35.721434],[149.830595,-35.721454],[149.830652,-35.72148],[149.83071,-35.721512],[149.830767,-35.721548],[149.830825,-35.721583],[149.830882,-35.721615],[149.830997,-35.721673],[149.831054,-35.721706],[149.831112,-35.721747],[149.831169,-35.721779],[149.831226,-35.721809],[149.831283,-35.721836],[149.831346,-35.72186],[149.831398,-35.721881],[149.83151,-35.721909],[149.831571,-35.721926],[149.831632,-35.721946],[149.831693,-35.721969],[149.831753,-35.721995],[149.831811,-35.722018],[149.831867,-35.722038],[149.831924,-35.722055],[149.831981,-35.722081],[149.832039,-35.722104],[149.832096,-35.722133],[149.832153,-35.72216],[149.83221,-35.722192],[149.832268,-35.722221],[149.832325,-35.722251],[149.832382,-35.722273],[149.832507,-35.722316],[149.832564,-35.722337],[149.832621,-35.722366],[149.832736,-35.722418],[149.832793,-35.722441],[149.832854,-35.722464],[149.832967,-35.722498],[149.833027,-35.722515],[149.833045,-35.722524],[149.833102,-35.722547],[149.83316,-35.722563],[149.833218,-35.722571],[149.833276,-35.722577],[149.833392,-35.722587],[149.833449,-35.722583],[149.833507,-35.722581],[149.833568,-35.722566],[149.833627,-35.722555],[149.833683,-35.722547],[149.833741,-35.722542],[149.833803,-35.722548],[149.833864,-35.722543],[149.833922,-35.722535],[149.833984,-35.722537],[149.834041,-35.722535],[149.834099,-35.722544],[149.834157,-35.722549],[149.834215,-35.722561],[149.834273,-35.722577],[149.834332,-35.722596],[149.834449,-35.72264],[149.834566,-35.722698],[149.834625,-35.72273],[149.834684,-35.722755],[149.834743,-35.722783],[149.834801,-35.722799],[149.834858,-35.722807],[149.834916,-35.722822],[149.834975,-35.722836],[149.835033,-35.722854],[149.835091,-35.72287],[149.835198,-35.722885],[149.835216,-35.722891],[149.835337,-35.722921],[149.835395,-35.72294],[149.835512,-35.722971],[149.83556,-35.722988],[149.835628,-35.723009],[149.835687,-35.723031],[149.835745,-35.723042],[149.835804,-35.723058],[149.83587,-35.72307],[149.835928,-35.723082],[149.835986,-35.723098],[149.836049,-35.723113],[149.836107,-35.723125],[149.836166,-35.723144],[149.836348,-35.7232],[149.836407,-35.723216],[149.836466,-35.723241],[149.836521,-35.723268],[149.83658,-35.723288],[149.836638,-35.723304],[149.836754,-35.723338],[149.836812,-35.723354],[149.836871,-35.723367],[149.836928,-35.723381],[149.837044,-35.7234],[149.837102,-35.723411],[149.837157,-35.723418],[149.837269,-35.723438],[149.83733,-35.723444],[149.837386,-35.723454],[149.837443,-35.723468],[149.837611,-35.723498],[149.837668,-35.723504],[149.837828,-35.72354],[149.837885,-35.723549],[149.837943,-35.723562],[149.838006,-35.723572],[149.838068,-35.723584],[149.838126,-35.723601],[149.838184,-35.723622],[149.838244,-35.723642],[149.838301,-35.723666],[149.838417,-35.723706],[149.838547,-35.723747],[149.838663,-35.72378],[149.838721,-35.723793],[149.838841,-35.723812],[149.838899,-35.723818],[149.838961,-35.723827],[149.839081,-35.723831],[149.839151,-35.723826],[149.839222,-35.723817],[149.839279,-35.723805],[149.839336,-35.723796],[149.839397,-35.72378],[149.839459,-35.723761],[149.839481,-35.723753],[149.839546,-35.723704],[149.839588,-35.723652],[149.839616,-35.723595],[149.839644,-35.723532],[149.839694,-35.723429],[149.839722,-35.723383],[149.83975,-35.723332],[149.839792,-35.723196],[149.839806,-35.723143],[149.839813,-35.723097],[149.839827,-35.723034],[149.839841,-35.722983],[149.839855,-35.722926],[149.839869,-35.722874],[149.839883,-35.722811],[149.839891,-35.72276],[149.839891,-35.722714],[149.839892,-35.722663],[149.839891,-35.722616],[149.839891,-35.722565],[149.83987,-35.722416],[149.839828,-35.722262],[149.839793,-35.72221],[149.839765,-35.722119],[149.839744,-35.722061],[149.839723,-35.722016],[149.839709,-35.72197],[149.839688,-35.721913],[149.83966,-35.721861],[149.839646,-35.721815],[149.839589,-35.721712],[149.839547,-35.721661],[149.839498,-35.721609],[149.839456,-35.721563],[149.839421,-35.721518],[149.839393,-35.721472],[149.839372,-35.721426],[149.839337,-35.721369],[149.839309,-35.721317],[149.839274,-35.721271],[149.839253,-35.721226],[149.839183,-35.721123],[149.839155,-35.721077],[149.839127,-35.72102],[149.839092,-35.720968],[149.839064,-35.720922],[149.839029,-35.720877],[149.838994,-35.720814],[149.838959,-35.720762],[149.83893,-35.720716],[149.838888,-35.720659],[149.83886,-35.720613],[149.838818,-35.720522],[149.83879,-35.720464],[149.838769,-35.720413],[149.838741,-35.720367],[149.83872,-35.72031],[149.838678,-35.720218],[149.83865,-35.720173],[149.838636,-35.720127],[149.838615,-35.720081],[149.838601,-35.720024],[149.83858,-35.719967],[149.838566,-35.719915],[149.838545,-35.719869],[149.838538,-35.719818],[149.838524,-35.719772],[149.838503,-35.71972],[149.838482,-35.719629],[149.838468,-35.719537],[149.83844,-35.719434],[149.838419,-35.719377],[149.838391,-35.719177],[149.838391,-35.719125],[149.838384,-35.719068],[149.838384,-35.719016],[149.838377,-35.718971],[149.838377,-35.718925],[149.83837,-35.718868],[149.838356,-35.718765],[149.838356,-35.718713],[149.838349,-35.718662],[149.838356,-35.718604],[149.838357,-35.718501],[149.838371,-35.718433],[149.838378,-35.718381],[149.838378,-35.718324],[149.838371,-35.71825],[149.838371,-35.718204],[149.838378,-35.718158],[149.838392,-35.718107],[149.838392,-35.718061],[149.838406,-35.718009],[149.838434,-35.717895],[149.838448,-35.717843],[149.838462,-35.717786],[149.838476,-35.717735],[149.838476,-35.717689],[149.838483,-35.717643],[149.838479,-35.717602],[149.838477,-35.717558],[149.838482,-35.717511],[149.838486,-35.717465],[149.838496,-35.717372],[149.838494,-35.717325],[149.838498,-35.717273],[149.838503,-35.717227],[149.838517,-35.717077],[149.838522,-35.71703],[149.838539,-35.716983],[149.83855,-35.716937],[149.838567,-35.716879],[149.838572,-35.716833],[149.838576,-35.716786],[149.838593,-35.716729],[149.83861,-35.716677],[149.838621,-35.716625],[149.838638,-35.716563],[149.838655,-35.716516],[149.838668,-35.716465],[149.838687,-35.716417],[149.838701,-35.716375],[149.838718,-35.716328],[149.838742,-35.716281],[149.838765,-35.716229],[149.838825,-35.716125],[149.838849,-35.716078],[149.838885,-35.716025],[149.838921,-35.715978],[149.838963,-35.71592],[149.839018,-35.715867],[149.839054,-35.71582],[149.839104,-35.715772],[149.839152,-35.715714],[149.839257,-35.715614],[149.839312,-35.715571],[149.839435,-35.715486],[149.839497,-35.715433],[149.839558,-35.715385],[149.83962,-35.715342],[149.839675,-35.715294],[149.839731,-35.715252],[149.839848,-35.715161],[149.839904,-35.715129],[149.839965,-35.715086],[149.840021,-35.715054],[149.840077,-35.715016],[149.840139,-35.714984],[149.840201,-35.714956],[149.840376,-35.71489],[149.840502,-35.714856],[149.840558,-35.714845],[149.840621,-35.714828],[149.840684,-35.714816],[149.840747,-35.71481],[149.840804,-35.714803],[149.84086,-35.714801],[149.840917,-35.7148],[149.840975,-35.714809],[149.841032,-35.714823],[149.84109,-35.714838],[149.841147,-35.714857],[149.841205,-35.714881],[149.841321,-35.71494],[149.841386,-35.714965],[149.84145,-35.714994],[149.841508,-35.715024],[149.841566,-35.715048],[149.841623,-35.715068],[149.841681,-35.715082],[149.841744,-35.715096],[149.841809,-35.71512],[149.841866,-35.715139],[149.84193,-35.715164],[149.841988,-35.715183],[149.842033,-35.715206],[149.842093,-35.715244],[149.842147,-35.715292],[149.842189,-35.715339],[149.842237,-35.715386],[149.842265,-35.715434],[149.842299,-35.715482],[149.842327,-35.71553],[149.842369,-35.715577],[149.842417,-35.715624],[149.842465,-35.715677],[149.842506,-35.715724],[149.84256,-35.715771],[149.842621,-35.715813],[149.842742,-35.715885],[149.842804,-35.715932],[149.842912,-35.716026],[149.842956,-35.716062],[149.843074,-35.716146],[149.843129,-35.716193],[149.843171,-35.716246],[149.843212,-35.716293],[149.843246,-35.716341],[149.843331,-35.716484],[149.843345,-35.716532],[149.843367,-35.71658],[149.843382,-35.716633],[149.843438,-35.716729],[149.843473,-35.716777],[149.843514,-35.716824],[149.843549,-35.716871],[149.84359,-35.716919],[149.843685,-35.717013],[149.84374,-35.71706],[149.843801,-35.717107],[149.843862,-35.717149],[149.843923,-35.717196],[149.844105,-35.717305],[149.844165,-35.717335],[149.844226,-35.717361],[149.844345,-35.717401],[149.844405,-35.717415],[149.844465,-35.71743],[149.844592,-35.717459],[149.844717,-35.717478],[149.84479,-35.717487],[149.844849,-35.717491],[149.844969,-35.717499],[149.845028,-35.717497],[149.845088,-35.717507],[149.845153,-35.717511],[149.845285,-35.717508],[149.845411,-35.717515],[149.845477,-35.717514],[149.845634,-35.7175],[149.845759,-35.717486],[149.845851,-35.717478],[149.845917,-35.717471],[149.845995,-35.717459],[149.846054,-35.717446],[149.84612,-35.717429],[149.846179,-35.717411],[149.846296,-35.717387],[149.846362,-35.717369],[149.84642,-35.717352],[149.846485,-35.717329],[149.846603,-35.717294],[149.846668,-35.717265],[149.846732,-35.717242],[149.846804,-35.717214],[149.846863,-35.717185],[149.846927,-35.717146],[149.846985,-35.717113],[149.847043,-35.717063],[149.847101,-35.717018],[149.847159,-35.71699],[149.847191,-35.716952],[149.847227,-35.716904],[149.847332,-35.716832],[149.847384,-35.71678],[149.847452,-35.716722],[149.847504,-35.716664],[149.847548,-35.716606],[149.847592,-35.716555],[149.847629,-35.716504],[149.847658,-35.716446],[149.847695,-35.716395],[149.847724,-35.716344],[149.847745,-35.716293],[149.847782,-35.716236],[149.847824,-35.716134],[149.847846,-35.716083],[149.847873,-35.715982],[149.847887,-35.715925],[149.847907,-35.715875],[149.847937,-35.715817],[149.847965,-35.715766],[149.847995,-35.715709],[149.848031,-35.715657],[149.848068,-35.715607],[149.848112,-35.715555],[149.848216,-35.715439],[149.848344,-35.715329],[149.848403,-35.715284],[149.848464,-35.715239],[149.848532,-35.715186],[149.848719,-35.715062],[149.84878,-35.715029],[149.848841,-35.715003],[149.848902,-35.71497],[149.848963,-35.714944],[149.849084,-35.71489],[149.849153,-35.71487],[149.84929,-35.714841],[149.849491,-35.714837],[149.849892,-35.714827],[149.849969,-35.714831],[149.850031,-35.714836],[149.850178,-35.714845],[149.850248,-35.714856],[149.850309,-35.714855],[149.850371,-35.71486],[149.850449,-35.714877],[149.850519,-35.7149],[149.850582,-35.714918],[149.850707,-35.714965],[149.850769,-35.714982],[149.85084,-35.715012],[149.850911,-35.715055],[149.851037,-35.715127],[149.851077,-35.715177],[149.851125,-35.715225],[149.851223,-35.715374],[149.851256,-35.71543],[149.851281,-35.71548],[149.851313,-35.71553],[149.85133,-35.715579],[149.851396,-35.715679],[149.851421,-35.715734],[149.851455,-35.715834],[149.851493,-35.716035],[149.851499,-35.716192],[149.851508,-35.716242],[149.85151,-35.716299],[149.851515,-35.716353],[149.851522,-35.716412],[149.851524,-35.716462],[149.851518,-35.716512],[149.851517,-35.716561],[149.851515,-35.716614],[149.851503,-35.716745],[149.851511,-35.716959],[149.851498,-35.717029],[149.851485,-35.717092],[149.851471,-35.717149],[149.851465,-35.717199],[149.851459,-35.71725],[149.851463,-35.717357],[149.851458,-35.71742],[149.851452,-35.71747],[149.851453,-35.717521],[149.851457,-35.717627],[149.851467,-35.717684],[149.851469,-35.717741],[149.851478,-35.71779],[149.851484,-35.71796],[149.851479,-35.718023],[149.851473,-35.718074],[149.851475,-35.71813],[149.85147,-35.718181],[149.851471,-35.718231],[149.851481,-35.718288],[149.851487,-35.718451],[149.851504,-35.718513],[149.851524,-35.718614],[149.851525,-35.718664],[149.851529,-35.718765],[149.851564,-35.718883],[149.851592,-35.718926],[149.851653,-35.718982],[149.851778,-35.719054],[149.85183,-35.719091],[149.851879,-35.719137],[149.851926,-35.719186],[149.851964,-35.719232],[149.852004,-35.719325],[149.85203,-35.719371],[149.852044,-35.719418],[149.85206,-35.719461],[149.852083,-35.719505],[149.852103,-35.719539],[149.852138,-35.719588],[149.852181,-35.719636],[149.852243,-35.719684],[149.852306,-35.719727],[149.852368,-35.71978],[149.85243,-35.719817],[149.852492,-35.719849],[149.852561,-35.719891],[149.852685,-35.719943],[149.852753,-35.719975],[149.852815,-35.720001],[149.852883,-35.720016],[149.852944,-35.72002],[149.853012,-35.720029],[149.85308,-35.720044],[149.853148,-35.720054],[149.853215,-35.720058],[149.85329,-35.720072],[149.853365,-35.720092],[149.85344,-35.720102],[149.853622,-35.720114],[149.853691,-35.720123],[149.853752,-35.720138],[149.853812,-35.720142],[149.853893,-35.720146],[149.854157,-35.72014],[149.854359,-35.720118],[149.854425,-35.720106],[149.854487,-35.720104],[149.854607,-35.72009],[149.854681,-35.720083],[149.854742,-35.720076],[149.85481,-35.720075],[149.854958,-35.720071],[149.855018,-35.720064],[149.855093,-35.720062],[149.85516,-35.720055],[149.855234,-35.720043],[149.855374,-35.720001],[149.855434,-35.719988],[149.855495,-35.719982],[149.855562,-35.719974],[149.85563,-35.719973],[149.855697,-35.719971],[149.855817,-35.719946],[149.855878,-35.719939],[149.855939,-35.719927],[149.855999,-35.719909],[149.856072,-35.719896],[149.856146,-35.719878],[149.856206,-35.719854],[149.856273,-35.719825],[149.856333,-35.719807],[149.856393,-35.719784],[149.856459,-35.719738],[149.856531,-35.719698],[149.856591,-35.719663],[149.856657,-35.719618],[149.856723,-35.719567],[149.856788,-35.719521],[149.856847,-35.719476],[149.856893,-35.719425],[149.856952,-35.719369],[149.85699,-35.719313],[149.857022,-35.719262],[149.857061,-35.719206],[149.857106,-35.719145],[149.857141,-35.719095],[149.857161,-35.719047],[149.857189,-35.718998],[149.857209,-35.71895],[149.857243,-35.718896],[149.857263,-35.718842],[149.85729,-35.718794],[149.857325,-35.71874],[149.857352,-35.718686],[149.857372,-35.718638],[149.8574,-35.71859],[149.857434,-35.718529],[149.857462,-35.718475],[149.85751,-35.718403],[149.857529,-35.718355],[149.857585,-35.718259],[149.857619,-35.718204],[149.857674,-35.718108],[149.857714,-35.718012],[149.857754,-35.717904],[149.857767,-35.71785],[149.857779,-35.717797],[149.857792,-35.717749],[149.857812,-35.717701],[149.857872,-35.717539],[149.857906,-35.71749],[149.857942,-35.717442],[149.857997,-35.717358],[149.858102,-35.717254],[149.858152,-35.7172],[149.858193,-35.717151],[149.85825,-35.717102],[149.858306,-35.717047],[149.858325,-35.717033],[149.858363,-35.717005],[149.858426,-35.716956],[149.85849,-35.716913],[149.858606,-35.716862],[149.858663,-35.716831],[149.858727,-35.7168],[149.858791,-35.716763],[149.858855,-35.71672],[149.85892,-35.716689],[149.858984,-35.716645],[149.859048,-35.716608],[149.859126,-35.716559],[149.859198,-35.716516],[149.859262,-35.716472],[149.859326,-35.716441],[149.85939,-35.716404],[149.859447,-35.716373],[149.859547,-35.716305],[149.859668,-35.716213],[149.859724,-35.716165],[149.859773,-35.716116],[149.859894,-35.716024],[149.85995,-35.715975],[149.860021,-35.715926],[149.860078,-35.715877],[149.860135,-35.715834],[149.860199,-35.715802],[149.86027,-35.71576],[149.860392,-35.715691],[149.860448,-35.715648],[149.860498,-35.7156],[149.860554,-35.715551],[149.860667,-35.715465],[149.860725,-35.715428],[149.860781,-35.715385],[149.860838,-35.715348],[149.860952,-35.715262],[149.861008,-35.715214],[149.861072,-35.715164],[149.861205,-35.715012],[149.861247,-35.714964],[149.861303,-35.714909],[149.861345,-35.714855],[149.861408,-35.7148],[149.861751,-35.71449],[149.861804,-35.714445],[149.861875,-35.714391],[149.861924,-35.714342],[149.861987,-35.714287],[149.862044,-35.714244],[149.862108,-35.714201],[149.862228,-35.714109],[149.862293,-35.714066],[149.862357,-35.714017],[149.862477,-35.713912],[149.862534,-35.713876],[149.862574,-35.71384],[149.862616,-35.713806],[149.862344,-35.713673],[149.861381,-35.713207],[149.861903,-35.712471],[149.861959,-35.712386],[149.861894,-35.712357],[149.861464,-35.711407],[149.865648,-35.70449],[149.866046,-35.703834],[149.871695,-35.694497],[149.875458,-35.688275],[149.880202,-35.68131],[149.890393,-35.666336],[149.904062,-35.644347],[149.908399,-35.637019],[149.915654,-35.63802],[149.915696,-35.637989],[149.915753,-35.637949],[149.915786,-35.637902],[149.915843,-35.637856],[149.91587,-35.63781],[149.915925,-35.63777],[149.91596,-35.637724],[149.916015,-35.637683],[149.91605,-35.637637],[149.916104,-35.637579],[149.91616,-35.637544],[149.916243,-35.637475],[149.916264,-35.637429],[149.916298,-35.637377],[149.916325,-35.637331],[149.916353,-35.637279],[149.916366,-35.637234],[149.916394,-35.637182],[149.916407,-35.637124],[149.916428,-35.637073],[149.916455,-35.637015],[149.916482,-35.636924],[149.916509,-35.636877],[149.916543,-35.636826],[149.916572,-35.636768],[149.916605,-35.636716],[149.916653,-35.636613],[149.91668,-35.636567],[149.916716,-35.636521],[149.916735,-35.636463],[149.91677,-35.636406],[149.916804,-35.63636],[149.916824,-35.636308],[149.916851,-35.636262],[149.916879,-35.636205],[149.916927,-35.636096],[149.916947,-35.636038],[149.917031,-35.635946],[149.917085,-35.6359],[149.917113,-35.635854],[149.917182,-35.635801],[149.917237,-35.635744],[149.917293,-35.635703],[149.91735,-35.635686],[149.917404,-35.635656],[149.917467,-35.635639],[149.917523,-35.635615],[149.917586,-35.635598],[149.917649,-35.635574],[149.917705,-35.635562],[149.917782,-35.635544],[149.918154,-35.635523],[149.918342,-35.635522],[149.918398,-35.635528],[149.918461,-35.635538],[149.918517,-35.635538],[149.918587,-35.635543],[149.918644,-35.635543],[149.9187,-35.635536],[149.91877,-35.635547],[149.918826,-35.635552],[149.918889,-35.635563],[149.918945,-35.635563],[149.919008,-35.635574],[149.919071,-35.635573],[149.91924,-35.635589],[149.91931,-35.635594],[149.919366,-35.635594],[149.919429,-35.635587],[149.919513,-35.635569],[149.919625,-35.635568],[149.919709,-35.635556],[149.919842,-35.635555],[149.919912,-35.635549],[149.919989,-35.635525],[149.920045,-35.635513],[149.920108,-35.635507],[149.920178,-35.635489],[149.920255,-35.635466],[149.920325,-35.635465],[149.920388,-35.635459],[149.920444,-35.635447],[149.9205,-35.63544],[149.92057,-35.635428],[149.920625,-35.635405],[149.920681,-35.63537],[149.920737,-35.635353],[149.920793,-35.635341],[149.920856,-35.635323],[149.920967,-35.635276],[149.92103,-35.635236],[149.921085,-35.635206],[149.921141,-35.635172],[149.921197,-35.635154],[149.921266,-35.635113],[149.921322,-35.635096],[149.921399,-35.635055],[149.921461,-35.635014],[149.921517,-35.634974],[149.921573,-35.634939],[149.921683,-35.634846],[149.921739,-35.6348],[149.921773,-35.634754],[149.921829,-35.634713],[149.921912,-35.634621],[149.921939,-35.634575],[149.921974,-35.634529],[149.922001,-35.634437],[149.922028,-35.634391],[149.922055,-35.634334],[149.922062,-35.634288],[149.92206,-35.634185],[149.92206,-35.634133],[149.922045,-35.634088],[149.922051,-35.634031],[149.922044,-35.633985],[149.922029,-35.633939],[149.922029,-35.633893],[149.922014,-35.633848],[149.922013,-35.633802],[149.921985,-35.633756],[149.921984,-35.633711],[149.921977,-35.633665],[149.921975,-35.633568],[149.921975,-35.633522],[149.921981,-35.633476],[149.921981,-35.63343],[149.922015,-35.633384],[149.922028,-35.633338],[149.922035,-35.633293],[149.922044,-35.633278],[149.922054,-35.63327],[149.922062,-35.633262],[149.922069,-35.633252],[149.922111,-35.633183],[149.922138,-35.63312],[149.922165,-35.633068],[149.922232,-35.632925],[149.922261,-35.632861],[149.922273,-35.632758],[149.922287,-35.632712],[149.922285,-35.632609],[149.922278,-35.632564],[149.922291,-35.632506],[149.922276,-35.632461],[149.922276,-35.632415],[149.922261,-35.632363],[149.922267,-35.632312],[149.922274,-35.632266],[149.922287,-35.632203],[149.922279,-35.632157],[149.922264,-35.63206],[149.922249,-35.631946],[149.922227,-35.6319],[149.922198,-35.631849],[149.922177,-35.631798],[149.922148,-35.631746],[149.92214,-35.631701],[149.922126,-35.631655],[149.922125,-35.631598],[149.922096,-35.631547],[149.922075,-35.631501],[149.922032,-35.63141],[149.92201,-35.631359],[149.921981,-35.631307],[149.921974,-35.631262],[149.921945,-35.63121],[149.92193,-35.631165],[149.921923,-35.631119],[149.921901,-35.631073],[149.921893,-35.631022],[149.921879,-35.630976],[149.92185,-35.630925],[149.921828,-35.630874],[149.9218,-35.630828],[149.921778,-35.630783],[149.921721,-35.630692],[149.921699,-35.630646],[149.921685,-35.6306],[149.921663,-35.630555],[149.921634,-35.630509],[149.921613,-35.630446],[149.921584,-35.630395],[149.921576,-35.630349],[149.921562,-35.630298],[149.921561,-35.630252],[149.921546,-35.630195],[149.921545,-35.630098],[149.92153,-35.630047],[149.921537,-35.629995],[149.921535,-35.629898],[149.921535,-35.629846],[149.921548,-35.629795],[149.921547,-35.629749],[149.921568,-35.629691],[149.92158,-35.629594],[149.92158,-35.629543],[149.921586,-35.629491],[149.921593,-35.629445],[149.921592,-35.629399],[149.921605,-35.629308],[149.921617,-35.629199],[149.921624,-35.629153],[149.921623,-35.629107],[149.92163,-35.629056],[149.921622,-35.629004],[149.921621,-35.628959],[149.921592,-35.628867],[149.921577,-35.628816],[149.921556,-35.62877],[149.921541,-35.628719],[149.921512,-35.628673],[149.921498,-35.628628],[149.921462,-35.628577],[149.92144,-35.628514],[149.921412,-35.628468],[149.92139,-35.628417],[149.921368,-35.62836],[149.921347,-35.628314],[149.921325,-35.628269],[149.921296,-35.628217],[149.921261,-35.628172],[149.921253,-35.628121],[149.921224,-35.628075],[149.921196,-35.628024],[149.921174,-35.627961],[149.921138,-35.627916],[149.921109,-35.627859],[149.921116,-35.627801],[149.921115,-35.627756],[149.921108,-35.62771],[149.921093,-35.627658],[149.921057,-35.627613],[149.921028,-35.627556],[149.921007,-35.62751],[149.920999,-35.627465],[149.920978,-35.627419],[149.920977,-35.627373],[149.92099,-35.627282],[149.92101,-35.62723],[149.92101,-35.627173],[149.921002,-35.627127],[149.921,-35.626944],[149.920971,-35.626898],[149.920942,-35.626847],[149.920914,-35.626796],[149.92087,-35.626705],[149.920842,-35.626659],[149.920834,-35.626614],[149.920812,-35.626568],[149.920784,-35.626522],[149.920748,-35.626471],[149.92074,-35.62642],[149.920739,-35.626282],[149.920738,-35.626231],[149.920709,-35.626185],[149.920702,-35.626134],[149.92068,-35.626088],[149.920665,-35.625991],[149.920657,-35.625946],[149.920636,-35.6259],[149.920607,-35.625854],[149.920585,-35.625809],[149.920564,-35.625763],[149.920542,-35.625718],[149.920535,-35.625672],[149.920513,-35.625626],[149.920498,-35.625575],[149.920491,-35.625529],[149.92049,-35.625483],[149.920475,-35.625438],[149.920461,-35.625392],[149.920446,-35.625335],[149.920432,-35.625289],[149.920445,-35.625244],[149.920388,-35.625141],[149.92038,-35.625095],[149.920358,-35.625038],[149.920351,-35.624987],[149.920329,-35.624936],[149.920272,-35.624844],[149.920214,-35.624753],[149.920193,-35.624702],[149.920164,-35.624651],[149.920121,-35.62456],[149.920092,-35.624508],[149.920063,-35.624463],[149.920042,-35.624417],[149.920041,-35.624343],[149.920033,-35.624297],[149.920019,-35.624252],[149.919997,-35.624206],[149.919982,-35.624155],[149.919975,-35.624109],[149.919974,-35.624063],[149.919966,-35.624006],[149.919993,-35.623908],[149.920006,-35.623811],[149.920004,-35.623662],[149.919996,-35.623617],[149.919996,-35.623571],[149.919974,-35.623525],[149.919995,-35.623474],[149.919998,-35.623435],[149.920079,-35.623145],[149.920278,-35.622903],[149.920563,-35.622658],[149.920879,-35.622267],[149.921112,-35.621947],[149.921444,-35.62163],[149.9217,-35.621326],[149.921935,-35.621057],[149.92199,-35.620843],[149.921948,-35.620455],[149.921948,-35.62006],[149.92194,-35.619648],[149.921953,-35.619242],[149.921976,-35.618898],[149.921992,-35.618577],[149.922073,-35.618312],[149.922238,-35.618033],[149.922432,-35.617759],[149.922578,-35.617538],[149.922779,-35.617282],[149.923024,-35.617075],[149.923383,-35.616735],[149.923736,-35.616429],[149.924068,-35.616117],[149.924278,-35.615923],[149.924524,-35.615734],[149.924846,-35.615526],[149.925127,-35.615353],[149.925365,-35.615165],[149.925811,-35.614913],[149.926176,-35.614716],[149.926525,-35.614501],[149.926792,-35.614329],[149.927079,-35.614133],[149.927372,-35.613891],[149.927696,-35.613735],[149.927998,-35.613573],[149.928231,-35.613435],[149.928391,-35.61338],[149.929146,-35.613133],[149.929347,-35.61307],[149.929424,-35.613065],[149.92948,-35.613059],[149.92955,-35.613065],[149.92962,-35.613066],[149.929704,-35.613055],[149.929774,-35.613021],[149.929852,-35.613016],[149.929908,-35.612993],[149.929971,-35.612971],[149.930041,-35.612971],[149.930132,-35.61296],[149.930195,-35.612955],[149.930252,-35.612949],[149.930336,-35.612927],[149.930434,-35.612905],[149.930511,-35.612877],[149.930596,-35.612854],[149.930652,-35.612837],[149.930813,-35.612804],[149.930891,-35.612781],[149.930954,-35.612759],[149.931024,-35.612731],[149.931101,-35.612708],[149.931186,-35.612669],[149.931256,-35.612641],[149.931312,-35.612624],[149.931418,-35.612584],[149.931502,-35.612573],[149.931579,-35.612568],[149.931656,-35.612546],[149.931734,-35.612529],[149.931825,-35.612472],[149.931896,-35.612438],[149.931959,-35.612404],[149.932022,-35.612376],[149.9321,-35.612302],[149.93217,-35.61228],[149.932248,-35.612251],[149.932311,-35.612223],[149.932395,-35.612189],[149.932466,-35.612155],[149.932522,-35.612144],[149.932578,-35.612127],[149.932676,-35.612105],[149.932817,-35.612095],[149.932929,-35.612061],[149.932992,-35.612033],[149.933063,-35.611999],[149.933133,-35.611959],[149.933189,-35.611936],[149.933246,-35.611914],[149.933351,-35.61188],[149.933442,-35.611858],[149.933555,-35.611813],[149.933625,-35.611796],[149.933688,-35.611768],[149.933744,-35.611762],[149.933822,-35.61174],[149.933906,-35.611712],[149.933976,-35.611684],[149.934033,-35.611672],[149.934096,-35.61165],[149.934166,-35.611616],[149.934237,-35.611576],[149.934321,-35.611525],[149.934399,-35.611463],[149.934469,-35.611412],[149.934561,-35.611348],[149.934624,-35.61131],[149.934688,-35.611264],[149.934815,-35.611162],[149.93497,-35.611031],[149.935069,-35.610929],[149.935112,-35.610878],[149.935133,-35.610826],[149.935127,-35.610752],[149.935127,-35.610689],[149.935114,-35.61062],[149.935093,-35.610574],[149.935059,-35.610517],[149.93501,-35.610465],[149.934962,-35.610395],[149.934948,-35.610339],[149.934886,-35.610264],[149.934858,-35.610195],[149.934831,-35.610143],[149.934796,-35.610086],[149.934748,-35.610011],[149.934713,-35.609959],[149.934665,-35.609908],[149.934596,-35.609821],[149.934526,-35.609747],[149.934471,-35.609683],[149.934436,-35.609614],[149.934409,-35.60954],[149.934381,-35.609471],[149.934368,-35.609419],[149.934348,-35.60935],[149.934341,-35.609299],[149.934314,-35.609236],[149.934286,-35.609161],[149.934266,-35.609104],[149.934245,-35.609052],[149.934225,-35.608909],[149.93424,-35.608858],[149.93424,-35.608801],[149.934255,-35.608715],[149.934256,-35.608669],[149.934256,-35.608623],[149.934263,-35.608566],[149.934271,-35.608515],[149.934271,-35.608463],[149.934279,-35.608406],[149.934293,-35.60836],[149.934322,-35.60824],[149.934351,-35.608172],[149.934359,-35.608097],[149.934373,-35.608052],[149.934381,-35.608],[149.934367,-35.607954],[149.934332,-35.607903],[149.934312,-35.607845],[149.934284,-35.607794],[149.934243,-35.607736],[149.934215,-35.607667],[149.934202,-35.60761],[149.934174,-35.607558],[149.934168,-35.607512],[149.93417,-35.607266],[149.934157,-35.607198],[149.934164,-35.607152],[149.934164,-35.607095],[149.934172,-35.607009],[149.93418,-35.606963],[149.934173,-35.606917],[149.934167,-35.606849],[149.934146,-35.606797],[149.934119,-35.606704],[149.934112,-35.606648],[149.934078,-35.606602],[149.934044,-35.606504],[149.934003,-35.606372],[149.93399,-35.606291],[149.93399,-35.606189],[149.933998,-35.606138],[149.934005,-35.606086],[149.934027,-35.606024],[149.934049,-35.605944],[149.934042,-35.605881],[149.934029,-35.605823],[149.934015,-35.605777],[149.933988,-35.605703],[149.933974,-35.605633],[149.933968,-35.605583],[149.933948,-35.605468],[149.933927,-35.605411],[149.933907,-35.605342],[149.9339,-35.605296],[149.933894,-35.605239],[149.933874,-35.605101],[149.933868,-35.605044],[149.933861,-35.604998],[149.933869,-35.60493],[149.933869,-35.604878],[149.933863,-35.604815],[149.933856,-35.604758],[149.933815,-35.604695],[149.933794,-35.604632],[149.933761,-35.60457],[149.933725,-35.604494],[149.933698,-35.604442],[149.93367,-35.604373],[149.933643,-35.604327],[149.933615,-35.604257],[149.933588,-35.604212],[149.933512,-35.604046],[149.933492,-35.603977],[149.933458,-35.603891],[149.933437,-35.603844],[149.933416,-35.603781],[149.933389,-35.603731],[149.933375,-35.603679],[149.933348,-35.603593],[149.933321,-35.603518],[149.9333,-35.603455],[149.93328,-35.603375],[149.93326,-35.603301],[149.933239,-35.603215],[149.933226,-35.603129],[149.933213,-35.603083],[149.933199,-35.602991],[149.933193,-35.602933],[149.933195,-35.602659],[149.933189,-35.602579],[149.93321,-35.602528],[149.933239,-35.602471],[149.933261,-35.602345],[149.933276,-35.602282],[149.933276,-35.60223],[149.933284,-35.602167],[149.933298,-35.602122],[149.933313,-35.602076],[149.93332,-35.602018],[149.933335,-35.601967],[149.933371,-35.601819],[149.933434,-35.601773],[149.933456,-35.60171],[149.933492,-35.601647],[149.93352,-35.601574],[149.933542,-35.601504],[149.933563,-35.601458],[149.933635,-35.601316],[149.933656,-35.60126],[149.933727,-35.601145],[149.933763,-35.601083],[149.933791,-35.601032],[149.933827,-35.60098],[149.933855,-35.600935],[149.933884,-35.600882],[149.933905,-35.600826],[149.933969,-35.600724],[149.934005,-35.600672],[149.934047,-35.600603],[149.934083,-35.600551],[149.934104,-35.600489],[149.934126,-35.600438],[149.934174,-35.600393],[149.934197,-35.600341],[149.934246,-35.600272],[149.934275,-35.600204],[149.934304,-35.600146],[149.934332,-35.600101],[149.934389,-35.600021],[149.934439,-35.599936],[149.934474,-35.599845],[149.934489,-35.599782],[149.934525,-35.599724],[149.934588,-35.599594],[149.934617,-35.599531],[149.934687,-35.599457],[149.93471,-35.599406],[149.934723,-35.599353],[149.934739,-35.59929],[149.934783,-35.599017],[149.934791,-35.598942],[149.934791,-35.598879],[149.934799,-35.598822],[149.934806,-35.598765],[149.934828,-35.598702],[149.934857,-35.598633],[149.934899,-35.598553],[149.934948,-35.598479],[149.934971,-35.59841],[149.935028,-35.598256],[149.935056,-35.5982],[149.935086,-35.598074],[149.935114,-35.598022],[149.93515,-35.597914],[149.935172,-35.59784],[149.935193,-35.597783],[149.935208,-35.59772],[149.935244,-35.597623],[149.935308,-35.597469],[149.935344,-35.597418],[149.93538,-35.597337],[149.935407,-35.597285],[149.935443,-35.597229],[149.935519,-35.597043],[149.935575,-35.596902],[149.93577,-35.596501],[149.935971,-35.596045],[149.936111,-35.59567],[149.936256,-35.595236],[149.936329,-35.59496],[149.936289,-35.594618],[149.936341,-35.594479],[149.936336,-35.594353],[149.936311,-35.594251],[149.936167,-35.594124],[149.936036,-35.594017],[149.935918,-35.593848],[149.935743,-35.593652],[149.935544,-35.593371],[149.935366,-35.593147],[149.935254,-35.592943],[149.935141,-35.592717],[149.935069,-35.592496],[149.934969,-35.592224],[149.934901,-35.5919],[149.934813,-35.591626],[149.934771,-35.591399],[149.934664,-35.591189],[149.934551,-35.590963],[149.934437,-35.590703],[149.934347,-35.590523],[149.934263,-35.590341],[149.934128,-35.590087],[149.934032,-35.589834],[149.934007,-35.589786],[149.93397,-35.589688],[149.933957,-35.589613],[149.933935,-35.589551],[149.933908,-35.589498],[149.933881,-35.589435],[149.933826,-35.589378],[149.933769,-35.589315],[149.93375,-35.58924],[149.933722,-35.589194],[149.933695,-35.589119],[149.933681,-35.589062],[149.93366,-35.588993],[149.933654,-35.588942],[149.933627,-35.588868],[149.933599,-35.58881],[149.933579,-35.588752],[149.933573,-35.588689],[149.933566,-35.588644],[149.933544,-35.588587],[149.933532,-35.588512],[149.933525,-35.588455],[149.933478,-35.588346],[149.933471,-35.588271],[149.933458,-35.58822],[149.933451,-35.588168],[149.933431,-35.588099],[149.933403,-35.588019],[149.933376,-35.587961],[149.933334,-35.58791],[149.933307,-35.587824],[149.93328,-35.587766],[149.933265,-35.587703],[149.933224,-35.5876],[149.933156,-35.587537],[149.933128,-35.587491],[149.933093,-35.587445],[149.933044,-35.587387],[149.932975,-35.587347],[149.932934,-35.587283],[149.932877,-35.587232],[149.932787,-35.587175],[149.932724,-35.587112],[149.932669,-35.587076],[149.932621,-35.587024],[149.932565,-35.586972],[149.932489,-35.58692],[149.93244,-35.586857],[149.932391,-35.586806],[149.932342,-35.586736],[149.932288,-35.586673],[149.932218,-35.586604],[149.932184,-35.586553],[149.932128,-35.586529],[149.932072,-35.586483],[149.932009,-35.586397],[149.931948,-35.586339],[149.931899,-35.58627],[149.931872,-35.586224],[149.93176,-35.586121],[149.931705,-35.586063],[149.931649,-35.585995],[149.931615,-35.585942],[149.93158,-35.585897],[149.931539,-35.585834],[149.931496,-35.585758],[149.931408,-35.585609],[149.931401,-35.585564],[149.931395,-35.585494],[149.931381,-35.585443],[149.931368,-35.58538],[149.931339,-35.585322],[149.931312,-35.585259],[149.931285,-35.585203],[149.931258,-35.585156],[149.93123,-35.585094],[149.931134,-35.584933],[149.931105,-35.584863],[149.931086,-35.584818],[149.931064,-35.584748],[149.931003,-35.584634],[149.93099,-35.584583],[149.930934,-35.584507],[149.930893,-35.584444],[149.930843,-35.584386],[149.93081,-35.584318],[149.930789,-35.584272],[149.930769,-35.584187],[149.930763,-35.584106],[149.930756,-35.58406],[149.930749,-35.583962],[149.930751,-35.583894],[149.930758,-35.583791],[149.930752,-35.583745],[149.930753,-35.583688],[149.93076,-35.583642],[149.930761,-35.583574],[149.930753,-35.583487],[149.930762,-35.583424],[149.93077,-35.58335],[149.930757,-35.583207],[149.930743,-35.583151],[149.93073,-35.583092],[149.930709,-35.583023],[149.930703,-35.582966],[149.93069,-35.582903],[149.930682,-35.582834],[149.930663,-35.582743],[149.93065,-35.582662],[149.930609,-35.582554],[149.930601,-35.582508],[149.930589,-35.582445],[149.93056,-35.582377],[149.930533,-35.582314],[149.930492,-35.582209],[149.930465,-35.582123],[149.930432,-35.582009],[149.930418,-35.581957],[149.930403,-35.581911],[149.930384,-35.581838],[149.930357,-35.581768],[149.930335,-35.581699],[149.93033,-35.581653],[149.930254,-35.581481],[149.930227,-35.581418],[149.930199,-35.581361],[149.930158,-35.581298],[149.930096,-35.581172],[149.930041,-35.581085],[149.929998,-35.581022],[149.929957,-35.580965],[149.929881,-35.580839],[149.929853,-35.580786],[149.92982,-35.58074],[149.929785,-35.580667],[149.929641,-35.580407],[149.929592,-35.580332],[149.929572,-35.580275],[149.929551,-35.580229],[149.929524,-35.580143],[149.929502,-35.580092],[149.929489,-35.580046],[149.929455,-35.579977],[149.929428,-35.57992],[149.929393,-35.57985],[149.929372,-35.579805],[149.929352,-35.579753],[149.929331,-35.579661],[149.929304,-35.57961],[149.929284,-35.579542],[149.929271,-35.579462],[149.92925,-35.579392],[149.929223,-35.579311],[149.929188,-35.579231],[149.929174,-35.579168],[149.929161,-35.5791],[149.929134,-35.579013],[149.929128,-35.578967],[149.929101,-35.578877],[149.929088,-35.578796],[149.929066,-35.578732],[149.929053,-35.578688],[149.929019,-35.578612],[149.929012,-35.578566],[149.928985,-35.578469],[149.928966,-35.578297],[149.928967,-35.578246],[149.92896,-35.578199],[149.928961,-35.578142],[149.928948,-35.578005],[149.928948,-35.577959],[149.928942,-35.57789],[149.928949,-35.577805],[149.928951,-35.577701],[149.928972,-35.577484],[149.928974,-35.577433],[149.928996,-35.577364],[149.929003,-35.577319],[149.929017,-35.577261],[149.929025,-35.577181],[149.929061,-35.577095],[149.929083,-35.577038],[149.929097,-35.576964],[149.929125,-35.576907],[149.929169,-35.576771],[149.929212,-35.576678],[149.929226,-35.576633],[149.929276,-35.57657],[149.929311,-35.576507],[149.929361,-35.576462],[149.929397,-35.576365],[149.929425,-35.576296],[149.929475,-35.576165],[149.929483,-35.576119],[149.929505,-35.576056],[149.929527,-35.575948],[149.929547,-35.575868],[149.929569,-35.575799],[149.929592,-35.575713],[149.929599,-35.575656],[149.929614,-35.57561],[149.92962,-35.575542],[149.929642,-35.57545],[149.9297,-35.575348],[149.929728,-35.575291],[149.929749,-35.575211],[149.929779,-35.575136],[149.92978,-35.575079],[149.92978,-35.575016],[149.929808,-35.574971],[149.92983,-35.574902],[149.929858,-35.574846],[149.929887,-35.574794],[149.929923,-35.574714],[149.929959,-35.574645],[149.929987,-35.574582],[149.930029,-35.574491],[149.930116,-35.57432],[149.93015,-35.57424],[149.930166,-35.574194],[149.930194,-35.574126],[149.930236,-35.574052],[149.930244,-35.574],[149.930272,-35.573937],[149.930294,-35.573857],[149.930302,-35.573794],[149.930324,-35.573737],[149.93033,-35.573686],[149.930346,-35.573634],[149.930346,-35.573571],[149.930347,-35.573514],[149.930361,-35.573417],[149.930508,-35.573208],[149.930635,-35.572985],[149.930741,-35.572752],[149.930824,-35.572516],[149.930881,-35.572279],[149.930903,-35.572154],[149.93092,-35.572028],[149.93093,-35.571901],[149.93093,-35.571775],[149.930916,-35.571651],[149.930874,-35.571502],[149.930808,-35.571355],[149.930728,-35.57121],[149.930644,-35.571066],[149.930566,-35.570921],[149.930502,-35.570796],[149.930434,-35.570673],[149.930368,-35.570549],[149.930308,-35.570423],[149.93026,-35.570295],[149.93022,-35.570119],[149.930202,-35.569938],[149.930194,-35.569754],[149.930186,-35.569571],[149.930164,-35.569389],[149.930148,-35.569306],[149.930091,-35.569055],[149.930074,-35.568971],[149.930031,-35.568708],[149.93,-35.568444],[149.929976,-35.568178],[149.929954,-35.567912],[149.92993,-35.567647],[149.929887,-35.567318],[149.929834,-35.566989],[149.929788,-35.566659],[149.929765,-35.566332],[149.929783,-35.566009],[149.929814,-35.565801],[149.929853,-35.565592],[149.929906,-35.565385],[149.929977,-35.565185],[149.930071,-35.564995],[149.930135,-35.564892],[149.930207,-35.564791],[149.930284,-35.564693],[149.930365,-35.564597],[149.930449,-35.564504],[149.930548,-35.564396],[149.93065,-35.564288],[149.930757,-35.564185],[149.930873,-35.564091],[149.930999,-35.564011],[149.931064,-35.563979],[149.931132,-35.563951],[149.931271,-35.563898],[149.931339,-35.563869],[149.931452,-35.563816],[149.931563,-35.56376],[149.932036,-35.563508],[149.932467,-35.563273],[149.932612,-35.563196],[149.933015,-35.56299],[149.933218,-35.562889],[149.933348,-35.562818],[149.93348,-35.56275],[149.933615,-35.562685],[149.933753,-35.562624],[149.933893,-35.562567],[149.934005,-35.562526],[149.934121,-35.56249],[149.934237,-35.562455],[149.934352,-35.562418],[149.934463,-35.562375],[149.934634,-35.562293],[149.934797,-35.562199],[149.934957,-35.562099],[149.935118,-35.562001],[149.935285,-35.561912],[149.935386,-35.561866],[149.935692,-35.561735],[149.935792,-35.561689],[149.93593,-35.561622],[149.935998,-35.561587],[149.936133,-35.561516],[149.93621,-35.561511],[149.936336,-35.561495],[149.936399,-35.561501],[149.936469,-35.561501],[149.936648,-35.561482],[149.937066,-35.561522],[149.93708,-35.561525],[149.937265,-35.561574],[149.937445,-35.561636],[149.937617,-35.561709],[149.937778,-35.561792],[149.937889,-35.561862],[149.937993,-35.56194],[149.938092,-35.562022],[149.938191,-35.562106],[149.938291,-35.562189],[149.938427,-35.562297],[149.93883,-35.562626],[149.938965,-35.562735],[149.939074,-35.562819],[149.939296,-35.562984],[149.939405,-35.563069],[149.93951,-35.563156],[149.939594,-35.563237],[149.939671,-35.563324],[149.93975,-35.563411],[149.939834,-35.56349],[149.939929,-35.563555],[149.939989,-35.563585],[149.94005,-35.563612],[149.940114,-35.563636],[149.94018,-35.563657],[149.940246,-35.563675],[149.94037,-35.563695],[149.940501,-35.563698],[149.940634,-35.563693],[149.940769,-35.563687],[149.940901,-35.563686],[149.94119,-35.563693],[149.941334,-35.563698],[149.941478,-35.563706],[149.94162,-35.563721],[149.941793,-35.563746],[149.941965,-35.563777],[149.942136,-35.563815],[149.942304,-35.563858],[149.942469,-35.563906],[149.942652,-35.563966],[149.942832,-35.564035],[149.943009,-35.56411],[149.943183,-35.564188],[149.943356,-35.564268],[149.943472,-35.564325],[149.943587,-35.564383],[149.943814,-35.564503],[149.943928,-35.564561],[149.944036,-35.564615],[149.944255,-35.564719],[149.944362,-35.564773],[149.944468,-35.56483],[149.944592,-35.564905],[149.944712,-35.564986],[149.944831,-35.565068],[149.94495,-35.565148],[149.945074,-35.565224],[149.945187,-35.565285],[149.945302,-35.565343],[149.945418,-35.565399],[149.945534,-35.565457],[149.945646,-35.565518],[149.945776,-35.565594],[149.945903,-35.565674],[149.945965,-35.565714],[149.945972,-35.565637],[149.94598,-35.565561],[149.94599,-35.565484],[149.946001,-35.565407],[149.946014,-35.565331],[149.946039,-35.565207],[149.94607,-35.565083],[149.946104,-35.564959],[149.946141,-35.564837],[149.946181,-35.564715],[149.946239,-35.564547],[149.946302,-35.56438],[149.946371,-35.564215],[149.946446,-35.564051],[149.946528,-35.56389],[149.946592,-35.563774],[149.946662,-35.56366],[149.946734,-35.563546],[149.946883,-35.563321],[149.946965,-35.563201],[149.947049,-35.563083],[149.947135,-35.562964],[149.947219,-35.562845],[149.9473,-35.562725],[149.947405,-35.56256],[149.947484,-35.56242],[149.947648,-35.56229],[149.947892,-35.562093],[149.947959,-35.562044],[149.948029,-35.561996],[149.948097,-35.561947],[149.948156,-35.561895],[149.948199,-35.561837],[149.948222,-35.561789],[149.94824,-35.561737],[149.941329,-35.560716],[149.94285,-35.553309],[149.943575,-35.553515],[149.945297,-35.553655],[149.946053,-35.553639],[149.946826,-35.553561],[149.948837,-35.553341],[149.949419,-35.553218],[149.950045,-35.552878],[149.95056,-35.552458],[149.950897,-35.552276],[149.951593,-35.552017],[149.951979,-35.551942],[149.951653,-35.551338],[149.953178,-35.55075],[149.953329,-35.55042],[149.952707,-35.55034],[149.952465,-35.550356],[149.952185,-35.550394],[149.951981,-35.550433],[149.9518,-35.550429],[149.951447,-35.550357],[149.951192,-35.550301],[149.950859,-35.550284],[149.950503,-35.550315],[149.950277,-35.550327],[149.950221,-35.550326],[149.950137,-35.55032],[149.950067,-35.55032],[149.949997,-35.550308],[149.949941,-35.550308],[149.949878,-35.550296],[149.949822,-35.550295],[149.949739,-35.550272],[149.949676,-35.55026],[149.949606,-35.550237],[149.949543,-35.550219],[149.949467,-35.550168],[149.949404,-35.550104],[149.949369,-35.550058],[149.949321,-35.550001],[149.949307,-35.549943],[149.94928,-35.549892],[149.949281,-35.5498],[149.949288,-35.549754],[149.949303,-35.549703],[149.94931,-35.549657],[149.949332,-35.549594],[149.949374,-35.54952],[149.949403,-35.549457],[149.949474,-35.549332],[149.949516,-35.549281],[149.949552,-35.549224],[149.949587,-35.549178],[149.94963,-35.549115],[149.949665,-35.549058],[149.949715,-35.549013],[149.949743,-35.548967],[149.949779,-35.548899],[149.949814,-35.548847],[149.949836,-35.548796],[149.949878,-35.548739],[149.949893,-35.548687],[149.949914,-35.54863],[149.949956,-35.548585],[149.949985,-35.54851],[149.950021,-35.548431],[149.950056,-35.548385],[149.950085,-35.548316],[149.95017,-35.548197],[149.950219,-35.54814],[149.950255,-35.548077],[149.950305,-35.547997],[149.950326,-35.547946],[149.950348,-35.5479],[149.950397,-35.54782],[149.950426,-35.547775],[149.950447,-35.547729],[149.950483,-35.547655],[149.950511,-35.547586],[149.950526,-35.547518],[149.950547,-35.547466],[149.950548,-35.547403],[149.950542,-35.547329],[149.950542,-35.547283],[149.950549,-35.547231],[149.950557,-35.547151],[149.950558,-35.547054],[149.950566,-35.546968],[149.950581,-35.546831],[149.950616,-35.546785],[149.950624,-35.546734],[149.950652,-35.54666],[149.950661,-35.546539],[149.950662,-35.546419],[149.950669,-35.546362],[149.950676,-35.546316],[149.950677,-35.546242],[149.950664,-35.546156],[149.950664,-35.546087],[149.950637,-35.546013],[149.95061,-35.545967],[149.950603,-35.545892],[149.950597,-35.545806],[149.950611,-35.545749],[149.950647,-35.545675],[149.950909,-35.54531],[149.950938,-35.545259],[149.950994,-35.545248],[149.951085,-35.545202],[149.951107,-35.545151],[149.951191,-35.545129],[149.951311,-35.545061],[149.951367,-35.545044],[149.95143,-35.545033],[149.951486,-35.54501],[149.951542,-35.545005],[149.951633,-35.545005],[149.951703,-35.545006],[149.951787,-35.545],[149.951864,-35.545006],[149.952004,-35.545024],[149.952081,-35.545031],[149.952137,-35.545031],[149.952221,-35.54502],[149.952305,-35.54502],[149.95248,-35.54501],[149.952536,-35.545016],[149.952613,-35.545011],[149.95276,-35.545017],[149.952837,-35.545012],[149.952893,-35.545012],[149.952977,-35.545001],[149.953159,-35.545002],[149.953222,-35.544997],[149.953313,-35.544992],[149.953376,-35.544998],[149.953439,-35.544992],[149.953495,-35.545004],[149.953572,-35.545005],[149.953642,-35.544999],[149.953754,-35.544994],[149.953817,-35.544989],[149.953894,-35.544989],[149.953985,-35.544984],[149.954118,-35.544985],[149.95421,-35.544968],[149.954287,-35.544951],[149.954364,-35.544946],[149.95442,-35.544935],[149.954497,-35.544918],[149.954617,-35.544867],[149.954701,-35.544834],[149.954764,-35.544811],[149.954848,-35.544777],[149.954912,-35.544755],[149.954975,-35.544721],[149.955038,-35.544698],[149.955108,-35.544658],[149.955172,-35.544636],[149.955228,-35.544608],[149.955291,-35.544579],[149.955354,-35.544562],[149.955432,-35.544523],[149.955516,-35.544489],[149.955621,-35.544444],[149.955698,-35.544427],[149.955769,-35.544422],[149.955846,-35.544405],[149.955909,-35.544394],[149.955979,-35.544366],[149.956049,-35.544355],[149.956147,-35.544326],[149.956246,-35.544275],[149.956351,-35.54423],[149.956415,-35.544191],[149.956478,-35.544145],[149.956549,-35.544083],[149.956612,-35.544026],[149.956655,-35.543969],[149.956669,-35.543912],[149.956698,-35.54386],[149.956719,-35.543809],[149.956741,-35.54374],[149.956756,-35.543632],[149.956756,-35.54358],[149.956749,-35.543534],[149.95675,-35.543466],[149.956715,-35.54342],[149.956647,-35.543282],[149.956591,-35.543224],[149.95657,-35.543173],[149.956508,-35.543109],[149.95646,-35.543052],[149.956432,-35.543006],[149.956369,-35.542948],[149.956251,-35.54285],[149.956126,-35.542787],[149.95607,-35.542769],[149.956014,-35.542734],[149.955931,-35.542705],[149.955861,-35.542665],[149.955784,-35.54263],[149.955707,-35.542601],[149.955652,-35.542589],[149.955589,-35.542583],[149.955519,-35.542566],[149.955421,-35.542531],[149.955365,-35.542513],[149.955288,-35.542507],[149.955218,-35.542512],[149.955162,-35.542506],[149.954973,-35.542505],[149.954868,-35.542511],[149.954812,-35.542516],[149.954644,-35.542526],[149.954525,-35.542537],[149.954434,-35.542542],[149.954252,-35.542576],[149.954167,-35.542598],[149.95395,-35.542648],[149.953887,-35.54266],[149.95374,-35.542676],[149.953677,-35.542681],[149.953509,-35.54268],[149.953425,-35.542686],[149.953334,-35.542685],[149.953271,-35.542679],[149.953215,-35.542667],[149.953138,-35.542644],[149.953026,-35.542632],[149.952942,-35.542614],[149.952837,-35.542579],[149.952677,-35.54255],[149.952621,-35.542555],[149.95253,-35.542555],[149.952445,-35.542571],[149.952263,-35.542593],[149.952158,-35.542593],[149.95206,-35.542598],[149.951983,-35.542597],[149.951927,-35.542591],[149.951857,-35.542579],[149.951788,-35.542556],[149.951641,-35.542527],[149.951564,-35.542521],[149.951473,-35.542503],[149.951403,-35.542503],[149.95134,-35.542496],[149.951284,-35.542479],[149.951193,-35.542456],[149.951103,-35.542409],[149.951012,-35.542397],[149.950935,-35.542368],[149.950858,-35.542333],[149.950775,-35.54231],[149.95067,-35.542264],[149.9506,-35.542223],[149.950503,-35.542143],[149.95042,-35.542068],[149.950336,-35.541999],[149.950267,-35.541941],[149.950198,-35.541866],[149.950121,-35.541803],[149.950052,-35.541716],[149.94999,-35.54163],[149.949934,-35.541578],[149.949858,-35.541452],[149.949782,-35.541354],[149.949727,-35.541245],[149.949678,-35.541193],[149.949637,-35.541119],[149.949603,-35.541067],[149.949547,-35.541032],[149.949491,-35.540969],[149.949422,-35.540854],[149.949346,-35.540785],[149.94927,-35.540693],[149.949215,-35.540607],[149.949166,-35.54055],[149.949125,-35.540475],[149.949097,-35.540417],[149.949091,-35.540372],[149.949063,-35.540297],[149.949036,-35.540251],[149.949008,-35.540177],[149.948974,-35.540102],[149.94894,-35.540022],[149.948912,-35.53997],[149.948899,-35.539924],[149.948857,-35.539872],[149.94883,-35.539804],[149.948816,-35.53974],[149.948796,-35.539695],[149.948782,-35.539597],[149.948762,-35.539534],[149.948742,-35.539437],[149.948721,-35.539379],[149.948715,-35.539316],[149.948701,-35.53927],[149.948674,-35.539219],[149.94866,-35.539161],[149.94864,-35.539104],[149.94857,-35.539029],[149.948557,-35.538943],[149.948503,-35.538789],[149.948475,-35.538737],[149.948461,-35.538685],[149.948441,-35.538628],[149.94842,-35.538571],[149.948393,-35.538525],[149.948379,-35.538479],[149.948345,-35.538416],[149.948297,-35.538261],[149.94827,-35.538209],[149.948256,-35.538135],[149.948229,-35.53806],[149.94823,-35.537986],[149.948223,-35.53794],[149.948209,-35.537883],[149.948189,-35.537837],[149.948168,-35.537774],[149.948155,-35.537705],[149.948148,-35.537659],[149.948149,-35.537596],[149.948164,-35.537522],[149.948171,-35.537459],[149.948228,-35.537322],[149.948236,-35.537276],[149.948236,-35.537207],[149.948251,-35.53711],[149.948259,-35.537047],[149.948273,-35.53699],[149.948281,-35.536921],[149.948282,-35.536773],[149.948276,-35.536715],[149.948297,-35.536641],[149.948298,-35.536595],[149.948319,-35.536538],[149.948369,-35.536407],[149.94837,-35.536361],[149.948449,-35.536161],[149.948477,-35.536115],[149.948491,-35.53607],[149.948506,-35.536018],[149.948534,-35.535967],[149.94857,-35.535893],[149.948591,-35.535847],[149.948655,-35.535739],[149.948691,-35.535676],[149.948727,-35.535602],[149.948769,-35.535522],[149.948812,-35.535448],[149.948847,-35.535391],[149.948876,-35.535322],[149.948918,-35.535271],[149.948969,-35.535151],[149.948976,-35.535099],[149.948997,-35.535048],[149.949026,-35.534991],[149.94904,-35.53494],[149.949069,-35.534825],[149.949077,-35.534774],[149.949091,-35.534705],[149.949099,-35.534659],[149.949127,-35.534602],[149.949135,-35.534545],[149.949149,-35.534482],[149.949164,-35.534425],[149.949172,-35.534356],[149.949186,-35.534288],[149.94918,-35.534208],[149.949187,-35.534133],[149.949195,-35.534082],[149.949195,-35.534025],[149.949203,-35.533979],[149.949204,-35.533899],[149.949185,-35.533675],[149.949172,-35.533555],[149.949173,-35.533429],[149.949159,-35.533383],[149.949146,-35.53332],[149.949125,-35.533274],[149.949098,-35.533143],[149.949078,-35.533097],[149.949044,-35.532988],[149.949002,-35.532896],[149.948975,-35.532844],[149.94894,-35.532787],[149.948913,-35.532735],[149.948885,-35.532689],[149.948865,-35.532626],[149.948837,-35.532574],[149.948817,-35.532523],[149.948803,-35.53246],[149.948811,-35.532385],[149.948804,-35.532334],[149.948759,-35.532188],[149.949323,-35.529432],[149.957434,-35.53073],[149.959893,-35.520231],[149.964045,-35.500787],[149.964281,-35.501077],[149.964393,-35.50118],[149.964441,-35.501232],[149.964504,-35.501289],[149.964581,-35.501347],[149.964637,-35.50137],[149.964714,-35.501404],[149.96477,-35.501438],[149.96484,-35.501473],[149.964917,-35.501502],[149.964987,-35.501519],[149.965063,-35.501536],[149.965126,-35.501559],[149.965196,-35.501571],[149.965252,-35.501593],[149.965329,-35.501616],[149.965406,-35.501645],[149.965469,-35.501674],[149.965539,-35.501697],[149.965665,-35.501748],[149.965735,-35.501783],[149.965867,-35.501823],[149.965937,-35.501846],[149.966084,-35.501869],[149.966322,-35.501869],[149.96642,-35.50187],[149.966483,-35.501864],[149.966546,-35.501864],[149.96663,-35.501847],[149.9667,-35.501836],[149.966777,-35.501841],[149.96684,-35.501847],[149.966903,-35.501859],[149.966966,-35.501882],[149.967022,-35.501887],[149.967126,-35.501893],[149.967182,-35.501888],[149.967294,-35.501853],[149.967357,-35.501831],[149.967413,-35.501819],[149.967497,-35.501785],[149.967595,-35.501757],[149.967686,-35.501734],[149.967749,-35.501711],[149.967833,-35.501665],[149.967903,-35.501631],[149.967966,-35.501597],[149.968058,-35.501534],[149.968121,-35.501483],[149.968226,-35.501425],[149.968296,-35.501391],[149.968499,-35.501226],[149.968562,-35.501163],[149.968604,-35.501111],[149.96866,-35.50102],[149.968723,-35.500957],[149.968786,-35.500923],[149.968961,-35.500757],[149.969045,-35.500694],[149.969129,-35.500666],[149.96922,-35.500631],[149.969546,-35.50057],[149.969764,-35.500545],[149.970004,-35.500546],[149.970249,-35.500564],[149.970312,-35.50057],[149.970396,-35.500581],[149.970466,-35.500599],[149.970599,-35.500638],[149.970831,-35.50073],[149.971045,-35.500834],[149.971143,-35.50089],[149.971248,-35.500966],[149.971311,-35.501017],[149.971367,-35.501052],[149.971423,-35.501109],[149.971507,-35.501172],[149.971577,-35.501258],[149.971626,-35.501309],[149.971695,-35.501407],[149.971751,-35.501475],[149.971828,-35.501544],[149.97187,-35.501607],[149.971898,-35.501676],[149.971954,-35.501705],[149.972128,-35.501854],[149.972345,-35.502031],[149.972408,-35.502071],[149.972492,-35.502106],[149.972631,-35.502174],[149.972694,-35.502203],[149.97275,-35.502232],[149.972841,-35.502283],[149.97296,-35.502369],[149.973044,-35.502398],[149.9731,-35.502427],[149.973205,-35.502461],[149.973267,-35.502478],[149.973372,-35.502513],[149.973428,-35.50253],[149.973505,-35.502565],[149.973582,-35.502599],[149.973645,-35.502622],[149.973743,-35.502639],[149.973799,-35.502651],[149.973876,-35.502674],[149.973967,-35.502697],[149.97426,-35.502794],[149.974337,-35.502812],[149.9744,-35.502829],[149.974561,-35.502858],[149.974631,-35.502869],[149.974708,-35.502886],[149.974764,-35.502909],[149.974848,-35.502927],[149.974925,-35.502949],[149.974981,-35.502961],[149.97505,-35.502973],[149.975197,-35.502973],[149.975302,-35.502967],[149.975414,-35.502973],[149.975484,-35.502973],[149.975568,-35.502985],[149.975652,-35.502985],[149.975736,-35.502979],[149.975862,-35.502979],[149.975918,-35.502991],[149.975981,-35.502996],[149.976058,-35.502997],[149.976128,-35.502991],[149.976184,-35.502991],[149.976261,-35.502997],[149.976317,-35.502997],[149.976373,-35.502991],[149.976429,-35.502986],[149.976548,-35.502969],[149.976603,-35.502963],[149.976715,-35.502946],[149.976799,-35.50294],[149.976939,-35.50294],[149.977023,-35.502952],[149.977149,-35.502952],[149.977219,-35.502958],[149.97731,-35.502958],[149.977387,-35.502952],[149.97745,-35.502935],[149.977534,-35.502924],[149.97759,-35.502907],[149.977681,-35.502907],[149.977765,-35.502901],[149.977835,-35.50289],[149.977898,-35.50285],[149.977996,-35.502839],[149.978052,-35.502822],[149.978108,-35.502799],[149.978171,-35.502782],[149.978227,-35.50277],[149.978318,-35.502753],[149.97843,-35.502725],[149.9785,-35.502702],[149.97857,-35.502662],[149.978696,-35.502628],[149.978759,-35.502593],[149.978836,-35.502548],[149.978899,-35.502508],[149.979007,-35.50246],[149.979029,-35.502456],[149.978996,-35.502443],[149.978979,-35.502405],[149.978968,-35.502365],[149.978966,-35.502347],[149.978968,-35.502308],[149.97898,-35.502191],[149.978987,-35.502152],[149.978995,-35.502114],[149.979006,-35.502076],[149.979017,-35.502048],[149.979029,-35.50202],[149.979043,-35.501992],[149.979058,-35.501966],[149.979075,-35.50194],[149.979095,-35.501913],[149.979119,-35.501888],[149.979144,-35.501864],[149.979168,-35.501839],[149.979191,-35.501813],[149.97924,-35.501744],[149.979281,-35.501669],[149.97936,-35.501515],[149.979406,-35.501443],[149.979477,-35.501363],[149.979645,-35.501216],[149.97972,-35.50114],[149.979776,-35.501054],[149.979787,-35.501027],[149.979799,-35.501001],[149.979809,-35.500973],[149.979817,-35.500946],[149.979824,-35.500918],[149.979826,-35.500845],[149.979811,-35.50077],[149.979787,-35.500692],[149.979765,-35.500615],[149.979756,-35.500538],[149.979757,-35.500511],[149.979766,-35.500429],[149.979766,-35.500402],[149.979757,-35.500341],[149.979739,-35.50028],[149.97969,-35.50016],[149.979651,-35.500049],[149.979614,-35.499949],[149.9796,-35.499898],[149.979591,-35.499846],[149.979588,-35.499819],[149.979587,-35.499792],[149.979587,-35.499764],[149.979588,-35.499737],[149.979591,-35.49971],[149.9796,-35.499666],[149.979615,-35.499622],[149.979634,-35.499579],[149.979678,-35.499496],[149.979703,-35.499455],[149.979731,-35.499415],[149.979761,-35.499376],[149.979792,-35.499338],[149.979824,-35.499301],[149.979855,-35.499269],[149.979951,-35.499178],[149.97998,-35.499145],[149.979996,-35.499125],[149.980058,-35.499038],[149.980088,-35.499001],[149.98015,-35.49893],[149.980179,-35.498893],[149.980204,-35.498853],[149.980225,-35.498802],[149.980239,-35.498746],[149.98025,-35.498689],[149.980263,-35.498633],[149.980282,-35.498581],[149.980297,-35.49855],[149.980332,-35.49849],[149.980351,-35.498461],[149.980371,-35.498434],[149.980292,-35.498282],[149.980138,-35.497978],[149.979986,-35.497672],[149.979913,-35.497521],[149.979771,-35.497218],[149.979698,-35.497067],[149.979622,-35.496918],[149.979552,-35.496788],[149.979479,-35.49666],[149.979331,-35.496404],[149.979259,-35.496275],[149.97905,-35.495893],[149.978984,-35.495763],[149.978924,-35.495632],[149.978881,-35.495527],[149.978842,-35.495421],[149.978767,-35.495207],[149.978728,-35.495101],[149.978663,-35.494943],[149.978525,-35.494632],[149.978457,-35.494476],[149.978392,-35.494318],[149.978334,-35.494157],[149.978227,-35.493831],[149.978172,-35.493668],[149.978113,-35.493507],[149.978056,-35.493366],[149.977997,-35.493225],[149.977935,-35.493085],[149.977872,-35.492946],[149.977805,-35.492809],[149.977737,-35.492685],[149.977661,-35.492565],[149.977586,-35.492444],[149.97752,-35.492322],[149.97747,-35.492194],[149.977443,-35.492064],[149.977433,-35.49193],[149.97743,-35.491794],[149.977426,-35.491658],[149.977414,-35.491523],[149.977399,-35.491433],[149.977344,-35.491165],[149.97733,-35.491076],[149.97732,-35.490998],[149.977311,-35.490919],[149.977304,-35.490841],[149.9773,-35.490762],[149.977302,-35.490684],[149.977311,-35.490595],[149.977325,-35.490506],[149.977345,-35.490418],[149.97737,-35.490331],[149.9774,-35.490247],[149.978383,-35.489735],[149.978655,-35.489578],[149.979297,-35.489403],[149.979974,-35.489148],[149.980273,-35.488968],[149.980586,-35.488675],[149.982558,-35.487559],[149.984012,-35.486435],[149.984632,-35.48611],[149.984946,-35.486],[149.986438,-35.485305],[149.987586,-35.484497],[149.988206,-35.484161],[149.988492,-35.483971],[149.988783,-35.483775],[149.989704,-35.483306],[149.990875,-35.482887],[149.992283,-35.482158],[149.992883,-35.481943],[149.994339,-35.48111],[149.994561,-35.48084],[149.995216,-35.480561],[149.996505,-35.479833],[149.997531,-35.479483],[149.998116,-35.479171],[149.998742,-35.478744],[149.999271,-35.478265],[149.999471,-35.478024],[149.999706,-35.477553],[150.000156,-35.477035],[150.001193,-35.476175],[150.001898,-35.47551],[150.002058,-35.475315],[150.002217,-35.475045],[150.002362,-35.47481],[150.002486,-35.474597],[150.002749,-35.474138],[150.002859,-35.473931],[150.002977,-35.473725],[150.003066,-35.473461],[150.003169,-35.47322],[150.003251,-35.472951],[150.003291,-35.47271],[150.003331,-35.472458],[150.003399,-35.472235],[150.003447,-35.471994],[150.003473,-35.471765],[150.003443,-35.471525],[150.003462,-35.471273],[150.003467,-35.471004],[150.003506,-35.470517],[150.003553,-35.470248],[150.003586,-35.470007],[150.003605,-35.469738],[150.003666,-35.469509],[150.003699,-35.469251],[150.003705,-35.469011],[150.00371,-35.468753],[150.003701,-35.468496],[150.003713,-35.468267],[150.003697,-35.46798],[150.003709,-35.467734],[150.003706,-35.467253],[150.00369,-35.467013],[150.003681,-35.466733],[150.003742,-35.466446],[150.003775,-35.466217],[150.003773,-35.465988],[150.003793,-35.465759],[150.00377,-35.465519],[150.003698,-35.465296],[150.003655,-35.465056],[150.003667,-35.464827],[150.00363,-35.464558],[150.003586,-35.464266],[150.003598,-35.464014],[150.003638,-35.463768],[150.003685,-35.46351],[150.003802,-35.463281],[150.003983,-35.463062],[150.004198,-35.462867],[150.004635,-35.462424],[150.005081,-35.462079],[150.005275,-35.461912],[150.005414,-35.461694],[150.005538,-35.461447],[150.005662,-35.461246],[150.005765,-35.460982],[150.005812,-35.460753],[150.00586,-35.460507],[150.005865,-35.460278],[150.005828,-35.460003],[150.005833,-35.4597],[150.005782,-35.459454],[150.005731,-35.459231],[150.005673,-35.458945],[150.005553,-35.458711],[150.005418,-35.458511],[150.005354,-35.458282],[150.00526,-35.457979],[150.005231,-35.457728],[150.005201,-35.457499],[150.005071,-35.456984],[150.005034,-35.45667],[150.005018,-35.456441],[150.005024,-35.456212],[150.005078,-35.455965],[150.005076,-35.455708],[150.005102,-35.45545],[150.005219,-35.455215],[150.005329,-35.455008],[150.005419,-35.454785],[150.005459,-35.454561],[150.005506,-35.454338],[150.005519,-35.454109],[150.005461,-35.453886],[150.005382,-35.45364],[150.005325,-35.453417],[150.005176,-35.453189],[150.005091,-35.452955],[150.004963,-35.452755],[150.00487,-35.452509],[150.004764,-35.452252],[150.0046,-35.45205],[150.004543,-35.451806],[150.004514,-35.451572],[150.004358,-35.451338],[150.004259,-35.451109],[150.004214,-35.450846],[150.004213,-35.450594],[150.004267,-35.450354],[150.004384,-35.450136],[150.004537,-35.44994],[150.004773,-35.44979],[150.005038,-35.449606],[150.005253,-35.449405],[150.005391,-35.449181],[150.00546,-35.448957],[150.005521,-35.4487],[150.005512,-35.448442],[150.005517,-35.448213],[150.005487,-35.447978],[150.005437,-35.447721],[150.0054,-35.447492],[150.005335,-35.44727],[150.005327,-35.447035],[150.005345,-35.446714],[150.005322,-35.446462],[150.005314,-35.446228],[150.005361,-35.445993],[150.005401,-35.445758],[150.00542,-35.445529],[150.005405,-35.445294],[150.005438,-35.445065],[150.005422,-35.444808],[150.005378,-35.444573],[150.00546,-35.444327],[150.005612,-35.444057],[150.005737,-35.443856],[150.005889,-35.443661],[150.006118,-35.443373],[150.006354,-35.443132],[150.006562,-35.442971],[150.006806,-35.442815],[150.007043,-35.442677],[150.007329,-35.442613],[150.007608,-35.442554],[150.007887,-35.442461],[150.008124,-35.44234],[150.008411,-35.442253],[150.008697,-35.442148],[150.008982,-35.442033],[150.009233,-35.441906],[150.009512,-35.441836],[150.009792,-35.441748],[150.010085,-35.441696],[150.010357,-35.441631],[150.010608,-35.441539],[150.010888,-35.441492],[150.011202,-35.44145],[150.011467,-35.441272],[150.011682,-35.44107],[150.011897,-35.440909],[150.011973,-35.440691],[150.012083,-35.440462],[150.012228,-35.440238],[150.012374,-35.440025],[150.012575,-35.439853],[150.012784,-35.439703],[150.013041,-35.439467],[150.013263,-35.439289],[150.013499,-35.439087],[150.0137,-35.438834],[150.013902,-35.438639],[150.014012,-35.438392],[150.014087,-35.438146],[150.014106,-35.437882],[150.014104,-35.437653],[150.014081,-35.437419],[150.01401,-35.437196],[150.013882,-35.436979],[150.01372,-35.436797],[150.013523,-35.436592],[150.013346,-35.436346],[150.013219,-35.436146],[150.013119,-35.435935],[150.012957,-35.435741],[150.012732,-35.43561],[150.012479,-35.435474],[150.01224,-35.435355],[150.011995,-35.435253],[150.011707,-35.43514],[150.011455,-35.435021],[150.01123,-35.43489],[150.010998,-35.434703],[150.010829,-35.43452],[150.010659,-35.43432],[150.010441,-35.434173],[150.010258,-35.433996],[150.010019,-35.433848],[150.00985,-35.433666],[150.009702,-35.433472],[150.009519,-35.433284],[150.009329,-35.433107],[150.009138,-35.432913],[150.008962,-35.432737],[150.008751,-35.432549],[150.008602,-35.432332],[150.008454,-35.432138],[150.008306,-35.431916],[150.008171,-35.43171],[150.008044,-35.431499],[150.007888,-35.431288],[150.007705,-35.431111],[150.007557,-35.4309],[150.007436,-35.430683],[150.007337,-35.430449],[150.007279,-35.430209],[150.007179,-35.429986],[150.007246,-35.429528],[150.007223,-35.429299],[150.007298,-35.429058],[150.007444,-35.428857],[150.007554,-35.428633],[150.007692,-35.42841],[150.00783,-35.42818],[150.007983,-35.427985],[150.008135,-35.427784],[150.008308,-35.427577],[150.008482,-35.427358],[150.008655,-35.427169],[150.0088,-35.426962],[150.008911,-35.426744],[150.009105,-35.426554],[150.009278,-35.426365],[150.009444,-35.426152],[150.009548,-35.425934],[150.009665,-35.425676],[150.009782,-35.425469],[150.009927,-35.425223],[150.010051,-35.425016],[150.010211,-35.424792],[150.010335,-35.424591],[150.01048,-35.424384],[150.010661,-35.424212],[150.010876,-35.424016],[150.011134,-35.423872],[150.011384,-35.423745],[150.011635,-35.423652],[150.0119,-35.423519],[150.012158,-35.423392],[150.012409,-35.423271],[150.012653,-35.423155],[150.012875,-35.423023],[150.013147,-35.422924],[150.013405,-35.422768],[150.013587,-35.422652],[150.013871,-35.422474],[150.014094,-35.42233],[150.014316,-35.422169],[150.014511,-35.422002],[150.01474,-35.421841],[150.014935,-35.42168],[150.015144,-35.421495],[150.015352,-35.421294],[150.015504,-35.421081],[150.015691,-35.420915],[150.015914,-35.420748],[150.016151,-35.420575],[150.016352,-35.420391],[150.016567,-35.420224],[150.016797,-35.420062],[150.017019,-35.419878],[150.017192,-35.419683],[150.017429,-35.419487],[150.017687,-35.419383],[150.017923,-35.419233],[150.018027,-35.419021],[150.018186,-35.418825],[150.018345,-35.418618],[150.018484,-35.418418],[150.018587,-35.418177],[150.018599,-35.417942],[150.018562,-35.417713],[150.018573,-35.417473],[150.018607,-35.417209],[150.018632,-35.416957],[150.018616,-35.416723],[150.018629,-35.416493],[150.01869,-35.416201],[150.018772,-35.415983],[150.018847,-35.41576],[150.018915,-35.415531],[150.019018,-35.41529],[150.019108,-35.415066],[150.019231,-35.414819],[150.019384,-35.41463],[150.019495,-35.414423],[150.019556,-35.414183],[150.019609,-35.413953],[150.019719,-35.41373],[150.019809,-35.413511],[150.019891,-35.413282],[150.020043,-35.413081],[150.020237,-35.412851],[150.020438,-35.41265],[150.020681,-35.412426],[150.020883,-35.41227],[150.021133,-35.412086],[150.021356,-35.411953],[150.021723,-35.41179],[150.021899,-35.41171],[150.02215,-35.411606],[150.022408,-35.41145],[150.022666,-35.411335],[150.022923,-35.411202],[150.023195,-35.411063],[150.023467,-35.410965],[150.023746,-35.410889],[150.024004,-35.410808],[150.024269,-35.410726],[150.024541,-35.410662],[150.024855,-35.410592],[150.025113,-35.410505],[150.025406,-35.410452],[150.025735,-35.41041],[150.026035,-35.410351],[150.026321,-35.41031],[150.026594,-35.410355],[150.026881,-35.410422],[150.027141,-35.410535],[150.027393,-35.410631],[150.027632,-35.410773],[150.027954,-35.410829],[150.0282,-35.410931],[150.028411,-35.411096],[150.02876,-35.411071],[150.029102,-35.410955],[150.029388,-35.410862],[150.029646,-35.410775],[150.029896,-35.410665],[150.030238,-35.410532],[150.030573,-35.410422],[150.030887,-35.410317],[150.03118,-35.410259],[150.031501,-35.410194],[150.03178,-35.41017],[150.032053,-35.410128],[150.032367,-35.410093],[150.032688,-35.410028],[150.032974,-35.409895],[150.033161,-35.409723],[150.033363,-35.409556],[150.033571,-35.409406],[150.03385,-35.409279],[150.034115,-35.409203],[150.034373,-35.409099],[150.034638,-35.409006],[150.034874,-35.408885],[150.035118,-35.408746],[150.03532,-35.408585],[150.035486,-35.408395],[150.03568,-35.408217],[150.036056,-35.407882],[150.036064,-35.40787],[150.036078,-35.407846],[150.03609,-35.407821],[150.036107,-35.407775],[150.036116,-35.407744],[150.03613,-35.407705],[150.036142,-35.407665],[150.036153,-35.407616],[150.036159,-35.407572],[150.03616,-35.407553],[150.036159,-35.407477],[150.036157,-35.407458],[150.036151,-35.407419],[150.03615,-35.4074],[150.036151,-35.407381],[150.036154,-35.407368],[150.036158,-35.407355],[150.036168,-35.407329],[150.036174,-35.407316],[150.036191,-35.407283],[150.036201,-35.407267],[150.036212,-35.407251],[150.036237,-35.407221],[150.036266,-35.407193],[150.036296,-35.407167],[150.036312,-35.407155],[150.036376,-35.40711],[150.036406,-35.407088],[150.036421,-35.407076],[150.036453,-35.407056],[150.036489,-35.407041],[150.036558,-35.407017],[150.036572,-35.407013],[150.036599,-35.407003],[150.036613,-35.406999],[150.038056,-35.406213],[150.038222,-35.406081],[150.03845,-35.405731],[150.038531,-35.405341],[150.038549,-35.404963],[150.038435,-35.404643],[150.03818,-35.404284],[150.037666,-35.403811],[150.037595,-35.403634],[150.037552,-35.402632],[150.037599,-35.402432],[150.03819,-35.400093],[150.038837,-35.398883],[150.039736,-35.396783],[150.03986,-35.396542],[150.040607,-35.395457],[150.040971,-35.394637],[150.041141,-35.394143],[150.041173,-35.393634],[150.040872,-35.391872],[150.040862,-35.391535],[150.041046,-35.390955],[150.041159,-35.390159],[150.041277,-35.389151],[150.041538,-35.387622],[150.041676,-35.386585],[150.04167,-35.385772],[150.041552,-35.384113],[150.041529,-35.383832],[150.041604,-35.383632],[150.041956,-35.383131],[150.041764,-35.382232],[150.041795,-35.38008],[150.040343,-35.37957],[150.040033,-35.376905],[150.038737,-35.37542],[150.038681,-35.374161],[150.038472,-35.373674],[150.038443,-35.371235],[150.03807,-35.370239],[150.037014,-35.36742],[150.037343,-35.366719],[150.038098,-35.366668],[150.041095,-35.364542],[150.041608,-35.36391],[150.041618,-35.363881],[150.042005,-35.362755],[150.044911,-35.358536],[150.044546,-35.356751],[150.044434,-35.355487],[150.044039,-35.354695],[150.04438,-35.353794],[150.045066,-35.351274],[150.045495,-35.350524],[150.045911,-35.348805],[150.046721,-35.347397],[150.045771,-35.34725],[150.043833,-35.346544],[150.042132,-35.345622],[150.041415,-35.344442],[150.041442,-35.344029],[150.041529,-35.343962],[150.041561,-35.343942],[150.041662,-35.34389],[150.041692,-35.343869],[150.04179,-35.34376],[150.041842,-35.343718],[150.041878,-35.343693],[150.042053,-35.343277],[150.042285,-35.342979],[150.042544,-35.342464],[150.042572,-35.342344],[150.042607,-35.342092],[150.04258,-35.34172],[150.042504,-35.341473],[150.042378,-35.341222],[150.04203,-35.340855],[150.04189,-35.340745],[150.041695,-35.340488],[150.041402,-35.340109],[150.041005,-35.339485],[150.040783,-35.338992],[150.04063,-35.338734],[150.040511,-35.338596],[150.040128,-35.338069],[150.039989,-35.337834],[150.03971,-35.33745],[150.039424,-35.336963],[150.039131,-35.336911],[150.03898,-35.336708],[150.038662,-35.336356],[150.038004,-35.334237],[150.038172,-35.333747],[150.03804,-35.331635],[150.039109,-35.329909],[150.040196,-35.32835],[150.040625,-35.326568],[150.041609,-35.323806],[150.042622,-35.322685],[150.042966,-35.320641],[150.044663,-35.317827],[150.046357,-35.31614],[150.047397,-35.315651],[150.051054,-35.315626],[150.050738,-35.31349],[150.049844,-35.312397],[150.051053,-35.309066],[150.052163,-35.309215],[150.05266,-35.309193],[150.053093,-35.309068],[150.054176,-35.308657],[150.054343,-35.3086],[150.054672,-35.308463],[150.054839,-35.308434],[150.055126,-35.308337],[150.055733,-35.308098],[150.056411,-35.307703],[150.056718,-35.307572],[150.057012,-35.307463],[150.05748,-35.307327],[150.058674,-35.306933],[150.059017,-35.306785],[150.059799,-35.306551],[150.061475,-35.306387],[150.062319,-35.306348],[150.062927,-35.306383],[150.063373,-35.306487],[150.063722,-35.306659],[150.063875,-35.306773],[150.064168,-35.307072],[150.065193,-35.307949],[150.065633,-35.308281],[150.066128,-35.308603],[150.066421,-35.308786],[150.066867,-35.308981],[150.067202,-35.309079],[150.067782,-35.309166],[150.067956,-35.309154],[150.068292,-35.309098],[150.068445,-35.309046],[150.068599,-35.308966],[150.069053,-35.308606],[150.06943,-35.308372],[150.069808,-35.308086],[150.070814,-35.307635],[150.070981,-35.307572],[150.071484,-35.307452],[150.071882,-35.307401],[150.072497,-35.307396],[150.072999,-35.307339],[150.073502,-35.307242],[150.074339,-35.307037],[150.074898,-35.306849],[150.075052,-35.306757],[150.075226,-35.306615],[150.075939,-35.306123],[150.076609,-35.305797],[150.076763,-35.305688],[150.077741,-35.305157],[150.078223,-35.304963],[150.07837,-35.304912],[150.078887,-35.304712],[150.079166,-35.304638],[150.079494,-35.304512],[150.08043,-35.304284],[150.080751,-35.304227],[150.080905,-35.30421],[150.081261,-35.304222],[150.081868,-35.304273],[150.082776,-35.304308],[150.083055,-35.304349],[150.083725,-35.30451],[150.084039,-35.304539],[150.084332,-35.304602],[150.084611,-35.304745],[150.085367,-35.305263],[150.08578,-35.304336],[150.087254,-35.30093],[150.08729,-35.300619],[150.086725,-35.29996],[150.086592,-35.29984],[150.086118,-35.29949],[150.085679,-35.299089],[150.085574,-35.298969],[150.085219,-35.298573],[150.085086,-35.298453],[150.084759,-35.298024],[150.084514,-35.297755],[150.084459,-35.297623],[150.084369,-35.297227],[150.08425,-35.296958],[150.084208,-35.296837],[150.084062,-35.296586],[150.083874,-35.295926],[150.083721,-35.295532],[150.083589,-35.295269],[150.083415,-35.295017],[150.083289,-35.294873],[150.082697,-35.294243],[150.082341,-35.293584],[150.0823,-35.293469],[150.082307,-35.2932],[150.082405,-35.29296],[150.082475,-35.29284],[150.08258,-35.29272],[150.082754,-35.292628],[150.08295,-35.292554],[150.083592,-35.292371],[150.084332,-35.292068],[150.08471,-35.291896],[150.084877,-35.291794],[150.085045,-35.291703],[150.085199,-35.291633],[150.085723,-35.291228],[150.086044,-35.291091],[150.086365,-35.291074],[150.086665,-35.291086],[150.087091,-35.291178],[150.087272,-35.291252],[150.08744,-35.291333],[150.087586,-35.291373],[150.087747,-35.291476],[150.088214,-35.291843],[150.088521,-35.292038],[150.088807,-35.292176],[150.08926,-35.292348],[150.089581,-35.292434],[150.089721,-35.292463],[150.090035,-35.292515],[150.090561,-35.292432],[150.091138,-35.292561],[150.091445,-35.292613],[150.091752,-35.292596],[150.092338,-35.292631],[150.092478,-35.292672],[150.092799,-35.292723],[150.093336,-35.292878],[150.094146,-35.292971],[150.094627,-35.292983],[150.094962,-35.293063],[150.095255,-35.293144],[150.096107,-35.29327],[150.096742,-35.29326],[150.097391,-35.293294],[150.097552,-35.293277],[150.098034,-35.293129],[150.098362,-35.292957],[150.098844,-35.29262],[150.099123,-35.292363],[150.099605,-35.292054],[150.099738,-35.291939],[150.100171,-35.291608],[150.100366,-35.291499],[150.100499,-35.291373],[150.100855,-35.291156],[150.101142,-35.290887],[150.101449,-35.290687],[150.101728,-35.290452],[150.101903,-35.290212],[150.102155,-35.28972],[150.102309,-35.289113],[150.102498,-35.288609],[150.102526,-35.288369],[150.102624,-35.288008],[150.102673,-35.287636],[150.102953,-35.286995],[150.103037,-35.286754],[150.103051,-35.286571],[150.103051,-35.286308],[150.102982,-35.286073],[150.102975,-35.285958],[150.103024,-35.285844],[150.103233,-35.285592],[150.103708,-35.285346],[150.103855,-35.285243],[150.104015,-35.285163],[150.104427,-35.285043],[150.104623,-35.284952],[150.105209,-35.284752],[150.105405,-35.284712],[150.105551,-35.284735],[150.105726,-35.284804],[150.106111,-35.285018],[150.106514,-35.285297],[150.106661,-35.285429],[150.106995,-35.285801],[150.1071,-35.285921],[150.107379,-35.286168],[150.107693,-35.28638],[150.108153,-35.286747],[150.10853,-35.287131],[150.10883,-35.287371],[150.108975,-35.287431],[150.109123,-35.287503],[150.109576,-35.287767],[150.109716,-35.28783],[150.110309,-35.288397],[150.110623,-35.288604],[150.110769,-35.288742],[150.11109,-35.288965],[150.111404,-35.28924],[150.111718,-35.289447],[150.111864,-35.289596],[150.112157,-35.289745],[150.112534,-35.289877],[150.112688,-35.289951],[150.112862,-35.290089],[150.113022,-35.290175],[150.113322,-35.290421],[150.113573,-35.290685],[150.113678,-35.290817],[150.113762,-35.290943],[150.113873,-35.291498],[150.113858,-35.292254],[150.113872,-35.292672],[150.1139,-35.292804],[150.11399,-35.293056],[150.11413,-35.293319],[150.114402,-35.293549],[150.114569,-35.293657],[150.114848,-35.293761],[150.115163,-35.293744],[150.115623,-35.293687],[150.115791,-35.293647],[150.116077,-35.293561],[150.116601,-35.293459],[150.116747,-35.293401],[150.117285,-35.293081],[150.117425,-35.292967],[150.117585,-35.292869],[150.118067,-35.292675],[150.118221,-35.292658],[150.118744,-35.292653],[150.118919,-35.292636],[150.119526,-35.292527],[150.119771,-35.292436],[150.120259,-35.292184],[150.120441,-35.292041],[150.120546,-35.29191],[150.120664,-35.291744],[150.121069,-35.291332],[150.121328,-35.290897],[150.12137,-35.290776],[150.121356,-35.290502],[150.121161,-35.289952],[150.121126,-35.289711],[150.12112,-35.289476],[150.121316,-35.288921],[150.121392,-35.288629],[150.121428,-35.288394],[150.121406,-35.288125],[150.121351,-35.287879],[150.121316,-35.287747],[150.121268,-35.28761],[150.121008,-35.287243],[150.12087,-35.28698],[150.120842,-35.286848],[150.120849,-35.286733],[150.120933,-35.286086],[150.121002,-35.285829],[150.12103,-35.285714],[150.121268,-35.285159],[150.121444,-35.28489],[150.121569,-35.284478],[150.121764,-35.284214],[150.122037,-35.283951],[150.12219,-35.283854],[150.122728,-35.283574],[150.122916,-35.2835],[150.123091,-35.283397],[150.123356,-35.283145],[150.123503,-35.283065],[150.124138,-35.282573],[150.124453,-35.282384],[150.124606,-35.282315],[150.125283,-35.281961],[150.125765,-35.281789],[150.126833,-35.281498],[150.12714,-35.281384],[150.12742,-35.281309],[150.127559,-35.281252],[150.127699,-35.281241],[150.128508,-35.280915],[150.128858,-35.280795],[150.129193,-35.280646],[150.129493,-35.280544],[150.129667,-35.280504],[150.129835,-35.280458],[150.129988,-35.280378],[150.130491,-35.280069],[150.130673,-35.279994],[150.131063,-35.27988],[150.132215,-35.279663],[150.132739,-35.279595],[150.13306,-35.279572],[150.13336,-35.279504],[150.133541,-35.279441],[150.133688,-35.279349],[150.133786,-35.279223],[150.133918,-35.278874],[150.133911,-35.27876],[150.133877,-35.278639],[150.133668,-35.27798],[150.133724,-35.277397],[150.133801,-35.277133],[150.133983,-35.276876],[150.134108,-35.276761],[150.134485,-35.276372],[150.134786,-35.276126],[150.135107,-35.275966],[150.13526,-35.275812],[150.135407,-35.275726],[150.135707,-35.275491],[150.136203,-35.275257],[150.136356,-35.275188],[150.13644,-35.275074],[150.13667,-35.274833],[150.136943,-35.274307],[150.137655,-35.273471],[150.137809,-35.273362],[150.137955,-35.273265],[150.138109,-35.273202],[150.138297,-35.273173],[150.139274,-35.273163],[150.13993,-35.273083],[150.140216,-35.27302],[150.140454,-35.272963],[150.140977,-35.272705],[150.141117,-35.272665],[150.141459,-35.272511],[150.142094,-35.272156],[150.14245,-35.271767],[150.142597,-35.271647],[150.142939,-35.271521],[150.14386,-35.270811],[150.144132,-35.270554],[150.144446,-35.270439],[150.144907,-35.270331],[150.145047,-35.270308],[150.146421,-35.270332],[150.146735,-35.27028],[150.147084,-35.270263],[150.147266,-35.270206],[150.147419,-35.270183],[150.147838,-35.27008],[150.148194,-35.269811],[150.148306,-35.269674],[150.148585,-35.269439],[150.148787,-35.269205],[150.149108,-35.268712],[150.149255,-35.26858],[150.149346,-35.268466],[150.149485,-35.26834],[150.149646,-35.268243],[150.150463,-35.267854],[150.150756,-35.267677],[150.150902,-35.267562],[150.151014,-35.267431],[150.151412,-35.267053],[150.151586,-35.266938],[150.151768,-35.266824],[150.151921,-35.266784],[150.152214,-35.266801],[150.152724,-35.26679],[150.153003,-35.266864],[150.153324,-35.26703],[150.153638,-35.267231],[150.153756,-35.267363],[150.153903,-35.267483],[150.154315,-35.267901],[150.154782,-35.268297],[150.155117,-35.268469],[150.15518,-35.268595],[150.155319,-35.268629],[150.15564,-35.268864],[150.15594,-35.269053],[150.156094,-35.26911],[150.156268,-35.269173],[150.156743,-35.269288],[150.157353,-35.269467],[150.157447,-35.269494],[150.157775,-35.269529],[150.15795,-35.269575],[150.159115,-35.269684],[150.159464,-35.269724],[150.159967,-35.269753],[150.160553,-35.269736],[150.161844,-35.269805],[150.162542,-35.269811],[150.162898,-35.269857],[150.163456,-35.269897],[150.164007,-35.269869],[150.16437,-35.269778],[150.164516,-35.269652],[150.164726,-35.269406],[150.164997,-35.269131],[150.165075,-35.268999],[150.165445,-35.268014],[150.165612,-35.267762],[150.165737,-35.267614],[150.166024,-35.267373],[150.166212,-35.267253],[150.166337,-35.267121],[150.166644,-35.266915],[150.166833,-35.26668],[150.166882,-35.266566],[150.166889,-35.26644],[150.166777,-35.266199],[150.166623,-35.266062],[150.166477,-35.26601],[150.166184,-35.265884],[150.165898,-35.265707],[150.165186,-35.265082],[150.164587,-35.264607],[150.164432,-35.264452],[150.164356,-35.264332],[150.164315,-35.2642],[150.164021,-35.263816],[150.163721,-35.263312],[150.163575,-35.263026],[150.163379,-35.262534],[150.163331,-35.262419],[150.163261,-35.262081],[150.163213,-35.261949],[150.162948,-35.261554],[150.162898,-35.261411],[150.162877,-35.26117],[150.162961,-35.260741],[150.162968,-35.260369],[150.162919,-35.260134],[150.162752,-35.259716],[150.162682,-35.259596],[150.161964,-35.258719],[150.161712,-35.258467],[150.161586,-35.258335],[150.161363,-35.257969],[150.161237,-35.257837],[150.161001,-35.257476],[150.160972,-35.257356],[150.16096,-35.257115],[150.16098,-35.256755],[150.161049,-35.256474],[150.161133,-35.256096],[150.161343,-35.255467],[150.161664,-35.25498],[150.161873,-35.254745],[150.162041,-35.254636],[150.162368,-35.254528],[150.162661,-35.254476],[150.162996,-35.254476],[150.163136,-35.254505],[150.163282,-35.254505],[150.163645,-35.254574],[150.164127,-35.254569],[150.164308,-35.25454],[150.164447,-35.254483],[150.164594,-35.254437],[150.165089,-35.254225],[150.166073,-35.253871],[150.16622,-35.253785],[150.166394,-35.253727],[150.166555,-35.25363],[150.166925,-35.253464],[150.167252,-35.253395],[150.167727,-35.253149],[150.168208,-35.252857],[150.16839,-35.252714],[150.168885,-35.252446],[150.169199,-35.252234],[150.16936,-35.252131],[150.16959,-35.25189],[150.169827,-35.251524],[150.170309,-35.251083],[150.170609,-35.250894],[150.170762,-35.250774],[150.170957,-35.250528],[150.171404,-35.24984],[150.171641,-35.24936],[150.171732,-35.249234],[150.171857,-35.248993],[150.172053,-35.248747],[150.172095,-35.248615],[150.172031,-35.248433],[150.171871,-35.247971],[150.171441,-35.247435],[150.171223,-35.24719],[150.170611,-35.246552],[150.170316,-35.24633],[150.169679,-35.246013],[150.169043,-35.245828],[150.168741,-35.245646],[150.168502,-35.245379],[150.168332,-35.245082],[150.167822,-35.244014],[150.167756,-35.243711],[150.167485,-35.242882],[150.167448,-35.24176],[150.16752,-35.241216],[150.167679,-35.240987],[150.167877,-35.240516],[150.168257,-35.239976],[150.168401,-35.239746],[150.168683,-35.239252],[150.16896,-35.238976],[150.16939,-35.238756],[150.169683,-35.238709],[150.169962,-35.238724],[150.170641,-35.238967],[150.171286,-35.239358],[150.171559,-35.239482],[150.172201,-35.239605],[150.172494,-35.239534],[150.17282,-35.239372],[150.173099,-35.239319],[150.173489,-35.239323],[150.173803,-35.239281],[150.174073,-35.239051],[150.174459,-35.238533],[150.175263,-35.237865],[150.17574,-35.237375],[150.176032,-35.237219],[150.176637,-35.237061],[150.177083,-35.236973],[150.177418,-35.236971],[150.177718,-35.237027],[150.178341,-35.237344],[150.178671,-35.237594],[150.178951,-35.237678],[150.179473,-35.237601],[150.179766,-35.237513],[150.180126,-35.237248],[150.180347,-35.236995],[150.180687,-35.236707],[150.180985,-35.236556],[150.181291,-35.236457],[150.181626,-35.236432],[150.181947,-35.23647],[150.182275,-35.236555],[150.182568,-35.236536],[150.182887,-35.236339],[150.183081,-35.235279],[150.183326,-35.234545],[150.183512,-35.234304],[150.18381,-35.234073],[150.184116,-35.233922],[150.184344,-35.233686],[150.184503,-35.233451],[150.18468,-35.232974],[150.184704,-35.232454],[150.184855,-35.232201],[150.184978,-35.231879],[150.185247,-35.231557],[150.186183,-35.230865],[150.186792,-35.230335],[150.187439,-35.230108],[150.187808,-35.230037],[150.188122,-35.230047],[150.189009,-35.230254],[150.189408,-35.230412],[150.189641,-35.230662],[150.189719,-35.230897],[150.189819,-35.231972],[150.190021,-35.232801],[150.190107,-35.233047],[150.190241,-35.233338],[150.190446,-35.233594],[150.190734,-35.233811],[150.191048,-35.23394],[150.191375,-35.23387],[150.192439,-35.23336],[150.193023,-35.233162],[150.193655,-35.23286],[150.194264,-35.232371],[150.194486,-35.232112],[150.195353,-35.231603],[150.196326,-35.231168],[150.197006,-35.230729],[150.197489,-35.230222],[150.197929,-35.229475],[150.197953,-35.229],[150.197854,-35.228732],[150.197438,-35.228236],[150.196573,-35.227371],[150.195924,-35.226487],[150.195824,-35.22623],[150.195808,-35.225995],[150.196029,-35.225748],[150.196928,-35.225669],[150.197241,-35.225604],[150.197421,-35.225357],[150.197363,-35.225117],[150.196687,-35.223506],[150.19642,-35.223273],[150.195532,-35.22294],[150.195244,-35.222696],[150.195158,-35.222439],[150.195121,-35.222204],[150.195202,-35.22107],[150.195452,-35.220044],[150.195203,-35.21945],[150.194985,-35.219216],[150.193804,-35.218914],[150.193406,-35.218836],[150.19185,-35.218725],[150.19155,-35.218761],[150.191167,-35.218866],[150.189639,-35.219476],[150.188875,-35.219858],[150.18857,-35.220066],[150.187854,-35.220345],[150.187554,-35.220352],[150.18744,-35.220107],[150.18748,-35.219837],[150.187801,-35.219063],[150.188167,-35.218545],[150.189354,-35.217136],[150.190467,-35.21591],[150.190618,-35.21564],[150.190876,-35.214883],[150.190867,-35.214649],[150.190782,-35.214391],[150.190394,-35.213924],[150.190121,-35.213782],[150.189792,-35.213573],[150.189615,-35.21331],[150.189476,-35.212498],[150.189188,-35.211406],[150.188947,-35.210864],[150.188873,-35.210378],[150.188924,-35.209822],[150.188845,-35.209576],[150.188732,-35.209302],[150.188506,-35.209069],[150.187651,-35.208472],[150.187343,-35.208308],[150.186798,-35.208174],[150.185877,-35.20807],[150.185575,-35.207877],[150.185608,-35.207648],[150.185773,-35.207367],[150.185959,-35.207062],[150.186552,-35.206292],[150.187292,-35.205561],[150.18756,-35.205078],[150.187702,-35.204488],[150.187927,-35.203942],[150.187993,-35.203416],[150.187963,-35.203164],[150.18777,-35.202638],[150.187629,-35.202393],[150.187375,-35.202102],[150.186519,-35.20142],[150.186159,-35.200918],[150.186039,-35.20065],[150.186015,-35.200392],[150.186146,-35.200071],[150.186318,-35.199841],[150.186609,-35.199685],[150.186888,-35.19962],[150.187728,-35.199421],[150.18933,-35.199229],[150.189832,-35.199087],[150.18997,-35.199047],[150.190345,-35.198839],[150.190929,-35.198647],[150.191701,-35.198522],[150.192057,-35.198515],[150.194479,-35.19885],[150.195454,-35.19881],[150.196041,-35.198875],[150.19634,-35.198868],[150.197016,-35.19879],[150.197714,-35.198883],[150.198355,-35.198839],[150.198725,-35.198883],[150.2,-35.199729],[150.200583,-35.200189],[150.201117,-35.200712],[150.20251,-35.202216],[150.203359,-35.202835],[150.205182,-35.203214],[150.20611,-35.20334],[150.207102,-35.203592],[150.208309,-35.203745],[150.208609,-35.203714],[150.208908,-35.203615],[150.209214,-35.203459],[150.209535,-35.203178],[150.210491,-35.203055],[150.211885,-35.202341],[150.212356,-35.202074],[150.21326,-35.201901],[150.21438,-35.202327],[150.214647,-35.203093],[150.214499,-35.203702],[150.215058,-35.204001],[150.215661,-35.200984],[150.215545,-35.199336],[150.215317,-35.198914],[150.215197,-35.198165],[150.214706,-35.197253],[150.21476,-35.196526],[150.214501,-35.195767],[150.214361,-35.195098],[150.214466,-35.194565],[150.214686,-35.194311],[150.21426,-35.193593],[150.213593,-35.193175],[150.212562,-35.191891],[150.212546,-35.191872],[150.21141,-35.190667],[150.21137,-35.188366],[150.210244,-35.186512],[150.208517,-35.186281],[150.208562,-35.185993],[150.208667,-35.185766],[150.208698,-35.185677],[150.208777,-35.185543],[150.208826,-35.185446],[150.208864,-35.185343],[150.208912,-35.185283],[150.208907,-35.18525],[150.20887,-35.185165],[150.208833,-35.185071],[150.208791,-35.184962],[150.208744,-35.184834],[150.208725,-35.184726],[150.208689,-35.184617],[150.20867,-35.18449],[150.208602,-35.184319],[150.208576,-35.184239],[150.208511,-35.184139],[150.208468,-35.184049],[150.208426,-35.18395],[150.208362,-35.183831],[150.208291,-35.183726],[150.20821,-35.183584],[150.208119,-35.183417],[150.208082,-35.183313],[150.208048,-35.183153],[150.208024,-35.183012],[150.208011,-35.18288],[150.207982,-35.182734],[150.207951,-35.182635],[150.207942,-35.182578],[150.207893,-35.182493],[150.207833,-35.182407],[150.207763,-35.182298],[150.207696,-35.18224],[150.207601,-35.182181],[150.207473,-35.182099],[150.207242,-35.181985],[150.206508,-35.181424],[150.20634,-35.181313],[150.205838,-35.180949],[150.205728,-35.180825],[150.20566,-35.180138],[150.205687,-35.179529],[150.205679,-35.179435],[150.205663,-35.179388],[150.205571,-35.179255],[150.205099,-35.1787],[150.204862,-35.178432],[150.204595,-35.17805],[150.204444,-35.177784],[150.204326,-35.177566],[150.204299,-35.177377],[150.204283,-35.177152],[150.204267,-35.176955],[150.204421,-35.176311],[150.204672,-35.175477],[150.204699,-35.175361],[150.204638,-35.17497],[150.204604,-35.174627],[150.204614,-35.174346],[150.204636,-35.174187],[150.204839,-35.173788],[150.204952,-35.173472],[150.205097,-35.172917],[150.205073,-35.172776],[150.204861,-35.172138],[150.20471,-35.171886],[150.204524,-35.171455],[150.204276,-35.171045],[150.203922,-35.1707],[150.203233,-35.170294],[150.202504,-35.170081],[150.20128,-35.169973],[150.201004,-35.169999],[150.200728,-35.170068],[150.200524,-35.170194],[150.200331,-35.17033],[150.200009,-35.170553],[150.199711,-35.170748],[150.199385,-35.170914],[150.199176,-35.171012],[150.198765,-35.171167],[150.198224,-35.17129],[150.197856,-35.171361],[150.197491,-35.171358],[150.197099,-35.171287],[150.196679,-35.171203],[150.196289,-35.171109],[150.195906,-35.170941],[150.195445,-35.170724],[150.195098,-35.170528],[150.194715,-35.170355],[150.194154,-35.17007],[150.193649,-35.169805],[150.193077,-35.169492],[150.192518,-35.169151],[150.19214,-35.168842],[150.191735,-35.168499],[150.191409,-35.168182],[150.191148,-35.16796],[150.190811,-35.16762],[150.190483,-35.167377],[150.189992,-35.167033],[150.189444,-35.166701],[150.188972,-35.166475],[150.188605,-35.16633],[150.188127,-35.166127],[150.187879,-35.166018],[150.1878,-35.166002],[150.187703,-35.165986],[150.187436,-35.165961],[150.18711,-35.165963],[150.186494,-35.166112],[150.186,-35.16619],[150.185642,-35.16613],[150.185286,-35.166037],[150.185027,-35.165933],[150.184453,-35.165662],[150.184098,-35.165536],[150.183777,-35.165416],[150.183326,-35.165246],[150.182622,-35.165122],[150.181991,-35.165027],[150.180803,-35.165037],[150.179391,-35.16522],[150.178264,-35.165438],[150.177346,-35.165562],[150.176769,-35.165576],[150.176149,-35.16551],[150.175798,-35.165427],[150.175723,-35.165107],[150.175701,-35.164595],[150.175506,-35.164117],[150.175239,-35.163735],[150.174773,-35.16334],[150.174367,-35.163039],[150.174337,-35.163013],[150.174345,-35.162999],[150.174327,-35.163013],[150.174252,-35.162967],[150.174078,-35.162698],[150.173737,-35.161976],[150.173683,-35.161761],[150.173612,-35.161523],[150.173485,-35.161159],[150.173366,-35.160899],[150.173264,-35.160722],[150.173174,-35.160596],[150.173118,-35.160505],[150.173089,-35.160376],[150.173121,-35.160179],[150.173184,-35.159981],[150.173382,-35.159767],[150.173786,-35.159427],[150.174174,-35.159261],[150.174426,-35.159161],[150.174923,-35.15891],[150.175133,-35.15871],[150.175224,-35.158549],[150.175301,-35.158223],[150.175015,-35.158086],[150.174525,-35.157721],[150.174206,-35.15761],[150.173689,-35.157489],[150.173271,-35.157288],[150.172726,-35.157145],[150.172587,-35.157059],[150.172168,-35.156606],[150.172021,-35.15642],[150.171845,-35.156098],[150.171798,-35.155788],[150.171773,-35.155392],[150.171711,-35.154933],[150.171599,-35.154376],[150.171438,-35.153967],[150.171336,-35.153732],[150.171204,-35.153469],[150.171197,-35.153223],[150.171232,-35.153183],[150.171253,-35.152954],[150.171184,-35.152696],[150.170871,-35.1519],[150.170746,-35.151505],[150.170713,-35.150864],[150.17056,-35.150188],[150.170512,-35.149874],[150.170465,-35.149578],[150.170401,-35.149334],[150.170261,-35.149114],[150.170036,-35.14878],[150.169855,-35.148548],[150.169753,-35.148413],[150.169321,-35.148316],[150.169181,-35.14823],[150.168623,-35.148189],[150.168239,-35.148269],[150.167506,-35.148297],[150.167212,-35.148353],[150.166611,-35.14853],[150.166528,-35.148553],[150.165732,-35.148592],[150.165132,-35.14858],[150.164594,-35.148637],[150.163546,-35.148796],[150.163245,-35.148893],[150.162931,-35.149127],[150.162756,-35.149293],[150.162546,-35.149608],[150.1623,-35.150065],[150.162055,-35.150397],[150.161804,-35.15062],[150.161286,-35.15098],[150.160832,-35.151203],[150.160378,-35.151311],[150.159959,-35.151322],[150.159735,-35.151276],[150.15947,-35.151109],[150.1594,-35.151006],[150.159366,-35.150863],[150.159387,-35.150594],[150.159542,-35.150051],[150.159529,-35.149776],[150.159439,-35.149461],[150.159244,-35.148969],[150.158589,-35.148298],[150.158394,-35.148103],[150.158171,-35.14776],[150.15792,-35.147468],[150.157649,-35.147101],[150.157502,-35.146963],[150.156757,-35.14631],[150.156477,-35.146184],[150.155801,-35.145754],[150.154804,-35.144929],[150.154588,-35.144745],[150.153919,-35.14439],[150.152963,-35.144056],[150.152767,-35.144005],[150.152697,-35.143947],[150.152314,-35.143804],[150.15163,-35.143402],[150.151219,-35.143259],[150.150828,-35.143184],[150.150513,-35.143258],[150.149766,-35.143469],[150.149312,-35.143526],[150.148837,-35.143542],[150.148474,-35.143525],[150.147811,-35.143438],[150.147441,-35.143466],[150.147175,-35.143529],[150.146882,-35.143654],[150.146602,-35.143894],[150.146112,-35.144552],[150.14586,-35.144775],[150.145783,-35.144809],[150.144505,-35.144893],[150.143562,-35.145007],[150.142787,-35.145011],[150.14248,-35.144994],[150.142235,-35.144919],[150.141789,-35.144632],[150.141643,-35.14446],[150.141449,-35.143785],[150.1414,-35.143533],[150.141221,-35.143198],[150.141033,-35.142833],[150.140958,-35.142318],[150.140996,-35.141802],[150.141061,-35.141315],[150.141175,-35.141111],[150.141301,-35.140997],[150.141791,-35.14074],[150.141966,-35.140586],[150.142036,-35.140426],[150.142072,-35.139985],[150.142142,-35.139854],[150.14245,-35.139448],[150.142653,-35.139213],[150.142688,-35.139082],[150.142689,-35.13891],[150.142564,-35.138652],[150.142417,-35.138526],[150.142173,-35.138257],[150.142167,-35.137954],[150.141994,-35.137496],[150.141924,-35.137164],[150.142186,-35.135779],[150.142236,-35.13543],[150.142218,-35.134068],[150.142228,-35.133807],[150.142254,-35.13322],[150.142377,-35.13265],[150.142459,-35.132437],[150.142508,-35.132385],[150.142579,-35.131899],[150.142636,-35.131098],[150.142638,-35.130457],[150.142541,-35.130107],[150.14247,-35.129763],[150.14234,-35.129423],[150.142058,-35.128905],[150.141688,-35.128179],[150.141332,-35.127527],[150.141051,-35.126906],[150.140666,-35.126269],[150.139984,-35.125099],[150.139895,-35.124951],[150.13969,-35.124804],[150.139544,-35.124626],[150.139419,-35.124415],[150.13937,-35.124214],[150.139364,-35.123917],[150.139374,-35.123808],[150.139297,-35.123433],[150.139304,-35.1231],[150.139293,-35.122666],[150.139324,-35.122303],[150.139386,-35.121827],[150.139376,-35.121548],[150.139324,-35.121134],[150.139283,-35.120595],[150.139314,-35.119912],[150.139352,-35.119338],[150.139459,-35.118922],[150.13948,-35.118625],[150.139542,-35.118163],[150.139417,-35.117542],[150.139262,-35.117024],[150.138962,-35.116662],[150.138816,-35.116572],[150.138579,-35.116455],[150.138174,-35.116455],[150.138029,-35.116465],[150.137708,-35.116517],[150.137366,-35.116579],[150.136714,-35.116765],[150.136414,-35.116827],[150.135844,-35.116941],[150.135429,-35.116827],[150.134942,-35.116392],[150.13458,-35.115834],[150.13431,-35.115233],[150.134021,-35.114653],[150.133907,-35.114332],[150.133658,-35.114022],[150.133347,-35.11398],[150.132974,-35.11398],[150.132705,-35.113991],[150.132508,-35.114012],[150.132249,-35.114053],[150.132084,-35.114042],[150.131866,-35.114115],[150.131617,-35.114206],[150.130929,-35.114212],[150.130229,-35.114063],[150.129701,-35.113835],[150.129401,-35.113629],[150.129255,-35.113484],[150.129164,-35.113263],[150.129059,-35.112935],[150.12909,-35.112676],[150.129187,-35.112536],[150.129328,-35.112376],[150.129639,-35.111879],[150.129949,-35.111361],[150.130188,-35.110978],[150.130395,-35.110771],[150.130685,-35.110669],[150.13113,-35.110523],[150.131275,-35.110337],[150.131557,-35.110091],[150.131612,-35.109923],[150.131746,-35.109661],[150.131948,-35.109396],[150.132029,-35.109311],[150.132042,-35.109293],[150.13215,-35.109076],[150.132353,-35.108727],[150.132454,-35.108601],[150.132695,-35.108371],[150.13307,-35.10804],[150.133266,-35.107805],[150.133423,-35.107475],[150.133552,-35.107172],[150.133659,-35.106937],[150.133726,-35.106579],[150.13376,-35.105934],[150.13349,-35.105486],[150.133036,-35.105233],[150.132539,-35.104954],[150.132332,-35.104664],[150.13229,-35.104229],[150.132322,-35.103939],[150.132353,-35.103577],[150.13229,-35.103256],[150.132114,-35.102987],[150.131793,-35.102862],[150.131058,-35.102811],[150.130737,-35.102873],[150.130499,-35.103059],[150.130343,-35.103287],[150.13026,-35.103473],[150.130219,-35.103587],[150.130115,-35.103887],[150.129793,-35.104105],[150.129525,-35.104105],[150.129349,-35.104094],[150.129027,-35.104136],[150.128499,-35.104115],[150.127878,-35.103949],[150.127526,-35.103742],[150.127215,-35.103463],[150.126987,-35.102935],[150.126862,-35.102577],[150.126821,-35.1022],[150.126852,-35.10191],[150.127016,-35.101672],[150.127267,-35.101558],[150.127546,-35.101175],[150.127691,-35.100875],[150.127878,-35.10044],[150.128012,-35.100181],[150.128189,-35.099757],[150.128499,-35.09926],[150.129121,-35.098225],[150.129401,-35.09779],[150.129463,-35.097417],[150.129404,-35.097083],[150.129245,-35.097014],[150.129079,-35.096982],[150.128644,-35.096786],[150.128427,-35.096713],[150.128155,-35.096574],[150.127049,-35.095647],[150.126842,-35.095481],[150.126666,-35.095388],[150.12624,-35.095226],[150.12585,-35.095084],[150.125565,-35.094985],[150.124996,-35.094789],[150.124348,-35.094522],[150.123757,-35.094271],[150.1232,-35.094005],[150.122436,-35.093503],[150.122136,-35.093277],[150.121958,-35.093144],[150.121486,-35.09275],[150.121012,-35.092292],[150.120387,-35.091647],[150.120079,-35.091089],[150.119934,-35.0908],[150.119825,-35.090505],[150.119707,-35.09014],[150.119608,-35.089446],[150.119545,-35.08915],[150.119504,-35.088941],[150.1195,-35.088919],[150.119234,-35.088688],[150.118337,-35.088501],[150.117219,-35.088284],[150.116958,-35.088338],[150.116697,-35.088383],[150.116027,-35.08854],[150.115593,-35.088654],[150.115243,-35.088708],[150.114918,-35.088722],[150.114371,-35.088712],[150.114021,-35.088678],[150.113612,-35.08856],[150.113282,-35.088319],[150.113002,-35.087856],[150.112829,-35.087659],[150.112657,-35.08759],[150.112228,-35.087467],[150.111918,-35.08729],[150.111583,-35.087093],[150.111272,-35.086886],[150.11108,-35.086733],[150.110972,-35.086596],[150.110952,-35.086492],[150.110932,-35.086206],[150.110854,-35.085911],[150.110661,-35.085552],[150.110326,-35.085217],[150.109774,-35.084931],[150.10943,-35.084798],[150.109139,-35.084705],[150.108843,-35.084532],[150.108607,-35.0844],[150.108454,-35.08438],[150.108218,-35.084449],[150.108021,-35.084592],[150.107892,-35.084789],[150.107848,-35.084956],[150.107804,-35.085187],[150.107764,-35.08535],[150.107671,-35.085601],[150.107597,-35.085749],[150.107508,-35.085862],[150.107415,-35.08595],[150.107217,-35.086064],[150.107021,-35.086142],[150.106838,-35.086211],[150.106641,-35.086231],[150.106395,-35.086231],[150.106168,-35.086197],[150.106065,-35.086157],[150.10596,-35.086082],[150.105877,-35.086047],[150.105717,-35.085824],[150.105474,-35.085594],[150.105419,-35.085479],[150.105395,-35.085282],[150.105395,-35.084931],[150.10536,-35.084488],[150.105296,-35.084163],[150.105286,-35.08398],[150.105169,-35.083705],[150.10503,-35.083521],[150.104821,-35.083417],[150.10443,-35.08341],[150.104124,-35.083289],[150.103859,-35.083128],[150.103428,-35.082755],[150.103338,-35.08264],[150.103221,-35.082239],[150.103245,-35.081696],[150.103401,-35.081009],[150.103649,-35.080209],[150.10379,-35.07998],[150.103804,-35.079866],[150.103728,-35.0797],[150.103624,-35.079447],[150.103391,-35.078919],[150.103349,-35.07864],[150.103377,-35.078565],[150.103574,-35.078217],[150.103904,-35.077909],[150.104183,-35.077807],[150.104832,-35.077757],[150.105148,-35.077681],[150.105377,-35.077656],[150.105475,-35.077627],[150.106542,-35.077573],[150.106873,-35.077522],[150.107212,-35.077385],[150.107455,-35.077226],[150.10755,-35.077026],[150.107424,-35.076772],[150.107032,-35.076708],[150.106598,-35.076581],[150.106058,-35.076327],[150.105991,-35.076083],[150.106009,-35.075139],[150.106115,-35.074664],[150.106167,-35.074121],[150.106294,-35.073709],[150.106414,-35.073492],[150.106589,-35.073292],[150.107184,-35.072836],[150.107933,-35.072151],[150.107467,-35.071864],[150.107154,-35.071737],[150.106408,-35.071535],[150.105934,-35.071545],[150.105431,-35.071675],[150.105235,-35.071743],[150.103964,-35.0721],[150.103615,-35.072099],[150.103372,-35.072041],[150.103015,-35.072131],[150.102617,-35.072296],[150.102303,-35.072295],[150.102115,-35.07222],[150.101976,-35.072077],[150.101872,-35.071893],[150.101735,-35.071504],[150.101633,-35.070862],[150.101648,-35.070668],[150.101767,-35.070554],[150.101632,-35.070255],[150.101512,-35.069977],[150.101282,-35.069771],[150.100943,-35.069687],[150.10035,-35.069723],[150.099467,-35.069747],[150.099127,-35.06975],[150.098896,-35.069778],[150.098652,-35.069726],[150.098451,-35.069662],[150.09827,-35.069493],[150.098124,-35.069278],[150.09784,-35.068848],[150.097726,-35.068635],[150.097556,-35.068284],[150.097543,-35.068132],[150.097481,-35.06796],[150.097314,-35.067765],[150.097133,-35.067547],[150.096879,-35.067354],[150.096685,-35.067209],[150.096601,-35.067269],[150.096516,-35.067499],[150.096431,-35.067753],[150.096322,-35.06791],[150.096309,-35.068059],[150.096322,-35.068334],[150.09625,-35.068647],[150.096165,-35.06884],[150.096008,-35.068998],[150.095837,-35.069088],[150.095711,-35.06911],[150.095467,-35.069098],[150.095223,-35.069023],[150.094597,-35.068764],[150.094413,-35.068705],[150.094126,-35.068539],[150.093718,-35.068289],[150.093287,-35.068078],[150.092818,-35.067942],[150.092334,-35.067844],[150.091828,-35.067829],[150.091321,-35.067859],[150.090822,-35.067919],[150.090278,-35.06801],[150.089847,-35.067987],[150.089469,-35.067934],[150.089076,-35.067821],[150.088819,-35.067617],[150.088713,-35.067232],[150.08869,-35.066809],[150.088622,-35.066491],[150.088509,-35.066219],[150.08829,-35.065894],[150.088154,-35.065728],[150.088002,-35.065615],[150.087708,-35.065479],[150.087421,-35.065351],[150.087209,-35.065169],[150.086952,-35.064799],[150.08677,-35.064482],[150.086627,-35.064376],[150.08643,-35.064308],[150.086234,-35.064232],[150.086029,-35.064119],[150.085833,-35.06393],[150.085651,-35.063613],[150.085485,-35.063212],[150.085462,-35.062903],[150.085477,-35.062608],[150.085515,-35.062457],[150.085636,-35.062162],[150.085939,-35.061905],[150.086672,-35.061339],[150.087194,-35.060848],[150.087405,-35.060583],[150.08764,-35.060244],[150.087768,-35.059964],[150.087814,-35.059722],[150.087791,-35.059526],[150.087647,-35.059284],[150.087322,-35.059012],[150.086838,-35.058725],[150.086354,-35.058476],[150.085878,-35.058158],[150.085432,-35.057932],[150.084956,-35.057667],[150.084495,-35.057486],[150.084147,-35.057418],[150.083807,-35.057335],[150.083429,-35.057289],[150.083028,-35.057289],[150.082848,-35.057252],[150.082618,-35.057212],[150.082206,-35.057216],[150.082038,-35.057206],[150.081781,-35.057131],[150.081667,-35.056912],[150.081675,-35.056617],[150.081715,-35.056505],[150.081787,-35.056047],[150.081822,-35.056019],[150.081879,-35.055431],[150.081841,-35.055091],[150.081713,-35.054728],[150.081668,-35.054496],[150.081482,-35.054158],[150.081343,-35.053985],[150.081114,-35.053802],[150.080404,-35.053467],[150.079478,-35.053167],[150.078837,-35.053005],[150.077896,-35.052847],[150.077582,-35.052818],[150.077178,-35.052685],[150.076642,-35.052569],[150.076154,-35.05251],[150.075575,-35.052485],[150.075534,-35.052456],[150.075366,-35.052424],[150.075174,-35.052386],[150.074939,-35.052356],[150.074569,-35.052265],[150.074115,-35.052122],[150.073823,-35.051956],[150.073594,-35.051812],[150.073215,-35.051639],[150.07289,-35.051374],[150.072452,-35.050913],[150.072149,-35.050543],[150.07187,-35.050143],[150.071772,-35.04984],[150.071681,-35.049501],[150.071711,-35.049077],[150.071772,-35.048677],[150.0719,-35.048246],[150.072089,-35.047989],[150.072202,-35.047876],[150.072709,-35.047491],[150.073329,-35.047045],[150.073775,-35.04666],[150.074115,-35.04632],[150.074463,-35.046078],[150.074553,-35.045963],[150.074757,-35.045626],[150.074807,-35.045351],[150.074941,-35.045066],[150.075143,-35.044711],[150.075453,-35.044106],[150.075733,-35.043562],[150.07602,-35.043041],[150.076088,-35.042905],[150.076088,-35.042565],[150.075892,-35.042301],[150.075514,-35.042119],[150.075052,-35.041999],[150.07474,-35.042009],[150.074021,-35.042001],[150.073847,-35.041972],[150.073276,-35.041798],[150.072872,-35.041757],[150.072733,-35.041676],[150.072444,-35.041477],[150.072157,-35.041145],[150.071946,-35.04079],[150.071832,-35.040487],[150.071719,-35.040269],[150.071444,-35.040034],[150.071008,-35.039861],[150.070479,-35.039762],[150.069995,-35.0398],[150.069617,-35.039906],[150.06911,-35.040064],[150.06868,-35.040185],[150.068256,-35.040419],[150.067992,-35.040541],[150.06753,-35.040616],[150.067047,-35.040465],[150.066596,-35.040231],[150.06643,-35.040105],[150.066153,-35.039589],[150.066105,-35.039417],[150.066107,-35.039131],[150.065962,-35.038695],[150.065935,-35.03841],[150.066094,-35.037942],[150.066294,-35.03749],[150.066532,-35.037277],[150.066782,-35.03708],[150.066905,-35.037022],[150.067179,-35.036656],[150.067249,-35.036428],[150.067271,-35.036244],[150.067182,-35.035884],[150.067065,-35.0357],[150.066822,-35.035528],[150.066613,-35.035481],[150.066243,-35.03548],[150.065636,-35.035564],[150.065322,-35.035694],[150.064672,-35.035875],[150.064218,-35.036103],[150.063959,-35.03632],[150.063713,-35.036634],[150.063503,-35.036833],[150.063167,-35.03709],[150.063014,-35.037112],[150.062647,-35.037141],[150.062155,-35.03711],[150.061838,-35.037035],[150.061588,-35.036839],[150.061513,-35.036604],[150.061505,-35.036378],[150.061611,-35.036075],[150.061861,-35.03563],[150.062201,-35.035048],[150.062503,-35.034459],[150.062579,-35.034157],[150.0627,-35.033794],[150.062896,-35.033492],[150.06301,-35.033144],[150.063093,-35.032812],[150.063312,-35.032479],[150.063539,-35.032109],[150.064098,-35.031142],[150.064151,-35.030485],[150.064129,-35.030206],[150.063872,-35.029797],[150.063622,-35.029488],[150.063471,-35.029012],[150.063418,-35.028589],[150.063426,-35.028113],[150.063426,-35.027682],[150.063562,-35.027047],[150.063698,-35.026602],[150.063856,-35.02636],[150.063932,-35.025929],[150.064,-35.025733],[150.064106,-35.025446],[150.064234,-35.024932],[150.064363,-35.024343],[150.064491,-35.023769],[150.064642,-35.023383],[150.064703,-35.023028],[150.064688,-35.022681],[150.064476,-35.022107],[150.064212,-35.021789],[150.063902,-35.021638],[150.06341,-35.021563],[150.062669,-35.021578],[150.062367,-35.021638],[150.061528,-35.021699],[150.06084,-35.021661],[150.060568,-35.021623],[150.060046,-35.02151],[150.059449,-35.021366],[150.059222,-35.021253],[150.058942,-35.020951],[150.058617,-35.020558],[150.05833,-35.020135],[150.057997,-35.019462],[150.057763,-35.019221],[150.057499,-35.019032],[150.057226,-35.018896],[150.056916,-35.01879],[150.056629,-35.018722],[150.056206,-35.018707],[150.055472,-35.018782],[150.054807,-35.018888],[150.054444,-35.018934],[150.053704,-35.018964],[150.05328,-35.018858],[150.05291,-35.018624],[150.0526,-35.018163],[150.05263,-35.017506],[150.052925,-35.016924],[150.053499,-35.016153],[150.054157,-35.015285],[150.054301,-35.014567],[150.05418,-35.014182],[150.053885,-35.013622],[150.053462,-35.013222],[150.05322,-35.013109],[150.05294,-35.013101],[150.052381,-35.013199],[150.05164,-35.01323],[150.051103,-35.013116],[150.050664,-35.012655],[150.05026,-35.010663],[150.050219,-35.010326],[150.050165,-35.009955],[150.050074,-35.009589],[150.049909,-35.009052],[150.049832,-35.008711],[150.049821,-35.00839],[150.049934,-35.008171],[150.050082,-35.007996],[150.050491,-35.007781],[150.050658,-35.007711],[150.050973,-35.007602],[150.051249,-35.007528],[150.051589,-35.007453],[150.051738,-35.007403],[150.05191,-35.007276],[150.052103,-35.007305],[150.052398,-35.007436],[150.052716,-35.00757],[150.052973,-35.007706],[150.053331,-35.007859],[150.053637,-35.007981],[150.053853,-35.00802],[150.054126,-35.008042],[150.054472,-35.007992],[150.054748,-35.007918],[150.05519,-35.007809],[150.055579,-35.007726],[150.056013,-35.007644],[150.056422,-35.007518],[150.056938,-35.007321],[150.057342,-35.007128],[150.058656,-35.006537],[150.058988,-35.006366],[150.059578,-35.006103],[150.060038,-35.005886],[150.060917,-35.005553],[150.061271,-35.005451],[150.061782,-35.005312],[150.062195,-35.005288],[150.062692,-35.005205],[150.063295,-35.005112],[150.063979,-35.005027],[150.064825,-35.004831],[150.065299,-35.004781],[150.065761,-35.004688],[150.066042,-35.00462],[150.066415,-35.004475],[150.066726,-35.004344],[150.06702,-35.004203],[150.067575,-35.003856],[150.068006,-35.003588],[150.068472,-35.003277],[150.06893,-35.003048],[150.069573,-35.00266],[150.07045,-35.002117],[150.0708,-35.001866],[150.071338,-35.001374],[150.071736,-35.001083],[150.072586,-35.000408],[150.073062,-35.000087],[150.073529,-34.9998],[150.073911,-34.999476],[150.07419,-34.999218],[150.074586,-34.998874],[150.074848,-34.998658],[150.075196,-34.998369],[150.075377,-34.998221],[150.075622,-34.997999],[150.075778,-34.997851],[150.076021,-34.997645],[150.076379,-34.997425],[150.076797,-34.996955],[150.077243,-34.996592],[150.077629,-34.996271],[150.078756,-34.995103],[150.079443,-34.994602],[150.080039,-34.994263],[150.080456,-34.993926],[150.080816,-34.993561],[150.081303,-34.993191],[150.081799,-34.992864],[150.082166,-34.992582],[150.082921,-34.99223],[150.083599,-34.991805],[150.08431,-34.991209],[150.084928,-34.990438],[150.085472,-34.989615],[150.085776,-34.988986],[150.085829,-34.98838],[150.08569,-34.987732],[150.085115,-34.986628],[150.08473,-34.98585],[150.08423,-34.984668],[150.083481,-34.983508],[150.082606,-34.981938],[150.082036,-34.980926],[150.081482,-34.979947],[150.081045,-34.97912],[150.080556,-34.978285],[150.080025,-34.977187],[150.079541,-34.976585],[150.078785,-34.975928],[150.077951,-34.975538],[150.076772,-34.97538],[150.075681,-34.975167],[150.07415,-34.97468],[150.072252,-34.974084],[150.071388,-34.973842],[150.070195,-34.973511],[150.069211,-34.973086],[150.068289,-34.972555],[150.067429,-34.972116],[150.066579,-34.971807],[150.065192,-34.971409],[150.064002,-34.971069],[150.062348,-34.970665],[150.061032,-34.970319],[150.059968,-34.970022],[150.058914,-34.969725],[150.057888,-34.969228],[150.056914,-34.96873],[150.056315,-34.968286],[150.055792,-34.967665],[150.055446,-34.966377],[150.05552,-34.965285],[150.056568,-34.962377],[150.056792,-34.961686],[150.057138,-34.960647],[150.05767,-34.959306],[150.058086,-34.958525],[150.058306,-34.957547],[150.05848,-34.956811],[150.058768,-34.956162],[150.059229,-34.955272],[150.059441,-34.954708],[150.059604,-34.954272],[150.059975,-34.95321],[150.060397,-34.952448],[150.06077,-34.951725],[150.061109,-34.951154],[150.061914,-34.950258],[150.062677,-34.949443],[150.063732,-34.948542],[150.064801,-34.947847],[150.065559,-34.947472],[150.066356,-34.946867],[150.067068,-34.946147],[150.06773,-34.945405],[150.06823,-34.943987],[150.068425,-34.943138],[150.068304,-34.942483],[150.068135,-34.941651],[150.067966,-34.940615],[150.067666,-34.939483],[150.067422,-34.938335],[150.067482,-34.93715],[150.067762,-34.936509],[150.068376,-34.93595],[150.069487,-34.93559],[150.071624,-34.935226],[150.072998,-34.934708],[150.074749,-34.934098],[150.075565,-34.93373],[150.076368,-34.933068],[150.077758,-34.931601],[150.078255,-34.931235],[150.078975,-34.930771],[150.080235,-34.929762],[150.081283,-34.928942],[150.082151,-34.928313],[150.082656,-34.927977],[150.083321,-34.927711],[150.085601,-34.926725],[150.086245,-34.92645],[150.087027,-34.92598],[150.088242,-34.924887],[150.088431,-34.924388],[150.088461,-34.92355],[150.08837,-34.92242],[150.088071,-34.921274],[150.087661,-34.920176],[150.087057,-34.919099],[150.086687,-34.91842],[150.086383,-34.917602],[150.086285,-34.916667],[150.086132,-34.91568],[150.086015,-34.915013],[150.086161,-34.913973],[150.086419,-34.913188],[150.086743,-34.912543],[150.086993,-34.912088],[150.087491,-34.911789],[150.088278,-34.911738],[150.089119,-34.911913],[150.089975,-34.912166],[150.090761,-34.912264],[150.091259,-34.912049],[150.091623,-34.911648],[150.091803,-34.911325],[150.091669,-34.910844],[150.091485,-34.910495],[150.091136,-34.910192],[150.090648,-34.910119],[150.090111,-34.910174],[150.089277,-34.910255],[150.088514,-34.910302],[150.087889,-34.910216],[150.087314,-34.909883],[150.086796,-34.909599],[150.086375,-34.909476],[150.085754,-34.909179],[150.085266,-34.90893],[150.084919,-34.90854],[150.084435,-34.90796],[150.083871,-34.907528],[150.083274,-34.906935],[150.08265,-34.906369],[150.082016,-34.905845],[150.081609,-34.905032],[150.081512,-34.904397],[150.081291,-34.903654],[150.081024,-34.902576],[150.080905,-34.901686],[150.081271,-34.900929],[150.081677,-34.900108],[150.082648,-34.899541],[150.084119,-34.898869],[150.085219,-34.898121],[150.086565,-34.897218],[150.087126,-34.896765],[150.087646,-34.896227],[150.087905,-34.895606],[150.087939,-34.895123],[150.087693,-34.894628],[150.087181,-34.894158],[150.086864,-34.893794],[150.086348,-34.893358],[150.085969,-34.893131],[150.085507,-34.893081],[150.085058,-34.893087],[150.084682,-34.893047],[150.084231,-34.893194],[150.08373,-34.89329],[150.083303,-34.893339],[150.082777,-34.893377],[150.0822,-34.893493],[150.081807,-34.893639],[150.081471,-34.893829],[150.081103,-34.894252],[150.080819,-34.894712],[150.080349,-34.895594],[150.080167,-34.89579],[150.08003,-34.896081],[150.079661,-34.896507],[150.079072,-34.897052],[150.078821,-34.897258],[150.078561,-34.897439],[150.07817,-34.89763],[150.077602,-34.897695],[150.077082,-34.897643],[150.076076,-34.897571],[150.075703,-34.897556],[150.075421,-34.897298],[150.075164,-34.896888],[150.075099,-34.896499],[150.074979,-34.896112],[150.074857,-34.895693],[150.074646,-34.895239],[150.074352,-34.894842],[150.073819,-34.894487],[150.073502,-34.894341],[150.072983,-34.894173],[150.072488,-34.894022],[150.072016,-34.893779],[150.07139,-34.893439],[150.070441,-34.892823],[150.06999,-34.89258],[150.069702,-34.892387],[150.069182,-34.89206],[150.067918,-34.891442],[150.067479,-34.891231],[150.067121,-34.890982],[150.066308,-34.890318],[150.065757,-34.890081],[150.065262,-34.889651],[150.064912,-34.889247],[150.064258,-34.888553],[150.063583,-34.88785],[150.06226,-34.88658],[150.061924,-34.886185],[150.061283,-34.885304],[150.060795,-34.884871],[150.059132,-34.883017],[150.058818,-34.882599],[150.058519,-34.882233],[150.057881,-34.881848],[150.056457,-34.881669],[150.05614,-34.881712],[150.055062,-34.882135],[150.054301,-34.882399],[150.053563,-34.882432],[150.052749,-34.882164],[150.052294,-34.881746],[150.052211,-34.881413],[150.052064,-34.881088],[150.051965,-34.880873],[150.052109,-34.880687],[150.052474,-34.880357],[150.052692,-34.879936],[150.052807,-34.879582],[150.053004,-34.878982],[150.053126,-34.878542],[150.053176,-34.877901],[150.053294,-34.877189],[150.053246,-34.87671],[150.053056,-34.876183],[150.052965,-34.875358],[150.052855,-34.874804],[150.052782,-34.874642],[150.052667,-34.87439],[150.05267,-34.874337],[150.052672,-34.874284],[150.052683,-34.874125],[150.052689,-34.874055],[150.052703,-34.873915],[150.052721,-34.873775],[150.052775,-34.873081],[150.052767,-34.873023],[150.052749,-34.872912],[150.052738,-34.872857],[150.052724,-34.872803],[150.052706,-34.87275],[150.052697,-34.872727],[150.052687,-34.872703],[150.052676,-34.87268],[150.052653,-34.872636],[150.052628,-34.872598],[150.0526,-34.872563],[150.052585,-34.872546],[150.052377,-34.872066],[150.051559,-34.870293],[150.051073,-34.869695],[150.050339,-34.869523],[150.049598,-34.869738],[150.049046,-34.869687],[150.048196,-34.869313],[150.047397,-34.868763],[150.046711,-34.868049],[150.046435,-34.867418],[150.046407,-34.867132],[150.046389,-34.866961],[150.046468,-34.866498],[150.046547,-34.866188],[150.046762,-34.865845],[150.046965,-34.86537],[150.047004,-34.864762],[150.046754,-34.863862],[150.046475,-34.863288],[150.046168,-34.862722],[150.045452,-34.862072],[150.04449,-34.861672],[150.043461,-34.861414],[150.041557,-34.860977],[150.041033,-34.860638],[150.040608,-34.8602],[150.040608,-34.859749],[150.040842,-34.859354],[150.041114,-34.858854],[150.041265,-34.858583],[150.041474,-34.858095],[150.04167,-34.857365],[150.041669,-34.856597],[150.041695,-34.855858],[150.041688,-34.855118],[150.041771,-34.854538],[150.041973,-34.853301],[150.042172,-34.85218],[150.042188,-34.851413],[150.041914,-34.850708],[150.041541,-34.850076],[150.041141,-34.849442],[150.040627,-34.848834],[150.040234,-34.848294],[150.039722,-34.847761],[150.039068,-34.847135],[150.038338,-34.846392],[150.038064,-34.845687],[150.037801,-34.84516],[150.037583,-34.844471],[150.037447,-34.843872],[150.037618,-34.843499],[150.037897,-34.843259],[150.038237,-34.842905],[150.038387,-34.842662],[150.038527,-34.841916],[150.0388,-34.840909],[150.039083,-34.839943],[150.03942,-34.83889],[150.039707,-34.837953],[150.040225,-34.836588],[150.040823,-34.835333],[150.041056,-34.834645],[150.041697,-34.833442],[150.042316,-34.832382],[150.042697,-34.831512],[150.043161,-34.830863],[150.043385,-34.830268],[150.043421,-34.829753],[150.043697,-34.828968],[150.043772,-34.828282],[150.043756,-34.827779],[150.043289,-34.826818],[150.042756,-34.825935],[150.042344,-34.825162],[150.041632,-34.824396],[150.040817,-34.823366],[150.040106,-34.822572],[150.039497,-34.821622],[150.039054,-34.820458],[150.038743,-34.819361],[150.038437,-34.817837],[150.038146,-34.81682],[150.037869,-34.815734],[150.037472,-34.81452],[150.037239,-34.813644],[150.037346,-34.812837],[150.037301,-34.811915],[150.037007,-34.810809],[150.036548,-34.810096],[150.03615,-34.809695],[150.036042,-34.809255],[150.036099,-34.808619],[150.036263,-34.807963],[150.036388,-34.807472],[150.036679,-34.806912],[150.036957,-34.806556],[150.037255,-34.806107],[150.03751,-34.805597],[150.037886,-34.805189],[150.038337,-34.804863],[150.039129,-34.804636],[150.039694,-34.80478],[150.040168,-34.805103],[150.040906,-34.805587],[150.041788,-34.805999],[150.042453,-34.806336],[150.043119,-34.806497],[150.043816,-34.806397],[150.044532,-34.806089],[150.045336,-34.80568],[150.045961,-34.805244],[150.046692,-34.804662],[150.046802,-34.804278],[150.046753,-34.803775],[150.046759,-34.803082],[150.046627,-34.802548],[150.045975,-34.801537],[150.045702,-34.801116],[150.045378,-34.800689],[150.044903,-34.800282],[150.044315,-34.799863],[150.043553,-34.799398],[150.042867,-34.798832],[150.042153,-34.798326],[150.041808,-34.798034],[150.041366,-34.797465],[150.041026,-34.797006],[150.040754,-34.796608],[150.040306,-34.79555],[150.04023,-34.795018],[150.04045,-34.794679],[150.040846,-34.794349],[150.04134,-34.793924],[150.041636,-34.79355],[150.041993,-34.793191],[150.042312,-34.793073],[150.042815,-34.792736],[150.043771,-34.791852],[150.044298,-34.791451],[150.044923,-34.791024],[150.045499,-34.790694],[150.04608,-34.790373],[150.046876,-34.790169],[150.047599,-34.789866],[150.048584,-34.789406],[150.049403,-34.788769],[150.051143,-34.786765],[150.052189,-34.785734],[150.052921,-34.785142],[150.05393,-34.784832],[150.054965,-34.784736],[150.055422,-34.784766],[150.055712,-34.784786],[150.055782,-34.78479],[150.055921,-34.7848],[150.056061,-34.784808],[150.05635,-34.784819],[150.056639,-34.784821],[150.056929,-34.784819],[150.057508,-34.784809],[150.057796,-34.784803],[150.05837,-34.784783],[150.058657,-34.784774],[150.058944,-34.784771],[150.059286,-34.784774],[150.059628,-34.784784],[150.060655,-34.784824],[150.061028,-34.784842],[150.0614,-34.784867],[150.061772,-34.784889],[150.062128,-34.784901],[150.062512,-34.784888],[150.062624,-34.78488],[150.062735,-34.784871],[150.062846,-34.784861],[150.062957,-34.784848],[150.063067,-34.784833],[150.063205,-34.784807],[150.06334,-34.784775],[150.063475,-34.78474],[150.06361,-34.784704],[150.063999,-34.784603],[150.064252,-34.784534],[150.064505,-34.784464],[150.065007,-34.784316],[150.065964,-34.784051],[150.06622,-34.783831],[150.066422,-34.78338],[150.066872,-34.782762],[150.06709,-34.782027],[150.067293,-34.781227],[150.067219,-34.780946],[150.067125,-34.780405],[150.067226,-34.779942],[150.067339,-34.779452],[150.067381,-34.778912],[150.067215,-34.778667],[150.066935,-34.778292],[150.066504,-34.778049],[150.065979,-34.777735],[150.065488,-34.777284],[150.064315,-34.776313],[150.063459,-34.775654],[150.06297,-34.775308],[150.062418,-34.774964],[150.06176,-34.774608],[150.061307,-34.774481],[150.059766,-34.774537],[150.05924,-34.774431],[150.059006,-34.774346],[150.058802,-34.774379],[150.058673,-34.774501],[150.058365,-34.774619],[150.057418,-34.774597],[150.05682,-34.774438],[150.056368,-34.774315],[150.055969,-34.774133],[150.055576,-34.77391],[150.055134,-34.773662],[150.054902,-34.77321],[150.05492,-34.772689],[150.055215,-34.772003],[150.055452,-34.771381],[150.05578,-34.770881],[150.056201,-34.770454],[150.057236,-34.769884],[150.058114,-34.769443],[150.058822,-34.769048],[150.059671,-34.768626],[150.060478,-34.768306],[150.061018,-34.768189],[150.062393,-34.76803],[150.063477,-34.767848],[150.064715,-34.767599],[150.066119,-34.767414],[150.067224,-34.767273],[150.06787,-34.767167],[150.068058,-34.767274],[150.067979,-34.767431],[150.068053,-34.767571],[150.068167,-34.767714],[150.068562,-34.767853],[150.06881,-34.76786],[150.069149,-34.76785],[150.069578,-34.767823],[150.070391,-34.767637],[150.071348,-34.76753],[150.072137,-34.767521],[150.072979,-34.767625],[150.073777,-34.767881],[150.07422,-34.768097],[150.074632,-34.768404],[150.074921,-34.768668],[150.075116,-34.769054],[150.075331,-34.769538],[150.075371,-34.769976],[150.075323,-34.77038],[150.075297,-34.770812],[150.075198,-34.771526],[150.075227,-34.771755],[150.07531,-34.772045],[150.075387,-34.772559],[150.07555,-34.773056],[150.075822,-34.773351],[150.07625,-34.773529],[150.077834,-34.773543],[150.078436,-34.773562],[150.079092,-34.773522],[150.079612,-34.77347],[150.079999,-34.773525],[150.080319,-34.773575],[150.08096,-34.773623],[150.081419,-34.773718],[150.081729,-34.773869],[150.082159,-34.774178],[150.082489,-34.774567],[150.082674,-34.774883],[150.082836,-34.77512],[150.083088,-34.775289],[150.083315,-34.775438],[150.083652,-34.775651],[150.083943,-34.776012],[150.084323,-34.776435],[150.08476,-34.776994],[150.085455,-34.777746],[150.085992,-34.778201],[150.086379,-34.778438],[150.087046,-34.778854],[150.087618,-34.779259],[150.088298,-34.779647],[150.089066,-34.77994],[150.089752,-34.780147],[150.090614,-34.780359],[150.091646,-34.780486],[150.092258,-34.780547],[150.092859,-34.780822],[150.093287,-34.781144],[150.093622,-34.781417],[150.095096,-34.78215],[150.096014,-34.782828],[150.096583,-34.783307],[150.097348,-34.783837],[150.097941,-34.784451],[150.098937,-34.785308],[150.100097,-34.78621],[150.101472,-34.787039],[150.102462,-34.787272],[150.103304,-34.787557],[150.103976,-34.787959],[150.104673,-34.788371],[150.105133,-34.788601],[150.105446,-34.78885],[150.105729,-34.789318],[150.10596,-34.789928],[150.106096,-34.79042],[150.106212,-34.791139],[150.10623,-34.791926],[150.106261,-34.792648],[150.106258,-34.793201],[150.106437,-34.793717],[150.107134,-34.795418],[150.107616,-34.796137],[150.108034,-34.79678],[150.108548,-34.797541],[150.108903,-34.798033],[150.109281,-34.798531],[150.109704,-34.798876],[150.110133,-34.799142],[150.110783,-34.799297],[150.111594,-34.799339],[150.111995,-34.799298],[150.112998,-34.799201],[150.11369,-34.799208],[150.114774,-34.799229],[150.115468,-34.799362],[150.115838,-34.79957],[150.116577,-34.800063],[150.117139,-34.800448],[150.117708,-34.800778],[150.118206,-34.801046],[150.11851,-34.801402],[150.119155,-34.802148],[150.119779,-34.802707],[150.120635,-34.80322],[150.121431,-34.8037],[150.121868,-34.80411],[150.12228,-34.804576],[150.12268,-34.805074],[150.123405,-34.805821],[150.123995,-34.806352],[150.124501,-34.807048],[150.124881,-34.807476],[150.125277,-34.807969],[150.125385,-34.808427],[150.125587,-34.809251],[150.125605,-34.810033],[150.125619,-34.812043],[150.125682,-34.81238],[150.12549,-34.812524],[150.125404,-34.812718],[150.1254,-34.813173],[150.125367,-34.813475],[150.12543,-34.813932],[150.125612,-34.814528],[150.125777,-34.814806],[150.125984,-34.815062],[150.1262,-34.815291],[150.126386,-34.815616],[150.126627,-34.816166],[150.12694,-34.817044],[150.127115,-34.817387],[150.127419,-34.817557],[150.127653,-34.817633],[150.127928,-34.817681],[150.128283,-34.817713],[150.129421,-34.81774],[150.129898,-34.817811],[150.130414,-34.817917],[150.130927,-34.818087],[150.131361,-34.818283],[150.131897,-34.818584],[150.132627,-34.819011],[150.133392,-34.819387],[150.134084,-34.819608],[150.13461,-34.819588],[150.135205,-34.819514],[150.135706,-34.819372],[150.136075,-34.819306],[150.136686,-34.81926],[150.13761,-34.819282],[150.138983,-34.819556],[150.140542,-34.819844],[150.141342,-34.819858],[150.142181,-34.819901],[150.14299,-34.820023],[150.143822,-34.820094],[150.145193,-34.820261],[150.146277,-34.820421],[150.146859,-34.820379],[150.147269,-34.820282],[150.148277,-34.820338],[150.149428,-34.820667],[150.150571,-34.820871],[150.151735,-34.821173],[150.152293,-34.82129],[150.153007,-34.821421],[150.153746,-34.821573],[150.154247,-34.82179],[150.154857,-34.822074],[150.155491,-34.822345],[150.156049,-34.82253],[150.156572,-34.822593],[150.15716,-34.822537],[150.15817,-34.822398],[150.160288,-34.822638],[150.16129,-34.822885],[150.162728,-34.823063],[150.163721,-34.822909],[150.164872,-34.822578],[150.16585,-34.822359],[150.166722,-34.822272],[150.167396,-34.822181],[150.168257,-34.821922],[150.169585,-34.821543],[150.170341,-34.821212],[150.170991,-34.820994],[150.172055,-34.820568],[150.173725,-34.819741],[150.174492,-34.819271],[150.175127,-34.818834],[150.175957,-34.818504],[150.176775,-34.818342],[150.177659,-34.818223],[150.178472,-34.818218],[150.179071,-34.818335],[150.179549,-34.818532],[150.179997,-34.818826],[150.180393,-34.818942],[150.180965,-34.819039],[150.181687,-34.8192],[150.183545,-34.819509],[150.184216,-34.819659],[150.184882,-34.819656],[150.18526,-34.819483],[150.185866,-34.819283],[150.186525,-34.819103],[150.18728,-34.818972],[150.188026,-34.818975],[150.188865,-34.818985],[150.189571,-34.818969],[150.190237,-34.81911],[150.191198,-34.819388],[150.191607,-34.8195],[150.19227,-34.819576],[150.192952,-34.819591],[150.193709,-34.819725],[150.194387,-34.819517],[150.195032,-34.819213],[150.19628,-34.818841],[150.196503,-34.818789],[150.196732,-34.818758],[150.196964,-34.818737],[150.197196,-34.818714],[150.197424,-34.818678],[150.197689,-34.818616],[150.197952,-34.818544],[150.198213,-34.818465],[150.198472,-34.818382],[150.198732,-34.818296],[150.199119,-34.818159],[150.199503,-34.818008],[150.200267,-34.817695],[150.200652,-34.817548],[150.201166,-34.817359],[150.201424,-34.817268],[150.201684,-34.81718],[150.201945,-34.817099],[150.20221,-34.817027],[150.202478,-34.816963],[150.202746,-34.816903],[150.203014,-34.816841],[150.203536,-34.816706],[150.203796,-34.816643],[150.204052,-34.816574],[150.2043,-34.816488],[150.204533,-34.816377],[150.204724,-34.816242],[150.204899,-34.816079],[150.205068,-34.815906],[150.205242,-34.815741],[150.205432,-34.815601],[150.205626,-34.815493],[150.205829,-34.815397],[150.206039,-34.815313],[150.206252,-34.815241],[150.206467,-34.815179],[150.206738,-34.81513],[150.207016,-34.815111],[150.207298,-34.815103],[150.207579,-34.815091],[150.207855,-34.815057],[150.208166,-34.814997],[150.208478,-34.814927],[150.208786,-34.814842],[150.209084,-34.814737],[150.209367,-34.814608],[150.209564,-34.814495],[150.209755,-34.814369],[150.20994,-34.814233],[150.210119,-34.814089],[150.210293,-34.813941],[150.210512,-34.813734],[150.210717,-34.813512],[150.210914,-34.813281],[150.211107,-34.813045],[150.211301,-34.812811],[150.211554,-34.812509],[150.212051,-34.811896],[150.212288,-34.811582],[150.212513,-34.811259],[150.212664,-34.811026],[150.21281,-34.810789],[150.212952,-34.810549],[150.213088,-34.810306],[150.213221,-34.810062],[150.213292,-34.80992],[150.213424,-34.809631],[150.213495,-34.80949],[150.213575,-34.809354],[150.213654,-34.809244],[150.213739,-34.809138],[150.213828,-34.809035],[150.213915,-34.808931],[150.213997,-34.808823],[150.2141,-34.808663],[150.214194,-34.808496],[150.214285,-34.808328],[150.21438,-34.808163],[150.214487,-34.808006],[150.214593,-34.807877],[150.214706,-34.807754],[150.215059,-34.807394],[150.215397,-34.807031],[150.215734,-34.806665],[150.216076,-34.806306],[150.216431,-34.80596],[150.216803,-34.805638],[150.217037,-34.805452],[150.217276,-34.80527],[150.21752,-34.805095],[150.217771,-34.804931],[150.218028,-34.80478],[150.21836,-34.804617],[150.218702,-34.804476],[150.219057,-34.80435],[150.219414,-34.804236],[150.219771,-34.804127],[150.220068,-34.804046],[150.220369,-34.803976],[150.220671,-34.803909],[150.220972,-34.80384],[150.221269,-34.80376],[150.221604,-34.803646],[150.221933,-34.803515],[150.222262,-34.803381],[150.222593,-34.803258],[150.22293,-34.803161],[150.223169,-34.803108],[150.223409,-34.80306],[150.223651,-34.803022],[150.223893,-34.802993],[150.224136,-34.802977],[150.224354,-34.802982],[150.224573,-34.803006],[150.224792,-34.803033],[150.225009,-34.803051],[150.225225,-34.803045],[150.225374,-34.803025],[150.225523,-34.802998],[150.22567,-34.802965],[150.225817,-34.802925],[150.225961,-34.802882],[150.226082,-34.802837],[150.226201,-34.802784],[150.226319,-34.80273],[150.226438,-34.802679],[150.22656,-34.802637],[150.22674,-34.802595],[150.226925,-34.802568],[150.227299,-34.802535],[150.227486,-34.802514],[150.227721,-34.802486],[150.227958,-34.802462],[150.228193,-34.802435],[150.228427,-34.8024],[150.228657,-34.802351],[150.228816,-34.802303],[150.228974,-34.802245],[150.22913,-34.802185],[150.229287,-34.802127],[150.229447,-34.802079],[150.229645,-34.802035],[150.229847,-34.802002],[150.230049,-34.801974],[150.230253,-34.801947],[150.230454,-34.801915],[150.230735,-34.801867],[150.231015,-34.801819],[150.231295,-34.801766],[150.231571,-34.801705],[150.231844,-34.801629],[150.23208,-34.801549],[150.232314,-34.80146],[150.232545,-34.801362],[150.232774,-34.801259],[150.233001,-34.801153],[150.233252,-34.801044],[150.233512,-34.800937],[150.233763,-34.800821],[150.233989,-34.800684],[150.234172,-34.800513],[150.234248,-34.800409],[150.234315,-34.800298],[150.234376,-34.800181],[150.234432,-34.800061],[150.234485,-34.799942],[150.234577,-34.799697],[150.234645,-34.799443],[150.234701,-34.799183],[150.234753,-34.798921],[150.234812,-34.798662],[150.234988,-34.797959],[150.235048,-34.797725],[150.235112,-34.797492],[150.235196,-34.797207],[150.235285,-34.796923],[150.23547,-34.796359],[150.235561,-34.796076],[150.235749,-34.7955],[150.235844,-34.795212],[150.235936,-34.794923],[150.236024,-34.794633],[150.236053,-34.794516],[150.236076,-34.794396],[150.236102,-34.794277],[150.236136,-34.794164],[150.236188,-34.794062],[150.236238,-34.793995],[150.236295,-34.793932],[150.236357,-34.793873],[150.236487,-34.793762],[150.236707,-34.793611],[150.236952,-34.79349],[150.237214,-34.793388],[150.23748,-34.793292],[150.23774,-34.79319],[150.238012,-34.793075],[150.238284,-34.792962],[150.238558,-34.792851],[150.238833,-34.792744],[150.239109,-34.792639],[150.239352,-34.79255],[150.239596,-34.792463],[150.239841,-34.792378],[150.240087,-34.792296],[150.240334,-34.792217],[150.240661,-34.792117],[150.240989,-34.79202],[150.241318,-34.791929],[150.241649,-34.791844],[150.241982,-34.791768],[150.242282,-34.791706],[150.242584,-34.791649],[150.242886,-34.791598],[150.24319,-34.791556],[150.243494,-34.791523],[150.243798,-34.791503],[150.244102,-34.791493],[150.244408,-34.791492],[150.245019,-34.791496],[150.24534,-34.791497],[150.245662,-34.7915],[150.245984,-34.791506],[150.246305,-34.791517],[150.246626,-34.791537],[150.246937,-34.791564],[150.247248,-34.791599],[150.247559,-34.791638],[150.247869,-34.791682],[150.248178,-34.791727],[150.248523,-34.791782],[150.248866,-34.791841],[150.249551,-34.791967],[150.249894,-34.792027],[150.250152,-34.79207],[150.250667,-34.792154],[150.251182,-34.792236],[150.252752,-34.792215],[150.253002,-34.792188],[150.253764,-34.79205],[150.254562,-34.791854],[150.255262,-34.791653],[150.25581,-34.791464],[150.256421,-34.79108],[150.256837,-34.790805],[150.257238,-34.790501],[150.257641,-34.790168],[150.257946,-34.789756],[150.258264,-34.789252],[150.258555,-34.788759],[150.258832,-34.788106],[150.259068,-34.78774],[150.25922,-34.787264],[150.259511,-34.786646],[150.259663,-34.786067],[150.259739,-34.785546],[150.261062,-34.783822],[150.263265,-34.781014],[150.263681,-34.780396],[150.264719,-34.778219],[150.266368,-34.775928],[150.267865,-34.774374],[150.269029,-34.77368],[150.276501,-34.769241],[150.279662,-34.768447],[150.282533,-34.768397],[150.284211,-34.768017],[150.286123,-34.766355],[150.286715,-34.765371],[150.28782,-34.764691],[150.290018,-34.764472],[150.291627,-34.764687],[150.29459,-34.765937],[150.29649,-34.766151],[150.302836,-34.766331],[150.305563,-34.767266],[150.307764,-34.769106],[150.308862,-34.77081],[150.310168,-34.772091],[150.312063,-34.773095],[150.313472,-34.773837],[150.31436,-34.774156],[150.314596,-34.774179],[150.314748,-34.774167],[150.314873,-34.774121],[150.314928,-34.774075],[150.314928,-34.773949],[150.314872,-34.773623],[150.314441,-34.772908],[150.313774,-34.77185],[150.313662,-34.771501],[150.313495,-34.771078],[150.313467,-34.770843],[150.313425,-34.770626],[150.313446,-34.770322],[150.313522,-34.770128],[150.313591,-34.769921],[150.313771,-34.769795],[150.313958,-34.769543],[150.314436,-34.769239],[150.31589,-34.768155],[150.317713,-34.767104],[150.319119,-34.766318],[150.319817,-34.765793],[150.319968,-34.765683],[150.320119,-34.765571],[150.320269,-34.765458],[150.320566,-34.76523],[150.320699,-34.765125],[150.320961,-34.764913],[150.321092,-34.764806],[150.321371,-34.764582],[150.321667,-34.764343],[150.321817,-34.764227],[150.321971,-34.764117],[150.322099,-34.764032],[150.32223,-34.76395],[150.322362,-34.763871],[150.322758,-34.76364],[150.322891,-34.76357],[150.323026,-34.763504],[150.323164,-34.763443],[150.323303,-34.763387],[150.32341,-34.763349],[150.323519,-34.763313],[150.323629,-34.763281],[150.323739,-34.763251],[150.32385,-34.763223],[150.323973,-34.763196],[150.324097,-34.763174],[150.324222,-34.763153],[150.324471,-34.763114],[150.324632,-34.763089],[150.324954,-34.763045],[150.325115,-34.763018],[150.325274,-34.762986],[150.32544,-34.762944],[150.325605,-34.762896],[150.32577,-34.762844],[150.325933,-34.762789],[150.32637,-34.762632],[150.326506,-34.762579],[150.32664,-34.762522],[150.32677,-34.762457],[150.326884,-34.762393],[150.326996,-34.762323],[150.327105,-34.762249],[150.327212,-34.762172],[150.327317,-34.762092],[150.327438,-34.761992],[150.327554,-34.761886],[150.327668,-34.761776],[150.327783,-34.761668],[150.327901,-34.761563],[150.328012,-34.761474],[150.328125,-34.761386],[150.328354,-34.761214],[150.328571,-34.761044],[150.328676,-34.760963],[150.32878,-34.760881],[150.328881,-34.760796],[150.328977,-34.760706],[150.329054,-34.760626],[150.329128,-34.760543],[150.3292,-34.760458],[150.329342,-34.760287],[150.329438,-34.760174],[150.329626,-34.759947],[150.329817,-34.759721],[150.329906,-34.759624],[150.330089,-34.759432],[150.330176,-34.759333],[150.330255,-34.759229],[150.330318,-34.759129],[150.330378,-34.759025],[150.330432,-34.758918],[150.330482,-34.75881],[150.330528,-34.7587],[150.330561,-34.758607],[150.33059,-34.758511],[150.330616,-34.758415],[150.330643,-34.75832],[150.330674,-34.758226],[150.330732,-34.758078],[150.330795,-34.757932],[150.330863,-34.757788],[150.330936,-34.757647],[150.331013,-34.757509],[150.331166,-34.757209],[150.33124,-34.757058],[150.331316,-34.756896],[150.33139,-34.756732],[150.331605,-34.756238],[150.331684,-34.756054],[150.3318,-34.755779],[150.332124,-34.755081],[150.332815,-34.753689],[150.332866,-34.753613],[150.332914,-34.753535],[150.332961,-34.753456],[150.333006,-34.753375],[150.333047,-34.753294],[150.333077,-34.75323],[150.333104,-34.753166],[150.333156,-34.753037],[150.333185,-34.752973],[150.333246,-34.752847],[150.333278,-34.752785],[150.333347,-34.752663],[150.333416,-34.75255],[150.333452,-34.752495],[150.33349,-34.752441],[150.33353,-34.752388]]],[[[150.230948,-36.250533],[150.226848,-36.248051],[150.22958,-36.247146],[150.22886,-36.245472],[150.230611,-36.243611],[150.224006,-36.243903],[150.224545,-36.245591],[150.223148,-36.245812],[150.225878,-36.248262],[150.223262,-36.251314],[150.222919,-36.25637],[150.227063,-36.259517],[150.22909,-36.258943],[150.229304,-36.251089],[150.230948,-36.250533]]],[[[150.00664,-37.141786],[150.005736,-37.140722],[150.005272,-37.142297],[150.00664,-37.141786]]]]},"bbox":[148.200678,-37.505159,150.33353,-34.548699]}]}