{"type":"FeatureCollection","features":[
{"properties":{"electorateShortName":"monash","electorateName":"Monash","area":8255.11,"state":"VIC"},"type":"Feature","geometry":{"type":"MultiPolygon","coordinates":[[[[145.521301,-38.306626],[145.520721,-38.306578],[145.522209,-38.299288],[145.52157803353225,-38.29804443753693],[145.52168160077966,-38.2983214982619],[145.52111874339937,-38.29842094214106],[145.5180052840851,-38.30635325109669],[145.5132465525278,-38.30595942503678],[145.5132465525278,-38.30595942503676],[145.5082635875463,-38.30554704172796],[145.5082635875463,-38.30554704172795],[145.50328062256486,-38.30513465841915],[145.50328062256483,-38.30513465841913],[145.49829765758338,-38.30472227511033],[145.49829765758338,-38.30472227511031],[145.4933146926019,-38.30430989180151],[145.4933146926019,-38.30430989180149],[145.48833172762042,-38.30389750849269],[145.48833172762042,-38.30389750849267],[145.48334876263894,-38.30348512518387],[145.48334876263894,-38.30348512518385],[145.47836579765746,-38.30307274187505],[145.47836579765746,-38.303072741875035],[145.473382832676,-38.302660358566236],[145.47338283267598,-38.302660358566214],[145.46839986769453,-38.302247975257416],[145.46839986769453,-38.302247975257394],[145.46341690271305,-38.301835591948596],[145.46341690271305,-38.301835591948574],[145.45843393773157,-38.301423208639775],[145.45843393773157,-38.301423208639754],[145.4534509727501,-38.301010825330955],[145.4534509727501,-38.301010825330934],[145.4484680077686,-38.300598442022135],[145.4484680077686,-38.30059844202212],[145.44348504278716,-38.30018605871332],[145.44348504278713,-38.3001860587133],[145.43850207780568,-38.2997736754045],[145.43850207780568,-38.29977367540448],[145.4335191128242,-38.29936129209568],[145.4335191128242,-38.29936129209566],[145.42853614784272,-38.29894890878686],[145.42853614784272,-38.29894890878684],[145.42756239497535,-38.29886832234265],[145.42694957443334,-38.30428814939715],[145.42808993324925,-38.304340668457925],[145.43282999602553,-38.307688120079455],[145.4328445189282,-38.30770906714945],[145.44608943859956,-38.30676825096721],[145.44814956375927,-38.30444630713488],[145.4531796048855,-38.30428985369473],[145.45592636348854,-38.30788404868462],[145.4579702039674,-38.30702665829014],[145.46292618200667,-38.30776513381715],[145.46764060081853,-38.31142245000904],[145.47019094936783,-38.31517206293188],[145.47231166850568,-38.31560359229071],[145.4771522482744,-38.317736463587046],[145.48189940288364,-38.32099822222676],[145.48302739735698,-38.32206244919931],[145.4868241897593,-38.32211359098101],[145.49177458664516,-38.32291950544502],[145.49666387367142,-38.32446383071289],[145.49832482121673,-38.32524911773615],[145.4998731786637,-38.32783843700924],[145.50028870910452,-38.338208076748636],[145.52620732996945,-38.36061898932355],[145.52286109380157,-38.36908161056073],[145.51426840744887,-38.37934217876328],[145.50409416592896,-38.38492468561385],[145.50247510170587,-38.38430127464956],[145.47296174084408,-38.38507717416889],[145.46348809338193,-38.39022119225761],[145.46180725880453,-38.39002478264192],[145.45422143619922,-38.39102948939102],[145.43827084091203,-38.38796519790857],[145.43076363270401,-38.390916217422216],[145.42751639460025,-38.39107072432051],[145.418189483853,-38.388409438042814],[145.4100395420738,-38.38882365090295],[145.40114216703216,-38.409116666213166],[145.40093221563745,-38.432438894681255],[145.397580413906,-38.43618656662302],[145.39403455348483,-38.44670688873999],[145.37368892318636,-38.468087123152515],[145.37202333218463,-38.46782503233783],[145.35181871134822,-38.45866324370007],[145.34591372451735,-38.45873542226391],[145.31975650253526,-38.43962281158498],[145.30495037463734,-38.42301496637798],[145.3029592616576,-38.419500181242014],[145.26927218934208,-38.41485686868997],[145.26008259787056,-38.42405934255877],[145.22952663713042,-38.42971052424736],[145.22323522111193,-38.429108316880985],[145.2223937609393,-38.428711836647274],[145.21427703460913,-38.42712752514294],[145.19570205377042,-38.429708799003606],[145.1849614396796,-38.426549945581094],[145.16725526277335,-38.431882446133024],[145.15750056399833,-38.43042454873085],[145.13621759446826,-38.43457991493193],[145.13232464150596,-38.43718551741846],[145.12275659380634,-38.44190962420029],[145.11695361222158,-38.44658905938946],[145.1058216790358,-38.46105097619871],[145.10468336757555,-38.46161552110875],[145.09238057631552,-38.46997956591122],[145.0838421943537,-38.473782046196874],[145.08356423320487,-38.473945192684575],[145.03908098153747,-38.574070228844306],[145.04794282798738,-38.58422874728435],[145.0491788279874,-38.58538574728435],[145.06305630088175,-38.59604592831596],[145.07873435783688,-38.60381910293588],[145.09562028368956,-38.60841140319371],[145.11307569931367,-38.60964921535627],[145.11737287844693,-38.60911383797411],[145.12603607268395,-38.60927445154366],[145.13502302475402,-38.60783429359003],[145.136468775125,-38.607778664670924],[145.13937255773308,-38.60778089415832],[145.14112501947122,-38.607601649762245],[145.14112480084336,-38.60759951225069],[145.14561487647612,-38.607426745181655],[145.1513629620602,-38.6059897439813],[145.1546851362978,-38.6059565079001],[145.16556319567076,-38.6037857295892],[145.16598243609965,-38.60406862359532],[145.18125878119275,-38.610678899290576],[145.1828433062802,-38.61103851506228],[145.18618464956148,-38.61286087135468],[145.2032931223279,-38.61815297892159],[145.221110707388,-38.619952952678176],[145.23893194662304,-38.61818952560951],[145.25605123723312,-38.61293251772422],[145.2665865438747,-38.607214603705664],[145.27212237922149,-38.61553995746509],[145.2748113792215,-38.61887195746509],[145.2876875305161,-38.63186666279707],[145.292222863304,-38.634879510385595],[145.29240455961917,-38.63507522831609],[145.3078898081803,-38.6459429620407],[145.32530472364004,-38.65333358304572],[145.34387982353127,-38.65692053486309],[145.36279436234287,-38.65654532711483],[145.37215936234287,-38.65536732711483],[145.38976979489695,-38.6513241124507],[145.40621770286538,-38.64384472457302],[145.42084014434306,-38.63323062429114],[145.42090211371453,-38.633163002997804],[145.42652524390792,-38.6353331456794],[145.4315382439079,-38.636701145679396],[145.43833379435367,-38.63779272336251],[145.43939378958876,-38.63806284042945],[145.46747582720158,-38.66797868631781],[145.46840864562458,-38.669294429991496],[145.48088163040956,-38.693132232250576],[145.4887935141663,-38.70563095820047],[145.4986458772257,-38.716664860370464],[145.51017256462274,-38.72593586531072],[145.51610356462274,-38.72995086531072],[145.53089714549947,-38.73805641229725],[145.53416962196093,-38.739117437471485],[145.54259808408312,-38.745584154454214],[145.55056329629213,-38.74916226316989],[145.5522063563393,-38.75041215240615],[145.56852955609685,-38.76028857985579],[145.58656784591224,-38.76650233637088],[145.60551063699705,-38.768774193631174],[145.62450669488098,-38.767002060915054],[145.6308187489668,-38.76501208359434],[145.64367686804843,-38.76752913643402],[145.65989243625663,-38.767737985307335],[145.67588224246816,-38.765033476574935],[145.68208688156685,-38.76278275491207],[145.68827133847594,-38.7612449136367],[145.69353605119989,-38.758542851766],[145.70483132333163,-38.755401221027284],[145.72111088335393,-38.74702830399962],[145.72172449569274,-38.7465333191517],[145.73354234618074,-38.755492335102375],[145.7647936009828,-38.7876547129324],[145.79280683063286,-38.82403046817001],[145.7996826257305,-38.8376310283819],[145.80104866280823,-38.84184778241694],[145.80809507287665,-38.858000578754755],[145.81062532908496,-38.86164038755119],[145.81106993238083,-38.8639855952001],[145.81127036126952,-38.86446420434925],[145.81243079091172,-38.87106552372436],[145.81889162144637,-38.88763017329058],[145.8210898498463,-38.89106147351911],[145.82090502313156,-38.89968568809409],[145.82371336316675,-38.91552033639808],[145.8238785020363,-38.917116579702714],[145.82960092987793,-38.93491061338464],[145.8388755003943,-38.95113886519476],[145.8392883124493,-38.951602697142675],[145.83951298401894,-38.95203677923375],[145.8513183798975,-38.96647974332152],[145.852957186058,-38.96779932484272],[145.85380319118053,-38.96860620575166],[145.86025367023302,-38.975836207477954],[145.87438511500014,-38.98647772679584],[145.8903251147785,-38.99414949788632],[145.9074578352244,-38.998555125505945],[145.9251213617958,-38.999524400317725],[145.9426332725074,-38.99701987484826],[145.95931700298092,-38.991138310253156],[145.96359026716715,-38.988601101341075],[145.9774100544946,-38.987618419045454],[145.98782374701204,-38.98493023980294],[145.9929740278385,-38.984404286460844],[146.0007740278385,-38.98249428646084],[146.01907271488753,-38.97584540728713],[146.03551337057942,-38.965416870361686],[146.03589746834157,-38.96503536096551],[146.04166692134072,-38.96217166906588],[146.05745107431247,-38.95217168453976],[146.05905940878208,-38.950603655050834],[146.07029987475855,-38.94118313174667],[146.08097114331812,-38.92814080612206],[146.08774141421623,-38.915695512054754],[146.13338371410921,-38.94459556465611],[146.13643078846687,-38.9475041247233],[146.1342306441521,-38.960080101171414],[146.1338556441521,-38.96516610117141],[146.13433656343472,-38.983181211328926],[146.13839704722665,-39.0007393418877],[146.14587428743386,-39.01713648664609],[146.1468832670861,-39.018524947058474],[146.14670859344335,-39.02265942768764],[146.1410852049786,-39.031478701903964],[146.1349222266718,-39.04668456886286],[146.13162220680394,-39.062756611684264],[146.13129482039116,-39.07916068159749],[146.13395094800734,-39.09535159502657],[146.1373274159938,-39.10474234820242],[146.13785596836075,-39.1080913638963],[146.14421985427788,-39.125079001158504],[146.14510675140676,-39.12649255420446],[146.14614939515545,-39.135173356407535],[146.15158859309955,-39.15186869586252],[146.1601660014986,-39.1671901611628],[146.1715551289964,-39.180554554476046],[146.1853224586715,-39.19145317215948],[146.1884094586715,-39.19344017215948],[146.2050666006493,-39.20186024898454],[146.2155040864782,-39.20463994784706],[146.2160168896781,-39.205674254925384],[146.22614195000648,-39.21907235285091],[146.23857986797398,-39.230356149699034],[146.25289758003808,-39.23913276612708],[146.26859657196817,-39.245096617823336],[146.27095957196818,-39.24574961782334],[146.2873605488531,-39.248681951865656],[146.29031197540698,-39.24865696067414],[146.32911181290203,-39.20479557482177],[146.34007647718568,-39.19522129958962],[146.34614011564022,-39.19180019976088],[146.3507991870241,-39.19071798098173],[146.38471977036514,-39.17892087586299],[146.41515778761635,-39.18108274566198],[146.42719146648355,-39.183398336522856],[146.4591856436679,-39.195868586893376],[146.4795595922595,-39.2022328811198],[146.49111453967384,-39.19254344609839],[146.50238846266018,-39.178349371021675],[146.51058947816801,-39.162184085641385],[146.51365360973995,-39.15101443866119],[146.51417339882886,-39.14986490575139],[146.51543001872287,-39.149467909895904],[146.53134245384285,-39.1405922673646],[146.54514116569874,-39.12869360471251],[146.5562606070635,-39.114259594683205],[146.55817031564348,-39.11034237670041],[146.56347154984135,-39.102022356331354],[146.56974034428637,-39.086261081739664],[146.57294051572742,-39.06960351699277],[146.57295839266817,-39.05264134611273],[146.56979334011186,-39.03597707286531],[146.56894134011185,-39.033037072865305],[146.56611040386767,-39.02592733236881],[146.56623040269537,-39.02328058711922],[146.56377518046733,-39.00640408161881],[146.55818048228488,-38.990293715194],[146.55807176079583,-38.990056108904945],[146.56061153389024,-38.988518143358476],[146.5739629055909,-38.978641944436795],[146.5818163476238,-38.97019702864035],[146.58202339829575,-38.97067173576997],[146.59193792993742,-38.985002714356206],[146.59727421337763,-38.990194239640836],[146.60428764771058,-39.00358026987083],[146.6160319229517,-39.01785695221263],[146.63044545067152,-39.02943287024522],[146.63273545067153,-39.030912870245224],[146.64710823652715,-39.03845871680241],[146.66260271775377,-39.04329997955439],[146.67871481340077,-39.045279158014736],[146.69492034970773,-39.04433186369922],[146.7064101286735,-39.04153226344288],[146.72040148392455,-39.040431293070405],[146.7364499402961,-39.03610218424493],[146.7387899402961,-39.03523218424493],[146.75491338912667,-39.027326258788946],[146.76914631657357,-39.0163766909528],[146.78092209528197,-39.002819394197225],[146.78977191949377,-38.98719409833035],[146.79534346868303,-38.97012286231361],[146.79741493379527,-38.95228530946026],[146.79590384769207,-38.93439157093819],[146.7908703682521,-38.917154014724076],[146.78251488342443,-38.9012588855078],[146.77117003358006,-38.887338984591615],[146.75728746875959,-38.875948477425005],[146.75447746875957,-38.87407847742501],[146.73867346742847,-38.86569680395814],[146.73017068722658,-38.86317300982468],[146.72638986604707,-38.85898033093326],[146.72283986604708,-38.85573033093326],[146.7102021210817,-38.84606689478448],[146.6960603342615,-38.83877961397863],[146.69522279578098,-38.838521618611324],[146.65340379930225,-38.84049998826292],[146.62265412948318,-38.847858866195004],[146.59044078216834,-38.872643912470586],[146.58025171834203,-38.8686746861121],[146.54827220731747,-38.85903310527504],[146.53636514173496,-38.85108044569666],[146.51781200176313,-38.82586422851856],[146.5163227002596,-38.824826829330185],[146.51293302240495,-38.820527198477215],[146.50655385834986,-38.806681449931844],[146.4920670768203,-38.790538719223576],[146.4841643635422,-38.78915666675206],[146.47348567887383,-38.77980749488464],[146.46908759786803,-38.781030308837565],[146.45603133364585,-38.771084205788185],[146.45417058425681,-38.76702322433328],[146.44255628878065,-38.77015166415819],[146.4219349551642,-38.764358450639754],[146.4211388314129,-38.765132977894304],[146.41797744076163,-38.76900713161082],[146.41526732317578,-38.77324077627257],[146.41300847865554,-38.77783391187929],[146.4122299648156,-38.779966988447065],[146.41024313615844,-38.782023563542005],[146.4071653655011,-38.78596433020959],[146.40449975003136,-38.79023342592974],[146.4027062794212,-38.79389239710295],[146.40206532992582,-38.79468669537127],[146.39931320734772,-38.79888687822134],[146.39694893319384,-38.80339602698839],[146.39497250746413,-38.80821414167242],[146.39419702220113,-38.81071699465562],[146.39297392986435,-38.81301460984228],[146.39093260268854,-38.8177810230533],[146.3907451561302,-38.818339459492265],[146.38466206417866,-38.81917838259034],[146.37845972968844,-38.82063007448003],[146.37289549850783,-38.82259008911152],[146.36796937063716,-38.825058426484716],[146.36368134607645,-38.828035086599584],[146.36003142482542,-38.83152006945629],[146.34801222822335,-38.84745606758696],[146.34189656060846,-38.84978211527693],[146.32400959784763,-38.84982962204179],[146.34691737992944,-38.82107322306982],[146.3469173799294,-38.82107322306981],[146.35003277679493,-38.81716243000827],[146.35003277679493,-38.81716243000824],[146.35314817366046,-38.813251636946696],[146.35314817366043,-38.81325163694669],[146.35626357052598,-38.80934084388513],[146.35626357052595,-38.80934084388513],[146.35937896739148,-38.80543005082358],[146.35937896739148,-38.80543005082355],[146.362494364257,-38.80151925776201],[146.36249436425697,-38.801519257762],[146.3656097611225,-38.79760846470046],[146.3656097611225,-38.79760846470043],[146.36872515798802,-38.79369767163889],[146.368725157988,-38.79369767163888],[146.37184055485352,-38.78978687857734],[146.37184055485352,-38.78978687857731],[146.37495595171904,-38.78587608551576],[146.37495595171902,-38.78587608551576],[146.37807134858457,-38.7819652924542],[146.37807134858454,-38.781965292454196],[146.38118674545007,-38.77805449939265],[146.38118674545007,-38.778054499392624],[146.3843021423156,-38.77414370633108],[146.38430214231556,-38.774143706331074],[146.3874175391811,-38.77023291326953],[146.3874175391811,-38.7702329132695],[146.3905329360466,-38.76632212020795],[146.39053293604658,-38.76632212020795],[146.3936483329121,-38.7624113271464],[146.3936483329121,-38.76241132714638],[146.39676372977763,-38.75850053408483],[146.3967637297776,-38.75850053408483],[146.39987912664313,-38.75458974102328],[146.39987912664313,-38.75458974102326],[146.40299452350865,-38.75067894796171],[146.40299452350862,-38.75067894796171],[146.40610992037418,-38.74676815490015],[146.40610992037415,-38.746768154900145],[146.40922531723967,-38.7428573618386],[146.40922531723967,-38.742857361838574],[146.4123407141052,-38.738946568777024],[146.41234071410517,-38.738946568777024],[146.4154561109707,-38.735035775715474],[146.4154561109707,-38.73503577571545],[146.41857150783622,-38.7311249826539],[146.4185715078362,-38.7311249826539],[146.42168690470172,-38.72721418959235],[146.42168690470172,-38.72721418959233],[146.42466210870828,-38.72347938221855],[146.42328296941525,-38.721492057304],[146.4230795933763,-38.72136090401452],[146.42235863271966,-38.72107420154276],[146.42159588555435,-38.72093207716939],[146.42297810389914,-38.7210527493684],[146.41328530747668,-38.72020653642145],[146.42636,-38.721348],[146.42909,-38.717921],[146.432578,-38.714631],[146.435299,-38.712196],[146.437243,-38.710809],[146.43861,-38.709824],[146.439986,-38.708989],[146.441562,-38.708339],[146.443518,-38.707668],[146.445014,-38.707456],[146.445875,-38.708041],[146.446864,-38.708566],[146.447796,-38.708785],[146.448131,-38.708911],[146.448297,-38.708968],[146.449149,-38.709233],[146.450755,-38.709394],[146.453461,-38.708908],[146.456534,-38.707823],[146.458328,-38.706401],[146.460937,-38.70512],[146.465169,-38.703575],[146.4681,-38.703264],[146.470278,-38.703674],[146.471981,-38.704626],[146.47342,-38.705217],[146.473501,-38.705239],[146.475248,-38.705703],[146.480427,-38.70653],[146.486445,-38.706831],[146.490101,-38.706235],[146.494397,-38.705619],[146.499108,-38.705625],[146.501411,-38.706271],[146.501702,-38.706199],[146.501905,-38.705854],[146.502276,-38.705746],[146.504809,-38.705874],[146.507871,-38.70646],[146.510753,-38.706747],[146.513333,-38.706993],[146.516128,-38.707258],[146.518226,-38.707452],[146.520402,-38.695339],[146.521515,-38.695062],[146.522508,-38.694836],[146.523774,-38.694151],[146.525389,-38.693243],[146.526006,-38.692387],[146.525475,-38.691876],[146.523506,-38.691654],[146.523078,-38.691642],[146.523063,-38.691116],[146.523045,-38.690962],[146.52305,-38.690876],[146.523087,-38.690658],[146.523078,-38.690595],[146.523062,-38.690521],[146.523038,-38.690459],[146.522993,-38.690402],[146.522919,-38.690375],[146.522838,-38.690365],[146.522759,-38.690389],[146.522695,-38.690436],[146.522645,-38.690488],[146.522617,-38.690552],[146.522597,-38.69062],[146.522585,-38.690689],[146.522565,-38.690764],[146.522539,-38.690896],[146.522534,-38.690976],[146.522567,-38.691107],[146.522598,-38.691175],[146.522636,-38.691244],[146.522653,-38.691312],[146.522671,-38.691455],[146.522658,-38.691518],[146.522623,-38.691576],[146.522552,-38.691611],[146.52245,-38.691619],[146.522369,-38.691614],[146.522289,-38.691599],[146.522208,-38.691594],[146.522134,-38.691567],[146.522075,-38.691522],[146.522022,-38.691471],[146.521875,-38.691417],[146.521772,-38.691395],[146.521684,-38.691391],[146.521427,-38.691338],[146.521347,-38.691328],[146.521273,-38.6913],[146.521185,-38.691262],[146.52111,-38.691217],[146.520963,-38.691163],[146.520882,-38.691141],[146.52072,-38.691075],[146.520558,-38.691021],[146.520301,-38.690968],[146.520212,-38.690935],[146.520138,-38.690896],[146.519976,-38.690824],[146.519902,-38.690797],[146.519814,-38.690781],[146.51974,-38.690754],[146.519659,-38.690715],[146.519599,-38.690665],[146.519554,-38.690597],[146.519523,-38.690534],[146.519505,-38.690409],[146.519501,-38.690266],[146.519511,-38.690111],[146.519524,-38.690036],[146.519551,-38.689962],[146.519608,-38.689915],[146.519673,-38.689874],[146.519752,-38.689832],[146.519823,-38.689774],[146.519909,-38.689721],[146.519981,-38.689668],[146.520045,-38.689627],[146.52011,-38.68958],[146.520182,-38.689539],[146.520239,-38.689492],[146.520318,-38.689439],[146.520389,-38.689381],[146.520461,-38.689346],[146.520511,-38.689287],[146.52056,-38.689224],[146.520624,-38.689177],[146.520776,-38.689111],[146.520863,-38.689093],[146.520943,-38.68908],[146.52103,-38.689084],[146.521118,-38.689083],[146.521198,-38.689059],[146.521285,-38.68904],[146.521357,-38.68901],[146.521437,-38.688991],[146.52145,-38.688989],[146.521547,-38.688378],[146.521433,-38.688335],[146.523224,-38.678865],[146.523934,-38.675136],[146.524716,-38.671062],[146.524706,-38.670914],[146.525857,-38.664176],[146.520416,-38.663544],[146.522539,-38.652194],[146.522656,-38.651924],[146.525801,-38.636619],[146.525934,-38.635914],[146.527282,-38.628782],[146.527799,-38.62598],[146.528259,-38.623493],[146.528285,-38.623382],[146.528304,-38.623278],[146.52831,-38.623272],[146.52835,-38.623066],[146.524962,-38.62265],[146.525602,-38.619309],[146.511863,-38.617433],[146.512174,-38.616028],[146.504579,-38.614942],[146.504318,-38.614903],[146.493322,-38.613365],[146.493246,-38.613658],[146.493193,-38.613868],[146.492744,-38.61587],[146.485572,-38.614949],[146.478278,-38.614012],[146.478054,-38.613986],[146.478604,-38.611406],[146.478119,-38.611445],[146.476302,-38.611414],[146.47546,-38.611261],[146.475968,-38.610085],[146.476232,-38.609322],[146.475825,-38.609259],[146.461553,-38.607385],[146.462646,-38.601195],[146.463128,-38.5985],[146.449724,-38.596813],[146.449671,-38.597091],[146.448651,-38.602066],[146.440322,-38.60106],[146.439785,-38.60397],[146.437669,-38.603728],[146.428148,-38.602568],[146.427667,-38.604984],[146.425376,-38.604714],[146.425279,-38.604612],[146.409233,-38.602628],[146.41009,-38.59849],[146.41003,-38.598513],[146.409658,-38.598647],[146.408363,-38.599128],[146.407168,-38.598936],[146.40671,-38.59806],[146.405016,-38.596958],[146.403477,-38.596821],[146.402458,-38.597723],[146.402297,-38.597828],[146.40213,-38.597886],[146.400111,-38.59831],[146.398071,-38.598739],[146.396568,-38.598788],[146.39528,-38.598596],[146.395054,-38.598567],[146.394112,-38.598457],[146.392642,-38.597483],[146.391666,-38.596705],[146.391338,-38.596635],[146.391322,-38.596722],[146.389707,-38.596384],[146.388959,-38.59571],[146.388721,-38.59557],[146.38837,-38.595541],[146.387455,-38.595623],[146.386709,-38.595194],[146.386364,-38.594913],[146.385796,-38.593275],[146.385755,-38.592268],[146.385697,-38.592074],[146.385107,-38.591769],[146.384719,-38.591296],[146.384197,-38.591298],[146.383111,-38.591285],[146.381345,-38.590891],[146.381139,-38.590739],[146.3791,-38.590063],[146.378263,-38.589771],[146.377654,-38.59038],[146.377292,-38.590781],[146.376985,-38.591198],[146.376645,-38.591828],[146.376175,-38.592305],[146.375742,-38.592642],[146.374371,-38.592625],[146.373732,-38.59214],[146.372671,-38.591806],[146.371777,-38.591168],[146.370995,-38.590921],[146.369849,-38.591424],[146.369454,-38.59159],[146.368805,-38.591862],[146.367312,-38.590432],[146.367305,-38.59025],[146.36726,-38.589337],[146.36818,-38.588781],[146.368176,-38.588259],[146.368783,-38.587992],[146.368049,-38.587105],[146.367985,-38.586596],[146.369381,-38.585843],[146.369908,-38.585921],[146.370016,-38.585487],[146.370593,-38.585068],[146.370064,-38.583951],[146.370776,-38.583822],[146.370522,-38.583259],[146.37002,-38.582795],[146.370236,-38.58207],[146.369622,-38.582207],[146.367736,-38.582027],[146.36581,-38.581485],[146.364575,-38.580527],[146.36454,-38.579968],[146.364211,-38.579393],[146.364692,-38.579002],[146.364959,-38.5783],[146.366444,-38.577673],[146.367542,-38.576855],[146.367621,-38.576564],[146.367239,-38.576367],[146.366376,-38.576357],[146.365454,-38.576814],[146.364476,-38.57635],[146.363641,-38.575489],[146.363072,-38.575598],[146.362118,-38.576037],[146.36158,-38.575979],[146.361275,-38.575423],[146.360542,-38.574568],[146.360471,-38.574084],[146.360395,-38.574037],[146.358463,-38.574012],[146.358163,-38.573954],[146.357358,-38.573654],[146.356957,-38.573444],[146.354969,-38.573695],[146.354741,-38.573552],[146.353188,-38.57393],[146.352538,-38.573969],[146.352299,-38.573286],[146.351419,-38.57236],[146.350654,-38.572751],[146.350045,-38.57258],[146.349598,-38.57361],[146.349182,-38.574673],[146.347571,-38.574729],[146.347111,-38.574084],[146.347562,-38.573901],[146.34792,-38.573284],[146.347723,-38.573047],[146.346696,-38.572809],[146.346067,-38.572754],[146.346531,-38.571704],[146.345996,-38.571196],[146.345581,-38.571274],[146.345203,-38.570972],[146.345255,-38.570642],[146.345,-38.570236],[146.344009,-38.570849],[146.343635,-38.570397],[146.343394,-38.570329],[146.343013,-38.57045],[146.342756,-38.569932],[146.342543,-38.569859],[146.34194,-38.569894],[146.341542,-38.57059],[146.341097,-38.57048],[146.340926,-38.570573],[146.340278,-38.570396],[146.338902,-38.570287],[146.337524,-38.570495],[146.336851,-38.570716],[146.336088,-38.570385],[146.334816,-38.569499],[146.334251,-38.568869],[146.334868,-38.56873],[146.335539,-38.568238],[146.335666,-38.567648],[146.335451,-38.567444],[146.334508,-38.567244],[146.333936,-38.567499],[146.33348,-38.567155],[146.333046,-38.567216],[146.332376,-38.566983],[146.331792,-38.567044],[146.331327,-38.566707],[146.331019,-38.566682],[146.330482,-38.566837],[146.329238,-38.565887],[146.329697,-38.565435],[146.329546,-38.564961],[146.330462,-38.564527],[146.330496,-38.564286],[146.330063,-38.563879],[146.329512,-38.564045],[146.328476,-38.563511],[146.327827,-38.563606],[146.327011,-38.563779],[146.326328,-38.564031],[146.32541,-38.563578],[146.325008,-38.563466],[146.323855,-38.564168],[146.323107,-38.56439],[146.322554,-38.564762],[146.322021,-38.564743],[146.321458,-38.564494],[146.320715,-38.564503],[146.320762,-38.564028],[146.319647,-38.564039],[146.319556,-38.56354],[146.319078,-38.563316],[146.319089,-38.563061],[146.31783,-38.562816],[146.31768,-38.562572],[146.317364,-38.562093],[146.317294,-38.56193],[146.316669,-38.561951],[146.316355,-38.561754],[146.315939,-38.561884],[146.314787,-38.561823],[146.31457,-38.561796],[146.313956,-38.562122],[146.313374,-38.561911],[146.312696,-38.561846],[146.31299,-38.561686],[146.312922,-38.56132],[146.313566,-38.56137],[146.314057,-38.560782],[146.313843,-38.560345],[146.31431,-38.560242],[146.314802,-38.559716],[146.316127,-38.560237],[146.316683,-38.560013],[146.316091,-38.55859],[146.31653,-38.558099],[146.316405,-38.557206],[146.316814,-38.556851],[146.316621,-38.556363],[146.315916,-38.555849],[146.315811,-38.555622],[146.315462,-38.555449],[146.315095,-38.555463],[146.314891,-38.555308],[146.315055,-38.555098],[146.315678,-38.555034],[146.315916,-38.554086],[146.315374,-38.553959],[146.315127,-38.553712],[146.314516,-38.553506],[146.314098,-38.553134],[146.313574,-38.553128],[146.312925,-38.552816],[146.312585,-38.55244],[146.312437,-38.551986],[146.311223,-38.551312],[146.311246,-38.550906],[146.311618,-38.550634],[146.312015,-38.550071],[146.31184,-38.549793],[146.311916,-38.549347],[146.31258,-38.549088],[146.3131,-38.548668],[146.314343,-38.548634],[146.314202,-38.548144],[146.314394,-38.547439],[146.313844,-38.546927],[146.312657,-38.546279],[146.312851,-38.545078],[146.312474,-38.544757],[146.312444,-38.543904],[146.314221,-38.544242],[146.315723,-38.543387],[146.317629,-38.542832],[146.317679,-38.542264],[146.317554,-38.541562],[146.317748,-38.541345],[146.318319,-38.541163],[146.318947,-38.540703],[146.319369,-38.539292],[146.319644,-38.539108],[146.321576,-38.53872],[146.321546,-38.538459],[146.321019,-38.538033],[146.319987,-38.537878],[146.319998,-38.537473],[146.321261,-38.53659],[146.32135,-38.535788],[146.321139,-38.535176],[146.322024,-38.535027],[146.323409,-38.535491],[146.324066,-38.535434],[146.325203,-38.534463],[146.326752,-38.533821],[146.326521,-38.532728],[146.326027,-38.532005],[146.32675,-38.531951],[146.3271,-38.531495],[146.327389,-38.531358],[146.327306,-38.53075],[146.326891,-38.530739],[146.326824,-38.5307],[146.32665,-38.530308],[146.325977,-38.529452],[146.325995,-38.529183],[146.32567,-38.529087],[146.325434,-38.529001],[146.323946,-38.528199],[146.323776,-38.527831],[146.322932,-38.527558],[146.322805,-38.527343],[146.322904,-38.526837],[146.322345,-38.526609],[146.322055,-38.526315],[146.321556,-38.52612],[146.321258,-38.525809],[146.321475,-38.524993],[146.321284,-38.52491],[146.320292,-38.524299],[146.319987,-38.52405],[146.32015,-38.523417],[146.320037,-38.523046],[146.31903,-38.522968],[146.318605,-38.52287],[146.318696,-38.522313],[146.318887,-38.521658],[146.3184,-38.521007],[146.318123,-38.52073],[146.316498,-38.520253],[146.31514,-38.520698],[146.313774,-38.520805],[146.313653,-38.520724],[146.313582,-38.519757],[146.313316,-38.519565],[146.312649,-38.519708],[146.311986,-38.520369],[146.309961,-38.521055],[146.309218,-38.520953],[146.307168,-38.521545],[146.3065,-38.521],[146.305197,-38.520902],[146.304765,-38.520958],[146.304417,-38.521017],[146.303722,-38.521661],[146.302372,-38.522537],[146.301056,-38.524133],[146.300273,-38.524886],[146.299328,-38.52509],[146.298177,-38.525701],[146.298249,-38.526069],[146.297512,-38.526569],[146.296525,-38.526151],[146.295536,-38.52699],[146.295202,-38.526961],[146.294925,-38.526829],[146.294678,-38.526239],[146.29389,-38.526167],[146.293622,-38.525592],[146.293486,-38.525422],[146.293152,-38.52542],[146.292894,-38.525825],[146.291909,-38.526302],[146.292394,-38.526866],[146.291892,-38.527058],[146.291201,-38.527144],[146.291087,-38.527314],[146.291147,-38.527478],[146.291225,-38.527872],[146.290547,-38.527919],[146.290388,-38.527856],[146.289953,-38.52698],[146.289741,-38.526159],[146.288408,-38.524344],[146.288107,-38.524046],[146.287796,-38.523987],[146.286698,-38.523686],[146.286201,-38.523471],[146.285194,-38.52351],[146.284498,-38.523581],[146.284494,-38.522732],[146.284917,-38.522303],[146.284911,-38.522032],[146.285195,-38.52166],[146.285023,-38.521312],[146.285566,-38.520912],[146.285401,-38.520231],[146.285255,-38.519629],[146.284799,-38.519332],[146.284847,-38.51862],[146.284518,-38.517661],[146.284027,-38.517203],[146.283612,-38.517016],[146.283637,-38.516864],[146.284338,-38.516574],[146.28468,-38.516144],[146.284688,-38.515754],[146.28586,-38.514578],[146.286161,-38.514454],[146.28644,-38.514221],[146.28654,-38.513852],[146.286532,-38.513617],[146.286075,-38.513388],[146.285188,-38.513408],[146.28503,-38.513189],[146.285139,-38.513005],[146.285407,-38.512872],[146.285486,-38.512453],[146.285266,-38.512066],[146.285538,-38.511842],[146.285596,-38.51155],[146.285573,-38.511271],[146.28501,-38.510881],[146.285111,-38.510437],[146.285788,-38.510005],[146.28595,-38.509779],[146.286085,-38.509159],[146.285991,-38.508957],[146.285885,-38.508839],[146.285418,-38.508568],[146.285389,-38.50819],[146.285641,-38.507546],[146.285494,-38.50736],[146.285101,-38.507156],[146.285308,-38.506747],[146.28529,-38.506369],[146.286029,-38.50618],[146.286747,-38.505908],[146.287216,-38.505978],[146.28838,-38.505935],[146.289612,-38.505455],[146.289996,-38.505047],[146.290999,-38.504695],[146.291082,-38.504207],[146.290923,-38.503925],[146.291064,-38.503714],[146.292141,-38.503168],[146.292764,-38.502449],[146.29249,-38.501147],[146.291919,-38.500757],[146.291719,-38.500305],[146.291776,-38.50017],[146.291787,-38.5001],[146.291694,-38.500076],[146.28503,-38.499393],[146.276268,-38.498496],[146.27625,-38.498591],[146.254758,-38.49611],[146.257523,-38.483391],[146.259892,-38.483689],[146.26077,-38.47949],[146.26163,-38.475421],[146.262567,-38.47099],[146.238424,-38.467969],[146.239913,-38.460849],[146.235506,-38.460254],[146.2356,-38.45984],[146.23718,-38.452907],[146.248605,-38.454415],[146.260866,-38.455982],[146.260953,-38.455916],[146.261441,-38.45585],[146.261585,-38.456006],[146.262444,-38.456063],[146.262633,-38.456166],[146.264904,-38.45645],[146.265147,-38.456476],[146.265424,-38.456518],[146.265709,-38.456551],[146.267554,-38.456781],[146.268243,-38.456779],[146.268813,-38.456899],[146.269265,-38.456953],[146.269582,-38.45688],[146.26975,-38.456771],[146.269989,-38.456589],[146.270188,-38.45632],[146.270343,-38.455975],[146.270423,-38.455465],[146.270441,-38.454579],[146.272167,-38.446512],[146.272185,-38.446422],[146.266261,-38.445647],[146.247991,-38.443156],[146.223298,-38.440052],[146.223203,-38.439949],[146.224668,-38.433194],[146.225086,-38.431277],[146.225249,-38.430715],[146.226483,-38.424808],[146.230321,-38.425312],[146.230664,-38.42512],[146.232842,-38.414034],[146.228745,-38.413519],[146.232167,-38.396162],[146.232291,-38.396122],[146.233081,-38.392116],[146.233133,-38.391897],[146.233535,-38.38981],[146.234541,-38.384946],[146.235871,-38.384652],[146.235809,-38.384478],[146.234389,-38.380659],[146.240869,-38.379172],[146.240579,-38.378657],[146.240226,-38.378089],[146.239794,-38.377556],[146.239287,-38.377066],[146.238712,-38.376624],[146.238078,-38.376237],[146.237391,-38.375908],[146.236662,-38.375644],[146.236115,-38.375495],[146.233386,-38.37496],[146.232719,-38.374839],[146.232039,-38.374789],[146.231356,-38.374812],[146.230683,-38.374905],[146.230631,-38.374916],[146.228963,-38.375182],[146.228017,-38.37531],[146.227059,-38.375366],[146.2261,-38.37535],[146.225691,-38.375321],[146.221604,-38.3747],[146.220286,-38.374491],[146.219897,-38.374421],[146.219544,-38.374342],[146.219196,-38.374249],[146.218687,-38.374084],[146.218356,-38.373958],[146.218034,-38.373819],[146.217568,-38.373587],[146.217271,-38.373417],[146.216984,-38.373237],[146.216709,-38.373045],[146.215419,-38.372095],[146.215158,-38.371904],[146.214901,-38.371725],[146.214632,-38.371557],[146.214352,-38.3714],[146.214062,-38.371255],[146.213762,-38.371122],[146.213454,-38.371003],[146.213139,-38.370896],[146.212816,-38.370803],[146.212488,-38.370723],[146.212154,-38.370657],[146.212024,-38.370635],[146.210508,-38.370395],[146.210804,-38.369887],[146.211995,-38.369097],[146.212565,-38.368872],[146.213194,-38.368658],[146.213591,-38.368499],[146.214221,-38.368388],[146.214547,-38.368403],[146.214804,-38.368415],[146.215662,-38.368398],[146.216245,-38.368437],[146.216856,-38.368441],[146.217575,-38.368351],[146.218656,-38.368206],[146.219358,-38.368048],[146.220175,-38.367775],[146.220536,-38.367644],[146.220759,-38.367521],[146.220869,-38.367426],[146.220966,-38.367318],[146.221116,-38.367213],[146.221555,-38.366961],[146.222039,-38.366789],[146.222464,-38.366566],[146.222695,-38.366304],[146.222742,-38.366241],[146.222981,-38.365866],[146.223079,-38.365739],[146.22333,-38.365838],[146.223486,-38.365872],[146.223638,-38.365623],[146.223751,-38.365484],[146.224436,-38.364833],[146.224906,-38.364318],[146.225936,-38.363079],[146.226189,-38.362675],[146.226444,-38.362305],[146.226593,-38.362114],[146.226734,-38.361917],[146.226825,-38.361721],[146.22687,-38.361446],[146.226972,-38.361101],[146.226875,-38.360632],[146.226839,-38.360277],[146.226842,-38.360082],[146.226852,-38.359825],[146.226921,-38.359658],[146.226966,-38.359595],[146.227155,-38.359368],[146.227469,-38.35906],[146.227956,-38.358304],[146.228225,-38.357968],[146.228401,-38.357656],[146.228512,-38.357391],[146.228579,-38.357116],[146.228681,-38.356753],[146.228729,-38.356638],[146.228901,-38.356527],[146.229225,-38.356351],[146.229396,-38.356149],[146.229589,-38.355939],[146.229958,-38.35554],[146.230395,-38.355202],[146.230869,-38.354944],[146.231028,-38.354862],[146.231344,-38.354669],[146.231748,-38.354526],[146.231929,-38.354478],[146.232048,-38.354483],[146.232221,-38.354491],[146.232402,-38.354489],[146.232463,-38.354475],[146.232875,-38.354381],[146.232955,-38.354372],[146.233178,-38.354359],[146.233345,-38.354368],[146.233471,-38.354401],[146.233616,-38.35444],[146.234219,-38.354764],[146.234336,-38.354791],[146.234847,-38.354894],[146.23535,-38.354922],[146.235795,-38.354979],[146.236159,-38.35502],[146.237168,-38.355277],[146.240083,-38.355715],[146.241175,-38.355878],[146.2416,-38.355942],[146.243482,-38.356223],[146.244828,-38.350661],[146.245119,-38.349091],[146.245473,-38.347558],[146.245735,-38.346418],[146.245755,-38.346262],[146.24597,-38.345158],[146.246487,-38.342492],[146.247417,-38.33794],[146.249571,-38.338211],[146.250102,-38.334904],[146.2509,-38.331011],[146.250481,-38.331112],[146.249814,-38.331201],[146.249604,-38.33122],[146.250515,-38.326651],[146.24496,-38.325952],[146.239177,-38.325218],[146.228567,-38.32389],[146.230037,-38.321994],[146.230153,-38.32173],[146.230188,-38.321734],[146.230336,-38.321314],[146.231424,-38.319054],[146.231504,-38.318698],[146.2323,-38.316362],[146.23242,-38.3162],[146.232656,-38.316025],[146.23293,-38.315896],[146.235662,-38.314394],[146.235961,-38.314087],[146.236109,-38.313862],[146.236227,-38.313579],[146.238939,-38.307744],[146.239165,-38.307257],[146.239375,-38.306871],[146.239538,-38.306657],[146.239838,-38.306378],[146.24013,-38.306168],[146.240448,-38.306003],[146.24103,-38.305664],[146.241363,-38.305458],[146.251292,-38.299349],[146.251732,-38.299103],[146.252044,-38.298908],[146.252297,-38.298638],[146.252478,-38.298254],[146.2525,-38.298172],[146.252599,-38.297807],[146.252584,-38.297543],[146.252518,-38.297383],[146.252495,-38.297166],[146.252516,-38.296999],[146.252537,-38.296753],[146.252616,-38.296461],[146.252672,-38.29614],[146.252706,-38.29592],[146.252729,-38.295762],[146.252785,-38.295543],[146.252901,-38.29508],[146.253008,-38.294604],[146.253057,-38.294209],[146.253099,-38.293682],[146.253162,-38.293293],[146.253216,-38.293078],[146.253237,-38.293015],[146.253306,-38.292817],[146.253449,-38.292387],[146.253484,-38.292032],[146.253541,-38.291688],[146.253517,-38.291236],[146.253431,-38.291141],[146.25475,-38.284618],[146.254791,-38.284623],[146.255314,-38.284605],[146.255361,-38.284491],[146.255386,-38.284163],[146.255434,-38.283648],[146.255598,-38.282806],[146.25581,-38.281837],[146.255949,-38.281205],[146.255976,-38.281081],[146.256198,-38.280393],[146.256371,-38.279992],[146.256537,-38.279648],[146.256805,-38.279452],[146.257327,-38.279176],[146.258992,-38.278026],[146.258997,-38.278023],[146.259001,-38.278018],[146.259733,-38.276988],[146.259851,-38.276818],[146.259629,-38.276788],[146.259968,-38.276647],[146.262287,-38.272613],[146.260857,-38.270686],[146.260816,-38.270663],[146.260604,-38.270451],[146.258885,-38.267719],[146.258651,-38.26737],[146.258599,-38.267152],[146.258606,-38.26686],[146.258639,-38.266678],[146.25864,-38.266425],[146.258632,-38.266127],[146.25839,-38.265635],[146.258294,-38.265361],[146.258242,-38.265069],[146.258234,-38.2648],[146.258487,-38.264696],[146.258676,-38.264575],[146.258741,-38.264438],[146.2589,-38.264208],[146.259095,-38.263967],[146.25942,-38.263583],[146.259753,-38.263181],[146.260257,-38.26266],[146.260462,-38.26244],[146.260975,-38.261992],[146.261497,-38.261504],[146.262003,-38.261044],[146.262293,-38.260763],[146.262604,-38.260487],[146.262792,-38.260344],[146.262922,-38.260211],[146.26327,-38.259976],[146.263516,-38.259803],[146.263885,-38.259459],[146.264174,-38.259252],[146.264681,-38.258867],[146.265065,-38.258499],[146.265608,-38.258057],[146.266013,-38.257626],[146.266302,-38.257299],[146.266336,-38.256999],[146.266446,-38.257052],[146.266552,-38.256936],[146.266633,-38.256878],[146.266801,-38.256765],[146.267112,-38.256524],[146.267641,-38.256161],[146.268112,-38.255828],[146.268575,-38.255391],[146.269104,-38.255109],[146.269503,-38.254936],[146.269989,-38.254758],[146.270874,-38.254555],[146.271767,-38.254443],[146.272645,-38.254218],[146.273241,-38.254073],[146.273825,-38.253762],[146.274694,-38.253227],[146.27712,-38.250814],[146.278291,-38.24918],[146.278411,-38.248808],[146.278301,-38.248501],[146.278298,-38.248482],[146.278226,-38.248098],[146.278266,-38.247348],[146.278281,-38.247284],[146.278449,-38.246864],[146.278653,-38.246561],[146.278761,-38.246372],[146.278958,-38.246166],[146.279161,-38.246034],[146.279383,-38.245921],[146.279611,-38.245782],[146.279989,-38.245587],[146.280192,-38.24549],[146.280366,-38.245387],[146.280613,-38.245209],[146.280853,-38.244998],[146.281078,-38.244837],[146.281339,-38.244677],[146.281579,-38.244522],[146.281782,-38.244402],[146.282174,-38.24423],[146.282479,-38.244058],[146.282587,-38.24392],[146.282726,-38.243726],[146.282973,-38.243583],[146.283038,-38.24344],[146.283058,-38.243307],[146.283125,-38.242942],[146.283401,-38.24257],[146.283597,-38.242255],[146.283822,-38.241883],[146.284032,-38.241551],[146.284264,-38.241225],[146.284475,-38.240985],[146.284707,-38.240853],[146.285056,-38.240715],[146.285513,-38.240549],[146.285949,-38.240406],[146.28637,-38.240171],[146.28666,-38.239988],[146.286936,-38.23977],[146.287154,-38.239553],[146.287303,-38.239368],[146.287337,-38.239306],[146.28748,-38.238946],[146.288728,-38.236862],[146.28881,-38.236633],[146.288831,-38.23657],[146.288881,-38.236358],[146.288895,-38.236301],[146.288808,-38.236096],[146.288721,-38.235981],[146.288568,-38.235764],[146.288532,-38.235655],[146.28851,-38.235523],[146.288517,-38.235438],[146.288532,-38.23526],[146.288437,-38.235066],[146.288314,-38.234871],[146.288009,-38.234488],[146.287057,-38.233824],[146.286491,-38.233418],[146.286178,-38.233086],[146.285968,-38.232869],[146.285881,-38.232634],[146.285888,-38.232342],[146.286294,-38.230751],[146.286388,-38.230505],[146.286598,-38.230242],[146.286896,-38.230053],[146.287259,-38.229909],[146.287687,-38.229783],[146.288283,-38.229571],[146.288704,-38.229463],[146.28959,-38.229371],[146.289814,-38.229273],[146.290039,-38.229039],[146.290402,-38.228403],[146.290707,-38.227957],[146.290838,-38.227716],[146.291113,-38.227424],[146.291331,-38.227185],[146.291708,-38.226771],[146.291911,-38.226583],[146.292383,-38.226262],[146.292768,-38.226222],[146.292979,-38.226165],[146.29345,-38.226038],[146.293726,-38.225809],[146.293871,-38.225563],[146.293965,-38.225334],[146.293978,-38.225095],[146.293973,-38.225031],[146.293827,-38.224659],[146.29374,-38.224401],[146.293595,-38.224144],[146.293486,-38.223875],[146.29358,-38.223125],[146.293623,-38.222896],[146.293688,-38.222748],[146.293833,-38.222639],[146.294116,-38.22245],[146.294414,-38.222209],[146.294538,-38.2221],[146.294842,-38.221591],[146.294922,-38.22131],[146.295009,-38.221127],[146.295132,-38.221025],[146.295676,-38.220652],[146.295851,-38.220492],[146.295912,-38.220418],[146.296061,-38.22024],[146.296105,-38.220171],[146.296163,-38.220028],[146.296119,-38.219398],[146.296133,-38.219101],[146.29606,-38.218929],[146.296104,-38.218836],[146.296135,-38.218774],[146.2963,-38.2187],[146.296641,-38.218637],[146.298245,-38.218327],[146.298622,-38.218281],[146.298999,-38.218197],[146.300095,-38.217954],[146.30035,-38.217948],[146.300706,-38.217828],[146.300945,-38.217685],[146.302606,-38.216516],[146.302787,-38.216356],[146.30303,-38.216213],[146.298882,-38.214235],[146.29867,-38.214126],[146.298606,-38.21404],[146.298539,-38.213943],[146.298497,-38.213777],[146.298423,-38.213566],[146.298293,-38.213308],[146.298162,-38.212942],[146.297806,-38.212438],[146.297574,-38.212152],[146.297203,-38.211821],[146.296514,-38.210911],[146.297318,-38.208656],[146.296778,-38.205577],[146.296249,-38.204036],[146.296104,-38.203537],[146.298174,-38.204222],[146.302131,-38.20552],[146.304084,-38.205869],[146.304721,-38.2051],[146.304991,-38.205118],[146.305532,-38.205133],[146.305673,-38.205143],[146.306145,-38.205129],[146.306624,-38.205087],[146.306975,-38.205035],[146.30719,-38.205004],[146.308307,-38.204827],[146.3093,-38.204633],[146.310018,-38.204549],[146.310895,-38.20443],[146.311679,-38.204341],[146.311907,-38.204316],[146.312462,-38.204257],[146.314102,-38.204163],[146.314785,-38.204136],[146.315445,-38.204139],[146.316049,-38.204164],[146.316811,-38.204234],[146.317429,-38.204306],[146.31796,-38.204394],[146.318129,-38.204434],[146.318491,-38.204518],[146.319088,-38.204721],[146.319568,-38.204861],[146.320144,-38.205093],[146.320654,-38.205319],[146.321265,-38.205601],[146.321645,-38.205782],[146.322127,-38.20606],[146.322506,-38.206275],[146.323054,-38.20634],[146.323197,-38.206164],[146.32326,-38.206101],[146.324366,-38.204999],[146.32528,-38.20426],[146.326092,-38.203699],[146.326543,-38.203296],[146.326752,-38.203109],[146.327354,-38.202382],[146.327687,-38.201906],[146.327948,-38.201288],[146.328003,-38.201073],[146.328085,-38.200756],[146.328085,-38.200126],[146.327967,-38.199545],[146.327939,-38.199405],[146.327735,-38.198581],[146.327571,-38.198209],[146.327444,-38.197918],[146.327182,-38.197563],[146.326601,-38.197134],[146.326078,-38.19686],[146.325636,-38.196711],[146.325773,-38.196397],[146.32578,-38.196042],[146.325845,-38.19559],[146.32599,-38.194977],[146.326163,-38.194605],[146.326307,-38.194386],[146.326511,-38.194072],[146.329005,-38.191261],[146.329193,-38.191094],[146.32973,-38.190465],[146.329881,-38.189629],[146.329895,-38.189217],[146.329844,-38.188925],[146.329662,-38.188461],[146.329517,-38.188181],[146.329132,-38.187512],[146.328979,-38.187331],[146.328798,-38.187117],[146.328253,-38.186505],[146.328165,-38.186145],[146.32786,-38.185481],[146.327794,-38.184817],[146.32776,-38.184254],[146.327974,-38.183713],[146.328474,-38.183037],[146.328917,-38.182647],[146.329439,-38.182252],[146.329866,-38.182011],[146.330338,-38.181742],[146.330701,-38.181536],[146.331012,-38.181307],[146.331795,-38.180608],[146.332237,-38.180018],[146.332678,-38.179045],[146.332852,-38.17861],[146.33299,-38.178398],[146.333411,-38.17846],[146.333748,-38.178521],[146.333828,-38.178523],[146.334396,-38.178377],[146.334476,-38.178363],[146.334963,-38.178282],[146.335384,-38.178178],[146.335725,-38.178006],[146.335972,-38.177837],[146.336023,-38.177803],[146.336446,-38.177543],[146.336527,-38.177494],[146.336848,-38.177303],[146.337044,-38.177187],[146.337173,-38.177104],[146.337355,-38.177024],[146.337863,-38.176757],[146.338922,-38.176247],[146.339553,-38.175966],[146.340684,-38.175558],[146.341353,-38.175368],[146.341953,-38.175197],[146.342034,-38.175179],[146.342983,-38.174967],[146.343767,-38.174817],[146.344296,-38.174668],[146.344397,-38.174637],[146.345,-38.174456],[146.345355,-38.174307],[146.345543,-38.174186],[146.345543,-38.174066],[146.345666,-38.173642],[146.3457,-38.173568],[146.34576,-38.173436],[146.345802,-38.173374],[146.345864,-38.173281],[146.345902,-38.173223],[146.344975,-38.173353],[146.343435,-38.173591],[146.342801,-38.173678],[146.342656,-38.173703],[146.342403,-38.17381],[146.341948,-38.174041],[146.341293,-38.174361],[146.340732,-38.174615],[146.340194,-38.17482],[146.340014,-38.17491],[146.339567,-38.175406],[146.338669,-38.175842],[146.337541,-38.176051],[146.336879,-38.175956],[146.336584,-38.175971],[146.336141,-38.176051],[146.334986,-38.175804],[146.334316,-38.175302],[146.334224,-38.175019],[146.334627,-38.174697],[146.335272,-38.174427],[146.336074,-38.17414],[146.336486,-38.173927],[146.336629,-38.17381],[146.336937,-38.173648],[146.337299,-38.173496],[146.337898,-38.173248],[146.33829,-38.172932],[146.338808,-38.172355],[146.339189,-38.171743],[146.339345,-38.171262],[146.339544,-38.17077],[146.339812,-38.170311],[146.34001,-38.169907],[146.340205,-38.169722],[146.340374,-38.16958],[146.340542,-38.169395],[146.340745,-38.169217],[146.341027,-38.168845],[146.340975,-38.168527],[146.340637,-38.168304],[146.340141,-38.168222],[146.339838,-38.168275],[146.339487,-38.168433],[146.339138,-38.168608],[146.338802,-38.168741],[146.338276,-38.168695],[146.337875,-38.168522],[146.337529,-38.168164],[146.337299,-38.167784],[146.33713,-38.167599],[146.33697,-38.167354],[146.336935,-38.16734],[146.337225,-38.167079],[146.33709,-38.166905],[146.337062,-38.166845],[146.336959,-38.166599],[146.336931,-38.166534],[146.336814,-38.166304],[146.336765,-38.166201],[146.336717,-38.16613],[146.336676,-38.166091],[146.336579,-38.166009],[146.336482,-38.165949],[146.336454,-38.165927],[146.336434,-38.165829],[146.336427,-38.165758],[146.336399,-38.165665],[146.33651,-38.165534],[146.336635,-38.165452],[146.336836,-38.165332],[146.336878,-38.165119],[146.336823,-38.164879],[146.337079,-38.164622],[146.337114,-38.164551],[146.337225,-38.164278],[146.337364,-38.164169],[146.337737,-38.164028],[146.337952,-38.163946],[146.338118,-38.163864],[146.338326,-38.163657],[146.338381,-38.163594],[146.338451,-38.163356],[146.338404,-38.162488],[146.338328,-38.162324],[146.33808,-38.161963],[146.338031,-38.161876],[146.338032,-38.161707],[146.338205,-38.161537],[146.338205,-38.161516],[146.338198,-38.161488],[146.33806,-38.161461],[146.337928,-38.161423],[146.337672,-38.161351],[146.337548,-38.161269],[146.337472,-38.161215],[146.337285,-38.161089],[146.337091,-38.160996],[146.336981,-38.160914],[146.33632,-38.16128],[146.335938,-38.161662],[146.335482,-38.162243],[146.335233,-38.162623],[146.33398,-38.163567],[146.331978,-38.164254],[146.330615,-38.164584],[146.328346,-38.16475],[146.326546,-38.164127],[146.326071,-38.164145],[146.325572,-38.164433],[146.32429,-38.164063],[146.323807,-38.162935],[146.322833,-38.162335],[146.321011,-38.161428],[146.320398,-38.161175],[146.319642,-38.16086],[146.318138,-38.160425],[146.317123,-38.15928],[146.316178,-38.158726],[146.314767,-38.158176],[146.314245,-38.158368],[146.313264,-38.159073],[146.312702,-38.158578],[146.312598,-38.157199],[146.312272,-38.156215],[146.311541,-38.15582],[146.311368,-38.156508],[146.310869,-38.156728],[146.309406,-38.156531],[146.309117,-38.156581],[146.308176,-38.156897],[146.307068,-38.157135],[146.30672,-38.156617],[146.307677,-38.156159],[146.307004,-38.155508],[146.308166,-38.153348],[146.308202,-38.153393],[146.308582,-38.152721],[146.309242,-38.15158],[146.309392,-38.151169],[146.309862,-38.150612],[146.310547,-38.150039],[146.310996,-38.149731],[146.310897,-38.149629],[146.311033,-38.14954],[146.311531,-38.148866],[146.311532,-38.14811],[146.311321,-38.147559],[146.311913,-38.145838],[146.311949,-38.145732],[146.313126,-38.145072],[146.313124,-38.144907],[146.313342,-38.143924],[146.313688,-38.142348],[146.311782,-38.142107],[146.31273,-38.137585],[146.319168,-38.138475],[146.32087,-38.130705],[146.322731,-38.13096],[146.324167,-38.124539],[146.320718,-38.124077],[146.321485,-38.120543],[146.321735,-38.119387],[146.321752,-38.119308],[146.3179,-38.119022],[146.312981,-38.116885],[146.321386,-38.114982],[146.322938,-38.113581],[146.322903,-38.112529],[146.325788,-38.111258],[146.328047,-38.109072],[146.327972,-38.107252],[146.328831,-38.106347],[146.328706,-38.106178],[146.3185,-38.104955],[146.32056,-38.095664],[146.320908,-38.094101],[146.321139,-38.094011],[146.321517,-38.093485],[146.321473,-38.093086],[146.322026,-38.092533],[146.322381,-38.092392],[146.322912,-38.092163],[146.323421,-38.091852],[146.323782,-38.091557],[146.324098,-38.091242],[146.324467,-38.091006],[146.325012,-38.090737],[146.325488,-38.090268],[146.325738,-38.089817],[146.325921,-38.089432],[146.326521,-38.088764],[146.326886,-38.088396],[146.32709,-38.088006],[146.327152,-38.087587],[146.327098,-38.087261],[146.326906,-38.08694],[146.326897,-38.085857],[146.328577,-38.08615],[146.332025,-38.085522],[146.336571,-38.0842],[146.340831,-38.083549],[146.341793,-38.08178],[146.344036,-38.085286],[146.359128,-38.087293],[146.37656,-38.093511],[146.37475,-38.098428],[146.374382,-38.100073],[146.38174,-38.101112],[146.383045,-38.100537],[146.39788,-38.102481],[146.398249,-38.102482],[146.398748,-38.102939],[146.399745,-38.103398],[146.400704,-38.103506],[146.400761,-38.10373],[146.40119,-38.104661],[146.402348,-38.105599],[146.403316,-38.106282],[146.404185,-38.106978],[146.405345,-38.10771],[146.40597,-38.107906],[146.406482,-38.108071],[146.407354,-38.108168],[146.408531,-38.108219],[146.409291,-38.108222],[146.409468,-38.107963],[146.409514,-38.107753],[146.409153,-38.107531],[146.408662,-38.107363],[146.408122,-38.1072],[146.407726,-38.106986],[146.407541,-38.106549],[146.407468,-38.106144],[146.407617,-38.105887],[146.407924,-38.105863],[146.408478,-38.105899],[146.409139,-38.106218],[146.409914,-38.106568],[146.41051,-38.106767],[146.411041,-38.107034],[146.411557,-38.107222],[146.412108,-38.107463],[146.412691,-38.107561],[146.41321,-38.107543],[146.413494,-38.107276],[146.413469,-38.106906],[146.413294,-38.106549],[146.413126,-38.106024],[146.41302,-38.105582],[146.413258,-38.105397],[146.41356,-38.105334],[146.413878,-38.105395],[146.414364,-38.105516],[146.414736,-38.105779],[146.415216,-38.106089],[146.415445,-38.106482],[146.415528,-38.106909],[146.415327,-38.107377],[146.414985,-38.107981],[146.414346,-38.10871],[146.413981,-38.109087],[146.413869,-38.109341],[146.414231,-38.109519],[146.415194,-38.109363],[146.416196,-38.10945],[146.416599,-38.109726],[146.416298,-38.110264],[146.415719,-38.111006],[146.415119,-38.111631],[146.4158,-38.112113],[146.416563,-38.112544],[146.416753,-38.113026],[146.416458,-38.113603],[146.416098,-38.114025],[146.415567,-38.114559],[146.41563,-38.115296],[146.416182,-38.115537],[146.41743,-38.115526],[146.418479,-38.115357],[146.419182,-38.114976],[146.419383,-38.114504],[146.419356,-38.113889],[146.419293,-38.113381],[146.41948,-38.112978],[146.419439,-38.112484],[146.419229,-38.112026],[146.418888,-38.111214],[146.418815,-38.110808],[146.419037,-38.1105],[146.420003,-38.110299],[146.421139,-38.10986],[146.421712,-38.109422],[146.421703,-38.10937],[146.421744,-38.109049],[146.424409,-38.096541],[146.44172,-38.098879],[146.443597,-38.099122],[146.444154,-38.099225],[146.472263,-38.102924],[146.478977,-38.1038],[146.479062,-38.103441],[146.479537,-38.101437],[146.479135,-38.101898],[146.478835,-38.102099],[146.478728,-38.102146],[146.478166,-38.102178],[146.478126,-38.102169],[146.477311,-38.101954],[146.476854,-38.101548],[146.476487,-38.101377],[146.476314,-38.101209],[146.476254,-38.101043],[146.476258,-38.100868],[146.476275,-38.100824],[146.476281,-38.100801],[146.47632,-38.100735],[146.47677,-38.100232],[146.476794,-38.100206],[146.4768,-38.100198],[146.476875,-38.099972],[146.476849,-38.099753],[146.476384,-38.099312],[146.476376,-38.099244],[146.476317,-38.098766],[146.476237,-38.098687],[146.476153,-38.098642],[146.476143,-38.098636],[146.476086,-38.098637],[146.476051,-38.098647],[146.476041,-38.098657],[146.476032,-38.098666],[146.475969,-38.09875],[146.475795,-38.09913],[146.475628,-38.099253],[146.475536,-38.099324],[146.475439,-38.099376],[146.475244,-38.099452],[146.475073,-38.099469],[146.474945,-38.099467],[146.474912,-38.099456],[146.474794,-38.099409],[146.474653,-38.099264],[146.474581,-38.09919],[146.474548,-38.099113],[146.474553,-38.099018],[146.474563,-38.098837],[146.474599,-38.098769],[146.474679,-38.098616],[146.474712,-38.098583],[146.474946,-38.098346],[146.475436,-38.097852],[146.475656,-38.097673],[146.475785,-38.097577],[146.476052,-38.097371],[146.476102,-38.097343],[146.476124,-38.09733],[146.476175,-38.097302],[146.476359,-38.097266],[146.476371,-38.097263],[146.476716,-38.09724],[146.476967,-38.097284],[146.477172,-38.097389],[146.477225,-38.097422],[146.477278,-38.09746],[146.477325,-38.097504],[146.477411,-38.097583],[146.47745,-38.097616],[146.477603,-38.097779],[146.477624,-38.097803],[146.477641,-38.097821],[146.478049,-38.09826],[146.478178,-38.098398],[146.478363,-38.098568],[146.478427,-38.098614],[146.478528,-38.098692],[146.478938,-38.098851],[146.479431,-38.099259],[146.479637,-38.099279],[146.479686,-38.099284],[146.479821,-38.099234],[146.479918,-38.099152],[146.479964,-38.097991],[146.480002,-38.097725],[146.480021,-38.097642],[146.480153,-38.097064],[146.480312,-38.09662],[146.480591,-38.095835],[146.480606,-38.09577],[146.480504,-38.094834],[146.480604,-38.094246],[146.480718,-38.094089],[146.480873,-38.093949],[146.481313,-38.093959],[146.481773,-38.093967],[146.481878,-38.093921],[146.481917,-38.093873],[146.48189,-38.093729],[146.481694,-38.093579],[146.481303,-38.093415],[146.480703,-38.093168],[146.480448,-38.092991],[146.48029,-38.092774],[146.480256,-38.092687],[146.480243,-38.092508],[146.480278,-38.09247],[146.480294,-38.092456],[146.480309,-38.092441],[146.480422,-38.092379],[146.480572,-38.092352],[146.481285,-38.092417],[146.481399,-38.092427],[146.481465,-38.092426],[146.481494,-38.092422],[146.481607,-38.092408],[146.481914,-38.092365],[146.481928,-38.092361],[146.48217,-38.092306],[146.482299,-38.092253],[146.48231,-38.092247],[146.482565,-38.092107],[146.482827,-38.091962],[146.483412,-38.091947],[146.48364,-38.091901],[146.483787,-38.091781],[146.483806,-38.091649],[146.483632,-38.091499],[146.483216,-38.091402],[146.482579,-38.091388],[146.482565,-38.091391],[146.482559,-38.09139],[146.482552,-38.091392],[146.481357,-38.091599],[146.481292,-38.091599],[146.481269,-38.091598],[146.481007,-38.091592],[146.480841,-38.091469],[146.480848,-38.09126],[146.480865,-38.0912],[146.480866,-38.091192],[146.480885,-38.091153],[146.480989,-38.090994],[146.481083,-38.090886],[146.481204,-38.090755],[146.48123,-38.090728],[146.481254,-38.090702],[146.481297,-38.090655],[146.481368,-38.090612],[146.481411,-38.0906],[146.48168,-38.09053],[146.482614,-38.090496],[146.482825,-38.090307],[146.482809,-38.090192],[146.482809,-38.09018],[146.482748,-38.090044],[146.482645,-38.08998],[146.482409,-38.089841],[146.482216,-38.089832],[146.481636,-38.089863],[146.481251,-38.089886],[146.481108,-38.089908],[146.481016,-38.08992],[146.480967,-38.089932],[146.480844,-38.089963],[146.480579,-38.090027],[146.480287,-38.0901],[146.48,-38.090218],[146.479225,-38.090135],[146.476672,-38.08722],[146.477324,-38.086474],[146.476634,-38.085796],[146.47729,-38.082873],[146.476644,-38.082213],[146.477177,-38.081137],[146.477226,-38.079973],[146.477019,-38.079022],[146.477476,-38.078453],[146.476654,-38.077396],[146.475819,-38.076877],[146.475718,-38.075308],[146.479493,-38.074727],[146.483022,-38.075403],[146.483669,-38.075472],[146.484568,-38.076365],[146.486985,-38.077325],[146.488464,-38.07776],[146.489626,-38.077707],[146.491057,-38.078071],[146.492687,-38.078225],[146.494535,-38.077867],[146.496474,-38.078023],[146.499325,-38.079616],[146.501044,-38.079986],[146.504811,-38.080444],[146.506392,-38.081333],[146.506594,-38.080139],[146.510466,-38.080083],[146.51138,-38.080409],[146.516578,-38.080912],[146.519534,-38.08209],[146.52091,-38.082931],[146.523318,-38.0836],[146.527081,-38.084068],[146.527703,-38.084227],[146.527911,-38.084253],[146.533712,-38.062675],[146.534787,-38.056958],[146.540448,-38.057711],[146.550424,-38.059018],[146.550704,-38.058852],[146.552078,-38.058033],[146.552234,-38.05794],[146.552269,-38.057919],[146.552506,-38.055964],[146.569508,-38.058099],[146.569529,-38.058],[146.57048,-38.052952],[146.570511,-38.052721],[146.572309,-38.043466],[146.572413,-38.043269],[146.571651,-38.042648],[146.570139,-38.042556],[146.568412,-38.041223],[146.567289,-38.040044],[146.567027,-38.039236],[146.569359,-38.037335],[146.569728,-38.03534],[146.569217,-38.033893],[146.568138,-38.032793],[146.567621,-38.031512],[146.56698,-38.030693],[146.567528,-38.028993],[146.575261,-38.030063],[146.576546,-38.023223],[146.580053,-38.006979],[146.580119,-38.006713],[146.587259,-37.978101],[146.587006,-37.978105],[146.586464,-37.978054],[146.586139,-37.978014],[146.585278,-37.977831],[146.584959,-37.977688],[146.584648,-37.977608],[146.584402,-37.977539],[146.584062,-37.977464],[146.583527,-37.977161],[146.58336,-37.977087],[146.583151,-37.977035],[146.582934,-37.977024],[146.582818,-37.976961],[146.582673,-37.976846],[146.58263,-37.97668],[146.582622,-37.976617],[146.582593,-37.976411],[146.582542,-37.976285],[146.58247,-37.976147],[146.582361,-37.976061],[146.582246,-37.976021],[146.581927,-37.976027],[146.581573,-37.976096],[146.581313,-37.976188],[146.581176,-37.976291],[146.580973,-37.976457],[146.580829,-37.976692],[146.580764,-37.976841],[146.580641,-37.977059],[146.580533,-37.977219],[146.580417,-37.977506],[146.580316,-37.977689],[146.580172,-37.977901],[146.580049,-37.978101],[146.580006,-37.978262],[146.579926,-37.978428],[146.57984,-37.97868],[146.579782,-37.978898],[146.579695,-37.979053],[146.57937,-37.979322],[146.579117,-37.979523],[146.578849,-37.979706],[146.578394,-37.979998],[146.578098,-37.980222],[146.577859,-37.980411],[146.577715,-37.980537],[146.577491,-37.98068],[146.577208,-37.980778],[146.577057,-37.980835],[146.576738,-37.980892],[146.576355,-37.980996],[146.576088,-37.981036],[146.575393,-37.981065],[146.574959,-37.981128],[146.574583,-37.981185],[146.574149,-37.981242],[146.573817,-37.981311],[146.573426,-37.981477],[146.573072,-37.981667],[146.572725,-37.981884],[146.57258,-37.981965],[146.57164,-37.982377],[146.57146,-37.982498],[146.571366,-37.982641],[146.571279,-37.982796],[146.57125,-37.982916],[146.571272,-37.983197],[146.571294,-37.98334],[146.571301,-37.983609],[146.571265,-37.983724],[146.571207,-37.983792],[146.571063,-37.983855],[146.570868,-37.983878],[146.570556,-37.983815],[146.570455,-37.983775],[146.570282,-37.983718],[146.57005,-37.983604],[146.569855,-37.983478],[146.569565,-37.983334],[146.56929,-37.983145],[146.568849,-37.982893],[146.56835,-37.982653],[146.568082,-37.982515],[146.567901,-37.982481],[146.567633,-37.982447],[146.567387,-37.98247],[146.567055,-37.982521],[146.56686,-37.98255],[146.566455,-37.982636],[146.566086,-37.982751],[146.56589,-37.982848],[146.565594,-37.983003],[146.565377,-37.983157],[146.565261,-37.983295],[146.565196,-37.983438],[146.565117,-37.983633],[146.565001,-37.983719],[146.564748,-37.983816],[146.564495,-37.983902],[146.564162,-37.983965],[146.563924,-37.983994],[146.563801,-37.983971],[146.56362,-37.983914],[146.563533,-37.983828],[146.563454,-37.983719],[146.563258,-37.983318],[146.563193,-37.9831],[146.563142,-37.982894],[146.563127,-37.982636],[146.563149,-37.98247],[146.563156,-37.982195],[146.563156,-37.981892],[146.563127,-37.981668],[146.563112,-37.981376],[146.563098,-37.98113],[146.563025,-37.980723],[146.562953,-37.980568],[146.562902,-37.980465],[146.562837,-37.980276],[146.562829,-37.98011],[146.562829,-37.979995],[146.562815,-37.97976],[146.562778,-37.979526],[146.562749,-37.979331],[146.562699,-37.97917],[146.562684,-37.97901],[146.562641,-37.978884],[146.562561,-37.978672],[146.562185,-37.9783],[146.562076,-37.978248],[146.561902,-37.978151],[146.561642,-37.978053],[146.561374,-37.977979],[146.561114,-37.977916],[146.56094,-37.977876],[146.560687,-37.977761],[146.560477,-37.977641],[146.560304,-37.977549],[146.560014,-37.977389],[146.55971,-37.977234],[146.55898,-37.976736],[146.55856,-37.976495],[146.557272,-37.975688],[146.557091,-37.975544],[146.556896,-37.975378],[146.556809,-37.975269],[146.556686,-37.975103],[146.556607,-37.974949],[146.556563,-37.974874],[146.556505,-37.974714],[146.556498,-37.974525],[146.55644,-37.974336],[146.556338,-37.974106],[146.556252,-37.973952],[146.556223,-37.97382],[146.556157,-37.973654],[146.556078,-37.973551],[146.556005,-37.973385],[146.555926,-37.97311],[146.555875,-37.972915],[146.55581,-37.972749],[146.555766,-37.972617],[146.555658,-37.972502],[146.555542,-37.972405],[146.555397,-37.972279],[146.555159,-37.97209],[146.555065,-37.972038],[146.554942,-37.971901],[146.554768,-37.97174],[146.55445,-37.971488],[146.553885,-37.971253],[146.553567,-37.971133],[146.553379,-37.971076],[146.553068,-37.971013],[146.552873,-37.970961],[146.552555,-37.970904],[146.552316,-37.970933],[146.552207,-37.970978],[146.551947,-37.971139],[146.551586,-37.971179],[146.551463,-37.971254],[146.551362,-37.971345],[146.551333,-37.971431],[146.55134,-37.971574],[146.551362,-37.971655],[146.551449,-37.971849],[146.551514,-37.972021],[146.551564,-37.972205],[146.551644,-37.972376],[146.551753,-37.972531],[146.551847,-37.972714],[146.551984,-37.972898],[146.552136,-37.973093],[146.552252,-37.973253],[146.552447,-37.973482],[146.552527,-37.973597],[146.552795,-37.973952],[146.552925,-37.974192],[146.552968,-37.974336],[146.553077,-37.974588],[146.553092,-37.974823],[146.553084,-37.97496],[146.553027,-37.975252],[146.552991,-37.975396],[146.552947,-37.975579],[146.552889,-37.975722],[146.55281,-37.975923],[146.552774,-37.976072],[146.552731,-37.976243],[146.552695,-37.976375],[146.552637,-37.976507],[146.552564,-37.976576],[146.552442,-37.976633],[146.552232,-37.976667],[146.55195,-37.976662],[146.551733,-37.976627],[146.551588,-37.976576],[146.551472,-37.976507],[146.551263,-37.97645],[146.551024,-37.976329],[146.550901,-37.976278],[146.550619,-37.976198],[146.550445,-37.976181],[146.550105,-37.976032],[146.549917,-37.975928],[146.549751,-37.975779],[146.549541,-37.975596],[146.549469,-37.975527],[146.549252,-37.975384],[146.5491,-37.97531],[146.548919,-37.975258],[146.54868,-37.975264],[146.548535,-37.975281],[146.54829,-37.97535],[146.548087,-37.975396],[146.547827,-37.975441],[146.547624,-37.975459],[146.547147,-37.975602],[146.546634,-37.975694],[146.546308,-37.975716],[146.546033,-37.975648],[146.545852,-37.975608],[146.54565,-37.975522],[146.545368,-37.975464],[146.545187,-37.97543],[146.544999,-37.975384],[146.544927,-37.975315],[146.544847,-37.975149],[146.54484,-37.974995],[146.544897,-37.974857],[146.544999,-37.974754],[146.545187,-37.974662],[146.545375,-37.974565],[146.545628,-37.974479],[146.545809,-37.974416],[146.546083,-37.974353],[146.546242,-37.974261],[146.546409,-37.974141],[146.546445,-37.973981],[146.546394,-37.973814],[146.546293,-37.973665],[146.546134,-37.973459],[146.545975,-37.973316],[146.545779,-37.973161],[146.545454,-37.972915],[146.545389,-37.972806],[146.545345,-37.972651],[146.545367,-37.972525],[146.545396,-37.972416],[146.545432,-37.972313],[146.545511,-37.972153],[146.545591,-37.971884],[146.545793,-37.971511],[146.545851,-37.971345],[146.545952,-37.971116],[146.546046,-37.970864],[146.54619,-37.970555],[146.54627,-37.970337],[146.546501,-37.96985],[146.546646,-37.96938],[146.54674,-37.969225],[146.546819,-37.969071],[146.546985,-37.968968],[146.547181,-37.968876],[146.547347,-37.968779],[146.547506,-37.968681],[146.547549,-37.968612],[146.547564,-37.968498],[146.547556,-37.968389],[146.547556,-37.968223],[146.547527,-37.968051],[146.547477,-37.967994],[146.547397,-37.967873],[146.547317,-37.96777],[146.547166,-37.96765],[146.546985,-37.967518],[146.546724,-37.967444],[146.546544,-37.967398],[146.546356,-37.967381],[146.546182,-37.967363],[146.545893,-37.967346],[146.545647,-37.967363],[146.54522,-37.967444],[146.545068,-37.967507],[146.544772,-37.96765],[146.544663,-37.967719],[146.544398,-37.967785],[146.544237,-37.967839],[146.544005,-37.96785],[146.543832,-37.967816],[146.543622,-37.967759],[146.543369,-37.967587],[146.543145,-37.967507],[146.542913,-37.967421],[146.542725,-37.967346],[146.542573,-37.967191],[146.542487,-37.967042],[146.54245,-37.966928],[146.542414,-37.966733],[146.542291,-37.966584],[146.542204,-37.966492],[146.542089,-37.966349],[146.542024,-37.966263],[146.541958,-37.966172],[146.541835,-37.965994],[146.541799,-37.965897],[146.541741,-37.965828],[146.541582,-37.965725],[146.541495,-37.965662],[146.541358,-37.965639],[146.541264,-37.96561],[146.541141,-37.965576],[146.541025,-37.965541],[146.540794,-37.965461],[146.540555,-37.965404],[146.540367,-37.965341],[146.540129,-37.965283],[146.539962,-37.965209],[146.539709,-37.965089],[146.539442,-37.964997],[146.539152,-37.964945],[146.538877,-37.964928],[146.538552,-37.964951],[146.53835,-37.964997],[146.538082,-37.965071],[146.537858,-37.965232],[146.537699,-37.965381],[146.537496,-37.965593],[146.537381,-37.965753],[146.537207,-37.965936],[146.537048,-37.9662],[146.536882,-37.966504],[146.536788,-37.966704],[146.536672,-37.966996],[146.5366,-37.96722],[146.5366,-37.967466],[146.536629,-37.967615],[146.536658,-37.967798],[146.536658,-37.968153],[146.53668,-37.968245],[146.536731,-37.968537],[146.536789,-37.968726],[146.536789,-37.968967],[146.53676,-37.969145],[146.536731,-37.969294],[146.536695,-37.969351],[146.536572,-37.969425],[146.536377,-37.969471],[146.53616,-37.969511],[146.536022,-37.969523],[146.535769,-37.969528],[146.535603,-37.969528],[146.535299,-37.969448],[146.535162,-37.969391],[146.53501,-37.969276],[146.534923,-37.969202],[146.5348,-37.96911],[146.534482,-37.968927],[146.534402,-37.968858],[146.53425,-37.968738],[146.534142,-37.968577],[146.534055,-37.968428],[146.533946,-37.968216],[146.533635,-37.967976],[146.533476,-37.967884],[146.533288,-37.967781],[146.533129,-37.967712],[146.532999,-37.967586],[146.532927,-37.96746],[146.53289,-37.967345],[146.532847,-37.967173],[146.532833,-37.966933],[146.532818,-37.966789],[146.53284,-37.966566],[146.53289,-37.966451],[146.532999,-37.966371],[146.533165,-37.966303],[146.533317,-37.966251],[146.53349,-37.966171],[146.533715,-37.966016],[146.533801,-37.965907],[146.533837,-37.965753],[146.533823,-37.965627],[146.533765,-37.965541],[146.533678,-37.965426],[146.533599,-37.965346],[146.533483,-37.965243],[146.533367,-37.965105],[146.533244,-37.964985],[146.5331,-37.964779],[146.533006,-37.964607],[146.532941,-37.964544],[146.532572,-37.964143],[146.532441,-37.964051],[146.532181,-37.963913],[146.532015,-37.963868],[146.531747,-37.963827],[146.531501,-37.963804],[146.531234,-37.96381],[146.530923,-37.963799],[146.530749,-37.963804],[146.530482,-37.963804],[146.530164,-37.963793],[146.529954,-37.963781],[146.529571,-37.963741],[146.529354,-37.963701],[146.528942,-37.963609],[146.52871,-37.963575],[146.528406,-37.963517],[146.528132,-37.963472],[146.527828,-37.963489],[146.527597,-37.963523],[146.527329,-37.963603],[146.527213,-37.963672],[146.527004,-37.963752],[146.526845,-37.963798],[146.526714,-37.963827],[146.526403,-37.963826],[146.526158,-37.963798],[146.525796,-37.963752],[146.525471,-37.963717],[146.525189,-37.9637],[146.524979,-37.963689],[146.524639,-37.963666],[146.524379,-37.963643],[146.524053,-37.963671],[146.523793,-37.963729],[146.523605,-37.963832],[146.523316,-37.964101],[146.523207,-37.964227],[146.523084,-37.964513],[146.523034,-37.964639],[146.52299,-37.964886],[146.522969,-37.964995],[146.522969,-37.965241],[146.522976,-37.965384],[146.522998,-37.9659],[146.523005,-37.966163],[146.523005,-37.966788],[146.522962,-37.967005],[146.522904,-37.967246],[146.522875,-37.96751],[146.522839,-37.967733],[146.522781,-37.967939],[146.52268,-37.968203],[146.522564,-37.96838],[146.522513,-37.968501],[146.522362,-37.968781],[146.52221,-37.969073],[146.522094,-37.969303],[146.522014,-37.969555],[146.521899,-37.969887],[146.521805,-37.970145],[146.521675,-37.970425],[146.521573,-37.970683],[146.521487,-37.971027],[146.521385,-37.971313],[146.521241,-37.971737],[146.521161,-37.971978],[146.521046,-37.972161],[146.520792,-37.972602],[146.520633,-37.97282],[146.52046,-37.973055],[146.520308,-37.973301],[146.520185,-37.973513],[146.520098,-37.973731],[146.519946,-37.974046],[146.519831,-37.974189],[146.5197,-37.974493],[146.519643,-37.974693],[146.519556,-37.974922],[146.519505,-37.975117],[146.519469,-37.975426],[146.519404,-37.975558],[146.519245,-37.97565],[146.519122,-37.975701],[146.518956,-37.975707],[146.518731,-37.975724],[146.518493,-37.97573],[146.518283,-37.975798],[146.518146,-37.975867],[146.517929,-37.975993],[146.517697,-37.976125],[146.517502,-37.976251],[146.517205,-37.976549],[146.516916,-37.976909],[146.516858,-37.977099],[146.516822,-37.977225],[146.5168,-37.977465],[146.516764,-37.977631],[146.516764,-37.978113],[146.516771,-37.978267],[146.516771,-37.978445],[146.51667,-37.978628],[146.516605,-37.978748],[146.516489,-37.978846],[146.51633,-37.978943],[146.516113,-37.979035],[146.515961,-37.979098],[146.515809,-37.979143],[146.51565,-37.979155],[146.515412,-37.979161],[146.51526,-37.979166],[146.514985,-37.979178],[146.514732,-37.979195],[146.514508,-37.979212],[146.514276,-37.979246],[146.514124,-37.979292],[146.513907,-37.979338],[146.513654,-37.979355],[146.513524,-37.979401],[146.513386,-37.979532],[146.513292,-37.979744],[146.513285,-37.979893],[146.513314,-37.980059],[146.513365,-37.980185],[146.513444,-37.980317],[146.51356,-37.980461],[146.513705,-37.980575],[146.513943,-37.980713],[146.514131,-37.980833],[146.514269,-37.980908],[146.514421,-37.980994],[146.514558,-37.981114],[146.514674,-37.98124],[146.51471,-37.981349],[146.514789,-37.981578],[146.514818,-37.98175],[146.514855,-37.981899],[146.514876,-37.982145],[146.514862,-37.982243],[146.514818,-37.98246],[146.514775,-37.982558],[146.514724,-37.982775],[146.514717,-37.982947],[146.514717,-37.983068],[146.514732,-37.983199],[146.514746,-37.983302],[146.514768,-37.983366],[146.514789,-37.983417],[146.514768,-37.983492],[146.514746,-37.983555],[146.514681,-37.983595],[146.514551,-37.983646],[146.514428,-37.983681],[146.514283,-37.983703],[146.513979,-37.983766],[146.513712,-37.983818],[146.513516,-37.983841],[146.51327,-37.983864],[146.513046,-37.983869],[146.512829,-37.983858],[146.512489,-37.9838],[146.512222,-37.983777],[146.512034,-37.983754],[146.511566,-37.983709],[146.510906,-37.983714],[146.510667,-37.983719],[146.510017,-37.983719],[146.509742,-37.983725],[146.509438,-37.983782],[146.509206,-37.983851],[146.50904,-37.983948],[146.508895,-37.984051],[146.508671,-37.984217],[146.508476,-37.984395],[146.508324,-37.984492],[146.508273,-37.984561],[146.508006,-37.98475],[146.507673,-37.984899],[146.50734,-37.984956],[146.507036,-37.985013],[146.506754,-37.985053],[146.506407,-37.985116],[146.505539,-37.985287],[146.505257,-37.985396],[146.504946,-37.985511],[146.504722,-37.985562],[146.504497,-37.985619],[146.504237,-37.985688],[146.503911,-37.985837],[146.503738,-37.985963],[146.50347,-37.98614],[146.50334,-37.986272],[146.503253,-37.986455],[146.503195,-37.986581],[146.503159,-37.986673],[146.503101,-37.986845],[146.503087,-37.986982],[146.503072,-37.987246],[146.50305,-37.987458],[146.503,-37.987738],[146.502906,-37.987916],[146.502826,-37.988065],[146.502688,-37.988231],[146.502558,-37.988328],[146.502341,-37.988477],[146.502146,-37.988552],[146.501951,-37.988569],[146.50182,-37.988569],[146.501611,-37.988563],[146.501476,-37.988551],[146.501354,-37.988537],[146.501184,-37.988441],[146.501107,-37.988279],[146.50099,-37.988014],[146.500884,-37.987852],[146.500775,-37.98753],[146.500723,-37.987232],[146.500555,-37.986972],[146.500312,-37.986774],[146.500118,-37.986737],[146.499646,-37.986799],[146.499377,-37.98687],[146.499108,-37.986936],[146.49901,-37.987141],[146.498991,-37.987324],[146.498979,-37.987558],[146.498931,-37.987821],[146.498809,-37.988123],[146.498709,-37.988397],[146.49848,-37.988635],[146.498268,-37.988775],[146.497897,-37.988862],[146.497549,-37.988898],[146.497244,-37.988911],[146.496781,-37.988899],[146.496456,-37.988872],[146.496117,-37.988845],[146.495503,-37.988774],[146.495098,-37.98874],[146.494643,-37.988671],[146.493815,-37.988482],[146.493471,-37.9883],[146.493136,-37.988032],[146.49279,-37.987615],[146.492553,-37.987171],[146.492473,-37.986849],[146.492443,-37.986499],[146.49247,-37.98623],[146.492526,-37.98599],[146.49258,-37.985808],[146.492666,-37.985511],[146.492764,-37.985289],[146.492849,-37.985032],[146.492934,-37.984787],[146.492924,-37.984529],[146.492844,-37.984218],[146.492704,-37.983976],[146.492576,-37.983871],[146.492281,-37.98377],[146.492036,-37.983732],[146.491761,-37.983717],[146.491356,-37.983718],[146.491036,-37.983782],[146.490803,-37.983865],[146.49062,-37.983954],[146.490517,-37.98405],[146.490544,-37.984154],[146.490606,-37.984304],[146.490696,-37.9845],[146.490843,-37.984748],[146.490991,-37.984962],[146.491108,-37.985244],[146.491118,-37.985473],[146.491054,-37.985748],[146.490949,-37.985941],[146.490765,-37.986088],[146.490466,-37.986204],[146.490256,-37.986241],[146.490031,-37.986261],[146.489481,-37.986231],[146.489185,-37.986222],[146.488946,-37.98623],[146.48857,-37.986225],[146.488164,-37.986237],[146.487909,-37.986337],[146.487683,-37.986414],[146.487499,-37.986538],[146.487316,-37.986655],[146.487169,-37.986774],[146.48697,-37.986972],[146.486742,-37.987123],[146.486406,-37.987268],[146.486034,-37.987412],[146.485445,-37.987576],[146.484943,-37.987679],[146.484676,-37.987646],[146.484387,-37.98762],[146.484091,-37.98761],[146.48375,-37.987646],[146.483524,-37.987723],[146.483298,-37.987812],[146.483035,-37.987934],[146.482844,-37.988075],[146.482689,-37.988222],[146.482468,-37.988368],[146.482321,-37.988509],[146.482195,-37.988628],[146.482092,-37.988741],[146.481993,-37.988952],[146.481975,-37.989135],[146.481991,-37.989427],[146.482025,-37.989542],[146.482043,-37.989714],[146.482111,-37.989922],[146.482151,-37.990117],[146.482224,-37.990456],[146.48223,-37.990874],[146.482261,-37.991098],[146.482264,-37.991304],[146.482225,-37.991476],[146.482113,-37.991629],[146.482018,-37.991691],[146.481798,-37.991837],[146.481469,-37.991981],[146.481287,-37.992025],[146.480946,-37.992083],[146.480277,-37.992201],[146.47979,-37.992343],[146.479534,-37.992472],[146.479097,-37.992586],[146.478819,-37.992731],[146.478476,-37.992876],[146.478212,-37.99305],[146.477999,-37.993179],[146.477633,-37.99338],[146.477268,-37.993565],[146.476952,-37.993778],[146.476623,-37.993957],[146.476403,-37.99408],[146.47579,-37.994307],[146.475448,-37.994423],[146.474939,-37.994514],[146.474532,-37.9946],[146.47417,-37.994635],[146.47372,-37.994687],[146.473313,-37.994692],[146.473353,-37.994309],[146.485497,-37.878825],[146.49044,-37.831781],[146.495047,-37.787791],[146.502673,-37.714983],[146.504747,-37.695143],[146.503757,-37.694005],[146.50277,-37.693138],[146.502801,-37.691889],[146.502335,-37.690826],[146.502749,-37.690091],[146.50335,-37.689059],[146.504791,-37.688986],[146.506924,-37.688986],[146.509189,-37.687948],[146.510689,-37.686478],[146.511248,-37.68584],[146.511989,-37.685603],[146.511972,-37.684974],[146.512714,-37.684868],[146.513268,-37.684769],[146.512839,-37.683854],[146.513044,-37.683184],[146.512643,-37.682034],[146.512085,-37.681451],[146.513532,-37.681212],[146.514675,-37.680585],[146.514985,-37.679703],[146.515095,-37.679404],[146.515964,-37.678783],[146.515996,-37.678038],[146.51561,-37.677043],[146.515676,-37.675857],[146.514272,-37.674424],[146.513013,-37.673322],[146.513325,-37.672302],[146.51286,-37.67145],[146.51118,-37.671048],[146.509777,-37.671631],[146.507561,-37.670709],[146.506957,-37.669551],[146.506218,-37.66844],[146.505696,-37.66611],[146.505401,-37.664594],[146.503929,-37.664197],[146.502961,-37.66357],[146.502085,-37.662633],[146.501774,-37.662134],[146.501299,-37.661756],[146.500897,-37.661217],[146.500624,-37.660496],[146.499992,-37.659436],[146.499424,-37.65848],[146.498798,-37.657736],[146.498187,-37.656928],[146.497533,-37.655852],[146.497124,-37.654872],[146.496758,-37.654014],[146.496399,-37.652977],[146.496228,-37.652193],[146.496272,-37.651426],[146.496352,-37.650728],[146.496338,-37.650115],[146.495713,-37.649279],[146.495087,-37.648712],[146.494354,-37.647956],[146.493606,-37.647091],[146.492786,-37.646363],[146.492068,-37.645533],[146.491428,-37.644828],[146.490731,-37.644106],[146.490098,-37.643505],[146.489458,-37.642921],[146.488624,-37.642319],[146.487861,-37.641998],[146.486948,-37.641608],[146.486062,-37.641464],[146.485098,-37.641377],[146.484206,-37.641308],[146.48386,-37.641519],[146.483463,-37.641771],[146.482995,-37.64189],[146.482449,-37.641695],[146.481621,-37.641323],[146.480794,-37.64095],[146.480017,-37.640526],[146.478816,-37.64013],[146.478082,-37.63994],[146.477492,-37.639733],[146.47688,-37.639727],[146.476405,-37.639887],[146.47593,-37.639972],[146.475677,-37.640218],[146.475303,-37.640636],[146.474906,-37.64075],[146.474474,-37.640852],[146.473475,-37.640205],[146.473,-37.639849],[146.472425,-37.639271],[146.47185,-37.638732],[146.471628,-37.638348],[146.471305,-37.637884],[146.470802,-37.637392],[146.470327,-37.637019],[146.469903,-37.636818],[146.469681,-37.636332],[146.469681,-37.635891],[146.469423,-37.635484],[146.469092,-37.635049],[146.468654,-37.634608],[146.468294,-37.634808],[146.467941,-37.635008],[146.467516,-37.635202],[146.467063,-37.635093],[146.466797,-37.634841],[146.466474,-37.634348],[146.466107,-37.633781],[146.465734,-37.633139],[146.465426,-37.63255],[146.464929,-37.632343],[146.464577,-37.632068],[146.464305,-37.631507],[146.464299,-37.630854],[146.463946,-37.630528],[146.463386,-37.630126],[146.462681,-37.629771],[146.462135,-37.629427],[146.461776,-37.629003],[146.461301,-37.628705],[146.460826,-37.628515],[146.460597,-37.628068],[146.460231,-37.627541],[146.459865,-37.626957],[146.459578,-37.626425],[146.459276,-37.625892],[146.459148,-37.625222],[146.459336,-37.624787],[146.459596,-37.624433],[146.45987,-37.624124],[146.459712,-37.623666],[146.459454,-37.623185],[146.459103,-37.622825],[146.457929,-37.621991],[146.457722,-37.621848],[146.457235,-37.621519],[146.456185,-37.619981],[146.455309,-37.618457],[146.455154,-37.618232],[146.45415,-37.616351],[146.452288,-37.614913],[146.449672,-37.614688],[146.448617,-37.614382],[146.448482,-37.61507],[146.447159,-37.614641],[146.445769,-37.614045],[146.444712,-37.612451],[146.443657,-37.612122],[146.442582,-37.613013],[146.440922,-37.613794],[146.439492,-37.615609],[146.437414,-37.616881],[146.435836,-37.618044],[146.435003,-37.619151],[146.434318,-37.61958],[146.43189,-37.619446],[146.430077,-37.619495],[146.4286,-37.618883],[146.426415,-37.618575],[146.424671,-37.617335],[146.421955,-37.616057],[146.421186,-37.61556],[146.419521,-37.614795],[146.417698,-37.613527],[146.415211,-37.611606],[146.413541,-37.610423],[146.412044,-37.609324],[146.410253,-37.60888],[146.408477,-37.608397],[146.407109,-37.607285],[146.405486,-37.605838],[146.404591,-37.60505],[146.404088,-37.604006],[146.403203,-37.60403],[146.402058,-37.605081],[146.400875,-37.60599],[146.400002,-37.60701],[146.397824,-37.606667],[146.397429,-37.60616],[146.396535,-37.605978],[146.395116,-37.60587],[146.394774,-37.605042],[146.394049,-37.604],[146.393207,-37.604585],[146.392385,-37.606218],[146.391185,-37.606949],[146.390746,-37.607507],[146.389885,-37.608923],[146.388769,-37.608851],[146.387164,-37.608263],[146.384891,-37.608355],[146.383439,-37.609666],[146.383332,-37.610967],[146.383315,-37.613063],[146.383705,-37.614921],[146.384026,-37.616378],[146.383491,-37.61735],[146.383175,-37.618578],[146.382495,-37.619459],[146.38284,-37.620647],[146.382641,-37.621977],[146.382143,-37.622479],[146.381691,-37.622875],[146.38123,-37.623269],[146.380718,-37.623497],[146.380336,-37.623697],[146.380141,-37.624045],[146.379982,-37.624331],[146.379685,-37.624869],[146.379383,-37.625103],[146.378864,-37.625188],[146.378468,-37.625313],[146.378136,-37.625513],[146.378301,-37.625828],[146.378444,-37.626183],[146.378205,-37.62656],[146.37778,-37.626978],[146.377203,-37.627383],[146.37682,-37.62776],[146.37656,-37.628166],[146.376236,-37.628308],[146.375832,-37.628588],[146.375532,-37.628735],[146.374845,-37.628698],[146.373347,-37.628711],[146.372602,-37.628482],[146.371564,-37.629313],[146.370456,-37.629053],[146.369674,-37.629085],[146.368525,-37.629388],[146.368,-37.629364],[146.367906,-37.629427],[146.367643,-37.629321],[146.367388,-37.629074],[146.367007,-37.628658],[146.366604,-37.628246],[146.366285,-37.627751],[146.366041,-37.627312],[146.365592,-37.626655],[146.365023,-37.626317],[146.364197,-37.626312],[146.363607,-37.626482],[146.363419,-37.626848],[146.36328,-37.627172],[146.363221,-37.627262],[146.363181,-37.627327],[146.363166,-37.627339],[146.363157,-37.627345],[146.363039,-37.627438],[146.362817,-37.627535],[146.362216,-37.627656],[146.361817,-37.627634],[146.360691,-37.627178],[146.36003,-37.626867],[146.359307,-37.626641],[146.358549,-37.626421],[146.358095,-37.626206],[146.357607,-37.625943],[146.357063,-37.625636],[146.356542,-37.625303],[146.356036,-37.625054],[146.355536,-37.624887],[146.354889,-37.62493],[146.354435,-37.625055],[146.354333,-37.625041],[146.354106,-37.625103],[146.353391,-37.62509],[146.35219,-37.625233],[146.350653,-37.625195],[146.349157,-37.624649],[146.348448,-37.624228],[146.34807,-37.62361],[146.3477,-37.623228],[146.347132,-37.623236],[146.346652,-37.623587],[146.346469,-37.623221],[146.346048,-37.622559],[146.345669,-37.621816],[146.345105,-37.621355],[146.34477,-37.620572],[146.344176,-37.619979],[146.343567,-37.619265],[146.343153,-37.618702],[146.343162,-37.618512],[146.342709,-37.618119],[146.342119,-37.617526],[146.341567,-37.617145],[146.340929,-37.617037],[146.3401,-37.617082],[146.339341,-37.616915],[146.338792,-37.616682],[146.338684,-37.61671],[146.338355,-37.616052],[146.337843,-37.615511],[146.33717,-37.615077],[146.336305,-37.614829],[146.335322,-37.614412],[146.33444,-37.614003],[146.333643,-37.613367],[146.333208,-37.612896],[146.333303,-37.612846],[146.33325,-37.612376],[146.333101,-37.612001],[146.332845,-37.611281],[146.332742,-37.610535],[146.332833,-37.609775],[146.333072,-37.609126],[146.332962,-37.608632],[146.332491,-37.608189],[146.331751,-37.607857],[146.330892,-37.607929],[146.33019,-37.608096],[146.329364,-37.608031],[146.328592,-37.607776],[146.32852,-37.607846],[146.328238,-37.607607],[146.327965,-37.607282],[146.327602,-37.606824],[146.327255,-37.606623],[146.326973,-37.606373],[146.327034,-37.60595],[146.327067,-37.605515],[146.326752,-37.605167],[146.32635,-37.604811],[146.326429,-37.604746],[146.326542,-37.60435],[146.326407,-37.603965],[146.325808,-37.603474],[146.324844,-37.602892],[146.324043,-37.602404],[146.323416,-37.601873],[146.322737,-37.601375],[146.322501,-37.600753],[146.322277,-37.600264],[146.321939,-37.599943],[146.321201,-37.599496],[146.320394,-37.599271],[146.31962,-37.599116],[146.318724,-37.599279],[146.317881,-37.599586],[146.317186,-37.599787],[146.31633,-37.599739],[146.315576,-37.599412],[146.31475,-37.599358],[146.313932,-37.599502],[146.313888,-37.599585],[146.313516,-37.599482],[146.313029,-37.599371],[146.312312,-37.599279],[146.311636,-37.598965],[146.311371,-37.598646],[146.31122,-37.598059],[146.310826,-37.597441],[146.310226,-37.596984],[146.309447,-37.596748],[146.308638,-37.596587],[146.308219,-37.596374],[146.307556,-37.595859],[146.30708,-37.595319],[146.30653,-37.594887],[146.306598,-37.594814],[146.305936,-37.594442],[146.30555,-37.594081],[146.304966,-37.593533],[146.304267,-37.593299],[146.303515,-37.592857],[146.30229,-37.592356],[146.301007,-37.5919],[146.299895,-37.591493],[146.298893,-37.591114],[146.298792,-37.591075],[146.298685,-37.591106],[146.298355,-37.591199],[146.297879,-37.591821],[146.297227,-37.59255],[146.296635,-37.593181],[146.295832,-37.593334],[146.295015,-37.593235],[146.294146,-37.59345],[146.293812,-37.593834],[146.293263,-37.594186],[146.29246,-37.594648],[146.291367,-37.595163],[146.29023,-37.595757],[146.289714,-37.596213],[146.289263,-37.596698],[146.288976,-37.597203],[146.288581,-37.597569],[146.288538,-37.597755],[146.28788,-37.598155],[146.286724,-37.598743],[146.285424,-37.598993],[146.284476,-37.599466],[146.282782,-37.600101],[146.281651,-37.601312],[146.280621,-37.602466],[146.279078,-37.603187],[146.27786,-37.604215],[146.276237,-37.604879],[146.274195,-37.605188],[146.273159,-37.605237],[146.272348,-37.605498],[146.270981,-37.605628],[146.26978,-37.605798],[146.26824,-37.606078],[146.26797,-37.606087],[146.267628,-37.606257],[146.266956,-37.606366],[146.265946,-37.60643],[146.264919,-37.606373],[146.263817,-37.6064],[146.263231,-37.606785],[146.262712,-37.607109],[146.261938,-37.607514],[146.260999,-37.607922],[146.260389,-37.608428],[146.259676,-37.608725],[146.258586,-37.609097],[146.257738,-37.609346],[146.257142,-37.609744],[146.257229,-37.609802],[146.256943,-37.610032],[146.256469,-37.610236],[146.255674,-37.61036],[146.255074,-37.61019],[146.254232,-37.609901],[146.253385,-37.609824],[146.252563,-37.60988],[146.25176,-37.610055],[146.250815,-37.610439],[146.250088,-37.610403],[146.249402,-37.610126],[146.248895,-37.609745],[146.248166,-37.609503],[146.247669,-37.609478],[146.247057,-37.609361],[146.246482,-37.609473],[146.245785,-37.609563],[146.245139,-37.609715],[146.244978,-37.609447],[146.24488,-37.608972],[146.244589,-37.608585],[146.244169,-37.608341],[146.243527,-37.60807],[146.242906,-37.607884],[146.242479,-37.607572],[146.242123,-37.607219],[146.241688,-37.606872],[146.240881,-37.606648],[146.240147,-37.606692],[146.239563,-37.606587],[146.238987,-37.606504],[146.23847,-37.606621],[146.237825,-37.6069],[146.237144,-37.607241],[146.236679,-37.60753],[146.236064,-37.607883],[146.235201,-37.608008],[146.234488,-37.607903],[146.233666,-37.607661],[146.23289,-37.607429],[146.23233,-37.608626],[146.230272,-37.607936],[146.229312,-37.607353],[146.22516,-37.604876],[146.225114,-37.604926],[146.223998,-37.604259],[146.222303,-37.60354],[146.220525,-37.603988],[146.218658,-37.603477],[146.218592,-37.603636],[146.217534,-37.603343],[146.216137,-37.602834],[146.214029,-37.602169],[146.212819,-37.601377],[146.209168,-37.600446],[146.207707,-37.600715],[146.207535,-37.600063],[146.20711,-37.600106],[146.206599,-37.600074],[146.206051,-37.599894],[146.205488,-37.599685],[146.204975,-37.599448],[146.204433,-37.599147],[146.20412,-37.598777],[146.203821,-37.598303],[146.203529,-37.597772],[146.203265,-37.597196],[146.203102,-37.596567],[146.203082,-37.595937],[146.202912,-37.595371],[146.202441,-37.59491],[146.201977,-37.594529],[146.201377,-37.594149],[146.200661,-37.593746],[146.200068,-37.59336],[146.199618,-37.592859],[146.199232,-37.592334],[146.198653,-37.591856],[146.19795,-37.591248],[146.197407,-37.590787],[146.196792,-37.590321],[146.196126,-37.589872],[146.19572,-37.589445],[146.195293,-37.589115],[146.194822,-37.588711],[146.194466,-37.588324],[146.19412,-37.588228],[146.193514,-37.588048],[146.19298,-37.587902],[146.192325,-37.587734],[146.191923,-37.58753],[146.191676,-37.587588],[146.191297,-37.587583],[146.19096,-37.587511],[146.190401,-37.58735],[146.18987,-37.587185],[146.189484,-37.587009],[146.189214,-37.586782],[146.188886,-37.586533],[146.188688,-37.58629],[146.188241,-37.585878],[146.188001,-37.585584],[146.18779,-37.585266],[146.187671,-37.585007],[146.187618,-37.584732],[146.187696,-37.584348],[146.187825,-37.583908],[146.187984,-37.583435],[146.188084,-37.58304],[146.18822,-37.582612],[146.188377,-37.582298],[146.188368,-37.581926],[146.188308,-37.581593],[146.18737,-37.580357],[146.187229,-37.580189],[146.18705,-37.580067],[146.186763,-37.580001],[146.186402,-37.580066],[146.185863,-37.580456],[146.185724,-37.58062],[146.185303,-37.580811],[146.185022,-37.580825],[146.184675,-37.580896],[146.184313,-37.58099],[146.184017,-37.58105],[146.183574,-37.58128],[146.183305,-37.581426],[146.1829,-37.581548],[146.182587,-37.581728],[146.182253,-37.581897],[146.1817,-37.582263],[146.181401,-37.582507],[146.181188,-37.582722],[146.180444,-37.582898],[146.180054,-37.582968],[146.179607,-37.582959],[146.179256,-37.583424],[146.179198,-37.583502],[146.178757,-37.583963],[146.178561,-37.584326],[146.178312,-37.584561],[146.177989,-37.584675],[146.177528,-37.584683],[146.177034,-37.584657],[146.176526,-37.584703],[146.176144,-37.584872],[146.175913,-37.585215],[146.17574,-37.585612],[146.175616,-37.585945],[146.175445,-37.586239],[146.175227,-37.586558],[146.175109,-37.586758],[146.174949,-37.587003],[146.17517,-37.587489],[146.174255,-37.587573],[146.17325,-37.588702],[146.17341,-37.588979],[146.173476,-37.589392],[146.173485,-37.589724],[146.173493,-37.59012],[146.173422,-37.590497],[146.173366,-37.590835],[146.173225,-37.591126],[146.172977,-37.591301],[146.172724,-37.591367],[146.172441,-37.591501],[146.172244,-37.591643],[146.172078,-37.592128],[146.171987,-37.592436],[146.171954,-37.592671],[146.171907,-37.592888],[146.171868,-37.593117],[146.171733,-37.593431],[146.171657,-37.593665],[146.171143,-37.593809],[146.170914,-37.593766],[146.170619,-37.593723],[146.170359,-37.593737],[146.170005,-37.593842],[146.169828,-37.594076],[146.169831,-37.594345],[146.170117,-37.594898],[146.170281,-37.59506],[146.170507,-37.59532],[146.170748,-37.595592],[146.170953,-37.595789],[146.171388,-37.596121],[146.171648,-37.596513],[146.17147,-37.596843],[146.171553,-37.597022],[146.171593,-37.597252],[146.171633,-37.597441],[146.171743,-37.597769],[146.171848,-37.597959],[146.172017,-37.59823],[146.172192,-37.59853],[146.17228,-37.598898],[146.172277,-37.599104],[146.172179,-37.599355],[146.171982,-37.599485],[146.171514,-37.599497],[146.171219,-37.59946],[146.170852,-37.599404],[146.170513,-37.599481],[146.170102,-37.599465],[146.169714,-37.599415],[146.169317,-37.599474],[146.169056,-37.599529],[146.168465,-37.599562],[146.16825,-37.599474],[146.167936,-37.599333],[146.167672,-37.599159],[146.167336,-37.598966],[146.166688,-37.598541],[146.166195,-37.598238],[146.165791,-37.597855],[146.165343,-37.597461],[146.164867,-37.597066],[146.164447,-37.596769],[146.163661,-37.596354],[146.163145,-37.596171],[146.162658,-37.595994],[146.162368,-37.595897],[146.162088,-37.595815],[146.161754,-37.595882],[146.161562,-37.596023],[146.161299,-37.596261],[146.16115,-37.596557],[146.161103,-37.596803],[146.161114,-37.597021],[146.161293,-37.597573],[146.161302,-37.597865],[146.161357,-37.598049],[146.161404,-37.598239],[146.161422,-37.598508],[146.161399,-37.599018],[146.161338,-37.599212],[146.161263,-37.5994],[146.161038,-37.599524],[146.160777,-37.599619],[146.160465,-37.599724],[146.160196,-37.599876],[146.159812,-37.60005],[146.159428,-37.600195],[146.159179,-37.600433],[146.158819,-37.600772],[146.158835,-37.600893],[146.158975,-37.601432],[146.159145,-37.601979],[146.159395,-37.602502],[146.159601,-37.602894],[146.159829,-37.603311],[146.16011,-37.603754],[146.160211,-37.604319],[146.161494,-37.606028],[146.162452,-37.60806],[146.162358,-37.608119],[146.161803,-37.609885],[146.161854,-37.609966],[146.161406,-37.610144],[146.163362,-37.61273],[146.163265,-37.612777],[146.163079,-37.613849],[146.164131,-37.615941],[146.165545,-37.61721],[146.165148,-37.619088],[146.165355,-37.620455],[146.164825,-37.622996],[146.162219,-37.62312],[146.160639,-37.621764],[146.159293,-37.62241],[146.159434,-37.622827],[146.159335,-37.623218],[146.158821,-37.62351],[146.158538,-37.623635],[146.157351,-37.6241],[146.156958,-37.624369],[146.156333,-37.62518],[146.155942,-37.6252],[146.155582,-37.625147],[146.15502,-37.624693],[146.154378,-37.624479],[146.153883,-37.624475],[146.153519,-37.624473],[146.152982,-37.6245],[146.152496,-37.62431],[146.152489,-37.624038],[146.152413,-37.623835],[146.152073,-37.623654],[146.151507,-37.623666],[146.151183,-37.623819],[146.150314,-37.623782],[146.149834,-37.623949],[146.149517,-37.624378],[146.149434,-37.624727],[146.149283,-37.625184],[146.148919,-37.625367],[146.148737,-37.625918],[146.148444,-37.6261],[146.146704,-37.626494],[146.14416,-37.627429],[146.142677,-37.628549],[146.141836,-37.629865],[146.140566,-37.630756],[146.140494,-37.631676],[146.139331,-37.632549],[146.139488,-37.63337],[146.141247,-37.634719],[146.140929,-37.636203],[146.141295,-37.637014],[146.139811,-37.639081],[146.138263,-37.640007],[146.134553,-37.642651],[146.134252,-37.642852],[146.133708,-37.643],[146.133177,-37.643209],[146.13284,-37.643399],[146.132531,-37.643514],[146.132133,-37.64354],[146.131216,-37.643759],[146.130947,-37.643909],[146.130831,-37.644632],[146.130792,-37.645109],[146.130847,-37.64561],[146.130748,-37.646241],[146.130629,-37.646707],[146.13053,-37.647209],[146.130276,-37.647679],[146.129947,-37.64799],[146.129749,-37.648073],[146.130618,-37.648599],[146.131121,-37.649167],[146.13122,-37.649743],[146.131084,-37.650427],[146.131042,-37.65083],[146.131217,-37.651169],[146.131701,-37.651855],[146.132243,-37.652856],[146.132589,-37.65357],[146.132675,-37.654001],[146.132818,-37.65486],[146.133122,-37.657545],[146.133228,-37.658292],[146.133129,-37.658661],[146.132965,-37.65913],[146.132957,-37.65952],[146.133388,-37.660516],[146.133429,-37.661879],[146.133593,-37.663332],[146.133861,-37.664052],[146.133952,-37.664425],[146.133741,-37.66559],[146.133191,-37.666259],[146.132419,-37.6677],[146.132159,-37.668441],[146.132101,-37.670356],[146.13213,-37.670957],[146.1323,-37.671758],[146.132897,-37.673021],[146.133182,-37.674054],[146.133174,-37.674786],[146.132781,-37.675344],[146.132224,-37.675712],[146.132319,-37.676901],[146.132691,-37.67771],[146.133371,-37.678596],[146.133926,-37.679097],[146.134524,-37.679254],[146.135545,-37.67898],[146.136592,-37.67904],[146.137378,-37.679159],[146.13795,-37.679681],[146.138193,-37.680227],[146.138338,-37.680504],[146.138994,-37.680919],[146.139701,-37.681313],[146.140368,-37.682051],[146.140805,-37.682987],[146.141005,-37.683728],[146.141048,-37.684731],[146.141221,-37.685786],[146.141514,-37.686771],[146.141771,-37.68744],[146.141994,-37.687757],[146.142229,-37.687915],[146.142242,-37.688121],[146.142067,-37.688383],[146.141934,-37.688829],[146.141947,-37.689254],[146.142085,-37.689847],[146.142101,-37.69042],[146.142099,-37.690818],[146.142204,-37.69103],[146.142478,-37.691243],[146.142668,-37.691429],[146.14256,-37.691971],[146.142495,-37.69226],[146.142368,-37.692489],[146.142139,-37.692772],[146.141447,-37.693198],[146.141173,-37.69349],[146.141154,-37.69368],[146.141007,-37.693938],[146.14046,-37.694421],[146.139972,-37.694746],[146.13992,-37.694813],[146.139754,-37.695244],[146.139018,-37.695475],[146.138716,-37.695866],[146.138569,-37.69618],[146.137875,-37.696892],[146.137177,-37.69725],[146.136716,-37.697427],[146.136427,-37.697653],[146.136244,-37.697937],[146.136162,-37.698821],[146.13643,-37.699595],[146.136439,-37.699796],[146.136432,-37.700426],[146.136284,-37.700713],[146.135847,-37.701139],[146.135627,-37.70148],[146.135553,-37.701707],[146.135548,-37.702078],[146.13583,-37.702564],[146.136422,-37.703107],[146.136649,-37.703198],[146.137086,-37.703431],[146.13742,-37.703557],[146.138152,-37.704125],[146.138833,-37.704897],[146.138971,-37.705019],[146.139495,-37.706189],[146.139384,-37.706656],[146.139076,-37.70703],[146.13885,-37.707294],[146.138762,-37.707482],[146.138289,-37.707908],[146.138033,-37.708277],[146.13803,-37.708532],[146.138311,-37.709075],[146.13822,-37.709461],[146.1382,-37.709626],[146.138302,-37.709906],[146.138585,-37.710135],[146.138906,-37.710137],[146.139303,-37.710026],[146.139773,-37.71],[146.140814,-37.710236],[146.141245,-37.710183],[146.141936,-37.709755],[146.142381,-37.709538],[146.142948,-37.709508],[146.143273,-37.709567],[146.14374,-37.709743],[146.144276,-37.71009],[146.144889,-37.710393],[146.145394,-37.710678],[146.145721,-37.711023],[146.146027,-37.711478],[146.146233,-37.712395],[146.146478,-37.712997],[146.146796,-37.713514],[146.147045,-37.713744],[146.147313,-37.714296],[146.147361,-37.714491],[146.147574,-37.714662],[146.147859,-37.714778],[146.148864,-37.714957],[146.149977,-37.71502],[146.150341,-37.715082],[146.150558,-37.715199],[146.150912,-37.715774],[146.151553,-37.71638],[146.151801,-37.716811],[146.15194,-37.717241],[146.152296,-37.717557],[146.153083,-37.718078],[146.153189,-37.71831],[146.153186,-37.718569],[146.153112,-37.718713],[146.15282,-37.718856],[146.15234,-37.718965],[146.151809,-37.719333],[146.151766,-37.71993],[146.151871,-37.720158],[146.15226,-37.720513],[146.152441,-37.720706],[146.152583,-37.720937],[146.152684,-37.722112],[146.153072,-37.722673],[146.15342,-37.723317],[146.153523,-37.723806],[146.153467,-37.7243],[146.153621,-37.724692],[146.153797,-37.724949],[146.154189,-37.725266],[146.154725,-37.725556],[146.155622,-37.725877],[146.155838,-37.725993],[146.156053,-37.726225],[146.15622,-37.72669],[146.156782,-37.728079],[146.157095,-37.728497],[146.158127,-37.729177],[146.158706,-37.729821],[146.159047,-37.730449],[146.159045,-37.731037],[146.158868,-37.731785],[146.158752,-37.732387],[146.158785,-37.732872],[146.159137,-37.733363],[146.159784,-37.734082],[146.159908,-37.734483],[146.160073,-37.734924],[146.16021,-37.735394],[146.16031,-37.736208],[146.160227,-37.736703],[146.16008,-37.737406],[146.15992,-37.738203],[146.16001,-37.738902],[146.1602,-37.739436],[146.160763,-37.739825],[146.161292,-37.739967],[146.16158,-37.740085],[146.161758,-37.740244],[146.162082,-37.740368],[146.162387,-37.740559],[146.162412,-37.74084],[146.162195,-37.741335],[146.161958,-37.741809],[146.161845,-37.742352],[146.162023,-37.742912],[146.162405,-37.743454],[146.162838,-37.744076],[146.163101,-37.744616],[146.162947,-37.74518],[146.162783,-37.745511],[146.162768,-37.745843],[146.162914,-37.746295],[146.163108,-37.746818],[146.163224,-37.747349],[146.163222,-37.747768],[146.162985,-37.748105],[146.162675,-37.748308],[146.161721,-37.74889],[146.161451,-37.749127],[146.161083,-37.749811],[146.160754,-37.75021],[146.160351,-37.750864],[146.160345,-37.751435],[146.160415,-37.751853],[146.160449,-37.752036],[146.16048,-37.752212],[146.160468,-37.753325],[146.160018,-37.754782],[146.159613,-37.755523],[146.158808,-37.756605],[146.158476,-37.757345],[146.158471,-37.75783],[146.15854,-37.75803],[146.159058,-37.758657],[146.15918,-37.758807],[146.159249,-37.759124],[146.159026,-37.75964],[146.158734,-37.759896],[146.158371,-37.760065],[146.158081,-37.760291],[146.157972,-37.760461],[146.15797,-37.760659],[146.158181,-37.761031],[146.158716,-37.761607],[146.158857,-37.761954],[146.158562,-37.762327],[146.157873,-37.762609],[146.157257,-37.762976],[146.156967,-37.763202],[146.156785,-37.763485],[146.156741,-37.76417],[146.156876,-37.765061],[146.156328,-37.765317],[146.15521,-37.765337],[146.155031,-37.765393],[146.154741,-37.765675],[146.154588,-37.766503],[146.154293,-37.767017],[146.152655,-37.768351],[146.152219,-37.768606],[146.151493,-37.768944],[146.150949,-37.769113],[146.1492,-37.769047],[146.148139,-37.769064],[146.14569,-37.769981],[146.145497,-37.770046],[146.144629,-37.770355],[146.143796,-37.770777],[146.143142,-37.771202],[146.14227,-37.771882],[146.141687,-37.772477],[146.141629,-37.772733],[146.141899,-37.773062],[146.142051,-37.773349],[146.142186,-37.773598],[146.141812,-37.774222],[146.14184,-37.774909],[146.141729,-37.775082],[146.141328,-37.775338],[146.140784,-37.775563],[146.139913,-37.7761],[146.139442,-37.776297],[146.139164,-37.776507],[146.138934,-37.776608],[146.138499,-37.77689],[146.137735,-37.777542],[146.137552,-37.777826],[146.137402,-37.778339],[146.137434,-37.778681],[146.137531,-37.778918],[146.137713,-37.779455],[146.138174,-37.780174],[146.138239,-37.780777],[146.138154,-37.780932],[146.137662,-37.781787],[146.137548,-37.782637],[146.136953,-37.783273],[146.136534,-37.78359],[146.135604,-37.784219],[146.135093,-37.7846],[146.134755,-37.784908],[146.134508,-37.785272],[146.134183,-37.786515],[146.134102,-37.787525],[146.133761,-37.788026],[146.133136,-37.788232],[146.132582,-37.788356],[146.131878,-37.788378],[146.13159,-37.788339],[146.13076,-37.788351],[146.130205,-37.788475],[146.129903,-37.788638],[146.129508,-37.788937],[146.128814,-37.789142],[146.128317,-37.789175],[146.128042,-37.789068],[146.127666,-37.788726],[146.127495,-37.788487],[146.127234,-37.788202],[146.12682,-37.788034],[146.126233,-37.78802],[146.125817,-37.788091],[146.125538,-37.788299],[146.12535,-37.788581],[146.125248,-37.789376],[146.124866,-37.789483],[146.124095,-37.789404],[146.123476,-37.789098],[146.122688,-37.788465],[146.121702,-37.788325],[146.121324,-37.788192],[146.1212,-37.787999],[146.121115,-37.787693],[146.120986,-37.787478],[146.120826,-37.786583],[146.120418,-37.786283],[146.11992,-37.786079],[146.120021,-37.785714],[146.119974,-37.785591],[146.119803,-37.785341],[146.119577,-37.785089],[146.119191,-37.784714],[146.118677,-37.784339],[146.118051,-37.783867],[146.117957,-37.783773],[146.117702,-37.783549],[146.117548,-37.783377],[146.117046,-37.782871],[146.116912,-37.782714],[146.116654,-37.782226],[146.116637,-37.782094],[146.11664,-37.782037],[146.116709,-37.781562],[146.117039,-37.780773],[146.117144,-37.780216],[146.117247,-37.779529],[146.117198,-37.779403],[146.117147,-37.779177],[146.117133,-37.778913],[146.117139,-37.778851],[146.117164,-37.778735],[146.117245,-37.778133],[146.117223,-37.778019],[146.11717,-37.777836],[146.1171,-37.777717],[146.116823,-37.777548],[146.116719,-37.777493],[146.115565,-37.777189],[146.115184,-37.777103],[146.114621,-37.77683],[146.114208,-37.776708],[146.113759,-37.776601],[146.113462,-37.776517],[146.113044,-37.77631],[146.112911,-37.776143],[146.112762,-37.775895],[146.112678,-37.775745],[146.112511,-37.775416],[146.112235,-37.775147],[146.111976,-37.775059],[146.111846,-37.775047],[146.111532,-37.775098],[146.111366,-37.775088],[146.111269,-37.775067],[146.111125,-37.774974],[146.110997,-37.774855],[146.110747,-37.774724],[146.110673,-37.774713],[146.110532,-37.774714],[146.110212,-37.774791],[146.109782,-37.774875],[146.109675,-37.774871],[146.109509,-37.774808],[146.108606,-37.77424],[146.108516,-37.774135],[146.108411,-37.774045],[146.108382,-37.774001],[146.108228,-37.773512],[146.108182,-37.773403],[146.10803,-37.772945],[146.107941,-37.772795],[146.10746,-37.772236],[146.107373,-37.772022],[146.107315,-37.771956],[146.107135,-37.771783],[146.106962,-37.77165],[146.106544,-37.7713],[146.106455,-37.771206],[146.105898,-37.770882],[146.105225,-37.770451],[146.104899,-37.770191],[146.104763,-37.769933],[146.10475,-37.769809],[146.104752,-37.769747],[146.104819,-37.769288],[146.104847,-37.769169],[146.104834,-37.76887],[146.104803,-37.768771],[146.104601,-37.76865],[146.103925,-37.768494],[146.103631,-37.768401],[146.103272,-37.768229],[146.103219,-37.767984],[146.103203,-37.76728],[146.103663,-37.766427],[146.103719,-37.765455],[146.103869,-37.764173],[146.103031,-37.763092],[146.101474,-37.762825],[146.100017,-37.761985],[146.099561,-37.761082],[146.099013,-37.760762],[146.098804,-37.760448],[146.098456,-37.759292],[146.097799,-37.758143],[146.096774,-37.757457],[146.096096,-37.756651],[146.095216,-37.756395],[146.093883,-37.756522],[146.093451,-37.756373],[146.092938,-37.755859],[146.091987,-37.755774],[146.090913,-37.755386],[146.089766,-37.754208],[146.089095,-37.753791],[146.088764,-37.754043],[146.088282,-37.755108],[146.08806,-37.756035],[146.087067,-37.756608],[146.086635,-37.757415],[146.086061,-37.758846],[146.085543,-37.759561],[146.084851,-37.759934],[146.084715,-37.760163],[146.084572,-37.760861],[146.084341,-37.761096],[146.083268,-37.761554],[146.082332,-37.762367],[146.081144,-37.763284],[146.079162,-37.763039],[146.077223,-37.76244],[146.076971,-37.762431],[146.076891,-37.762429],[146.076243,-37.762715],[146.075746,-37.762636],[146.074687,-37.763088],[146.073405,-37.763741],[146.073341,-37.764268],[146.073536,-37.764828],[146.073083,-37.765492],[146.072097,-37.765918],[146.071541,-37.766157],[146.069804,-37.766341],[146.0693,-37.766565],[146.069347,-37.766483],[146.069084,-37.766565],[146.068357,-37.767035],[146.068451,-37.767407],[146.06843,-37.768053],[146.067768,-37.76898],[146.066391,-37.769284],[146.065433,-37.769131],[146.064503,-37.768777],[146.064085,-37.768742],[146.062917,-37.769258],[146.061679,-37.769991],[146.060742,-37.770198],[146.05881,-37.770273],[146.057045,-37.770297],[146.055712,-37.770676],[146.054104,-37.77082],[146.052843,-37.771049],[146.052317,-37.771004],[146.051842,-37.771193],[146.051237,-37.771805],[146.05048,-37.771994],[146.050041,-37.772166],[146.049508,-37.77251],[146.048621,-37.772762],[146.047691,-37.772734],[146.046891,-37.772683],[146.046438,-37.772889],[146.045977,-37.773313],[146.045199,-37.773788],[146.044161,-37.774023],[146.043202,-37.773989],[146.04197,-37.773852],[146.04078,-37.773773],[146.040009,-37.774053],[146.039289,-37.774357],[146.038633,-37.774455],[146.037919,-37.774089],[146.03732,-37.773626],[146.036902,-37.77346],[146.036023,-37.773483],[146.034878,-37.773447],[146.034834,-37.773624],[146.033157,-37.773359],[146.031246,-37.773445],[146.029233,-37.774458],[146.024142,-37.774169],[146.021449,-37.774841],[146.0208,-37.77412],[146.020388,-37.772703],[146.019679,-37.772179],[146.019143,-37.771784],[146.018259,-37.771706],[146.016637,-37.771563],[146.015062,-37.770646],[146.012546,-37.768775],[146.01068,-37.768838],[146.009747,-37.767873],[146.009377,-37.767812],[146.008376,-37.767698],[146.004912,-37.768671],[146.003476,-37.768528],[146.001752,-37.76675],[145.999515,-37.765447],[145.995951,-37.766525],[145.994178,-37.767517],[145.990279,-37.768788],[145.986023,-37.768474],[145.984022,-37.768616],[145.981411,-37.768656],[145.980223,-37.767373],[145.977389,-37.767581],[145.976421,-37.766916],[145.97492,-37.766776],[145.973999,-37.766324],[145.973428,-37.765603],[145.972747,-37.765164],[145.972519,-37.765249],[145.971747,-37.765169],[145.970176,-37.764837],[145.968325,-37.764695],[145.966533,-37.765182],[145.965272,-37.765733],[145.963577,-37.76596],[145.961501,-37.765389],[145.960248,-37.763924],[145.953672,-37.762452],[145.948226,-37.760052],[145.945388,-37.759176],[145.943805,-37.758324],[145.943712,-37.758275],[145.943614,-37.758232],[145.94278,-37.759435],[145.941993,-37.759747],[145.939448,-37.76236],[145.936404,-37.765191],[145.936435,-37.766312],[145.93704,-37.76699],[145.937201,-37.768694],[145.936771,-37.771579],[145.935762,-37.771747],[145.93088,-37.77167],[145.928967,-37.771847],[145.926245,-37.771861],[145.923703,-37.771607],[145.923677,-37.771724],[145.922898,-37.772568],[145.922217,-37.773526],[145.921074,-37.77408],[145.920399,-37.774672],[145.920099,-37.774841],[145.919446,-37.774993],[145.918973,-37.775543],[145.918165,-37.776138],[145.917727,-37.776785],[145.917467,-37.777523],[145.9179,-37.778095],[145.91786,-37.779012],[145.918513,-37.779209],[145.918502,-37.780936],[145.91871,-37.781995],[145.917636,-37.783439],[145.918012,-37.783997],[145.917925,-37.784951],[145.918059,-37.786006],[145.918376,-37.786408],[145.920184,-37.788822],[145.921213,-37.790307],[145.92238,-37.791915],[145.923373,-37.792822],[145.924176,-37.793179],[145.925436,-37.794242],[145.926273,-37.795341],[145.927203,-37.796281],[145.928833,-37.797838],[145.929006,-37.798374],[145.928735,-37.799272],[145.927552,-37.800428],[145.926669,-37.801298],[145.925953,-37.802481],[145.925382,-37.803851],[145.924845,-37.805093],[145.92384,-37.806001],[145.92298,-37.807005],[145.922623,-37.80843],[145.922687,-37.809979],[145.92293,-37.810868],[145.923386,-37.811491],[145.924461,-37.812017],[145.925449,-37.812576],[145.926373,-37.813277],[145.927292,-37.814262],[145.927916,-37.815197],[145.928321,-37.816242],[145.928616,-37.817098],[145.929061,-37.817914],[145.929957,-37.818629],[145.930939,-37.819357],[145.931627,-37.819975],[145.931772,-37.820869],[145.93131,-37.821359],[145.930149,-37.821438],[145.929132,-37.821497],[145.928,-37.821617],[145.92707,-37.82208],[145.926753,-37.822639],[145.926678,-37.823487],[145.92643,-37.824784],[145.926243,-37.825593],[145.926107,-37.825884],[145.926144,-37.826488],[145.926165,-37.826819],[145.92646,-37.827859],[145.926495,-37.829059],[145.92638,-37.829646],[145.925664,-37.829765],[145.924814,-37.829344],[145.923358,-37.828588],[145.92248,-37.828382],[145.921168,-37.828382],[145.919851,-37.828236],[145.919059,-37.827993],[145.918643,-37.827622],[145.91825,-37.826962],[145.917678,-37.826335],[145.917135,-37.826083],[145.916459,-37.826078],[145.915506,-37.826271],[145.914703,-37.826069],[145.9142,-37.82541],[145.913784,-37.824438],[145.912478,-37.82272],[145.911093,-37.821174],[145.910878,-37.820957],[145.908967,-37.818926],[145.90863,-37.818495],[145.907272,-37.816942],[145.906295,-37.816502],[145.905467,-37.816383],[145.904778,-37.816538],[145.903767,-37.816653],[145.902944,-37.817205],[145.902699,-37.817658],[145.90236,-37.818275],[145.901953,-37.818764],[145.90157,-37.81912],[145.900358,-37.820009],[145.899112,-37.820834],[145.89852,-37.821387],[145.898356,-37.821771],[145.898177,-37.822682],[145.898208,-37.823411],[145.897962,-37.82396],[145.896982,-37.824767],[145.895816,-37.825496],[145.894867,-37.825818],[145.893915,-37.825742],[145.892744,-37.825449],[145.891563,-37.82495],[145.889164,-37.823168],[145.886899,-37.821267],[145.886237,-37.820834],[145.885776,-37.820613],[145.884946,-37.820344],[145.883983,-37.820153],[145.883482,-37.819917],[145.883274,-37.819807],[145.882947,-37.819466],[145.8822,-37.818781],[145.881849,-37.81856],[145.881468,-37.818476],[145.881041,-37.818474],[145.879296,-37.818505],[145.878465,-37.818387],[145.878005,-37.817996],[145.877268,-37.816797],[145.877097,-37.816256],[145.87677,-37.815888],[145.876154,-37.815496],[145.875724,-37.815009],[145.875193,-37.81478],[145.874532,-37.81421],[145.873868,-37.813535],[145.87323,-37.812764],[145.87284,-37.812199],[145.872382,-37.811614],[145.871645,-37.811098],[145.87108,-37.810833],[145.870523,-37.810943],[145.869365,-37.811029],[145.869277,-37.811089],[145.868967,-37.810899],[145.868715,-37.810525],[145.868472,-37.810053],[145.868019,-37.809489],[145.867493,-37.809115],[145.867111,-37.808798],[145.867062,-37.808373],[145.867151,-37.807845],[145.86719,-37.80726],[145.867011,-37.80692],[145.866744,-37.806667],[145.866528,-37.80662],[145.866332,-37.806683],[145.866144,-37.806826],[145.865961,-37.807284],[145.86583,-37.807542],[145.865656,-37.807564],[145.86544,-37.807403],[145.865002,-37.806851],[145.8647,-37.806379],[145.864399,-37.805913],[145.864226,-37.805775],[145.864023,-37.805757],[145.863879,-37.805837],[145.863639,-37.80614],[145.863306,-37.8063],[145.862959,-37.806241],[145.862678,-37.806102],[145.862498,-37.805861],[145.862392,-37.805223],[145.862306,-37.805056],[145.862097,-37.804918],[145.86178,-37.804785],[145.861528,-37.804554],[145.861263,-37.8041],[145.861004,-37.803715],[145.860528,-37.803397],[145.859086,-37.802819],[145.857989,-37.802321],[145.857716,-37.802091],[145.857587,-37.801723],[145.857424,-37.801097],[145.857085,-37.800831],[145.856364,-37.800559],[145.85466,-37.800094],[145.85409,-37.799903],[145.853765,-37.799816],[145.853353,-37.799791],[145.851784,-37.799958],[145.851315,-37.799974],[145.850499,-37.799839],[145.849121,-37.799312],[145.847764,-37.798791],[145.847332,-37.798611],[145.846538,-37.798344],[145.846011,-37.798176],[145.845535,-37.797928],[145.845103,-37.797714],[145.844706,-37.797626],[145.844091,-37.797687],[145.843034,-37.798005],[145.842564,-37.798118],[145.84187,-37.798116],[145.841343,-37.798056],[145.840816,-37.797963],[145.840251,-37.798127],[145.839564,-37.798331],[145.839158,-37.798623],[145.838917,-37.799024],[145.838596,-37.799849],[145.838158,-37.800714],[145.837909,-37.801316],[145.837864,-37.801838],[145.838322,-37.802672],[145.838456,-37.803304],[145.838482,-37.804085],[145.838423,-37.804337],[145.83772,-37.804765],[145.836779,-37.804968],[145.835925,-37.805132],[145.835294,-37.805663],[145.834924,-37.806018],[145.834843,-37.80635],[145.834892,-37.806609],[145.835071,-37.806879],[145.834897,-37.807189],[145.834151,-37.807404],[145.833622,-37.807764],[145.833195,-37.807906],[145.831784,-37.808228],[145.831029,-37.808753],[145.83089,-37.809269],[145.830649,-37.809791],[145.830285,-37.810174],[145.829908,-37.810523],[145.829551,-37.811095],[145.829382,-37.811657],[145.829242,-37.81211],[145.828547,-37.812326],[145.828034,-37.812267],[145.827523,-37.811823],[145.827193,-37.811294],[145.826898,-37.811097],[145.826595,-37.810999],[145.826096,-37.810974],[145.825613,-37.810754],[145.825267,-37.810592],[145.824364,-37.810537],[145.823779,-37.810483],[145.823077,-37.810527],[145.822658,-37.810536],[145.822441,-37.810501],[145.822204,-37.810282],[145.821836,-37.810212],[145.821221,-37.81025],[145.820469,-37.810305],[145.819971,-37.810148],[145.819266,-37.80956],[145.818805,-37.809168],[145.81843,-37.808994],[145.817635,-37.808939],[145.817,-37.808839],[145.81643,-37.808527],[145.815891,-37.807917],[145.815352,-37.807347],[145.815071,-37.807237],[145.814688,-37.807252],[145.814015,-37.807353],[145.813299,-37.807373],[145.812713,-37.807463],[145.811519,-37.807883],[145.810947,-37.807979],[145.810218,-37.807867],[145.809872,-37.807682],[145.809612,-37.807549],[145.809098,-37.807656],[145.808786,-37.807948],[145.808718,-37.808625],[145.808556,-37.809089],[145.808244,-37.80934],[145.807961,-37.809575],[145.807655,-37.809992],[145.807451,-37.810382],[145.807124,-37.810668],[145.806899,-37.810983],[145.807084,-37.811465],[145.807118,-37.81193],[145.806696,-37.81244],[145.805992,-37.81289],[145.805435,-37.813106],[145.804919,-37.813575],[145.804158,-37.814014],[145.803774,-37.814156],[145.80355,-37.814086],[145.803429,-37.813713],[145.803257,-37.813402],[145.802983,-37.813413],[145.802504,-37.81364],[145.802019,-37.813845],[145.80165,-37.814027],[145.80136,-37.81413],[145.801172,-37.814181],[145.80094,-37.814237],[145.800759,-37.814317],[145.800636,-37.814362],[145.800303,-37.814487],[145.799999,-37.814549],[145.7995,-37.814599],[145.798827,-37.8147],[145.798176,-37.814806],[145.797453,-37.814729],[145.796847,-37.814594],[145.796218,-37.814609],[145.795436,-37.814795],[145.79495,-37.815109],[145.794782,-37.815464],[145.794715,-37.815889],[145.794863,-37.81655],[145.795228,-37.817211],[145.795401,-37.817459],[145.795652,-37.817769],[145.79604,-37.818276],[145.796175,-37.818638],[145.79623,-37.819086],[145.796199,-37.819614],[145.796062,-37.820013],[145.796045,-37.820056],[145.796025,-37.820098],[145.79601,-37.820125],[145.795988,-37.820161],[145.795956,-37.820209],[145.795909,-37.820272],[145.79588,-37.820308],[145.795692,-37.820528],[145.795633,-37.8206],[145.795603,-37.82064],[145.795585,-37.820666],[145.795574,-37.820682],[145.795545,-37.820728],[145.795506,-37.820803],[145.795495,-37.82083],[145.795476,-37.820888],[145.795466,-37.820935],[145.79546,-37.820983],[145.795458,-37.821014],[145.795459,-37.821057],[145.795463,-37.821113],[145.795474,-37.821183],[145.795483,-37.821226],[145.795495,-37.821275],[145.795617,-37.82167],[145.79563,-37.821722],[145.795641,-37.821778],[145.79565,-37.821838],[145.795652,-37.821868],[145.795654,-37.8219],[145.795652,-37.821965],[145.795648,-37.822],[145.795641,-37.822035],[145.795619,-37.822135],[145.795593,-37.822234],[145.795548,-37.822388],[145.79551,-37.822504],[145.795458,-37.822647],[145.795424,-37.822733],[145.795382,-37.822831],[145.795332,-37.822943],[145.795271,-37.823071],[145.795237,-37.823139],[145.795199,-37.823211],[145.795111,-37.823369],[145.795061,-37.823455],[145.795037,-37.823491],[145.795009,-37.823526],[145.794989,-37.823548],[145.794961,-37.823577],[145.794921,-37.823614],[145.794754,-37.823755],[145.794709,-37.823796],[145.794687,-37.823819],[145.794664,-37.823844],[145.794642,-37.823871],[145.794622,-37.823902],[145.794603,-37.823936],[145.794595,-37.823953],[145.794588,-37.82397],[145.794579,-37.824005],[145.794575,-37.824029],[145.794572,-37.824062],[145.794571,-37.824106],[145.794583,-37.824284],[145.794583,-37.824334],[145.794582,-37.824361],[145.794578,-37.824389],[145.794572,-37.824418],[145.794562,-37.824448],[145.794548,-37.824484],[145.794532,-37.824519],[145.794497,-37.82459],[145.794471,-37.824637],[145.794435,-37.824699],[145.794383,-37.824781],[145.794164,-37.825106],[145.794076,-37.82525],[145.794047,-37.825303],[145.793896,-37.82561],[145.793827,-37.82576],[145.793801,-37.825823],[145.793774,-37.825895],[145.793761,-37.825933],[145.793749,-37.825973],[145.793739,-37.826014],[145.79373,-37.826057],[145.793723,-37.826101],[145.793721,-37.826146],[145.793721,-37.826168],[145.793726,-37.826212],[145.793731,-37.826233],[145.793738,-37.826254],[145.793748,-37.826275],[145.79376,-37.826294],[145.793775,-37.826312],[145.793793,-37.826329],[145.793816,-37.826345],[145.793828,-37.826352],[145.793873,-37.82637],[145.793909,-37.826378],[145.79396,-37.826385],[145.79401,-37.82639],[145.794044,-37.826391],[145.794089,-37.826391],[145.794149,-37.826389],[145.794184,-37.826386],[145.794224,-37.826382],[145.794321,-37.826368],[145.794448,-37.826344],[145.79463,-37.826305],[145.794734,-37.826285],[145.794849,-37.826267],[145.794912,-37.82626],[145.79569,-37.826196],[145.795949,-37.826173],[145.796092,-37.826158],[145.796234,-37.82614],[145.796454,-37.826107],[145.796956,-37.826024],[145.7971,-37.826001],[145.797265,-37.825978],[145.797353,-37.825967],[145.797548,-37.825947],[145.797667,-37.825939],[145.797785,-37.825933],[145.797864,-37.825931],[145.79797,-37.82593],[145.798111,-37.825931],[145.798191,-37.825933],[145.798388,-37.825942],[145.798508,-37.825949],[145.798645,-37.825959],[145.798982,-37.825989],[145.799461,-37.826037],[145.799734,-37.826062],[145.79988,-37.826074],[145.800036,-37.826085],[145.800201,-37.826093],[145.800287,-37.826096],[145.800375,-37.826098],[145.800498,-37.826099],[145.800621,-37.826095],[145.800703,-37.826091],[145.800812,-37.826084],[145.800957,-37.826071],[145.801135,-37.826051],[145.801244,-37.826037],[145.802111,-37.825911],[145.802226,-37.825896],[145.802349,-37.825882],[145.802481,-37.825869],[145.802621,-37.825859],[145.802693,-37.825855],[145.802767,-37.825852],[145.802844,-37.82585],[145.803005,-37.825851],[145.80309,-37.825854],[145.803177,-37.82586],[145.803267,-37.825868],[145.803327,-37.825875],[145.803426,-37.825894],[145.803477,-37.825906],[145.803543,-37.825925],[145.803581,-37.825937],[145.803623,-37.825952],[145.803671,-37.825971],[145.803724,-37.825994],[145.803784,-37.826023],[145.803852,-37.826058],[145.803927,-37.826102],[145.803967,-37.826127],[145.804009,-37.826154],[145.804054,-37.826185],[145.804101,-37.826218],[145.804151,-37.826255],[145.804204,-37.826295],[145.80426,-37.826339],[145.804321,-37.826388],[145.804453,-37.826498],[145.804536,-37.826569],[145.804666,-37.826688],[145.80473,-37.826752],[145.804765,-37.826789],[145.804803,-37.826831],[145.804844,-37.82688],[145.804887,-37.826936],[145.804929,-37.826999],[145.80495,-37.827034],[145.804971,-37.827072],[145.804991,-37.827112],[145.805009,-37.827156],[145.805025,-37.827203],[145.805039,-37.827254],[145.805044,-37.827281],[145.805048,-37.827308],[145.805054,-37.827362],[145.805056,-37.827417],[145.805056,-37.827454],[145.805054,-37.827503],[145.805048,-37.827569],[145.805043,-37.827607],[145.805026,-37.827701],[145.805012,-37.827759],[145.804995,-37.827824],[145.804972,-37.827899],[145.804942,-37.827985],[145.804905,-37.828082],[145.80486,-37.828192],[145.804774,-37.828381],[145.804672,-37.828593],[145.804652,-37.82863],[145.804629,-37.828667],[145.804612,-37.828691],[145.804587,-37.828723],[145.804552,-37.828766],[145.804436,-37.8289],[145.804399,-37.828944],[145.80436,-37.828994],[145.804341,-37.82902],[145.804323,-37.829049],[145.804306,-37.829079],[145.80429,-37.829111],[145.804278,-37.829146],[145.804273,-37.829164],[145.804268,-37.829192],[145.804267,-37.829221],[145.804268,-37.82924],[145.804272,-37.829266],[145.804282,-37.8293],[145.804289,-37.82932],[145.804299,-37.829342],[145.804313,-37.829368],[145.804331,-37.829397],[145.804355,-37.82943],[145.804387,-37.829468],[145.804427,-37.82951],[145.804451,-37.829533],[145.804508,-37.829583],[145.804542,-37.829611],[145.804622,-37.829671],[145.804653,-37.829692],[145.804706,-37.829721],[145.804735,-37.829733],[145.804773,-37.829747],[145.804795,-37.829753],[145.804821,-37.829759],[145.80485,-37.829764],[145.804883,-37.829768],[145.804922,-37.82977],[145.804966,-37.82977],[145.805017,-37.829767],[145.805075,-37.82976],[145.805141,-37.829748],[145.805217,-37.829731],[145.8054,-37.829682],[145.805504,-37.829657],[145.805621,-37.829635],[145.805681,-37.82962],[145.805722,-37.829608],[145.805775,-37.829591],[145.805888,-37.829548],[145.805988,-37.829503],[145.806048,-37.829474],[145.806118,-37.829438],[145.806197,-37.829396],[145.806525,-37.829216],[145.806656,-37.829149],[145.806728,-37.829115],[145.806804,-37.829081],[145.806884,-37.82905],[145.806926,-37.829036],[145.806969,-37.829023],[145.807013,-37.829011],[145.807059,-37.829001],[145.807106,-37.828992],[145.807154,-37.828986],[145.807204,-37.828982],[145.807255,-37.828982],[145.807308,-37.828985],[145.807361,-37.828992],[145.807417,-37.829004],[145.807474,-37.829021],[145.807532,-37.829039],[145.807622,-37.829073],[145.80769,-37.829102],[145.807772,-37.829142],[145.807822,-37.829168],[145.807878,-37.8292],[145.807942,-37.829238],[145.808012,-37.829285],[145.808049,-37.829311],[145.808088,-37.82934],[145.80817,-37.829406],[145.808213,-37.829444],[145.808258,-37.829486],[145.808304,-37.829531],[145.80835,-37.829581],[145.808396,-37.829636],[145.808442,-37.829695],[145.808464,-37.829726],[145.808506,-37.829793],[145.808526,-37.829828],[145.808545,-37.829865],[145.808563,-37.829903],[145.80858,-37.829943],[145.808595,-37.829984],[145.808608,-37.830026],[145.808619,-37.83007],[145.808627,-37.830116],[145.808633,-37.830167],[145.808636,-37.830218],[145.808637,-37.830252],[145.808636,-37.830297],[145.808632,-37.830357],[145.808623,-37.830437],[145.808605,-37.830535],[145.808508,-37.830954],[145.808497,-37.83101],[145.808487,-37.83107],[145.808479,-37.831134],[145.808473,-37.831202],[145.808447,-37.831591],[145.80844,-37.831721],[145.808438,-37.831796],[145.808438,-37.83188],[145.808442,-37.831977],[145.808445,-37.832029],[145.80845,-37.832084],[145.808458,-37.832142],[145.808468,-37.832205],[145.808478,-37.832242],[145.808491,-37.832279],[145.808501,-37.832303],[145.808518,-37.832334],[145.808543,-37.832375],[145.808581,-37.832428],[145.808712,-37.832591],[145.808752,-37.832645],[145.808771,-37.832674],[145.80879,-37.832706],[145.808807,-37.832741],[145.808822,-37.832779],[145.808899,-37.833009],[145.808922,-37.833086],[145.808949,-37.83319],[145.808963,-37.83325],[145.809065,-37.833829],[145.808895,-37.835479],[145.80928,-37.835732],[145.809412,-37.8357],[145.809628,-37.835651],[145.809891,-37.835599],[145.809997,-37.835573],[145.810033,-37.835566],[145.810074,-37.83556],[145.810198,-37.835547],[145.810287,-37.835534],[145.810376,-37.83552],[145.810435,-37.835513],[145.810457,-37.835513],[145.810478,-37.835515],[145.810522,-37.835525],[145.81059,-37.835544],[145.810657,-37.835565],[145.8107,-37.83558],[145.810757,-37.835603],[145.810807,-37.835627],[145.810854,-37.835653],[145.810885,-37.835671],[145.810917,-37.835691],[145.810947,-37.835713],[145.810986,-37.835748],[145.811005,-37.835768],[145.81104,-37.835808],[145.811062,-37.835836],[145.811088,-37.835874],[145.811121,-37.835927],[145.811162,-37.836007],[145.811184,-37.836056],[145.811196,-37.836089],[145.811209,-37.836134],[145.811215,-37.83616],[145.81122,-37.83619],[145.811232,-37.836297],[145.811243,-37.836475],[145.81125,-37.836802],[145.811247,-37.836879],[145.811244,-37.836923],[145.811239,-37.836973],[145.811219,-37.8371],[145.811193,-37.837227],[145.811148,-37.837423],[145.811046,-37.837827],[145.811027,-37.83791],[145.811009,-37.837994],[145.810963,-37.838232],[145.810952,-37.838303],[145.810946,-37.83835],[145.810942,-37.838414],[145.810941,-37.83845],[145.810943,-37.838491],[145.810947,-37.838538],[145.81095,-37.838558],[145.810966,-37.838616],[145.810976,-37.838641],[145.810991,-37.838674],[145.811015,-37.838718],[145.811049,-37.838775],[145.811098,-37.838851],[145.811126,-37.838892],[145.811156,-37.838932],[145.81126,-37.839062],[145.811307,-37.83913],[145.811332,-37.839175],[145.811355,-37.83922],[145.811368,-37.839251],[145.811384,-37.839291],[145.81141,-37.839376],[145.811418,-37.839412],[145.811425,-37.839452],[145.811428,-37.839481],[145.811429,-37.839509],[145.811428,-37.839529],[145.811424,-37.839554],[145.811416,-37.839589],[145.81141,-37.839608],[145.811401,-37.83963],[145.811389,-37.839656],[145.811372,-37.839684],[145.811349,-37.839717],[145.811324,-37.839748],[145.811279,-37.839795],[145.811255,-37.839817],[145.81122,-37.839846],[145.811175,-37.839877],[145.811146,-37.839894],[145.811111,-37.839913],[145.811068,-37.839932],[145.811024,-37.839949],[145.810891,-37.839996],[145.810833,-37.840018],[145.810677,-37.840084],[145.810522,-37.840153],[145.810469,-37.840178],[145.810418,-37.840206],[145.810385,-37.840225],[145.810341,-37.840252],[145.810283,-37.84029],[145.81024,-37.840321],[145.810201,-37.840353],[145.810177,-37.840376],[145.810147,-37.840408],[145.810131,-37.840427],[145.810114,-37.84045],[145.810096,-37.840477],[145.810078,-37.84051],[145.810062,-37.840542],[145.810043,-37.840595],[145.810036,-37.840624],[145.810029,-37.840662],[145.810027,-37.840684],[145.810026,-37.840709],[145.810027,-37.840738],[145.81003,-37.84077],[145.810037,-37.840811],[145.810045,-37.840852],[145.810065,-37.840934],[145.810076,-37.840989],[145.810081,-37.84102],[145.810089,-37.841098],[145.810099,-37.841228],[145.810095,-37.841365],[145.81008,-37.841478],[145.810067,-37.841537],[145.810058,-37.841571],[145.81003,-37.841654],[145.810008,-37.841709],[145.809985,-37.841763],[145.809937,-37.84187],[145.809904,-37.841941],[145.809848,-37.842051],[145.809793,-37.842162],[145.809743,-37.842271],[145.809694,-37.842381],[145.809669,-37.842441],[145.809598,-37.842624],[145.809565,-37.842704],[145.809534,-37.842773],[145.8095,-37.842841],[145.809476,-37.842886],[145.809442,-37.842946],[145.809397,-37.84302],[145.809347,-37.843093],[145.809262,-37.843203],[145.809235,-37.843234],[145.809151,-37.843325],[145.809115,-37.843366],[145.80907,-37.843424],[145.809027,-37.843483],[145.808939,-37.8436],[145.808879,-37.843677],[145.808824,-37.843744],[145.808767,-37.843811],[145.808727,-37.843857],[145.808603,-37.843994],[145.80855,-37.844056],[145.808513,-37.844104],[145.808481,-37.844154],[145.808461,-37.844187],[145.808437,-37.844233],[145.808407,-37.844295],[145.808371,-37.844375],[145.808266,-37.844614],[145.808248,-37.844651],[145.80819,-37.844763],[145.808167,-37.844813],[145.808156,-37.844842],[145.808142,-37.844883],[145.80813,-37.844924],[145.80811,-37.845008],[145.808075,-37.845176],[145.808063,-37.845223],[145.807962,-37.845577],[145.807912,-37.845735],[145.807857,-37.845892],[145.807819,-37.845997],[145.807799,-37.846046],[145.807776,-37.846095],[145.807759,-37.846127],[145.807735,-37.846169],[145.8077,-37.846224],[145.807645,-37.846303],[145.807587,-37.846381],[145.807547,-37.846431],[145.80749,-37.846497],[145.807406,-37.84659],[145.80732,-37.846681],[145.807206,-37.846795],[145.807012,-37.846982],[145.806945,-37.847043],[145.806876,-37.847104],[145.80683,-37.847143],[145.806766,-37.847195],[145.806687,-37.847253],[145.806606,-37.847309],[145.80655,-37.847346],[145.806453,-37.847407],[145.806287,-37.847505],[145.806197,-37.847555],[145.806139,-37.847585],[145.806079,-37.847614],[145.805959,-37.84767],[145.80588,-37.84771],[145.805756,-37.847779],[145.805636,-37.847851],[145.805509,-37.847931],[145.805462,-37.847962],[145.805431,-37.847984],[145.805393,-37.848014],[145.805372,-37.848032],[145.805349,-37.848054],[145.805284,-37.848125],[145.805222,-37.848198],[145.805131,-37.848313],[145.805014,-37.848468],[145.804895,-37.848622],[145.804692,-37.848874],[145.804591,-37.848992],[145.804486,-37.849108],[145.804466,-37.849126],[145.804442,-37.849142],[145.804356,-37.849192],[145.804338,-37.849204],[145.804319,-37.84922],[145.804311,-37.849229],[145.80428,-37.849268],[145.804234,-37.849334],[145.804186,-37.84942],[145.804155,-37.849486],[145.804138,-37.849525],[145.804071,-37.849749],[145.804028,-37.850146],[145.804255,-37.851008],[145.804549,-37.8516],[145.8048,-37.851997],[145.805045,-37.85217],[145.805276,-37.852234],[145.805862,-37.852237],[145.806461,-37.852365],[145.806699,-37.852527],[145.80693,-37.852625],[145.807269,-37.852724],[145.807695,-37.852846],[145.808084,-37.853123],[145.80835,-37.853503],[145.80863,-37.853906],[145.809235,-37.854339],[145.810057,-37.854933],[145.810655,-37.855291],[145.811103,-37.855523],[145.811406,-37.85561],[145.811644,-37.855634],[145.811905,-37.85552],[145.812275,-37.855332],[145.812565,-37.855241],[145.812927,-37.855202],[145.813433,-37.85529],[145.813838,-37.855298],[145.814113,-37.855236],[145.814345,-37.855099],[145.814636,-37.854698],[145.814898,-37.854355],[145.815065,-37.854212],[145.815333,-37.854115],[145.815709,-37.854214],[145.816163,-37.854537],[145.816443,-37.854848],[145.816666,-37.855251],[145.817061,-37.855763],[145.817362,-37.856281],[145.817518,-37.856838],[145.817609,-37.857458],[145.817615,-37.857751],[145.817129,-37.85799],[145.816449,-37.858137],[145.815753,-37.858295],[145.815059,-37.858344],[145.814567,-37.858434],[145.814015,-37.858731],[145.813543,-37.859119],[145.813121,-37.859674],[145.812924,-37.860035],[145.81264,-37.860321],[145.812016,-37.860715],[145.811487,-37.861046],[145.811123,-37.861469],[145.810831,-37.861916],[145.810706,-37.862334],[145.81079,-37.862909],[145.81091,-37.863535],[145.811001,-37.864034],[145.810949,-37.86431],[145.810702,-37.864464],[145.810319,-37.864457],[145.809786,-37.86403],[145.808763,-37.863263],[145.808447,-37.862825],[145.80826,-37.862509],[145.80827,-37.862095],[145.80817,-37.861865],[145.808019,-37.861704],[145.807484,-37.86161],[145.806862,-37.861499],[145.806278,-37.86129],[145.805737,-37.861018],[145.805087,-37.860763],[145.804415,-37.860583],[145.803699,-37.860591],[145.80325,-37.860687],[145.803016,-37.861197],[145.802767,-37.861799],[145.802512,-37.862136],[145.802069,-37.862554],[145.801791,-37.863058],[145.801731,-37.863528],[145.801916,-37.864132],[145.802107,-37.86485],[145.8023,-37.865402],[145.802471,-37.865861],[145.802786,-37.866431],[145.802848,-37.867091],[145.802874,-37.867642],[145.802959,-37.868039],[145.80337,-37.86827],[145.803918,-37.868525],[145.804386,-37.869037],[145.804709,-37.869549],[145.805038,-37.870119],[145.805232,-37.870498],[145.805246,-37.870562],[145.805207,-37.870598],[145.805041,-37.870823],[145.804823,-37.871116],[145.804618,-37.871303],[145.804383,-37.871395],[145.803527,-37.871675],[145.803415,-37.871729],[145.803249,-37.871839],[145.802755,-37.872456],[145.802487,-37.872648],[145.802395,-37.872694],[145.802168,-37.872746],[145.802098,-37.872741],[145.801357,-37.872195],[145.798193,-37.873292],[145.796486,-37.874598],[145.795137,-37.87493],[145.792875,-37.877703],[145.788032,-37.877817],[145.786014,-37.878586],[145.785967,-37.878588],[145.78556,-37.878671],[145.785199,-37.878708],[145.784454,-37.878648],[145.783637,-37.878464],[145.783405,-37.878386],[145.783362,-37.878382],[145.783027,-37.878344],[145.78291,-37.878346],[145.782628,-37.878278],[145.781791,-37.878334],[145.781472,-37.878466],[145.781087,-37.878541],[145.780701,-37.878539],[145.779308,-37.878324],[145.778755,-37.878322],[145.778273,-37.878436],[145.777621,-37.878778],[145.777261,-37.878738],[145.776613,-37.878392],[145.77622,-37.878339],[145.776114,-37.878353],[145.776007,-37.878388],[145.775241,-37.878635],[145.773677,-37.878725],[145.772688,-37.879104],[145.771318,-37.879136],[145.770667,-37.879173],[145.770148,-37.879303],[145.770017,-37.879335],[145.769293,-37.879608],[145.767825,-37.879737],[145.767559,-37.880022],[145.767553,-37.880902],[145.767335,-37.881131],[145.76662,-37.881292],[145.766178,-37.881471],[145.765599,-37.881908],[145.7649,-37.881982],[145.764466,-37.882133],[145.764062,-37.882398],[145.763646,-37.882589],[145.763044,-37.882587],[145.762228,-37.882355],[145.761746,-37.882449],[145.76088,-37.882426],[145.760159,-37.882214],[145.759795,-37.882183],[145.75903,-37.881981],[145.758741,-37.881999],[145.758666,-37.882084],[145.758639,-37.882146],[145.758619,-37.882216],[145.758643,-37.882343],[145.758977,-37.882822],[145.758975,-37.88307],[145.758707,-37.883738],[145.758798,-37.884446],[145.759324,-37.884926],[145.7599,-37.885195],[145.760645,-37.88537],[145.761149,-37.885582],[145.762322,-37.886465],[145.762658,-37.886582],[145.763226,-37.886613],[145.7635,-37.886679],[145.763787,-37.886871],[145.763786,-37.887044],[145.763568,-37.887349],[145.76277,-37.88792],[145.762382,-37.888435],[145.762235,-37.888817],[145.76228,-37.889295],[145.761891,-37.889924],[145.761793,-37.890363],[145.761599,-37.890515],[145.761022,-37.890494],[145.760781,-37.890551],[145.760515,-37.890779],[145.760512,-37.891181],[145.760629,-37.891678],[145.760644,-37.891916],[145.760851,-37.892353],[145.760959,-37.892807],[145.760784,-37.893839],[145.760851,-37.894622],[145.760633,-37.895042],[145.760508,-37.895596],[145.760554,-37.896055],[145.760791,-37.896572],[145.76079,-37.896782],[145.760329,-37.897373],[145.760085,-37.897869],[145.759988,-37.898079],[145.759812,-37.899302],[145.759446,-37.900122],[145.759203,-37.900447],[145.758913,-37.900636],[145.758214,-37.900825],[145.757562,-37.901109],[145.755667,-37.902438],[145.755484,-37.902516],[145.754977,-37.902782],[145.754323,-37.90341],[145.753888,-37.903676],[145.753647,-37.903752],[145.752684,-37.903806],[145.752362,-37.903908],[145.751913,-37.904051],[145.751404,-37.90447],[145.751299,-37.904668],[145.75118,-37.904986],[145.750823,-37.905294],[145.750008,-37.905627],[145.749459,-37.906013],[145.748983,-37.906475],[145.748775,-37.90705],[145.748563,-37.907357],[145.748276,-37.907531],[145.748115,-37.907532],[145.747876,-37.907446],[145.748014,-37.907725],[145.748259,-37.908065],[145.748503,-37.908273],[145.748843,-37.908441],[145.749303,-37.908532],[145.749372,-37.908534],[145.748591,-37.910171],[145.748697,-37.910527],[145.749031,-37.911357],[145.748943,-37.911425],[145.74892,-37.912735],[145.74969,-37.91357],[145.749678,-37.914259],[145.750443,-37.915302],[145.750433,-37.915922],[145.750686,-37.916407],[145.750802,-37.917137],[145.750759,-37.9172],[145.749571,-37.91791],[145.747494,-37.919238],[145.747322,-37.919558],[145.747189,-37.920534],[145.747307,-37.921801],[145.747529,-37.922642],[145.747453,-37.923219],[145.746957,-37.92399],[145.745874,-37.924982],[145.744385,-37.925609],[145.742263,-37.926258],[145.74164,-37.926588],[145.741252,-37.927117],[145.74123,-37.927933],[145.741436,-37.929141],[145.741714,-37.929611],[145.742121,-37.929976],[145.743433,-37.93161],[145.743753,-37.932016],[145.744683,-37.932646],[145.745687,-37.933507],[145.746484,-37.934627],[145.746784,-37.935698],[145.746781,-37.935927],[145.746657,-37.936115],[145.746463,-37.936356],[145.746409,-37.936539],[145.746563,-37.936761],[145.746842,-37.937134],[145.74712,-37.93765],[145.746974,-37.938277],[145.746843,-37.938506],[145.746471,-37.938645],[145.74574,-37.938786],[145.745162,-37.939167],[145.744582,-37.940195],[145.744349,-37.940803],[145.743505,-37.941632],[145.742613,-37.942666],[145.742149,-37.943181],[145.741907,-37.943546],[145.741819,-37.944123],[145.7419,-37.945137],[145.742043,-37.946225],[145.74184,-37.947224],[145.741642,-37.947846],[145.741172,-37.948365],[145.740411,-37.948598],[145.738596,-37.948786],[145.737788,-37.949005],[145.737065,-37.948945],[145.736589,-37.949001],[145.735977,-37.949368],[145.734866,-37.950185],[145.734749,-37.950753],[145.735207,-37.951683],[145.736191,-37.952736],[145.736644,-37.953161],[145.736792,-37.953318],[145.736874,-37.953741],[145.736902,-37.955273],[145.736625,-37.955688],[145.735783,-37.955888],[145.734735,-37.955853],[145.734264,-37.955959],[145.733802,-37.956295],[145.73335,-37.956819],[145.733054,-37.957358],[145.73279,-37.95764],[145.732406,-37.957812],[145.731766,-37.95805],[145.731067,-37.958834],[145.731055,-37.959774],[145.731483,-37.960382],[145.73212,-37.960855],[145.732741,-37.96124],[145.733119,-37.961573],[145.733294,-37.961951],[145.733452,-37.962764],[145.733842,-37.963634],[145.73514,-37.96506],[145.736057,-37.966306],[145.736662,-37.967581],[145.737656,-37.969512],[145.737874,-37.969933],[145.737964,-37.970127],[145.738119,-37.970302],[145.738467,-37.970695],[145.739578,-37.971795],[145.742177,-37.972942],[145.742703,-37.973074],[145.743945,-37.973795],[145.745841,-37.974676],[145.747327,-37.975434],[145.747769,-37.975804],[145.748182,-37.976184],[145.74931,-37.976829],[145.749724,-37.977039],[145.750238,-37.977726],[145.750416,-37.977833],[145.75068,-37.978096],[145.751007,-37.978337],[145.751058,-37.978429],[145.751086,-37.978507],[145.751134,-37.978583],[145.751614,-37.978977],[145.752088,-37.979688],[145.752696,-37.980399],[145.753141,-37.980628],[145.753697,-37.980843],[145.754061,-37.981307],[145.754652,-37.981508],[145.755294,-37.981811],[145.756012,-37.982549],[145.756128,-37.983228],[145.75604,-37.983787],[145.755384,-37.984393],[145.755194,-37.984545],[145.755088,-37.984712],[145.755141,-37.984898],[145.755319,-37.985018],[145.755563,-37.985004],[145.755851,-37.984802],[145.756174,-37.984648],[145.75635,-37.984672],[145.756485,-37.984758],[145.75651,-37.984909],[145.756531,-37.98537],[145.756622,-37.985854],[145.756696,-37.985964],[145.757055,-37.985955],[145.757407,-37.985991],[145.757681,-37.986158],[145.758064,-37.986562],[145.758296,-37.986831],[145.758624,-37.987037],[145.758814,-37.987075],[145.758991,-37.987021],[145.759145,-37.986999],[145.759234,-37.987018],[145.759326,-37.987094],[145.759392,-37.987225],[145.759442,-37.987377],[145.75972,-37.98767],[145.759806,-37.987736],[145.760072,-37.987777],[145.760343,-37.98785],[145.760498,-37.987936],[145.76059,-37.988023],[145.760616,-37.988085],[145.760586,-37.988142],[145.760493,-37.988158],[145.760402,-37.988329],[145.760599,-37.988601],[145.760887,-37.988731],[145.760996,-37.988768],[145.76107,-37.988881],[145.761312,-37.989013],[145.761524,-37.989007],[145.761645,-37.988985],[145.761735,-37.989025],[145.76176,-37.989101],[145.761667,-37.989167],[145.761561,-37.989246],[145.761566,-37.98937],[145.761733,-37.98946],[145.761932,-37.989551],[145.761948,-37.989684],[145.761837,-37.989729],[145.76178,-37.989701],[145.761669,-37.989714],[145.761672,-37.989797],[145.761951,-37.989959],[145.76223,-37.990141],[145.762401,-37.990404],[145.762536,-37.990723],[145.7625,-37.990837],[145.762134,-37.991254],[145.762069,-37.991425],[145.762166,-37.991504],[145.762348,-37.99153],[145.76252,-37.991444],[145.762641,-37.991452],[145.762704,-37.991546],[145.762647,-37.991766],[145.76268,-37.991961],[145.762635,-37.992082],[145.762475,-37.992159],[145.762217,-37.99221],[145.762028,-37.992238],[145.761972,-37.99232],[145.762046,-37.992495],[145.762212,-37.992677],[145.762373,-37.992783],[145.762607,-37.992799],[145.762728,-37.992886],[145.762777,-37.99312],[145.762693,-37.993461],[145.762403,-37.993826],[145.761994,-37.994396],[145.761653,-37.994934],[145.76169,-37.995049],[145.761773,-37.995105],[145.761909,-37.995092],[145.762095,-37.995045],[145.762222,-37.995062],[145.762389,-37.995173],[145.762476,-37.995407],[145.762422,-37.995599],[145.762299,-37.995706],[145.762058,-37.995796],[145.761915,-37.995955],[145.761776,-37.996229],[145.761757,-37.99638],[145.76184,-37.996466],[145.761911,-37.996629],[145.761843,-37.996747],[145.761688,-37.996852],[145.761538,-37.99686],[145.761395,-37.996928],[145.761259,-37.997188],[145.76126,-37.997426],[145.761337,-37.997514],[145.761438,-37.997549],[145.761535,-37.997629],[145.761548,-37.997767],[145.761357,-37.997789],[145.761235,-37.997854],[145.761141,-37.997975],[145.761177,-37.998142],[145.761329,-37.998251],[145.761458,-37.998367],[145.761526,-37.998532],[145.761453,-37.99887],[145.761338,-37.999096],[145.761261,-37.999279],[145.761395,-37.999479],[145.761786,-37.999722],[145.762287,-37.999984],[145.762547,-38.00043],[145.76245,-38.000659],[145.762448,-38.000927],[145.762568,-38.001118],[145.762591,-38.001309],[145.76242,-38.00171],[145.762393,-38.002093],[145.762296,-38.002207],[145.761958,-38.002397],[145.761933,-38.002531],[145.76198,-38.002684],[145.762243,-38.003048],[145.762479,-38.0041],[145.762598,-38.004292],[145.762935,-38.004542],[145.76315,-38.00481],[145.763268,-38.005288],[145.763291,-38.005594],[145.763482,-38.005977],[145.76377,-38.006227],[145.764058,-38.00638],[145.764178,-38.006495],[145.764465,-38.007013],[145.764609,-38.007185],[145.764726,-38.007797],[145.76494,-38.008295],[145.764915,-38.008524],[145.764818,-38.008658],[145.764721,-38.008734],[145.764468,-38.008824],[145.764455,-38.008829],[145.764358,-38.008943],[145.764357,-38.009115],[145.764596,-38.009518],[145.764595,-38.009632],[145.764473,-38.009919],[145.764472,-38.010129],[145.764568,-38.010301],[145.765024,-38.010628],[145.765096,-38.0108],[145.76502,-38.011297],[145.765042,-38.011832],[145.764943,-38.01231],[145.764964,-38.012826],[145.764671,-38.013342],[145.764694,-38.013609],[145.764885,-38.013954],[145.764885,-38.014069],[145.764763,-38.014183],[145.764282,-38.014086],[145.764185,-38.014124],[145.764184,-38.014238],[145.764593,-38.014431],[145.764665,-38.014565],[145.764568,-38.01468],[145.764495,-38.014699],[145.764206,-38.014621],[145.764013,-38.01462],[145.763941,-38.014659],[145.76394,-38.014754],[145.764036,-38.014831],[145.764277,-38.014927],[145.764397,-38.015023],[145.764444,-38.015195],[145.764318,-38.01522],[145.764018,-38.01522],[145.763889,-38.015347],[145.763888,-38.015442],[145.763984,-38.015538],[145.764514,-38.015635],[145.76461,-38.015789],[145.764438,-38.016381],[145.764436,-38.01661],[145.764484,-38.016725],[145.764459,-38.016955],[145.764601,-38.017356],[145.764573,-38.01814],[145.76462,-38.01837],[145.764859,-38.018772],[145.764858,-38.018925],[145.764688,-38.019211],[145.764445,-38.019402],[145.763647,-38.019839],[145.762919,-38.020487],[145.762141,-38.021651],[145.761292,-38.022432],[145.760272,-38.023633],[145.75986,-38.023957],[145.759182,-38.024376],[145.758673,-38.024909],[145.758309,-38.025214],[145.758043,-38.025347],[145.757922,-38.025366],[145.757416,-38.025442],[145.757189,-38.025727],[145.757511,-38.027604],[145.757646,-38.027727],[145.757853,-38.027838],[145.758046,-38.027993],[145.758145,-38.028195],[145.758117,-38.028408],[145.758042,-38.028607],[145.757852,-38.028757],[145.757678,-38.028845],[145.757446,-38.029077],[145.757166,-38.029341],[145.755815,-38.030303],[145.755769,-38.030617],[145.755816,-38.030827],[145.755403,-38.031476],[145.755329,-38.031629],[145.75528,-38.032001],[145.755284,-38.032113],[145.755441,-38.033178],[145.755603,-38.034555],[145.755841,-38.035014],[145.756031,-38.03557],[145.756015,-38.037103],[145.756806,-38.037796],[145.756999,-38.038048],[145.756996,-38.038353],[145.756801,-38.038604],[145.756094,-38.038914],[145.755372,-38.03908],[145.75514,-38.039544],[145.755089,-38.039983],[145.75516,-38.040193],[145.755352,-38.040481],[145.755614,-38.041189],[145.755925,-38.041611],[145.756261,-38.041879],[145.756524,-38.042282],[145.756546,-38.04276],[145.756496,-38.042989],[145.756758,-38.043621],[145.756874,-38.044577],[145.756842,-38.044824],[145.756819,-38.04494],[145.756868,-38.045686],[145.757011,-38.045839],[145.757396,-38.046013],[145.757517,-38.046109],[145.757564,-38.046185],[145.757564,-38.046338],[145.757442,-38.046453],[145.757176,-38.046528],[145.756452,-38.046545],[145.756235,-38.046621],[145.756018,-38.04662],[145.755873,-38.046562],[145.755631,-38.0466],[145.755558,-38.046695],[145.75558,-38.047116],[145.755249,-38.047553],[145.755167,-38.04765],[145.755166,-38.047765],[145.755381,-38.048224],[145.755501,-38.048339],[145.755554,-38.048429],[145.755596,-38.048569],[145.755595,-38.048818],[145.755497,-38.049066],[145.755303,-38.049218],[145.75523,-38.049333],[145.755253,-38.049428],[145.755059,-38.049657],[145.754671,-38.049943],[145.754718,-38.050153],[145.755006,-38.050517],[145.755099,-38.05111],[145.755243,-38.051302],[145.755339,-38.05134],[145.755748,-38.051686],[145.755867,-38.051897],[145.755937,-38.052355],[145.756153,-38.052547],[145.756249,-38.05272],[145.756465,-38.052816],[145.756755,-38.052874],[145.756971,-38.053009],[145.757042,-38.053219],[145.756847,-38.05362],[145.756847,-38.053716],[145.756895,-38.053812],[145.757135,-38.053965],[145.757231,-38.054138],[145.75706,-38.054347],[145.756721,-38.054518],[145.756455,-38.054728],[145.75585,-38.054917],[145.755729,-38.055032],[145.755317,-38.055222],[145.755075,-38.055412],[145.754663,-38.055774],[145.754419,-38.056098],[145.754151,-38.05669],[145.754099,-38.057225],[145.753928,-38.057645],[145.753925,-38.058123],[145.753972,-38.058372],[145.754163,-38.058736],[145.754764,-38.059177],[145.755124,-38.05958],[145.755411,-38.060001],[145.755601,-38.060518],[145.755671,-38.060625],[145.75568,-38.061048],[145.755682,-38.061155],[145.755645,-38.06136],[145.755439,-38.061575],[145.755278,-38.061711],[145.75499,-38.061988],[145.754938,-38.062134],[145.754866,-38.062542],[145.754719,-38.062829],[145.754379,-38.063248],[145.754296,-38.063414],[145.754112,-38.063611],[145.753844,-38.064031],[145.753817,-38.064489],[145.753888,-38.064681],[145.753887,-38.064891],[145.753814,-38.065025],[145.753425,-38.065425],[145.752918,-38.065577],[145.752723,-38.065805],[145.752746,-38.065997],[145.752818,-38.06613],[145.752813,-38.066876],[145.752885,-38.067068],[145.753268,-38.067604],[145.75319,-38.068636],[145.753309,-38.069153],[145.753283,-38.069439],[145.753064,-38.069668],[145.752411,-38.069896],[145.752217,-38.070029],[145.752096,-38.07022],[145.752086,-38.070478],[145.752319,-38.070773],[145.752456,-38.070795],[145.752982,-38.070718],[145.753223,-38.070718],[145.753367,-38.070795],[145.75339,-38.071044],[145.753292,-38.071292],[145.753291,-38.071464],[145.753387,-38.071694],[145.753554,-38.071924],[145.753576,-38.072383],[145.753695,-38.072575],[145.753984,-38.072824],[145.754271,-38.073207],[145.75427,-38.073494],[145.754172,-38.07357],[145.753713,-38.07376],[145.753616,-38.073874],[145.753591,-38.074027],[145.753734,-38.0742],[145.754071,-38.074373],[145.754239,-38.074622],[145.754161,-38.075597],[145.754279,-38.076152],[145.754518,-38.076535],[145.754529,-38.077007],[145.754571,-38.077148],[145.754605,-38.077351],[145.754639,-38.07751],[145.754608,-38.077644],[145.754292,-38.078159],[145.754338,-38.078427],[145.754443,-38.079198],[145.753732,-38.080207],[145.753362,-38.080503],[145.752754,-38.082235],[145.752219,-38.082628],[145.751969,-38.082811],[145.751657,-38.082912],[145.751298,-38.083052],[145.750757,-38.083184],[145.750073,-38.083243],[145.749788,-38.083197],[145.748914,-38.083347],[145.748211,-38.083587],[145.747773,-38.083813],[145.747412,-38.084114],[145.747089,-38.08452],[145.747051,-38.084625],[145.747013,-38.084641],[145.746879,-38.085047],[145.746651,-38.085258],[145.745758,-38.085769],[145.745264,-38.08616],[145.745073,-38.086446],[145.745016,-38.086597],[145.745016,-38.086988],[145.745244,-38.087485],[145.745452,-38.087817],[145.745623,-38.088073],[145.745775,-38.08842],[145.745851,-38.088751],[145.745889,-38.088872],[145.745965,-38.088977],[145.746098,-38.089188],[145.74625,-38.089354],[145.746307,-38.08943],[145.746344,-38.089445],[145.746364,-38.089505],[145.746477,-38.089611],[145.74661,-38.089852],[145.746724,-38.090093],[145.746762,-38.090243],[145.746876,-38.090515],[145.746933,-38.09056],[145.74699,-38.090756],[145.747217,-38.091208],[145.747217,-38.091584],[145.747084,-38.091855],[145.747008,-38.091961],[145.746894,-38.092172],[145.746837,-38.092232],[145.746837,-38.092277],[145.746648,-38.092545],[145.746589,-38.092608],[145.74657,-38.092698],[145.745847,-38.093842],[145.745657,-38.094113],[145.745352,-38.094535],[145.744934,-38.094926],[145.744516,-38.095196],[145.744002,-38.095648],[145.743508,-38.096054],[145.742956,-38.09661],[145.742633,-38.096941],[145.742138,-38.097377],[145.741644,-38.097724],[145.741454,-38.097919],[145.74143,-38.09795],[145.741377,-38.098039],[145.741225,-38.09825],[145.741149,-38.098446],[145.74094,-38.098837],[145.740883,-38.098882],[145.740883,-38.098912],[145.740369,-38.099454],[145.73976,-38.099965],[145.739456,-38.100131],[145.739285,-38.100386],[145.739247,-38.100492],[145.739211,-38.10053],[145.741261,-38.10069],[145.743447,-38.100858],[145.74491,-38.101176],[145.746424,-38.101663],[145.748732,-38.102476],[145.751285,-38.103633],[145.752023,-38.103974],[145.762787,-38.108946],[145.762534,-38.109258],[145.761873,-38.11013],[145.760869,-38.111479],[145.759985,-38.112666],[145.759549,-38.113252],[145.758515,-38.114788],[145.758423,-38.114947],[145.7579,-38.115639],[145.754993,-38.125899],[145.754941,-38.126536],[145.754898,-38.126643],[145.748478,-38.142826],[145.746487,-38.143995],[145.739677,-38.148062],[145.729861,-38.1539],[145.729725,-38.15398],[145.726136,-38.159962],[145.725328,-38.161226],[145.7251,-38.16162],[145.722002,-38.166815],[145.721531,-38.167659],[145.721129,-38.168299],[145.721051,-38.16846],[145.716994,-38.175251],[145.715709,-38.1774],[145.715153,-38.178338],[145.714693,-38.179102],[145.709973,-38.187133],[145.709672,-38.187642],[145.707842,-38.190822],[145.703044,-38.194835],[145.702894,-38.194817],[145.700802,-38.205926],[145.70599,-38.206577],[145.706007,-38.206683],[145.708593,-38.206921],[145.710056,-38.206844],[145.717412,-38.206726],[145.716689,-38.210636],[145.714699,-38.221402],[145.716064,-38.221573],[145.716261,-38.22159],[145.715331,-38.226511],[145.713446,-38.236697],[145.713437,-38.236752],[145.713407,-38.23694],[145.712957,-38.239263],[145.715174,-38.238633],[145.712927,-38.250871],[145.712831,-38.251801],[145.713942,-38.251944],[145.71539,-38.251464],[145.717201,-38.250394],[145.719121,-38.249388],[145.719638,-38.249329],[145.720287,-38.249486],[145.720749,-38.249512],[145.721284,-38.249615],[145.721856,-38.249715],[145.723051,-38.249517],[145.723871,-38.249201],[145.72419,-38.249133],[145.724521,-38.249172],[145.724805,-38.249356],[145.725072,-38.249597],[145.725338,-38.249898],[145.725502,-38.250052],[145.725772,-38.250105],[145.726059,-38.250081],[145.726453,-38.250063],[145.72689,-38.25009],[145.727386,-38.250132],[145.727943,-38.250259],[145.728295,-38.250394],[145.728879,-38.250621],[145.729624,-38.250718],[145.730842,-38.250979],[145.731446,-38.251059],[145.732125,-38.250994],[145.732461,-38.250831],[145.732814,-38.250479],[145.73317,-38.250018],[145.733661,-38.249537],[145.734087,-38.249312],[145.734784,-38.24913],[145.73539,-38.249056],[145.736357,-38.248976],[145.736238,-38.24972],[145.735814,-38.252262],[145.735351,-38.255038],[145.734388,-38.260845],[145.734192,-38.261983],[145.734193,-38.262075],[145.734194,-38.262165],[145.73415,-38.262421],[145.732944,-38.268596],[145.736539,-38.268873],[145.735397,-38.27457],[145.734568,-38.278707],[145.73268,-38.289375],[145.720619,-38.288018],[145.710403,-38.286866],[145.699712,-38.285661],[145.698728,-38.291132],[145.68964,-38.290119],[145.690933,-38.283089],[145.681492,-38.282232],[145.680275,-38.289597],[145.665145,-38.28791],[145.664529,-38.287751],[145.664234,-38.287695],[145.663973,-38.287685],[145.66329,-38.287657],[145.662452,-38.287539],[145.660853,-38.287316],[145.659999,-38.287196],[145.658232,-38.287005],[145.658011,-38.286978],[145.651493,-38.286183],[145.651452,-38.286322],[145.641853,-38.285202],[145.641836,-38.285292],[145.638138,-38.284857],[145.638552,-38.282505],[145.6381,-38.28264],[145.637615,-38.28283],[145.637058,-38.283116],[145.636743,-38.283363],[145.636184,-38.284049],[145.635555,-38.284467],[145.63507,-38.284658],[145.633661,-38.284983],[145.633648,-38.284987],[145.633593,-38.284999],[145.633036,-38.285189],[145.632381,-38.285512],[145.631545,-38.286094],[145.631524,-38.286107],[145.631097,-38.286311],[145.630613,-38.286482],[145.630397,-38.286528],[145.63034,-38.286541],[145.629547,-38.28671],[145.6287,-38.286766],[145.628323,-38.286747],[145.627514,-38.286708],[145.627079,-38.286581],[145.62597,-38.286308],[145.625832,-38.286273],[145.625624,-38.286222],[145.625042,-38.286076],[145.623861,-38.286669],[145.621789,-38.28861],[145.618918,-38.289071],[145.618645,-38.288923],[145.617836,-38.288652],[145.61607,-38.28828],[145.614724,-38.287995],[145.614036,-38.287233],[145.613842,-38.28702],[145.613136,-38.286239],[145.61257,-38.285609],[145.612448,-38.285573],[145.612426,-38.285715],[145.610434,-38.296968],[145.610303,-38.297007],[145.610276,-38.297137],[145.608528,-38.307171],[145.607209,-38.31475],[145.607131,-38.315264],[145.607423,-38.315199],[145.608548,-38.314882],[145.60926,-38.314711],[145.609179,-38.315146],[145.60916,-38.315242],[145.608691,-38.317914],[145.608182,-38.319924],[145.607822,-38.321902],[145.607652,-38.322771],[145.605684,-38.332457],[145.60313,-38.33203],[145.602692,-38.331946],[145.597155,-38.330875],[145.593617,-38.330099],[145.593297,-38.329857],[145.589262,-38.326759],[145.58868,-38.32626],[145.588256,-38.325566],[145.58701,-38.32322],[145.585859,-38.322014],[145.584793,-38.320761],[145.584577,-38.320156],[145.584132,-38.315629],[145.582569,-38.313163],[145.58245,-38.313039],[145.582124,-38.312679],[145.581594,-38.312362],[145.578349,-38.311083],[145.570319,-38.305154],[145.56935,-38.304555],[145.568926,-38.304455],[145.566031,-38.303736],[145.565282,-38.303292],[145.564068,-38.302447],[145.563487,-38.301978],[145.562354,-38.300812],[145.560988,-38.299013],[145.559871,-38.297747],[145.558152,-38.296121],[145.555246,-38.294388],[145.553667,-38.293571],[145.552885,-38.293346],[145.551148,-38.293025],[145.549035,-38.292744],[145.547689,-38.292486],[145.546352,-38.291955],[145.545781,-38.291337],[145.545349,-38.292232],[145.545159,-38.293486],[145.5451,-38.293742],[145.544905,-38.294769],[145.542988,-38.303702],[145.541805,-38.309385],[145.521752,-38.30681],[145.521301,-38.306626]]],[[[145.5217155656057,-38.29831549746281],[145.522209,-38.299288],[145.5217155656057,-38.2983154974628],[145.5217155656057,-38.29831549746281]]]]},"bbox":[145.03908098153747,-39.248681951865656,146.79741493379527,-37.580001]}]}