{"type":"FeatureCollection","features":[
{"properties":{"electorateShortName":"lyne","electorateName":"Lyne","area":16099.473299,"state":"NSW"},"type":"Feature","geometry":{"type":"MultiPolygon","coordinates":[[[[152.915202,-31.492816],[152.91193,-31.492189],[152.910739,-31.492008],[152.909138,-31.492967],[152.90682,-31.492626],[152.906593,-31.492592],[152.904448,-31.492276],[152.904139,-31.492231],[152.903354,-31.492115],[152.874346,-31.488122],[152.87424,-31.487453],[152.874044,-31.486835],[152.873501,-31.486578],[152.872777,-31.486128],[152.872234,-31.485909],[152.871449,-31.485973],[152.869639,-31.486411],[152.869258,-31.48648],[152.868741,-31.48605],[152.867798,-31.48551],[152.843392,-31.479562],[152.843327,-31.479537],[152.843261,-31.479498],[152.843201,-31.479448],[152.843149,-31.479392],[152.843112,-31.479334],[152.842789,-31.479404],[152.842216,-31.478996],[152.841628,-31.478466],[152.841159,-31.47795],[152.840924,-31.477535],[152.84084,-31.477306],[152.840841,-31.47649],[152.840807,-31.476247],[152.84069,-31.476018],[152.840555,-31.475903],[152.840354,-31.475817],[152.840035,-31.475789],[152.839279,-31.475903],[152.838725,-31.476145],[152.838322,-31.476417],[152.838187,-31.476474],[152.838137,-31.476531],[152.837784,-31.476717],[152.837717,-31.476731],[152.837666,-31.476788],[152.83728,-31.47696],[152.837028,-31.477017],[152.836743,-31.476988],[152.836491,-31.476888],[152.83629,-31.476758],[152.835971,-31.476472],[152.835383,-31.476071],[152.835098,-31.475928],[152.834863,-31.47587],[152.834792,-31.475822],[152.834695,-31.475827],[152.834523,-31.475756],[152.834001,-31.475861],[152.833264,-31.475936],[152.832946,-31.475848],[152.832781,-31.475854],[152.83264,-31.475806],[152.832422,-31.475779],[152.83194,-31.475891],[152.831352,-31.476206],[152.83094,-31.476497],[152.830677,-31.476535],[152.830273,-31.476475],[152.829834,-31.476262],[152.829542,-31.476046],[152.829256,-31.475861],[152.828554,-31.475383],[152.82794,-31.475218],[152.827396,-31.475218],[152.826381,-31.475587],[152.825513,-31.476024],[152.825409,-31.476062],[152.82514,-31.476176],[152.825023,-31.476262],[152.824972,-31.476262],[152.824922,-31.476305],[152.823934,-31.476743],[152.823561,-31.476847],[152.822403,-31.476832],[152.821949,-31.476774],[152.821747,-31.476786],[152.821496,-31.476716],[152.82111,-31.476516],[152.820606,-31.476372],[152.8198,-31.476228],[152.819548,-31.476228],[152.819382,-31.476256],[152.818877,-31.476513],[152.818826,-31.476571],[152.818524,-31.476713],[152.818507,-31.476742],[152.818104,-31.476885],[152.817566,-31.476956],[152.816727,-31.476969],[152.816324,-31.47694],[152.816156,-31.476883],[152.815736,-31.476825],[152.815232,-31.476825],[152.81493,-31.476896],[152.814899,-31.476896],[152.815182,-31.476464],[152.815258,-31.476332],[152.815641,-31.475697],[152.816038,-31.475023],[152.816436,-31.474322],[152.816772,-31.473639],[152.816942,-31.473234],[152.817001,-31.473125],[152.817463,-31.472247],[152.817822,-31.47144],[152.818238,-31.470453],[152.8186,-31.469593],[152.819021,-31.468499],[152.819158,-31.468138],[152.81964,-31.466577],[152.820146,-31.464566],[152.82051,-31.462835],[152.820705,-31.461899],[152.821554,-31.45774],[152.821771,-31.45682],[152.82197,-31.456022],[152.822127,-31.455285],[152.822312,-31.454475],[152.822426,-31.453725],[152.822525,-31.453207],[152.822541,-31.453166],[152.822787,-31.45237],[152.822818,-31.452218],[152.823013,-31.451381],[152.823402,-31.449381],[152.823476,-31.44898],[152.823566,-31.448536],[152.823705,-31.448028],[152.823808,-31.447548],[152.823868,-31.447207],[152.823921,-31.446906],[152.823998,-31.446452],[152.824013,-31.446287],[152.824044,-31.445859],[152.82404,-31.445318],[152.823972,-31.444717],[152.823896,-31.443469],[152.823606,-31.440622],[152.823461,-31.439334],[152.823079,-31.436204],[152.822592,-31.431474],[152.822523,-31.431009],[152.822492,-31.430721],[152.822488,-31.430272],[152.822499,-31.429832],[152.822558,-31.429375],[152.822614,-31.429026],[152.822672,-31.428774],[152.822942,-31.4278],[152.823201,-31.426801],[152.823295,-31.426285],[152.823464,-31.425586],[152.823573,-31.425146],[152.823731,-31.424511],[152.824366,-31.421932],[152.824448,-31.421571],[152.82458,-31.421025],[152.824942,-31.419807],[152.82513,-31.419086],[152.82541,-31.417753],[152.825532,-31.417166],[152.825499,-31.416236],[152.825415,-31.415491],[152.825235,-31.414672],[152.82498,-31.414087],[152.824844,-31.413747],[152.824688,-31.413458],[152.82455,-31.413243],[152.824443,-31.413007],[152.824258,-31.412786],[152.824188,-31.412661],[152.823854,-31.412129],[152.823585,-31.411689],[152.823373,-31.411349],[152.823121,-31.410971],[152.822989,-31.410744],[152.822431,-31.409844],[152.822335,-31.409686],[152.821681,-31.408599],[152.819907,-31.405656],[152.817975,-31.402582],[152.81639,-31.400121],[152.809346,-31.389182],[152.808712,-31.388195],[152.808485,-31.387881],[152.807354,-31.386203],[152.807095,-31.386275],[152.806678,-31.385598],[152.804977,-31.383085],[152.804653,-31.382577],[152.803776,-31.380296],[152.80314,-31.378443],[152.802806,-31.376625],[152.802722,-31.376376],[152.802461,-31.375565],[152.802221,-31.374976],[152.800186,-31.370561],[152.800311,-31.37053],[152.799408,-31.368716],[152.797846,-31.364805],[152.79696,-31.362718],[152.795703,-31.359805],[152.794939,-31.357898],[152.794253,-31.356107],[152.793948,-31.355012],[152.793472,-31.354943],[152.788026,-31.354077],[152.788589,-31.348873],[152.788645,-31.348168],[152.785199,-31.348135],[152.785114,-31.345819],[152.785192,-31.345829],[152.785458,-31.345852],[152.785724,-31.34587],[152.78599,-31.34589],[152.786124,-31.345902],[152.786391,-31.345924],[152.786524,-31.345932],[152.786658,-31.345937],[152.786877,-31.345932],[152.787096,-31.345917],[152.787534,-31.345874],[152.787699,-31.345862],[152.78767,-31.345683],[152.785939,-31.343094],[152.783559,-31.342728],[152.778336,-31.341922],[152.777938,-31.34186],[152.777865,-31.341845],[152.769521,-31.340568],[152.769764,-31.339439],[152.76957,-31.33929],[152.769644,-31.338981],[152.768477,-31.338772],[152.767629,-31.338714],[152.765906,-31.338459],[152.765805,-31.338947],[152.763181,-31.339618],[152.759192,-31.34064],[152.757761,-31.347603],[152.754764,-31.347161],[152.751099,-31.346678],[152.747416,-31.34619],[152.74715,-31.346154],[152.744183,-31.345726],[152.744744,-31.342776],[152.74406,-31.342461],[152.743459,-31.342289],[152.743075,-31.342161],[152.741839,-31.34136],[152.740487,-31.340632],[152.74012,-31.340531],[152.736674,-31.340141],[152.736703,-31.339954],[152.737085,-31.338],[152.737105,-31.337842],[152.736995,-31.337877],[152.736834,-31.337925],[152.736415,-31.338039],[152.736287,-31.338072],[152.736158,-31.338098],[152.736028,-31.338112],[152.735917,-31.338117],[152.735803,-31.338119],[152.73569,-31.338114],[152.735581,-31.338097],[152.735481,-31.338064],[152.735408,-31.338029],[152.735332,-31.337988],[152.735262,-31.33794],[152.735206,-31.337886],[152.735172,-31.337827],[152.73517,-31.33776],[152.735197,-31.337686],[152.735235,-31.337607],[152.735272,-31.337526],[152.735291,-31.337447],[152.735286,-31.337349],[152.735264,-31.33725],[152.735232,-31.33715],[152.735198,-31.337049],[152.735172,-31.336949],[152.73514,-31.33676],[152.735095,-31.336377],[152.735069,-31.336187],[152.735029,-31.336],[152.734978,-31.335842],[152.734915,-31.335686],[152.734849,-31.335532],[152.734789,-31.335376],[152.734743,-31.335217],[152.734711,-31.335026],[152.734693,-31.334832],[152.734686,-31.334636],[152.734688,-31.334439],[152.734696,-31.334244],[152.734703,-31.334149],[152.734713,-31.334054],[152.734735,-31.333865],[152.734743,-31.33377],[152.734746,-31.33364],[152.734741,-31.333509],[152.734737,-31.333378],[152.734743,-31.333251],[152.734767,-31.333129],[152.734821,-31.333001],[152.734896,-31.332879],[152.734984,-31.332762],[152.735172,-31.332536],[152.735274,-31.332416],[152.735381,-31.332299],[152.735491,-31.332186],[152.735604,-31.332076],[152.735719,-31.331967],[152.735865,-31.331831],[152.736014,-31.331699],[152.736166,-31.331571],[152.736322,-31.331446],[152.73648,-31.331326],[152.736607,-31.331238],[152.736737,-31.331154],[152.736868,-31.331072],[152.736997,-31.330988],[152.737123,-31.330899],[152.73722,-31.330829],[152.73732,-31.330759],[152.737416,-31.330687],[152.737503,-31.330608],[152.737575,-31.330519],[152.737617,-31.330435],[152.737645,-31.330341],[152.737669,-31.330245],[152.737698,-31.330152],[152.737741,-31.330068],[152.737781,-31.330013],[152.737825,-31.329957],[152.737872,-31.329905],[152.737924,-31.329862],[152.737979,-31.329831],[152.738036,-31.329815],[152.738099,-31.329809],[152.738163,-31.329811],[152.738228,-31.329819],[152.738289,-31.329831],[152.73837,-31.329863],[152.738447,-31.329912],[152.738522,-31.329971],[152.738595,-31.330034],[152.738789,-31.330187],[152.73902,-31.330389],[152.739138,-31.330484],[152.739264,-31.330567],[152.73936,-31.33062],[152.739458,-31.330671],[152.739558,-31.330717],[152.73966,-31.330754],[152.739764,-31.33078],[152.739898,-31.330793],[152.740037,-31.330788],[152.740178,-31.330769],[152.740318,-31.330741],[152.740454,-31.330709],[152.740572,-31.330678],[152.740689,-31.330642],[152.740804,-31.330599],[152.740917,-31.330551],[152.741025,-31.330496],[152.741101,-31.330451],[152.741175,-31.330403],[152.741247,-31.330351],[152.741317,-31.330297],[152.741385,-31.33024],[152.741641,-31.330098],[152.741766,-31.330033],[152.741894,-31.329974],[152.742066,-31.329906],[152.742242,-31.329849],[152.742421,-31.329796],[152.742779,-31.329695],[152.742961,-31.329641],[152.743144,-31.329589],[152.74351,-31.329487],[152.743906,-31.329375],[152.744118,-31.329317],[152.744331,-31.329257],[152.744542,-31.329194],[152.745087,-31.329019],[152.745252,-31.328961],[152.745363,-31.328916],[152.745394,-31.328907],[152.745874,-31.328723],[152.745882,-31.328717],[152.746104,-31.328494],[152.746107,-31.328486],[152.746118,-31.328432],[152.746124,-31.328427],[152.746244,-31.328309],[152.746345,-31.328194],[152.74644,-31.328071],[152.746528,-31.327942],[152.74661,-31.327809],[152.746686,-31.327675],[152.746728,-31.327586],[152.746799,-31.327402],[152.746839,-31.327314],[152.746888,-31.327232],[152.746917,-31.327196],[152.747012,-31.327094],[152.747042,-31.327059],[152.747092,-31.326991],[152.747138,-31.326919],[152.747226,-31.326774],[152.747299,-31.326665],[152.747351,-31.32659],[152.747378,-31.326554],[152.747408,-31.32652],[152.747451,-31.32648],[152.747497,-31.326443],[152.747547,-31.326409],[152.747598,-31.326377],[152.747716,-31.326308],[152.747751,-31.32629],[152.747786,-31.326274],[152.747822,-31.326261],[152.747889,-31.326247],[152.74796,-31.326243],[152.748033,-31.326247],[152.748178,-31.326261],[152.748251,-31.326269],[152.748397,-31.326298],[152.748471,-31.32631],[152.748544,-31.326318],[152.748633,-31.326324],[152.748678,-31.326326],[152.748722,-31.326324],[152.748765,-31.326318],[152.748816,-31.326305],[152.748866,-31.326285],[152.748915,-31.326261],[152.748962,-31.326233],[152.749006,-31.326203],[152.749049,-31.326169],[152.74909,-31.326131],[152.749129,-31.326091],[152.749162,-31.326047],[152.749188,-31.326001],[152.749207,-31.325953],[152.74922,-31.325901],[152.749228,-31.325847],[152.74923,-31.325793],[152.749227,-31.325741],[152.749211,-31.325679],[152.749183,-31.325619],[152.749147,-31.32556],[152.749109,-31.325501],[152.749073,-31.325443],[152.749027,-31.325365],[152.74888,-31.325136],[152.748832,-31.325058],[152.748708,-31.32484],[152.74863,-31.324693],[152.748589,-31.324606],[152.74855,-31.324519],[152.748512,-31.324431],[152.748472,-31.324344],[152.748428,-31.32426],[152.748373,-31.324164],[152.748314,-31.324069],[152.748252,-31.323976],[152.748184,-31.323888],[152.748111,-31.323808],[152.748035,-31.323736],[152.747954,-31.323668],[152.747869,-31.323606],[152.74778,-31.323552],[152.747687,-31.32351],[152.747607,-31.323484],[152.747523,-31.323467],[152.747437,-31.323455],[152.747264,-31.323442],[152.747162,-31.323441],[152.74706,-31.323447],[152.746958,-31.323456],[152.746856,-31.323466],[152.746754,-31.323471],[152.746632,-31.323472],[152.746269,-31.323462],[152.746147,-31.323461],[152.746022,-31.323465],[152.745897,-31.323471],[152.745647,-31.323485],[152.745522,-31.32349],[152.745389,-31.323492],[152.745123,-31.32349],[152.74499,-31.323492],[152.744858,-31.3235],[152.744765,-31.323508],[152.744671,-31.323518],[152.744578,-31.323529],[152.744486,-31.323545],[152.744396,-31.323567],[152.744312,-31.323594],[152.74423,-31.323625],[152.744149,-31.32366],[152.744069,-31.323699],[152.743992,-31.32374],[152.74391,-31.323793],[152.743833,-31.323854],[152.743757,-31.323917],[152.743679,-31.323977],[152.743597,-31.324029],[152.743506,-31.32407],[152.743411,-31.324103],[152.743314,-31.324133],[152.743218,-31.324164],[152.743126,-31.324202],[152.743023,-31.32426],[152.742924,-31.324326],[152.742827,-31.324396],[152.742728,-31.324462],[152.742625,-31.32452],[152.74251,-31.324569],[152.742392,-31.324612],[152.742271,-31.32465],[152.74215,-31.324686],[152.742028,-31.324722],[152.74193,-31.324749],[152.741635,-31.324826],[152.741538,-31.324856],[152.741444,-31.32489],[152.741352,-31.324927],[152.741168,-31.325003],[152.741076,-31.325039],[152.740965,-31.325079],[152.740853,-31.325118],[152.740629,-31.325194],[152.740517,-31.325231],[152.740213,-31.325342],[152.740111,-31.325376],[152.740007,-31.325405],[152.73993,-31.325421],[152.739851,-31.325435],[152.739771,-31.325448],[152.739692,-31.325459],[152.739613,-31.325472],[152.739301,-31.325526],[152.739197,-31.325543],[152.739093,-31.325558],[152.738943,-31.325578],[152.738794,-31.325594],[152.738643,-31.325609],[152.738343,-31.325635],[152.73803,-31.325669],[152.737926,-31.325675],[152.737823,-31.325674],[152.737777,-31.325669],[152.73773,-31.325662],[152.737684,-31.325654],[152.737638,-31.325648],[152.737592,-31.325645],[152.737496,-31.325652],[152.7374,-31.325672],[152.737207,-31.325728],[152.737111,-31.325751],[152.737003,-31.325772],[152.736896,-31.325794],[152.736788,-31.325814],[152.73668,-31.325829],[152.736572,-31.325837],[152.736481,-31.325839],[152.736391,-31.325836],[152.7363,-31.325829],[152.736209,-31.32582],[152.73612,-31.325809],[152.736005,-31.325793],[152.735889,-31.325774],[152.735774,-31.325751],[152.735665,-31.325718],[152.735561,-31.325674],[152.7355,-31.325638],[152.735443,-31.325595],[152.73533,-31.325505],[152.735273,-31.325462],[152.735203,-31.325412],[152.735134,-31.325359],[152.735064,-31.325308],[152.734992,-31.325264],[152.734917,-31.325231],[152.734844,-31.32521],[152.734768,-31.325195],[152.734691,-31.325186],[152.734614,-31.325185],[152.734541,-31.325193],[152.734484,-31.325206],[152.734427,-31.325224],[152.734372,-31.325248],[152.734319,-31.325276],[152.734272,-31.325308],[152.734235,-31.325339],[152.734201,-31.325373],[152.734169,-31.325411],[152.734141,-31.32545],[152.734118,-31.325491],[152.7341,-31.325536],[152.734087,-31.325583],[152.734079,-31.325633],[152.734073,-31.325682],[152.73407,-31.325732],[152.734073,-31.325788],[152.734085,-31.325846],[152.734098,-31.325903],[152.734104,-31.325959],[152.734099,-31.326011],[152.734077,-31.326061],[152.734045,-31.32611],[152.734005,-31.326156],[152.733961,-31.326197],[152.733916,-31.326232],[152.733838,-31.326269],[152.733748,-31.326288],[152.73365,-31.326295],[152.733454,-31.326299],[152.733356,-31.326304],[152.733257,-31.326307],[152.733158,-31.326306],[152.733063,-31.326295],[152.732973,-31.32627],[152.732907,-31.32624],[152.732845,-31.326201],[152.732784,-31.326158],[152.732665,-31.326068],[152.7325,-31.325956],[152.732419,-31.325899],[152.732341,-31.325837],[152.73227,-31.32577],[152.732222,-31.325718],[152.7322,-31.32569],[152.732177,-31.325663],[152.73207,-31.325527],[152.731989,-31.325415],[152.731913,-31.325299],[152.731843,-31.32518],[152.731779,-31.325058],[152.731722,-31.324927],[152.731674,-31.324791],[152.731632,-31.324653],[152.731591,-31.324513],[152.731548,-31.324375],[152.731511,-31.32427],[152.73147,-31.324165],[152.731431,-31.32406],[152.731398,-31.323954],[152.731375,-31.323846],[152.731368,-31.323799],[152.731362,-31.32375],[152.731355,-31.323654],[152.731356,-31.323606],[152.731367,-31.323517],[152.73139,-31.323428],[152.731452,-31.323252],[152.731481,-31.323163],[152.731499,-31.323095],[152.731515,-31.323027],[152.731533,-31.322959],[152.731552,-31.322892],[152.731577,-31.322827],[152.731611,-31.322755],[152.731648,-31.322684],[152.731691,-31.322615],[152.731738,-31.32255],[152.731789,-31.32249],[152.731878,-31.32241],[152.731982,-31.322342],[152.732095,-31.322282],[152.732212,-31.32223],[152.732328,-31.322182],[152.732455,-31.32214],[152.732587,-31.32211],[152.732721,-31.322085],[152.732853,-31.322057],[152.732982,-31.322019],[152.733072,-31.321983],[152.733161,-31.321943],[152.733249,-31.321901],[152.733336,-31.321858],[152.733425,-31.321817],[152.733819,-31.321642],[152.733916,-31.321595],[152.73403,-31.321543],[152.734148,-31.321491],[152.734262,-31.321436],[152.734369,-31.321373],[152.734464,-31.321297],[152.734544,-31.321214],[152.734618,-31.32112],[152.734683,-31.321019],[152.734735,-31.320914],[152.734772,-31.320807],[152.734783,-31.32075],[152.734788,-31.320693],[152.734794,-31.320576],[152.734801,-31.320518],[152.734821,-31.320412],[152.734848,-31.320307],[152.734879,-31.320202],[152.734915,-31.320099],[152.734955,-31.319999],[152.73499,-31.319924],[152.735029,-31.319851],[152.73511,-31.319707],[152.735147,-31.319633],[152.735215,-31.319485],[152.735246,-31.31941],[152.735275,-31.319335],[152.735301,-31.319258],[152.735329,-31.319179],[152.735361,-31.319096],[152.735387,-31.319015],[152.735399,-31.318939],[152.735388,-31.318873],[152.735361,-31.31883],[152.735324,-31.318791],[152.735279,-31.318755],[152.735232,-31.318722],[152.735186,-31.318691],[152.735089,-31.318638],[152.734983,-31.318599],[152.734871,-31.318569],[152.734757,-31.318541],[152.734647,-31.318508],[152.73452,-31.318467],[152.734392,-31.318428],[152.734265,-31.318388],[152.734141,-31.318342],[152.734022,-31.318286],[152.733914,-31.318224],[152.73381,-31.318153],[152.733709,-31.318078],[152.733511,-31.317921],[152.73341,-31.31784],[152.733311,-31.317757],[152.733212,-31.317672],[152.733115,-31.317586],[152.73302,-31.317498],[152.732961,-31.317441],[152.732845,-31.317327],[152.732788,-31.317268],[152.732662,-31.317134],[152.732593,-31.317059],[152.732525,-31.316982],[152.73246,-31.316904],[152.732395,-31.316824],[152.732328,-31.316747],[152.732257,-31.316669],[152.732191,-31.316589],[152.732137,-31.316507],[152.732106,-31.31642],[152.7321,-31.316362],[152.7321,-31.316302],[152.732105,-31.316242],[152.732114,-31.316181],[152.732125,-31.316122],[152.732141,-31.316057],[152.732161,-31.315992],[152.732212,-31.315866],[152.732241,-31.315805],[152.732282,-31.315739],[152.732382,-31.315615],[152.732423,-31.315553],[152.732443,-31.315487],[152.732443,-31.315424],[152.73243,-31.315358],[152.732408,-31.315291],[152.73238,-31.315228],[152.732347,-31.31517],[152.732272,-31.315089],[152.73217,-31.315025],[152.732052,-31.314971],[152.731808,-31.314881],[152.73167,-31.314836],[152.731529,-31.314801],[152.731385,-31.314773],[152.73124,-31.314747],[152.731096,-31.314718],[152.730958,-31.314685],[152.730819,-31.31465],[152.730681,-31.314618],[152.730543,-31.314591],[152.730403,-31.314574],[152.730284,-31.314569],[152.730165,-31.314571],[152.72966,-31.314602],[152.729367,-31.314627],[152.729221,-31.314634],[152.729075,-31.314631],[152.728893,-31.314613],[152.728711,-31.314581],[152.72853,-31.314541],[152.72817,-31.314449],[152.727933,-31.314386],[152.727696,-31.314318],[152.727461,-31.314243],[152.727231,-31.314159],[152.727006,-31.314064],[152.726835,-31.313981],[152.726666,-31.313891],[152.726501,-31.313796],[152.726338,-31.313696],[152.726178,-31.313592],[152.726045,-31.313502],[152.725915,-31.313408],[152.725786,-31.313311],[152.725659,-31.313212],[152.725343,-31.31296],[152.725249,-31.312882],[152.725158,-31.312802],[152.725071,-31.312717],[152.724988,-31.312625],[152.72491,-31.312528],[152.724835,-31.312428],[152.724761,-31.312327],[152.72463,-31.312152],[152.724573,-31.312078],[152.724517,-31.312003],[152.724462,-31.311928],[152.724407,-31.311851],[152.724339,-31.311753],[152.724272,-31.311654],[152.724207,-31.311554],[152.724143,-31.311453],[152.72408,-31.311351],[152.724032,-31.311267],[152.72394,-31.311094],[152.723892,-31.31101],[152.723839,-31.310928],[152.723763,-31.310828],[152.723679,-31.310733],[152.723416,-31.310457],[152.723222,-31.310243],[152.723026,-31.310031],[152.722925,-31.309928],[152.722838,-31.309842],[152.72257,-31.30959],[152.722482,-31.309504],[152.722272,-31.309287],[152.722168,-31.309177],[152.722068,-31.309063],[152.721972,-31.308947],[152.721905,-31.308859],[152.721841,-31.308769],[152.721778,-31.308678],[152.721716,-31.308587],[152.721624,-31.308447],[152.721355,-31.308024],[152.721281,-31.307909],[152.721205,-31.307797],[152.721126,-31.307686],[152.721,-31.307531],[152.720866,-31.307383],[152.720588,-31.307093],[152.720452,-31.306946],[152.720186,-31.306646],[152.720098,-31.306545],[152.720009,-31.306446],[152.719881,-31.306292],[152.719758,-31.306131],[152.719632,-31.305974],[152.719496,-31.305832],[152.719345,-31.305715],[152.719237,-31.305653],[152.719124,-31.305601],[152.719006,-31.305554],[152.718887,-31.305513],[152.718768,-31.305474],[152.718619,-31.305434],[152.718467,-31.305403],[152.718313,-31.305378],[152.71816,-31.305352],[152.718007,-31.30532],[152.71787,-31.305288],[152.717732,-31.305254],[152.717595,-31.305219],[152.717459,-31.30518],[152.717324,-31.305137],[152.717169,-31.30508],[152.717016,-31.305017],[152.716865,-31.30495],[152.716564,-31.30481],[152.71629,-31.304687],[152.716155,-31.304623],[152.716021,-31.304556],[152.71589,-31.304483],[152.715742,-31.304391],[152.715597,-31.304293],[152.715455,-31.304189],[152.715316,-31.304082],[152.715178,-31.303974],[152.715068,-31.303884],[152.714748,-31.303604],[152.714639,-31.303512],[152.714403,-31.30332],[152.714283,-31.303226],[152.714042,-31.30304],[152.713945,-31.302969],[152.713747,-31.302828],[152.713649,-31.302757],[152.713272,-31.302476],[152.713135,-31.302368],[152.713002,-31.302256],[152.712878,-31.302136],[152.712799,-31.302048],[152.712724,-31.301955],[152.712579,-31.301766],[152.712503,-31.301675],[152.712397,-31.301563],[152.712173,-31.301348],[152.712067,-31.301236],[152.711973,-31.301117],[152.71189,-31.300981],[152.711818,-31.300837],[152.711753,-31.300688],[152.711694,-31.300537],[152.711636,-31.300386],[152.711599,-31.300283],[152.711565,-31.300179],[152.711533,-31.300074],[152.711499,-31.29997],[152.711463,-31.299866],[152.711419,-31.299752],[152.711373,-31.299638],[152.711325,-31.299525],[152.711232,-31.299299],[152.711187,-31.299182],[152.711101,-31.298946],[152.711057,-31.298829],[152.711011,-31.298712],[152.710952,-31.29857],[152.710829,-31.298289],[152.710703,-31.29801],[152.710644,-31.297881],[152.710522,-31.297624],[152.710462,-31.297495],[152.710404,-31.297365],[152.710353,-31.297241],[152.710206,-31.296864],[152.710154,-31.29674],[152.710103,-31.296624],[152.709995,-31.296393],[152.709885,-31.296163],[152.709824,-31.296031],[152.709764,-31.295898],[152.709702,-31.295766],[152.709638,-31.295636],[152.709567,-31.295509],[152.709492,-31.295383],[152.709413,-31.295259],[152.70933,-31.295137],[152.70924,-31.295021],[152.709144,-31.294913],[152.709001,-31.294787],[152.708841,-31.294678],[152.708674,-31.294576],[152.708505,-31.294475],[152.708345,-31.294364],[152.70816,-31.29422],[152.707976,-31.294073],[152.707797,-31.29392],[152.707624,-31.293761],[152.70746,-31.293595],[152.707301,-31.293419],[152.707149,-31.293237],[152.707004,-31.293048],[152.70687,-31.292853],[152.706748,-31.292652],[152.706664,-31.292497],[152.706585,-31.292338],[152.706513,-31.292176],[152.706448,-31.292011],[152.706392,-31.291844],[152.706347,-31.29169],[152.706308,-31.291533],[152.706276,-31.291374],[152.706249,-31.291215],[152.706228,-31.291055],[152.706217,-31.290942],[152.706209,-31.290829],[152.706203,-31.290715],[152.7062,-31.290601],[152.706199,-31.290488],[152.706205,-31.29029],[152.706221,-31.290092],[152.706243,-31.289894],[152.706262,-31.289695],[152.706276,-31.289497],[152.706285,-31.289324],[152.706293,-31.28915],[152.706299,-31.288976],[152.706298,-31.288803],[152.706285,-31.288631],[152.706267,-31.288485],[152.706243,-31.288339],[152.706213,-31.288193],[152.706176,-31.28805],[152.706132,-31.28791],[152.706072,-31.287756],[152.706003,-31.287605],[152.705925,-31.287457],[152.705839,-31.287315],[152.705746,-31.287179],[152.70564,-31.287045],[152.705521,-31.286919],[152.705396,-31.286799],[152.70514,-31.286563],[152.705043,-31.286476],[152.704745,-31.286219],[152.70465,-31.28613],[152.704535,-31.28601],[152.704426,-31.285884],[152.704318,-31.285757],[152.704208,-31.285632],[152.704091,-31.285515],[152.703955,-31.2854],[152.703813,-31.285293],[152.703666,-31.285189],[152.703521,-31.285085],[152.703379,-31.284976],[152.703267,-31.284877],[152.703051,-31.28467],[152.70294,-31.284572],[152.702821,-31.284486],[152.70277,-31.284455],[152.702718,-31.284426],[152.702665,-31.284399],[152.702613,-31.284371],[152.702561,-31.284341],[152.702425,-31.284256],[152.702292,-31.284164],[152.702162,-31.284068],[152.702033,-31.28397],[152.701907,-31.28387],[152.701809,-31.283789],[152.701713,-31.283706],[152.701523,-31.283538],[152.701425,-31.283456],[152.701315,-31.283369],[152.701089,-31.283198],[152.700977,-31.283112],[152.700867,-31.283023],[152.700788,-31.282957],[152.700631,-31.282821],[152.700555,-31.28275],[152.700483,-31.282677],[152.700436,-31.282627],[152.700348,-31.282523],[152.700261,-31.282417],[152.700123,-31.282259],[152.700079,-31.282205],[152.70004,-31.282148],[152.700015,-31.282103],[152.699992,-31.282057],[152.699971,-31.282009],[152.699949,-31.281962],[152.699924,-31.281917],[152.699865,-31.281831],[152.699801,-31.281748],[152.699778,-31.281716],[152.699748,-31.281673],[152.699693,-31.281588],[152.699664,-31.281542],[152.699642,-31.281503],[152.69962,-31.281463],[152.699578,-31.281381],[152.699558,-31.28134],[152.699531,-31.281278],[152.699505,-31.281215],[152.699433,-31.281023],[152.699404,-31.280942],[152.699374,-31.280862],[152.699318,-31.2807],[152.699289,-31.280619],[152.699264,-31.280542],[152.699217,-31.280388],[152.699189,-31.280314],[152.699154,-31.280244],[152.699125,-31.280196],[152.699093,-31.280149],[152.699058,-31.280104],[152.699021,-31.280062],[152.698981,-31.280022],[152.698952,-31.279998],[152.698857,-31.279931],[152.698827,-31.279907],[152.698787,-31.279872],[152.698749,-31.279835],[152.698711,-31.279796],[152.698676,-31.279756],[152.698644,-31.279715],[152.698612,-31.279664],[152.698583,-31.279611],[152.698533,-31.279501],[152.698509,-31.279445],[152.698486,-31.279388],[152.698465,-31.279331],[152.698425,-31.279214],[152.698404,-31.279157],[152.69837,-31.279074],[152.698298,-31.27891],[152.698266,-31.278827],[152.69824,-31.278743],[152.698223,-31.278669],[152.69821,-31.278595],[152.6982,-31.278519],[152.698172,-31.278282],[152.698163,-31.278195],[152.698148,-31.278022],[152.698144,-31.277935],[152.698142,-31.277856],[152.698145,-31.277619],[152.698144,-31.277541],[152.698138,-31.277439],[152.698129,-31.277336],[152.698096,-31.277031],[152.698085,-31.276915],[152.698076,-31.276798],[152.698065,-31.276682],[152.69805,-31.276567],[152.698028,-31.276454],[152.697993,-31.276322],[152.69795,-31.276192],[152.6979,-31.276063],[152.697843,-31.275938],[152.697778,-31.275819],[152.697735,-31.275749],[152.697689,-31.27568],[152.69764,-31.275613],[152.697589,-31.275547],[152.697479,-31.27541],[152.697418,-31.275339],[152.697356,-31.27527],[152.69729,-31.275205],[152.69722,-31.275146],[152.697135,-31.275086],[152.697043,-31.275034],[152.696949,-31.274987],[152.696853,-31.274942],[152.696616,-31.274825],[152.696473,-31.274757],[152.696402,-31.274722],[152.696312,-31.274674],[152.696134,-31.274574],[152.696043,-31.274528],[152.695949,-31.274491],[152.695847,-31.27446],[152.695741,-31.274433],[152.695633,-31.274414],[152.695526,-31.274404],[152.69542,-31.274405],[152.695298,-31.274414],[152.695237,-31.274422],[152.695181,-31.274438],[152.695131,-31.274463],[152.695082,-31.274518],[152.695049,-31.274597],[152.695025,-31.27469],[152.695004,-31.274787],[152.694977,-31.274876],[152.69494,-31.274987],[152.694904,-31.2751],[152.694867,-31.275211],[152.694826,-31.27532],[152.694775,-31.275424],[152.694697,-31.275552],[152.694606,-31.275675],[152.694505,-31.275792],[152.694397,-31.275901],[152.694285,-31.276002],[152.694187,-31.276081],[152.694085,-31.276158],[152.693979,-31.276228],[152.693869,-31.276286],[152.693755,-31.276329],[152.693673,-31.27635],[152.693587,-31.276366],[152.6935,-31.276375],[152.693415,-31.276376],[152.693332,-31.276367],[152.693264,-31.27635],[152.693196,-31.276325],[152.693131,-31.276294],[152.693067,-31.276259],[152.693005,-31.276223],[152.692949,-31.276188],[152.692895,-31.27615],[152.692843,-31.276109],[152.692792,-31.276066],[152.692745,-31.276021],[152.692684,-31.275954],[152.692628,-31.275882],[152.692576,-31.275805],[152.692528,-31.275726],[152.692485,-31.275646],[152.692441,-31.275554],[152.692402,-31.27546],[152.692369,-31.275362],[152.692341,-31.275264],[152.692321,-31.275165],[152.69231,-31.275077],[152.692304,-31.274989],[152.692304,-31.2749],[152.692306,-31.274811],[152.692312,-31.274722],[152.692322,-31.274634],[152.692339,-31.274545],[152.692358,-31.274457],[152.692376,-31.274369],[152.692389,-31.27428],[152.692395,-31.274182],[152.692397,-31.274084],[152.692396,-31.273887],[152.692398,-31.273789],[152.692408,-31.273635],[152.692415,-31.273558],[152.692427,-31.273404],[152.692435,-31.273312],[152.692454,-31.273128],[152.692461,-31.273035],[152.692466,-31.272943],[152.692466,-31.272814],[152.69246,-31.272685],[152.692443,-31.272427],[152.692437,-31.272298],[152.692434,-31.272212],[152.692432,-31.272125],[152.692431,-31.272039],[152.692425,-31.271771],[152.692419,-31.271583],[152.692417,-31.271488],[152.692417,-31.271394],[152.692421,-31.271292],[152.692426,-31.27119],[152.69244,-31.270986],[152.692446,-31.270884],[152.692464,-31.270659],[152.692467,-31.270584],[152.692466,-31.270509],[152.692454,-31.270414],[152.692433,-31.270321],[152.692386,-31.270133],[152.69237,-31.270038],[152.692364,-31.26999],[152.692356,-31.269894],[152.69235,-31.269797],[152.692347,-31.269699],[152.692346,-31.269601],[152.692348,-31.269405],[152.692353,-31.269195],[152.692357,-31.269084],[152.692367,-31.26886],[152.69237,-31.268749],[152.692368,-31.26841],[152.692373,-31.268226],[152.692378,-31.268126],[152.692392,-31.267925],[152.692398,-31.267825],[152.692409,-31.267679],[152.692421,-31.267533],[152.692434,-31.267387],[152.692446,-31.267241],[152.692464,-31.266987],[152.692478,-31.266771],[152.692483,-31.266663],[152.692485,-31.266556],[152.692485,-31.266393],[152.692483,-31.266312],[152.692477,-31.266231],[152.692466,-31.266152],[152.692442,-31.266059],[152.69241,-31.265968],[152.692371,-31.265878],[152.692331,-31.265789],[152.692215,-31.265521],[152.692133,-31.265345],[152.69209,-31.265257],[152.692045,-31.26517],[152.691949,-31.264999],[152.691902,-31.264912],[152.691859,-31.264824],[152.691835,-31.264767],[152.691813,-31.264709],[152.691792,-31.26465],[152.691769,-31.264592],[152.691744,-31.264536],[152.691679,-31.264419],[152.691604,-31.264306],[152.691522,-31.264197],[152.691436,-31.264091],[152.691349,-31.263988],[152.691269,-31.263895],[152.691186,-31.263805],[152.6911,-31.263718],[152.690926,-31.263545],[152.690816,-31.263441],[152.690589,-31.263241],[152.690477,-31.26314],[152.690368,-31.263035],[152.690304,-31.262968],[152.690181,-31.262828],[152.690117,-31.262761],[152.69005,-31.262699],[152.689965,-31.262634],[152.689876,-31.262574],[152.689784,-31.262519],[152.68969,-31.262465],[152.689504,-31.262354],[152.689316,-31.262246],[152.689221,-31.262193],[152.688919,-31.262027],[152.68883,-31.261979],[152.688711,-31.261916],[152.688438,-31.261776],[152.688183,-31.26165],[152.687867,-31.261491],[152.687708,-31.261413],[152.687548,-31.26134],[152.687384,-31.261275],[152.687141,-31.261199],[152.686892,-31.261139],[152.686639,-31.261091],[152.686386,-31.261045],[152.686133,-31.260996],[152.685733,-31.260912],[152.685533,-31.260871],[152.685333,-31.260832],[152.685132,-31.260794],[152.684994,-31.26077],[152.684855,-31.260747],[152.684578,-31.260703],[152.683962,-31.260597],[152.683724,-31.260553],[152.683488,-31.260502],[152.683255,-31.260438],[152.683093,-31.260385],[152.682931,-31.260328],[152.682771,-31.260266],[152.682613,-31.2602],[152.682457,-31.26013],[152.682255,-31.26003],[152.682058,-31.259921],[152.681863,-31.259806],[152.681475,-31.259572],[152.681336,-31.2595],[152.68119,-31.259432],[152.681048,-31.259362],[152.680921,-31.259279],[152.680821,-31.259178],[152.680772,-31.259098],[152.680734,-31.259011],[152.680702,-31.258919],[152.680671,-31.258826],[152.680638,-31.258736],[152.680602,-31.258643],[152.680568,-31.258549],[152.680533,-31.258456],[152.680496,-31.258364],[152.680455,-31.258274],[152.680419,-31.258205],[152.680342,-31.258071],[152.680263,-31.257937],[152.680016,-31.257509],[152.679933,-31.257367],[152.679667,-31.256918],[152.679605,-31.256816],[152.679383,-31.256466],[152.679302,-31.256344],[152.679214,-31.256227],[152.679117,-31.256119],[152.679011,-31.256028],[152.678894,-31.255947],[152.678772,-31.255871],[152.678652,-31.255792],[152.67854,-31.255706],[152.678443,-31.255618],[152.678349,-31.255527],[152.678258,-31.255433],[152.67817,-31.255335],[152.678088,-31.255234],[152.678033,-31.255156],[152.677982,-31.255073],[152.677933,-31.25499],[152.67788,-31.254911],[152.677818,-31.25484],[152.677719,-31.254758],[152.677608,-31.254687],[152.677488,-31.254626],[152.677364,-31.254572],[152.677241,-31.254522],[152.677091,-31.254472],[152.676936,-31.254433],[152.676778,-31.254402],[152.676619,-31.254375],[152.676461,-31.254349],[152.676279,-31.254324],[152.676096,-31.254306],[152.675912,-31.25429],[152.675729,-31.254271],[152.675547,-31.254244],[152.675397,-31.254213],[152.675249,-31.254179],[152.6751,-31.254142],[152.674953,-31.254102],[152.674806,-31.254061],[152.674711,-31.254033],[152.674429,-31.253945],[152.674334,-31.253917],[152.674254,-31.253892],[152.674167,-31.253866],[152.674271,-31.253765],[152.675338,-31.24841],[152.67612,-31.24448],[152.67699,-31.240048],[152.677426,-31.237823],[152.677614,-31.237803],[152.679693,-31.227203],[152.689657,-31.228642],[152.691416,-31.219235],[152.697074,-31.220024],[152.698243,-31.213954],[152.698277,-31.213778],[152.698401,-31.213688],[152.698527,-31.213601],[152.698655,-31.213517],[152.698785,-31.213436],[152.698917,-31.213359],[152.699107,-31.213256],[152.699301,-31.213161],[152.699498,-31.213071],[152.699697,-31.212987],[152.699898,-31.212906],[152.700081,-31.212847],[152.700272,-31.212801],[152.700461,-31.212753],[152.700641,-31.212692],[152.700803,-31.212605],[152.700926,-31.212507],[152.701041,-31.212393],[152.701146,-31.212268],[152.701243,-31.212136],[152.701331,-31.212002],[152.701403,-31.211859],[152.701459,-31.211705],[152.701509,-31.211549],[152.701564,-31.211394],[152.701632,-31.211248],[152.701713,-31.211122],[152.701805,-31.211003],[152.701902,-31.210885],[152.701997,-31.210767],[152.702085,-31.210645],[152.702246,-31.210443],[152.702486,-31.210139],[152.702615,-31.209973],[152.70287,-31.209637],[152.703,-31.209471],[152.703135,-31.209308],[152.703345,-31.209067],[152.703562,-31.208828],[152.703787,-31.208594],[152.704022,-31.208369],[152.704268,-31.208155],[152.704494,-31.207971],[152.704727,-31.20779],[152.704968,-31.207618],[152.705219,-31.207461],[152.705482,-31.207326],[152.705746,-31.207216],[152.706021,-31.207122],[152.706306,-31.207043],[152.706594,-31.206981],[152.706883,-31.206936],[152.707184,-31.206902],[152.707493,-31.206881],[152.707803,-31.206879],[152.708104,-31.206904],[152.70839,-31.206962],[152.708559,-31.207017],[152.708725,-31.207085],[152.708887,-31.207162],[152.709044,-31.207246],[152.709196,-31.207334],[152.709324,-31.207421],[152.709444,-31.207518],[152.709563,-31.207617],[152.709684,-31.207712],[152.709813,-31.207798],[152.70994,-31.207869],[152.710071,-31.207937],[152.710206,-31.207999],[152.710344,-31.208054],[152.710485,-31.2081],[152.71069,-31.208144],[152.710905,-31.208167],[152.711123,-31.208177],[152.711343,-31.208183],[152.711561,-31.208195],[152.711764,-31.20822],[152.711972,-31.208256],[152.712177,-31.208285],[152.712374,-31.208294],[152.712557,-31.208266],[152.712685,-31.208216],[152.712807,-31.208147],[152.712924,-31.208067],[152.71315,-31.207898],[152.713304,-31.207785],[152.713455,-31.207667],[152.7136,-31.207544],[152.713734,-31.207413],[152.713851,-31.207275],[152.713911,-31.207179],[152.713992,-31.207024],[152.714189,-31.206698],[152.71454,-31.206581],[152.714917,-31.206657],[152.715532,-31.206965],[152.71594,-31.207291],[152.716432,-31.208034],[152.716683,-31.208578],[152.716881,-31.208884],[152.716909,-31.208908],[152.716919,-31.208892],[152.716953,-31.207745],[152.718582,-31.207083],[152.719077,-31.206641],[152.719929,-31.206433],[152.721208,-31.205644],[152.721495,-31.205566],[152.722081,-31.20548],[152.722219,-31.205459],[152.722288,-31.20545],[152.722512,-31.205424],[152.722598,-31.205412],[152.722683,-31.205403],[152.722767,-31.205401],[152.722847,-31.20541],[152.722892,-31.20542],[152.72298,-31.205449],[152.723022,-31.205467],[152.723062,-31.205488],[152.723148,-31.205572],[152.72324,-31.205651],[152.723288,-31.205689],[152.723369,-31.205745],[152.723454,-31.205797],[152.723631,-31.205894],[152.723795,-31.205989],[152.723874,-31.206032],[152.723952,-31.206077],[152.724026,-31.206124],[152.724094,-31.206176],[152.724196,-31.206287],[152.724278,-31.206415],[152.724348,-31.206553],[152.724417,-31.206692],[152.724496,-31.206824],[152.724573,-31.20695],[152.724646,-31.207082],[152.724725,-31.20721],[152.724815,-31.207321],[152.724925,-31.207403],[152.725024,-31.207436],[152.72514,-31.20745],[152.725257,-31.20746],[152.72536,-31.207479],[152.725436,-31.20752],[152.725465,-31.207556],[152.72549,-31.207596],[152.72551,-31.20764],[152.725543,-31.207728],[152.725572,-31.207878],[152.725562,-31.208038],[152.72553,-31.208205],[152.725491,-31.208373],[152.72546,-31.208537],[152.725425,-31.208732],[152.725334,-31.209121],[152.725302,-31.209315],[152.725296,-31.209508],[152.725319,-31.209714],[152.725366,-31.20992],[152.725431,-31.210125],[152.725507,-31.210327],[152.725589,-31.210526],[152.725669,-31.210696],[152.725761,-31.210862],[152.725954,-31.211192],[152.726044,-31.211359],[152.726128,-31.211538],[152.726207,-31.211719],[152.726283,-31.211901],[152.726361,-31.212082],[152.726445,-31.212262],[152.726506,-31.212386],[152.726569,-31.212511],[152.726633,-31.212634],[152.726765,-31.21288],[152.726816,-31.213055],[152.726882,-31.213217],[152.726972,-31.213359],[152.727092,-31.213478],[152.727236,-31.213582],[152.727394,-31.213672],[152.727561,-31.213747],[152.727726,-31.213811],[152.727956,-31.213857],[152.728201,-31.21386],[152.728451,-31.213848],[152.728698,-31.213847],[152.728933,-31.213886],[152.729044,-31.21392],[152.729156,-31.213956],[152.729266,-31.213998],[152.729369,-31.214049],[152.729461,-31.214112],[152.729568,-31.214251],[152.729639,-31.214433],[152.729692,-31.214636],[152.729752,-31.214838],[152.729838,-31.215017],[152.72995,-31.215177],[152.730074,-31.215337],[152.73021,-31.215485],[152.730358,-31.215608],[152.730517,-31.215695],[152.730632,-31.215736],[152.730756,-31.215767],[152.730882,-31.215786],[152.731005,-31.215789],[152.73112,-31.215771],[152.731236,-31.215718],[152.731345,-31.215634],[152.731448,-31.215531],[152.731548,-31.215421],[152.731648,-31.215318],[152.73172,-31.21525],[152.731791,-31.21518],[152.731861,-31.215109],[152.731998,-31.214965],[152.732747,-31.214523],[152.746399,-31.21646],[152.746574,-31.21562],[152.747626,-31.215765],[152.747987,-31.213855],[152.748086,-31.213885],[152.750346,-31.201621],[152.751654,-31.194713],[152.739285,-31.192914],[152.740383,-31.187278],[152.726196,-31.185229],[152.72796,-31.176278],[152.719391,-31.174965],[152.719212,-31.174937],[152.717725,-31.182455],[152.714854,-31.182032],[152.705956,-31.180721],[152.709006,-31.165337],[152.709339,-31.163655],[152.709376,-31.163456],[152.709349,-31.163462],[152.709295,-31.163479],[152.709245,-31.163502],[152.709217,-31.163521],[152.709113,-31.163611],[152.709055,-31.16364],[152.708995,-31.163663],[152.70886,-31.163705],[152.708701,-31.163743],[152.708501,-31.163782],[152.708316,-31.163825],[152.708106,-31.163891],[152.707883,-31.163983],[152.707666,-31.164086],[152.707507,-31.16418],[152.707293,-31.164325],[152.707064,-31.164486],[152.706952,-31.164563],[152.706843,-31.16463],[152.706709,-31.164698],[152.706527,-31.164783],[152.706372,-31.16483],[152.706036,-31.164899],[152.705906,-31.164936],[152.705776,-31.164984],[152.70567,-31.165029],[152.705513,-31.165104],[152.705284,-31.165227],[152.705126,-31.165315],[152.704975,-31.165401],[152.704843,-31.165475],[152.704725,-31.165551],[152.704631,-31.165627],[152.704544,-31.165672],[152.70446,-31.165693],[152.704363,-31.165673],[152.704281,-31.165632],[152.704225,-31.165592],[152.704165,-31.165553],[152.70404,-31.165475],[152.704083,-31.165232],[152.70692,-31.151619],[152.706943,-31.151512],[152.706918,-31.151498],[152.706853,-31.151424],[152.706193,-31.150692],[152.706124,-31.150623],[152.705928,-31.150681],[152.705825,-31.150701],[152.703392,-31.151418],[152.702632,-31.151716],[152.700599,-31.151722],[152.699599,-31.151372],[152.699265,-31.150925],[152.698292,-31.150317],[152.697718,-31.149015],[152.696832,-31.148183],[152.695785,-31.146113],[152.695671,-31.145499],[152.694218,-31.143549],[152.693585,-31.142092],[152.693307,-31.141455],[152.693241,-31.141372],[152.693074,-31.141214],[152.692879,-31.141079],[152.692666,-31.14096],[152.692232,-31.140739],[152.692092,-31.140664],[152.69195,-31.140592],[152.691807,-31.140523],[152.691663,-31.140456],[152.691518,-31.140391],[152.691137,-31.140212],[152.690721,-31.140014],[152.690314,-31.139847],[152.689958,-31.139763],[152.689696,-31.139811],[152.689517,-31.140004],[152.6894,-31.140228],[152.689305,-31.140516],[152.689232,-31.140817],[152.689174,-31.141103],[152.689158,-31.141354],[152.68918,-31.141621],[152.689206,-31.141884],[152.689202,-31.142127],[152.689132,-31.142329],[152.688937,-31.14232],[152.688532,-31.142158],[152.688005,-31.141926],[152.687444,-31.141704],[152.686936,-31.141573],[152.686593,-31.141552],[152.686245,-31.141564],[152.685895,-31.141591],[152.685545,-31.141615],[152.685197,-31.141618],[152.684482,-31.141566],[152.683765,-31.141469],[152.683052,-31.141336],[152.682345,-31.141173],[152.681649,-31.140986],[152.681549,-31.140951],[152.681448,-31.140907],[152.681348,-31.140867],[152.68125,-31.140841],[152.681155,-31.140838],[152.681127,-31.140929],[152.681121,-31.141151],[152.681125,-31.141448],[152.681124,-31.141762],[152.680897,-31.143255],[152.680724,-31.143856],[152.680488,-31.144343],[152.680176,-31.144636],[152.679896,-31.144699],[152.679575,-31.144684],[152.679245,-31.144646],[152.678937,-31.14464],[152.678683,-31.14472],[152.678585,-31.144996],[152.678641,-31.145498],[152.678779,-31.14613],[152.678927,-31.146795],[152.679013,-31.147397],[152.679051,-31.147732],[152.679105,-31.148082],[152.679144,-31.148426],[152.679135,-31.148741],[152.679046,-31.149007],[152.67894,-31.149155],[152.678664,-31.149416],[152.678508,-31.149527],[152.678348,-31.149623],[152.677963,-31.149705],[152.677502,-31.149649],[152.677016,-31.149548],[152.676556,-31.149493],[152.676175,-31.149577],[152.675931,-31.149748],[152.675702,-31.149967],[152.675499,-31.150219],[152.67533,-31.150491],[152.675206,-31.150766],[152.675157,-31.150975],[152.675141,-31.151195],[152.675137,-31.15142],[152.675125,-31.151643],[152.675083,-31.151856],[152.674926,-31.152252],[152.6747,-31.152658],[152.674421,-31.153032],[152.674105,-31.153335],[152.67377,-31.153527],[152.673397,-31.153599],[152.672971,-31.153581],[152.672529,-31.153488],[152.672106,-31.153339],[152.671742,-31.153149],[152.671547,-31.153012],[152.67136,-31.152856],[152.671186,-31.152683],[152.671029,-31.152497],[152.670892,-31.152303],[152.670792,-31.152108],[152.670716,-31.151898],[152.670651,-31.15168],[152.670502,-31.151255],[152.670216,-31.150698],[152.669856,-31.15009],[152.66947,-31.149537],[152.669109,-31.149146],[152.66882,-31.149024],[152.668638,-31.14909],[152.668464,-31.149196],[152.668122,-31.149446],[152.667942,-31.149548],[152.667773,-31.149611],[152.667596,-31.14966],[152.667418,-31.149706],[152.667245,-31.149761],[152.667084,-31.149837],[152.666967,-31.14992],[152.666752,-31.15012],[152.666644,-31.150217],[152.666525,-31.150297],[152.66622,-31.150383],[152.665867,-31.150376],[152.665492,-31.150331],[152.665116,-31.1503],[152.664766,-31.150336],[152.664419,-31.150491],[152.664089,-31.150724],[152.663765,-31.150974],[152.663439,-31.15118],[152.663103,-31.151281],[152.662814,-31.151271],[152.662518,-31.15121],[152.662221,-31.151113],[152.661927,-31.150999],[152.661641,-31.150883],[152.661204,-31.150665],[152.660898,-31.150477],[152.660485,-31.150185],[152.659805,-31.149805],[152.659515,-31.149669],[152.65922,-31.149535],[152.658923,-31.149413],[152.658621,-31.149317],[152.658316,-31.149258],[152.658053,-31.149234],[152.657781,-31.149226],[152.65751,-31.149241],[152.657249,-31.149284],[152.65701,-31.149365],[152.656782,-31.149521],[152.656585,-31.149742],[152.6564,-31.149992],[152.656207,-31.150232],[152.655987,-31.150428],[152.655713,-31.150576],[152.655415,-31.150686],[152.655104,-31.150779],[152.654794,-31.150875],[152.654496,-31.150994],[152.65414,-31.151174],[152.65379,-31.15137],[152.653447,-31.151581],[152.653113,-31.151804],[152.652787,-31.152036],[152.652512,-31.152252],[152.652247,-31.152482],[152.651725,-31.152953],[152.651458,-31.15318],[152.65108,-31.153516],[152.650672,-31.153902],[152.650273,-31.154256],[152.649925,-31.15449],[152.649921,-31.154493],[152.649656,-31.154532],[152.649493,-31.154419],[152.649354,-31.154252],[152.649223,-31.154063],[152.649086,-31.153883],[152.648927,-31.153743],[152.648659,-31.153623],[152.648357,-31.153557],[152.648034,-31.153525],[152.647705,-31.153509],[152.647386,-31.153489],[152.647089,-31.153481],[152.646788,-31.153496],[152.646488,-31.153512],[152.646195,-31.153507],[152.645913,-31.153458],[152.645539,-31.153283],[152.645195,-31.153012],[152.644529,-31.152371],[152.644175,-31.152093],[152.643926,-31.15194],[152.643672,-31.151796],[152.643414,-31.151657],[152.643158,-31.151516],[152.642906,-31.151368],[152.642281,-31.150991],[152.641651,-31.150604],[152.641041,-31.150193],[152.64048,-31.14974],[152.639993,-31.149231],[152.639813,-31.14899],[152.639649,-31.148737],[152.639491,-31.148479],[152.639334,-31.14822],[152.639169,-31.147966],[152.638824,-31.147555],[152.638416,-31.147148],[152.638028,-31.146747],[152.637743,-31.146352],[152.637642,-31.145964],[152.637672,-31.145793],[152.63773,-31.145624],[152.637798,-31.145455],[152.637857,-31.145286],[152.637886,-31.145115],[152.637871,-31.144854],[152.637809,-31.144587],[152.637713,-31.144321],[152.637595,-31.144061],[152.637469,-31.143815],[152.637072,-31.143359],[152.636508,-31.142996],[152.635881,-31.142665],[152.635296,-31.142305],[152.634856,-31.141855],[152.634719,-31.1416],[152.634609,-31.141329],[152.634508,-31.141051],[152.634399,-31.140778],[152.634265,-31.140521],[152.63387,-31.139961],[152.633383,-31.139416],[152.632832,-31.138932],[152.632244,-31.138553],[152.631646,-31.138326],[152.631336,-31.138266],[152.631014,-31.138229],[152.630689,-31.138219],[152.63037,-31.138242],[152.630066,-31.138301],[152.629798,-31.138426],[152.62954,-31.138617],[152.629289,-31.13882],[152.62904,-31.13898],[152.628789,-31.139044],[152.628541,-31.138996],[152.628487,-31.13897],[152.62829,-31.138876],[152.628042,-31.13871],[152.627799,-31.138525],[152.627567,-31.138347],[152.627317,-31.138144],[152.627081,-31.137921],[152.626853,-31.137688],[152.626625,-31.137453],[152.626391,-31.137227],[152.626006,-31.136838],[152.625623,-31.136419],[152.625232,-31.136023],[152.624823,-31.135706],[152.624386,-31.135523],[152.624068,-31.135497],[152.623737,-31.135533],[152.6234,-31.135596],[152.623062,-31.135654],[152.622727,-31.135676],[152.622041,-31.135549],[152.621345,-31.135276],[152.620656,-31.134976],[152.619992,-31.134767],[152.619372,-31.134767],[152.61905,-31.134883],[152.618742,-31.135052],[152.618439,-31.135244],[152.618133,-31.135431],[152.617815,-31.135585],[152.617236,-31.135804],[152.616622,-31.136004],[152.616,-31.136149],[152.615398,-31.136204],[152.614845,-31.136131],[152.614537,-31.136012],[152.614243,-31.135847],[152.613956,-31.135656],[152.613671,-31.135459],[152.613383,-31.135274],[152.613064,-31.135109],[152.612729,-31.134956],[152.612402,-31.134797],[152.612107,-31.134612],[152.611867,-31.134384],[152.611709,-31.134099],[152.611613,-31.133768],[152.611544,-31.133414],[152.611465,-31.133063],[152.611343,-31.13274],[152.611198,-31.132489],[152.611035,-31.132247],[152.61086,-31.132012],[152.610677,-31.131782],[152.610493,-31.131555],[152.610289,-31.131296],[152.610084,-31.131034],[152.60987,-31.130782],[152.60964,-31.130551],[152.60939,-31.130354],[152.609078,-31.130177],[152.608737,-31.130035],[152.608378,-31.129924],[152.608012,-31.12984],[152.607649,-31.129779],[152.607291,-31.129775],[152.606916,-31.129827],[152.606544,-31.129887],[152.606197,-31.129902],[152.605896,-31.129823],[152.605725,-31.129705],[152.605573,-31.129553],[152.605429,-31.129383],[152.605286,-31.12921],[152.605134,-31.129051],[152.604812,-31.128764],[152.604478,-31.128489],[152.604134,-31.128225],[152.603785,-31.127969],[152.603431,-31.127719],[152.602966,-31.127436],[152.601981,-31.126935],[152.601517,-31.126659],[152.601109,-31.126326],[152.600819,-31.125954],[152.600583,-31.125527],[152.600364,-31.125083],[152.600123,-31.124665],[152.599824,-31.124311],[152.598901,-31.123863],[152.597606,-31.123699],[152.596147,-31.123782],[152.594731,-31.124077],[152.593567,-31.124548],[152.59306,-31.124904],[152.592596,-31.125337],[152.592155,-31.125808],[152.591711,-31.12628],[152.591241,-31.126715],[152.590958,-31.126958],[152.590676,-31.127206],[152.590388,-31.127446],[152.590089,-31.127661],[152.589772,-31.127836],[152.589531,-31.127937],[152.589283,-31.128024],[152.589028,-31.128096],[152.58877,-31.128151],[152.588513,-31.128189],[152.588057,-31.128183],[152.587593,-31.128095],[152.586651,-31.12783],[152.58618,-31.127735],[152.5857,-31.12768],[152.585218,-31.127639],[152.584734,-31.127609],[152.584251,-31.127584],[152.583767,-31.127563],[152.582972,-31.127523],[152.582575,-31.127509],[152.582177,-31.127504],[152.581781,-31.127515],[152.581244,-31.127563],[152.580708,-31.127643],[152.580173,-31.12774],[152.579639,-31.127841],[152.579104,-31.127934],[152.578761,-31.127965],[152.578404,-31.127977],[152.578054,-31.127998],[152.577733,-31.128059],[152.577465,-31.12819],[152.577275,-31.128422],[152.57715,-31.128735],[152.577049,-31.129083],[152.576931,-31.129418],[152.576756,-31.129693],[152.576521,-31.129886],[152.576244,-31.130039],[152.575948,-31.130173],[152.575652,-31.130312],[152.575379,-31.130476],[152.575128,-31.130706],[152.574663,-31.131256],[152.574427,-31.13147],[152.574175,-31.131573],[152.573938,-31.131557],[152.573691,-31.131472],[152.57344,-31.131347],[152.573189,-31.13121],[152.572941,-31.131089],[152.572683,-31.130974],[152.572427,-31.130853],[152.572171,-31.13073],[152.571914,-31.130611],[152.571654,-31.130501],[152.571174,-31.130344],[152.570678,-31.130223],[152.57018,-31.130109],[152.569693,-31.129973],[152.569233,-31.129784],[152.568958,-31.12963],[152.568693,-31.129457],[152.568432,-31.129275],[152.568173,-31.12909],[152.567912,-31.128909],[152.567747,-31.128789],[152.567586,-31.12866],[152.567423,-31.128535],[152.567255,-31.128428],[152.567077,-31.128355],[152.566805,-31.128329],[152.56651,-31.128378],[152.566204,-31.128471],[152.565895,-31.128576],[152.565592,-31.128662],[152.565033,-31.128797],[152.564477,-31.128945],[152.563922,-31.129097],[152.563367,-31.129246],[152.562809,-31.129384],[152.56252,-31.129428],[152.562203,-31.129455],[152.5619,-31.129488],[152.56165,-31.129553],[152.561497,-31.129674],[152.561495,-31.129865],[152.561622,-31.130124],[152.561811,-31.130423],[152.561997,-31.130736],[152.562113,-31.131037],[152.562169,-31.131389],[152.562193,-31.131759],[152.562179,-31.132131],[152.562122,-31.13249],[152.562017,-31.13282],[152.561809,-31.133128],[152.561507,-31.133395],[152.56117,-31.133649],[152.56086,-31.133915],[152.560635,-31.134222],[152.560512,-31.134688],[152.560514,-31.13521],[152.560577,-31.135764],[152.560639,-31.136324],[152.560635,-31.136865],[152.560607,-31.137049],[152.560536,-31.137416],[152.560508,-31.137599],[152.560497,-31.137782],[152.560506,-31.137948],[152.56053,-31.138114],[152.56056,-31.13828],[152.560588,-31.138447],[152.560606,-31.138613],[152.560609,-31.138881],[152.560592,-31.139149],[152.560568,-31.139418],[152.560548,-31.139687],[152.560542,-31.139955],[152.560568,-31.140252],[152.560619,-31.14055],[152.560671,-31.140847],[152.560701,-31.141141],[152.560686,-31.141428],[152.560598,-31.141774],[152.560453,-31.142116],[152.560268,-31.14245],[152.560058,-31.142769],[152.559837,-31.143069],[152.559656,-31.143293],[152.559461,-31.143509],[152.559255,-31.143714],[152.559038,-31.143907],[152.558813,-31.144086],[152.558504,-31.144271],[152.558165,-31.144417],[152.557817,-31.144551],[152.557485,-31.144702],[152.557189,-31.144898],[152.557074,-31.144992],[152.556957,-31.145089],[152.556846,-31.145192],[152.55675,-31.145301],[152.556677,-31.145421],[152.556634,-31.145598],[152.556641,-31.145798],[152.556675,-31.146011],[152.556711,-31.146226],[152.556726,-31.146435],[152.556729,-31.146949],[152.556719,-31.147206],[152.556683,-31.147452],[152.556609,-31.14768],[152.556451,-31.147942],[152.55623,-31.148188],[152.555966,-31.148409],[152.555681,-31.148597],[152.555392,-31.148743],[152.555266,-31.148786],[152.555134,-31.148818],[152.555001,-31.148846],[152.55487,-31.14888],[152.554746,-31.148927],[152.554587,-31.149028],[152.554441,-31.149156],[152.554301,-31.149295],[152.554157,-31.14943],[152.554001,-31.149542],[152.55367,-31.149677],[152.553302,-31.149746],[152.552918,-31.149789],[152.552536,-31.149841],[152.552176,-31.149942],[152.55191,-31.150081],[152.551654,-31.150258],[152.551402,-31.150438],[152.551146,-31.150587],[152.550879,-31.150672],[152.550563,-31.150683],[152.550229,-31.150634],[152.549892,-31.150537],[152.549568,-31.150405],[152.549271,-31.150251],[152.548902,-31.149988],[152.548554,-31.149649],[152.548247,-31.149258],[152.548001,-31.148839],[152.547833,-31.148418],[152.546746,-31.149173],[152.545292,-31.149808],[152.542576,-31.151525],[152.541162,-31.152034],[152.541119,-31.154115],[152.540497,-31.15529],[152.540642,-31.156213],[152.54052,-31.157188],[152.540324,-31.159051],[152.540982,-31.160227],[152.540513,-31.161505],[152.539697,-31.162886],[152.538138,-31.162643],[152.535205,-31.162806],[152.531331,-31.163431],[152.53001,-31.163842],[152.528923,-31.163927],[152.528624,-31.163933],[152.527563,-31.164108],[152.525169,-31.164552],[152.524268,-31.165044],[152.522873,-31.165811],[152.521245,-31.166611],[152.519671,-31.167136],[152.517018,-31.167069],[152.515457,-31.167457],[152.513884,-31.167638],[152.512518,-31.16696],[152.511026,-31.16655],[152.509841,-31.166073],[152.509788,-31.166005],[152.509783,-31.166006],[152.509036,-31.165034],[152.508217,-31.164603],[152.507599,-31.163776],[152.50642,-31.163103],[152.505574,-31.163125],[152.504387,-31.16341],[152.502652,-31.163998],[152.501939,-31.164048],[152.501101,-31.163843],[152.501067,-31.16383],[152.501031,-31.163819],[152.500994,-31.16381],[152.500956,-31.163805],[152.500919,-31.163803],[152.500829,-31.163827],[152.500739,-31.163892],[152.500648,-31.163979],[152.500556,-31.16407],[152.500462,-31.164146],[152.500273,-31.164269],[152.500077,-31.164386],[152.499876,-31.164493],[152.49967,-31.164586],[152.49946,-31.164659],[152.499222,-31.164708],[152.498977,-31.164729],[152.498477,-31.164741],[152.49823,-31.164761],[152.498093,-31.164778],[152.497819,-31.164815],[152.497683,-31.164838],[152.497548,-31.164866],[152.497302,-31.164939],[152.497062,-31.165034],[152.496824,-31.16514],[152.496585,-31.165244],[152.496343,-31.165335],[152.496097,-31.16541],[152.495848,-31.165478],[152.495087,-31.165672],[152.494806,-31.165773],[152.494537,-31.165911],[152.494275,-31.166075],[152.494021,-31.166252],[152.493773,-31.166432],[152.493606,-31.166566],[152.493446,-31.166711],[152.493288,-31.166859],[152.493126,-31.166998],[152.492953,-31.167122],[152.492866,-31.167177],[152.492779,-31.167231],[152.492689,-31.167281],[152.492598,-31.167326],[152.492504,-31.167362],[152.492415,-31.167383],[152.492323,-31.167395],[152.49223,-31.167403],[152.492138,-31.167413],[152.492047,-31.16743],[152.491819,-31.16754],[152.4916,-31.167712],[152.491387,-31.167895],[152.49118,-31.168036],[152.490978,-31.168083],[152.490873,-31.168062],[152.490771,-31.168024],[152.490566,-31.167931],[152.490461,-31.167895],[152.490273,-31.167871],[152.490073,-31.167875],[152.489874,-31.167881],[152.48969,-31.167867],[152.489535,-31.167807],[152.488855,-31.167353],[152.487864,-31.166803],[152.487024,-31.166814],[152.486329,-31.166595],[152.485814,-31.166352],[152.485706,-31.166192],[152.484079,-31.165399],[152.48302,-31.164655],[152.481451,-31.164355],[152.480031,-31.164358],[152.47908,-31.164754],[152.478026,-31.165471],[152.477154,-31.165579],[152.475585,-31.166128],[152.474839,-31.166207],[152.473101,-31.16565],[152.471173,-31.16632],[152.470766,-31.166289],[152.47031,-31.165913],[152.469271,-31.165203],[152.467641,-31.163928],[152.466709,-31.163315],[152.466283,-31.162509],[152.464691,-31.161023],[152.46383,-31.160844],[152.463032,-31.160241],[152.462394,-31.159632],[152.459487,-31.15954],[152.459013,-31.159491],[152.458004,-31.158351],[152.457179,-31.157679],[152.45676,-31.156954],[152.455832,-31.155831],[152.455634,-31.155937],[152.455438,-31.156046],[152.455201,-31.156182],[152.455062,-31.156263],[152.454924,-31.156346],[152.454789,-31.156433],[152.454657,-31.156525],[152.454501,-31.15665],[152.454353,-31.156786],[152.454208,-31.156926],[152.454063,-31.157068],[152.453679,-31.157425],[152.453444,-31.157647],[152.453205,-31.157866],[152.452958,-31.158071],[152.452698,-31.158256],[152.452507,-31.158365],[152.452309,-31.158462],[152.452108,-31.158554],[152.451908,-31.158649],[152.451715,-31.158754],[152.451587,-31.158833],[152.451461,-31.158914],[152.451336,-31.158997],[152.451213,-31.159083],[152.451092,-31.159171],[152.451009,-31.159235],[152.450884,-31.159338],[152.450765,-31.159433],[152.450681,-31.159494],[152.450542,-31.159589],[152.450398,-31.159683],[152.45025,-31.159769],[152.450099,-31.159838],[152.449944,-31.159883],[152.449824,-31.159897],[152.449702,-31.159899],[152.449578,-31.159892],[152.449331,-31.159869],[152.449068,-31.159837],[152.448805,-31.159789],[152.448545,-31.159726],[152.448287,-31.159651],[152.448035,-31.159567],[152.447898,-31.159515],[152.447762,-31.159459],[152.447494,-31.159339],[152.44736,-31.159278],[152.447237,-31.159217],[152.447116,-31.159148],[152.446994,-31.159082],[152.446871,-31.159028],[152.446744,-31.158995],[152.446586,-31.158994],[152.446422,-31.159024],[152.446256,-31.159074],[152.44609,-31.159132],[152.445926,-31.159184],[152.445733,-31.159237],[152.44554,-31.159293],[152.445349,-31.159354],[152.445162,-31.159423],[152.444982,-31.159504],[152.444837,-31.159584],[152.444697,-31.159672],[152.444559,-31.159766],[152.444423,-31.159862],[152.444172,-31.160033],[152.443947,-31.160193],[152.443833,-31.160268],[152.443715,-31.160337],[152.443586,-31.160404],[152.443454,-31.160467],[152.443319,-31.160524],[152.443183,-31.160572],[152.443044,-31.16061],[152.442846,-31.160642],[152.442642,-31.160653],[152.442435,-31.160647],[152.442228,-31.160631],[152.442024,-31.16061],[152.441841,-31.160585],[152.441659,-31.160551],[152.441478,-31.160511],[152.441116,-31.160426],[152.440831,-31.160367],[152.440688,-31.160336],[152.440547,-31.1603],[152.440408,-31.160259],[152.440198,-31.160177],[152.439992,-31.16008],[152.43979,-31.159972],[152.439391,-31.159748],[152.439204,-31.159641],[152.438835,-31.159413],[152.43865,-31.159302],[152.438461,-31.159198],[152.438228,-31.159084],[152.437991,-31.158978],[152.437752,-31.158877],[152.43727,-31.158683],[152.436884,-31.15852],[152.436754,-31.158471],[152.436622,-31.158429],[152.436407,-31.158379],[152.436186,-31.158346],[152.435962,-31.158324],[152.435738,-31.15831],[152.435514,-31.158297],[152.435292,-31.158288],[152.43507,-31.158286],[152.434847,-31.158288],[152.434401,-31.158298],[152.433974,-31.158309],[152.433546,-31.158327],[152.433119,-31.158352],[152.432693,-31.158387],[152.432269,-31.158436],[152.431977,-31.158473],[152.431832,-31.158493],[152.431687,-31.158518],[152.431544,-31.158549],[152.431331,-31.158611],[152.431122,-31.158688],[152.430916,-31.158774],[152.430339,-31.159031],[152.430171,-31.159107],[152.430006,-31.159186],[152.42984,-31.159267],[152.429677,-31.159351],[152.42944,-31.159476],[152.429205,-31.159605],[152.428974,-31.159739],[152.428748,-31.159882],[152.428529,-31.160033],[152.428341,-31.160177],[152.428157,-31.160328],[152.427979,-31.160485],[152.427804,-31.160647],[152.427635,-31.160812],[152.427525,-31.160926],[152.427418,-31.161043],[152.427207,-31.161279],[152.427,-31.161499],[152.426902,-31.161605],[152.426802,-31.16171],[152.426699,-31.16181],[152.426589,-31.161902],[152.426442,-31.162007],[152.426285,-31.162103],[152.426121,-31.16219],[152.425955,-31.162269],[152.425786,-31.162342],[152.425618,-31.162412],[152.425446,-31.16248],[152.425271,-31.162538],[152.425095,-31.162579],[152.424922,-31.162593],[152.424841,-31.162591],[152.42476,-31.162584],[152.424679,-31.162573],[152.424599,-31.162558],[152.424521,-31.162538],[152.424339,-31.162455],[152.424171,-31.162327],[152.424009,-31.162174],[152.423848,-31.162016],[152.423683,-31.161872],[152.423539,-31.161755],[152.423396,-31.161635],[152.423252,-31.161517],[152.423103,-31.161409],[152.422946,-31.161314],[152.422764,-31.161229],[152.422573,-31.161158],[152.422376,-31.1611],[152.422177,-31.161051],[152.421977,-31.16101],[152.421825,-31.160984],[152.421672,-31.160963],[152.421518,-31.160947],[152.421364,-31.160937],[152.42121,-31.160934],[152.420968,-31.160946],[152.420726,-31.160976],[152.420483,-31.161021],[152.420243,-31.161076],[152.420005,-31.161136],[152.419822,-31.161188],[152.419641,-31.161246],[152.41946,-31.161309],[152.418864,-31.161525],[152.418629,-31.161613],[152.417925,-31.161887],[152.417758,-31.161946],[152.417589,-31.162001],[152.417422,-31.162059],[152.41726,-31.162125],[152.417107,-31.162206],[152.417033,-31.162254],[152.416959,-31.162304],[152.416888,-31.162356],[152.41682,-31.162412],[152.416756,-31.162472],[152.416649,-31.162609],[152.416564,-31.162767],[152.41649,-31.162936],[152.416413,-31.163104],[152.416322,-31.16326],[152.416239,-31.163372],[152.416151,-31.163481],[152.416061,-31.163588],[152.415967,-31.163693],[152.415777,-31.163897],[152.415679,-31.163999],[152.41558,-31.164097],[152.415477,-31.164191],[152.415369,-31.16428],[152.415169,-31.164411],[152.414953,-31.16452],[152.414501,-31.164714],[152.41428,-31.164819],[152.414136,-31.164899],[152.413851,-31.165068],[152.413705,-31.165146],[152.413556,-31.165213],[152.413451,-31.165253],[152.413344,-31.165291],[152.413236,-31.165325],[152.413127,-31.165352],[152.413017,-31.16537],[152.412845,-31.165378],[152.412668,-31.165363],[152.412489,-31.165332],[152.412313,-31.165289],[152.412143,-31.165237],[152.412043,-31.165199],[152.411749,-31.16506],[152.411648,-31.165022],[152.411502,-31.164985],[152.411351,-31.164961],[152.411046,-31.164925],[152.410895,-31.1649],[152.410533,-31.164834],[152.410354,-31.164796],[152.410179,-31.164747],[152.410013,-31.164681],[152.40988,-31.164607],[152.409754,-31.164519],[152.409631,-31.164424],[152.409509,-31.164328],[152.409383,-31.164238],[152.408945,-31.163939],[152.408722,-31.163796],[152.408494,-31.163664],[152.408259,-31.16355],[152.408075,-31.163478],[152.407887,-31.163414],[152.407696,-31.163357],[152.407503,-31.163307],[152.40731,-31.163263],[152.407088,-31.163216],[152.406863,-31.163173],[152.406638,-31.16314],[152.406412,-31.163122],[152.406189,-31.163126],[152.405999,-31.163147],[152.405808,-31.163183],[152.405619,-31.163231],[152.405433,-31.163289],[152.405251,-31.163354],[152.405022,-31.163463],[152.404803,-31.163597],[152.404588,-31.163744],[152.404372,-31.163889],[152.40415,-31.16402],[152.40371,-31.164248],[152.403486,-31.164354],[152.403259,-31.164448],[152.403027,-31.164524],[152.402808,-31.164578],[152.402586,-31.164618],[152.40236,-31.164646],[152.402134,-31.164666],[152.401908,-31.164679],[152.401643,-31.164683],[152.401377,-31.164674],[152.401111,-31.164654],[152.400845,-31.164627],[152.400581,-31.164595],[152.400396,-31.164569],[152.400212,-31.16454],[152.400028,-31.164508],[152.39966,-31.164439],[152.399517,-31.164407],[152.399233,-31.164336],[152.39909,-31.164306],[152.398946,-31.164288],[152.398821,-31.164281],[152.398695,-31.16428],[152.398568,-31.164284],[152.398443,-31.164296],[152.39832,-31.164314],[152.398111,-31.164374],[152.397907,-31.164464],[152.397707,-31.164573],[152.397509,-31.164687],[152.39731,-31.164796],[152.397087,-31.164907],[152.396976,-31.164964],[152.396866,-31.165023],[152.396759,-31.165085],[152.396612,-31.165184],[152.39647,-31.165293],[152.39633,-31.165406],[152.396189,-31.165515],[152.396043,-31.165616],[152.395923,-31.165684],[152.395799,-31.165746],[152.395674,-31.165807],[152.395553,-31.165872],[152.395439,-31.165946],[152.39536,-31.166011],[152.395286,-31.166082],[152.395213,-31.166155],[152.395139,-31.166226],[152.395061,-31.166292],[152.394971,-31.16636],[152.394877,-31.166424],[152.394781,-31.166485],[152.394683,-31.166541],[152.394583,-31.166593],[152.394376,-31.166682],[152.394155,-31.166756],[152.393928,-31.16681],[152.3937,-31.166839],[152.393612,-31.166839],[152.393478,-31.166839],[152.39326,-31.166799],[152.393043,-31.166722],[152.392615,-31.166515],[152.392239,-31.166348],[152.391909,-31.166212],[152.39175,-31.166136],[152.3916,-31.166047],[152.391402,-31.165898],[152.391215,-31.165733],[152.391124,-31.165648],[152.39103,-31.16555],[152.390853,-31.16534],[152.390761,-31.165241],[152.390661,-31.165152],[152.390516,-31.165055],[152.390359,-31.164973],[152.390026,-31.164838],[152.38973,-31.164728],[152.389469,-31.164629],[152.389339,-31.164599],[152.389211,-31.164592],[152.389088,-31.164609],[152.388842,-31.164695],[152.388626,-31.16483],[152.38855,-31.164903],[152.388484,-31.164988],[152.388364,-31.165172],[152.388223,-31.165365],[152.387913,-31.165779],[152.387856,-31.165872],[152.387803,-31.165967],[152.387694,-31.166154],[152.387527,-31.166348],[152.387289,-31.166544],[152.387159,-31.166623],[152.387026,-31.166684],[152.386848,-31.166732],[152.386656,-31.16675],[152.386456,-31.166746],[152.386258,-31.166726],[152.385897,-31.166653],[152.38573,-31.166594],[152.385237,-31.166384],[152.384661,-31.166163],[152.384288,-31.165993],[152.384122,-31.165896],[152.383801,-31.165677],[152.383472,-31.165476],[152.383327,-31.165412],[152.383177,-31.165358],[152.382879,-31.165249],[152.382625,-31.165119],[152.382408,-31.164981],[152.382207,-31.164823],[152.381998,-31.164605],[152.381813,-31.164362],[152.381625,-31.164055],[152.38145,-31.16367],[152.381383,-31.16347],[152.38133,-31.163268],[152.381309,-31.163118],[152.381302,-31.162964],[152.38129,-31.162656],[152.38123,-31.162372],[152.381141,-31.162104],[152.381081,-31.161979],[152.381008,-31.161866],[152.380916,-31.161764],[152.380807,-31.161674],[152.380445,-31.161439],[152.380222,-31.161292],[152.379991,-31.161162],[152.379801,-31.161095],[152.379659,-31.161065],[152.379516,-31.161042],[152.379249,-31.161015],[152.379051,-31.160958],[152.378859,-31.160866],[152.378483,-31.160642],[152.378293,-31.160538],[152.377776,-31.160289],[152.376474,-31.159665],[152.374542,-31.15878],[152.373772,-31.158426],[152.372282,-31.157756],[152.371959,-31.157607],[152.371468,-31.157353],[152.371296,-31.157255],[152.370667,-31.156908],[152.370331,-31.156743],[152.370217,-31.156693],[152.370086,-31.156645],[152.369818,-31.156565],[152.369689,-31.156518],[152.369569,-31.156455],[152.36943,-31.156354],[152.3693,-31.156233],[152.369181,-31.156098],[152.368991,-31.155804],[152.368924,-31.155645],[152.368842,-31.155296],[152.368812,-31.15494],[152.368811,-31.15474],[152.368828,-31.154542],[152.368849,-31.154447],[152.368921,-31.154263],[152.36902,-31.154088],[152.369152,-31.153889],[152.369334,-31.153674],[152.369598,-31.1534],[152.369813,-31.1532],[152.369939,-31.153056],[152.370157,-31.152749],[152.370425,-31.152328],[152.370626,-31.151956],[152.370809,-31.151547],[152.370896,-31.151255],[152.370966,-31.151065],[152.371004,-31.150995],[152.371048,-31.150928],[152.371138,-31.150795],[152.371218,-31.150632],[152.371253,-31.150535],[152.371315,-31.150337],[152.371347,-31.150238],[152.371385,-31.150133],[152.371464,-31.149923],[152.3715,-31.149817],[152.37153,-31.14971],[152.371571,-31.149532],[152.371587,-31.149442],[152.371598,-31.149352],[152.3716,-31.149262],[152.37159,-31.149157],[152.371568,-31.149052],[152.371539,-31.148947],[152.37147,-31.148741],[152.371374,-31.148505],[152.371252,-31.148277],[152.370981,-31.147831],[152.370856,-31.147604],[152.370762,-31.147409],[152.370671,-31.147213],[152.370582,-31.147016],[152.370491,-31.14682],[152.370397,-31.146626],[152.37032,-31.14648],[152.370162,-31.146192],[152.370084,-31.146047],[152.370012,-31.145899],[152.369951,-31.145761],[152.369895,-31.14562],[152.369785,-31.145336],[152.369727,-31.145196],[152.369645,-31.145013],[152.36956,-31.144831],[152.369385,-31.144469],[152.369302,-31.144286],[152.369232,-31.144121],[152.3691,-31.143787],[152.369029,-31.143622],[152.36895,-31.143463],[152.36887,-31.143322],[152.368786,-31.143184],[152.368697,-31.143049],[152.368603,-31.142917],[152.368505,-31.142789],[152.368412,-31.142679],[152.368314,-31.142573],[152.368113,-31.142365],[152.368016,-31.142258],[152.367874,-31.142089],[152.367735,-31.141916],[152.3676,-31.14174],[152.367467,-31.141563],[152.367337,-31.141384],[152.367204,-31.141215],[152.367063,-31.141046],[152.36693,-31.140874],[152.366818,-31.140697],[152.366745,-31.14051],[152.366726,-31.140407],[152.366718,-31.140302],[152.36671,-31.140089],[152.366702,-31.139983],[152.366697,-31.13996],[152.366717,-31.1398],[152.366745,-31.13964],[152.366782,-31.139481],[152.366826,-31.139325],[152.366877,-31.139172],[152.366925,-31.139054],[152.366935,-31.139024],[152.366954,-31.138957],[152.366969,-31.13889],[152.366981,-31.138821],[152.366994,-31.138753],[152.367014,-31.138687],[152.367046,-31.138602],[152.367086,-31.138518],[152.367129,-31.138436],[152.367176,-31.138355],[152.367261,-31.138212],[152.367301,-31.138149],[152.367384,-31.138027],[152.367427,-31.137967],[152.367465,-31.137916],[152.367544,-31.137817],[152.367684,-31.13765],[152.367742,-31.137579],[152.367802,-31.137509],[152.367864,-31.137441],[152.367929,-31.137377],[152.367982,-31.137332],[152.368096,-31.137251],[152.368148,-31.137208],[152.368194,-31.137159],[152.368229,-31.137106],[152.368261,-31.137049],[152.368289,-31.13699],[152.36831,-31.136929],[152.368325,-31.136867],[152.368334,-31.136789],[152.368334,-31.136706],[152.368328,-31.136651],[152.368324,-31.136624],[152.368305,-31.136545],[152.368275,-31.136474],[152.368231,-31.136414],[152.368173,-31.136362],[152.368107,-31.136314],[152.368038,-31.136268],[152.367973,-31.13622],[152.367842,-31.136114],[152.367776,-31.136062],[152.367708,-31.136012],[152.367638,-31.135966],[152.367562,-31.135924],[152.3674,-31.135854],[152.367321,-31.135816],[152.36725,-31.135769],[152.367191,-31.135712],[152.367138,-31.135648],[152.367089,-31.13558],[152.367038,-31.135512],[152.366982,-31.135451],[152.366926,-31.135405],[152.366869,-31.135364],[152.366809,-31.135323],[152.366751,-31.13528],[152.366701,-31.135231],[152.366653,-31.135165],[152.366613,-31.135092],[152.366577,-31.135016],[152.366538,-31.134941],[152.366491,-31.134873],[152.36643,-31.134808],[152.366362,-31.134749],[152.366291,-31.134692],[152.366219,-31.134637],[152.366149,-31.134579],[152.365823,-31.134297],[152.365741,-31.134229],[152.365642,-31.134152],[152.365543,-31.134077],[152.365343,-31.13393],[152.365106,-31.133753],[152.36497,-31.133649],[152.364902,-31.133596],[152.364821,-31.133526],[152.364662,-31.133381],[152.364581,-31.133312],[152.364494,-31.133251],[152.364419,-31.133212],[152.364258,-31.13315],[152.364182,-31.133116],[152.364112,-31.133071],[152.364045,-31.133002],[152.363989,-31.13292],[152.363886,-31.132741],[152.36383,-31.132657],[152.363792,-31.13261],[152.363712,-31.132518],[152.363673,-31.132472],[152.363635,-31.132425],[152.363581,-31.13235],[152.363479,-31.132194],[152.363425,-31.132119],[152.363365,-31.132051],[152.363307,-31.132001],[152.363245,-31.131956],[152.36318,-31.131912],[152.363117,-31.131868],[152.363057,-31.131819],[152.36298,-31.131737],[152.36291,-31.131646],[152.362844,-31.131551],[152.362776,-31.131458],[152.362701,-31.131372],[152.362643,-31.131315],[152.362584,-31.131261],[152.362523,-31.131208],[152.362399,-31.131106],[152.362283,-31.131017],[152.362224,-31.130974],[152.362104,-31.130891],[152.362031,-31.130845],[152.361808,-31.130713],[152.361736,-31.130666],[152.361669,-31.130616],[152.361605,-31.130564],[152.361541,-31.13051],[152.361476,-31.130459],[152.361407,-31.130412],[152.361353,-31.13038],[152.361297,-31.130351],[152.361182,-31.130295],[152.361051,-31.130224],[152.360901,-31.130137],[152.360828,-31.13009],[152.360758,-31.13004],[152.360687,-31.129981],[152.360619,-31.129918],[152.360553,-31.129852],[152.360488,-31.129784],[152.360388,-31.129682],[152.360248,-31.129537],[152.360199,-31.129487],[152.360148,-31.129438],[152.360048,-31.129339],[152.36,-31.129287],[152.359913,-31.129199],[152.35987,-31.129154],[152.359833,-31.129107],[152.359805,-31.129056],[152.359791,-31.129011],[152.359784,-31.128964],[152.359774,-31.128868],[152.359763,-31.128822],[152.359723,-31.128727],[152.359669,-31.128636],[152.359604,-31.128549],[152.359533,-31.128465],[152.35946,-31.128386],[152.359393,-31.128317],[152.359323,-31.128252],[152.359249,-31.12819],[152.359171,-31.128132],[152.359091,-31.128081],[152.359022,-31.128044],[152.35895,-31.128013],[152.358802,-31.127956],[152.35873,-31.127924],[152.358647,-31.127879],[152.358565,-31.127831],[152.358484,-31.127782],[152.358401,-31.127737],[152.358316,-31.127699],[152.358262,-31.127679],[152.358208,-31.127661],[152.358153,-31.127644],[152.358042,-31.127615],[152.35796,-31.127599],[152.357877,-31.127587],[152.357794,-31.127577],[152.357711,-31.127568],[152.357629,-31.127555],[152.357526,-31.127534],[152.357424,-31.127511],[152.357222,-31.12746],[152.357021,-31.127405],[152.356822,-31.127348],[152.356627,-31.127282],[152.356477,-31.127228],[152.356402,-31.127199],[152.356332,-31.127165],[152.356266,-31.127124],[152.356214,-31.127084],[152.356166,-31.127039],[152.356119,-31.126991],[152.356077,-31.12694],[152.356038,-31.126887],[152.35597,-31.126763],[152.355889,-31.126563],[152.355779,-31.126311],[152.355749,-31.126195],[152.355734,-31.126093],[152.355725,-31.12599],[152.355722,-31.125803],[152.355711,-31.125726],[152.355699,-31.125664],[152.355675,-31.125609],[152.35563,-31.125569],[152.355574,-31.125536],[152.355475,-31.12547],[152.355405,-31.125418],[152.35535,-31.12536],[152.355308,-31.125297],[152.355272,-31.12523],[152.355229,-31.125116],[152.355198,-31.124995],[152.355165,-31.124852],[152.355149,-31.124768],[152.355123,-31.124599],[152.35511,-31.124466],[152.355103,-31.124368],[152.355096,-31.1242],[152.355094,-31.124096],[152.355141,-31.123934],[152.35518,-31.123762],[152.355209,-31.123588],[152.355228,-31.123413],[152.355187,-31.123279],[152.355101,-31.12314],[152.355049,-31.123035],[152.355016,-31.122948],[152.354968,-31.122766],[152.354952,-31.122676],[152.354937,-31.122495],[152.354939,-31.122408],[152.354948,-31.122274],[152.354918,-31.122162],[152.354819,-31.121983],[152.354754,-31.121887],[152.354681,-31.121797],[152.354313,-31.121403],[152.354067,-31.121138],[152.35376,-31.120803],[152.353448,-31.120473],[152.353296,-31.120323],[152.353143,-31.120176],[152.352833,-31.119882],[152.352538,-31.119588],[152.352257,-31.119293],[152.352114,-31.119148],[152.351968,-31.119006],[152.351739,-31.118801],[152.351503,-31.118603],[152.351262,-31.11841],[152.350775,-31.118032],[152.350581,-31.117891],[152.350381,-31.117758],[152.350183,-31.117622],[152.349996,-31.117478],[152.349828,-31.117315],[152.349777,-31.117256],[152.349679,-31.117132],[152.349587,-31.117004],[152.348748,-31.117373],[152.348349,-31.117316],[152.348208,-31.117167],[152.347781,-31.116904],[152.346475,-31.116614],[152.345244,-31.117264],[152.34421,-31.116899],[152.344322,-31.11601],[152.343447,-31.115197],[152.342434,-31.114648],[152.3419,-31.1145],[152.340655,-31.114881],[152.340356,-31.114812],[152.339335,-31.114068],[152.338875,-31.114],[152.338316,-31.114368],[152.33795,-31.114426],[152.336813,-31.115696],[152.336641,-31.116269],[152.337142,-31.116819],[152.337542,-31.117077],[152.33753,-31.117633],[152.338091,-31.118252],[152.338446,-31.119129],[152.33936,-31.119781],[152.339421,-31.119913],[152.340061,-31.120256],[152.340562,-31.121087],[152.341083,-31.121728],[152.341151,-31.122342],[152.342466,-31.123223],[152.342627,-31.123413],[152.343458,-31.124362],[152.343141,-31.126008],[152.342684,-31.127637],[152.342605,-31.128343],[152.342125,-31.127954],[152.340806,-31.127732],[152.340047,-31.128032],[152.33916,-31.127638],[152.338407,-31.127663],[152.337234,-31.127218],[152.336375,-31.127288],[152.335402,-31.127198],[152.334462,-31.127005],[152.333322,-31.126417],[152.33283,-31.126779],[152.333071,-31.127707],[152.331992,-31.127864],[152.330897,-31.127464],[152.316572,-31.202936],[152.313025,-31.202454],[152.254681,-31.194535],[152.254684,-31.194729],[152.254619,-31.194878],[152.254622,-31.195085],[152.254718,-31.195324],[152.254992,-31.195884],[152.255327,-31.196121],[152.255596,-31.196279],[152.255798,-31.196484],[152.256112,-31.197054],[152.256196,-31.197374],[152.256293,-31.197705],[152.256523,-31.197944],[152.256698,-31.198103],[152.256969,-31.198432],[152.257105,-31.198695],[152.257135,-31.198947],[152.257071,-31.199177],[152.257115,-31.199428],[152.257223,-31.199599],[152.257239,-31.199794],[152.257242,-31.2],[152.257351,-31.200229],[152.257556,-31.200582],[152.257573,-31.20088],[152.257349,-31.201054],[152.256962,-31.201],[152.256589,-31.200992],[152.256231,-31.201087],[152.255913,-31.201262],[152.255347,-31.201784],[152.254769,-31.20242],[152.254429,-31.202847],[152.254207,-31.203239],[152.254001,-31.203745],[152.253741,-31.204252],[152.253494,-31.204724],[152.253326,-31.205104],[152.253103,-31.205393],[152.252799,-31.205602],[152.252178,-31.205929],[152.251676,-31.206278],[152.251345,-31.206418],[152.251105,-31.206449],[152.250312,-31.206601],[152.249926,-31.206696],[152.249432,-31.206676],[152.248937,-31.206473],[152.248508,-31.206235],[152.247852,-31.206022],[152.247357,-31.205819],[152.247022,-31.205592],[152.246686,-31.205354],[152.246017,-31.205072],[152.245429,-31.204995],[152.244842,-31.204873],[152.244374,-31.204762],[152.243532,-31.204619],[152.243119,-31.204621],[152.242678,-31.204487],[152.24245,-31.204362],[152.242059,-31.203895],[152.241815,-31.203495],[152.241504,-31.202924],[152.241247,-31.202571],[152.240881,-31.201954],[152.240666,-31.201692],[152.240477,-31.201453],[152.240327,-31.201156],[152.240152,-31.200939],[152.239736,-31.200598],[152.239415,-31.200474],[152.238921,-31.200432],[152.23836,-31.200344],[152.237972,-31.200232],[152.23713,-31.199962],[152.236701,-31.199679],[152.236325,-31.199417],[152.235627,-31.198895],[152.235385,-31.198667],[152.235302,-31.198347],[152.235166,-31.198096],[152.234789,-31.197697],[152.234415,-31.197528],[152.234107,-31.197461],[152.233589,-31.197659],[152.233244,-31.197822],[152.232966,-31.198019],[152.232835,-31.198294],[152.232637,-31.198525],[152.232639,-31.198754],[152.232628,-31.199064],[152.232524,-31.199305],[152.232366,-31.199593],[152.232435,-31.199879],[152.232612,-31.200302],[152.232803,-31.200702],[152.232954,-31.201239],[152.233038,-31.201709],[152.233054,-31.201984],[152.232962,-31.202122],[152.232776,-31.202226],[152.232684,-31.20233],[152.232605,-31.202514],[152.232487,-31.202675],[152.232342,-31.202859],[152.232332,-31.203226],[152.232362,-31.203627],[152.232499,-31.204016],[152.232449,-31.204394],[152.232226,-31.204843],[152.232083,-31.20521],[152.23206,-31.205451],[152.231032,-31.20528],[152.230252,-31.205321],[152.229087,-31.205936],[152.22856,-31.205833],[152.228301,-31.206372],[152.227155,-31.206815],[152.226502,-31.206758],[152.224223,-31.207958],[152.223397,-31.207902],[152.221247,-31.206],[152.220326,-31.204792],[152.219671,-31.203692],[152.21735,-31.202238],[152.215629,-31.201941],[152.212483,-31.202024],[152.211869,-31.200908],[152.211387,-31.199492],[152.209412,-31.197584],[152.209028,-31.197694],[152.208669,-31.197776],[152.208217,-31.197951],[152.207539,-31.198185],[152.206952,-31.198257],[152.206538,-31.198134],[152.206243,-31.197952],[152.205868,-31.197783],[152.205427,-31.197682],[152.204972,-31.197479],[152.204436,-31.197093],[152.203685,-31.196628],[152.203429,-31.196354],[152.20332,-31.195988],[152.203251,-31.195713],[152.203048,-31.195417],[152.202712,-31.195075],[152.201814,-31.194565],[152.201454,-31.194395],[152.200985,-31.194192],[152.200544,-31.194034],[152.200048,-31.193739],[152.199673,-31.193581],[152.19918,-31.193538],[152.19854,-31.193508],[152.197793,-31.193559],[152.197088,-31.193678],[152.196224,-31.193958],[152.195599,-31.194145],[152.194987,-31.194413],[152.194244,-31.194727],[152.19334,-31.195122],[152.192928,-31.195274],[152.192383,-31.195415],[152.19177,-31.195465],[152.19129,-31.195559],[152.190785,-31.1957],[152.189855,-31.196061],[152.189523,-31.196223],[152.189179,-31.196524],[152.188755,-31.196859],[152.188251,-31.197206],[152.187626,-31.197393],[152.186868,-31.197627],[152.186309,-31.197779],[152.185777,-31.197886],[152.185243,-31.197843],[152.18479,-31.197846],[152.184497,-31.197939],[152.184112,-31.198056],[152.183699,-31.198162],[152.183272,-31.19805],[152.182362,-31.197735],[152.182149,-31.197793],[152.181528,-31.198393],[152.181169,-31.19859],[152.180824,-31.198753],[152.180504,-31.19872],[152.180303,-31.198595],[152.180089,-31.198585],[152.17993,-31.198689],[152.179772,-31.198885],[152.179588,-31.199196],[152.179336,-31.199438],[152.178964,-31.199509],[152.178709,-31.199361],[152.178427,-31.199157],[152.178066,-31.198999],[152.177733,-31.199024],[152.17724,-31.199107],[152.176866,-31.198983],[152.176532,-31.198848],[152.17609,-31.198678],[152.175595,-31.19851],[152.175313,-31.198248],[152.174882,-31.197643],[152.17476,-31.197483],[152.174479,-31.197256],[152.174237,-31.197039],[152.174128,-31.196788],[152.173926,-31.196583],[152.173672,-31.196412],[152.173429,-31.196161],[152.173199,-31.195716],[152.173076,-31.195316],[152.1731,-31.195052],[152.173098,-31.194788],[152.173029,-31.194479],[152.173053,-31.19417],[152.17309,-31.193814],[152.172968,-31.193563],[152.172687,-31.19337],[152.172257,-31.193051],[152.171855,-31.192733],[152.171397,-31.192266],[152.171128,-31.1919],[152.171017,-31.191328],[152.17092,-31.190893],[152.170651,-31.1907],[152.170211,-31.190611],[152.169692,-31.190728],[152.169413,-31.190925],[152.169068,-31.191076],[152.168588,-31.191125],[152.168162,-31.191116],[152.167656,-31.191233],[152.167083,-31.19126],[152.165867,-31.190969],[152.165159,-31.190767],[152.164663,-31.190415],[152.164458,-31.18982],[152.164377,-31.18966],[152.164243,-31.189523],[152.164215,-31.189351],[152.164106,-31.189111],[152.163944,-31.188815],[152.163756,-31.188678],[152.163529,-31.188714],[152.163236,-31.18875],[152.162955,-31.188568],[152.162593,-31.188387],[152.16214,-31.188332],[152.161647,-31.18845],[152.161089,-31.188614],[152.160504,-31.188778],[152.160076,-31.18862],[152.15946,-31.18836],[152.158939,-31.188179],[152.158283,-31.187805],[152.157773,-31.187395],[152.15761,-31.187064],[152.157541,-31.18672],[152.157405,-31.186469],[152.157201,-31.186285],[152.156752,-31.186393],[152.156059,-31.186488],[152.154848,-31.186702],[152.15381,-31.186972],[152.152879,-31.187264],[152.152216,-31.187669],[152.151846,-31.188107],[152.15161,-31.188543],[152.15156,-31.188979],[152.151552,-31.18961],[152.151437,-31.190241],[152.151161,-31.190781],[152.150779,-31.191333],[152.150252,-31.192116],[152.149869,-31.192611],[152.149685,-31.19291],[152.149528,-31.19322],[152.149423,-31.193439],[152.149197,-31.193589],[152.148999,-31.193774],[152.148564,-31.194452],[152.148222,-31.194959],[152.147944,-31.195293],[152.147866,-31.195488],[152.14755,-31.196017],[152.147184,-31.196948],[152.14711,-31.197681],[152.147047,-31.198095],[152.147172,-31.198678],[152.147281,-31.198998],[152.147457,-31.199422],[152.147554,-31.199799],[152.147784,-31.200199],[152.148041,-31.200667],[152.14811,-31.201057],[152.147995,-31.201573],[152.147651,-31.201976],[152.147466,-31.202172],[152.147415,-31.202402],[152.147564,-31.202802],[152.147873,-31.203087],[152.148036,-31.203441],[152.148027,-31.203911],[152.148044,-31.204461],[152.148194,-31.204804],[152.148744,-31.205305],[152.149213,-31.20552],[152.14972,-31.205529],[152.15016,-31.20556],[152.150654,-31.205661],[152.151134,-31.205692],[152.151935,-31.205733],[152.152496,-31.205937],[152.152806,-31.206301],[152.153008,-31.206621],[152.153388,-31.207364],[152.153659,-31.208004],[152.153864,-31.208565],[152.154081,-31.208976],[152.154124,-31.209319],[152.154037,-31.210122],[152.153815,-31.210776],[152.153501,-31.211478],[152.153425,-31.212005],[152.153469,-31.212532],[152.153527,-31.213013],[152.153397,-31.213507],[152.15312,-31.213944],[152.152741,-31.214794],[152.152705,-31.215322],[152.152735,-31.215722],[152.152818,-31.216112],[152.152822,-31.216558],[152.153011,-31.216924],[152.153106,-31.217141],[152.153403,-31.217541],[152.15362,-31.217952],[152.15365,-31.218387],[152.153548,-31.219007],[152.153272,-31.219513],[152.152928,-31.219881],[152.152531,-31.220205],[152.15208,-31.220482],[152.151522,-31.220783],[152.150924,-31.221085],[152.150473,-31.221374],[152.150169,-31.221594],[152.149879,-31.2221],[152.149658,-31.222674],[152.149555,-31.223259],[152.149626,-31.223774],[152.149855,-31.224174],[152.150261,-31.224779],[152.150625,-31.225224],[152.150907,-31.22552],[152.15123,-31.225977],[152.151562,-31.226388],[152.15331,-31.226955],[152.154878,-31.228176],[152.156766,-31.228663],[152.158486,-31.227888],[152.159773,-31.226799],[152.163188,-31.22791],[152.16305,-31.231321],[152.162184,-31.232542],[152.160245,-31.233951],[152.160004,-31.234131],[152.158665,-31.237989],[152.160937,-31.23998],[152.160963,-31.240221],[152.160941,-31.240885],[152.160813,-31.241551],[152.160698,-31.242193],[152.160528,-31.242607],[152.160398,-31.242974],[152.160375,-31.243467],[152.160248,-31.24427],[152.159974,-31.245028],[152.159552,-31.245535],[152.159143,-31.246098],[152.158787,-31.246662],[152.158366,-31.247341],[152.158195,-31.24764],[152.157984,-31.247904],[152.157894,-31.247988],[152.157772,-31.248146],[152.157693,-31.248307],[152.157698,-31.248414],[152.157698,-31.248705],[152.157686,-31.249152],[152.157794,-31.249519],[152.157822,-31.249874],[152.157916,-31.250321],[152.157931,-31.250768],[152.157945,-31.25109],[152.15788,-31.251571],[152.157775,-31.252088],[152.157669,-31.252432],[152.157404,-31.252902],[152.157112,-31.253545],[152.156542,-31.254819],[152.15637,-31.255301],[152.156318,-31.255645],[152.156279,-31.256138],[152.156201,-31.256792],[152.156188,-31.256861],[152.156016,-31.257388],[152.155883,-31.257756],[152.155724,-31.258054],[152.155458,-31.258513],[152.155153,-31.25911],[152.154928,-31.259455],[152.154769,-31.259902],[152.154477,-31.260671],[152.154307,-31.26168],[152.154254,-31.26207],[152.154096,-31.262632],[152.153978,-31.263263],[152.153608,-31.264491],[152.153462,-31.26495],[152.15325,-31.265569],[152.152946,-31.266602],[152.152417,-31.268196],[152.152258,-31.268575],[152.15222,-31.269091],[152.152274,-31.269492],[152.152449,-31.269961],[152.152624,-31.27042],[152.152771,-31.270649],[152.152932,-31.270924],[152.15304,-31.271222],[152.153108,-31.271668],[152.153082,-31.272104],[152.15303,-31.272551],[152.152871,-31.272987],[152.1525,-31.273619],[152.15226,-31.273837],[152.151727,-31.274239],[152.151221,-31.27463],[152.150835,-31.274986],[152.150356,-31.275457],[152.149918,-31.276031],[152.149532,-31.276559],[152.149134,-31.277271],[152.149044,-31.277482],[152.148736,-31.2782],[152.148524,-31.27859],[152.148231,-31.279084],[152.147912,-31.279509],[152.1475,-31.279899],[152.14706,-31.280152],[152.146434,-31.280383],[152.145847,-31.280441],[152.145326,-31.280591],[152.14506,-31.280832],[152.144768,-31.281188],[152.144462,-31.281544],[152.144036,-31.281797],[152.143715,-31.281832],[152.143395,-31.28181],[152.142821,-31.281811],[152.142354,-31.281915],[152.141941,-31.282134],[152.141555,-31.282444],[152.141223,-31.283098],[152.141011,-31.2835],[152.140786,-31.284027],[152.140493,-31.284521],[152.140121,-31.284946],[152.139508,-31.285245],[152.138894,-31.285395],[152.138373,-31.285281],[152.138066,-31.285053],[152.137785,-31.284686],[152.13765,-31.284285],[152.137555,-31.283815],[152.137434,-31.283162],[152.137393,-31.28283],[152.137205,-31.282337],[152.136909,-31.281776],[152.136347,-31.281193],[152.135959,-31.280758],[152.135558,-31.280288],[152.135317,-31.280094],[152.134903,-31.279911],[152.134502,-31.279786],[152.133994,-31.279649],[152.133554,-31.279467],[152.133207,-31.279433],[152.132846,-31.279468],[152.1325,-31.279549],[152.1321,-31.279756],[152.131062,-31.280526],[152.130676,-31.28087],[152.130183,-31.281238],[152.129757,-31.281422],[152.129222,-31.28124],[152.128782,-31.281115],[152.128221,-31.280875],[152.127579,-31.280555],[152.126377,-31.280064],[152.125883,-31.279882],[152.125455,-31.279584],[152.125001,-31.279241],[152.124399,-31.27876],[152.124078,-31.278681],[152.123758,-31.278693],[152.123679,-31.278729],[152.106626,-31.357283],[152.103123,-31.373415],[152.101341,-31.384092],[152.09976,-31.392027],[152.099624,-31.393056],[152.099342,-31.392654],[152.099165,-31.392277],[152.099002,-31.39206],[152.09884,-31.391901],[152.098598,-31.391731],[152.098316,-31.391619],[152.098153,-31.391379],[152.098177,-31.391138],[152.098309,-31.390942],[152.098519,-31.390608],[152.09866,-31.390126],[152.09871,-31.389804],[152.098669,-31.389644],[152.09856,-31.389461],[152.098318,-31.389303],[152.098168,-31.389097],[152.098045,-31.388823],[152.097922,-31.388492],[152.097706,-31.38831],[152.097397,-31.388175],[152.097036,-31.388144],[152.096636,-31.38825],[152.096278,-31.388494],[152.095987,-31.388759],[152.09579,-31.389048],[152.095553,-31.389325],[152.095328,-31.389568],[152.095144,-31.389833],[152.09504,-31.390132],[152.094855,-31.390328],[152.094605,-31.390605],[152.094326,-31.390802],[152.094021,-31.390977],[152.093423,-31.391314],[152.093105,-31.391546],[152.092708,-31.391859],[152.092323,-31.392091],[152.09199,-31.392128],[152.091656,-31.392073],[152.091348,-31.392007],[152.091068,-31.392089],[152.090694,-31.392184],[152.090254,-31.392222],[152.089947,-31.392179],[152.089651,-31.391986],[152.089422,-31.391793],[152.089073,-31.391681],[152.088619,-31.391639],[152.088098,-31.391654],[152.087725,-31.391726],[152.08747,-31.391671],[152.087244,-31.391719],[152.087005,-31.391881],[152.086714,-31.392124],[152.086543,-31.392389],[152.086454,-31.392586],[152.086451,-31.392591],[152.086412,-31.392677],[152.086229,-31.392999],[152.085963,-31.393162],[152.085552,-31.393383],[152.085233,-31.393569],[152.084915,-31.393789],[152.084423,-31.394034],[152.084145,-31.394231],[152.083708,-31.394578],[152.08331,-31.394914],[152.082849,-31.395479],[152.082283,-31.396264],[152.081966,-31.39661],[152.08157,-31.39706],[152.081107,-31.397477],[152.080643,-31.39787],[152.080245,-31.398079],[152.079832,-31.398243],[152.079272,-31.398271],[152.078671,-31.398275],[152.078352,-31.398438],[152.078091,-31.399059],[152.078135,-31.399414],[152.077966,-31.399851],[152.077808,-31.400116],[152.077598,-31.400451],[152.077375,-31.400796],[152.077111,-31.401096],[152.076859,-31.401305],[152.076606,-31.401398],[152.076246,-31.401436],[152.076044,-31.401322],[152.075935,-31.401117],[152.075825,-31.40082],[152.075663,-31.400661],[152.075434,-31.400456],[152.074992,-31.400311],[152.074684,-31.400324],[152.074459,-31.400452],[152.074369,-31.400763],[152.074332,-31.401129],[152.074295,-31.401416],[152.074178,-31.401704],[152.074048,-31.402072],[152.073864,-31.402337],[152.073587,-31.40266],[152.073256,-31.402892],[152.072896,-31.403032],[152.072376,-31.403105],[152.071896,-31.403224],[152.071377,-31.403423],[152.070951,-31.403563],[152.070565,-31.40367],[152.070502,-31.403642],[152.070131,-31.4036],[152.0699,-31.403531],[152.069614,-31.403471],[152.069384,-31.403363],[152.069252,-31.40329],[152.06905,-31.403177],[152.068981,-31.402937],[152.069031,-31.402661],[152.069149,-31.402431],[152.069333,-31.402154],[152.069423,-31.401787],[152.06934,-31.401558],[152.069202,-31.401135],[152.069199,-31.400826],[152.069289,-31.400538],[152.069419,-31.400182],[152.069455,-31.39978],[152.069373,-31.399621],[152.069184,-31.399416],[152.068993,-31.399073],[152.068816,-31.398708],[152.068493,-31.398481],[152.068132,-31.398449],[152.067857,-31.398397],[152.06782,-31.398592],[152.067094,-31.402418],[152.065575,-31.409145],[152.064843,-31.413146],[152.061895,-31.429235],[152.061912,-31.429256],[152.062094,-31.429407],[152.062214,-31.429585],[152.062214,-31.429656],[152.062499,-31.429986],[152.062792,-31.430234],[152.06312,-31.430387],[152.063422,-31.430444],[152.06364,-31.430444],[152.063925,-31.430387],[152.064244,-31.430387],[152.064361,-31.430416],[152.064496,-31.430559],[152.064495,-31.430745],[152.064411,-31.430817],[152.064193,-31.430917],[152.06399,-31.431132],[152.063989,-31.431533],[152.064076,-31.431704],[152.064243,-31.432277],[152.064276,-31.432807],[152.064344,-31.433107],[152.064461,-31.433222],[152.064763,-31.433308],[152.065014,-31.433323],[152.0653,-31.433279],[152.06535,-31.433251],[152.065568,-31.433251],[152.065779,-31.43341],[152.065836,-31.433695],[152.065836,-31.434697],[152.065803,-31.434854],[152.065802,-31.435384],[152.065685,-31.435742],[152.065567,-31.435928],[152.065366,-31.4361],[152.064896,-31.436381],[152.064594,-31.436572],[152.06451,-31.436672],[152.064476,-31.436815],[152.06451,-31.436987],[152.064694,-31.437388],[152.064711,-31.437861],[152.064677,-31.438147],[152.064627,-31.438319],[152.064627,-31.438462],[152.064663,-31.438591],[152.065375,-31.439256],[152.065549,-31.439321],[152.065935,-31.439321],[152.066019,-31.439378],[152.066086,-31.439507],[152.066103,-31.439808],[152.066142,-31.439937],[152.066287,-31.440066],[152.066421,-31.440123],[152.067008,-31.440152],[152.067241,-31.440217],[152.067512,-31.44041],[152.067629,-31.440567],[152.067729,-31.440839],[152.067729,-31.441326],[152.06778,-31.441483],[152.068065,-31.441884],[152.068249,-31.442529],[152.068424,-31.442696],[152.068635,-31.442729],[152.068836,-31.442672],[152.069038,-31.442443],[152.069071,-31.442314],[152.069088,-31.44157],[152.069156,-31.441369],[152.069374,-31.441169],[152.069642,-31.44104],[152.069776,-31.441012],[152.070062,-31.441012],[152.070263,-31.441069],[152.070431,-31.441155],[152.070598,-31.441313],[152.070649,-31.441398],[152.070649,-31.441499],[152.070883,-31.441914],[152.071001,-31.442014],[152.071118,-31.442186],[152.071202,-31.442501],[152.071303,-31.44273],[152.071386,-31.442844],[152.071604,-31.443045],[152.071923,-31.443217],[152.071957,-31.443188],[152.072292,-31.443203],[152.072712,-31.443146],[152.073165,-31.44316],[152.073936,-31.443303],[152.074431,-31.443514],[152.074674,-31.443719],[152.074792,-31.443934],[152.074993,-31.444105],[152.075228,-31.444506],[152.075345,-31.444821],[152.075463,-31.44548],[152.07553,-31.445609],[152.075647,-31.445738],[152.075965,-31.445878],[152.076151,-31.445795],[152.076352,-31.44558],[152.076553,-31.445208],[152.076553,-31.445151],[152.076704,-31.444793],[152.076822,-31.444721],[152.076939,-31.444736],[152.077107,-31.44485],[152.077224,-31.445094],[152.077291,-31.445337],[152.077409,-31.445523],[152.077711,-31.445838],[152.078153,-31.446199],[152.078768,-31.446726],[152.078952,-31.446941],[152.079355,-31.447284],[152.079908,-31.447542],[152.080059,-31.4476],[152.080462,-31.447657],[152.080663,-31.447657],[152.080982,-31.447714],[152.081653,-31.447743],[152.082324,-31.447858],[152.082442,-31.447844],[152.082912,-31.448001],[152.08313,-31.448187],[152.083331,-31.448474],[152.083398,-31.448646],[152.083399,-31.449033],[152.083465,-31.449147],[152.083616,-31.44929],[152.084119,-31.449433],[152.084472,-31.449605],[152.084589,-31.449605],[152.084774,-31.449662],[152.085025,-31.449691],[152.085306,-31.449821],[152.085394,-31.449949],[152.085411,-31.450063],[152.085445,-31.450106],[152.085512,-31.450507],[152.085696,-31.450693],[152.085948,-31.451108],[152.086066,-31.451481],[152.086049,-31.451667],[152.086083,-31.451712],[152.086032,-31.451753],[152.086049,-31.452196],[152.086116,-31.452397],[152.086116,-31.452497],[152.086183,-31.452654],[152.086267,-31.453012],[152.086451,-31.453213],[152.086468,-31.453428],[152.086384,-31.453685],[152.08635,-31.453886],[152.08636,-31.454066],[152.086384,-31.454172],[152.086686,-31.454587],[152.086803,-31.454745],[152.087038,-31.454945],[152.087088,-31.45506],[152.087239,-31.455217],[152.087323,-31.455389],[152.087463,-31.455562],[152.087676,-31.455776],[152.087676,-31.455904],[152.08781,-31.456176],[152.08781,-31.456563],[152.087726,-31.456821],[152.087242,-31.457224],[152.086904,-31.457364],[152.086736,-31.457508],[152.086568,-31.457737],[152.08645,-31.458052],[152.08609,-31.459377],[152.086031,-31.459454],[152.086031,-31.459498],[152.085829,-31.459741],[152.085628,-31.459827],[152.085376,-31.459884],[152.085124,-31.459884],[152.084957,-31.459827],[152.084789,-31.459712],[152.084588,-31.459469],[152.084134,-31.459082],[152.08378,-31.458932],[152.083497,-31.45891],[152.083363,-31.458939],[152.083128,-31.459067],[152.083022,-31.459157],[152.082809,-31.459397],[152.082691,-31.459597],[152.082574,-31.459726],[152.082272,-31.460313],[152.081953,-31.460756],[152.081768,-31.4609],[152.0815,-31.461028],[152.080719,-31.461266],[152.080291,-31.461544],[152.080149,-31.461703],[152.079872,-31.462059],[152.079754,-31.462359],[152.079653,-31.46276],[152.079668,-31.463047],[152.07972,-31.463176],[152.080106,-31.463777],[152.080777,-31.464536],[152.081096,-31.464951],[152.081163,-31.465094],[152.081163,-31.465252],[152.081096,-31.465366],[152.080928,-31.465524],[152.080794,-31.465581],[152.080525,-31.465609],[152.080441,-31.465581],[152.080206,-31.465581],[152.080022,-31.465638],[152.079821,-31.465638],[152.079485,-31.465738],[152.079401,-31.465809],[152.079351,-31.465981],[152.079351,-31.466339],[152.079485,-31.466883],[152.079484,-31.466983],[152.079636,-31.467442],[152.07969,-31.467861],[152.079712,-31.467957],[152.079753,-31.468129],[152.079769,-31.468673],[152.079954,-31.469246],[152.080155,-31.469503],[152.080181,-31.469659],[152.080625,-31.470663],[152.080769,-31.471109],[152.080809,-31.471364],[152.080792,-31.471679],[152.080742,-31.471851],[152.080591,-31.47208],[152.080323,-31.472323],[152.080088,-31.472452],[152.079819,-31.472509],[152.079383,-31.472538],[152.079081,-31.472681],[152.078795,-31.472939],[152.078661,-31.473125],[152.078543,-31.473526],[152.078543,-31.473783],[152.078577,-31.473912],[152.078711,-31.474098],[152.079116,-31.474412],[152.079516,-31.474485],[152.080339,-31.474485],[152.080607,-31.474428],[152.080725,-31.474371],[152.081262,-31.474371],[152.081849,-31.474543],[152.08208,-31.474675],[152.082218,-31.474815],[152.082319,-31.475058],[152.082319,-31.47523],[152.082168,-31.475817],[152.082185,-31.476275],[152.082218,-31.47639],[152.082302,-31.476519],[152.082302,-31.476619],[152.082352,-31.476791],[152.082336,-31.477091],[152.082218,-31.477506],[152.082151,-31.477621],[152.081983,-31.477749],[152.08163,-31.477893],[152.081395,-31.478021],[152.08116,-31.478236],[152.080925,-31.478551],[152.080808,-31.478852],[152.080707,-31.479252],[152.080673,-31.479739],[152.080707,-31.479911],[152.080791,-31.480083],[152.081043,-31.480269],[152.081093,-31.480255],[152.081294,-31.480384],[152.081613,-31.480527],[152.08215,-31.480899],[152.082486,-31.481042],[152.082939,-31.481186],[152.08304,-31.481243],[152.083258,-31.481429],[152.083627,-31.481873],[152.083812,-31.482045],[152.084097,-31.482446],[152.084147,-31.482546],[152.084214,-31.483119],[152.084297,-31.483254],[152.084264,-31.483276],[152.084298,-31.483319],[152.084399,-31.483691],[152.084382,-31.483906],[152.084298,-31.484092],[152.084063,-31.484293],[152.083794,-31.484392],[152.08319,-31.484478],[152.08272,-31.484593],[152.082401,-31.484707],[152.082233,-31.484808],[152.082183,-31.484808],[152.081847,-31.485065],[152.081713,-31.485222],[152.081663,-31.485466],[152.081713,-31.485638],[152.081914,-31.485852],[152.082116,-31.485953],[152.082351,-31.485996],[152.082636,-31.48611],[152.082804,-31.486196],[152.083039,-31.486397],[152.083206,-31.486669],[152.083324,-31.487027],[152.083357,-31.487313],[152.083391,-31.487358],[152.083357,-31.487399],[152.083324,-31.487757],[152.083122,-31.488215],[152.083038,-31.488358],[152.082786,-31.488644],[152.082408,-31.489171],[152.082417,-31.489217],[152.082333,-31.489389],[152.082216,-31.489804],[152.082115,-31.490319],[152.082114,-31.490563],[152.082215,-31.490977],[152.082534,-31.491593],[152.082803,-31.491951],[152.08297,-31.492066],[152.08334,-31.492538],[152.083373,-31.492638],[152.083457,-31.492739],[152.083502,-31.492907],[152.083608,-31.493011],[152.083843,-31.49334],[152.083994,-31.493497],[152.084152,-31.493599],[152.085085,-31.494314],[152.085354,-31.494481],[152.085756,-31.494801],[152.085991,-31.495073],[152.086277,-31.495316],[152.086512,-31.495559],[152.086814,-31.495803],[152.087032,-31.496032],[152.087113,-31.496173],[152.087099,-31.496247],[152.087133,-31.496289],[152.087083,-31.496433],[152.086864,-31.496705],[152.086125,-31.497292],[152.085974,-31.497363],[152.084817,-31.497392],[152.084397,-31.49752],[152.084162,-31.497678],[152.083977,-31.497907],[152.083694,-31.498415],[152.083669,-31.49848],[152.083502,-31.498652],[152.083452,-31.498723],[152.083185,-31.499368],[152.083151,-31.49954],[152.083151,-31.49964],[152.083218,-31.499812],[152.083285,-31.499898],[152.083452,-31.500084],[152.083686,-31.500271],[152.083904,-31.500522],[152.078228,-31.499662],[152.078028,-31.499631],[152.07001,-31.498415],[152.066437,-31.497926],[152.056169,-31.496523],[152.05289,-31.496074],[152.044495,-31.494938],[152.035038,-31.493723],[152.034612,-31.493656],[152.034386,-31.49362],[152.00692,-31.489958],[152.004131,-31.489569],[151.998826,-31.488831],[151.990636,-31.487647],[151.984298,-31.486707],[151.980718,-31.486175],[151.980463,-31.487357],[151.976331,-31.486735],[151.976473,-31.486043],[151.976509,-31.485864],[151.972424,-31.48523],[151.972217,-31.485194],[151.96027,-31.483461],[151.948381,-31.481738],[151.91277,-31.4767],[151.912758,-31.476723],[151.912693,-31.476828],[151.912613,-31.476926],[151.912441,-31.477115],[151.912361,-31.477214],[151.912252,-31.477396],[151.912158,-31.477592],[151.912067,-31.477789],[151.911963,-31.477971],[151.911832,-31.478123],[151.911776,-31.478168],[151.911718,-31.47821],[151.911598,-31.478291],[151.911422,-31.478417],[151.911301,-31.478501],[151.911184,-31.478589],[151.911078,-31.478684],[151.910988,-31.47879],[151.910935,-31.478869],[151.910886,-31.478952],[151.910842,-31.479038],[151.910809,-31.479126],[151.91079,-31.479215],[151.910787,-31.479306],[151.910799,-31.479401],[151.910822,-31.479496],[151.91085,-31.479591],[151.910878,-31.479683],[151.910934,-31.479815],[151.911012,-31.479944],[151.911091,-31.48007],[151.911152,-31.480196],[151.911176,-31.480323],[151.911169,-31.480405],[151.911152,-31.480488],[151.911128,-31.48057],[151.911096,-31.48065],[151.91106,-31.480725],[151.910995,-31.480817],[151.910913,-31.480899],[151.910729,-31.481055],[151.910646,-31.481138],[151.91059,-31.481198],[151.91053,-31.481259],[151.910474,-31.481321],[151.91043,-31.481385],[151.910404,-31.481453],[151.910398,-31.481514],[151.910403,-31.48158],[151.910417,-31.481646],[151.910436,-31.481711],[151.910459,-31.481772],[151.910485,-31.481831],[151.910517,-31.48189],[151.910554,-31.481945],[151.910596,-31.481997],[151.910641,-31.482043],[151.910751,-31.482108],[151.91089,-31.482145],[151.911045,-31.482162],[151.911358,-31.482175],[151.911587,-31.48217],[151.911819,-31.482139],[151.912051,-31.482092],[151.912283,-31.482043],[151.912516,-31.482004],[151.912963,-31.481942],[151.913186,-31.481914],[151.91341,-31.481889],[151.91377,-31.481861],[151.913906,-31.48185],[151.914041,-31.481842],[151.914176,-31.481842],[151.914308,-31.481855],[151.914437,-31.48188],[151.914567,-31.481913],[151.914694,-31.481956],[151.914815,-31.482009],[151.914925,-31.482076],[151.915039,-31.482168],[151.915146,-31.48228],[151.915241,-31.482404],[151.91532,-31.482536],[151.915377,-31.482671],[151.915414,-31.482837],[151.91542,-31.483017],[151.915403,-31.483203],[151.91537,-31.483388],[151.915328,-31.483564],[151.915272,-31.483755],[151.9152,-31.483948],[151.915111,-31.484133],[151.915003,-31.484301],[151.914876,-31.48444],[151.914767,-31.484524],[151.914647,-31.484596],[151.914518,-31.484657],[151.914385,-31.48471],[151.914253,-31.484755],[151.91408,-31.484796],[151.913901,-31.484818],[151.913719,-31.484829],[151.913354,-31.484837],[151.91317,-31.484838],[151.912985,-31.484832],[151.912801,-31.484823],[151.912617,-31.484817],[151.912433,-31.484821],[151.912146,-31.484833],[151.912003,-31.484843],[151.911862,-31.484863],[151.911727,-31.484898],[151.911594,-31.484952],[151.911466,-31.48502],[151.911341,-31.485099],[151.911219,-31.485183],[151.911098,-31.485267],[151.910944,-31.485385],[151.910797,-31.485512],[151.910509,-31.485776],[151.91036,-31.485901],[151.910226,-31.485997],[151.910085,-31.486086],[151.909946,-31.486177],[151.909816,-31.486274],[151.909703,-31.486386],[151.90964,-31.486469],[151.909583,-31.486556],[151.90953,-31.486647],[151.909481,-31.48674],[151.909399,-31.486902],[151.909365,-31.486971],[151.909334,-31.487042],[151.909305,-31.487113],[151.909279,-31.487186],[151.909264,-31.487231],[151.909251,-31.487277],[151.909238,-31.487324],[151.909227,-31.48737],[151.909218,-31.487417],[151.909205,-31.487499],[151.909195,-31.487583],[151.909191,-31.487666],[151.909192,-31.487749],[151.909202,-31.487831],[151.909218,-31.487915],[151.909241,-31.488003],[151.909271,-31.488087],[151.909311,-31.488162],[151.909362,-31.488222],[151.909408,-31.488257],[151.909461,-31.488286],[151.909518,-31.48831],[151.909577,-31.488327],[151.909634,-31.488338],[151.909706,-31.488337],[151.909779,-31.488323],[151.909853,-31.4883],[151.909927,-31.488272],[151.909998,-31.488244],[151.910146,-31.48817],[151.910283,-31.488072],[151.910417,-31.487962],[151.910552,-31.487854],[151.910693,-31.487759],[151.910931,-31.487619],[151.911054,-31.487554],[151.911178,-31.487502],[151.911305,-31.487467],[151.911408,-31.487452],[151.911514,-31.487446],[151.911621,-31.487449],[151.911727,-31.487459],[151.911829,-31.487478],[151.911942,-31.487507],[151.912055,-31.487546],[151.912165,-31.487596],[151.912266,-31.487655],[151.912353,-31.487726],[151.91242,-31.487801],[151.912479,-31.487886],[151.912529,-31.487979],[151.912572,-31.488076],[151.912607,-31.488172],[151.91264,-31.488343],[151.912641,-31.488527],[151.91262,-31.488717],[151.912583,-31.488906],[151.91254,-31.489087],[151.91247,-31.489301],[151.912374,-31.489508],[151.912262,-31.489712],[151.912147,-31.489914],[151.911959,-31.490267],[151.911874,-31.490414],[151.911792,-31.490562],[151.911721,-31.490713],[151.911669,-31.490868],[151.911645,-31.490971],[151.911624,-31.491077],[151.91161,-31.491184],[151.911606,-31.491289],[151.911614,-31.491392],[151.911636,-31.49149],[151.91167,-31.491587],[151.911713,-31.491682],[151.911763,-31.491774],[151.911818,-31.49186],[151.911961,-31.492009],[151.912146,-31.492129],[151.912356,-31.492233],[151.912571,-31.492333],[151.912772,-31.492444],[151.912826,-31.49248],[151.912933,-31.492553],[151.912987,-31.492588],[151.913042,-31.492621],[151.913116,-31.492659],[151.913192,-31.492693],[151.913346,-31.492758],[151.913423,-31.492792],[151.913645,-31.492895],[151.913756,-31.492948],[151.913864,-31.493005],[151.913969,-31.493067],[151.914028,-31.493106],[151.914086,-31.493147],[151.914144,-31.493189],[151.9142,-31.493232],[151.914255,-31.493277],[151.914301,-31.493315],[151.914345,-31.493354],[151.914476,-31.493475],[151.914535,-31.493526],[151.914598,-31.493575],[151.914658,-31.493625],[151.914709,-31.493679],[151.914746,-31.49374],[151.914765,-31.493796],[151.914778,-31.493858],[151.914783,-31.493921],[151.914782,-31.493984],[151.914774,-31.494043],[151.914759,-31.494097],[151.914736,-31.494151],[151.914709,-31.494203],[151.914676,-31.494252],[151.914641,-31.494297],[151.91459,-31.494346],[151.91453,-31.494389],[151.914465,-31.494427],[151.914398,-31.494463],[151.914254,-31.494546],[151.914095,-31.494632],[151.914016,-31.494677],[151.913941,-31.494727],[151.913863,-31.494783],[151.913784,-31.494842],[151.913709,-31.494904],[151.913643,-31.494972],[151.913588,-31.495046],[151.913548,-31.495125],[151.913518,-31.495211],[151.913495,-31.495301],[151.91348,-31.495392],[151.913472,-31.495482],[151.913474,-31.495559],[151.913483,-31.495636],[151.913511,-31.49579],[151.913535,-31.495953],[151.913553,-31.496039],[151.913567,-31.496125],[151.913572,-31.496208],[151.913561,-31.496287],[151.91354,-31.49634],[151.91351,-31.49639],[151.913442,-31.496489],[151.913412,-31.49654],[151.913368,-31.496628],[151.913327,-31.496718],[151.913213,-31.496992],[151.913171,-31.497098],[151.913093,-31.497312],[151.913049,-31.497416],[151.912998,-31.497516],[151.912934,-31.497617],[151.912862,-31.497714],[151.912785,-31.497808],[151.912705,-31.4979],[151.912623,-31.49799],[151.91254,-31.49808],[151.912454,-31.498167],[151.912365,-31.498252],[151.912275,-31.498335],[151.91218,-31.498416],[151.912065,-31.498475],[151.911965,-31.498537],[151.911866,-31.4986],[151.911768,-31.498665],[151.911514,-31.498842],[151.911357,-31.498955],[151.911205,-31.499073],[151.911067,-31.499202],[151.910949,-31.499344],[151.910872,-31.499457],[151.910798,-31.499578],[151.910735,-31.499703],[151.91069,-31.49983],[151.910671,-31.499955],[151.910677,-31.500072],[151.910699,-31.500195],[151.910736,-31.500316],[151.910789,-31.500424],[151.910856,-31.500511],[151.910949,-31.500571],[151.911064,-31.500607],[151.911193,-31.50063],[151.911324,-31.50065],[151.911449,-31.500678],[151.911601,-31.500719],[151.911755,-31.500757],[151.911907,-31.500798],[151.912054,-31.50085],[151.912189,-31.500919],[151.912285,-31.50098],[151.912379,-31.501047],[151.912467,-31.501121],[151.912547,-31.501202],[151.912615,-31.501289],[151.91266,-31.501364],[151.912698,-31.501443],[151.91273,-31.501527],[151.912758,-31.501611],[151.912782,-31.501696],[151.91281,-31.501826],[151.912829,-31.501961],[151.912838,-31.502097],[151.912834,-31.502232],[151.912819,-31.502363],[151.912775,-31.502496],[151.912705,-31.502627],[151.912628,-31.502755],[151.912566,-31.502883],[151.912541,-31.503012],[151.912553,-31.503139],[151.912586,-31.503271],[151.912638,-31.503401],[151.912704,-31.503521],[151.912782,-31.503623],[151.912892,-31.503711],[151.913028,-31.503777],[151.913179,-31.503828],[151.913335,-31.503873],[151.913485,-31.503919],[151.913681,-31.503984],[151.91388,-31.504043],[151.914081,-31.504095],[151.914283,-31.50414],[151.914485,-31.504179],[151.914727,-31.504215],[151.914971,-31.504243],[151.915217,-31.504261],[151.915462,-31.50427],[151.915707,-31.504271],[151.915892,-31.504261],[151.916078,-31.504242],[151.916263,-31.504219],[151.916448,-31.504202],[151.91674,-31.504194],[151.916855,-31.504186],[151.916966,-31.504183],[151.917062,-31.504196],[151.917133,-31.504234],[151.917171,-31.504284],[151.917201,-31.504345],[151.917222,-31.504412],[151.917237,-31.504482],[151.917244,-31.504549],[151.917227,-31.50465],[151.917177,-31.504752],[151.917111,-31.504855],[151.917047,-31.50496],[151.917003,-31.505068],[151.916974,-31.505183],[151.916949,-31.505306],[151.916934,-31.505428],[151.916937,-31.505543],[151.916966,-31.505642],[151.917033,-31.505724],[151.917131,-31.50579],[151.917248,-31.505847],[151.917371,-31.5059],[151.917485,-31.505957],[151.917656,-31.506045],[151.91801,-31.506206],[151.91818,-31.506295],[151.918336,-31.506401],[151.91848,-31.506519],[151.918625,-31.506647],[151.918757,-31.506785],[151.918862,-31.506932],[151.918929,-31.507087],[151.918953,-31.507212],[151.918961,-31.507346],[151.918953,-31.507482],[151.91893,-31.507614],[151.918892,-31.507735],[151.918819,-31.507865],[151.918718,-31.507986],[151.918598,-31.508097],[151.918467,-31.508199],[151.918336,-31.508291],[151.918155,-31.508389],[151.917957,-31.508461],[151.917749,-31.508519],[151.91754,-31.508576],[151.917336,-31.508643],[151.917163,-31.508706],[151.916987,-31.508768],[151.916814,-31.508834],[151.916645,-31.508907],[151.916485,-31.508995],[151.916359,-31.50907],[151.916231,-31.509149],[151.916109,-31.509235],[151.916005,-31.509331],[151.915929,-31.509439],[151.915881,-31.509571],[151.915856,-31.509722],[151.915853,-31.50988],[151.915871,-31.510034],[151.915755,-31.510067],[151.915521,-31.510031],[151.911488,-31.509427],[151.8859,-31.505619],[151.87709,-31.504307],[151.873284,-31.503735],[151.865641,-31.502577],[151.86555,-31.502667],[151.865483,-31.50271],[151.865295,-31.502621],[151.865283,-31.502651],[151.864748,-31.502689],[151.864664,-31.502717],[151.864447,-31.502715],[151.863727,-31.502809],[151.86341,-31.502792],[151.863177,-31.502704],[151.863078,-31.502617],[151.862996,-31.502488],[151.862942,-31.502268],[151.848319,-31.500043],[151.848064,-31.500005],[151.84458,-31.499475],[151.842759,-31.509038],[151.818195,-31.505732],[151.817896,-31.505699],[151.817876,-31.505834],[151.81765,-31.506548],[151.817631,-31.50672],[151.817671,-31.506903],[151.817678,-31.506964],[151.817777,-31.507201],[151.817453,-31.507163],[151.813548,-31.506604],[151.809411,-31.506013],[151.802601,-31.505038],[151.802351,-31.505003],[151.801197,-31.50611],[151.79737,-31.506929],[151.796334,-31.507848],[151.796118,-31.508805],[151.795334,-31.510786],[151.793059,-31.511791],[151.792112,-31.512401],[151.792027,-31.512499],[151.791376,-31.513423],[151.790654,-31.513612],[151.789327,-31.514938],[151.787336,-31.514986],[151.787331,-31.515163],[151.784373,-31.514149],[151.78155,-31.513878],[151.780585,-31.513627],[151.779612,-31.512741],[151.777422,-31.511729],[151.775521,-31.512357],[151.774371,-31.513092],[151.772087,-31.512657],[151.771276,-31.512154],[151.770795,-31.511909],[151.769711,-31.511756],[151.768447,-31.51232],[151.764573,-31.511952],[151.761575,-31.511185],[151.7607,-31.515421],[151.753343,-31.514308],[151.754713,-31.518372],[151.756638,-31.520256],[151.756228,-31.521747],[151.753741,-31.524385],[151.754767,-31.526993],[151.759741,-31.530675],[151.758457,-31.535372],[151.761719,-31.537356],[151.763901,-31.540943],[151.768341,-31.542552],[151.770838,-31.543257],[151.773447,-31.544387],[151.774719,-31.544387],[151.7777,-31.545182],[151.78041,-31.545198],[151.781216,-31.545616],[151.782302,-31.546179],[151.783054,-31.547231],[151.784702,-31.547743],[151.786608,-31.547811],[151.786689,-31.548],[151.787466,-31.549545],[151.787779,-31.55365],[151.788201,-31.559293],[151.788938,-31.559697],[151.789128,-31.560159],[151.78911,-31.560376],[151.789685,-31.56106],[151.789915,-31.561331],[151.790844,-31.562808],[151.79175,-31.563665],[151.792802,-31.564847],[151.795102,-31.565409],[151.796298,-31.565972],[151.79701,-31.566117],[151.800342,-31.567576],[151.800421,-31.567626],[151.801589,-31.570841],[151.802497,-31.573861],[151.783284,-31.585595],[151.783186,-31.58565],[151.782969,-31.585616],[151.781646,-31.592628],[151.775115,-31.591723],[151.775327,-31.59042],[151.76448,-31.597176],[151.757149,-31.601741],[151.756933,-31.601739],[151.756746,-31.60175],[151.757288,-31.607456],[151.75595,-31.609247],[151.755963,-31.609309],[151.755974,-31.609345],[151.755995,-31.60939],[151.756022,-31.609433],[151.756111,-31.609559],[151.756156,-31.609639],[151.756284,-31.609884],[151.756331,-31.609962],[151.756416,-31.610084],[151.756451,-31.610159],[151.756526,-31.610382],[151.756552,-31.610491],[151.756566,-31.610572],[151.756573,-31.610653],[151.756573,-31.610705],[151.756558,-31.610863],[151.756557,-31.610966],[151.756571,-31.611168],[151.756575,-31.611308],[151.75658,-31.611816],[151.756595,-31.612003],[151.756615,-31.612126],[151.756642,-31.612231],[151.756659,-31.612283],[151.756718,-31.612434],[151.756765,-31.612533],[151.756792,-31.61258],[151.756867,-31.612702],[151.756899,-31.612748],[151.756929,-31.612783],[151.756964,-31.612811],[151.757017,-31.61284],[151.757045,-31.612851],[151.757103,-31.612865],[151.757146,-31.612863],[151.757211,-31.612854],[151.75728,-31.612856],[151.757455,-31.612878],[151.757525,-31.612893],[151.757558,-31.612904],[151.757623,-31.612937],[151.757653,-31.612958],[151.75771,-31.613003],[151.757752,-31.61305],[151.757888,-31.61323],[151.757926,-31.613293],[151.757943,-31.61333],[151.758105,-31.613704],[151.758159,-31.613843],[151.75821,-31.61399],[151.758328,-31.614351],[151.758366,-31.614495],[151.758396,-31.61466],[151.758403,-31.614715],[151.758411,-31.614815],[151.75841,-31.615142],[151.7584,-31.61524],[151.758392,-31.615281],[151.758289,-31.615619],[151.75827,-31.615708],[151.758264,-31.615777],[151.758272,-31.615828],[151.758324,-31.616004],[151.758416,-31.616271],[151.758455,-31.616399],[151.75849,-31.616528],[151.758515,-31.616658],[151.758545,-31.61692],[151.758569,-31.617096],[151.75858,-31.617213],[151.75858,-31.617277],[151.758568,-31.617533],[151.758569,-31.61782],[151.758565,-31.618049],[151.758574,-31.618127],[151.758624,-31.618361],[151.758633,-31.618439],[151.758634,-31.618556],[151.758628,-31.618731],[151.758629,-31.618881],[151.758625,-31.61893],[151.758617,-31.618978],[151.758602,-31.619015],[151.758546,-31.619123],[151.758533,-31.61916],[151.758517,-31.619231],[151.75851,-31.61928],[151.758512,-31.619324],[151.758528,-31.619413],[151.758532,-31.619457],[151.758526,-31.619498],[151.758514,-31.61953],[151.758478,-31.619592],[151.75843,-31.619646],[151.758409,-31.619665],[151.758361,-31.619699],[151.758309,-31.619724],[151.758257,-31.619737],[151.758116,-31.619749],[151.75799,-31.619749],[151.757882,-31.619741],[151.757777,-31.61972],[151.757571,-31.619647],[151.757501,-31.619629],[151.757452,-31.61962],[151.757353,-31.619606],[151.757149,-31.619588],[151.75708,-31.619589],[151.757037,-31.619598],[151.756953,-31.619626],[151.756832,-31.619679],[151.756755,-31.619717],[151.756682,-31.619762],[151.756639,-31.619797],[151.756597,-31.619834],[151.756558,-31.619875],[151.756485,-31.619961],[151.756413,-31.620049],[151.756379,-31.620096],[151.75635,-31.620144],[151.756327,-31.620194],[151.756302,-31.620276],[151.756283,-31.620405],[151.756279,-31.62048],[151.756281,-31.620556],[151.756298,-31.620708],[151.756324,-31.620861],[151.756361,-31.621015],[151.756432,-31.62127],[151.756493,-31.621474],[151.756562,-31.621674],[151.756637,-31.621867],[151.75676,-31.622152],[151.756829,-31.622298],[151.757026,-31.622699],[151.75709,-31.62282],[151.757186,-31.62298],[151.757282,-31.623151],[151.757388,-31.623325],[151.75745,-31.623417],[151.757543,-31.62354],[151.757649,-31.623666],[151.757764,-31.62379],[151.75786,-31.623883],[151.757919,-31.623933],[151.757976,-31.623973],[151.758029,-31.624003],[151.758084,-31.624029],[151.758252,-31.624129],[151.758349,-31.624194],[151.75842,-31.624253],[151.758487,-31.624318],[151.758517,-31.624354],[151.758552,-31.624403],[151.758584,-31.624457],[151.758612,-31.624513],[151.758637,-31.62457],[151.758673,-31.624677],[151.758685,-31.624727],[151.758732,-31.624974],[151.758746,-31.625068],[151.758744,-31.625148],[151.758734,-31.625214],[151.758725,-31.625246],[151.758713,-31.625276],[151.758693,-31.62531],[151.758668,-31.625343],[151.758638,-31.625374],[151.758573,-31.625425],[151.758495,-31.625468],[151.758439,-31.625483],[151.758403,-31.625485],[151.758366,-31.625482],[151.758292,-31.625463],[151.758258,-31.62545],[151.758226,-31.625433],[151.75811,-31.625342],[151.757998,-31.625262],[151.757928,-31.625225],[151.757842,-31.625194],[151.757754,-31.625171],[151.757673,-31.625158],[151.75759,-31.625153],[151.757506,-31.625155],[151.757338,-31.625168],[151.75719,-31.625191],[151.756841,-31.625273],[151.756715,-31.625308],[151.756655,-31.625332],[151.756613,-31.625353],[151.756454,-31.625453],[151.756308,-31.62552],[151.756261,-31.625544],[151.756219,-31.625575],[151.756169,-31.625623],[151.756124,-31.625678],[151.756105,-31.625707],[151.756074,-31.625773],[151.756052,-31.625844],[151.756045,-31.625879],[151.756043,-31.625939],[151.756051,-31.626001],[151.756065,-31.626064],[151.756116,-31.626245],[151.756194,-31.626469],[151.756242,-31.626628],[151.756282,-31.626789],[151.756296,-31.62687],[151.756312,-31.627016],[151.756317,-31.62709],[151.756317,-31.627236],[151.756313,-31.627303],[151.756299,-31.627437],[151.756265,-31.627646],[151.756249,-31.627722],[151.756238,-31.627759],[151.756203,-31.62783],[151.756089,-31.628001],[151.756011,-31.628104],[151.755884,-31.628253],[151.755821,-31.628346],[151.755769,-31.628444],[151.75575,-31.628495],[151.755737,-31.628542],[151.755729,-31.628591],[151.755717,-31.628741],[151.755715,-31.628847],[151.755724,-31.629005],[151.755731,-31.629071],[151.755752,-31.629202],[151.755794,-31.629393],[151.755845,-31.629574],[151.755874,-31.629714],[151.755948,-31.630305],[151.755976,-31.630483],[151.755993,-31.630558],[151.756071,-31.630855],[151.756109,-31.631026],[151.756119,-31.631084],[151.756128,-31.63118],[151.75613,-31.631258],[151.756126,-31.631336],[151.756119,-31.631388],[151.756107,-31.63144],[151.756021,-31.631771],[151.756003,-31.631831],[151.755987,-31.631887],[151.7559,-31.632117],[151.755842,-31.6323],[151.7558,-31.632421],[151.755733,-31.632582],[151.75568,-31.632686],[151.755605,-31.632807],[151.755546,-31.632881],[151.755512,-31.632916],[151.755437,-31.632981],[151.755283,-31.6331],[151.755205,-31.633155],[151.755122,-31.633208],[151.754989,-31.633281],[151.754892,-31.633324],[151.754784,-31.633361],[151.754247,-31.633529],[151.754206,-31.633545],[151.754134,-31.633584],[151.75407,-31.633628],[151.754013,-31.63368],[151.753979,-31.633719],[151.753948,-31.633762],[151.75392,-31.633808],[151.753897,-31.633856],[151.753879,-31.633904],[151.753867,-31.63395],[151.753853,-31.634047],[151.753853,-31.634145],[151.753862,-31.634211],[151.753879,-31.634277],[151.753927,-31.634408],[151.753989,-31.634545],[151.754029,-31.634618],[151.754071,-31.634689],[151.754163,-31.634825],[151.754254,-31.634947],[151.754302,-31.635006],[151.754405,-31.635117],[151.754519,-31.635213],[151.754701,-31.635345],[151.754943,-31.63551],[151.755084,-31.635625],[151.755208,-31.635747],[151.755277,-31.635826],[151.75534,-31.635909],[151.755406,-31.636015],[151.755464,-31.636126],[151.755507,-31.636234],[151.755552,-31.63639],[151.75557,-31.636441],[151.755617,-31.636548],[151.75567,-31.636652],[151.755723,-31.636747],[151.755826,-31.636915],[151.755953,-31.637164],[151.755988,-31.637224],[151.756061,-31.637326],[151.756177,-31.637475],[151.756294,-31.63765],[151.756335,-31.637707],[151.756379,-31.637761],[151.756452,-31.637836],[151.756567,-31.637943],[151.756674,-31.638051],[151.756756,-31.638142],[151.756573,-31.638116],[151.751118,-31.637401],[151.740229,-31.635928],[151.739632,-31.635846],[151.739586,-31.63573],[151.739531,-31.635566],[151.73942,-31.635398],[151.739286,-31.635204],[151.739126,-31.635067],[151.738856,-31.6349],[151.738676,-31.634698],[151.738534,-31.634548],[151.738364,-31.634396],[151.738205,-31.634163],[151.738049,-31.633983],[151.737849,-31.633818],[151.737669,-31.633659],[151.737565,-31.633504],[151.737456,-31.633345],[151.737361,-31.63317],[151.737264,-31.632967],[151.737197,-31.632769],[151.737098,-31.632499],[151.736981,-31.632286],[151.736845,-31.63208],[151.736731,-31.631912],[151.736597,-31.631766],[151.736441,-31.631638],[151.73633,-31.631531],[151.736145,-31.631339],[151.735907,-31.631106],[151.735692,-31.630871],[151.73543,-31.630646],[151.735148,-31.630397],[151.734969,-31.630229],[151.734787,-31.630052],[151.734584,-31.629851],[151.734361,-31.629614],[151.734163,-31.629436],[151.733915,-31.629124],[151.733737,-31.628906],[151.733405,-31.62867],[151.733326,-31.628579],[151.733188,-31.628473],[151.733015,-31.62837],[151.732859,-31.628313],[151.732632,-31.628246],[151.732384,-31.62816],[151.732177,-31.628093],[151.731905,-31.628018],[151.731589,-31.627987],[151.731299,-31.628028],[151.731139,-31.628095],[151.730976,-31.628143],[151.730699,-31.628136],[151.730477,-31.628109],[151.730225,-31.628038],[151.730028,-31.628007],[151.729678,-31.628011],[151.729391,-31.627969],[151.729065,-31.627906],[151.728675,-31.627769],[151.728389,-31.627658],[151.728122,-31.627493],[151.727889,-31.627343],[151.727697,-31.627217],[151.727563,-31.627106],[151.7274,-31.626996],[151.727232,-31.626953],[151.727123,-31.626905],[151.72694,-31.626831],[151.726753,-31.626843],[151.72659,-31.626867],[151.726378,-31.626947],[151.726216,-31.62705],[151.726069,-31.62728],[151.72598,-31.627458],[151.725966,-31.627577],[151.72602,-31.627723],[151.726155,-31.628],[151.726274,-31.62817],[151.726407,-31.628388],[151.726533,-31.628615],[151.726541,-31.628642],[151.72654,-31.628713],[151.726546,-31.628796],[151.726254,-31.629004],[151.725943,-31.629139],[151.725657,-31.629215],[151.725371,-31.62926],[151.725031,-31.62924],[151.724779,-31.629162],[151.724522,-31.629095],[151.72427,-31.629024],[151.723702,-31.628836],[151.723142,-31.628589],[151.722658,-31.628341],[151.722277,-31.628076],[151.721916,-31.627852],[151.721659,-31.627734],[151.721373,-31.627655],[151.720943,-31.627601],[151.720524,-31.627506],[151.720158,-31.627369],[151.719812,-31.627219],[151.719371,-31.627005],[151.719034,-31.6268],[151.718718,-31.626551],[151.718436,-31.626295],[151.718049,-31.625923],[151.717698,-31.625615],[151.717287,-31.625248],[151.716966,-31.624979],[151.716639,-31.624746],[151.716545,-31.624704],[151.716281,-31.624444],[151.715917,-31.624154],[151.715834,-31.62411],[151.715686,-31.62398],[151.715505,-31.623749],[151.71544,-31.623605],[151.715542,-31.623309],[151.715459,-31.623223],[151.715296,-31.622949],[151.715065,-31.622645],[151.714867,-31.622471],[151.714259,-31.621719],[151.71396,-31.621501],[151.713763,-31.621256],[151.713484,-31.62088],[151.713335,-31.620735],[151.713269,-31.620678],[151.713236,-31.620648],[151.713152,-31.620633],[151.713036,-31.620618],[151.712735,-31.6206],[151.712517,-31.620641],[151.712214,-31.620753],[151.712214,-31.620767],[151.711943,-31.620994],[151.711772,-31.62125],[151.711613,-31.62188],[151.711609,-31.622138],[151.71162,-31.622568],[151.711585,-31.622654],[151.711567,-31.622754],[151.711481,-31.622939],[151.711413,-31.623025],[151.711362,-31.623124],[151.71114,-31.623438],[151.710574,-31.623699],[151.710389,-31.623812],[151.710271,-31.623883],[151.71022,-31.623896],[151.710187,-31.623925],[151.710136,-31.623938],[151.710053,-31.623938],[151.709718,-31.623977],[151.709601,-31.623976],[151.709484,-31.623961],[151.7094,-31.623974],[151.708816,-31.623911],[151.708399,-31.623864],[151.708149,-31.62379],[151.707816,-31.623686],[151.707543,-31.623445],[151.707128,-31.623226],[151.706779,-31.623065],[151.706612,-31.623034],[151.705397,-31.622549],[151.704965,-31.622344],[151.704882,-31.622286],[151.704799,-31.622256],[151.704253,-31.621892],[151.704086,-31.621747],[151.703987,-31.621689],[151.703922,-31.621616],[151.703757,-31.621486],[151.703474,-31.621296],[151.703407,-31.621238],[151.703126,-31.621064],[151.703043,-31.620991],[151.702943,-31.620933],[151.702762,-31.620788],[151.702662,-31.620701],[151.702481,-31.620555],[151.702398,-31.620468],[151.702333,-31.620396],[151.70225,-31.620324],[151.702183,-31.620237],[151.702102,-31.620164],[151.701786,-31.619989],[151.701453,-31.6199],[151.701286,-31.619884],[151.701218,-31.619883],[151.700934,-31.619909],[151.700783,-31.61995],[151.700548,-31.620048],[151.700396,-31.620147],[151.700344,-31.620247],[151.700293,-31.620304],[151.700207,-31.620446],[151.700171,-31.620676],[151.700152,-31.620833],[151.700134,-31.620904],[151.700132,-31.621062],[151.700114,-31.621134],[151.700095,-31.621349],[151.700093,-31.621478],[151.700108,-31.621578],[151.700104,-31.621865],[151.70012,-31.621937],[151.700119,-31.622023],[151.700134,-31.622095],[151.700148,-31.622324],[151.700112,-31.622481],[151.700026,-31.622638],[151.699959,-31.622695],[151.699822,-31.622923],[151.699517,-31.623207],[151.69923,-31.62339],[151.699146,-31.623418],[151.698961,-31.623445],[151.698778,-31.623414],[151.698695,-31.623371],[151.698445,-31.623311],[151.698345,-31.623252],[151.698245,-31.623223],[151.698145,-31.623164],[151.698062,-31.62312],[151.69798,-31.623048],[151.696719,-31.622261],[151.69662,-31.622174],[151.696455,-31.622043],[151.696272,-31.621955],[151.695838,-31.621894],[151.69567,-31.621892],[151.695335,-31.621917],[151.695168,-31.621916],[151.695068,-31.621929],[151.694984,-31.621942],[151.694716,-31.621954],[151.694364,-31.622008],[151.694129,-31.622077],[151.693927,-31.622147],[151.693657,-31.622287],[151.693438,-31.622386],[151.693053,-31.622468],[151.692683,-31.622564],[151.692599,-31.622606],[151.692128,-31.622759],[151.692028,-31.622773],[151.691977,-31.622801],[151.691843,-31.6228],[151.69176,-31.622785],[151.691493,-31.622753],[151.691292,-31.622722],[151.690622,-31.622773],[151.690456,-31.622699],[151.690324,-31.622583],[151.69021,-31.622396],[151.69021,-31.622324],[151.690178,-31.622252],[151.690115,-31.622008],[151.690065,-31.621936],[151.690066,-31.62185],[151.689985,-31.621691],[151.689954,-31.621548],[151.689888,-31.621432],[151.689889,-31.621375],[151.689824,-31.621231],[151.689726,-31.621058],[151.689496,-31.620769],[151.689413,-31.620696],[151.689348,-31.620609],[151.689265,-31.620537],[151.689199,-31.62045],[151.689051,-31.62032],[151.688537,-31.619942],[151.688456,-31.619797],[151.688423,-31.619711],[151.688358,-31.619624],[151.688359,-31.619553],[151.688294,-31.619394],[151.688202,-31.61882],[151.688154,-31.618662],[151.688155,-31.618533],[151.688156,-31.618518],[151.688227,-31.618204],[151.688262,-31.618118],[151.688364,-31.617976],[151.688669,-31.617706],[151.688873,-31.617464],[151.689181,-31.616952],[151.689249,-31.616881],[151.689824,-31.616456],[151.689908,-31.616414],[151.690546,-31.616249],[151.69058,-31.616249],[151.690714,-31.616193],[151.690748,-31.616165],[151.690798,-31.616165],[151.690849,-31.616137],[151.690933,-31.616123],[151.691236,-31.615998],[151.691404,-31.615885],[151.691421,-31.61587],[151.691641,-31.615686],[151.691695,-31.615443],[151.691797,-31.615301],[151.691983,-31.615145],[151.692156,-31.614774],[151.692157,-31.614702],[151.692058,-31.614558],[151.691893,-31.614441],[151.691627,-31.61431],[151.691544,-31.614251],[151.691428,-31.614207],[151.691362,-31.614149],[151.691012,-31.614031],[151.690728,-31.613985],[151.690561,-31.613983],[151.690478,-31.613968],[151.69031,-31.613981],[151.690143,-31.613979],[151.689875,-31.614019],[151.689774,-31.614061],[151.689639,-31.614146],[151.689421,-31.614158],[151.689154,-31.614141],[151.68907,-31.614126],[151.68897,-31.614125],[151.688803,-31.614094],[151.68867,-31.614022],[151.688654,-31.614007],[151.688642,-31.613999],[151.688173,-31.613658],[151.687908,-31.613512],[151.687295,-31.613061],[151.687296,-31.613004],[151.687214,-31.612903],[151.686982,-31.612728],[151.686732,-31.61264],[151.686517,-31.612523],[151.686467,-31.61248],[151.686284,-31.612406],[151.686218,-31.612362],[151.686035,-31.612303],[151.685951,-31.612302],[151.685767,-31.612257],[151.685685,-31.612199],[151.685201,-31.612051],[151.68482,-31.611803],[151.684357,-31.611426],[151.684275,-31.611339],[151.684209,-31.611266],[151.684126,-31.611194],[151.683796,-31.610875],[151.68373,-31.610788],[151.683648,-31.610716],[151.683582,-31.610629],[151.6835,-31.610557],[151.683434,-31.61047],[151.683351,-31.610398],[151.683286,-31.610311],[151.683037,-31.610122],[151.682724,-31.609818],[151.68261,-31.609616],[151.682611,-31.609515],[151.682629,-31.609444],[151.682697,-31.609359],[151.682749,-31.609216],[151.68275,-31.609144],[151.682684,-31.609057],[151.682519,-31.608941],[151.681969,-31.608778],[151.681957,-31.608753],[151.681919,-31.608777],[151.681852,-31.608776],[151.68135,-31.608786],[151.681065,-31.608811],[151.68078,-31.608851],[151.680612,-31.608907],[151.680528,-31.608949],[151.680427,-31.608977],[151.680073,-31.609188],[151.679802,-31.609401],[151.679718,-31.609443],[151.67943,-31.60967],[151.67921,-31.609868],[151.67825,-31.610388],[151.677979,-31.610615],[151.677724,-31.610856],[151.677673,-31.610928],[151.677572,-31.610984],[151.677488,-31.611012],[151.677481,-31.611015],[151.677201,-31.611181],[151.677065,-31.611323],[151.676827,-31.611593],[151.676726,-31.611678],[151.676623,-31.61182],[151.67652,-31.612048],[151.676282,-31.61229],[151.67613,-31.612417],[151.676046,-31.612459],[151.675945,-31.612458],[151.675356,-31.612753],[151.675277,-31.612751],[151.675288,-31.612781],[151.675238,-31.61281],[151.675052,-31.612922],[151.674732,-31.613062],[151.674061,-31.613185],[151.673811,-31.613182],[151.673727,-31.613167],[151.673627,-31.613166],[151.673293,-31.613134],[151.673209,-31.613118],[151.673109,-31.613117],[151.672859,-31.613072],[151.672759,-31.613042],[151.672692,-31.613013],[151.672626,-31.612983],[151.672542,-31.612968],[151.672143,-31.612806],[151.67108,-31.612309],[151.67098,-31.612279],[151.670632,-31.61206],[151.670448,-31.611987],[151.670382,-31.611929],[151.669949,-31.611839],[151.669782,-31.611822],[151.669615,-31.611821],[151.669515,-31.611791],[151.669431,-31.61179],[151.669231,-31.611759],[151.66898,-31.611728],[151.668896,-31.611742],[151.668796,-31.611741],[151.668712,-31.611754],[151.66811,-31.611748],[151.667843,-31.611688],[151.667677,-31.6116],[151.667428,-31.61144],[151.667365,-31.611417],[151.66721,-31.611509],[151.666704,-31.611834],[151.666602,-31.611904],[151.666552,-31.611933],[151.666501,-31.611961],[151.666281,-31.612145],[151.666145,-31.612301],[151.665991,-31.612529],[151.665889,-31.612671],[151.665701,-31.612899],[151.665667,-31.61297],[151.665616,-31.613027],[151.665581,-31.613098],[151.665513,-31.613184],[151.66553,-31.613227],[151.665257,-31.613554],[151.665139,-31.61361],[151.664955,-31.613665],[151.66467,-31.613662],[151.664271,-31.613529],[151.663855,-31.613382],[151.663655,-31.613308],[151.663322,-31.613161],[151.663119,-31.613129],[151.663089,-31.613115],[151.662239,-31.612877],[151.66179,-31.612701],[151.661458,-31.612497],[151.661277,-31.612351],[151.661177,-31.612264],[151.660928,-31.612175],[151.66066,-31.612173],[151.660576,-31.612201],[151.660476,-31.6122],[151.660223,-31.612297],[151.659601,-31.612563],[151.659433,-31.612619],[151.659281,-31.612689],[151.659012,-31.612772],[151.658912,-31.612771],[151.658828,-31.612813],[151.658727,-31.612812],[151.658206,-31.612993],[151.657667,-31.613274],[151.657365,-31.613314],[151.657215,-31.613313],[151.656948,-31.613224],[151.656782,-31.613136],[151.656733,-31.613064],[151.656737,-31.612763],[151.656755,-31.612692],[151.656757,-31.612591],[151.656775,-31.612462],[151.656811,-31.612319],[151.65693,-31.612134],[151.657066,-31.612021],[151.658319,-31.610915],[151.658422,-31.610773],[151.658525,-31.610545],[151.658577,-31.610474],[151.658661,-31.610403],[151.658662,-31.610345],[151.658731,-31.610232],[151.658818,-31.609974],[151.65894,-31.609646],[151.658992,-31.609503],[151.65901,-31.609417],[151.65913,-31.609189],[151.659236,-31.608789],[151.659271,-31.608717],[151.659306,-31.60856],[151.659261,-31.608244],[151.659229,-31.608129],[151.65913,-31.607999],[151.659064,-31.60797],[151.658948,-31.607911],[151.658448,-31.607734],[151.658265,-31.607703],[151.657914,-31.6077],[151.65783,-31.607713],[151.65773,-31.607712],[151.657377,-31.607795],[151.656955,-31.608077],[151.656737,-31.608118],[151.656569,-31.60813],[151.656486,-31.608144],[151.656252,-31.60807],[151.656103,-31.607953],[151.655991,-31.607637],[151.65596,-31.60745],[151.655963,-31.607221],[151.655948,-31.607149],[151.655949,-31.607077],[151.655933,-31.607005],[151.655935,-31.606848],[151.65592,-31.606776],[151.655941,-31.606418],[151.655978,-31.606174],[151.656201,-31.605832],[151.656355,-31.605605],[151.656424,-31.605448],[151.656495,-31.605133],[151.656497,-31.605004],[151.656449,-31.604831],[151.6564,-31.604759],[151.656169,-31.604527],[151.65607,-31.604469],[151.655987,-31.604397],[151.655821,-31.604294],[151.655705,-31.60425],[151.655556,-31.604163],[151.65539,-31.604075],[151.655307,-31.604017],[151.655207,-31.603987],[151.655041,-31.603899],[151.654958,-31.603841],[151.654858,-31.603811],[151.654426,-31.603621],[151.654276,-31.603562],[151.653611,-31.603282],[151.653363,-31.603122],[151.653246,-31.603078],[151.652998,-31.602917],[151.652632,-31.602741],[151.652532,-31.602712],[151.652449,-31.602668],[151.652349,-31.602652],[151.652083,-31.602564],[151.651983,-31.602548],[151.651449,-31.602442],[151.651115,-31.60241],[151.650781,-31.602392],[151.650697,-31.602377],[151.650597,-31.602362],[151.65043,-31.60236],[151.65033,-31.60233],[151.650313,-31.602344],[151.65023,-31.602315],[151.650144,-31.602314],[151.650088,-31.60283],[151.65012,-31.602988],[151.650133,-31.603217],[151.650174,-31.60359],[151.650129,-31.60413],[151.650027,-31.60449],[151.64987,-31.604861],[151.649679,-31.605108],[151.649453,-31.605299],[151.64924,-31.605513],[151.648857,-31.605738],[151.648306,-31.606188],[151.6479,-31.606525],[151.647585,-31.606773],[151.647281,-31.606952],[151.646967,-31.60712],[151.646882,-31.607126],[151.646532,-31.607065],[151.646349,-31.607006],[151.646,-31.60683],[151.645851,-31.606742],[151.645768,-31.60667],[151.645586,-31.606553],[151.645486,-31.606538],[151.645402,-31.606508],[151.645052,-31.606447],[151.644952,-31.606446],[151.644785,-31.606416],[151.644284,-31.606368],[151.6442,-31.606352],[151.644016,-31.60635],[151.643666,-31.606275],[151.643566,-31.606274],[151.643215,-31.606213],[151.643032,-31.606154],[151.642883,-31.606081],[151.642369,-31.605774],[151.642303,-31.605687],[151.64222,-31.605615],[151.642188,-31.605528],[151.642106,-31.605399],[151.64199,-31.605369],[151.641652,-31.605637],[151.64155,-31.605722],[151.64155,-31.60578],[151.641514,-31.605865],[151.641446,-31.606065],[151.641443,-31.606137],[151.641426,-31.606209],[151.641424,-31.606352],[151.641472,-31.60651],[151.641634,-31.606885],[151.64193,-31.607275],[151.64211,-31.607506],[151.642208,-31.607665],[151.64224,-31.607751],[151.64237,-31.607982],[151.642386,-31.608054],[151.642435,-31.60814],[151.642466,-31.608255],[151.642614,-31.608515],[151.642779,-31.60866],[151.643062,-31.608807],[151.643494,-31.608997],[151.643842,-31.609173],[151.644174,-31.60932],[151.644523,-31.609481],[151.64459,-31.609511],[151.645038,-31.609716],[151.645121,-31.60976],[151.645286,-31.609919],[151.645417,-31.61015],[151.645448,-31.610308],[151.645446,-31.610452],[151.645428,-31.610523],[151.64536,-31.610608],[151.645207,-31.610779],[151.644412,-31.611373],[151.644143,-31.611442],[151.644044,-31.611441],[151.64396,-31.611483],[151.643776,-31.611509],[151.643341,-31.611505],[151.642322,-31.611408],[151.642254,-31.611436],[151.641971,-31.61139],[151.641787,-31.611388],[151.641518,-31.611443],[151.64135,-31.611498],[151.640763,-31.611607],[151.640328,-31.611602],[151.640244,-31.611616],[151.639893,-31.611626],[151.639726,-31.611625],[151.639459,-31.611564],[151.639127,-31.611417],[151.638878,-31.611286],[151.638795,-31.611228],[151.638678,-31.611184],[151.638529,-31.611096],[151.638264,-31.610921],[151.638181,-31.610877],[151.637999,-31.610732],[151.637769,-31.610428],[151.637737,-31.610356],[151.637572,-31.610197],[151.637423,-31.610095],[151.637177,-31.610179],[151.63717,-31.610207],[151.637052,-31.610277],[151.636933,-31.610391],[151.636847,-31.610562],[151.636829,-31.610648],[151.636744,-31.610776],[151.636676,-31.610875],[151.636573,-31.611018],[151.63647,-31.611174],[151.636436,-31.61126],[151.636179,-31.611673],[151.636076,-31.611844],[151.636025,-31.611915],[151.63599,-31.612001],[151.635939,-31.612072],[151.635853,-31.612243],[151.635545,-31.61267],[151.635356,-31.613055],[151.635133,-31.613411],[151.634944,-31.613796],[151.634738,-31.614153],[151.634703,-31.614238],[151.634652,-31.614309],[151.634617,-31.614395],[151.634566,-31.614466],[151.634462,-31.614695],[151.634376,-31.614823],[151.634223,-31.615036],[151.63402,-31.615177],[151.633751,-31.615289],[151.633651,-31.615288],[151.633567,-31.615273],[151.633384,-31.615171],[151.633253,-31.615012],[151.633141,-31.614695],[151.633127,-31.614465],[151.633061,-31.614379],[151.633059,-31.614358],[151.633081,-31.61415],[151.633099,-31.614064],[151.633005,-31.613647],[151.632957,-31.613503],[151.632776,-31.613315],[151.632594,-31.613184],[151.632261,-31.613037],[151.631846,-31.61286],[151.631763,-31.612788],[151.631664,-31.612729],[151.631499,-31.61257],[151.631351,-31.612354],[151.631269,-31.612281],[151.631003,-31.612163],[151.630737,-31.61206],[151.630469,-31.612029],[151.630386,-31.612042],[151.630017,-31.612067],[151.629749,-31.612121],[151.629664,-31.612164],[151.629211,-31.612331],[151.62911,-31.612344],[151.628943,-31.612314],[151.628744,-31.612182],[151.628645,-31.612095],[151.628563,-31.612009],[151.628415,-31.611806],[151.628416,-31.611763],[151.628271,-31.611403],[151.628255,-31.611331],[151.628158,-31.611101],[151.628047,-31.610641],[151.628016,-31.610497],[151.627938,-31.610109],[151.627974,-31.609952],[151.628042,-31.609838],[151.628314,-31.609569],[151.628349,-31.609497],[151.628387,-31.609182],[151.628306,-31.608937],[151.628276,-31.608739],[151.627898,-31.608274],[151.627682,-31.608157],[151.627483,-31.608069],[151.627049,-31.607964],[151.626399,-31.607856],[151.626198,-31.607825],[151.626082,-31.60781],[151.625865,-31.607736],[151.625766,-31.607677],[151.6257,-31.607619],[151.625618,-31.607504],[151.62542,-31.607301],[151.625039,-31.607053],[151.624922,-31.607038],[151.624789,-31.606979],[151.624672,-31.606963],[151.624573,-31.606919],[151.624238,-31.606887],[151.623888,-31.606812],[151.623754,-31.606825],[151.623754,-31.606839],[151.62367,-31.606896],[151.623165,-31.607105],[151.622862,-31.607202],[151.622629,-31.607262],[151.622543,-31.607285],[151.622107,-31.607352],[151.621821,-31.607464],[151.621637,-31.60749],[151.621553,-31.607518],[151.621369,-31.607545],[151.621067,-31.607599],[151.620308,-31.608021],[151.619783,-31.608431],[151.619699,-31.608459],[151.619582,-31.608458],[151.619299,-31.608397],[151.619132,-31.608324],[151.61905,-31.608251],[151.61895,-31.608193],[151.618885,-31.608106],[151.618785,-31.608048],[151.618604,-31.607888],[151.618505,-31.607744],[151.618457,-31.607643],[151.618325,-31.607498],[151.618142,-31.60741],[151.617907,-31.607436],[151.617739,-31.60752],[151.617553,-31.607662],[151.617502,-31.607747],[151.617417,-31.607818],[151.616776,-31.608212],[151.616674,-31.608283],[151.616555,-31.60844],[151.616469,-31.608582],[151.616468,-31.608654],[151.616417,-31.608725],[151.616365,-31.608839],[151.616063,-31.608907],[151.615979,-31.608878],[151.615813,-31.608862],[151.615713,-31.608775],[151.615464,-31.608672],[151.615415,-31.608571],[151.615368,-31.608384],[151.615354,-31.608212],[151.615442,-31.607854],[151.615529,-31.607669],[151.615547,-31.607569],[151.615534,-31.60731],[151.615536,-31.607224],[151.615471,-31.607037],[151.615422,-31.606951],[151.615207,-31.606791],[151.615091,-31.606746],[151.614891,-31.606715],[151.614489,-31.606711],[151.614171,-31.606737],[151.61407,-31.606764],[151.613853,-31.606776],[151.613635,-31.606802],[151.613434,-31.606815],[151.612647,-31.606835],[151.612214,-31.606773],[151.611812,-31.606783],[151.611728,-31.606782],[151.611728,-31.606811],[151.611627,-31.606838],[151.611475,-31.606923],[151.611374,-31.606993],[151.611288,-31.607164],[151.611133,-31.607435],[151.611031,-31.607592],[151.610979,-31.607692],[151.610807,-31.607977],[151.610688,-31.608133],[151.610569,-31.608246],[151.610468,-31.608274],[151.610352,-31.608258],[151.610251,-31.608257],[151.610185,-31.608214],[151.609985,-31.608154],[151.609819,-31.608095],[151.609769,-31.608051],[151.609667,-31.607978],[151.609773,-31.607765],[151.610129,-31.607439],[151.610283,-31.607225],[151.610318,-31.607125],[151.610387,-31.606983],[151.61044,-31.606825],[151.610475,-31.606683],[151.610415,-31.606237],[151.610417,-31.60608],[151.610403,-31.605936],[151.610358,-31.605563],[151.610328,-31.605333],[151.610313,-31.605247],[151.610264,-31.605103],[151.610267,-31.604931],[151.61014,-31.604471],[151.610108,-31.604399],[151.610109,-31.604313],[151.61008,-31.604026],[151.610132,-31.603869],[151.610184,-31.603783],[151.610219,-31.603626],[151.610221,-31.603554],[151.610188,-31.603482],[151.610173,-31.603396],[151.610141,-31.603252],[151.610093,-31.603166],[151.610076,-31.603123],[151.610028,-31.603007],[151.609946,-31.602863],[151.609917,-31.602619],[151.60972,-31.602316],[151.609671,-31.602244],[151.609541,-31.602013],[151.609443,-31.601869],[151.609278,-31.601709],[151.609014,-31.601477],[151.608498,-31.601271],[151.608431,-31.60127],[151.608348,-31.60124],[151.607946,-31.60125],[151.607744,-31.601334],[151.607593,-31.601404],[151.607259,-31.601401],[151.607059,-31.601298],[151.606862,-31.601052],[151.606796,-31.600994],[151.606731,-31.600907],[151.606566,-31.600762],[151.606583,-31.600691],[151.606551,-31.600619],[151.606512,-31.600396],[151.606504,-31.600389],[151.606394,-31.599929],[151.606395,-31.599857],[151.606316,-31.599555],[151.606169,-31.599295],[151.606054,-31.599194],[151.605971,-31.599107],[151.605773,-31.598962],[151.605607,-31.598845],[151.605425,-31.598728],[151.605308,-31.598699],[151.605157,-31.59874],[151.605157,-31.598754],[151.604852,-31.599023],[151.604565,-31.599221],[151.604396,-31.599305],[151.60399,-31.599645],[151.603788,-31.5997],[151.603587,-31.599741],[151.603486,-31.599754],[151.603402,-31.599767],[151.603235,-31.599766],[151.602968,-31.59972],[151.602518,-31.5996],[151.602352,-31.599555],[151.602269,-31.599512],[151.602169,-31.599482],[151.601904,-31.599278],[151.601838,-31.599234],[151.601722,-31.599133],[151.601623,-31.59906],[151.601492,-31.598915],[151.601427,-31.598757],[151.601429,-31.598599],[151.601447,-31.598528],[151.60155,-31.598371],[151.601635,-31.5983],[151.60182,-31.598202],[151.602089,-31.598076],[151.602444,-31.597822],[151.602597,-31.597694],[151.602665,-31.597609],[151.602736,-31.59738],[151.60272,-31.597309],[151.602721,-31.597237],[151.602672,-31.597136],[151.602673,-31.597093],[151.602607,-31.596992],[151.602592,-31.596906],[151.602462,-31.596675],[151.602446,-31.596617],[151.602054,-31.595997],[151.601624,-31.595619],[151.601359,-31.595502],[151.601158,-31.595471],[151.600991,-31.595498],[151.600604,-31.595651],[151.600536,-31.595693],[151.600029,-31.596089],[151.599909,-31.596274],[151.599823,-31.596431],[151.599567,-31.596715],[151.599516,-31.596786],[151.599279,-31.59697],[151.599094,-31.597083],[151.598724,-31.597222],[151.598589,-31.597307],[151.598402,-31.597477],[151.598149,-31.597661],[151.598081,-31.597731],[151.597978,-31.597902],[151.59796,-31.597974],[151.597874,-31.598102],[151.59784,-31.598187],[151.597822,-31.598273],[151.597771,-31.598344],[151.597751,-31.598502],[151.597767,-31.598574],[151.597731,-31.598717],[151.59773,-31.598789],[151.597694,-31.598946],[151.597659,-31.599089],[151.597572,-31.599332],[151.597536,-31.599475],[151.597434,-31.599617],[151.597264,-31.599773],[151.596994,-31.599942],[151.596805,-31.60027],[151.596535,-31.600453],[151.596316,-31.600537],[151.595914,-31.600547],[151.595798,-31.600531],[151.595582,-31.600371],[151.595372,-31.599924],[151.595258,-31.599737],[151.595093,-31.599549],[151.594878,-31.599388],[151.594662,-31.599271],[151.594463,-31.599197],[151.594346,-31.599182],[151.594246,-31.599152],[151.594045,-31.599179],[151.593843,-31.599262],[151.593404,-31.599573],[151.593199,-31.599829],[151.592994,-31.600099],[151.592671,-31.600454],[151.592518,-31.600624],[151.592363,-31.600895],[151.592142,-31.601136],[151.591973,-31.601292],[151.591955,-31.601335],[151.591819,-31.601477],[151.591802,-31.601534],[151.591409,-31.602089],[151.591374,-31.602189],[151.591237,-31.602388],[151.591084,-31.602573],[151.590948,-31.602686],[151.590779,-31.602813],[151.590678,-31.602884],[151.590426,-31.60291],[151.590077,-31.60282],[151.58996,-31.602776],[151.589877,-31.60276],[151.589794,-31.602731],[151.589709,-31.60272],[151.589677,-31.602715],[151.58926,-31.60261],[151.589076,-31.602609],[151.588742,-31.602576],[151.588575,-31.602574],[151.588324,-31.6026],[151.587585,-31.602793],[151.587401,-31.602805],[151.587083,-31.602816],[151.586531,-31.602767],[151.586364,-31.60278],[151.586281,-31.602764],[151.58618,-31.602763],[151.586097,-31.602748],[151.585996,-31.602747],[151.58583,-31.602716],[151.585747,-31.602687],[151.585563,-31.602656],[151.585463,-31.602655],[151.585328,-31.602682],[151.585142,-31.602809],[151.584955,-31.603022],[151.584885,-31.603251],[151.584883,-31.603394],[151.584865,-31.603466],[151.584861,-31.603824],[151.584843,-31.603896],[151.584842,-31.603967],[151.584824,-31.604039],[151.584821,-31.604254],[151.584716,-31.604554],[151.584646,-31.604725],[151.58451,-31.604867],[151.584392,-31.604952],[151.584208,-31.604978],[151.58404,-31.604976],[151.583774,-31.604916],[151.58359,-31.604871],[151.583058,-31.604679],[151.582809,-31.604561],[151.582643,-31.604502],[151.582276,-31.604412],[151.581925,-31.604408],[151.581657,-31.604434],[151.581387,-31.604546],[151.581303,-31.604602],[151.581185,-31.60463],[151.580328,-31.604893],[151.580228,-31.604892],[151.580028,-31.604861],[151.579879,-31.604787],[151.57978,-31.604629],[151.579766,-31.604471],[151.579852,-31.604328],[151.579971,-31.604172],[151.580395,-31.603832],[151.580446,-31.603733],[151.58043,-31.603675],[151.580282,-31.603516],[151.5801,-31.603399],[151.579917,-31.603354],[151.579766,-31.603352],[151.579565,-31.603379],[151.579481,-31.603421],[151.579213,-31.603447],[151.579012,-31.603459],[151.578962,-31.603458],[151.578894,-31.60341],[151.578828,-31.603428],[151.578595,-31.603368],[151.578429,-31.60328],[151.578346,-31.603251],[151.578148,-31.603091],[151.578082,-31.603004],[151.577917,-31.602845],[151.577834,-31.602801],[151.577752,-31.602728],[151.577586,-31.60264],[151.577503,-31.60261],[151.577254,-31.60245],[151.577171,-31.60242],[151.577105,-31.602348],[151.576838,-31.602345],[151.576669,-31.602429],[151.576601,-31.602515],[151.576531,-31.602743],[151.576513,-31.602815],[151.576506,-31.603245],[151.576522,-31.603317],[151.576448,-31.603775],[151.576412,-31.603932],[151.576171,-31.604388],[151.57612,-31.604445],[151.575847,-31.604843],[151.575694,-31.604999],[151.575542,-31.605055],[151.575374,-31.605154],[151.575222,-31.605252],[151.575155,-31.605223],[151.575054,-31.605251],[151.574886,-31.60532],[151.574616,-31.605475],[151.574531,-31.605546],[151.57416,-31.605742],[151.573959,-31.605812],[151.573774,-31.605839],[151.57344,-31.605806],[151.57334,-31.605805],[151.573005,-31.60583],[151.572921,-31.605815],[151.572821,-31.605814],[151.572738,-31.605798],[151.572369,-31.605823],[151.572202,-31.60585],[151.572033,-31.605948],[151.571932,-31.605976],[151.571664,-31.606002],[151.571346,-31.606027],[151.571228,-31.606068],[151.571127,-31.606153],[151.571007,-31.606281],[151.570886,-31.606581],[151.570885,-31.606652],[151.570833,-31.606752],[151.570797,-31.606895],[151.570761,-31.607067],[151.570725,-31.607281],[151.570722,-31.607439],[151.570688,-31.60751],[151.570686,-31.607596],[151.570542,-31.608297],[151.570506,-31.608469],[151.570505,-31.608526],[151.570147,-31.608967],[151.570112,-31.609038],[151.570041,-31.609339],[151.569986,-31.609668],[151.569935,-31.609724],[151.569934,-31.609796],[151.569882,-31.609896],[151.569831,-31.609953],[151.56973,-31.60998],[151.56948,-31.60992],[151.569298,-31.609803],[151.569199,-31.609716],[151.569117,-31.609629],[151.569017,-31.609557],[151.568274,-31.608946],[151.56776,-31.608625],[151.567678,-31.608552],[151.567578,-31.608494],[151.567414,-31.60832],[151.567315,-31.608175],[151.567283,-31.608089],[151.567054,-31.607785],[151.566971,-31.607713],[151.566806,-31.607554],[151.566758,-31.607467],[151.566544,-31.607221],[151.566512,-31.607149],[151.566429,-31.607062],[151.56638,-31.60699],[151.566133,-31.606743],[151.566002,-31.606584],[151.565854,-31.606367],[151.565772,-31.606295],[151.565706,-31.606208],[151.56559,-31.606149],[151.56544,-31.606148],[151.565406,-31.606162],[151.565272,-31.606203],[151.565187,-31.606259],[151.565051,-31.606401],[151.564982,-31.606558],[151.564911,-31.606801],[151.564825,-31.606944],[151.564723,-31.607086],[151.564604,-31.607171],[151.564521,-31.60717],[151.564354,-31.607111],[151.56427,-31.607054],[151.563957,-31.606848],[151.563792,-31.606717],[151.563528,-31.606485],[151.563311,-31.606411],[151.56291,-31.606406],[151.56254,-31.606517],[151.56244,-31.60653],[151.562035,-31.606726],[151.561834,-31.606753],[151.561634,-31.60675],[151.561451,-31.606662],[151.561358,-31.606587],[151.561386,-31.606518],[151.561387,-31.606447],[151.561457,-31.60629],[151.561727,-31.606106],[151.561811,-31.606064],[151.562064,-31.605909],[151.562234,-31.605754],[151.562269,-31.605682],[151.562288,-31.605525],[151.562272,-31.605453],[151.562191,-31.605309],[151.562125,-31.605251],[151.561759,-31.605089],[151.561692,-31.605088],[151.561609,-31.605059],[151.561525,-31.605072],[151.561174,-31.605082],[151.561074,-31.605081],[151.56099,-31.605066],[151.560807,-31.604992],[151.560642,-31.604861],[151.560477,-31.604687],[151.560346,-31.604542],[151.560199,-31.604283],[151.560203,-31.604054],[151.560339,-31.603883],[151.560525,-31.603785],[151.560592,-31.603786],[151.560945,-31.603675],[151.561048,-31.603504],[151.561032,-31.603418],[151.561033,-31.60336],[151.56095,-31.603288],[151.560902,-31.603201],[151.560803,-31.603057],[151.560655,-31.602912],[151.560522,-31.602853],[151.560204,-31.602878],[151.560036,-31.602962],[151.559478,-31.603343],[151.559208,-31.603483],[151.558956,-31.603567],[151.558772,-31.603579],[151.558604,-31.603577],[151.558454,-31.603562],[151.558437,-31.603561],[151.558355,-31.603502],[151.557556,-31.603207],[151.557394,-31.60289],[151.557363,-31.602746],[151.55738,-31.602732],[151.557399,-31.602574],[151.557818,-31.601403],[151.557836,-31.601332],[151.557838,-31.601188],[151.55769,-31.601058],[151.557507,-31.60097],[151.557407,-31.600954],[151.557324,-31.600925],[151.55714,-31.600894],[151.55704,-31.600893],[151.556957,-31.600877],[151.556873,-31.600891],[151.556689,-31.600889],[151.556253,-31.600941],[151.555984,-31.601039],[151.5559,-31.601081],[151.55551,-31.601377],[151.555257,-31.601547],[151.554887,-31.6017],[151.554719,-31.601756],[151.554551,-31.601797],[151.554451,-31.601781],[151.554417,-31.601767],[151.554302,-31.601665],[151.55422,-31.601535],[151.554209,-31.601191],[151.554265,-31.600833],[151.554419,-31.600606],[151.554454,-31.600448],[151.554455,-31.600376],[151.554408,-31.600218],[151.554259,-31.600087],[151.553942,-31.600055],[151.553724,-31.600082],[151.552918,-31.600316],[151.551859,-31.600634],[151.551775,-31.600676],[151.55159,-31.600731],[151.551422,-31.600815],[151.551183,-31.601057],[151.551097,-31.601213],[151.55099,-31.601671],[151.550921,-31.6019],[151.550902,-31.601971],[151.550898,-31.6022],[151.550962,-31.602431],[151.550994,-31.602517],[151.551549,-31.603412],[151.551632,-31.603499],[151.551696,-31.603715],[151.551695,-31.603786],[151.551724,-31.604016],[151.551622,-31.604158],[151.551504,-31.604214],[151.551437,-31.604199],[151.55127,-31.604169],[151.551104,-31.604095],[151.550741,-31.603804],[151.550609,-31.603631],[151.550562,-31.603487],[151.550514,-31.603329],[151.550481,-31.603257],[151.550316,-31.603111],[151.550135,-31.602995],[151.550018,-31.602951],[151.549952,-31.602892],[151.549869,-31.602877],[151.549802,-31.602848],[151.549352,-31.602757],[151.549001,-31.602724],[151.54875,-31.602735],[151.548719,-31.602742],[151.548683,-31.602749],[151.548616,-31.602734],[151.547314,-31.60259],[151.547131,-31.602545],[151.546964,-31.602515],[151.546681,-31.602411],[151.546498,-31.60238],[151.54613,-31.602347],[151.545963,-31.60236],[151.545896,-31.602345],[151.54588,-31.602344],[151.54476,-31.602289],[151.544493,-31.602229],[151.544326,-31.60217],[151.544193,-31.602125],[151.543644,-31.601976],[151.543511,-31.601902],[151.543411,-31.601872],[151.543162,-31.601755],[151.543062,-31.601725],[151.54288,-31.601651],[151.542813,-31.601593],[151.542647,-31.601534],[151.542547,-31.601504],[151.542381,-31.601416],[151.541951,-31.601139],[151.541602,-31.601006],[151.541501,-31.600991],[151.541335,-31.600946],[151.540768,-31.600853],[151.540684,-31.600824],[151.540601,-31.600794],[151.540237,-31.600589],[151.540071,-31.600501],[151.539988,-31.600429],[151.539889,-31.60037],[151.539443,-31.600007],[151.539343,-31.599948],[151.539096,-31.599745],[151.539013,-31.599701],[151.538667,-31.599367],[151.53824,-31.598846],[151.538174,-31.598774],[151.538008,-31.598686],[151.537859,-31.598613],[151.537759,-31.598583],[151.537591,-31.59861],[151.537423,-31.598708],[151.537338,-31.598807],[151.53732,-31.598879],[151.537167,-31.59902],[151.537048,-31.599134],[151.536863,-31.599204],[151.536762,-31.599231],[151.536585,-31.599174],[151.536446,-31.599127],[151.536397,-31.599055],[151.536382,-31.598969],[151.536349,-31.598897],[151.536319,-31.59871],[151.536373,-31.598467],[151.536561,-31.598182],[151.536715,-31.597969],[151.537021,-31.597614],[151.537242,-31.597416],[151.537328,-31.597245],[151.537364,-31.597087],[151.537333,-31.596944],[151.537284,-31.596871],[151.537218,-31.596813],[151.536934,-31.596559],[151.536629,-31.596349],[151.536323,-31.59625],[151.536005,-31.596148],[151.535647,-31.596086],[151.53558,-31.596494],[151.533952,-31.60583],[151.530779,-31.623418],[151.527553,-31.640935],[151.524081,-31.659787],[151.523869,-31.659978],[151.523869,-31.6601],[151.52387,-31.66016],[151.523874,-31.66023],[151.523878,-31.660282],[151.523885,-31.660328],[151.523906,-31.660423],[151.52391,-31.660468],[151.523904,-31.66051],[151.523889,-31.660542],[151.523867,-31.660572],[151.523815,-31.660629],[151.52379,-31.660658],[151.523683,-31.660792],[151.52365,-31.660838],[151.523623,-31.660886],[151.523608,-31.660927],[151.523595,-31.660968],[151.523546,-31.661159],[151.523517,-31.661284],[151.523499,-31.661345],[151.523475,-31.661403],[151.523451,-31.661446],[151.523423,-31.661486],[151.523334,-31.661605],[151.523191,-31.661803],[151.523144,-31.66187],[151.523098,-31.661938],[151.523068,-31.661986],[151.52301,-31.662086],[151.522981,-31.662135],[151.522949,-31.662183],[151.522892,-31.662254],[151.522828,-31.662321],[151.522763,-31.662386],[151.522699,-31.662453],[151.522642,-31.662525],[151.522598,-31.66259],[151.522557,-31.662657],[151.522537,-31.662691],[151.522519,-31.662726],[151.522487,-31.662798],[151.522469,-31.662833],[151.522449,-31.662866],[151.522408,-31.662918],[151.522359,-31.662964],[151.522308,-31.663008],[151.522257,-31.663053],[151.522213,-31.663103],[151.522186,-31.663141],[151.522159,-31.663181],[151.522135,-31.663221],[151.522112,-31.663262],[151.522091,-31.663304],[151.522069,-31.663361],[151.522053,-31.66342],[151.522038,-31.66348],[151.52202,-31.663537],[151.521994,-31.663589],[151.521964,-31.663631],[151.521929,-31.663669],[151.521891,-31.663706],[151.521851,-31.66374],[151.52181,-31.663773],[151.521764,-31.663807],[151.521716,-31.663838],[151.521666,-31.663867],[151.521565,-31.663922],[151.52151,-31.663949],[151.521398,-31.663996],[151.521344,-31.664022],[151.521293,-31.664054],[151.521252,-31.664085],[151.521213,-31.66412],[151.521176,-31.664158],[151.521141,-31.664197],[151.521109,-31.664238],[151.52107,-31.664296],[151.521037,-31.66436],[151.521008,-31.664426],[151.520982,-31.664494],[151.52096,-31.664562],[151.520946,-31.66461],[151.520932,-31.664659],[151.520921,-31.664708],[151.520913,-31.664758],[151.520908,-31.664807],[151.520907,-31.664851],[151.520907,-31.664895],[151.520911,-31.664939],[151.520917,-31.664983],[151.520925,-31.665026],[151.520937,-31.665072],[151.520951,-31.665118],[151.520968,-31.665163],[151.520989,-31.665205],[151.521013,-31.665245],[151.521039,-31.665279],[151.521069,-31.665312],[151.521101,-31.665342],[151.521135,-31.66537],[151.52117,-31.665394],[151.521214,-31.665414],[151.521261,-31.665427],[151.52131,-31.665437],[151.521357,-31.665451],[151.521398,-31.665473],[151.521417,-31.665488],[151.521435,-31.665506],[151.521526,-31.665605],[151.521546,-31.665628],[151.521582,-31.665674],[151.521607,-31.665711],[151.521631,-31.665749],[151.52176,-31.66598],[151.521801,-31.666056],[151.521838,-31.666125],[151.521873,-31.666195],[151.521889,-31.666231],[151.521919,-31.666307],[151.521932,-31.666345],[151.521943,-31.666384],[151.52195,-31.666424],[151.521953,-31.666458],[151.521952,-31.666493],[151.521949,-31.666564],[151.52195,-31.666599],[151.521959,-31.666667],[151.521965,-31.666701],[151.521974,-31.666734],[151.521985,-31.666765],[151.522008,-31.666803],[151.522039,-31.666837],[151.522073,-31.66687],[151.522106,-31.666904],[151.522134,-31.66694],[151.522151,-31.666969],[151.522166,-31.666998],[151.52218,-31.667028],[151.522193,-31.667059],[151.522204,-31.667089],[151.522217,-31.667134],[151.522227,-31.667179],[151.522248,-31.667317],[151.522275,-31.667438],[151.522281,-31.667478],[151.522283,-31.667519],[151.522279,-31.66757],[151.522268,-31.667621],[151.522254,-31.667672],[151.522237,-31.667722],[151.522222,-31.667773],[151.522191,-31.667866],[151.522118,-31.668051],[151.522083,-31.668143],[151.522055,-31.668237],[151.522047,-31.668272],[151.52202,-31.668412],[151.521999,-31.668534],[151.52198,-31.668656],[151.521945,-31.6689],[151.521924,-31.669021],[151.521904,-31.669116],[151.521857,-31.669305],[151.521838,-31.669399],[151.521828,-31.669494],[151.521825,-31.669547],[151.521825,-31.6696],[151.521825,-31.669653],[151.521829,-31.669706],[151.521836,-31.669757],[151.521846,-31.669802],[151.521859,-31.669846],[151.521873,-31.66989],[151.521907,-31.669976],[151.521936,-31.670043],[151.521971,-31.670109],[151.52211,-31.67035],[151.522168,-31.670447],[151.522196,-31.670496],[151.522222,-31.670546],[151.522239,-31.670581],[151.522285,-31.670686],[151.522301,-31.670721],[151.522325,-31.670766],[151.522376,-31.670854],[151.522401,-31.670899],[151.522424,-31.670944],[151.522473,-31.671058],[151.522494,-31.671116],[151.522511,-31.671175],[151.52252,-31.671234],[151.522521,-31.671282],[151.522519,-31.671332],[151.522513,-31.671381],[151.522504,-31.671431],[151.522493,-31.671479],[151.522486,-31.671507],[151.522457,-31.671591],[151.52245,-31.671619],[151.522439,-31.671689],[151.522435,-31.671761],[151.522435,-31.671906],[151.522431,-31.672015],[151.522431,-31.672052],[151.522431,-31.672088],[151.522426,-31.672123],[151.522415,-31.672154],[151.5224,-31.672176],[151.522381,-31.672198],[151.522377,-31.672201],[151.522308,-31.672282],[151.522285,-31.672478],[151.522008,-31.674948],[151.521256,-31.675592],[151.521103,-31.675951],[151.521139,-31.675982],[151.521174,-31.676016],[151.521209,-31.67605],[151.521242,-31.676085],[151.521275,-31.676121],[151.521308,-31.676163],[151.52134,-31.676205],[151.521371,-31.676249],[151.521431,-31.676338],[151.52146,-31.676386],[151.521514,-31.676485],[151.521543,-31.676533],[151.521575,-31.676578],[151.521602,-31.676609],[151.52163,-31.676638],[151.521719,-31.676722],[151.521812,-31.676813],[151.521843,-31.676843],[151.521875,-31.676872],[151.521922,-31.676911],[151.52197,-31.676949],[151.522116,-31.677059],[151.522295,-31.677204],[151.522355,-31.677252],[151.522416,-31.677299],[151.522473,-31.67734],[151.52256,-31.677401],[151.522705,-31.677496],[151.52274,-31.677521],[151.522796,-31.677562],[151.522851,-31.677605],[151.522958,-31.677693],[151.523067,-31.677785],[151.523178,-31.677883],[151.523233,-31.677933],[151.523405,-31.678096],[151.523462,-31.678153],[151.523516,-31.678214],[151.523563,-31.678278],[151.523598,-31.678331],[151.523615,-31.678359],[151.52363,-31.678387],[151.523641,-31.678416],[151.52365,-31.678443],[151.523657,-31.67847],[151.523662,-31.678498],[151.523665,-31.678527],[151.523666,-31.678554],[151.523656,-31.678606],[151.523634,-31.678657],[151.523604,-31.678708],[151.523511,-31.678849],[151.523481,-31.678891],[151.523449,-31.678932],[151.523416,-31.678972],[151.52335,-31.679049],[151.523316,-31.679086],[151.523281,-31.679122],[151.523208,-31.679193],[151.523149,-31.679254],[151.523088,-31.679315],[151.523026,-31.679374],[151.522963,-31.679432],[151.522875,-31.679512],[151.522827,-31.679557],[151.522802,-31.679578],[151.522775,-31.679596],[151.522732,-31.679616],[151.522686,-31.679629],[151.52259,-31.679648],[151.522527,-31.679667],[151.522493,-31.679676],[151.522478,-31.679682],[151.522466,-31.679691],[151.522464,-31.679708],[151.522471,-31.679733],[151.522485,-31.679763],[151.522531,-31.679857],[151.522549,-31.679892],[151.522569,-31.679926],[151.522641,-31.680047],[151.522673,-31.680099],[151.522833,-31.680343],[151.522891,-31.680431],[151.52295,-31.680518],[151.52301,-31.680604],[151.523072,-31.680689],[151.523169,-31.680817],[151.523218,-31.68088],[151.523269,-31.680942],[151.523321,-31.681003],[151.523371,-31.68106],[151.523475,-31.681169],[151.523582,-31.681276],[151.523645,-31.681337],[151.523709,-31.681396],[151.523903,-31.681573],[151.523953,-31.681617],[151.524054,-31.681704],[151.524102,-31.68175],[151.524146,-31.681799],[151.524174,-31.681831],[151.524202,-31.681864],[151.524228,-31.681898],[151.524249,-31.681934],[151.524265,-31.681971],[151.524273,-31.682003],[151.524278,-31.682038],[151.52428,-31.682073],[151.524278,-31.682108],[151.524271,-31.68214],[151.524255,-31.682177],[151.52423,-31.682212],[151.5242,-31.682245],[151.524167,-31.682277],[151.524134,-31.682306],[151.524086,-31.682345],[151.524032,-31.682378],[151.523975,-31.682407],[151.523918,-31.682436],[151.52379,-31.682505],[151.523646,-31.682577],[151.523576,-31.682617],[151.523511,-31.682662],[151.523465,-31.682699],[151.52342,-31.682738],[151.523377,-31.68278],[151.523338,-31.682823],[151.523303,-31.68287],[151.52328,-31.682908],[151.523259,-31.682947],[151.52324,-31.682988],[151.523225,-31.68303],[151.523214,-31.683072],[151.52321,-31.683125],[151.523213,-31.68318],[151.523222,-31.683236],[151.523235,-31.683291],[151.523263,-31.683392],[151.523278,-31.683439],[151.523296,-31.683485],[151.523318,-31.683528],[151.523345,-31.683565],[151.523389,-31.6836],[151.523445,-31.683625],[151.523506,-31.683645],[151.523569,-31.683662],[151.52363,-31.68368],[151.523729,-31.683711],[151.523829,-31.683738],[151.52393,-31.683761],[151.524032,-31.683777],[151.524135,-31.683787],[151.524258,-31.683789],[151.524382,-31.68378],[151.524507,-31.683763],[151.524631,-31.683739],[151.524752,-31.68371],[151.524834,-31.683682],[151.524916,-31.683646],[151.524997,-31.683609],[151.525079,-31.683578],[151.525161,-31.683562],[151.525229,-31.683558],[151.525297,-31.683561],[151.525366,-31.683568],[151.525434,-31.683581],[151.5255,-31.683597],[151.525555,-31.683614],[151.525612,-31.683633],[151.525666,-31.683655],[151.525717,-31.683682],[151.525761,-31.683716],[151.525801,-31.683766],[151.525832,-31.683826],[151.525858,-31.683892],[151.525882,-31.68396],[151.525909,-31.684025],[151.525941,-31.684094],[151.52597,-31.684165],[151.526001,-31.684235],[151.526037,-31.6843],[151.526082,-31.684357],[151.526114,-31.684389],[151.526149,-31.684421],[151.526186,-31.68445],[151.526225,-31.684474],[151.526265,-31.684494],[151.526298,-31.684503],[151.526333,-31.684509],[151.526403,-31.684517],[151.526438,-31.684523],[151.526494,-31.684536],[151.52655,-31.68455],[151.526606,-31.684567],[151.52666,-31.684587],[151.52671,-31.684612],[151.526746,-31.684635],[151.526779,-31.684661],[151.526843,-31.684717],[151.526877,-31.684743],[151.52691,-31.684764],[151.526979,-31.684804],[151.527012,-31.684826],[151.527043,-31.68485],[151.527065,-31.68487],[151.527086,-31.684892],[151.527105,-31.684915],[151.527144,-31.684962],[151.527185,-31.685019],[151.527223,-31.68508],[151.527295,-31.685203],[151.527334,-31.685262],[151.527376,-31.685319],[151.527421,-31.685374],[151.527466,-31.685428],[151.527559,-31.685535],[151.527614,-31.685594],[151.527729,-31.685708],[151.527785,-31.685766],[151.527838,-31.685826],[151.527888,-31.685886],[151.527936,-31.685947],[151.527982,-31.68601],[151.528025,-31.686074],[151.528064,-31.686141],[151.528085,-31.686183],[151.528105,-31.686227],[151.528159,-31.68636],[151.528176,-31.686404],[151.528208,-31.686493],[151.528224,-31.686537],[151.528242,-31.68658],[151.528293,-31.686694],[151.528321,-31.68675],[151.528351,-31.686804],[151.528384,-31.686856],[151.52845,-31.686936],[151.528525,-31.68701],[151.528608,-31.687078],[151.528694,-31.687141],[151.528782,-31.6872],[151.528899,-31.687265],[151.529022,-31.687318],[151.529151,-31.687365],[151.529279,-31.687411],[151.529479,-31.687491],[151.529554,-31.687519],[151.529629,-31.687549],[151.5297,-31.687582],[151.529768,-31.687622],[151.52983,-31.687666],[151.529892,-31.687715],[151.529949,-31.687769],[151.53,-31.687827],[151.53004,-31.687889],[151.530065,-31.687946],[151.53008,-31.688007],[151.530103,-31.688135],[151.530118,-31.688197],[151.530152,-31.688309],[151.530207,-31.688476],[151.530224,-31.688533],[151.530256,-31.688646],[151.530276,-31.688701],[151.530302,-31.688752],[151.530343,-31.68881],[151.530393,-31.688863],[151.530449,-31.688913],[151.530563,-31.689008],[151.530641,-31.68907],[151.530722,-31.689129],[151.530972,-31.689299],[151.531177,-31.689445],[151.531246,-31.689491],[151.531317,-31.689536],[151.531377,-31.689569],[151.5315,-31.68963],[151.53156,-31.689662],[151.531619,-31.689696],[151.531671,-31.68973],[151.531722,-31.689766],[151.53182,-31.689842],[151.531922,-31.689923],[151.532027,-31.69001],[151.53213,-31.6901],[151.532231,-31.690192],[151.532296,-31.690254],[151.532365,-31.690324],[151.532433,-31.690397],[151.532499,-31.690471],[151.532628,-31.690619],[151.532669,-31.690662],[151.532711,-31.690704],[151.532752,-31.690746],[151.532788,-31.690791],[151.532819,-31.690839],[151.532845,-31.690916],[151.532855,-31.691001],[151.53286,-31.69118],[151.532872,-31.691266],[151.532898,-31.691357],[151.532932,-31.691446],[151.533005,-31.691622],[151.533038,-31.691711],[151.53306,-31.691778],[151.533123,-31.691978],[151.533145,-31.692044],[151.533193,-31.692181],[151.533243,-31.692317],[151.533345,-31.692581],[151.533373,-31.692645],[151.533406,-31.692706],[151.533444,-31.692762],[151.533486,-31.692816],[151.533576,-31.69292],[151.53362,-31.692973],[151.533662,-31.693027],[151.533744,-31.693137],[151.533787,-31.69319],[151.533834,-31.69324],[151.533885,-31.693286],[151.53394,-31.693328],[151.533997,-31.693369],[151.534174,-31.693489],[151.534299,-31.693567],[151.534361,-31.693607],[151.534421,-31.693649],[151.534473,-31.693688],[151.534524,-31.693727],[151.534574,-31.693768],[151.534621,-31.693811],[151.534665,-31.693857],[151.534719,-31.693921],[151.534745,-31.693955],[151.534765,-31.69399],[151.534777,-31.694026],[151.534782,-31.694052],[151.534784,-31.69408],[151.534783,-31.694107],[151.534779,-31.694133],[151.534772,-31.694157],[151.534751,-31.694184],[151.53472,-31.694206],[151.534683,-31.694225],[151.534605,-31.694258],[151.534566,-31.694273],[151.534526,-31.694287],[151.534486,-31.694298],[151.534404,-31.694317],[151.534362,-31.694326],[151.5343,-31.694336],[151.534383,-31.694527],[151.533358,-31.695291],[151.532498,-31.696992],[151.532389,-31.697316],[151.529315,-31.712176],[151.527315,-31.721837],[151.523332,-31.741067],[151.520978,-31.753224],[151.520804,-31.754076],[151.517871,-31.768467],[151.517695,-31.769295],[151.517714,-31.769253],[151.517735,-31.769211],[151.517758,-31.76917],[151.517782,-31.76913],[151.517808,-31.769091],[151.517824,-31.769071],[151.517856,-31.769031],[151.51789,-31.768992],[151.517939,-31.76894],[151.517966,-31.768915],[151.517993,-31.768891],[151.518021,-31.76887],[151.518056,-31.768848],[151.518092,-31.768829],[151.51813,-31.768812],[151.518238,-31.768766],[151.518301,-31.76874],[151.518365,-31.768716],[151.518412,-31.768701],[151.51846,-31.768687],[151.518508,-31.768675],[151.518605,-31.768653],[151.518669,-31.768639],[151.518702,-31.768632],[151.518768,-31.768621],[151.518867,-31.768612],[151.518967,-31.768613],[151.519169,-31.768621],[151.51927,-31.768621],[151.519397,-31.76861],[151.519651,-31.768575],[151.519777,-31.768563],[151.519903,-31.768562],[151.520002,-31.768568],[151.520102,-31.768576],[151.520201,-31.76859],[151.520297,-31.768612],[151.520387,-31.768644],[151.52046,-31.76868],[151.520531,-31.768725],[151.520599,-31.768775],[151.520664,-31.768828],[151.520727,-31.768883],[151.520785,-31.76894],[151.520841,-31.768999],[151.520894,-31.769061],[151.520945,-31.769125],[151.520994,-31.769191],[151.521051,-31.769277],[151.521103,-31.769366],[151.521151,-31.769457],[151.521197,-31.76955],[151.521242,-31.769643],[151.521299,-31.769768],[151.521351,-31.769895],[151.521496,-31.770281],[151.521517,-31.77034],[151.521555,-31.770458],[151.521578,-31.770515],[151.521607,-31.770569],[151.521652,-31.770633],[151.521705,-31.770694],[151.521763,-31.77075],[151.521826,-31.770801],[151.521892,-31.770845],[151.521947,-31.770875],[151.522004,-31.770902],[151.522064,-31.770925],[151.522125,-31.770944],[151.522186,-31.770958],[151.522236,-31.770965],[151.522286,-31.770969],[151.522337,-31.770971],[151.522439,-31.770971],[151.522527,-31.770971],[151.522615,-31.770967],[151.522703,-31.770961],[151.522878,-31.770944],[151.523017,-31.770926],[151.523155,-31.770903],[151.523432,-31.77085],[151.52357,-31.770827],[151.523642,-31.770819],[151.523714,-31.770814],[151.523787,-31.770807],[151.523856,-31.770797],[151.523923,-31.770777],[151.52398,-31.77075],[151.524035,-31.770717],[151.524087,-31.770679],[151.52419,-31.7706],[151.524238,-31.770562],[151.524377,-31.77044],[151.524426,-31.770401],[151.524477,-31.770364],[151.52453,-31.770327],[151.524583,-31.770292],[151.524638,-31.770258],[151.524814,-31.770151],[151.524876,-31.770116],[151.524939,-31.770087],[151.525004,-31.770067],[151.525062,-31.770059],[151.52512,-31.770059],[151.525239,-31.770067],[151.525299,-31.770067],[151.52536,-31.77006],[151.525545,-31.770032],[151.525606,-31.770026],[151.525701,-31.770021],[151.525748,-31.77002],[151.525795,-31.770022],[151.525841,-31.770026],[151.525911,-31.770034],[151.525946,-31.77004],[151.525979,-31.770049],[151.526009,-31.770062],[151.526033,-31.770078],[151.526056,-31.770097],[151.526077,-31.770119],[151.526096,-31.770142],[151.526113,-31.770166],[151.526132,-31.770205],[151.526145,-31.770249],[151.526167,-31.770388],[151.526186,-31.770485],[151.526203,-31.770583],[151.526213,-31.770632],[151.526238,-31.770749],[151.526253,-31.770807],[151.526268,-31.770864],[151.526285,-31.770922],[151.526307,-31.77099],[151.526332,-31.771057],[151.526358,-31.771124],[151.526384,-31.77119],[151.526444,-31.771334],[151.526476,-31.771411],[151.52651,-31.771487],[151.526546,-31.771562],[151.526617,-31.771701],[151.526651,-31.771766],[151.526688,-31.77183],[151.526728,-31.77189],[151.526773,-31.771944],[151.526813,-31.771983],[151.526857,-31.772019],[151.526902,-31.772052],[151.526949,-31.772083],[151.526998,-31.772109],[151.527038,-31.772135],[151.527079,-31.77216],[151.52712,-31.772184],[151.527163,-31.772206],[151.527206,-31.772227],[151.527292,-31.772263],[151.527381,-31.772294],[151.527473,-31.77232],[151.527565,-31.772341],[151.527658,-31.772358],[151.527767,-31.77237],[151.527878,-31.772373],[151.5281,-31.772371],[151.52821,-31.772376],[151.528289,-31.772384],[151.528368,-31.772394],[151.528525,-31.772416],[151.528711,-31.77244],[151.528819,-31.772455],[151.528927,-31.772469],[151.529035,-31.772479],[151.529142,-31.77248],[151.529226,-31.772476],[151.529311,-31.772467],[151.529395,-31.772455],[151.529563,-31.772426],[151.529675,-31.772411],[151.529711,-31.772403],[151.529744,-31.77239],[151.529782,-31.772361],[151.529816,-31.772323],[151.529846,-31.772278],[151.529946,-31.772114],[151.529986,-31.772038],[151.530022,-31.77196],[151.530056,-31.771881],[151.530088,-31.771802],[151.530111,-31.771742],[151.530133,-31.771682],[151.530154,-31.771621],[151.530174,-31.77156],[151.530192,-31.771499],[151.530208,-31.771435],[151.530247,-31.771243],[151.530262,-31.77118],[151.530302,-31.77103],[151.530325,-31.770957],[151.53035,-31.770884],[151.53038,-31.770813],[151.530414,-31.770737],[151.530452,-31.770661],[151.530494,-31.770587],[151.530542,-31.770519],[151.530597,-31.77046],[151.53063,-31.770431],[151.530664,-31.770404],[151.530701,-31.770378],[151.530738,-31.770356],[151.530778,-31.770338],[151.530821,-31.770322],[151.530867,-31.770309],[151.530914,-31.7703],[151.53096,-31.770297],[151.531004,-31.770302],[151.531043,-31.770315],[151.531081,-31.770336],[151.531118,-31.770361],[151.531152,-31.77039],[151.531185,-31.770419],[151.53121,-31.770445],[151.531235,-31.770473],[151.531257,-31.770503],[151.531278,-31.770533],[151.531298,-31.770564],[151.531331,-31.77063],[151.531357,-31.7707],[151.531378,-31.770774],[151.531416,-31.770922],[151.53144,-31.771025],[151.53146,-31.771129],[151.531497,-31.771338],[151.53152,-31.771442],[151.531538,-31.771513],[151.5316,-31.771724],[151.531619,-31.771795],[151.531646,-31.771918],[151.53169,-31.772167],[151.531716,-31.77229],[151.53175,-31.77241],[151.531779,-31.772488],[151.531809,-31.772566],[151.531842,-31.772643],[151.531878,-31.772718],[151.531918,-31.77279],[151.531956,-31.772853],[151.531997,-31.772916],[151.53204,-31.772976],[151.532086,-31.773034],[151.532135,-31.773089],[151.532182,-31.773134],[151.532232,-31.773176],[151.532337,-31.773256],[151.532388,-31.773297],[151.532583,-31.773468],[151.532633,-31.77351],[151.532727,-31.773587],[151.532823,-31.773663],[151.532873,-31.7737],[151.532959,-31.773759],[151.533047,-31.773816],[151.533137,-31.77387],[151.533228,-31.773922],[151.53332,-31.773971],[151.533377,-31.773999],[151.533549,-31.774079],[151.533718,-31.774163],[151.533774,-31.774192],[151.533829,-31.774222],[151.533882,-31.774256],[151.533961,-31.774319],[151.534035,-31.774389],[151.534105,-31.774465],[151.534239,-31.774623],[151.53435,-31.774751],[151.534404,-31.774817],[151.534452,-31.774885],[151.534492,-31.774957],[151.534516,-31.775025],[151.534531,-31.775097],[151.534544,-31.77517],[151.534561,-31.775241],[151.534587,-31.775306],[151.534605,-31.775336],[151.534624,-31.775366],[151.534644,-31.775395],[151.534666,-31.775422],[151.534689,-31.775448],[151.534724,-31.775483],[151.534762,-31.775516],[151.534803,-31.775546],[151.534845,-31.775573],[151.534888,-31.775598],[151.534948,-31.775624],[151.53501,-31.775644],[151.535141,-31.775675],[151.535205,-31.775693],[151.535264,-31.775712],[151.53538,-31.775754],[151.535439,-31.775771],[151.535499,-31.775783],[151.535585,-31.775795],[151.535628,-31.775798],[151.53567,-31.775798],[151.535712,-31.775792],[151.535738,-31.775786],[151.535764,-31.775777],[151.53579,-31.775767],[151.535814,-31.775756],[151.535838,-31.775743],[151.535866,-31.775724],[151.535891,-31.775703],[151.535916,-31.775679],[151.535939,-31.775655],[151.535961,-31.775629],[151.536,-31.775574],[151.536032,-31.775513],[151.536059,-31.775449],[151.536131,-31.775262],[151.536189,-31.775096],[151.53626,-31.77491],[151.536287,-31.774845],[151.536318,-31.774783],[151.536354,-31.774724],[151.536393,-31.774677],[151.536436,-31.774632],[151.536482,-31.77459],[151.536576,-31.774507],[151.536656,-31.774432],[151.536697,-31.774395],[151.536739,-31.774361],[151.536784,-31.774331],[151.536826,-31.774306],[151.536871,-31.774282],[151.536917,-31.774261],[151.536963,-31.774245],[151.53701,-31.774236],[151.537045,-31.774234],[151.53708,-31.774234],[151.537116,-31.774238],[151.53715,-31.774243],[151.537184,-31.774252],[151.537243,-31.774276],[151.537298,-31.774313],[151.537351,-31.774357],[151.537403,-31.774403],[151.537568,-31.774537],[151.537785,-31.77473],[151.537898,-31.774821],[151.538017,-31.774899],[151.53807,-31.774928],[151.538125,-31.774957],[151.53818,-31.774984],[151.538236,-31.775008],[151.538293,-31.77503],[151.538364,-31.775052],[151.538437,-31.775071],[151.538511,-31.775085],[151.538585,-31.775097],[151.538659,-31.775107],[151.538802,-31.775108],[151.538949,-31.775089],[151.539096,-31.775064],[151.53924,-31.77505],[151.539378,-31.775062],[151.539447,-31.775078],[151.539515,-31.775097],[151.539583,-31.77512],[151.539647,-31.775147],[151.539709,-31.775179],[151.53976,-31.775215],[151.539808,-31.775256],[151.5399,-31.775343],[151.539949,-31.775383],[151.539997,-31.775417],[151.540047,-31.775451],[151.540097,-31.775483],[151.540148,-31.775514],[151.5402,-31.775543],[151.540269,-31.775579],[151.540341,-31.775611],[151.540485,-31.775671],[151.540557,-31.775702],[151.540613,-31.775723],[151.540673,-31.775742],[151.540731,-31.775763],[151.540781,-31.775789],[151.54082,-31.775824],[151.540839,-31.775854],[151.540856,-31.775888],[151.540869,-31.775924],[151.540877,-31.775961],[151.540879,-31.775996],[151.540871,-31.776035],[151.540855,-31.776074],[151.540833,-31.776112],[151.540806,-31.776148],[151.540779,-31.776181],[151.540737,-31.77622],[151.540687,-31.776253],[151.540633,-31.776282],[151.540577,-31.776307],[151.540521,-31.776331],[151.540406,-31.776365],[151.540284,-31.776382],[151.540159,-31.776391],[151.540033,-31.7764],[151.53991,-31.776421],[151.539809,-31.776449],[151.539709,-31.776481],[151.53961,-31.776516],[151.539413,-31.776589],[151.539322,-31.776616],[151.539227,-31.776639],[151.539134,-31.776665],[151.539053,-31.7767],[151.538992,-31.776751],[151.538964,-31.776791],[151.538939,-31.776835],[151.538919,-31.776882],[151.538904,-31.77693],[151.538897,-31.776978],[151.538896,-31.777031],[151.538903,-31.777087],[151.538916,-31.777143],[151.538937,-31.777194],[151.538965,-31.777236],[151.539011,-31.77727],[151.539071,-31.777292],[151.539141,-31.777306],[151.539213,-31.777315],[151.539281,-31.777322],[151.539349,-31.777326],[151.539417,-31.777325],[151.539485,-31.77732],[151.539553,-31.777313],[151.539621,-31.777304],[151.539724,-31.777285],[151.539826,-31.777259],[151.539927,-31.777228],[151.540028,-31.777194],[151.540128,-31.777159],[151.540222,-31.777121],[151.540316,-31.777077],[151.540408,-31.777033],[151.540502,-31.776992],[151.540598,-31.77696],[151.540667,-31.776942],[151.540737,-31.776926],[151.540808,-31.776913],[151.54088,-31.776903],[151.540951,-31.776896],[151.541108,-31.776885],[151.541187,-31.776885],[151.541262,-31.776893],[151.541331,-31.776914],[151.54137,-31.776936],[151.541406,-31.776962],[151.541442,-31.776991],[151.541476,-31.777022],[151.541512,-31.77705],[151.541654,-31.77715],[151.5417,-31.777184],[151.541743,-31.777222],[151.54181,-31.777303],[151.541866,-31.777397],[151.541917,-31.777495],[151.541972,-31.77759],[151.542037,-31.777674],[151.542061,-31.777699],[151.542086,-31.777722],[151.542163,-31.777792],[151.542358,-31.777982],[151.542392,-31.778013],[151.542462,-31.778074],[151.542495,-31.778106],[151.542526,-31.778141],[151.542578,-31.778226],[151.542617,-31.778324],[151.542646,-31.778429],[151.542669,-31.778537],[151.542707,-31.778742],[151.542714,-31.778792],[151.542719,-31.778842],[151.54272,-31.778892],[151.542714,-31.77896],[151.542699,-31.779029],[151.54268,-31.779097],[151.542657,-31.779164],[151.542634,-31.779231],[151.542604,-31.779302],[151.542532,-31.779439],[151.5425,-31.779508],[151.542476,-31.779579],[151.542467,-31.779614],[151.54246,-31.779649],[151.542454,-31.779685],[151.54245,-31.77972],[151.542449,-31.779756],[151.542451,-31.779812],[151.54246,-31.77987],[151.542475,-31.779928],[151.542495,-31.779982],[151.542521,-31.780032],[151.54256,-31.780081],[151.542609,-31.780125],[151.542664,-31.780164],[151.542779,-31.780235],[151.542858,-31.780277],[151.542942,-31.78031],[151.543029,-31.78034],[151.543114,-31.780373],[151.543195,-31.780412],[151.543252,-31.780446],[151.543308,-31.780483],[151.543363,-31.780522],[151.543526,-31.780643],[151.54358,-31.780684],[151.543633,-31.780727],[151.543685,-31.780772],[151.543733,-31.780819],[151.543782,-31.780874],[151.543828,-31.780933],[151.543871,-31.780994],[151.544007,-31.781194],[151.544058,-31.781272],[151.544158,-31.781429],[151.544209,-31.781507],[151.544237,-31.781552],[151.544294,-31.781644],[151.544324,-31.781688],[151.544358,-31.781728],[151.544426,-31.781787],[151.544504,-31.781836],[151.544589,-31.781878],[151.544676,-31.781918],[151.54476,-31.781959],[151.544933,-31.78205],[151.54502,-31.782093],[151.545109,-31.782132],[151.545199,-31.782163],[151.5453,-31.782184],[151.545403,-31.782195],[151.545612,-31.782209],[151.545715,-31.782222],[151.545802,-31.782239],[151.545888,-31.78226],[151.546059,-31.782302],[151.546145,-31.782321],[151.546263,-31.782342],[151.546382,-31.782358],[151.546501,-31.782373],[151.54662,-31.78239],[151.546738,-31.782412],[151.546859,-31.782436],[151.546919,-31.78245],[151.546978,-31.782465],[151.547036,-31.782484],[151.547095,-31.782508],[151.547152,-31.782536],[151.547319,-31.782627],[151.547403,-31.782671],[151.547486,-31.782717],[151.547736,-31.782857],[151.547872,-31.782936],[151.548143,-31.783095],[151.54828,-31.783173],[151.548418,-31.783246],[151.548558,-31.783315],[151.5487,-31.78338],[151.548843,-31.783443],[151.549129,-31.783568],[151.549283,-31.783634],[151.549592,-31.783762],[151.549746,-31.783828],[151.549898,-31.783898],[151.550004,-31.783951],[151.550109,-31.784006],[151.550318,-31.784119],[151.550423,-31.784174],[151.550572,-31.784249],[151.550872,-31.784395],[151.551021,-31.784469],[151.551266,-31.784594],[151.551363,-31.784641],[151.551459,-31.78469],[151.551552,-31.784743],[151.55164,-31.784803],[151.551689,-31.784843],[151.551737,-31.784886],[151.551829,-31.784976],[151.552028,-31.785164],[151.55208,-31.785211],[151.552133,-31.785255],[151.552252,-31.785334],[151.552381,-31.7854],[151.552512,-31.785462],[151.55264,-31.785529],[151.552758,-31.785608],[151.552857,-31.785693],[151.552953,-31.785784],[151.553043,-31.785882],[151.553125,-31.785985],[151.553196,-31.786092],[151.553218,-31.78613],[151.553296,-31.786287],[151.553331,-31.786351],[151.553438,-31.78654],[151.553472,-31.786604],[151.553516,-31.786696],[151.553556,-31.786791],[151.553597,-31.786885],[151.553645,-31.786974],[151.553703,-31.787052],[151.553744,-31.787092],[151.553787,-31.78713],[151.553832,-31.787166],[151.55388,-31.787199],[151.553929,-31.787228],[151.553971,-31.78725],[151.554014,-31.78727],[151.554057,-31.787288],[151.554102,-31.787303],[151.554146,-31.787314],[151.55422,-31.787324],[151.554297,-31.787326],[151.554375,-31.787319],[151.55445,-31.787303],[151.554518,-31.787278],[151.554574,-31.787244],[151.554627,-31.7872],[151.554676,-31.78715],[151.554722,-31.787096],[151.554766,-31.787042],[151.554829,-31.786952],[151.554881,-31.786853],[151.554974,-31.786646],[151.555091,-31.786415],[151.555125,-31.78635],[151.555162,-31.786289],[151.555205,-31.786233],[151.555281,-31.786165],[151.555371,-31.78611],[151.555469,-31.786061],[151.555568,-31.786013],[151.555662,-31.785961],[151.555792,-31.785875],[151.556045,-31.785695],[151.556173,-31.785608],[151.556369,-31.785488],[151.556433,-31.785448],[151.556498,-31.785411],[151.556564,-31.785379],[151.556633,-31.785357],[151.556677,-31.785349],[151.556723,-31.785343],[151.556768,-31.78534],[151.556814,-31.78534],[151.556859,-31.785344],[151.556926,-31.785356],[151.556992,-31.785377],[151.557057,-31.785404],[151.557122,-31.785435],[151.557185,-31.785466],[151.55726,-31.785505],[151.557333,-31.785549],[151.557405,-31.785595],[151.557474,-31.785645],[151.557542,-31.785696],[151.557617,-31.785756],[151.557691,-31.785818],[151.557762,-31.785883],[151.557828,-31.785953],[151.557886,-31.786027],[151.557922,-31.786085],[151.557954,-31.786145],[151.557983,-31.786208],[151.558094,-31.786457],[151.558145,-31.786582],[151.558194,-31.786707],[151.558244,-31.786831],[151.558298,-31.786954],[151.558362,-31.787088],[151.558395,-31.787154],[151.558463,-31.787287],[151.558492,-31.787346],[151.558519,-31.787407],[151.558547,-31.787467],[151.558579,-31.787524],[151.558617,-31.787576],[151.558644,-31.787607],[151.558674,-31.787636],[151.558705,-31.787664],[151.558771,-31.787717],[151.558831,-31.787761],[151.558894,-31.787803],[151.55896,-31.787841],[151.559028,-31.787875],[151.559096,-31.787907],[151.559166,-31.787933],[151.559238,-31.787955],[151.559385,-31.787991],[151.559458,-31.788011],[151.559781,-31.788101],[151.559997,-31.78816],[151.560158,-31.788213],[151.560321,-31.788274],[151.560484,-31.78833],[151.560644,-31.788367],[151.560802,-31.788373],[151.56084,-31.788368],[151.560878,-31.788362],[151.560915,-31.788355],[151.56099,-31.788339],[151.561043,-31.788325],[151.561097,-31.78831],[151.561149,-31.788293],[151.561201,-31.788274],[151.561252,-31.788253],[151.561331,-31.788217],[151.561369,-31.788198],[151.561406,-31.788176],[151.561442,-31.788153],[151.56147,-31.788131],[151.561522,-31.78808],[151.561549,-31.788056],[151.561578,-31.788036],[151.561605,-31.78802],[151.561633,-31.788006],[151.561663,-31.787994],[151.561693,-31.787984],[151.561723,-31.787977],[151.561782,-31.787973],[151.561845,-31.787982],[151.561909,-31.788],[151.561972,-31.788023],[151.56203,-31.788049],[151.562078,-31.788075],[151.562123,-31.788106],[151.562166,-31.788139],[151.562252,-31.788208],[151.562328,-31.788266],[151.562404,-31.788327],[151.562478,-31.788388],[151.562551,-31.788451],[151.562623,-31.788515],[151.562689,-31.788579],[151.562816,-31.788711],[151.562881,-31.788775],[151.562949,-31.788836],[151.563014,-31.788887],[151.563082,-31.788934],[151.56315,-31.788979],[151.563218,-31.789026],[151.563284,-31.789076],[151.563334,-31.789122],[151.56343,-31.789219],[151.563479,-31.789265],[151.563532,-31.789307],[151.563627,-31.789377],[151.563676,-31.789409],[151.563724,-31.78943],[151.563768,-31.789434],[151.563794,-31.789424],[151.56382,-31.789408],[151.563844,-31.78939],[151.56387,-31.789372],[151.563897,-31.789359],[151.563938,-31.78935],[151.563982,-31.789349],[151.564028,-31.789352],[151.564073,-31.789356],[151.564118,-31.789359],[151.564179,-31.789362],[151.56424,-31.789366],[151.564301,-31.789372],[151.564422,-31.789386],[151.564515,-31.789399],[151.564609,-31.789414],[151.564703,-31.789432],[151.564796,-31.789453],[151.564887,-31.789477],[151.564981,-31.789506],[151.565073,-31.789539],[151.565164,-31.789576],[151.565345,-31.789653],[151.565422,-31.789689],[151.565651,-31.789804],[151.565729,-31.789839],[151.565818,-31.789876],[151.565908,-31.789912],[151.565998,-31.789945],[151.566089,-31.789976],[151.566182,-31.790002],[151.566266,-31.79002],[151.566352,-31.790036],[151.566438,-31.790048],[151.566611,-31.790069],[151.566683,-31.790076],[151.566827,-31.790083],[151.566899,-31.790089],[151.566969,-31.790101],[151.567062,-31.790127],[151.567155,-31.790161],[151.567245,-31.790201],[151.567334,-31.790245],[151.567421,-31.790291],[151.567486,-31.790332],[151.567611,-31.790428],[151.567675,-31.790469],[151.567743,-31.790499],[151.56779,-31.790512],[151.567838,-31.790521],[151.567888,-31.790527],[151.567938,-31.79053],[151.567987,-31.790531],[151.568038,-31.790528],[151.56809,-31.790521],[151.568142,-31.790511],[151.568333,-31.790472],[151.56842,-31.790452],[151.568508,-31.79043],[151.568594,-31.790405],[151.568679,-31.790377],[151.568745,-31.790353],[151.568812,-31.790329],[151.568878,-31.790302],[151.568942,-31.790273],[151.569005,-31.790241],[151.569093,-31.790187],[151.569178,-31.790126],[151.56926,-31.79006],[151.569339,-31.789991],[151.569417,-31.78992],[151.569481,-31.789853],[151.569602,-31.789709],[151.569664,-31.789641],[151.569733,-31.789581],[151.569806,-31.789524],[151.569844,-31.789497],[151.569883,-31.789476],[151.569923,-31.789463],[151.569956,-31.78946],[151.569989,-31.78946],[151.570023,-31.789464],[151.57009,-31.789477],[151.570134,-31.789487],[151.570176,-31.789502],[151.570261,-31.789534],[151.570303,-31.789549],[151.570422,-31.789585],[151.570543,-31.78962],[151.570665,-31.789649],[151.570788,-31.789668],[151.570909,-31.789676],[151.57099,-31.789676],[151.57103,-31.789674],[151.57107,-31.78967],[151.571109,-31.789662],[151.571157,-31.789644],[151.571205,-31.78962],[151.571251,-31.789591],[151.571296,-31.789559],[151.571339,-31.789526],[151.571374,-31.789499],[151.571408,-31.789471],[151.571442,-31.789441],[151.571473,-31.78941],[151.571502,-31.789377],[151.571534,-31.789335],[151.571563,-31.78929],[151.571589,-31.789243],[151.571613,-31.789195],[151.571633,-31.789146],[151.571651,-31.789092],[151.571665,-31.789037],[151.571697,-31.788866],[151.57172,-31.788607],[151.571712,-31.788337],[151.571701,-31.788069],[151.571718,-31.787817],[151.571792,-31.787594],[151.571814,-31.787554],[151.571838,-31.787513],[151.571862,-31.787473],[151.571889,-31.787436],[151.571919,-31.7874],[151.571972,-31.787346],[151.572032,-31.787297],[151.572097,-31.787253],[151.572165,-31.787216],[151.572235,-31.787187],[151.5723,-31.78717],[151.572367,-31.787159],[151.572436,-31.787154],[151.572506,-31.787152],[151.572574,-31.787151],[151.572693,-31.787159],[151.572811,-31.787181],[151.572929,-31.787208],[151.573048,-31.787233],[151.573167,-31.787246],[151.57326,-31.787249],[151.573353,-31.78725],[151.573446,-31.787247],[151.573539,-31.787239],[151.573629,-31.787223],[151.573728,-31.787198],[151.573827,-31.787165],[151.573924,-31.787125],[151.574016,-31.787076],[151.574099,-31.78702],[151.574159,-31.786972],[151.574188,-31.786947],[151.574214,-31.78692],[151.574237,-31.786891],[151.574258,-31.786854],[151.574274,-31.786814],[151.574287,-31.786772],[151.574309,-31.786687],[151.574321,-31.786579],[151.574314,-31.786464],[151.574302,-31.786349],[151.574304,-31.786242],[151.574332,-31.786149],[151.574364,-31.786101],[151.574402,-31.786057],[151.574444,-31.786015],[151.57449,-31.785977],[151.574536,-31.785941],[151.574601,-31.785895],[151.57467,-31.785853],[151.574743,-31.785817],[151.574818,-31.78579],[151.574893,-31.785773],[151.574962,-31.785767],[151.575034,-31.785768],[151.575106,-31.785777],[151.575175,-31.785793],[151.575237,-31.785819],[151.575277,-31.785841],[151.575317,-31.785868],[151.575354,-31.785898],[151.575386,-31.785932],[151.575413,-31.785968],[151.575434,-31.786011],[151.575447,-31.786059],[151.575455,-31.78611],[151.575468,-31.786212],[151.57548,-31.786293],[151.575489,-31.786375],[151.575495,-31.786457],[151.575495,-31.786539],[151.57549,-31.786619],[151.575478,-31.786685],[151.575458,-31.78675],[151.575436,-31.786815],[151.575418,-31.78688],[151.575409,-31.786945],[151.575413,-31.787049],[151.575434,-31.787155],[151.575466,-31.787261],[151.575506,-31.787365],[151.575575,-31.787525],[151.575601,-31.787585],[151.57563,-31.787643],[151.575664,-31.787697],[151.575703,-31.787746],[151.575759,-31.787795],[151.575825,-31.787835],[151.575896,-31.78787],[151.576042,-31.787932],[151.576254,-31.787987],[151.576484,-31.788002],[151.57672,-31.788002],[151.576952,-31.788013],[151.577169,-31.788063],[151.577222,-31.788084],[151.577274,-31.788107],[151.577377,-31.788155],[151.577429,-31.788178],[151.577497,-31.788206],[151.577634,-31.78826],[151.577702,-31.788288],[151.577769,-31.788318],[151.577832,-31.78835],[151.578018,-31.788453],[151.578081,-31.788486],[151.578151,-31.788519],[151.578222,-31.78855],[151.578438,-31.78864],[151.578484,-31.78866],[151.578529,-31.788683],[151.578575,-31.788704],[151.578621,-31.788723],[151.578669,-31.788735],[151.578701,-31.788739],[151.578734,-31.788742],[151.578766,-31.788743],[151.578799,-31.788742],[151.578832,-31.788739],[151.578886,-31.788732],[151.578913,-31.788726],[151.578939,-31.788719],[151.578963,-31.788707],[151.578987,-31.78869],[151.579009,-31.788668],[151.579029,-31.788643],[151.579047,-31.788617],[151.579062,-31.78859],[151.579079,-31.788555],[151.579099,-31.788499],[151.579114,-31.788443],[151.579124,-31.788386],[151.579132,-31.788327],[151.579144,-31.78821],[151.579148,-31.788078],[151.579133,-31.787808],[151.579139,-31.78768],[151.579171,-31.787563],[151.579195,-31.787514],[151.579222,-31.787467],[151.579252,-31.787421],[151.579285,-31.787377],[151.57932,-31.787337],[151.579338,-31.787318],[151.579375,-31.787282],[151.579395,-31.787265],[151.579415,-31.787251],[151.579444,-31.787235],[151.579475,-31.787223],[151.579508,-31.787213],[151.579541,-31.787204],[151.579574,-31.787196],[151.579675,-31.787178],[151.579782,-31.787172],[151.57989,-31.787177],[151.579996,-31.787192],[151.580098,-31.787214],[151.580149,-31.78723],[151.580199,-31.787248],[151.580247,-31.787269],[151.580407,-31.787339],[151.580469,-31.787368],[151.580653,-31.787456],[151.58088,-31.787556],[151.581112,-31.787652],[151.58134,-31.787753],[151.581554,-31.78787],[151.581743,-31.788013],[151.581802,-31.788066],[151.581861,-31.788121],[151.581916,-31.788178],[151.581967,-31.788238],[151.58201,-31.788302],[151.58203,-31.788343],[151.582047,-31.788386],[151.582078,-31.788473],[151.582112,-31.788552],[151.582127,-31.788589],[151.582143,-31.788626],[151.582162,-31.788659],[151.582186,-31.788687],[151.582215,-31.788708],[151.582249,-31.788726],[151.582285,-31.78874],[151.582322,-31.788749],[151.582359,-31.788755],[151.582381,-31.788756],[151.582404,-31.788756],[151.582427,-31.788754],[151.582449,-31.78875],[151.582472,-31.788746],[151.582522,-31.788729],[151.582571,-31.788704],[151.582618,-31.788672],[151.582663,-31.788637],[151.582707,-31.788601],[151.582747,-31.788565],[151.582784,-31.788527],[151.58282,-31.788486],[151.58289,-31.788404],[151.583005,-31.788264],[151.583114,-31.788116],[151.583218,-31.787965],[151.58332,-31.787813],[151.583424,-31.787662],[151.583464,-31.787609],[151.583508,-31.787557],[151.58355,-31.787504],[151.583586,-31.787449],[151.583614,-31.787391],[151.58363,-31.787332],[151.583638,-31.78727],[151.583642,-31.787206],[151.583643,-31.787142],[151.583649,-31.78698],[151.583648,-31.786881],[151.583644,-31.786682],[151.583643,-31.786223],[151.583646,-31.786043],[151.583655,-31.785865],[151.583675,-31.785687],[151.583684,-31.785597],[151.583691,-31.785502],[151.583702,-31.78541],[151.583724,-31.785327],[151.583763,-31.78526],[151.58379,-31.785232],[151.583818,-31.785205],[151.58385,-31.785181],[151.583883,-31.785161],[151.583917,-31.785147],[151.583951,-31.785139],[151.583987,-31.785136],[151.584024,-31.785136],[151.584098,-31.785142],[151.584173,-31.785146],[151.58421,-31.785151],[151.584245,-31.785159],[151.584274,-31.785174],[151.584298,-31.785196],[151.584317,-31.785223],[151.584334,-31.785255],[151.584365,-31.785319],[151.584402,-31.785403],[151.584429,-31.785493],[151.584452,-31.785584],[151.584477,-31.785675],[151.58451,-31.785762],[151.584542,-31.785833],[151.584559,-31.785868],[151.584578,-31.785902],[151.5846,-31.785934],[151.584654,-31.785986],[151.584721,-31.786028],[151.58487,-31.786101],[151.584939,-31.786142],[151.584981,-31.786171],[151.585064,-31.786232],[151.585104,-31.786263],[151.585143,-31.786296],[151.585282,-31.78645],[151.585397,-31.786631],[151.585497,-31.786829],[151.585595,-31.78703],[151.5857,-31.787223],[151.585863,-31.787491],[151.585973,-31.787669],[151.586028,-31.787761],[151.586081,-31.787854],[151.586136,-31.787946],[151.586195,-31.788033],[151.586263,-31.788113],[151.58633,-31.788179],[151.586402,-31.788243],[151.586479,-31.788301],[151.586559,-31.788351],[151.586643,-31.788388],[151.586685,-31.788402],[151.586728,-31.788412],[151.586772,-31.788421],[151.586816,-31.788428],[151.58686,-31.788434],[151.586918,-31.788439],[151.586976,-31.788443],[151.587034,-31.788443],[151.587092,-31.788442],[151.58715,-31.788438],[151.587206,-31.788432],[151.587262,-31.788422],[151.587318,-31.788411],[151.58759,-31.788355],[151.587907,-31.788281],[151.588066,-31.788247],[151.588227,-31.788221],[151.588359,-31.788205],[151.588493,-31.788192],[151.588559,-31.788187],[151.588737,-31.788182],[151.588915,-31.788187],[151.589093,-31.788198],[151.589272,-31.78821],[151.589451,-31.788219],[151.58976,-31.788236],[151.590069,-31.78826],[151.590379,-31.788281],[151.590687,-31.788288],[151.590993,-31.788273],[151.5911,-31.788313],[151.591205,-31.78836],[151.591307,-31.788415],[151.591405,-31.788476],[151.591498,-31.788542],[151.591533,-31.788571],[151.591569,-31.788601],[151.591603,-31.788632],[151.59167,-31.788696],[151.591703,-31.788731],[151.591736,-31.788766],[151.591768,-31.788802],[151.591799,-31.788839],[151.591828,-31.788877],[151.591869,-31.78894],[151.591905,-31.789007],[151.591974,-31.789143],[151.592013,-31.789207],[151.592045,-31.789253],[151.592077,-31.789299],[151.592111,-31.789343],[151.592145,-31.789387],[151.592181,-31.789429],[151.592242,-31.7895],[151.592274,-31.789535],[151.592308,-31.789568],[151.592344,-31.789597],[151.592409,-31.789636],[151.592482,-31.789668],[151.592558,-31.789692],[151.592637,-31.789711],[151.592715,-31.789723],[151.592766,-31.789727],[151.592817,-31.789727],[151.592921,-31.789723],[151.592973,-31.789723],[151.593026,-31.789726],[151.593133,-31.789736],[151.593186,-31.78974],[151.59324,-31.789741],[151.593286,-31.789741],[151.593378,-31.789736],[151.593501,-31.789725],[151.593593,-31.789714],[151.593624,-31.78971],[151.593681,-31.7897],[151.593737,-31.789687],[151.593905,-31.789646],[151.59396,-31.789628],[151.594034,-31.789599],[151.594022,-31.78969],[151.593393,-31.792648],[151.590498,-31.806076],[151.590077,-31.808061],[151.588823,-31.813913],[151.588801,-31.814006],[151.588872,-31.81402],[151.588978,-31.814039],[151.589024,-31.814045],[151.589163,-31.814058],[151.589208,-31.814065],[151.589293,-31.81408],[151.589335,-31.814089],[151.589377,-31.814099],[151.589418,-31.814111],[151.589477,-31.81413],[151.589563,-31.814164],[151.589601,-31.814177],[151.589639,-31.814189],[151.589677,-31.814203],[151.589711,-31.81422],[151.589741,-31.814242],[151.589753,-31.814255],[151.589765,-31.814269],[151.589776,-31.814284],[151.589786,-31.814299],[151.589794,-31.814315],[151.589797,-31.814344],[151.589811,-31.814408],[151.589825,-31.814473],[151.589834,-31.814537],[151.589839,-31.81464],[151.589841,-31.814744],[151.58984,-31.814848],[151.589834,-31.815056],[151.589828,-31.815334],[151.589821,-31.815473],[151.589809,-31.815611],[151.589788,-31.815748],[151.589765,-31.815858],[151.589737,-31.815968],[151.589705,-31.816078],[151.589669,-31.816185],[151.589627,-31.81629],[151.589585,-31.816384],[151.58954,-31.816479],[151.58949,-31.81657],[151.589435,-31.816658],[151.589373,-31.816739],[151.589296,-31.816818],[151.58921,-31.816888],[151.589118,-31.816953],[151.589025,-31.817018],[151.588935,-31.817085],[151.588882,-31.817129],[151.588777,-31.817219],[151.588724,-31.817262],[151.58867,-31.817304],[151.588483,-31.817427],[151.588284,-31.817532],[151.588077,-31.817629],[151.58787,-31.817723],[151.587666,-31.817823],[151.587474,-31.817926],[151.586901,-31.818239],[151.586709,-31.818342],[151.586635,-31.818381],[151.586485,-31.818456],[151.586411,-31.818495],[151.58634,-31.818538],[151.586234,-31.818621],[151.586135,-31.818715],[151.586039,-31.818813],[151.58594,-31.818907],[151.585833,-31.818988],[151.585749,-31.819031],[151.585566,-31.8191],[151.585484,-31.81914],[151.585418,-31.819196],[151.585374,-31.81926],[151.585341,-31.819334],[151.585316,-31.819414],[151.585296,-31.819496],[151.585279,-31.819576],[151.585269,-31.819635],[151.585261,-31.819695],[151.585257,-31.819756],[151.585255,-31.819816],[151.585256,-31.819876],[151.58526,-31.81993],[151.585266,-31.819984],[151.585275,-31.820038],[151.585287,-31.82009],[151.585302,-31.820141],[151.58534,-31.820221],[151.58539,-31.820296],[151.585448,-31.820368],[151.585509,-31.820439],[151.585779,-31.820766],[151.586005,-31.82101],[151.586242,-31.821245],[151.586486,-31.821473],[151.586733,-31.821698],[151.586828,-31.821777],[151.58693,-31.821852],[151.58703,-31.821928],[151.58712,-31.822009],[151.587194,-31.822102],[151.587231,-31.822166],[151.587265,-31.822234],[151.587294,-31.822304],[151.587317,-31.822376],[151.587332,-31.822448],[151.587341,-31.822508],[151.587348,-31.822573],[151.58735,-31.822637],[151.587342,-31.822693],[151.58732,-31.822736],[151.587297,-31.822758],[151.587268,-31.822775],[151.587236,-31.82279],[151.587171,-31.822817],[151.587037,-31.822867],[151.586895,-31.822901],[151.586749,-31.822925],[151.586601,-31.822945],[151.586456,-31.822967],[151.586394,-31.822974],[151.586331,-31.822978],[151.586269,-31.822982],[151.58621,-31.822993],[151.586156,-31.823013],[151.586086,-31.823065],[151.586025,-31.82314],[151.585973,-31.823229],[151.585932,-31.823324],[151.585902,-31.823417],[151.585887,-31.823519],[151.58589,-31.823627],[151.585905,-31.823739],[151.585926,-31.82385],[151.58596,-31.824017],[151.585972,-31.824075],[151.585986,-31.824133],[151.586001,-31.82419],[151.586017,-31.824247],[151.586049,-31.824331],[151.586086,-31.824413],[151.586125,-31.824495],[151.586162,-31.824577],[151.58619,-31.824662],[151.586207,-31.824728],[151.58622,-31.824794],[151.586231,-31.824861],[151.58624,-31.824929],[151.586248,-31.824996],[151.586262,-31.825251],[151.58625,-31.825516],[151.586212,-31.825779],[151.586146,-31.826032],[151.586052,-31.826265],[151.586021,-31.826324],[151.585987,-31.826383],[151.585952,-31.82644],[151.585879,-31.826553],[151.585781,-31.826683],[151.585672,-31.826806],[151.585561,-31.826928],[151.585458,-31.827053],[151.585372,-31.827188],[151.585309,-31.827314],[151.585252,-31.827446],[151.585205,-31.827582],[151.58517,-31.827719],[151.585152,-31.827856],[151.585147,-31.827929],[151.585143,-31.828005],[151.585144,-31.828079],[151.585154,-31.82815],[151.585176,-31.828214],[151.5852,-31.828256],[151.585229,-31.828296],[151.585262,-31.828333],[151.585299,-31.828368],[151.585337,-31.828398],[151.585384,-31.828424],[151.585437,-31.828442],[151.585492,-31.828457],[151.585545,-31.828476],[151.585591,-31.828502],[151.585621,-31.828528],[151.58565,-31.828556],[151.585676,-31.828586],[151.585699,-31.828618],[151.585718,-31.828652],[151.585735,-31.828702],[151.585747,-31.82876],[151.585751,-31.828818],[151.585746,-31.828873],[151.585729,-31.828917],[151.585701,-31.828949],[151.585662,-31.828974],[151.585615,-31.828995],[151.585521,-31.829033],[151.585373,-31.829064],[151.585199,-31.829063],[151.585028,-31.829055],[151.584884,-31.829064],[151.584795,-31.829113],[151.584781,-31.829135],[151.584768,-31.829158],[151.584757,-31.829181],[151.584746,-31.829205],[151.584737,-31.829229],[151.584724,-31.829299],[151.584726,-31.829374],[151.584737,-31.829452],[151.58475,-31.829532],[151.584779,-31.829744],[151.584806,-31.82988],[151.584832,-31.830015],[151.584847,-31.830148],[151.584841,-31.830278],[151.584801,-31.830406],[151.584734,-31.83053],[151.584659,-31.830652],[151.584596,-31.830775],[151.584565,-31.830901],[151.584564,-31.830967],[151.58457,-31.831034],[151.584599,-31.831235],[151.584608,-31.831323],[151.584616,-31.831412],[151.584626,-31.8315],[151.584638,-31.831588],[151.584657,-31.831673],[151.584682,-31.831764],[151.584712,-31.831854],[151.584746,-31.831943],[151.584786,-31.832029],[151.58483,-31.832112],[151.58489,-31.832199],[151.584962,-31.832281],[151.585038,-31.83236],[151.585111,-31.832441],[151.585176,-31.832527],[151.585212,-31.832585],[151.585248,-31.832643],[151.585281,-31.832703],[151.585311,-31.832764],[151.585337,-31.832827],[151.585363,-31.832915],[151.58538,-31.833007],[151.585403,-31.833195],[151.585418,-31.833288],[151.58544,-31.833376],[151.585469,-31.833464],[151.585495,-31.833552],[151.585515,-31.833639],[151.585521,-31.833726],[151.585517,-31.833791],[151.585507,-31.833857],[151.585492,-31.833922],[151.585474,-31.833986],[151.585452,-31.834049],[151.585399,-31.834166],[151.585327,-31.834277],[151.585245,-31.834384],[151.585072,-31.834591],[151.585003,-31.834668],[151.584857,-31.834815],[151.584787,-31.834891],[151.584726,-31.834972],[151.584654,-31.835102],[151.584598,-31.835244],[151.584551,-31.835391],[151.584508,-31.83554],[151.584461,-31.835687],[151.584423,-31.835781],[151.584381,-31.835875],[151.584341,-31.83597],[151.584312,-31.836065],[151.584299,-31.83616],[151.584304,-31.836238],[151.584317,-31.836318],[151.584338,-31.836397],[151.584364,-31.836476],[151.584391,-31.836552],[151.584479,-31.836699],[151.584603,-31.836834],[151.584736,-31.836965],[151.584848,-31.837099],[151.584911,-31.837244],[151.584919,-31.837296],[151.584926,-31.83735],[151.58493,-31.837404],[151.584929,-31.837457],[151.584922,-31.837509],[151.584899,-31.837576],[151.584863,-31.83764],[151.584775,-31.837766],[151.584737,-31.837832],[151.584679,-31.837958],[151.584625,-31.838088],[151.584579,-31.83822],[151.584542,-31.838354],[151.584519,-31.838489],[151.584514,-31.838544],[151.584511,-31.838711],[151.584507,-31.838766],[151.584498,-31.838833],[151.584486,-31.838901],[151.584472,-31.838968],[151.584456,-31.839035],[151.584438,-31.8391],[151.584385,-31.83925],[151.584318,-31.839396],[151.58424,-31.839539],[151.584152,-31.839675],[151.584057,-31.839804],[151.583813,-31.84002],[151.583505,-31.840183],[151.583167,-31.840324],[151.582836,-31.840475],[151.582546,-31.840669],[151.582493,-31.840713],[151.582467,-31.840735],[151.582442,-31.840758],[151.58242,-31.840784],[151.582387,-31.840844],[151.582367,-31.840914],[151.582355,-31.840989],[151.582339,-31.841141],[151.582333,-31.841278],[151.582343,-31.841418],[151.582359,-31.841557],[151.582369,-31.841697],[151.582362,-31.841833],[151.582354,-31.841889],[151.582345,-31.841946],[151.582334,-31.842001],[151.582321,-31.842056],[151.582305,-31.84211],[151.582243,-31.842226],[151.582154,-31.842331],[151.582055,-31.842433],[151.581961,-31.842538],[151.581889,-31.842652],[151.581826,-31.842837],[151.581792,-31.843038],[151.58178,-31.843248],[151.58178,-31.84346],[151.581785,-31.843667],[151.581788,-31.843739],[151.581792,-31.84381],[151.581808,-31.844024],[151.581817,-31.844101],[151.581838,-31.844254],[151.581844,-31.84433],[151.581843,-31.844405],[151.581835,-31.844479],[151.581824,-31.844554],[151.581806,-31.844627],[151.581783,-31.844698],[151.581751,-31.844763],[151.581709,-31.844821],[151.581659,-31.844874],[151.581603,-31.844924],[151.581544,-31.844971],[151.581486,-31.845016],[151.581266,-31.845144],[151.581013,-31.845229],[151.58074,-31.84529],[151.580462,-31.845344],[151.580194,-31.845408],[151.579886,-31.845498],[151.579577,-31.845587],[151.579268,-31.845674],[151.578649,-31.845847],[151.5784,-31.845918],[151.578317,-31.845941],[151.578234,-31.845962],[151.578122,-31.84598],[151.578006,-31.84599],[151.577892,-31.846001],[151.577785,-31.846023],[151.577692,-31.846066],[151.577635,-31.84611],[151.577584,-31.846163],[151.577536,-31.846221],[151.577492,-31.846281],[151.577421,-31.846384],[151.577393,-31.846427],[151.577367,-31.846471],[151.577344,-31.846516],[151.577322,-31.846562],[151.577293,-31.846648],[151.577271,-31.84674],[151.577258,-31.846835],[151.577253,-31.84693],[151.577253,-31.847023],[151.57726,-31.847095],[151.577271,-31.847167],[151.577286,-31.847238],[151.577304,-31.84731],[151.577323,-31.84738],[151.577349,-31.847467],[151.577381,-31.847551],[151.577415,-31.847636],[151.577446,-31.847721],[151.577473,-31.847807],[151.577502,-31.848157],[151.57745,-31.848527],[151.577364,-31.848906],[151.577294,-31.849284],[151.577288,-31.849652],[151.577301,-31.849799],[151.577308,-31.849873],[151.577322,-31.849943],[151.577346,-31.85001],[151.577397,-31.85009],[151.577467,-31.850161],[151.577549,-31.850227],[151.577634,-31.850291],[151.577715,-31.850356],[151.57783,-31.850451],[151.577949,-31.850543],[151.578069,-31.850632],[151.578192,-31.850719],[151.578315,-31.850805],[151.578413,-31.850865],[151.578518,-31.85092],[151.578622,-31.850976],[151.578714,-31.85104],[151.578787,-31.851117],[151.578834,-31.851183],[151.578855,-31.851218],[151.578871,-31.851254],[151.578879,-31.85129],[151.578876,-31.851335],[151.578859,-31.851383],[151.578834,-31.85143],[151.578805,-31.851477],[151.578776,-31.85152],[151.578718,-31.851587],[151.578646,-31.851644],[151.57849,-31.85175],[151.578418,-31.851809],[151.578305,-31.851928],[151.578277,-31.851961],[151.578198,-31.852056],[151.5781,-31.852192],[151.578012,-31.852333],[151.577934,-31.852478],[151.577898,-31.852553],[151.577876,-31.852605],[151.577862,-31.852647],[151.57785,-31.852691],[151.577819,-31.852824],[151.577806,-31.852889],[151.577785,-31.853021],[151.577771,-31.853085],[151.577749,-31.853146],[151.577717,-31.853206],[151.577678,-31.853263],[151.577634,-31.853317],[151.577542,-31.853423],[151.577474,-31.853496],[151.577325,-31.853632],[151.577255,-31.853703],[151.577196,-31.853781],[151.577155,-31.853848],[151.577136,-31.853882],[151.577118,-31.853918],[151.577104,-31.853954],[151.577087,-31.854022],[151.577082,-31.854093],[151.577082,-31.854167],[151.577079,-31.85424],[151.577069,-31.854311],[151.577042,-31.854421],[151.577007,-31.854534],[151.576964,-31.854643],[151.576908,-31.854737],[151.576839,-31.854807],[151.57678,-31.85484],[151.576714,-31.854865],[151.576645,-31.854883],[151.576574,-31.854897],[151.576504,-31.854911],[151.576442,-31.854921],[151.57638,-31.854928],[151.576255,-31.854938],[151.576193,-31.854946],[151.576104,-31.854959],[151.576014,-31.854972],[151.575926,-31.854989],[151.575839,-31.85501],[151.575754,-31.855038],[151.575665,-31.85508],[151.575579,-31.855131],[151.575495,-31.855188],[151.575412,-31.855247],[151.575328,-31.855303],[151.575206,-31.855376],[151.575082,-31.855448],[151.574959,-31.855521],[151.57484,-31.855598],[151.574651,-31.855743],[151.574568,-31.855805],[151.574492,-31.855869],[151.574433,-31.855936],[151.574405,-31.856007],[151.574409,-31.856053],[151.574424,-31.856101],[151.574442,-31.856149],[151.574454,-31.856195],[151.574451,-31.856237],[151.574442,-31.856259],[151.574429,-31.856281],[151.574414,-31.856301],[151.574382,-31.856341],[151.574267,-31.856427],[151.574106,-31.856479],[151.573918,-31.856509],[151.573724,-31.856528],[151.57354,-31.856548],[151.573437,-31.856559],[151.573227,-31.856569],[151.573123,-31.856577],[151.573022,-31.856595],[151.572894,-31.856639],[151.572771,-31.856702],[151.572649,-31.85677],[151.572525,-31.856827],[151.572399,-31.85686],[151.572307,-31.856867],[151.572213,-31.856867],[151.57212,-31.85686],[151.572027,-31.856846],[151.571938,-31.856825],[151.571821,-31.856781],[151.57171,-31.856719],[151.571601,-31.856647],[151.571493,-31.856572],[151.571384,-31.856502],[151.571306,-31.85645],[151.571229,-31.856393],[151.571152,-31.856338],[151.571073,-31.856295],[151.570992,-31.856272],[151.570944,-31.856269],[151.570895,-31.856271],[151.570846,-31.856277],[151.570797,-31.856285],[151.57075,-31.856295],[151.570669,-31.856316],[151.570589,-31.856346],[151.570511,-31.856381],[151.570358,-31.856456],[151.570266,-31.856504],[151.570178,-31.856558],[151.570089,-31.856612],[151.57,-31.856664],[151.569908,-31.85671],[151.56978,-31.856754],[151.569644,-31.856784],[151.569508,-31.856812],[151.569379,-31.856849],[151.569262,-31.856906],[151.569226,-31.856931],[151.569191,-31.856959],[151.569157,-31.856987],[151.56901,-31.857111],[151.568855,-31.857246],[151.568777,-31.857314],[151.568697,-31.857379],[151.568601,-31.857454],[151.568504,-31.857529],[151.568405,-31.857602],[151.568304,-31.857671],[151.568201,-31.857736],[151.568096,-31.857787],[151.567859,-31.85788],[151.567773,-31.857924],[151.56774,-31.857967],[151.567742,-31.857993],[151.567746,-31.858019],[151.567754,-31.858045],[151.567763,-31.85807],[151.567775,-31.858094],[151.567786,-31.858111],[151.567799,-31.858128],[151.567813,-31.858144],[151.567844,-31.858175],[151.567889,-31.858212],[151.567939,-31.858244],[151.568046,-31.858303],[151.568097,-31.858336],[151.5682,-31.858409],[151.56825,-31.858447],[151.568297,-31.858487],[151.568339,-31.858532],[151.568376,-31.858576],[151.568394,-31.858599],[151.568409,-31.858622],[151.56842,-31.858647],[151.568428,-31.85868],[151.56843,-31.858714],[151.568429,-31.85875],[151.568425,-31.858786],[151.56842,-31.85882],[151.568413,-31.858861],[151.568403,-31.858903],[151.56839,-31.858944],[151.568373,-31.858982],[151.568351,-31.859016],[151.568299,-31.859058],[151.568226,-31.859083],[151.56814,-31.859099],[151.568052,-31.859113],[151.56797,-31.859132],[151.56788,-31.859158],[151.567698,-31.859207],[151.567608,-31.859236],[151.567521,-31.85927],[151.567396,-31.859333],[151.567276,-31.859408],[151.56716,-31.85949],[151.566933,-31.859662],[151.566756,-31.859794],[151.566669,-31.859862],[151.566585,-31.859933],[151.566506,-31.860008],[151.566453,-31.860066],[151.566403,-31.860127],[151.566354,-31.860188],[151.566305,-31.860249],[151.566252,-31.860308],[151.566129,-31.860415],[151.565158,-31.860987],[151.564922,-31.861084],[151.564557,-31.861219],[151.564345,-31.86129],[151.56413,-31.861353],[151.563912,-31.86141],[151.563693,-31.86146],[151.563473,-31.861507],[151.563321,-31.861541],[151.563169,-31.861577],[151.563016,-31.861608],[151.562864,-31.861629],[151.562712,-31.861634],[151.56261,-31.861629],[151.562507,-31.861618],[151.562405,-31.861601],[151.562304,-31.86158],[151.562205,-31.861553],[151.562064,-31.861499],[151.561928,-31.861427],[151.561661,-31.861267],[151.561524,-31.861196],[151.56141,-31.861139],[151.561295,-31.861077],[151.561179,-31.86102],[151.561063,-31.860979],[151.560948,-31.860965],[151.560875,-31.860966],[151.560839,-31.860969],[151.560805,-31.860976],[151.560775,-31.860988],[151.560748,-31.861027],[151.560737,-31.861091],[151.56073,-31.861251],[151.560717,-31.861323],[151.560685,-31.861426],[151.560666,-31.861476],[151.560643,-31.861524],[151.560613,-31.861565],[151.560547,-31.861614],[151.560458,-31.861646],[151.560357,-31.861666],[151.560152,-31.861692],[151.560036,-31.861703],[151.559919,-31.861704],[151.5598,-31.861699],[151.559682,-31.861694],[151.559564,-31.861692],[151.559209,-31.861697],[151.55912,-31.861698],[151.558898,-31.861691],[151.558677,-31.861677],[151.558455,-31.861662],[151.558234,-31.861651],[151.558013,-31.861652],[151.557864,-31.861656],[151.557791,-31.86166],[151.557717,-31.861666],[151.557644,-31.861675],[151.557531,-31.861695],[151.557419,-31.861723],[151.557308,-31.861757],[151.557198,-31.861795],[151.55709,-31.861836],[151.557008,-31.861876],[151.55685,-31.86197],[151.556769,-31.862009],[151.556687,-31.862032],[151.556597,-31.862041],[151.556499,-31.86204],[151.556403,-31.862029],[151.556317,-31.862004],[151.556248,-31.861963],[151.556205,-31.861907],[151.556174,-31.861836],[151.556152,-31.861756],[151.556132,-31.861673],[151.55611,-31.861594],[151.556087,-31.861506],[151.556051,-31.861324],[151.556024,-31.86124],[151.555983,-31.861167],[151.555922,-31.86111],[151.555845,-31.861066],[151.555761,-31.861027],[151.555677,-31.860986],[151.555603,-31.860936],[151.555545,-31.860875],[151.555493,-31.860804],[151.555443,-31.860732],[151.555389,-31.860669],[151.555326,-31.860625],[151.555268,-31.860604],[151.555205,-31.86059],[151.55514,-31.860582],[151.555076,-31.860583],[151.555014,-31.86059],[151.554951,-31.860612],[151.554891,-31.860648],[151.554833,-31.86069],[151.554774,-31.860735],[151.554714,-31.860775],[151.554623,-31.860829],[151.554531,-31.860883],[151.554253,-31.86104],[151.55418,-31.861084],[151.554108,-31.861128],[151.554035,-31.861172],[151.553961,-31.861213],[151.553884,-31.861248],[151.553766,-31.861291],[151.553642,-31.861327],[151.553515,-31.861353],[151.553388,-31.861369],[151.553262,-31.861375],[151.553147,-31.861371],[151.553031,-31.861359],[151.552916,-31.861339],[151.552803,-31.86131],[151.552697,-31.861271],[151.552597,-31.861222],[151.552501,-31.861162],[151.552409,-31.861095],[151.55232,-31.861022],[151.552235,-31.860948],[151.552179,-31.860896],[151.552124,-31.860843],[151.55207,-31.860787],[151.552019,-31.86073],[151.55197,-31.860671],[151.551903,-31.860565],[151.551848,-31.860447],[151.551796,-31.860328],[151.551736,-31.860218],[151.551658,-31.860129],[151.5516,-31.860086],[151.551538,-31.860048],[151.551472,-31.860014],[151.551404,-31.859984],[151.551336,-31.859956],[151.551263,-31.859936],[151.551109,-31.859914],[151.551038,-31.859896],[151.550978,-31.859864],[151.550935,-31.859824],[151.550893,-31.859776],[151.550857,-31.859723],[151.550834,-31.85967],[151.550828,-31.859622],[151.550833,-31.859598],[151.55084,-31.859574],[151.55085,-31.85955],[151.550861,-31.859528],[151.550874,-31.859506],[151.550912,-31.859468],[151.550962,-31.859438],[151.551021,-31.859413],[151.551082,-31.859391],[151.551201,-31.859345],[151.551264,-31.859325],[151.55139,-31.859287],[151.551451,-31.859264],[151.551559,-31.85921],[151.551664,-31.859143],[151.551766,-31.859074],[151.551872,-31.859011],[151.551981,-31.858964],[151.55206,-31.858944],[151.552141,-31.85893],[151.552304,-31.858909],[151.552385,-31.858895],[151.552576,-31.858845],[151.552764,-31.858782],[151.552951,-31.858715],[151.553139,-31.858657],[151.553331,-31.858618],[151.553502,-31.858606],[151.553675,-31.858608],[151.553849,-31.858616],[151.554023,-31.858622],[151.554196,-31.858618],[151.554381,-31.858606],[151.554473,-31.858597],[151.554565,-31.858586],[151.554657,-31.858572],[151.554782,-31.858549],[151.554907,-31.858521],[151.555031,-31.858487],[151.555151,-31.858447],[151.555268,-31.858399],[151.555353,-31.858359],[151.555436,-31.858314],[151.555518,-31.858266],[151.555596,-31.858213],[151.555672,-31.858157],[151.555724,-31.858115],[151.555824,-31.858025],[151.555871,-31.857977],[151.555914,-31.857927],[151.555977,-31.857835],[151.55603,-31.857734],[151.556075,-31.857627],[151.556113,-31.857517],[151.556144,-31.857408],[151.556157,-31.85736],[151.556168,-31.857312],[151.556178,-31.857263],[151.556185,-31.857214],[151.55619,-31.857165],[151.556189,-31.857079],[151.556177,-31.856991],[151.556159,-31.856903],[151.556143,-31.856815],[151.556123,-31.856627],[151.556119,-31.856576],[151.556121,-31.856529],[151.556133,-31.856485],[151.556148,-31.856457],[151.556167,-31.856431],[151.556189,-31.856405],[151.556237,-31.856358],[151.556294,-31.856314],[151.556359,-31.856278],[151.556428,-31.856246],[151.556496,-31.856213],[151.556559,-31.856174],[151.55662,-31.856129],[151.55668,-31.856082],[151.556738,-31.856031],[151.55679,-31.855978],[151.556836,-31.85592],[151.556873,-31.855867],[151.556911,-31.855809],[151.556944,-31.85575],[151.556963,-31.855693],[151.556963,-31.855643],[151.556953,-31.855616],[151.556939,-31.855589],[151.556922,-31.855563],[151.556903,-31.855539],[151.556882,-31.855516],[151.556813,-31.855475],[151.556719,-31.855457],[151.556612,-31.855449],[151.556505,-31.855439],[151.55641,-31.855413],[151.556358,-31.855388],[151.556307,-31.855361],[151.556258,-31.855331],[151.556211,-31.855298],[151.556167,-31.855263],[151.556119,-31.855215],[151.556072,-31.855163],[151.55603,-31.855106],[151.555996,-31.855047],[151.555972,-31.854986],[151.555959,-31.854927],[151.555955,-31.854865],[151.555958,-31.854801],[151.555964,-31.854737],[151.555972,-31.854674],[151.555989,-31.854577],[151.556015,-31.85448],[151.556048,-31.854384],[151.556088,-31.854291],[151.556133,-31.854202],[151.556178,-31.854129],[151.55623,-31.854061],[151.556285,-31.853994],[151.556338,-31.853927],[151.556387,-31.853856],[151.556448,-31.853752],[151.556477,-31.853699],[151.556503,-31.853646],[151.556525,-31.85359],[151.556543,-31.853534],[151.556559,-31.853477],[151.556572,-31.853419],[151.55658,-31.85336],[151.556583,-31.853302],[151.55658,-31.853248],[151.556572,-31.853193],[151.556561,-31.853139],[151.556545,-31.853087],[151.556525,-31.853037],[151.556488,-31.852975],[151.556439,-31.852918],[151.556384,-31.852865],[151.556327,-31.852813],[151.55619,-31.852682],[151.556106,-31.852607],[151.556021,-31.852533],[151.555937,-31.852458],[151.555856,-31.85238],[151.55562,-31.852145],[151.555506,-31.852023],[151.555406,-31.851894],[151.555325,-31.851757],[151.555294,-31.851692],[151.555263,-31.851625],[151.555236,-31.851558],[151.555217,-31.85149],[151.55521,-31.851422],[151.555216,-31.851359],[151.555231,-31.851294],[151.555254,-31.85123],[151.555282,-31.851169],[151.555314,-31.851111],[151.555369,-31.851044],[151.55544,-31.850987],[151.555517,-31.850933],[151.555589,-31.850877],[151.555648,-31.850811],[151.555685,-31.850742],[151.555711,-31.850666],[151.555735,-31.850587],[151.555761,-31.850511],[151.555798,-31.850442],[151.555828,-31.8504],[151.55586,-31.850358],[151.555894,-31.850318],[151.555931,-31.850284],[151.555971,-31.850258],[151.556013,-31.850242],[151.556059,-31.850234],[151.556107,-31.85023],[151.556155,-31.850228],[151.55626,-31.850218],[151.556379,-31.850212],[151.556436,-31.850204],[151.55649,-31.850188],[151.556553,-31.850159],[151.556617,-31.850121],[151.556676,-31.850075],[151.556724,-31.850024],[151.556756,-31.849969],[151.556767,-31.849924],[151.556772,-31.849876],[151.55677,-31.849826],[151.556764,-31.849775],[151.556756,-31.849727],[151.556737,-31.849663],[151.556711,-31.849598],[151.556677,-31.849536],[151.556638,-31.849479],[151.556594,-31.849427],[151.556519,-31.849369],[151.556427,-31.849326],[151.556326,-31.849293],[151.556221,-31.849263],[151.556121,-31.849231],[151.555994,-31.849187],[151.555865,-31.849147],[151.555735,-31.849108],[151.555476,-31.849035],[151.555214,-31.848958],[151.555083,-31.84892],[151.554951,-31.848888],[151.554818,-31.848862],[151.554686,-31.848845],[151.554552,-31.848835],[151.554418,-31.848829],[151.554283,-31.848827],[151.554149,-31.848828],[151.554024,-31.848835],[151.5539,-31.848848],[151.553775,-31.848863],[151.55365,-31.848874],[151.553526,-31.848874],[151.553379,-31.848864],[151.553229,-31.848848],[151.553081,-31.848822],[151.55294,-31.848782],[151.552812,-31.848724],[151.552748,-31.848686],[151.552685,-31.848644],[151.552625,-31.848598],[151.55257,-31.848548],[151.552523,-31.848493],[151.552496,-31.848457],[151.55247,-31.848418],[151.552446,-31.848379],[151.552428,-31.848338],[151.552419,-31.848297],[151.55242,-31.848259],[151.552428,-31.848221],[151.55244,-31.848182],[151.552455,-31.848144],[151.552471,-31.848107],[151.552505,-31.848051],[151.552549,-31.848],[151.552597,-31.84795],[151.552639,-31.847898],[151.552668,-31.847842],[151.552678,-31.847802],[151.552684,-31.847761],[151.552687,-31.847718],[151.552691,-31.847634],[151.552694,-31.847598],[151.552698,-31.847562],[151.552701,-31.847525],[151.5527,-31.847491],[151.552691,-31.847461],[151.552676,-31.847439],[151.552657,-31.847418],[151.552634,-31.8474],[151.552611,-31.847383],[151.552587,-31.847369],[151.552545,-31.84735],[151.552499,-31.847338],[151.55245,-31.847331],[151.552402,-31.847329],[151.552356,-31.847334],[151.552317,-31.847344],[151.552279,-31.84736],[151.552242,-31.84738],[151.552206,-31.847403],[151.552171,-31.847426],[151.552127,-31.847465],[151.552087,-31.84751],[151.552049,-31.847559],[151.552013,-31.847609],[151.551976,-31.847657],[151.551817,-31.847875],[151.551528,-31.848337],[151.551372,-31.848553],[151.551191,-31.848741],[151.551096,-31.848818],[151.550996,-31.848889],[151.550893,-31.848957],[151.550789,-31.849023],[151.550561,-31.849163],[151.550436,-31.849238],[151.55031,-31.84931],[151.550181,-31.849376],[151.55005,-31.849433],[151.549944,-31.849466],[151.549834,-31.849489],[151.549724,-31.849511],[151.549618,-31.84954],[151.549519,-31.849583],[151.549446,-31.84963],[151.549375,-31.849684],[151.549308,-31.849743],[151.549244,-31.849806],[151.549185,-31.849871],[151.54913,-31.849949],[151.549084,-31.850035],[151.54904,-31.850123],[151.548991,-31.850205],[151.548931,-31.850275],[151.548874,-31.850323],[151.548812,-31.850369],[151.548746,-31.850408],[151.548677,-31.850439],[151.548608,-31.850459],[151.548512,-31.850464],[151.548409,-31.850448],[151.548304,-31.850415],[151.548204,-31.850371],[151.548112,-31.850321],[151.548017,-31.850241],[151.547937,-31.850139],[151.54779,-31.849908],[151.547709,-31.849802],[151.547599,-31.849693],[151.547481,-31.84959],[151.547361,-31.84949],[151.547247,-31.849385],[151.547144,-31.849272],[151.547096,-31.84921],[151.54705,-31.849147],[151.547005,-31.849082],[151.546964,-31.849016],[151.546924,-31.848949],[151.546891,-31.848875],[151.546837,-31.848719],[151.546805,-31.848645],[151.546763,-31.84858],[151.546692,-31.848508],[151.546607,-31.848444],[151.546512,-31.84839],[151.546413,-31.848346],[151.546313,-31.848314],[151.54622,-31.848298],[151.546123,-31.848293],[151.546025,-31.848296],[151.545926,-31.848305],[151.545829,-31.848314],[151.545753,-31.848326],[151.545677,-31.848342],[151.545601,-31.848359],[151.545525,-31.848374],[151.545448,-31.848384],[151.545365,-31.848382],[151.54528,-31.848371],[151.545196,-31.848358],[151.545113,-31.848352],[151.545033,-31.848361],[151.544985,-31.848372],[151.544934,-31.848385],[151.544885,-31.848402],[151.544844,-31.848424],[151.544814,-31.848453],[151.544804,-31.84847],[151.544796,-31.848488],[151.544789,-31.848507],[151.544784,-31.848526],[151.54478,-31.848545],[151.544781,-31.848589],[151.544794,-31.848635],[151.544815,-31.848683],[151.544839,-31.84873],[151.54486,-31.848776],[151.544942,-31.848911],[151.545054,-31.849044],[151.545166,-31.849172],[151.545246,-31.849291],[151.545264,-31.849399],[151.545255,-31.849433],[151.545244,-31.849467],[151.545231,-31.8495],[151.545214,-31.849532],[151.545195,-31.84956],[151.545148,-31.849599],[151.545087,-31.849626],[151.545016,-31.849646],[151.544872,-31.849675],[151.544804,-31.849687],[151.544735,-31.849695],[151.544595,-31.849704],[151.544526,-31.84971],[151.544463,-31.849719],[151.5444,-31.849732],[151.544337,-31.849743],[151.544275,-31.849748],[151.544214,-31.849744],[151.544131,-31.849717],[151.544051,-31.849669],[151.543974,-31.849607],[151.543897,-31.849542],[151.543822,-31.849479],[151.543691,-31.849377],[151.543559,-31.84927],[151.543434,-31.849157],[151.543323,-31.849035],[151.543234,-31.848903],[151.543218,-31.848868],[151.543188,-31.848798],[151.543172,-31.848763],[151.543153,-31.84873],[151.543129,-31.848699],[151.54307,-31.848642],[151.543045,-31.848612],[151.543027,-31.84858],[151.543022,-31.848526],[151.543036,-31.848465],[151.543088,-31.848333],[151.543107,-31.848268],[151.543118,-31.848222],[151.543131,-31.848175],[151.543141,-31.848128],[151.543146,-31.848082],[151.543142,-31.848038],[151.543111,-31.847978],[151.543052,-31.847923],[151.542977,-31.847873],[151.542896,-31.847827],[151.542764,-31.847754],[151.542707,-31.847727],[151.542649,-31.847702],[151.54259,-31.847679],[151.542531,-31.847657],[151.54245,-31.847638],[151.54228,-31.847618],[151.542203,-31.8476],[151.542139,-31.847565],[151.542103,-31.847524],[151.542075,-31.847473],[151.54205,-31.847419],[151.542023,-31.847367],[151.541989,-31.847323],[151.541923,-31.847274],[151.541845,-31.847238],[151.541759,-31.84721],[151.541585,-31.847161],[151.541522,-31.847142],[151.541457,-31.847124],[151.541393,-31.847107],[151.541328,-31.847092],[151.541262,-31.847081],[151.541185,-31.847072],[151.541106,-31.847068],[151.540948,-31.847064],[151.54087,-31.847057],[151.540773,-31.847043],[151.540676,-31.847025],[151.540483,-31.846983],[151.540386,-31.846965],[151.540307,-31.846954],[151.540149,-31.846937],[151.540071,-31.846925],[151.539994,-31.846908],[151.539897,-31.846873],[151.539803,-31.846829],[151.539616,-31.846731],[151.539521,-31.846688],[151.539401,-31.846645],[151.53928,-31.846605],[151.539157,-31.846568],[151.539034,-31.846535],[151.53891,-31.846504],[151.538741,-31.846469],[151.53857,-31.846442],[151.538398,-31.846419],[151.538227,-31.846395],[151.538057,-31.846366],[151.537778,-31.846308],[151.537639,-31.846277],[151.537501,-31.846243],[151.537365,-31.846204],[151.53729,-31.846181],[151.537216,-31.846157],[151.537141,-31.846133],[151.537068,-31.846106],[151.536996,-31.846077],[151.536827,-31.845989],[151.536667,-31.845879],[151.536509,-31.845763],[151.536347,-31.845659],[151.536177,-31.845581],[151.536081,-31.845551],[151.536015,-31.845535],[151.535925,-31.84552],[151.535832,-31.845512],[151.535739,-31.845511],[151.535646,-31.845515],[151.535554,-31.845524],[151.535463,-31.84554],[151.535373,-31.845565],[151.535194,-31.845624],[151.535104,-31.845651],[151.534835,-31.845724],[151.534745,-31.845746],[151.534655,-31.845766],[151.534612,-31.845772],[151.534528,-31.845781],[151.534486,-31.845788],[151.534447,-31.845801],[151.534412,-31.845816],[151.534376,-31.845834],[151.534343,-31.845854],[151.534312,-31.845878],[151.534286,-31.845904],[151.534262,-31.845944],[151.534247,-31.845991],[151.534237,-31.846041],[151.534224,-31.84609],[151.534205,-31.846135],[151.53418,-31.846173],[151.534152,-31.846209],[151.534121,-31.846244],[151.534088,-31.846277],[151.534055,-31.846308],[151.533886,-31.846379],[151.533738,-31.846385],[151.533683,-31.846378],[151.533627,-31.846375],[151.533572,-31.846374],[151.533516,-31.846377],[151.533461,-31.846383],[151.533395,-31.846395],[151.533329,-31.846412],[151.533264,-31.846433],[151.5332,-31.846459],[151.533138,-31.846487],[151.533068,-31.846529],[151.533003,-31.846581],[151.532939,-31.846635],[151.532874,-31.846687],[151.532804,-31.846729],[151.532733,-31.846753],[151.532658,-31.846769],[151.532582,-31.846782],[151.53251,-31.846801],[151.532446,-31.846833],[151.53243,-31.846846],[151.532399,-31.846876],[151.532383,-31.84689],[151.532365,-31.846902],[151.532314,-31.84691],[151.532251,-31.846895],[151.532182,-31.846869],[151.53211,-31.846844],[151.532042,-31.846833],[151.531982,-31.846833],[151.531952,-31.846835],[151.531922,-31.846839],[151.531893,-31.846844],[151.531801,-31.846903],[151.531714,-31.847012],[151.531633,-31.847133],[151.531561,-31.847228],[151.531501,-31.847259],[151.531478,-31.847253],[151.531456,-31.847246],[151.531434,-31.847237],[151.531414,-31.847226],[151.531397,-31.847213],[151.531381,-31.847195],[151.531368,-31.847173],[151.531357,-31.847148],[151.531339,-31.847098],[151.531332,-31.847039],[151.531339,-31.846974],[151.53135,-31.846909],[151.531353,-31.846848],[151.531339,-31.846798],[151.531314,-31.846765],[151.531282,-31.846733],[151.531245,-31.846706],[151.531205,-31.846685],[151.531166,-31.846671],[151.531141,-31.846667],[151.531116,-31.846664],[151.53109,-31.846664],[151.531064,-31.846667],[151.531039,-31.846671],[151.531012,-31.846679],[151.530985,-31.846691],[151.530958,-31.846705],[151.530934,-31.846722],[151.530912,-31.84674],[151.530889,-31.846768],[151.530868,-31.846802],[151.530852,-31.846838],[151.530839,-31.846876],[151.530832,-31.846913],[151.53083,-31.846941],[151.530831,-31.846968],[151.530834,-31.846996],[151.530843,-31.847052],[151.530863,-31.847112],[151.530895,-31.847171],[151.530929,-31.847229],[151.530954,-31.847286],[151.530958,-31.84734],[151.530948,-31.847376],[151.530931,-31.847411],[151.53091,-31.847445],[151.530888,-31.847479],[151.530866,-31.847513],[151.530844,-31.847545],[151.530795,-31.847608],[151.530775,-31.84764],[151.530763,-31.847674],[151.530758,-31.847706],[151.530759,-31.847738],[151.530762,-31.847771],[151.530774,-31.847836],[151.530786,-31.847876],[151.530802,-31.847915],[151.530839,-31.847993],[151.530855,-31.848032],[151.530885,-31.84811],[151.530899,-31.848149],[151.530909,-31.848189],[151.530912,-31.848228],[151.530911,-31.848259],[151.530906,-31.848289],[151.530899,-31.84832],[151.53089,-31.84835],[151.530878,-31.848378],[151.530839,-31.848429],[151.53078,-31.848471],[151.53071,-31.848507],[151.530636,-31.84854],[151.530566,-31.848574],[151.530449,-31.848643],[151.530389,-31.848676],[151.530328,-31.8487],[151.530267,-31.848712],[151.530215,-31.848712],[151.530162,-31.848706],[151.530109,-31.848695],[151.530059,-31.848677],[151.530013,-31.848655],[151.529966,-31.848617],[151.529925,-31.848569],[151.529888,-31.848514],[151.529853,-31.848456],[151.529792,-31.848362],[151.529768,-31.848321],[151.529744,-31.84828],[151.529719,-31.848241],[151.52969,-31.848205],[151.529656,-31.84817],[151.529618,-31.848137],[151.529579,-31.848106],[151.529537,-31.848079],[151.529494,-31.848055],[151.529432,-31.84803],[151.529366,-31.848014],[151.529298,-31.848003],[151.52916,-31.847986],[151.529095,-31.847979],[151.528901,-31.847969],[151.528803,-31.84796],[151.528769,-31.847959],[151.528735,-31.847957],[151.528703,-31.847951],[151.528675,-31.84794],[151.528649,-31.847918],[151.528628,-31.84789],[151.528554,-31.847758],[151.528522,-31.847692],[151.528503,-31.847662],[151.528479,-31.84764],[151.528441,-31.847625],[151.528393,-31.847622],[151.528341,-31.847626],[151.528288,-31.847634],[151.528153,-31.847649],[151.528069,-31.847664],[151.527985,-31.847683],[151.527903,-31.847706],[151.527822,-31.847732],[151.527734,-31.847769],[151.527649,-31.847812],[151.527481,-31.847908],[151.527395,-31.847951],[151.527337,-31.847976],[151.527218,-31.848022],[151.527161,-31.848047],[151.527107,-31.848078],[151.52704,-31.848132],[151.52698,-31.848196],[151.526867,-31.848336],[151.526807,-31.848401],[151.526605,-31.848568],[151.526383,-31.848715],[151.526153,-31.848852],[151.525925,-31.848993],[151.525711,-31.849151],[151.525653,-31.8492],[151.525423,-31.849404],[151.525328,-31.849482],[151.525297,-31.849509],[151.525268,-31.849537],[151.525228,-31.849581],[151.525193,-31.849628],[151.525158,-31.849676],[151.525122,-31.849724],[151.525083,-31.849768],[151.525007,-31.849834],[151.524922,-31.849892],[151.524743,-31.849999],[151.524656,-31.850056],[151.524572,-31.850117],[151.524324,-31.850305],[151.524063,-31.8505],[151.524003,-31.850544],[151.523941,-31.850586],[151.523779,-31.850693],[151.523612,-31.850795],[151.523442,-31.85089],[151.523267,-31.850975],[151.523088,-31.851048],[151.522815,-31.851133],[151.522528,-31.851196],[151.522236,-31.851234],[151.521943,-31.851247],[151.521658,-31.851232],[151.521537,-31.851219],[151.521477,-31.851211],[151.521417,-31.8512],[151.521358,-31.851186],[151.521302,-31.851167],[151.521246,-31.851145],[151.521038,-31.851051],[151.520952,-31.851008],[151.520908,-31.85099],[151.520863,-31.850978],[151.520815,-31.850971],[151.520765,-31.850967],[151.520716,-31.850967],[151.52067,-31.850974],[151.520632,-31.85099],[151.52061,-31.851008],[151.520591,-31.85103],[151.52054,-31.851105],[151.520502,-31.851156],[151.52043,-31.851259],[151.520394,-31.85131],[151.520355,-31.851359],[151.520304,-31.85142],[151.52025,-31.851479],[151.520194,-31.851537],[151.520137,-31.851593],[151.520078,-31.851647],[151.51997,-31.851739],[151.519856,-31.851826],[151.519737,-31.851907],[151.519615,-31.851982],[151.51949,-31.852051],[151.519347,-31.852121],[151.519199,-31.852183],[151.519048,-31.852238],[151.518895,-31.852286],[151.518741,-31.852328],[151.518604,-31.852358],[151.518466,-31.852381],[151.518327,-31.8524],[151.518049,-31.852432],[151.51783,-31.852449],[151.517611,-31.852456],[151.517391,-31.852461],[151.517171,-31.85247],[151.516953,-31.852489],[151.516828,-31.852503],[151.516765,-31.852511],[151.516703,-31.852522],[151.516642,-31.852535],[151.516542,-31.85257],[151.516445,-31.852616],[151.516255,-31.85272],[151.516157,-31.852766],[151.516103,-31.852786],[151.515991,-31.85282],[151.515939,-31.852841],[151.515892,-31.85287],[151.515861,-31.852895],[151.515829,-31.852924],[151.5158,-31.852954],[151.515778,-31.852986],[151.515765,-31.85302],[151.515764,-31.853048],[151.51577,-31.853078],[151.515779,-31.853109],[151.51579,-31.85314],[151.515814,-31.853214],[151.515866,-31.853345],[151.51589,-31.853417],[151.515901,-31.853445],[151.515911,-31.853474],[151.515917,-31.853501],[151.515915,-31.853527],[151.515896,-31.853555],[151.51586,-31.853578],[151.515813,-31.853599],[151.515763,-31.85362],[151.515719,-31.853642],[151.515663,-31.85368],[151.515607,-31.853719],[151.515442,-31.853838],[151.515362,-31.853898],[151.515202,-31.854021],[151.515121,-31.854081],[151.515039,-31.854138],[151.514995,-31.854166],[151.514906,-31.854219],[151.514862,-31.854247],[151.51482,-31.854277],[151.514727,-31.854358],[151.514643,-31.854451],[151.514564,-31.854551],[151.514485,-31.854652],[151.514405,-31.854749],[151.514327,-31.854828],[151.514243,-31.854905],[151.514162,-31.854982],[151.514094,-31.855064],[151.514047,-31.855153],[151.51403,-31.855211],[151.514018,-31.855271],[151.51401,-31.855332],[151.514009,-31.855393],[151.514013,-31.855453],[151.514025,-31.855498],[151.514067,-31.855589],[151.514081,-31.855632],[151.514082,-31.855672],[151.514069,-31.855705],[151.51405,-31.855738],[151.514024,-31.855769],[151.513996,-31.855797],[151.513966,-31.855822],[151.513901,-31.855854],[151.51382,-31.855867],[151.513731,-31.855869],[151.513639,-31.855867],[151.51347,-31.855869],[151.513304,-31.855861],[151.513224,-31.855864],[151.513148,-31.85588],[151.513064,-31.855919],[151.512987,-31.855975],[151.512912,-31.856042],[151.51284,-31.856112],[151.512767,-31.856179],[151.51274,-31.856201],[151.512711,-31.856223],[151.512683,-31.856244],[151.512659,-31.856268],[151.51264,-31.856295],[151.51263,-31.856333],[151.512631,-31.856377],[151.512637,-31.856423],[151.512642,-31.856469],[151.51264,-31.856514],[151.512635,-31.85654],[151.512629,-31.856565],[151.512606,-31.856641],[151.512557,-31.856753],[151.512493,-31.856861],[151.512421,-31.856966],[151.512352,-31.857072],[151.512294,-31.857183],[151.512231,-31.857328],[151.512203,-31.857402],[151.512181,-31.857476],[151.512168,-31.857552],[151.512161,-31.857622],[151.51216,-31.857657],[151.512161,-31.857692],[151.512168,-31.857725],[151.512184,-31.857764],[151.512209,-31.857801],[151.512268,-31.857872],[151.512294,-31.857909],[151.512327,-31.857967],[151.512357,-31.858026],[151.512385,-31.858086],[151.51241,-31.858147],[151.512433,-31.858209],[151.512459,-31.858307],[151.512475,-31.858408],[151.512498,-31.858615],[151.512513,-31.858717],[151.512525,-31.858782],[151.512535,-31.858848],[151.512546,-31.858914],[151.512561,-31.858978],[151.512583,-31.859039],[151.512621,-31.85911],[151.51267,-31.859176],[151.512725,-31.859241],[151.512778,-31.859306],[151.512825,-31.859374],[151.512861,-31.859441],[151.512892,-31.859511],[151.512922,-31.859581],[151.512953,-31.859652],[151.512987,-31.85972],[151.513026,-31.859788],[151.513069,-31.859854],[151.513113,-31.85992],[151.513155,-31.859986],[151.513194,-31.860054],[151.513225,-31.860117],[151.513255,-31.860181],[151.513283,-31.860246],[151.513309,-31.860311],[151.513332,-31.860377],[151.513358,-31.860455],[151.51337,-31.860494],[151.513381,-31.860534],[151.51339,-31.860573],[151.513399,-31.860619],[151.513406,-31.860665],[151.513412,-31.860712],[151.513415,-31.860758],[151.513413,-31.860804],[151.513404,-31.860848],[151.513388,-31.860893],[151.513371,-31.860937],[151.513358,-31.86098],[151.513356,-31.861023],[151.513361,-31.861054],[151.51337,-31.861085],[151.513383,-31.861116],[151.513397,-31.861145],[151.513413,-31.861173],[151.513429,-31.861195],[151.513447,-31.861216],[151.513487,-31.861256],[151.51352,-31.861292],[151.513552,-31.861323],[151.513566,-31.86134],[151.513574,-31.861357],[151.513577,-31.861384],[151.51357,-31.861415],[151.513558,-31.861446],[151.513528,-31.861507],[151.513516,-31.861529],[151.513472,-31.86159],[151.513459,-31.861611],[151.513422,-31.861683],[151.513407,-31.86172],[151.513395,-31.861758],[151.51339,-31.861796],[151.513392,-31.861828],[151.513398,-31.86186],[151.513416,-31.861925],[151.513425,-31.861957],[151.513442,-31.862059],[151.513456,-31.862165],[151.513472,-31.862268],[151.513498,-31.862366],[151.51354,-31.862453],[151.513571,-31.862496],[151.513607,-31.862537],[151.513645,-31.862575],[151.513725,-31.862649],[151.513799,-31.862713],[151.513879,-31.862772],[151.513962,-31.862828],[151.514128,-31.862937],[151.514171,-31.862964],[151.514258,-31.863015],[151.514299,-31.863043],[151.514336,-31.863076],[151.514379,-31.863123],[151.5144,-31.863148],[151.514416,-31.863175],[151.514428,-31.863203],[151.514433,-31.863235],[151.514432,-31.863269],[151.514427,-31.863305],[151.514421,-31.86334],[151.514405,-31.863454],[151.514389,-31.863533],[151.514374,-31.863612],[151.514369,-31.863687],[151.514382,-31.863756],[151.514397,-31.863791],[151.514416,-31.863825],[151.514437,-31.863857],[151.514461,-31.863888],[151.514486,-31.863918],[151.514523,-31.863956],[151.514566,-31.86399],[151.514611,-31.864021],[151.514658,-31.864051],[151.514705,-31.864079],[151.514742,-31.864098],[151.51482,-31.86413],[151.514857,-31.864148],[151.514889,-31.864171],[151.514912,-31.864193],[151.514933,-31.864217],[151.514953,-31.864243],[151.514969,-31.86427],[151.514982,-31.864298],[151.514988,-31.864334],[151.514988,-31.864373],[151.514983,-31.864414],[151.514976,-31.864454],[151.514965,-31.864527],[151.514954,-31.864591],[151.514949,-31.864623],[151.514947,-31.864656],[151.514947,-31.864686],[151.514949,-31.864716],[151.514959,-31.864806],[151.514964,-31.864896],[151.514966,-31.864926],[151.514981,-31.865032],[151.514989,-31.865071],[151.515,-31.865107],[151.515016,-31.86514],[151.515037,-31.86517],[151.515063,-31.865198],[151.515092,-31.865224],[151.515123,-31.865247],[151.515154,-31.865267],[151.515185,-31.865283],[151.515216,-31.865296],[151.515249,-31.865307],[151.515283,-31.865316],[151.515316,-31.865325],[151.515364,-31.865333],[151.515412,-31.865337],[151.51551,-31.865341],[151.515642,-31.86536],[151.515683,-31.865368],[151.515715,-31.865378],[151.515731,-31.865394],[151.515734,-31.865415],[151.51573,-31.86544],[151.515722,-31.865466],[151.51571,-31.865489],[151.515697,-31.865509],[151.515671,-31.865525],[151.515635,-31.865532],[151.515551,-31.865537],[151.515512,-31.865544],[151.515472,-31.865556],[151.515432,-31.865571],[151.515392,-31.865587],[151.515354,-31.865605],[151.515316,-31.865624],[151.515248,-31.865661],[151.515215,-31.865681],[151.515183,-31.865704],[151.515154,-31.865728],[151.515112,-31.865777],[151.515077,-31.865835],[151.515047,-31.865898],[151.515023,-31.865963],[151.515005,-31.866028],[151.514997,-31.866071],[151.514993,-31.866115],[151.514988,-31.866204],[151.514982,-31.866247],[151.514959,-31.866351],[151.514928,-31.866458],[151.514888,-31.866561],[151.514837,-31.866654],[151.514774,-31.866732],[151.514741,-31.866763],[151.514706,-31.866794],[151.514668,-31.866821],[151.51463,-31.866844],[151.51459,-31.866858],[151.514538,-31.866861],[151.514483,-31.866849],[151.514426,-31.866829],[151.514369,-31.866807],[151.514256,-31.86677],[151.514196,-31.866745],[151.514137,-31.866723],[151.514086,-31.866712],[151.514047,-31.86672],[151.514027,-31.86674],[151.51401,-31.866767],[151.513982,-31.866829],[151.513967,-31.866858],[151.51394,-31.866898],[151.513856,-31.867015],[151.513829,-31.867054],[151.513686,-31.867328],[151.513575,-31.867631],[151.513469,-31.867932],[151.513339,-31.868204],[151.51316,-31.868415],[151.513076,-31.868484],[151.513033,-31.868516],[151.512988,-31.868544],[151.51294,-31.868565],[151.512882,-31.868579],[151.51282,-31.868584],[151.512756,-31.868583],[151.512629,-31.868577],[151.512548,-31.868571],[151.512468,-31.868562],[151.512306,-31.868539],[151.512225,-31.868531],[151.512101,-31.868521],[151.512038,-31.868517],[151.511976,-31.868516],[151.511914,-31.868519],[151.511765,-31.868553],[151.511619,-31.868619],[151.511474,-31.868698],[151.511327,-31.868771],[151.511176,-31.868819],[151.511072,-31.868829],[151.510965,-31.868828],[151.510857,-31.868824],[151.510754,-31.86883],[151.510657,-31.868853],[151.510609,-31.868876],[151.510562,-31.868903],[151.510517,-31.868932],[151.510427,-31.868992],[151.510319,-31.869057],[151.510285,-31.869081],[151.510253,-31.869107],[151.510222,-31.86914],[151.510193,-31.869176],[151.510166,-31.869214],[151.510115,-31.869292],[151.51008,-31.869355],[151.51002,-31.869489],[151.509986,-31.869551],[151.509942,-31.869603],[151.509893,-31.869642],[151.509837,-31.869675],[151.509777,-31.869703],[151.509716,-31.869725],[151.509654,-31.869741],[151.50956,-31.869748],[151.509461,-31.869732],[151.50936,-31.869707],[151.509258,-31.869683],[151.509158,-31.869672],[151.508994,-31.869665],[151.508912,-31.869666],[151.508838,-31.869678],[151.508777,-31.869707],[151.50875,-31.869731],[151.508725,-31.86976],[151.508702,-31.869791],[151.508681,-31.869824],[151.508662,-31.869857],[151.508634,-31.869918],[151.508615,-31.869984],[151.5086,-31.870053],[151.508586,-31.870123],[151.50855,-31.870276],[151.508532,-31.870361],[151.508512,-31.870446],[151.508488,-31.870529],[151.508454,-31.870606],[151.508396,-31.870697],[151.508323,-31.870779],[151.508241,-31.870858],[151.508156,-31.870934],[151.508074,-31.87101],[151.507978,-31.871101],[151.507878,-31.871188],[151.507678,-31.871361],[151.507348,-31.871651],[151.507233,-31.871754],[151.507121,-31.871859],[151.507013,-31.871967],[151.50695,-31.872037],[151.506828,-31.872183],[151.506766,-31.872255],[151.506702,-31.872325],[151.506597,-31.87243],[151.506487,-31.872532],[151.506374,-31.872631],[151.506258,-31.872723],[151.506137,-31.872809],[151.506046,-31.872875],[151.505952,-31.872946],[151.505856,-31.87301],[151.505763,-31.873053],[151.505676,-31.873063],[151.505618,-31.873047],[151.505563,-31.873019],[151.505508,-31.872983],[151.505454,-31.872946],[151.50536,-31.872889],[151.505321,-31.872864],[151.505283,-31.872839],[151.505243,-31.872819],[151.505203,-31.872809],[151.505154,-31.872812],[151.505103,-31.872828],[151.505051,-31.872852],[151.505,-31.872878],[151.504949,-31.872901],[151.504856,-31.872938],[151.504762,-31.872975],[151.50467,-31.873014],[151.504561,-31.873063],[151.504515,-31.87308],[151.50447,-31.873098],[151.504426,-31.873118],[151.504382,-31.873139],[151.504339,-31.873161],[151.504304,-31.873181],[151.504269,-31.873201],[151.504166,-31.873266],[151.504053,-31.873339],[151.503955,-31.873398],[151.503905,-31.873427],[151.503854,-31.873453],[151.503803,-31.873476],[151.503783,-31.873483],[151.503725,-31.873501],[151.503706,-31.873508],[151.503679,-31.87352],[151.503653,-31.873533],[151.503576,-31.873577],[151.503471,-31.873633],[151.503437,-31.873653],[151.503383,-31.873686],[151.503325,-31.873725],[151.503279,-31.873758],[151.50324,-31.87379],[151.503232,-31.873798],[151.503206,-31.873827],[151.503183,-31.873858],[151.50316,-31.873891],[151.503139,-31.873924],[151.50312,-31.873958],[151.503101,-31.873997],[151.503084,-31.874038],[151.503068,-31.87408],[151.50304,-31.874165],[151.50302,-31.874237],[151.503004,-31.87431],[151.502976,-31.874458],[151.502961,-31.874532],[151.502917,-31.874721],[151.502849,-31.875003],[151.502814,-31.875162],[151.502801,-31.875214],[151.502762,-31.875343],[151.502749,-31.875381],[151.502734,-31.875417],[151.502713,-31.87545],[151.502692,-31.875474],[151.502668,-31.875496],[151.502641,-31.875517],[151.502614,-31.875536],[151.502586,-31.875553],[151.502554,-31.875571],[151.502521,-31.875588],[151.502487,-31.875602],[151.502453,-31.875615],[151.502418,-31.875625],[151.50239,-31.875633],[151.502361,-31.875639],[151.502333,-31.875644],[151.502304,-31.875647],[151.502275,-31.875649],[151.502229,-31.875649],[151.502183,-31.875645],[151.502138,-31.875637],[151.502093,-31.875625],[151.502051,-31.875609],[151.502009,-31.875585],[151.501971,-31.875554],[151.501897,-31.875483],[151.50186,-31.87545],[151.501819,-31.875417],[151.501736,-31.875353],[151.501563,-31.875223],[151.501533,-31.875203],[151.501501,-31.875186],[151.501461,-31.875173],[151.50142,-31.875164],[151.501335,-31.875153],[151.501293,-31.875147],[151.501206,-31.875131],[151.501128,-31.875119],[151.500631,-31.874902],[151.500622,-31.874902],[151.500493,-31.874846],[151.500311,-31.874844],[151.499969,-31.874921],[151.499742,-31.875013],[151.498891,-31.875536],[151.498491,-31.875676],[151.497762,-31.875794],[151.497632,-31.87582],[151.497334,-31.875912],[151.497027,-31.87605],[151.496847,-31.876088],[151.496788,-31.876093],[151.496728,-31.876102],[151.49667,-31.876114],[151.496612,-31.87613],[151.496555,-31.876148],[151.496505,-31.876169],[151.496456,-31.876193],[151.496408,-31.876219],[151.49636,-31.876247],[151.496281,-31.876294],[151.496217,-31.876333],[151.496154,-31.876375],[151.496082,-31.876425],[151.496047,-31.876452],[151.495978,-31.876506],[151.495757,-31.876726],[151.495638,-31.87679],[151.495432,-31.876834],[151.495334,-31.876817],[151.495146,-31.876771],[151.49497,-31.87671],[151.494837,-31.87663],[151.494656,-31.876466],[151.494534,-31.876357],[151.494423,-31.876258],[151.494256,-31.876111],[151.49417,-31.876033],[151.494141,-31.876008],[151.49411,-31.875985],[151.494082,-31.875966],[151.494053,-31.875949],[151.494024,-31.875932],[151.493994,-31.875917],[151.493964,-31.875902],[151.493961,-31.8759],[151.493747,-31.875873],[151.493688,-31.875902],[151.493631,-31.875959],[151.493552,-31.876075],[151.493289,-31.876661],[151.492885,-31.877256],[151.49262,-31.8775],[151.492357,-31.877684],[151.492059,-31.877826],[151.491309,-31.878038],[151.491173,-31.878161],[151.490676,-31.878974],[151.490247,-31.879744],[151.490176,-31.880093],[151.490173,-31.880284],[151.490075,-31.880486],[151.489943,-31.880629],[151.489878,-31.880676],[151.489813,-31.880725],[151.48975,-31.880775],[151.489688,-31.880826],[151.489627,-31.880879],[151.489528,-31.880962],[151.489498,-31.880992],[151.489472,-31.881025],[151.489459,-31.881044],[151.489448,-31.881063],[151.489443,-31.881073],[151.489434,-31.881093],[151.489427,-31.881115],[151.489422,-31.881136],[151.489418,-31.881158],[151.489417,-31.88118],[151.489417,-31.881213],[151.489419,-31.881229],[151.489426,-31.881261],[151.489436,-31.881285],[151.489448,-31.881308],[151.489464,-31.88133],[151.489481,-31.88135],[151.4895,-31.881367],[151.489556,-31.88147],[151.48949,-31.881576],[151.489191,-31.881681],[151.48857,-31.881743],[151.488161,-31.881901],[151.488005,-31.882001],[151.487847,-31.882207],[151.487817,-31.882299],[151.487812,-31.882578],[151.487869,-31.882893],[151.488098,-31.883171],[151.488651,-31.883521],[151.489182,-31.883765],[151.489605,-31.883999],[151.490246,-31.884551],[151.490632,-31.885178],[151.49068,-31.885458],[151.490709,-31.885652],[151.490805,-31.88601],[151.490779,-31.886519],[151.490839,-31.886897],[151.490836,-31.887069],[151.490616,-31.887593],[151.490468,-31.887758],[151.489983,-31.888137],[151.489347,-31.888512],[151.488933,-31.888679],[151.488031,-31.888922],[151.487409,-31.889013],[151.487154,-31.889089],[151.486913,-31.889271],[151.486804,-31.889397],[151.486704,-31.889647],[151.48665,-31.889933],[151.48661,-31.890285],[151.486569,-31.890455],[151.486457,-31.890606],[151.486344,-31.890743],[151.485818,-31.890976],[151.485716,-31.891094],[151.485634,-31.89135],[151.485645,-31.891479],[151.485651,-31.891519],[151.485681,-31.891714],[151.485694,-31.891787],[151.485698,-31.891824],[151.485699,-31.89186],[151.485697,-31.891889],[151.485695,-31.891917],[151.485691,-31.891946],[151.485685,-31.891974],[151.485679,-31.892002],[151.48567,-31.892031],[151.48566,-31.89206],[151.485649,-31.892089],[151.485636,-31.892117],[151.485621,-31.892143],[151.485605,-31.892167],[151.485587,-31.892189],[151.485548,-31.892232],[151.48553,-31.892255],[151.485508,-31.892287],[151.485488,-31.89232],[151.485469,-31.892354],[151.485451,-31.892389],[151.485434,-31.892424],[151.485401,-31.892458],[151.485366,-31.892491],[151.48533,-31.892522],[151.485292,-31.892551],[151.485254,-31.892578],[151.485212,-31.892605],[151.485169,-31.892629],[151.485125,-31.892651],[151.485035,-31.892693],[151.48498,-31.892718],[151.484953,-31.89273],[151.484925,-31.892741],[151.484896,-31.89275],[151.484847,-31.892764],[151.484772,-31.892781],[151.484698,-31.892795],[151.484624,-31.892806],[151.48455,-31.892814],[151.484475,-31.89282],[151.484401,-31.892822],[151.484226,-31.89282],[151.483679,-31.892699],[151.483122,-31.892464],[151.482706,-31.892248],[151.48233,-31.892092],[151.481957,-31.892006],[151.481946,-31.892006],[151.481892,-31.891997],[151.481836,-31.891993],[151.481779,-31.891994],[151.481723,-31.891999],[151.481669,-31.892009],[151.481632,-31.892018],[151.481594,-31.89203],[151.481557,-31.892044],[151.481521,-31.89206],[151.481487,-31.892079],[151.481462,-31.892097],[151.481438,-31.892115],[151.481415,-31.892136],[151.481393,-31.892157],[151.481372,-31.89218],[151.481019,-31.892429],[151.480803,-31.892427],[151.480665,-31.892375],[151.480512,-31.892243],[151.480421,-31.892187],[151.480183,-31.892233],[151.479993,-31.892323],[151.479782,-31.892494],[151.479575,-31.892731],[151.479365,-31.892887],[151.479161,-31.893038],[151.478932,-31.893035],[151.478714,-31.89299],[151.478432,-31.892986],[151.478082,-31.892954],[151.477894,-31.892965],[151.47743,-31.893124],[151.477175,-31.89322],[151.477006,-31.893274],[151.476862,-31.893325],[151.476691,-31.893438],[151.476637,-31.893515],[151.476627,-31.893569],[151.476645,-31.893591],[151.476693,-31.893619],[151.476718,-31.893632],[151.476767,-31.893656],[151.476841,-31.89368],[151.476922,-31.893693],[151.477002,-31.893705],[151.477075,-31.893725],[151.477134,-31.89376],[151.477159,-31.89378],[151.47717,-31.893791],[151.477178,-31.893801],[151.477182,-31.893812],[151.477178,-31.893822],[151.477168,-31.893833],[151.477154,-31.893844],[151.477125,-31.893863],[151.477087,-31.893884],[151.477043,-31.8939],[151.476996,-31.893909],[151.476949,-31.893912],[151.476907,-31.893907],[151.476902,-31.893909],[151.476391,-31.893844],[151.476306,-31.893819],[151.476087,-31.893901],[151.475792,-31.894246],[151.475441,-31.894837],[151.47493,-31.89521],[151.474805,-31.895411],[151.474586,-31.895508],[151.473248,-31.895406],[151.472716,-31.895413],[151.472321,-31.895449],[151.472052,-31.89553],[151.471434,-31.895605],[151.470819,-31.895914],[151.470188,-31.896314],[151.469466,-31.896611],[151.469123,-31.896942],[151.46901,-31.897163],[151.468959,-31.89737],[151.469031,-31.898129],[151.4689,-31.898295],[151.468512,-31.899246],[151.468045,-31.899777],[151.467864,-31.900081],[151.467828,-31.900363],[151.467984,-31.90086],[151.468058,-31.901259],[151.468316,-31.901635],[151.468944,-31.90306],[151.468995,-31.903134],[151.469144,-31.903589],[151.469136,-31.904002],[151.469092,-31.904137],[151.469052,-31.904215],[151.469018,-31.904295],[151.468989,-31.904378],[151.468964,-31.904462],[151.468946,-31.904547],[151.468936,-31.904617],[151.46893,-31.904689],[151.468928,-31.904761],[151.468927,-31.904833],[151.468926,-31.905029],[151.468926,-31.905092],[151.46893,-31.905154],[151.468937,-31.905215],[151.468943,-31.905255],[151.468959,-31.905334],[151.468989,-31.905451],[151.469011,-31.905527],[151.469035,-31.905601],[151.469056,-31.905657],[151.469077,-31.905711],[151.469101,-31.905766],[151.469126,-31.905819],[151.469152,-31.905872],[151.46918,-31.905919],[151.469201,-31.905972],[151.469217,-31.906029],[151.469226,-31.906085],[151.469227,-31.90614],[151.469226,-31.906181],[151.469223,-31.906201],[151.469219,-31.906221],[151.469211,-31.906237],[151.469193,-31.906253],[151.469166,-31.906264],[151.469134,-31.906271],[151.469101,-31.906278],[151.46907,-31.906286],[151.46902,-31.906301],[151.468968,-31.906313],[151.468917,-31.906326],[151.468869,-31.906343],[151.468826,-31.906367],[151.468803,-31.906385],[151.46878,-31.906404],[151.468759,-31.906425],[151.46874,-31.906447],[151.468723,-31.90647],[151.468709,-31.906493],[151.468697,-31.906518],[151.468687,-31.906543],[151.468679,-31.906569],[151.468674,-31.906595],[151.468674,-31.906631],[151.46868,-31.906668],[151.46869,-31.906705],[151.468702,-31.906742],[151.468712,-31.906779],[151.468726,-31.906831],[151.46874,-31.906883],[151.468755,-31.906934],[151.46879,-31.907035],[151.468794,-31.907053],[151.468789,-31.907304],[151.468654,-31.907592],[151.468138,-31.907571],[151.467915,-31.907706],[151.467871,-31.907876],[151.467848,-31.908256],[151.467862,-31.908514],[151.467878,-31.908597],[151.467889,-31.908682],[151.467894,-31.908768],[151.467894,-31.908853],[151.467888,-31.908937],[151.467881,-31.90899],[151.467871,-31.909042],[151.46786,-31.909094],[151.467817,-31.909266],[151.467808,-31.9093],[151.467797,-31.909333],[151.467785,-31.909366],[151.467758,-31.909423],[151.467726,-31.909479],[151.467689,-31.909533],[151.467649,-31.909584],[151.467606,-31.909631],[151.467565,-31.909668],[151.467521,-31.909702],[151.467428,-31.909765],[151.467384,-31.9098],[151.4673,-31.909877],[151.467219,-31.90996],[151.467144,-31.910047],[151.467073,-31.910138],[151.467008,-31.910233],[151.466594,-31.911136],[151.466327,-31.911786],[151.466154,-31.912022],[151.466088,-31.912182],[151.465927,-31.912551],[151.465612,-31.913151],[151.465411,-31.913377],[151.464943,-31.913826],[151.464109,-31.914446],[151.464057,-31.914476],[151.464006,-31.914508],[151.463982,-31.914525],[151.463922,-31.914571],[151.463865,-31.914623],[151.46381,-31.914677],[151.463755,-31.914732],[151.4637,-31.914785],[151.463552,-31.914919],[151.46344,-31.915025],[151.463365,-31.915097],[151.463291,-31.91517],[151.463145,-31.915319],[151.462908,-31.915442],[151.462635,-31.915523],[151.462565,-31.915523],[151.462492,-31.915529],[151.462421,-31.915543],[151.462351,-31.915562],[151.462285,-31.915588],[151.462258,-31.9156],[151.462205,-31.915628],[151.462155,-31.91566],[151.462107,-31.915694],[151.462093,-31.915706],[151.462079,-31.915719],[151.462063,-31.915738],[151.462049,-31.91576],[151.462037,-31.915783],[151.462026,-31.915806],[151.462017,-31.915832],[151.461864,-31.916285],[151.461714,-31.917099],[151.461567,-31.917478],[151.461264,-31.917922],[151.460735,-31.918502],[151.460569,-31.918794],[151.460505,-31.918982],[151.460516,-31.919261],[151.460541,-31.919754],[151.460366,-31.920267],[151.460288,-31.920405],[151.460171,-31.920613],[151.460135,-31.92068],[151.460101,-31.920749],[151.460066,-31.920817],[151.460027,-31.920881],[151.45998,-31.920938],[151.459957,-31.920962],[151.459932,-31.920983],[151.459856,-31.921047],[151.459822,-31.921077],[151.459757,-31.921139],[151.459723,-31.921168],[151.459687,-31.921194],[151.459648,-31.921218],[151.459606,-31.92124],[151.459564,-31.921261],[151.45952,-31.921278],[151.459476,-31.921291],[151.459417,-31.921303],[151.459357,-31.92131],[151.459295,-31.921311],[151.459235,-31.921307],[151.459176,-31.921298],[151.458699,-31.921233],[151.458324,-31.921256],[151.457448,-31.921396],[151.45711,-31.921578],[151.456767,-31.921843],[151.456374,-31.922406],[151.456096,-31.92273],[151.455866,-31.922982],[151.455831,-31.923018],[151.455799,-31.923058],[151.455771,-31.923102],[151.455749,-31.923147],[151.455732,-31.923193],[151.455724,-31.923226],[151.455718,-31.92326],[151.455715,-31.923294],[151.455714,-31.923329],[151.455716,-31.923362],[151.455719,-31.923386],[151.455729,-31.923434],[151.455748,-31.9235],[151.455764,-31.92354],[151.455781,-31.923578],[151.455795,-31.92371],[151.455772,-31.923992],[151.455573,-31.92468],[151.455478,-31.925255],[151.455281,-31.925885],[151.455244,-31.926079],[151.45497,-31.927188],[151.454771,-31.927865],[151.454611,-31.928244],[151.454419,-31.928795],[151.454364,-31.929093],[151.454303,-31.929681],[151.454205,-31.930308],[151.454076,-31.930631],[151.453854,-31.930988],[151.453764,-31.931001],[151.453674,-31.931022],[151.453586,-31.931051],[151.453501,-31.931086],[151.453421,-31.931127],[151.453376,-31.931154],[151.453333,-31.931183],[151.453312,-31.931198],[151.453252,-31.931243],[151.453223,-31.931267],[151.453167,-31.931318],[151.453133,-31.931376],[151.453112,-31.93142],[151.453094,-31.931466],[151.453079,-31.931514],[151.453066,-31.931562],[151.453057,-31.93161],[151.453053,-31.931655],[151.453051,-31.9317],[151.453052,-31.931746],[151.453057,-31.931837],[151.453069,-31.931961],[151.453089,-31.932084],[151.453118,-31.932207],[151.453154,-31.932327],[151.453198,-31.932443],[151.453302,-31.932801],[151.453316,-31.933012],[151.453297,-31.933288],[151.453297,-31.933341],[151.453293,-31.933395],[151.453284,-31.933449],[151.45327,-31.933501],[151.453252,-31.933551],[151.453214,-31.933618],[151.45316,-31.933679],[151.453098,-31.933737],[151.453035,-31.933795],[151.452976,-31.933854],[151.452899,-31.933943],[151.452824,-31.934032],[151.452749,-31.934122],[151.452575,-31.934337],[151.452521,-31.934404],[151.452495,-31.934437],[151.452472,-31.934472],[151.452455,-31.934501],[151.45244,-31.93453],[151.452411,-31.93459],[151.452396,-31.934619],[151.452308,-31.934773],[151.452215,-31.934925],[151.452117,-31.935074],[151.452015,-31.935221],[151.451913,-31.935367],[151.451889,-31.935397],[151.451863,-31.935427],[151.451838,-31.935456],[151.451817,-31.935487],[151.451805,-31.935519],[151.451802,-31.935536],[151.451802,-31.935553],[151.451802,-31.935571],[151.451805,-31.935606],[151.451808,-31.935628],[151.451814,-31.935649],[151.451855,-31.935795],[151.451892,-31.935915],[151.451938,-31.936057],[151.451963,-31.936127],[151.451989,-31.936198],[151.452017,-31.936267],[151.452044,-31.936331],[151.452104,-31.936458],[151.452133,-31.936522],[151.452157,-31.936587],[151.452171,-31.936629],[151.452179,-31.936658],[151.452188,-31.936716],[151.45219,-31.936778],[151.452185,-31.936841],[151.452174,-31.936902],[151.452156,-31.936959],[151.45213,-31.937049],[151.452109,-31.93714],[151.452091,-31.937232],[151.452076,-31.937324],[151.452065,-31.937417],[151.452061,-31.937478],[151.452059,-31.93754],[151.452057,-31.937664],[151.452054,-31.937726],[151.452047,-31.93783],[151.452044,-31.937865],[151.452038,-31.937899],[151.45203,-31.937941],[151.452019,-31.937984],[151.452006,-31.938025],[151.451992,-31.938066],[151.451976,-31.938106],[151.451618,-31.938862],[151.451482,-31.939201],[151.45148,-31.939211],[151.451447,-31.93929],[151.451415,-31.939369],[151.451354,-31.939529],[151.451314,-31.939641],[151.451271,-31.939767],[151.451228,-31.93989],[151.451207,-31.939951],[151.45119,-31.940013],[151.451179,-31.940076],[151.451174,-31.94012],[151.451171,-31.940164],[151.451171,-31.940208],[151.451172,-31.940252],[151.451175,-31.940295],[151.451156,-31.94039],[151.451,-31.940794],[151.450971,-31.940845],[151.450944,-31.940898],[151.450922,-31.940953],[151.450903,-31.941009],[151.450889,-31.941066],[151.450878,-31.941143],[151.450876,-31.941223],[151.45088,-31.941305],[151.4509,-31.941532],[151.450916,-31.941662],[151.450923,-31.941727],[151.450927,-31.941792],[151.450926,-31.941856],[151.450916,-31.941985],[151.450913,-31.942049],[151.450916,-31.942112],[151.450921,-31.942148],[151.450943,-31.942255],[151.450948,-31.942291],[151.450958,-31.942365],[151.450961,-31.942402],[151.450962,-31.942439],[151.450959,-31.942475],[151.450949,-31.942522],[151.450933,-31.942569],[151.450912,-31.942614],[151.450867,-31.942703],[151.450824,-31.942775],[151.450773,-31.942843],[151.450721,-31.94291],[151.450671,-31.942978],[151.450628,-31.94305],[151.450609,-31.943093],[151.450591,-31.943136],[151.450574,-31.94318],[151.450559,-31.943224],[151.450546,-31.943269],[151.45049,-31.943661],[151.450384,-31.944005],[151.450361,-31.944195],[151.450302,-31.944224],[151.449635,-31.944624],[151.449518,-31.944614],[151.44882,-31.945068],[151.446903,-31.946012],[151.445347,-31.946512],[151.443801,-31.947418],[151.442452,-31.949366],[151.441565,-31.951839],[151.442019,-31.951802],[151.442812,-31.951658],[151.44468,-31.953268],[151.44618,-31.956585],[151.446043,-31.957608],[151.446358,-31.959605],[151.448739,-31.961657],[151.448062,-31.963669],[151.44804,-31.966574],[151.446091,-31.970044],[151.44648,-31.973445],[151.446969,-31.975108],[151.449756,-31.977066],[151.450136,-31.979219],[151.449132,-31.981592],[151.448894,-31.982641],[151.449745,-31.986455],[151.449478,-31.987238],[151.451139,-31.99095],[151.454637,-31.993265],[151.454726,-31.995979],[151.453394,-31.997912],[151.453364,-31.99794],[151.452535,-31.998594],[151.450874,-32.000743],[151.447404,-32.00226],[151.446127,-32.003684],[151.443204,-32.005624],[151.442454,-32.006725],[151.44328,-32.009733],[151.441603,-32.010736],[151.439867,-32.010804],[151.439323,-32.010726],[151.437999,-32.011461],[151.437388,-32.012792],[151.436349,-32.01388],[151.436497,-32.014608],[151.437043,-32.01585],[151.438611,-32.017178],[151.437358,-32.018143],[151.435858,-32.018128],[151.43557,-32.0173],[151.433128,-32.016711],[151.432182,-32.017117],[151.431393,-32.017392],[151.429819,-32.018155],[151.427854,-32.018273],[151.424826,-32.019828],[151.421012,-32.022047],[151.419784,-32.023912],[151.418199,-32.025133],[151.417461,-32.026382],[151.416635,-32.026938],[151.414511,-32.02882],[151.410717,-32.031033],[151.408589,-32.032685],[151.407895,-32.034285],[151.406875,-32.035343],[151.404972,-32.036653],[151.404807,-32.037133],[151.40479,-32.037313],[151.404767,-32.037492],[151.404735,-32.037669],[151.404696,-32.037846],[151.404649,-32.03802],[151.404595,-32.038192],[151.404534,-32.038362],[151.404465,-32.038529],[151.404389,-32.038692],[151.404306,-32.038853],[151.404217,-32.039009],[151.404121,-32.039162],[151.404084,-32.039269],[151.40404,-32.039373],[151.403988,-32.039473],[151.40393,-32.03957],[151.403864,-32.039662],[151.403792,-32.039749],[151.403714,-32.03983],[151.403631,-32.039906],[151.403542,-32.039976],[151.403448,-32.040039],[151.40335,-32.040095],[151.403274,-32.040131],[151.403153,-32.040525],[151.403091,-32.040583],[151.403035,-32.040647],[151.402986,-32.040715],[151.402944,-32.040789],[151.402909,-32.040866],[151.402881,-32.040946],[151.402862,-32.041028],[151.40285,-32.041112],[151.402847,-32.041197],[151.402851,-32.041282],[151.402864,-32.041365],[151.402885,-32.041447],[151.402913,-32.041527],[151.40295,-32.041604],[151.402993,-32.041676],[151.403043,-32.041744],[151.4031,-32.041808],[151.404028,-32.043871],[151.404648,-32.044443],[151.405995,-32.044979],[151.405924,-32.045288],[151.40586,-32.045598],[151.405805,-32.045909],[151.405758,-32.046221],[151.405718,-32.046535],[151.405687,-32.04685],[151.405665,-32.047166],[151.405623,-32.047293],[151.405589,-32.047423],[151.405563,-32.047555],[151.405546,-32.047688],[151.405536,-32.047822],[151.405535,-32.047956],[151.405543,-32.04809],[151.405558,-32.048223],[151.405582,-32.048355],[151.405615,-32.048485],[151.405655,-32.048613],[151.405702,-32.048739],[151.405758,-32.048861],[151.405821,-32.048979],[151.405891,-32.049093],[151.405969,-32.049203],[151.406052,-32.049308],[151.406143,-32.049407],[151.406239,-32.049501],[151.406341,-32.049588],[151.406413,-32.049708],[151.406479,-32.049832],[151.406537,-32.04996],[151.406588,-32.05009],[151.406631,-32.050223],[151.406667,-32.050359],[151.406694,-32.050496],[151.406713,-32.050635],[151.406725,-32.050775],[151.406728,-32.050915],[151.406723,-32.051055],[151.40671,-32.051195],[151.406689,-32.051334],[151.40666,-32.051471],[151.406623,-32.051606],[151.406578,-32.051739],[151.406525,-32.051869],[151.406465,-32.051995],[151.406474,-32.052194],[151.406475,-32.052392],[151.406468,-32.052591],[151.406453,-32.052789],[151.406429,-32.052986],[151.406398,-32.053182],[151.406358,-32.053377],[151.406311,-32.05357],[151.406255,-32.05376],[151.406192,-32.053948],[151.406121,-32.054134],[151.406043,-32.054317],[151.405956,-32.054495],[151.405997,-32.05473],[151.406045,-32.054962],[151.406101,-32.055193],[151.406166,-32.055422],[151.406238,-32.055648],[151.406317,-32.055872],[151.406405,-32.056092],[151.406499,-32.05631],[151.406601,-32.056525],[151.406711,-32.056735],[151.406828,-32.056942],[151.406878,-32.057051],[151.406921,-32.057163],[151.406957,-32.057277],[151.406986,-32.057393],[151.407007,-32.057511],[151.40702,-32.05763],[151.407026,-32.05775],[151.407024,-32.05787],[151.407014,-32.057989],[151.406997,-32.058108],[151.406972,-32.058225],[151.406939,-32.05834],[151.406899,-32.058453],[151.406852,-32.058563],[151.406798,-32.05867],[151.406738,-32.058774],[151.40667,-32.058873],[151.406596,-32.058967],[151.406517,-32.059057],[151.406432,-32.059142],[151.406341,-32.05922],[151.406247,-32.059293],[151.405912,-32.059617],[151.405583,-32.059947],[151.40526,-32.060283],[151.404942,-32.060623],[151.40463,-32.060968],[151.404323,-32.061319],[151.404255,-32.061555],[151.40418,-32.06179],[151.404097,-32.062021],[151.404007,-32.06225],[151.403909,-32.062476],[151.403804,-32.062699],[151.403692,-32.062918],[151.403572,-32.063133],[151.403445,-32.063344],[151.403312,-32.063551],[151.403172,-32.063753],[151.403025,-32.063951],[151.402802,-32.064177],[151.402585,-32.064408],[151.402374,-32.064646],[151.402168,-32.064888],[151.40197,-32.065136],[151.401777,-32.065388],[151.401591,-32.065646],[151.401411,-32.065908],[151.401238,-32.066174],[151.401072,-32.066445],[151.400913,-32.06672],[151.40087,-32.066808],[151.400821,-32.066893],[151.400764,-32.066973],[151.4007,-32.067047],[151.400631,-32.067116],[151.400556,-32.067179],[151.400475,-32.067235],[151.40039,-32.067284],[151.400301,-32.067325],[151.40021,-32.067359],[151.400115,-32.067385],[151.400018,-32.067402],[151.399921,-32.067411],[151.399823,-32.067412],[151.399725,-32.067404],[151.399628,-32.067388],[151.399534,-32.067363],[151.399416,-32.067338],[151.399297,-32.067321],[151.399177,-32.067312],[151.399057,-32.067311],[151.398937,-32.067319],[151.398818,-32.067335],[151.3987,-32.06736],[151.398585,-32.067392],[151.398472,-32.067432],[151.398361,-32.06748],[151.398255,-32.067536],[151.398152,-32.067598],[151.398054,-32.067668],[151.397961,-32.067744],[151.397874,-32.067827],[151.39763,-32.068002],[151.397381,-32.068171],[151.397129,-32.068334],[151.396873,-32.06849],[151.396613,-32.068641],[151.39635,-32.068785],[151.396083,-32.068923],[151.395813,-32.069055],[151.395539,-32.069179],[151.395434,-32.069201],[151.39533,-32.06923],[151.395229,-32.069267],[151.395131,-32.06931],[151.395036,-32.069361],[151.394945,-32.069419],[151.394859,-32.069484],[151.394778,-32.069555],[151.394702,-32.069631],[151.394632,-32.069713],[151.394569,-32.069799],[151.394512,-32.06989],[151.394461,-32.069986],[151.394418,-32.070084],[151.394382,-32.070186],[151.394354,-32.07029],[151.394333,-32.070395],[151.394321,-32.070502],[151.394316,-32.070609],[151.394319,-32.070717],[151.39433,-32.070824],[151.394349,-32.07093],[151.394376,-32.071034],[151.39441,-32.071136],[151.394416,-32.071368],[151.394415,-32.0716],[151.394404,-32.071832],[151.394386,-32.072063],[151.394358,-32.072294],[151.394323,-32.072523],[151.394279,-32.072751],[151.394227,-32.072978],[151.394167,-32.073202],[151.394098,-32.073423],[151.394022,-32.073643],[151.393935,-32.074043],[151.393858,-32.074446],[151.393788,-32.07485],[151.393726,-32.075255],[151.393673,-32.075662],[151.393628,-32.076069],[151.393495,-32.076368],[151.39337,-32.07667],[151.393252,-32.076976],[151.393143,-32.077284],[151.393042,-32.077595],[151.39295,-32.077909],[151.392865,-32.078225],[151.392789,-32.078543],[151.392936,-32.079211],[151.393072,-32.07988],[151.393059,-32.080003],[151.393038,-32.080124],[151.393008,-32.080244],[151.392971,-32.080361],[151.392925,-32.080475],[151.392872,-32.080586],[151.392811,-32.080693],[151.392743,-32.080796],[151.392668,-32.080893],[151.392587,-32.080986],[151.392499,-32.081072],[151.392405,-32.081152],[151.392307,-32.081226],[151.392203,-32.081292],[151.392095,-32.081351],[151.391857,-32.08147],[151.391623,-32.081595],[151.391393,-32.081729],[151.391168,-32.081869],[151.390948,-32.082017],[151.390732,-32.082172],[151.390521,-32.082334],[151.390316,-32.082503],[151.390116,-32.082678],[151.389922,-32.082859],[151.389815,-32.082966],[151.389735,-32.083047],[151.389553,-32.083241],[151.389349,-32.083305],[151.389142,-32.083361],[151.388934,-32.08341],[151.388724,-32.08345],[151.388513,-32.083483],[151.3883,-32.083508],[151.388087,-32.083524],[151.387874,-32.083533],[151.387661,-32.083533],[151.387446,-32.083526],[151.387234,-32.08351],[151.387021,-32.083487],[151.38681,-32.083455],[151.386599,-32.083415],[151.38639,-32.083368],[151.386185,-32.083312],[151.385979,-32.083249],[151.38565,-32.08324],[151.385319,-32.083222],[151.384991,-32.083197],[151.384662,-32.083164],[151.384334,-32.083124],[151.384007,-32.083076],[151.383681,-32.083021],[151.383357,-32.082958],[151.383034,-32.082887],[151.382713,-32.082809],[151.382394,-32.082724],[151.382077,-32.082631],[151.381742,-32.082519],[151.381406,-32.082415],[151.381066,-32.08232],[151.380725,-32.082232],[151.380381,-32.082153],[151.380036,-32.082082],[151.379689,-32.08202],[151.379341,-32.081965],[151.378991,-32.081919],[151.378641,-32.081882],[151.378289,-32.081853],[151.37766,-32.081808],[151.377031,-32.08177],[151.376401,-32.08174],[151.37577,-32.081717],[151.37514,-32.081701],[151.374509,-32.081693],[151.373767,-32.081668],[151.373025,-32.081633],[151.372284,-32.08159],[151.371544,-32.081538],[151.370804,-32.081477],[151.370547,-32.081435],[151.370289,-32.0814],[151.37003,-32.081374],[151.369771,-32.081356],[151.369511,-32.081347],[151.369251,-32.081346],[151.368991,-32.081353],[151.368731,-32.081368],[151.368472,-32.081391],[151.368214,-32.081423],[151.367957,-32.081463],[151.367701,-32.081511],[151.367395,-32.081634],[151.367092,-32.081765],[151.366791,-32.081902],[151.366494,-32.082046],[151.366201,-32.082197],[151.365911,-32.082354],[151.365624,-32.082518],[151.365342,-32.082689],[151.365063,-32.082866],[151.364879,-32.082926],[151.364694,-32.082978],[151.364506,-32.083023],[151.364316,-32.083058],[151.364125,-32.083086],[151.363933,-32.083106],[151.363741,-32.083117],[151.363548,-32.08312],[151.363355,-32.083115],[151.363162,-32.083102],[151.362971,-32.08308],[151.36278,-32.08305],[151.362591,-32.083012],[151.362403,-32.082966],[151.362218,-32.082912],[151.362035,-32.08285],[151.361499,-32.082683],[151.360961,-32.082524],[151.36042,-32.082375],[151.359877,-32.082234],[151.359331,-32.082102],[151.359101,-32.082106],[151.358872,-32.082102],[151.358642,-32.082091],[151.358414,-32.082072],[151.358186,-32.082046],[151.357958,-32.082012],[151.357733,-32.08197],[151.357508,-32.081921],[151.357286,-32.081865],[151.357065,-32.081801],[151.356847,-32.08173],[151.356631,-32.081652],[151.356144,-32.081471],[151.356055,-32.081502],[151.356007,-32.081517],[151.355951,-32.081533],[151.355781,-32.081571],[151.355724,-32.081585],[151.35568,-32.081598],[151.355547,-32.08164],[151.355502,-32.081653],[151.355445,-32.081668],[151.355329,-32.081695],[151.355271,-32.081706],[151.355213,-32.081715],[151.355127,-32.081721],[151.355041,-32.081723],[151.354954,-32.08172],[151.354868,-32.081712],[151.354782,-32.081701],[151.354707,-32.081688],[151.354633,-32.081672],[151.354559,-32.081653],[151.354413,-32.081608],[151.354299,-32.081567],[151.354187,-32.08152],[151.353966,-32.081416],[151.353856,-32.081366],[151.353633,-32.081271],[151.353559,-32.081238],[151.353486,-32.081204],[151.353431,-32.081176],[151.353322,-32.081116],[151.353267,-32.081087],[151.353211,-32.08106],[151.353136,-32.081027],[151.353058,-32.080997],[151.35298,-32.080969],[151.352901,-32.080944],[151.352822,-32.080921],[151.35274,-32.0809],[151.352657,-32.080882],[151.352573,-32.080865],[151.352489,-32.080851],[151.352406,-32.080839],[151.352295,-32.080826],[151.352183,-32.080817],[151.352071,-32.080811],[151.351726,-32.080798],[151.351484,-32.080794],[151.351242,-32.080794],[151.351008,-32.080799],[151.350891,-32.080803],[151.350657,-32.080809],[151.350374,-32.080815],[151.35028,-32.080816],[151.350059,-32.080823],[151.349933,-32.080828],[151.349804,-32.08083],[151.34954,-32.080828],[151.349408,-32.080825],[151.349144,-32.080813],[151.349013,-32.080811],[151.348881,-32.080814],[151.348827,-32.080817],[151.348719,-32.080825],[151.348666,-32.08083],[151.348548,-32.080844],[151.348422,-32.080864],[151.348229,-32.080897],[151.348164,-32.080909],[151.347966,-32.080942],[151.347892,-32.080953],[151.347669,-32.080981],[151.347595,-32.080992],[151.347439,-32.081018],[151.347283,-32.081046],[151.347205,-32.081059],[151.347016,-32.081087],[151.346734,-32.081126],[151.346656,-32.081138],[151.346577,-32.081149],[151.346421,-32.081173],[151.346261,-32.081204],[151.346178,-32.081222],[151.346096,-32.081241],[151.346014,-32.081261],[151.345933,-32.081283],[151.345874,-32.0813],[151.345816,-32.081318],[151.345701,-32.081356],[151.345449,-32.081432],[151.345356,-32.081461],[151.345178,-32.081521],[151.345072,-32.081558],[151.344915,-32.081617],[151.344759,-32.08168],[151.344544,-32.08177],[151.344451,-32.081814],[151.344356,-32.081856],[151.344308,-32.081873],[151.34428,-32.081881],[151.344224,-32.081895],[151.344195,-32.081901],[151.344116,-32.081914],[151.344065,-32.08192],[151.343962,-32.081926],[151.343842,-32.08193],[151.343774,-32.08193],[151.343705,-32.081928],[151.343637,-32.081925],[151.343499,-32.081917],[151.343362,-32.081905],[151.343225,-32.081891],[151.343154,-32.081885],[151.343011,-32.081871],[151.342939,-32.081862],[151.342869,-32.08185],[151.342809,-32.081836],[151.342691,-32.081803],[151.342633,-32.081785],[151.342493,-32.081745],[151.341812,-32.081838],[151.341597,-32.08186],[151.34118,-32.081828],[151.340314,-32.081638],[151.338422,-32.081704],[151.33691,-32.082191],[151.335448,-32.082403],[151.33509,-32.083804],[151.334992,-32.086031],[151.334525,-32.086996],[151.334245,-32.087956],[151.334035,-32.090034],[151.334153,-32.0901],[151.334266,-32.090181],[151.334371,-32.090275],[151.334465,-32.090379],[151.334543,-32.090488],[151.33463,-32.090729],[151.334649,-32.091032],[151.334612,-32.09136],[151.334529,-32.091676],[151.334411,-32.091944],[151.334245,-32.092155],[151.334023,-32.092337],[151.333766,-32.092498],[151.333498,-32.092648],[151.333239,-32.092797],[151.332834,-32.093024],[151.332412,-32.093223],[151.33198,-32.093407],[151.331547,-32.093589],[151.331119,-32.093781],[151.330642,-32.094047],[151.330167,-32.094352],[151.329691,-32.09464],[151.329214,-32.09486],[151.328732,-32.094955],[151.328276,-32.094881],[151.327818,-32.094679],[151.327358,-32.094429],[151.326894,-32.094208],[151.326425,-32.094095],[151.32598,-32.094075],[151.325492,-32.094085],[151.325022,-32.09414],[151.324628,-32.094257],[151.324368,-32.094453],[151.32428,-32.094648],[151.32424,-32.094875],[151.324218,-32.095117],[151.324186,-32.095353],[151.324113,-32.095567],[151.323914,-32.09583],[151.323645,-32.096056],[151.323335,-32.096261],[151.323014,-32.096459],[151.322713,-32.096667],[151.3223,-32.096942],[151.321848,-32.097201],[151.321414,-32.097466],[151.321054,-32.097759],[151.320825,-32.098102],[151.320766,-32.098468],[151.320815,-32.098871],[151.320914,-32.099296],[151.321008,-32.099725],[151.32104,-32.100142],[151.321,-32.100629],[151.320925,-32.10112],[151.320815,-32.101607],[151.320672,-32.102083],[151.320497,-32.102539],[151.320289,-32.102968],[151.320046,-32.103384],[151.319774,-32.103787],[151.319479,-32.104172],[151.31917,-32.104539],[151.318691,-32.104995],[151.318149,-32.105393],[151.31758,-32.10577],[151.317021,-32.106156],[151.316505,-32.106585],[151.31613,-32.106957],[151.315767,-32.107343],[151.315416,-32.107742],[151.31508,-32.108152],[151.31476,-32.108572],[151.314199,-32.109444],[151.313204,-32.109929],[151.312992,-32.110213],[151.312488,-32.110851],[151.312247,-32.111336],[151.309049,-32.113276],[151.308789,-32.113675],[151.308015,-32.114265],[151.305537,-32.11562],[151.304681,-32.115733],[151.303943,-32.116747],[151.303745,-32.117628],[151.304009,-32.11873],[151.306783,-32.118608],[151.307475,-32.118768],[151.308502,-32.119665],[151.308971,-32.12047],[151.309834,-32.120924],[151.310287,-32.121363],[151.310752,-32.123211],[151.310492,-32.124502],[151.31049,-32.124515],[151.310275,-32.125173],[151.311228,-32.126338],[151.311813,-32.126542],[151.311869,-32.127092],[151.311694,-32.127455],[151.310811,-32.12868],[151.310334,-32.128955],[151.30999,-32.12933],[151.310104,-32.1304],[151.30926,-32.131373],[151.308698,-32.133362],[151.308333,-32.134833],[151.308905,-32.136235],[151.308991,-32.136444],[151.310042,-32.137766],[151.309698,-32.138984],[151.31044,-32.13891],[151.312956,-32.139322],[151.314002,-32.14001],[151.314798,-32.141497],[151.315278,-32.141897],[151.315254,-32.142248],[151.315448,-32.143502],[151.316375,-32.144273],[151.316918,-32.144927],[151.317165,-32.146026],[151.317344,-32.146324],[151.317421,-32.146704],[151.318605,-32.147254],[151.319645,-32.148266],[151.320616,-32.149417],[151.321493,-32.150159],[151.32253,-32.15051],[151.323117,-32.150588],[151.325133,-32.151428],[151.325188,-32.151504],[151.325281,-32.151642],[151.325315,-32.151696],[151.325385,-32.151804],[151.325505,-32.152001],[151.325587,-32.152131],[151.325621,-32.152182],[151.325762,-32.152383],[151.325945,-32.152635],[151.326123,-32.152875],[151.326168,-32.152933],[151.326214,-32.15299],[151.326286,-32.153071],[151.326396,-32.15319],[151.326476,-32.153278],[151.326517,-32.153321],[151.326557,-32.153365],[151.326657,-32.153466],[151.326717,-32.153525],[151.326777,-32.153582],[151.326839,-32.153639],[151.326902,-32.153694],[151.326947,-32.153732],[151.327084,-32.153841],[151.327179,-32.153913],[151.327277,-32.153982],[151.327374,-32.154054],[151.327465,-32.154128],[151.327494,-32.154153],[151.327522,-32.15418],[151.327558,-32.154221],[151.327591,-32.154265],[151.327623,-32.154311],[151.327683,-32.154403],[151.327763,-32.154521],[151.327801,-32.154581],[151.327834,-32.154643],[151.327859,-32.154707],[151.327868,-32.154741],[151.327882,-32.15481],[151.327893,-32.154879],[151.327899,-32.154922],[151.327914,-32.155053],[151.32792,-32.155096],[151.327929,-32.155146],[151.32794,-32.155195],[151.327964,-32.155293],[151.327974,-32.155343],[151.327982,-32.155385],[151.327996,-32.15547],[151.328008,-32.155555],[151.328014,-32.155611],[151.328019,-32.155669],[151.328023,-32.155726],[151.328029,-32.155841],[151.328033,-32.155944],[151.328035,-32.156047],[151.328035,-32.156138],[151.328034,-32.156177],[151.32803,-32.156254],[151.328025,-32.156435],[151.328018,-32.156524],[151.328013,-32.156576],[151.328006,-32.156629],[151.327998,-32.156682],[151.327989,-32.156734],[151.327981,-32.156778],[151.327963,-32.156867],[151.327951,-32.15691],[151.327935,-32.156952],[151.327922,-32.156979],[151.327906,-32.157008],[151.327882,-32.157384],[151.327776,-32.158465],[151.328475,-32.160625],[151.32773,-32.161725],[151.326817,-32.166184],[151.327275,-32.166851],[151.327179,-32.16744],[151.327272,-32.167891],[151.32711,-32.168409],[151.327096,-32.16914],[151.327269,-32.169761],[151.327099,-32.170658],[151.327288,-32.171321],[151.327214,-32.171672],[151.328034,-32.171935],[151.329158,-32.172119],[151.329691,-32.172449],[151.331288,-32.172526],[151.332606,-32.173147],[151.333424,-32.173481],[151.335064,-32.173165],[151.336552,-32.173676],[151.337552,-32.174225],[151.338285,-32.174626],[151.338343,-32.174757],[151.338473,-32.174822],[151.338577,-32.174864],[151.338682,-32.174902],[151.338736,-32.174919],[151.338811,-32.17494],[151.338888,-32.174958],[151.338965,-32.174973],[151.339196,-32.175021],[151.33935,-32.175056],[151.339426,-32.175071],[151.339504,-32.175085],[151.339584,-32.175094],[151.339665,-32.175101],[151.339827,-32.175112],[151.339908,-32.175119],[151.33997,-32.175125],[151.340218,-32.175153],[151.34029,-32.17516],[151.340436,-32.175171],[151.340509,-32.175178],[151.340581,-32.175187],[151.340673,-32.175202],[151.340765,-32.175219],[151.340857,-32.175238],[151.341185,-32.175311],[151.341331,-32.175345],[151.341574,-32.175409],[151.341658,-32.175433],[151.341741,-32.175461],[151.341821,-32.175496],[151.341891,-32.175534],[151.341959,-32.175577],[151.342025,-32.175624],[151.342089,-32.175674],[151.342151,-32.175725],[151.342192,-32.17576],[151.342233,-32.175796],[151.342273,-32.175834],[151.342311,-32.175873],[151.342346,-32.175914],[151.34237,-32.175944],[151.342414,-32.176008],[151.342489,-32.176133],[151.342521,-32.176194],[151.342551,-32.176256],[151.342579,-32.176319],[151.342603,-32.176383],[151.342623,-32.176449],[151.34264,-32.176516],[151.342654,-32.176584],[151.342677,-32.176721],[151.342684,-32.176776],[151.342696,-32.176941],[151.342704,-32.176996],[151.342716,-32.17705],[151.342731,-32.177104],[151.342779,-32.177265],[151.342832,-32.177467],[151.342846,-32.177517],[151.342921,-32.177758],[151.342962,-32.17791],[151.342999,-32.178064],[151.343015,-32.178141],[151.343026,-32.178197],[151.343052,-32.178366],[151.343063,-32.178422],[151.343079,-32.178491],[151.343097,-32.17856],[151.343137,-32.178697],[151.343158,-32.178765],[151.343173,-32.178817],[151.34319,-32.178868],[151.343239,-32.179023],[151.343303,-32.179248],[151.34332,-32.179304],[151.343337,-32.179355],[151.343373,-32.179458],[151.34339,-32.17951],[151.343408,-32.179561],[151.34343,-32.179633],[151.343471,-32.179778],[151.343516,-32.179922],[151.343536,-32.17998],[151.343624,-32.180208],[151.343731,-32.180502],[151.343788,-32.18065],[151.343816,-32.180725],[151.343876,-32.180873],[151.343907,-32.180947],[151.34395,-32.18104],[151.344086,-32.181313],[151.34413,-32.181405],[151.344172,-32.181503],[151.344251,-32.181703],[151.344293,-32.181802],[151.344339,-32.181898],[151.344356,-32.181929],[151.34441,-32.182021],[151.344427,-32.182052],[151.344467,-32.182131],[151.344505,-32.182211],[151.344578,-32.182373],[151.344616,-32.182453],[151.344646,-32.18251],[151.344708,-32.182623],[151.344737,-32.182681],[151.344764,-32.182739],[151.344784,-32.182786],[151.34482,-32.182882],[151.344867,-32.183026],[151.344895,-32.18312],[151.34492,-32.183214],[151.344931,-32.183262],[151.34495,-32.183358],[151.344958,-32.183407],[151.345011,-32.183693],[151.345021,-32.183753],[151.345101,-32.184196],[151.345125,-32.184335],[151.345136,-32.184405],[151.345147,-32.184481],[151.345157,-32.184557],[151.345184,-32.184783],[151.345204,-32.18493],[151.345215,-32.185003],[151.345224,-32.185077],[151.345231,-32.18515],[151.345236,-32.185224],[151.345242,-32.185448],[151.345245,-32.185522],[151.345251,-32.185594],[151.345267,-32.185739],[151.345274,-32.185811],[151.345283,-32.18594],[151.345287,-32.186055],[151.345288,-32.186112],[151.345283,-32.186234],[151.345277,-32.186298],[151.345262,-32.186426],[151.345238,-32.186596],[151.345229,-32.186649],[151.345218,-32.186702],[151.345206,-32.186753],[151.345197,-32.186787],[151.345176,-32.186854],[151.345152,-32.18692],[151.345131,-32.186973],[151.345108,-32.187026],[151.345058,-32.187131],[151.344996,-32.187251],[151.344959,-32.18732],[151.344921,-32.187387],[151.34488,-32.187452],[151.344836,-32.187515],[151.3448,-32.187563],[151.344761,-32.187609],[151.344641,-32.187745],[151.344564,-32.187835],[151.344489,-32.187927],[151.344453,-32.187974],[151.344417,-32.188023],[151.344349,-32.188123],[151.344316,-32.188174],[151.344254,-32.188279],[151.344224,-32.188332],[151.344137,-32.188495],[151.34411,-32.188544],[151.344032,-32.188691],[151.344009,-32.188741],[151.343986,-32.188796],[151.343966,-32.188852],[151.343946,-32.188909],[151.343877,-32.189114],[151.343849,-32.189416],[151.343861,-32.189614],[151.34388,-32.189812],[151.343881,-32.190001],[151.343839,-32.190173],[151.343786,-32.190265],[151.343718,-32.190351],[151.343645,-32.190434],[151.343575,-32.190519],[151.343519,-32.19061],[151.343455,-32.190791],[151.343422,-32.190988],[151.34341,-32.191194],[151.343408,-32.191403],[151.343404,-32.191608],[151.343394,-32.191778],[151.34338,-32.191953],[151.343375,-32.192126],[151.343388,-32.192291],[151.34343,-32.192444],[151.343516,-32.192588],[151.343636,-32.192718],[151.343776,-32.192839],[151.343923,-32.192957],[151.344061,-32.193076],[151.344207,-32.193211],[151.344356,-32.193343],[151.344506,-32.193473],[151.344807,-32.193731],[151.344939,-32.193838],[151.345077,-32.19394],[151.345212,-32.194045],[151.345339,-32.194155],[151.345451,-32.194278],[151.34553,-32.194395],[151.345597,-32.194521],[151.345658,-32.194652],[151.345721,-32.194782],[151.345792,-32.194906],[151.345987,-32.195144],[151.34622,-32.19536],[151.346459,-32.195571],[151.346671,-32.195793],[151.346824,-32.196041],[151.346895,-32.196224],[151.346955,-32.196418],[151.346998,-32.196617],[151.347017,-32.196813],[151.347006,-32.197002],[151.346909,-32.197252],[151.346722,-32.197487],[151.346484,-32.197715],[151.346236,-32.197942],[151.346017,-32.198176],[151.345824,-32.198385],[151.345607,-32.198598],[151.345404,-32.198811],[151.345258,-32.19902],[151.345209,-32.199223],[151.345217,-32.199291],[151.345231,-32.199359],[151.34525,-32.199427],[151.345292,-32.19956],[151.345455,-32.199889],[151.345696,-32.200198],[151.345956,-32.200499],[151.346173,-32.200804],[151.346286,-32.201125],[151.346285,-32.201262],[151.346263,-32.201406],[151.346239,-32.201548],[151.346233,-32.201679],[151.346264,-32.20179],[151.346333,-32.20187],[151.346428,-32.201934],[151.346538,-32.20199],[151.346651,-32.202044],[151.346758,-32.202102],[151.346865,-32.202168],[151.347081,-32.202296],[151.347187,-32.202362],[151.347293,-32.20243],[151.347554,-32.202604],[151.347815,-32.202783],[151.348066,-32.202973],[151.348299,-32.203178],[151.348506,-32.203404],[151.348728,-32.203724],[151.348915,-32.20408],[151.349068,-32.204461],[151.349185,-32.204851],[151.349267,-32.205238],[151.349302,-32.205442],[151.349336,-32.205652],[151.349357,-32.205862],[151.349353,-32.206064],[151.349314,-32.206252],[151.349183,-32.206453],[151.348972,-32.206624],[151.348727,-32.206785],[151.348495,-32.206956],[151.348323,-32.207157],[151.348229,-32.20735],[151.348156,-32.207558],[151.348101,-32.207774],[151.348061,-32.207995],[151.348033,-32.208212],[151.348028,-32.208457],[151.348052,-32.208704],[151.348089,-32.208952],[151.348122,-32.209201],[151.348136,-32.209449],[151.348125,-32.209649],[151.3481,-32.20985],[151.348073,-32.21005],[151.348056,-32.210249],[151.348062,-32.210446],[151.34812,-32.210765],[151.348222,-32.211085],[151.34836,-32.211398],[151.348526,-32.211695],[151.348713,-32.211967],[151.348925,-32.212207],[151.34917,-32.212424],[151.349436,-32.212624],[151.349713,-32.212813],[151.349987,-32.212997],[151.350147,-32.213085],[151.350325,-32.213165],[151.350497,-32.213245],[151.350635,-32.213336],[151.350711,-32.213445],[151.350679,-32.213576],[151.350544,-32.213732],[151.350358,-32.213906],[151.350172,-32.214091],[151.350036,-32.21428],[151.349965,-32.214462],[151.349916,-32.214655],[151.349877,-32.214854],[151.349836,-32.215052],[151.34978,-32.215244],[151.349599,-32.215635],[151.349366,-32.216007],[151.349113,-32.216372],[151.34887,-32.216742],[151.348667,-32.217128],[151.348585,-32.217325],[151.348508,-32.217524],[151.348435,-32.217725],[151.348367,-32.217927],[151.348314,-32.218081],[151.348126,-32.219062],[151.347527,-32.219546],[151.346201,-32.22019],[151.344891,-32.220862],[151.343893,-32.221918],[151.341816,-32.223058],[151.341002,-32.224172],[151.340293,-32.224233],[151.342116,-32.226661],[151.341679,-32.22747],[151.341375,-32.228366],[151.34067,-32.229088],[151.340169,-32.229728],[151.339847,-32.230666],[151.339659,-32.231641],[151.339567,-32.231723],[151.338939,-32.232285],[151.338004,-32.233566],[151.337997,-32.235717],[151.337798,-32.236403],[151.33714,-32.237322],[151.338206,-32.237941],[151.338815,-32.23868],[151.33995,-32.239158],[151.340252,-32.240989],[151.34048,-32.241414],[151.340464,-32.242187],[151.340956,-32.242896],[151.341298,-32.243491],[151.341231,-32.24432],[151.341791,-32.245002],[151.342253,-32.247229],[151.342064,-32.247202],[151.342188,-32.247873],[151.342958,-32.249068],[151.342745,-32.251048],[151.342571,-32.251798],[151.342135,-32.252768],[151.341077,-32.253149],[151.340775,-32.254438],[151.34021,-32.255144],[151.340349,-32.256112],[151.3408,-32.257364],[151.341174,-32.257823],[151.341288,-32.259349],[151.340587,-32.260841],[151.339825,-32.26146],[151.339355,-32.261983],[151.339365,-32.261986],[151.339405,-32.262002],[151.339444,-32.26202],[151.339484,-32.262042],[151.33956,-32.262091],[151.339632,-32.262147],[151.339666,-32.262175],[151.339699,-32.262204],[151.339731,-32.262234],[151.339762,-32.262265],[151.339831,-32.262334],[151.339975,-32.262491],[151.340052,-32.262579],[151.340169,-32.262709],[151.340437,-32.262994],[151.340545,-32.263111],[151.340634,-32.263219],[151.340677,-32.263274],[151.340721,-32.263328],[151.340766,-32.263381],[151.340806,-32.263425],[151.340927,-32.263552],[151.341007,-32.263634],[151.341087,-32.263712],[151.341126,-32.263753],[151.341196,-32.263836],[151.341228,-32.263879],[151.341259,-32.263923],[151.341288,-32.263967],[151.341317,-32.264013],[151.341344,-32.264058],[151.341369,-32.264104],[151.341394,-32.264152],[151.341417,-32.264199],[151.341437,-32.264248],[151.341451,-32.264287],[151.341476,-32.264367],[151.341497,-32.264448],[151.341506,-32.264488],[151.341514,-32.264528],[151.341521,-32.264569],[151.341537,-32.264649],[151.34155,-32.264709],[151.34158,-32.264827],[151.341593,-32.264887],[151.341603,-32.264947],[151.341611,-32.26504],[151.341615,-32.265182],[151.341614,-32.265334],[151.341595,-32.265639],[151.341588,-32.265791],[151.341592,-32.265943],[151.341599,-32.266029],[151.341605,-32.266086],[151.341615,-32.266213],[151.341619,-32.266256],[151.341624,-32.266298],[151.341639,-32.266395],[151.341659,-32.266491],[151.341683,-32.266585],[151.341712,-32.266677],[151.341744,-32.266767],[151.341762,-32.26682],[151.3418,-32.266924],[151.341821,-32.266975],[151.341844,-32.267026],[151.341868,-32.267076],[151.341894,-32.267125],[151.341949,-32.267224],[151.34201,-32.267324],[151.342077,-32.267425],[151.34211,-32.267477],[151.342138,-32.26753],[151.342157,-32.267569],[151.34219,-32.267649],[151.342219,-32.267731],[151.34223,-32.267767],[151.34225,-32.26784],[151.342258,-32.267877],[151.342265,-32.267914],[151.342272,-32.267961],[151.342278,-32.268008],[151.342282,-32.268055],[151.342282,-32.268103],[151.34248,-32.268323],[151.343299,-32.269338],[151.343431,-32.269562],[151.343469,-32.2696],[151.343543,-32.269677],[151.343579,-32.269716],[151.343626,-32.26977],[151.343672,-32.269824],[151.34386,-32.270057],[151.344017,-32.270253],[151.344152,-32.270424],[151.344193,-32.270477],[151.344322,-32.27064],[151.344414,-32.270754],[151.344505,-32.27087],[151.344552,-32.270934],[151.344644,-32.271064],[151.344691,-32.271129],[151.344739,-32.271191],[151.344793,-32.271255],[151.344906,-32.271379],[151.344964,-32.27144],[151.345319,-32.271821],[151.345505,-32.272024],[151.345565,-32.272093],[151.345679,-32.272229],[151.345753,-32.272322],[151.345786,-32.272365],[151.345851,-32.272452],[151.345914,-32.272541],[151.345985,-32.272647],[151.346055,-32.272755],[151.346088,-32.27281],[151.346143,-32.272905],[151.346222,-32.273051],[151.346247,-32.273103],[151.346293,-32.27321],[151.346317,-32.273263],[151.346342,-32.273315],[151.346369,-32.273367],[151.346426,-32.273469],[151.346457,-32.273519],[151.346489,-32.273567],[151.34652,-32.273608],[151.346586,-32.273687],[151.346621,-32.273726],[151.346657,-32.273762],[151.346698,-32.273801],[151.34674,-32.273839],[151.346828,-32.273911],[151.346872,-32.273946],[151.347,-32.274051],[151.347087,-32.274119],[151.347256,-32.274244],[151.347313,-32.274284],[151.347413,-32.274358],[151.347542,-32.274454],[151.347631,-32.274523],[151.347813,-32.274671],[151.347991,-32.274811],[151.348048,-32.27486],[151.348102,-32.274912],[151.348147,-32.274963],[151.348189,-32.275017],[151.348269,-32.275127],[151.34831,-32.275182],[151.348362,-32.27525],[151.348415,-32.275317],[151.348519,-32.275453],[151.348572,-32.275521],[151.348357,-32.27564],[151.348607,-32.27612],[151.352233,-32.276881],[151.354043,-32.27677],[151.354311,-32.277697],[151.354349,-32.27823],[151.354544,-32.279015],[151.35442,-32.27969],[151.355112,-32.28102],[151.354794,-32.28213],[151.355054,-32.282937],[151.355472,-32.284239],[151.358076,-32.285079],[151.358395,-32.28604],[151.359671,-32.287231],[151.360191,-32.288235],[151.360583,-32.288431],[151.361307,-32.289213],[151.362117,-32.289394],[151.363921,-32.289614],[151.364361,-32.289692],[151.367763,-32.290187],[151.368593,-32.290662],[151.371487,-32.291598],[151.373162,-32.294974],[151.373087,-32.295671],[151.374677,-32.297918],[151.374783,-32.29933],[151.376377,-32.30174],[151.376947,-32.302601],[151.376925,-32.303738],[151.377368,-32.305807],[151.377317,-32.306857],[151.377953,-32.307883],[151.378015,-32.30825],[151.378248,-32.309285],[151.378752,-32.310079],[151.379234,-32.310976],[151.379891,-32.311901],[151.380284,-32.31308],[151.380554,-32.314226],[151.383694,-32.314668],[151.39027,-32.315592],[151.38973,-32.318276],[151.389908,-32.318469],[151.389537,-32.320312],[151.38761,-32.320034],[151.383861,-32.319491],[151.382997,-32.324113],[151.393668,-32.325601],[151.393849,-32.32477],[151.395798,-32.325057],[151.395513,-32.32653],[151.394633,-32.327557],[151.394731,-32.329496],[151.394074,-32.330228],[151.393829,-32.331008],[151.394157,-32.331913],[151.394401,-32.332589],[151.394981,-32.333436],[151.395901,-32.339514],[151.396273,-32.33997],[151.396484,-32.34023],[151.397239,-32.341157],[151.39796,-32.342973],[151.398784,-32.343673],[151.401029,-32.345106],[151.402738,-32.345264],[151.403606,-32.345759],[151.404676,-32.34657],[151.40801,-32.347832],[151.410158,-32.348854],[151.410765,-32.349036],[151.411886,-32.35169],[151.412198,-32.353086],[151.412051,-32.353589],[151.41204,-32.354005],[151.412036,-32.354189],[151.413338,-32.356242],[151.414393,-32.356764],[151.417842,-32.357569],[151.418531,-32.358038],[151.420419,-32.360291],[151.421432,-32.361265],[151.422119,-32.362867],[151.422133,-32.364987],[151.422084,-32.365484],[151.421902,-32.365858],[151.422439,-32.367083],[151.421757,-32.368063],[151.423078,-32.369306],[151.424905,-32.369304],[151.426625,-32.369833],[151.428128,-32.370042],[151.428141,-32.370137],[151.428279,-32.371158],[151.428704,-32.371871],[151.429132,-32.373085],[151.4287,-32.374247],[151.428698,-32.374255],[151.428709,-32.374314],[151.428885,-32.375312],[151.428382,-32.376962],[151.428549,-32.378031],[151.429296,-32.378227],[151.429583,-32.378344],[151.429711,-32.378564],[151.429769,-32.378662],[151.430024,-32.379267],[151.430489,-32.380048],[151.432368,-32.381],[151.432708,-32.3818],[151.432676,-32.3829],[151.433008,-32.384152],[151.434188,-32.387463],[151.434377,-32.387551],[151.436581,-32.387803],[151.43705,-32.388289],[151.437083,-32.388306],[151.436872,-32.389314],[151.437337,-32.390643],[151.438087,-32.391292],[151.439947,-32.393666],[151.440295,-32.394755],[151.442703,-32.397726],[151.44365,-32.398115],[151.446101,-32.398427],[151.447278,-32.399118],[151.447373,-32.399408],[151.447315,-32.399617],[151.449633,-32.400784],[151.4505,-32.401682],[151.450425,-32.401711],[151.450382,-32.401729],[151.450341,-32.401749],[151.450303,-32.401774],[151.450276,-32.401796],[151.45025,-32.401822],[151.450226,-32.401848],[151.450203,-32.401876],[151.450181,-32.401905],[151.450162,-32.401932],[151.450111,-32.402019],[151.450093,-32.402048],[151.450074,-32.402075],[151.450034,-32.402128],[151.450013,-32.402154],[151.449965,-32.402207],[151.449882,-32.402288],[151.449856,-32.402316],[151.449825,-32.402353],[151.449795,-32.402391],[151.449739,-32.40247],[151.449713,-32.40251],[151.449693,-32.402544],[151.449637,-32.402648],[151.449599,-32.402716],[151.449538,-32.402816],[151.449516,-32.402848],[151.449481,-32.402903],[151.449462,-32.40293],[151.449443,-32.402955],[151.449421,-32.402979],[151.449404,-32.402996],[151.449366,-32.403026],[151.449327,-32.403054],[151.449296,-32.403072],[151.449263,-32.403088],[151.449164,-32.403133],[151.4491,-32.403168],[151.449002,-32.403219],[151.448897,-32.403264],[151.448861,-32.403278],[151.448787,-32.403309],[151.448707,-32.403341],[151.448668,-32.403359],[151.44863,-32.403378],[151.448593,-32.4034],[151.448522,-32.40345],[151.448454,-32.403504],[151.448415,-32.403537],[151.448378,-32.403571],[151.448341,-32.403607],[151.446799,-32.40407],[151.446003,-32.405349],[151.446149,-32.407075],[151.44775,-32.408031],[151.449229,-32.408433],[151.449312,-32.408509],[151.449391,-32.408589],[151.449466,-32.408674],[151.449536,-32.408761],[151.44968,-32.408936],[151.449709,-32.408975],[151.449798,-32.409088],[151.449829,-32.409126],[151.44988,-32.409192],[151.449934,-32.409256],[151.449963,-32.409286],[151.449991,-32.409312],[151.45002,-32.409337],[151.45005,-32.409361],[151.450111,-32.409407],[151.450143,-32.409429],[151.450175,-32.40945],[151.450208,-32.40947],[151.450316,-32.409538],[151.450402,-32.409594],[151.450489,-32.409649],[151.450706,-32.409776],[151.450759,-32.40981],[151.450832,-32.409861],[151.450905,-32.409915],[151.450976,-32.409971],[151.451162,-32.410124],[151.451208,-32.410163],[151.451253,-32.410203],[151.451393,-32.410322],[151.451636,-32.410522],[151.451684,-32.410563],[151.45183,-32.410683],[151.451867,-32.410715],[151.45198,-32.410809],[151.452019,-32.410839],[151.452065,-32.410871],[151.452208,-32.410962],[151.452255,-32.410994],[151.452337,-32.411056],[151.45249,-32.411182],[151.452523,-32.41121],[151.452588,-32.411268],[151.452618,-32.411298],[151.452635,-32.411317],[151.452699,-32.411396],[151.452814,-32.411528],[151.452855,-32.41158],[151.452962,-32.411725],[151.452975,-32.41174],[151.453005,-32.411768],[151.453039,-32.411792],[151.453113,-32.411835],[151.453196,-32.41188],[151.453338,-32.411945],[151.453386,-32.411965],[151.453475,-32.412],[151.453655,-32.412069],[151.453793,-32.41212],[151.453999,-32.412202],[151.454158,-32.41227],[151.454236,-32.412305],[151.454426,-32.412394],[151.454519,-32.41244],[151.454612,-32.412489],[151.454702,-32.412541],[151.454836,-32.412629],[151.454918,-32.412678],[151.454967,-32.412705],[151.455185,-32.412822],[151.455327,-32.412901],[151.455751,-32.41313],[151.45597,-32.413251],[151.456118,-32.413335],[151.45639,-32.413484],[151.456635,-32.413614],[151.456748,-32.413672],[151.456806,-32.413698],[151.45686,-32.413721],[151.457136,-32.413822],[151.457191,-32.413841],[151.457299,-32.41388],[151.457475,-32.413947],[151.457536,-32.413971],[151.457656,-32.414021],[151.457761,-32.41407],[151.457864,-32.414121],[151.458068,-32.41423],[151.458234,-32.414322],[151.458365,-32.414396],[151.45843,-32.414435],[151.458492,-32.414476],[151.458578,-32.414539],[151.45866,-32.414606],[151.458741,-32.414676],[151.458819,-32.414748],[151.458944,-32.414866],[151.458991,-32.414912],[151.459037,-32.414959],[151.459082,-32.415007],[151.459125,-32.415056],[151.459175,-32.415117],[151.459222,-32.41518],[151.459314,-32.415309],[151.4594,-32.415424],[151.45948,-32.415529],[151.459521,-32.41558],[151.459594,-32.415667],[151.459658,-32.415739],[151.459724,-32.415808],[151.459797,-32.41588],[151.459874,-32.415948],[151.459942,-32.416004],[151.460001,-32.416048],[151.460061,-32.41609],[151.460125,-32.416131],[151.46019,-32.41617],[151.460223,-32.416188],[151.460261,-32.416207],[151.460339,-32.416242],[151.460419,-32.416274],[151.460471,-32.416294],[151.460576,-32.416332],[151.460732,-32.416382],[151.460882,-32.416426],[151.461064,-32.416486],[151.461196,-32.416534],[151.461437,-32.416618],[151.461495,-32.416639],[151.461619,-32.416687],[151.461751,-32.416743],[151.461817,-32.416772],[151.461977,-32.416837],[151.462167,-32.416912],[151.462261,-32.41695],[151.462355,-32.41699],[151.462475,-32.417044],[151.462595,-32.417101],[151.462713,-32.417159],[151.462949,-32.417277],[151.463069,-32.417339],[151.463549,-32.417594],[151.463829,-32.417741],[151.463922,-32.417791],[151.464014,-32.417842],[151.464284,-32.417999],[151.464457,-32.418095],[151.464563,-32.418152],[151.464669,-32.418207],[151.464884,-32.418314],[151.465122,-32.418472],[151.46518,-32.418507],[151.465235,-32.418544],[151.46527,-32.418571],[151.465337,-32.418629],[151.46537,-32.418659],[151.465442,-32.41872],[151.465559,-32.418817],[151.465599,-32.418848],[151.465644,-32.418882],[151.465689,-32.418914],[151.465968,-32.419105],[151.466064,-32.419165],[151.466114,-32.419193],[151.466165,-32.41922],[151.466268,-32.419272],[151.466366,-32.419319],[151.466413,-32.419339],[151.466505,-32.419382],[151.466549,-32.419407],[151.466593,-32.419434],[151.466636,-32.419463],[151.466718,-32.419524],[151.466805,-32.419595],[151.466941,-32.419718],[151.466987,-32.419757],[151.467034,-32.419794],[151.467177,-32.419899],[151.467223,-32.419935],[151.467263,-32.419969],[151.467419,-32.420108],[151.467625,-32.420276],[151.467675,-32.42032],[151.46772,-32.420363],[151.467764,-32.420407],[151.467849,-32.420497],[151.46789,-32.420544],[151.467936,-32.420601],[151.46798,-32.42066],[151.468023,-32.42072],[151.468065,-32.420781],[151.468142,-32.420899],[151.468177,-32.420956],[151.468245,-32.421072],[151.468403,-32.421328],[151.468482,-32.421462],[151.468535,-32.421562],[151.468569,-32.421629],[151.468581,-32.421654],[151.468602,-32.421706],[151.468615,-32.421731],[151.468629,-32.421755],[151.468646,-32.421778],[151.468665,-32.4218],[151.468685,-32.421821],[151.468707,-32.421839],[151.468731,-32.421852],[151.468746,-32.421858],[151.468778,-32.421866],[151.468839,-32.421873],[151.468854,-32.421874],[151.468872,-32.421872],[151.468835,-32.421917],[151.468804,-32.421967],[151.468794,-32.421994],[151.468785,-32.422022],[151.468778,-32.422052],[151.468773,-32.422081],[151.46877,-32.42211],[151.468769,-32.422141],[151.468771,-32.422172],[151.468783,-32.422265],[151.468803,-32.422408],[151.468807,-32.422442],[151.468815,-32.422546],[151.468816,-32.42258],[151.468816,-32.422625],[151.468808,-32.422804],[151.468808,-32.422829],[151.468807,-32.422854],[151.468807,-32.422904],[151.46881,-32.42297],[151.468823,-32.42309],[151.468828,-32.42313],[151.468847,-32.423354],[151.468857,-32.423457],[151.468863,-32.423509],[151.46887,-32.423561],[151.46888,-32.423611],[151.468896,-32.423674],[151.468916,-32.423736],[151.468927,-32.423766],[151.46894,-32.423798],[151.468954,-32.423829],[151.468984,-32.423891],[151.469023,-32.423959],[151.469047,-32.423996],[151.469097,-32.424068],[151.469218,-32.424247],[151.469243,-32.424282],[151.469322,-32.424401],[151.469349,-32.42444],[151.469377,-32.424478],[151.46943,-32.424541],[151.469512,-32.424633],[151.469631,-32.424772],[151.469707,-32.424868],[151.469786,-32.424976],[151.469824,-32.425031],[151.46986,-32.425087],[151.469952,-32.425237],[151.469978,-32.425285],[151.470002,-32.425334],[151.470023,-32.425384],[151.470042,-32.425448],[151.470057,-32.425512],[151.470063,-32.425545],[151.47007,-32.425611],[151.470076,-32.425711],[151.47008,-32.425807],[151.470082,-32.425831],[151.470092,-32.425903],[151.470099,-32.425938],[151.470115,-32.426009],[151.47013,-32.426071],[151.470142,-32.426112],[151.470163,-32.42617],[151.470202,-32.426256],[151.470219,-32.426289],[151.470256,-32.426353],[151.470276,-32.426385],[151.470327,-32.426463],[151.47036,-32.426509],[151.470399,-32.426558],[151.470422,-32.426585],[151.470517,-32.426692],[151.470567,-32.42675],[151.470619,-32.426807],[151.470645,-32.426831],[151.470754,-32.426927],[151.470794,-32.426965],[151.470982,-32.427155],[151.471014,-32.427189],[151.471047,-32.427222],[151.471111,-32.427289],[151.47117,-32.427353],[151.471199,-32.427386],[151.471259,-32.42745],[151.471354,-32.427545],[151.471649,-32.42782],[151.471744,-32.427915],[151.471818,-32.427995],[151.471866,-32.428049],[151.47195,-32.428129],[151.471993,-32.428168],[151.472037,-32.428205],[151.472129,-32.428277],[151.472262,-32.428375],[151.472342,-32.428435],[151.472424,-32.42849],[151.472474,-32.428519],[151.472525,-32.428546],[151.472576,-32.428572],[151.472738,-32.42865],[151.472854,-32.428704],[151.472912,-32.42873],[151.472971,-32.428755],[151.473031,-32.428779],[151.473214,-32.428847],[151.473352,-32.428901],[151.473429,-32.428933],[151.473582,-32.428999],[151.473659,-32.429031],[151.473714,-32.429052],[151.473828,-32.429092],[151.473881,-32.429116],[151.473929,-32.429147],[151.473957,-32.429172],[151.473984,-32.429199],[151.474034,-32.429259],[151.474057,-32.42929],[151.474077,-32.42932],[151.474096,-32.429351],[151.474132,-32.429414],[151.474151,-32.429445],[151.474197,-32.429515],[151.474221,-32.42955],[151.474246,-32.429584],[151.474291,-32.429642],[151.474312,-32.429666],[151.474372,-32.429738],[151.474424,-32.429802],[151.474474,-32.429867],[151.4745,-32.429899],[151.474552,-32.429954],[151.474662,-32.430058],[151.474712,-32.430114],[151.474749,-32.430174],[151.474781,-32.43024],[151.474795,-32.430275],[151.474803,-32.430309],[151.474803,-32.43034],[151.474798,-32.430359],[151.474791,-32.430378],[151.474782,-32.430396],[151.47473,-32.430491],[151.474694,-32.430548],[151.474674,-32.430575],[151.474653,-32.430601],[151.474631,-32.430626],[151.474607,-32.43065],[151.474559,-32.430695],[151.474507,-32.430737],[151.474451,-32.430775],[151.474423,-32.430792],[151.474394,-32.430808],[151.474365,-32.430823],[151.474335,-32.430837],[151.474274,-32.430861],[151.474236,-32.430872],[151.474197,-32.43088],[151.474118,-32.430894],[151.474034,-32.430907],[151.4739,-32.430922],[151.473605,-32.430962],[151.473467,-32.430978],[151.473375,-32.43099],[151.473253,-32.431008],[151.473131,-32.431029],[151.473071,-32.43104],[151.473007,-32.431053],[151.472817,-32.431095],[151.472696,-32.43112],[151.472526,-32.431153],[151.472469,-32.431165],[151.472204,-32.431225],[151.472138,-32.431239],[151.472085,-32.431248],[151.471927,-32.431272],[151.471836,-32.431282],[151.471798,-32.431284],[151.471722,-32.43129],[151.471608,-32.431304],[151.47157,-32.43131],[151.471532,-32.431318],[151.471496,-32.431329],[151.471467,-32.431339],[151.47144,-32.43135],[151.471413,-32.431363],[151.47136,-32.431391],[151.471327,-32.431411],[151.471264,-32.431456],[151.471204,-32.431505],[151.471179,-32.431527],[151.471107,-32.431597],[151.471082,-32.431619],[151.470989,-32.431705],[151.470957,-32.431733],[151.470926,-32.431762],[151.470855,-32.431832],[151.47071,-32.43198],[151.470592,-32.432103],[151.470515,-32.432189],[151.470439,-32.432278],[151.470331,-32.432407],[151.470232,-32.432523],[151.470167,-32.432606],[151.470102,-32.432696],[151.470071,-32.432741],[151.470038,-32.432785],[151.46994,-32.432911],[151.46989,-32.432973],[151.469841,-32.433036],[151.469793,-32.4331],[151.469715,-32.433212],[151.469664,-32.433288],[151.469623,-32.433352],[151.469502,-32.433546],[151.46946,-32.433609],[151.469416,-32.433671],[151.46937,-32.433733],[151.469276,-32.433855],[151.46914,-32.434037],[151.469096,-32.434097],[151.469053,-32.434158],[151.469012,-32.43422],[151.468982,-32.434269],[151.468923,-32.434369],[151.468895,-32.43442],[151.468869,-32.434472],[151.468845,-32.434527],[151.468823,-32.434583],[151.468664,-32.43501],[151.468636,-32.43509],[151.46861,-32.43517],[151.468568,-32.435326],[151.468556,-32.435365],[151.46854,-32.435405],[151.468522,-32.435446],[151.468467,-32.435565],[151.468416,-32.435683],[151.468378,-32.43576],[151.468358,-32.435797],[151.468314,-32.43587],[151.468291,-32.435906],[151.468253,-32.435972],[151.46822,-32.436031],[151.468188,-32.436091],[151.468154,-32.436164],[151.468089,-32.436312],[151.468053,-32.436387],[151.468037,-32.436424],[151.468024,-32.436463],[151.468017,-32.436501],[151.468012,-32.43654],[151.468004,-32.436658],[151.467992,-32.436754],[151.467989,-32.436786],[151.467989,-32.436818],[151.467992,-32.436854],[151.467998,-32.43689],[151.468005,-32.436925],[151.468022,-32.436996],[151.468045,-32.437072],[151.468071,-32.437147],[151.468083,-32.437185],[151.468121,-32.437315],[151.468143,-32.437403],[151.46815,-32.437441],[151.468168,-32.437554],[151.468176,-32.437592],[151.468185,-32.437632],[151.468209,-32.437712],[151.46822,-32.437752],[151.468229,-32.437793],[151.468237,-32.437844],[151.468254,-32.437999],[151.468262,-32.438051],[151.46827,-32.438088],[151.468288,-32.438161],[151.468298,-32.438198],[151.468356,-32.438395],[151.468394,-32.438516],[151.46842,-32.438596],[151.468435,-32.438636],[151.468481,-32.43874],[151.468498,-32.438774],[151.468536,-32.438844],[151.468654,-32.439037],[151.468714,-32.439142],[151.468745,-32.439193],[151.468778,-32.439244],[151.468811,-32.439292],[151.468846,-32.439339],[151.468882,-32.439385],[151.468984,-32.439521],[151.469076,-32.439649],[151.469225,-32.439852],[151.469289,-32.439937],[151.469389,-32.440072],[151.469423,-32.440116],[151.469558,-32.440297],[151.469604,-32.440357],[151.469652,-32.440415],[151.469747,-32.440525],[151.469847,-32.44063],[151.469901,-32.440679],[151.469956,-32.440727],[151.470013,-32.440773],[151.470072,-32.440817],[151.470134,-32.440857],[151.470167,-32.440876],[151.468946,-32.441029],[151.468675,-32.441063],[151.468611,-32.441069],[151.468456,-32.441086],[151.46841,-32.441092],[151.468364,-32.441097],[151.468318,-32.441104],[151.468217,-32.441122],[151.468167,-32.441132],[151.468117,-32.441143],[151.467991,-32.441175],[151.467915,-32.441198],[151.467878,-32.441212],[151.467835,-32.441231],[151.467793,-32.441253],[151.467751,-32.441277],[151.467669,-32.441326],[151.467566,-32.441385],[151.467516,-32.441415],[151.467466,-32.441447],[151.467418,-32.44148],[151.467371,-32.441515],[151.467325,-32.441551],[151.46728,-32.441589],[151.467236,-32.441628],[151.467194,-32.441668],[151.467156,-32.441708],[151.46712,-32.441749],[151.467084,-32.441792],[151.467018,-32.44188],[151.46698,-32.441933],[151.466944,-32.441988],[151.466909,-32.442044],[151.466877,-32.442102],[151.466848,-32.44216],[151.466829,-32.4422],[151.466811,-32.442241],[151.466795,-32.442282],[151.466766,-32.442366],[151.466749,-32.442427],[151.466734,-32.442488],[151.466722,-32.44255],[151.466712,-32.442613],[151.466704,-32.442675],[151.466699,-32.442724],[151.466692,-32.442823],[151.466689,-32.442922],[151.466688,-32.443048],[151.466691,-32.443174],[151.466695,-32.443237],[151.466701,-32.443301],[151.466709,-32.443366],[151.466729,-32.443494],[151.466756,-32.443634],[151.466792,-32.443786],[151.466812,-32.443861],[151.466884,-32.444105],[151.466912,-32.444189],[151.466944,-32.44427],[151.466981,-32.444349],[151.467007,-32.444395],[151.467035,-32.444442],[151.467065,-32.444486],[151.467096,-32.44453],[151.467129,-32.444573],[151.467237,-32.444724],[151.467263,-32.444762],[151.467329,-32.444854],[151.467351,-32.444886],[151.467371,-32.444917],[151.467388,-32.444945],[151.467435,-32.445032],[151.467451,-32.44506],[151.467507,-32.445154],[151.467611,-32.445322],[151.467653,-32.445393],[151.467691,-32.445466],[151.467709,-32.445503],[151.467747,-32.445577],[151.467786,-32.445647],[151.467824,-32.445718],[151.467851,-32.445782],[151.467861,-32.445809],[151.467879,-32.445865],[151.467918,-32.445999],[151.467943,-32.446107],[151.467954,-32.446162],[151.46796,-32.446202],[151.467974,-32.446322],[151.46798,-32.446362],[151.467989,-32.446409],[151.468012,-32.4465],[151.468033,-32.446592],[151.468042,-32.446635],[151.468065,-32.446766],[151.46809,-32.446897],[151.468099,-32.446941],[151.468119,-32.447027],[151.468132,-32.447077],[151.468177,-32.447225],[151.468193,-32.447274],[151.468223,-32.447374],[151.468246,-32.44744],[151.468262,-32.447479],[151.468299,-32.447555],[151.46834,-32.447629],[151.468363,-32.447668],[151.468389,-32.447705],[151.468439,-32.44778],[151.468461,-32.447819],[151.468487,-32.447873],[151.468533,-32.447985],[151.468555,-32.448042],[151.468575,-32.4481],[151.468587,-32.448146],[151.468596,-32.448193],[151.468604,-32.44824],[151.468614,-32.448335],[151.468617,-32.448371],[151.468619,-32.448408],[151.468621,-32.448482],[151.468619,-32.44855],[151.468614,-32.448615],[151.4686,-32.448722],[151.468584,-32.44881],[151.468565,-32.448896],[151.468537,-32.448997],[151.468522,-32.449059],[151.468503,-32.449169],[151.468483,-32.449272],[151.468469,-32.449339],[151.468452,-32.449408],[151.46843,-32.449482],[151.468418,-32.449518],[151.468407,-32.449555],[151.468358,-32.449706],[151.468319,-32.449819],[151.468291,-32.449895],[151.468277,-32.449932],[151.468217,-32.450077],[151.468196,-32.450125],[151.468138,-32.450251],[151.4681,-32.450329],[151.468079,-32.450367],[151.468049,-32.450417],[151.467986,-32.450515],[151.467951,-32.450562],[151.467916,-32.450607],[151.467885,-32.450644],[151.467785,-32.450749],[151.467753,-32.450785],[151.467665,-32.450894],[151.467583,-32.451007],[151.46752,-32.451096],[151.467477,-32.45116],[151.46741,-32.451262],[151.467318,-32.451414],[151.46723,-32.451557],[151.467163,-32.451669],[151.467121,-32.451745],[151.467087,-32.451807],[151.467039,-32.4519],[151.466993,-32.451984],[151.466923,-32.452111],[151.466849,-32.452254],[151.466829,-32.452294],[151.46679,-32.452374],[151.466734,-32.452498],[151.466678,-32.452629],[151.466623,-32.452746],[151.46657,-32.452855],[151.46651,-32.45297],[151.46649,-32.453007],[151.466443,-32.453083],[151.46639,-32.453161],[151.466332,-32.453233],[151.466279,-32.453285],[151.466196,-32.453358],[151.466135,-32.453415],[151.466073,-32.45347],[151.46604,-32.453495],[151.466005,-32.453519],[151.465969,-32.453542],[151.465932,-32.453563],[151.465894,-32.453583],[151.465777,-32.453649],[151.465736,-32.453671],[151.465654,-32.453712],[151.465605,-32.453734],[151.465403,-32.453809],[151.465282,-32.453858],[151.46516,-32.453906],[151.465099,-32.453928],[151.464973,-32.453969],[151.464845,-32.454004],[151.464781,-32.454019],[151.464665,-32.45404],[151.46449,-32.454064],[151.464283,-32.454097],[151.464214,-32.454107],[151.464145,-32.454115],[151.46409,-32.454119],[151.463923,-32.454127],[151.463868,-32.454131],[151.463746,-32.454146],[151.463685,-32.454155],[151.463624,-32.454165],[151.463564,-32.454176],[151.463447,-32.454198],[151.463388,-32.45421],[151.46333,-32.454223],[151.463273,-32.454238],[151.463228,-32.454251],[151.463138,-32.45428],[151.46305,-32.454312],[151.462976,-32.454341],[151.462903,-32.454372],[151.462832,-32.454405],[151.46276,-32.45444],[151.462691,-32.454477],[151.462617,-32.454518],[151.462544,-32.454561],[151.462473,-32.454606],[151.462404,-32.454654],[151.462338,-32.454705],[151.462287,-32.454751],[151.462237,-32.454798],[151.46219,-32.454847],[151.462144,-32.454899],[151.462101,-32.454951],[151.460864,-32.456483],[151.460744,-32.456707],[151.460728,-32.456741],[151.460715,-32.456775],[151.460701,-32.456818],[151.460692,-32.456862],[151.460678,-32.456953],[151.460668,-32.457036],[151.460662,-32.457112],[151.46066,-32.457149],[151.460659,-32.457187],[151.460659,-32.457231],[151.460671,-32.457405],[151.460677,-32.457505],[151.460678,-32.457538],[151.460677,-32.457571],[151.460675,-32.457604],[151.460671,-32.457638],[151.460651,-32.457769],[151.460633,-32.457865],[151.460628,-32.457898],[151.460612,-32.458058],[151.460603,-32.458129],[151.460598,-32.45816],[151.46058,-32.458253],[151.46056,-32.458338],[151.460538,-32.458423],[151.460525,-32.458465],[151.460505,-32.458525],[151.460483,-32.458584],[151.460455,-32.458645],[151.460438,-32.458677],[151.460401,-32.458739],[151.460381,-32.458768],[151.460351,-32.458806],[151.460318,-32.458842],[151.460246,-32.45891],[151.46012,-32.459042],[151.460037,-32.459122],[151.460006,-32.459149],[151.459974,-32.459174],[151.45994,-32.459196],[151.459916,-32.45921],[151.459838,-32.459243],[151.459778,-32.459267],[151.459711,-32.459292],[151.459643,-32.459316],[151.459597,-32.459331],[151.45955,-32.459344],[151.459458,-32.459373],[151.459412,-32.45939],[151.459374,-32.459407],[151.459299,-32.459446],[151.459261,-32.459464],[151.459223,-32.459481],[151.459156,-32.459505],[151.459088,-32.459524],[151.459054,-32.459532],[151.459018,-32.459537],[151.458945,-32.459542],[151.458871,-32.459543],[151.458779,-32.45954],[151.458733,-32.459536],[151.458641,-32.459525],[151.458607,-32.459519],[151.458473,-32.45949],[151.458443,-32.459485],[151.457857,-32.459651],[151.457004,-32.460056],[151.456983,-32.460122],[151.456951,-32.460237],[151.456937,-32.460275],[151.456921,-32.46031],[151.456896,-32.460356],[151.456865,-32.460399],[151.456832,-32.46044],[151.456795,-32.460479],[151.456735,-32.460538],[151.456711,-32.460559],[151.456636,-32.460619],[151.456572,-32.460678],[151.456528,-32.460716],[151.456483,-32.46075],[151.456437,-32.460782],[151.456343,-32.460844],[151.456297,-32.460876],[151.456223,-32.460932],[151.456025,-32.46109],[151.455981,-32.461126],[151.455938,-32.461163],[151.455897,-32.461202],[151.45585,-32.461249],[151.455804,-32.461297],[151.45576,-32.461347],[151.455718,-32.461399],[151.45568,-32.461453],[151.455644,-32.461509],[151.45561,-32.461568],[151.45558,-32.461628],[151.455523,-32.46175],[151.455494,-32.461821],[151.455468,-32.461894],[151.45542,-32.462039],[151.455393,-32.462111],[151.455351,-32.462215],[151.455321,-32.462284],[151.455313,-32.462319],[151.455294,-32.462391],[151.45527,-32.462465],[151.455256,-32.462505],[151.455241,-32.462544],[151.455225,-32.462582],[151.455194,-32.462652],[151.455164,-32.462714],[151.455112,-32.462816],[151.45507,-32.462896],[151.455024,-32.462975],[151.454993,-32.463024],[151.454961,-32.463072],[151.454894,-32.463167],[151.454834,-32.463254],[151.45478,-32.46333],[151.454755,-32.463369],[151.454717,-32.463436],[151.454703,-32.463463],[151.45469,-32.463491],[151.454679,-32.463519],[151.45467,-32.463547],[151.454665,-32.463584],[151.454664,-32.463621],[151.454668,-32.463698],[151.454671,-32.463839],[151.45467,-32.463874],[151.454665,-32.463944],[151.454661,-32.46398],[151.454656,-32.464016],[151.454649,-32.464051],[151.454641,-32.464086],[151.45462,-32.464156],[151.4546,-32.4642],[151.454584,-32.464224],[151.454565,-32.464245],[151.454524,-32.464287],[151.454491,-32.464324],[151.454463,-32.464356],[151.454437,-32.464389],[151.454405,-32.464426],[151.45439,-32.464445],[151.454377,-32.464465],[151.454368,-32.464486],[151.454364,-32.464505],[151.454362,-32.464524],[151.454362,-32.464544],[151.454364,-32.464564],[151.454368,-32.464583],[151.454373,-32.464599],[151.454381,-32.464614],[151.454399,-32.464644],[151.454426,-32.464684],[151.454455,-32.464721],[151.454487,-32.464756],[151.454574,-32.464847],[151.454603,-32.464879],[151.454615,-32.464894],[151.454628,-32.464908],[151.45464,-32.464924],[151.45465,-32.464939],[151.454662,-32.464961],[151.454672,-32.464983],[151.454681,-32.465007],[151.454697,-32.465054],[151.454707,-32.465089],[151.454716,-32.465124],[151.454724,-32.46516],[151.454746,-32.465284],[151.454757,-32.465364],[151.45476,-32.465456],[151.45476,-32.465487],[151.454766,-32.465542],[151.454782,-32.465639],[151.454788,-32.465691],[151.454792,-32.465744],[151.454801,-32.465902],[151.454804,-32.465936],[151.454808,-32.466002],[151.454817,-32.4661],[151.454829,-32.466197],[151.454834,-32.466229],[151.45484,-32.466297],[151.454844,-32.466331],[151.45485,-32.466364],[151.45486,-32.466395],[151.454872,-32.466421],[151.454886,-32.466447],[151.454903,-32.466472],[151.454921,-32.466495],[151.45494,-32.466516],[151.454953,-32.466527],[151.454995,-32.466556],[151.455008,-32.466567],[151.455025,-32.466586],[151.455041,-32.466606],[151.455056,-32.466627],[151.45507,-32.466649],[151.455082,-32.466671],[151.455094,-32.466699],[151.455104,-32.466729],[151.455113,-32.466759],[151.45512,-32.46679],[151.455128,-32.46682],[151.455138,-32.466866],[151.455151,-32.466961],[151.455162,-32.467005],[151.455181,-32.467044],[151.455197,-32.467065],[151.455215,-32.467085],[151.455234,-32.467103],[151.455254,-32.467121],[151.455275,-32.467135],[151.455288,-32.467148],[151.455301,-32.467159],[151.45533,-32.467181],[151.455343,-32.467193],[151.455375,-32.467225],[151.455404,-32.46726],[151.455417,-32.467279],[151.455435,-32.467315],[151.45545,-32.467352],[151.45547,-32.467407],[151.455526,-32.467582],[151.455542,-32.467638],[151.455552,-32.467666],[151.455563,-32.467692],[151.455583,-32.467727],[151.455606,-32.467759],[151.455658,-32.467822],[151.455686,-32.467855],[151.455802,-32.468109],[151.456775,-32.469078],[151.455369,-32.469423],[151.455661,-32.470648],[151.455677,-32.470714],[151.455796,-32.470821],[151.455989,-32.471073],[151.456798,-32.472384],[151.457064,-32.472538],[151.458085,-32.473092],[151.458761,-32.473234],[151.460782,-32.47405],[151.461831,-32.475827],[151.463006,-32.476479],[151.464208,-32.476787],[151.465042,-32.477357],[151.464922,-32.478483],[151.466378,-32.479197],[151.467214,-32.479606],[151.468537,-32.479926],[151.470001,-32.480587],[151.470207,-32.480968],[151.471352,-32.48183],[151.471926,-32.48298],[151.473332,-32.483806],[151.47396,-32.485049],[151.475049,-32.485822],[151.477475,-32.487116],[151.478738,-32.487772],[151.480586,-32.489111],[151.482043,-32.490091],[151.485127,-32.492409],[151.488849,-32.494152],[151.489017,-32.494227],[151.493112,-32.496031],[151.496538,-32.497268],[151.497846,-32.498418],[151.497955,-32.498525],[151.498055,-32.498647],[151.498143,-32.498782],[151.498216,-32.498923],[151.49827,-32.499065],[151.498298,-32.49919],[151.49831,-32.49932],[151.498312,-32.499453],[151.498311,-32.499587],[151.498311,-32.499719],[151.498307,-32.499881],[151.498277,-32.500208],[151.498274,-32.500369],[151.49829,-32.500527],[151.498358,-32.500747],[151.498466,-32.500961],[151.498599,-32.501169],[151.498745,-32.501371],[151.498889,-32.501568],[151.499047,-32.501771],[151.499218,-32.501965],[151.499574,-32.502342],[151.499745,-32.502537],[151.499859,-32.50267],[151.499974,-32.502802],[151.500087,-32.502936],[151.500194,-32.503074],[151.500293,-32.503217],[151.500384,-32.503362],[151.500471,-32.503511],[151.500551,-32.503665],[151.500621,-32.503821],[151.500678,-32.503981],[151.500727,-32.504188],[151.500752,-32.504402],[151.500763,-32.504621],[151.500774,-32.505323],[151.500772,-32.505587],[151.500762,-32.505851],[151.500744,-32.506115],[151.500717,-32.506377],[151.50069,-32.506602],[151.500659,-32.506828],[151.500621,-32.507053],[151.500571,-32.507274],[151.500504,-32.507487],[151.500443,-32.507638],[151.500376,-32.507787],[151.500301,-32.507933],[151.500219,-32.508075],[151.499992,-32.50841],[151.499094,-32.509239],[151.498881,-32.510608],[151.498767,-32.512874],[151.499006,-32.513585],[151.498447,-32.517293],[151.497335,-32.518172],[151.495738,-32.519158],[151.495958,-32.522117],[151.49508,-32.524045],[151.495086,-32.524095],[151.495099,-32.524143],[151.495118,-32.52419],[151.495143,-32.524233],[151.495173,-32.524273],[151.495307,-32.524443],[151.495375,-32.524516],[151.495507,-32.524646],[151.495646,-32.524769],[151.495934,-32.525009],[151.496071,-32.525134],[151.496223,-32.525285],[151.496371,-32.52544],[151.496662,-32.525756],[151.496809,-32.525912],[151.496939,-32.526061],[151.497067,-32.526215],[151.497198,-32.526366],[151.497334,-32.526506],[151.497485,-32.526628],[151.49763,-32.526716],[151.497785,-32.52679],[151.497947,-32.526856],[151.498231,-32.526966],[151.498569,-32.527105],[151.498718,-32.527164],[151.498869,-32.527221],[151.49902,-32.527274],[151.499199,-32.527324],[151.499383,-32.527362],[151.499566,-32.527401],[151.499607,-32.527412],[151.499742,-32.527451],[151.499904,-32.527527],[151.500034,-32.527614],[151.500159,-32.527715],[151.500277,-32.527827],[151.500382,-32.527948],[151.500473,-32.528075],[151.500559,-32.528229],[151.500629,-32.528396],[151.500684,-32.528572],[151.50072,-32.52875],[151.500739,-32.529049],[151.502072,-32.529277],[151.501473,-32.532143],[151.500399,-32.537558],[151.499675,-32.541277],[151.498114,-32.548327],[151.497317,-32.551857],[151.496069,-32.557297],[151.496068,-32.557305],[151.479718,-32.555213],[151.478833,-32.559861],[151.477227,-32.568077],[151.475897,-32.574887],[151.475075,-32.579439],[151.473945,-32.586517],[151.476519,-32.586888],[151.476495,-32.587048],[151.476481,-32.587397],[151.476554,-32.587719],[151.476734,-32.588057],[151.47686,-32.588412],[151.477013,-32.588762],[151.477033,-32.589173],[151.476986,-32.589517],[151.476899,-32.589962],[151.476713,-32.590334],[151.476673,-32.590486],[151.476872,-32.590864],[151.477138,-32.591208],[151.477158,-32.591585],[151.477205,-32.591918],[151.477258,-32.592313],[151.477178,-32.592707],[151.477091,-32.592978],[151.477091,-32.593333],[151.477057,-32.593755],[151.477184,-32.594015],[151.477203,-32.594342],[151.477203,-32.594545],[151.477224,-32.594795],[151.476564,-32.594702],[151.475683,-32.599011],[151.474918,-32.598539],[151.473438,-32.605699],[151.473333,-32.606207],[151.472846,-32.608609],[151.472472,-32.610433],[151.472218,-32.611626],[151.472188,-32.611763],[151.471973,-32.612717],[151.471848,-32.613327],[151.471626,-32.61399],[151.471577,-32.614582],[151.471409,-32.615298],[151.471375,-32.615457],[151.470816,-32.618177],[151.468478,-32.617838],[151.465676,-32.617472],[151.463364,-32.617162],[151.461753,-32.616914],[151.45946,-32.616568],[151.456644,-32.616164],[151.45421,-32.615831],[151.451169,-32.615481],[151.452183,-32.610203],[151.452465,-32.608653],[151.44586,-32.607757],[151.445606,-32.609283],[151.445046,-32.612383],[151.441134,-32.61541],[151.439589,-32.615404],[151.439125,-32.615401],[151.438967,-32.615419],[151.438902,-32.615427],[151.436312,-32.614033],[151.435806,-32.61388],[151.434772,-32.613621],[151.434338,-32.615844],[151.43081,-32.615354],[151.430562,-32.615623],[151.431006,-32.615952],[151.43158,-32.61659],[151.432351,-32.617387],[151.433299,-32.618139],[151.433569,-32.618619],[151.433814,-32.619127],[151.434252,-32.619701],[151.434232,-32.620316],[151.434251,-32.620807],[151.434163,-32.621463],[151.434073,-32.622378],[151.433949,-32.623221],[151.433914,-32.623494],[151.433934,-32.623683],[151.433886,-32.623999],[151.433946,-32.62424],[151.433827,-32.624464],[151.433719,-32.624705],[151.43361,-32.625013],[151.433413,-32.625661],[151.43314,-32.626574],[151.432792,-32.627337],[151.431909,-32.628712],[151.431478,-32.629473],[151.431342,-32.62992],[151.431218,-32.630191],[151.430871,-32.630735],[151.430473,-32.631451],[151.430207,-32.632113],[151.429668,-32.63306],[151.428578,-32.634931],[151.428103,-32.635846],[151.427809,-32.636654],[151.427565,-32.637162],[151.427135,-32.637798],[151.426717,-32.638384],[151.426431,-32.63888],[151.42621,-32.639463],[151.426136,-32.639745],[151.426265,-32.640319],[151.426255,-32.640569],[151.426217,-32.64083],[151.425994,-32.641353],[151.425476,-32.64243],[151.424991,-32.643961],[151.42463,-32.645385],[151.424551,-32.645842],[151.424383,-32.646217],[151.423979,-32.64669],[151.423436,-32.647073],[151.422883,-32.647596],[151.42235,-32.648246],[151.421198,-32.649344],[151.419993,-32.650606],[151.418647,-32.651869],[151.417444,-32.652891],[151.416839,-32.653405],[151.415986,-32.654096],[151.415137,-32.654686],[151.414512,-32.655139],[151.414083,-32.655431],[151.413532,-32.655791],[151.413075,-32.656008],[151.412449,-32.656201],[151.411432,-32.656464],[151.410266,-32.656776],[151.4094,-32.657005],[151.408486,-32.657172],[151.407789,-32.657291],[151.407377,-32.657412],[151.406985,-32.657604],[151.406131,-32.658043],[151.405751,-32.658309],[151.405337,-32.658612],[151.404917,-32.658998],[151.404413,-32.659535],[151.40373,-32.660206],[151.403217,-32.661003],[151.403078,-32.661303],[151.403088,-32.66225],[151.403054,-32.662939],[151.403248,-32.662951],[151.403266,-32.663249],[151.403323,-32.663775],[151.403394,-32.664303],[151.403469,-32.664827],[151.403538,-32.665353],[151.40363,-32.666174],[151.403718,-32.666995],[151.403811,-32.667817],[151.403917,-32.668635],[151.404043,-32.669451],[151.404229,-32.670495],[151.404435,-32.671539],[151.404669,-32.672577],[151.40494,-32.673602],[151.405256,-32.674611],[151.405571,-32.675434],[151.405929,-32.676241],[151.406307,-32.677042],[151.406681,-32.677845],[151.407026,-32.678658],[151.407184,-32.679147],[151.407241,-32.679325],[151.407417,-32.680021],[151.407602,-32.680707],[151.407843,-32.681344],[151.408188,-32.681896],[151.40853,-32.682242],[151.408923,-32.682546],[151.409347,-32.682823],[151.409784,-32.683087],[151.410213,-32.683351],[151.410749,-32.683692],[151.411293,-32.684024],[151.411846,-32.684339],[151.41241,-32.684632],[151.412985,-32.684895],[151.413686,-32.685172],[151.414405,-32.685414],[151.415138,-32.68562],[151.415879,-32.685789],[151.416621,-32.685919],[151.417024,-32.686082],[151.417252,-32.68608],[151.417674,-32.68611],[151.418206,-32.686203],[151.41874,-32.686358],[151.41926,-32.686563],[151.41975,-32.686808],[151.420194,-32.687084],[151.420606,-32.687451],[151.420947,-32.687891],[151.421257,-32.688364],[151.421576,-32.688833],[151.421945,-32.68926],[151.422376,-32.68966],[151.422832,-32.690046],[151.423312,-32.690412],[151.423815,-32.69075],[151.424339,-32.691053],[151.424995,-32.691366],[151.425691,-32.691637],[151.426414,-32.691865],[151.427152,-32.692048],[151.42789,-32.692186],[151.42863,-32.692304],[151.429414,-32.692409],[151.429471,-32.692413],[151.430189,-32.69246],[151.430903,-32.692414],[151.431502,-32.692229],[151.431876,-32.692009],[151.432256,-32.691732],[151.432589,-32.691422],[151.432825,-32.691105],[151.432913,-32.690805],[151.432762,-32.690531],[151.432389,-32.690267],[151.431912,-32.69],[151.431444,-32.689714],[151.431101,-32.689393],[151.430848,-32.688976],[151.430643,-32.688509],[151.430504,-32.688021],[151.430453,-32.687543],[151.43051,-32.687103],[151.431332,-32.686119],[151.433552,-32.684733],[151.434104,-32.684485],[151.434787,-32.684208],[151.435461,-32.68392],[151.436102,-32.683592],[151.436804,-32.683162],[151.437487,-32.682703],[151.43759,-32.682627],[151.437743,-32.682584],[151.437894,-32.682533],[151.438042,-32.682475],[151.438186,-32.682409],[151.438328,-32.682336],[151.438465,-32.682256],[151.438599,-32.68217],[151.438727,-32.682076],[151.438851,-32.681977],[151.43897,-32.681871],[151.439083,-32.681759],[151.43919,-32.681642],[151.439292,-32.68152],[151.439387,-32.681393],[151.439476,-32.681261],[151.439558,-32.681125],[151.439633,-32.680984],[151.439708,-32.680823],[151.439775,-32.680659],[151.439836,-32.680491],[151.439889,-32.680321],[151.439934,-32.680149],[151.439971,-32.679976],[151.440001,-32.6798],[151.440022,-32.679624],[151.440036,-32.679446],[151.440042,-32.679269],[151.44004,-32.679091],[151.44003,-32.678913],[151.440012,-32.678736],[151.439985,-32.67856],[151.439952,-32.678386],[151.43991,-32.678213],[151.439861,-32.678042],[151.439804,-32.677873],[151.439739,-32.677708],[151.439667,-32.677545],[151.439589,-32.677385],[151.439503,-32.67723],[151.439409,-32.677078],[151.438979,-32.675733],[151.438557,-32.674386],[151.438142,-32.673036],[151.437698,-32.671561],[151.437668,-32.671435],[151.437647,-32.671308],[151.437632,-32.67118],[151.437626,-32.671051],[151.437628,-32.670923],[151.437637,-32.670794],[151.437654,-32.670666],[151.437679,-32.67054],[151.437712,-32.670415],[151.437752,-32.670293],[151.437799,-32.670173],[151.437854,-32.670056],[151.437915,-32.669943],[151.437984,-32.669834],[151.438059,-32.669729],[151.43814,-32.669629],[151.438226,-32.669534],[151.438319,-32.669444],[151.438417,-32.66936],[151.43852,-32.669282],[151.438627,-32.669211],[151.438739,-32.669146],[151.438854,-32.669089],[151.438972,-32.669038],[151.439094,-32.668995],[151.439217,-32.668959],[151.439343,-32.66893],[151.43947,-32.668909],[151.439598,-32.668896],[151.439727,-32.668891],[151.439856,-32.668894],[151.440094,-32.668855],[151.440333,-32.668824],[151.440573,-32.668801],[151.440814,-32.668785],[151.441055,-32.668777],[151.441296,-32.668777],[151.441537,-32.668785],[151.441778,-32.668801],[151.442018,-32.668824],[151.442258,-32.668855],[151.442496,-32.668894],[151.442733,-32.66894],[151.442968,-32.668994],[151.443201,-32.669055],[151.443432,-32.669124],[151.443661,-32.669201],[151.443887,-32.669284],[151.44411,-32.669375],[151.444331,-32.669474],[151.444548,-32.669579],[151.444761,-32.669691],[151.444971,-32.66981],[151.445177,-32.669936],[151.445492,-32.670078],[151.445811,-32.670212],[151.446132,-32.670339],[151.446457,-32.670459],[151.446784,-32.67057],[151.447114,-32.670674],[151.447446,-32.670771],[151.44778,-32.670859],[151.448117,-32.67094],[151.448305,-32.670998],[151.448495,-32.671048],[151.448688,-32.67109],[151.448882,-32.671125],[151.449078,-32.671151],[151.449274,-32.671169],[151.449471,-32.671178],[151.449668,-32.67118],[151.449864,-32.671174],[151.450061,-32.671159],[151.450257,-32.671136],[151.450451,-32.671105],[151.450645,-32.671066],[151.450836,-32.671019],[151.451025,-32.670965],[151.451212,-32.670902],[151.451396,-32.670832],[151.451577,-32.670754],[151.45178,-32.670569],[151.451977,-32.670378],[151.452168,-32.670181],[151.452354,-32.669979],[151.452532,-32.66977],[151.452704,-32.669556],[151.452869,-32.669337],[151.453027,-32.669112],[151.453178,-32.668883],[151.453322,-32.668649],[151.453458,-32.668411],[151.453587,-32.668169],[151.453715,-32.667989],[151.453837,-32.667805],[151.453952,-32.667617],[151.454059,-32.667424],[151.454159,-32.667228],[151.454252,-32.667027],[151.454336,-32.666824],[151.454414,-32.666617],[151.454483,-32.666408],[151.454544,-32.666196],[151.454598,-32.665982],[151.454643,-32.665766],[151.45468,-32.665548],[151.454708,-32.665329],[151.454729,-32.66511],[151.454741,-32.664889],[151.454745,-32.664669],[151.45474,-32.664448],[151.45464,-32.664278],[151.454534,-32.664111],[151.45442,-32.663949],[151.4543,-32.663792],[151.454174,-32.66364],[151.454041,-32.663493],[151.453903,-32.663351],[151.453759,-32.663216],[151.45361,-32.663086],[151.453455,-32.662963],[151.453295,-32.662846],[151.453131,-32.662736],[151.452962,-32.662633],[151.452789,-32.662536],[151.452613,-32.662447],[151.452433,-32.662365],[151.452237,-32.662295],[151.452043,-32.662216],[151.451853,-32.66213],[151.451666,-32.662036],[151.451484,-32.661935],[151.451305,-32.661826],[151.451132,-32.66171],[151.450963,-32.661588],[151.450799,-32.661458],[151.450641,-32.661322],[151.450488,-32.66118],[151.450341,-32.661031],[151.4502,-32.660877],[151.450074,-32.66069],[151.449954,-32.660498],[151.449843,-32.660301],[151.449738,-32.660101],[151.44964,-32.659897],[151.449551,-32.65969],[151.449468,-32.659479],[151.449394,-32.659266],[151.449328,-32.659049],[151.44927,-32.658831],[151.44935,-32.65867],[151.449436,-32.658513],[151.44953,-32.658359],[151.44963,-32.65821],[151.449736,-32.658065],[151.449849,-32.657926],[151.449968,-32.657791],[151.450093,-32.657662],[151.450223,-32.657538],[151.450358,-32.65742],[151.450499,-32.657309],[151.450645,-32.657203],[151.450795,-32.657104],[151.450949,-32.657012],[151.451107,-32.656927],[151.451269,-32.656849],[151.451434,-32.656778],[151.451602,-32.656714],[151.451772,-32.656658],[151.451945,-32.65661],[151.45212,-32.656569],[151.452297,-32.656536],[151.452474,-32.65651],[151.452653,-32.656493],[151.452833,-32.656483],[151.453012,-32.656482],[151.453192,-32.656488],[151.453371,-32.656502],[151.453549,-32.656524],[151.453956,-32.656582],[151.454361,-32.656648],[151.454765,-32.656722],[151.455167,-32.656805],[151.455449,-32.656869],[151.455567,-32.656895],[151.455965,-32.656994],[151.456362,-32.657101],[151.456756,-32.657216],[151.457148,-32.657339],[151.457536,-32.65747],[151.457923,-32.65761],[151.458306,-32.657757],[151.458686,-32.657911],[151.459063,-32.658074],[151.459437,-32.658244],[151.459807,-32.658422],[151.460173,-32.658608],[151.460757,-32.658776],[151.461339,-32.658952],[151.461919,-32.659136],[151.46239,-32.659292],[151.462497,-32.659327],[151.463072,-32.659526],[151.463644,-32.659732],[151.464214,-32.659945],[151.464781,-32.660165],[151.465345,-32.660393],[151.467301,-32.661216],[151.46781,-32.661434],[151.469252,-32.662049],[151.469386,-32.66213],[151.469523,-32.662204],[151.469664,-32.66227],[151.469809,-32.66233],[151.469956,-32.662382],[151.470106,-32.662427],[151.470258,-32.662464],[151.470411,-32.662493],[151.470566,-32.662515],[151.470721,-32.662528],[151.470878,-32.662534],[151.471034,-32.662531],[151.47119,-32.662521],[151.471345,-32.662503],[151.471499,-32.662477],[151.471652,-32.662443],[151.471802,-32.662401],[151.47195,-32.662352],[151.472096,-32.662295],[151.472238,-32.662231],[151.472378,-32.66216],[151.472558,-32.662016],[151.472746,-32.66188],[151.472941,-32.661753],[151.473141,-32.661635],[151.473345,-32.661528],[151.473615,-32.661412],[151.473896,-32.661319],[151.474184,-32.661239],[151.474473,-32.661163],[151.474759,-32.661082],[151.475008,-32.661013],[151.47526,-32.660951],[151.47551,-32.660886],[151.475754,-32.660809],[151.475987,-32.66071],[151.476189,-32.660601],[151.476389,-32.660481],[151.476581,-32.660347],[151.476759,-32.660201],[151.476917,-32.66004],[151.477099,-32.659775],[151.477235,-32.659469],[151.477344,-32.65914],[151.477443,-32.658804],[151.47755,-32.658477],[151.477888,-32.657648],[151.478252,-32.656794],[151.478566,-32.655939],[151.478754,-32.655104],[151.47874,-32.654311],[151.478667,-32.654012],[151.478565,-32.653717],[151.478448,-32.653426],[151.478329,-32.653135],[151.47822,-32.652842],[151.478063,-32.652413],[151.477896,-32.651984],[151.47774,-32.651554],[151.477617,-32.651121],[151.47755,-32.650684],[151.477557,-32.650122],[151.477646,-32.649548],[151.477795,-32.648973],[151.477981,-32.648406],[151.478182,-32.647856],[151.478297,-32.647577],[151.478425,-32.647302],[151.478559,-32.64703],[151.478691,-32.646757],[151.478815,-32.64648],[151.47894,-32.64617],[151.479059,-32.645857],[151.479174,-32.645543],[151.47929,-32.64523],[151.47941,-32.644918],[151.479684,-32.64423],[151.479962,-32.643542],[151.480253,-32.64286],[151.480562,-32.642189],[151.480899,-32.641532],[151.481215,-32.64097],[151.481549,-32.640415],[151.481899,-32.63987],[151.482265,-32.639336],[151.482981,-32.638367],[151.483318,-32.637913],[151.483671,-32.637474],[151.484052,-32.637074],[151.484471,-32.636733],[151.484807,-32.636522],[151.485163,-32.636333],[151.485533,-32.636167],[151.485912,-32.636028],[151.486294,-32.635915],[151.486814,-32.635807],[151.487355,-32.635747],[151.487903,-32.635733],[151.488447,-32.635764],[151.488973,-32.635841],[151.489306,-32.635922],[151.489634,-32.636031],[151.489959,-32.636154],[151.490284,-32.636281],[151.490611,-32.636399],[151.491133,-32.636564],[151.491658,-32.63672],[151.492183,-32.636878],[151.492703,-32.637046],[151.493215,-32.637235],[151.493648,-32.637417],[151.494075,-32.63761],[151.494499,-32.637814],[151.494919,-32.638024],[151.495336,-32.63824],[151.495846,-32.63849],[151.496367,-32.638737],[151.496875,-32.638999],[151.497346,-32.639298],[151.497755,-32.639654],[151.498045,-32.639998],[151.498304,-32.640378],[151.498533,-32.640783],[151.498734,-32.641202],[151.498909,-32.641625],[151.499,-32.641894],[151.499075,-32.642169],[151.499143,-32.642447],[151.499209,-32.642725],[151.499281,-32.643002],[151.499438,-32.643543],[151.499603,-32.644082],[151.499771,-32.64462],[151.499938,-32.645159],[151.500099,-32.645699],[151.500221,-32.646182],[151.500325,-32.646675],[151.500434,-32.647164],[151.500574,-32.647636],[151.50062,-32.647739],[151.500695,-32.647957],[151.50073,-32.648067],[151.500764,-32.648178],[151.500795,-32.648289],[151.500829,-32.648423],[151.500912,-32.648831],[151.500944,-32.648966],[151.500978,-32.64909],[151.501051,-32.649337],[151.501089,-32.64946],[151.501123,-32.649583],[151.501153,-32.649701],[151.501208,-32.649937],[151.501238,-32.650055],[151.501273,-32.650171],[151.501319,-32.650303],[151.501369,-32.650434],[151.501424,-32.650563],[151.501482,-32.650691],[151.501541,-32.650818],[151.501597,-32.650931],[151.501716,-32.651153],[151.501779,-32.651262],[151.501843,-32.65137],[151.502049,-32.651691],[151.502252,-32.652015],[151.502452,-32.65234],[151.50265,-32.652666],[151.502845,-32.652994],[151.503047,-32.653342],[151.503247,-32.653692],[151.503444,-32.654043],[151.503638,-32.654396],[151.50383,-32.654749],[151.503984,-32.655043],[151.504284,-32.655634],[151.504438,-32.655927],[151.504599,-32.656216],[151.504736,-32.656439],[151.505023,-32.656877],[151.505164,-32.657097],[151.505296,-32.657322],[151.505395,-32.657518],[151.505485,-32.65772],[151.505573,-32.657922],[151.505668,-32.658119],[151.505777,-32.658308],[151.50589,-32.658481],[151.506009,-32.658653],[151.506136,-32.658818],[151.506274,-32.65897],[151.506426,-32.659102],[151.50658,-32.659197],[151.506748,-32.659273],[151.507099,-32.659408],[151.507267,-32.659486],[151.507446,-32.659587],[151.507621,-32.659695],[151.507794,-32.659807],[151.507964,-32.659922],[151.508385,-32.66024],[151.508548,-32.660342],[151.508751,-32.6605],[151.508949,-32.660664],[151.509142,-32.660833],[151.509362,-32.661033],[151.509581,-32.661238],[151.509791,-32.661452],[151.509983,-32.661676],[151.510151,-32.661915],[151.510267,-32.662118],[151.51037,-32.66233],[151.510461,-32.662549],[151.510541,-32.662772],[151.510608,-32.662997],[151.51065,-32.663158],[151.510689,-32.663321],[151.510721,-32.663485],[151.510743,-32.66365],[151.510752,-32.663815],[151.510734,-32.66404],[151.510684,-32.664265],[151.510619,-32.664491],[151.510556,-32.664717],[151.510512,-32.664945],[151.510486,-32.665321],[151.510491,-32.6657],[151.510531,-32.666464],[151.510536,-32.666845],[151.510515,-32.667335],[151.510479,-32.667826],[151.510437,-32.668316],[151.510397,-32.668806],[151.510368,-32.669297],[151.510353,-32.669725],[151.510345,-32.670153],[151.510339,-32.670581],[151.510332,-32.671009],[151.51032,-32.671437],[151.510299,-32.671813],[151.510243,-32.672563],[151.510225,-32.672938],[151.510224,-32.673313],[151.510231,-32.673598],[151.510242,-32.673885],[151.510261,-32.67417],[151.510293,-32.674453],[151.510344,-32.674732],[151.510399,-32.674926],[151.51047,-32.675117],[151.510545,-32.675307],[151.510611,-32.675499],[151.510656,-32.675693],[151.510673,-32.675855],[151.510676,-32.676018],[151.510675,-32.676183],[151.510673,-32.676347],[151.51068,-32.676511],[151.510721,-32.67683],[151.510785,-32.677146],[151.510856,-32.677463],[151.510922,-32.677779],[151.510969,-32.678098],[151.510989,-32.678333],[151.511004,-32.678568],[151.511013,-32.678804],[151.511018,-32.679041],[151.511017,-32.679276],[151.511005,-32.679594],[151.510981,-32.679912],[151.510949,-32.68023],[151.510912,-32.680547],[151.510873,-32.680863],[151.510817,-32.681264],[151.510754,-32.681664],[151.510684,-32.682063],[151.510611,-32.682461],[151.510536,-32.682859],[151.510492,-32.6831],[151.510449,-32.683342],[151.510403,-32.683583],[151.510353,-32.683823],[151.510296,-32.684061],[151.510232,-32.684274],[151.510159,-32.684485],[151.510083,-32.684694],[151.510014,-32.684905],[151.509959,-32.685119],[151.509929,-32.685277],[151.509903,-32.685437],[151.509881,-32.685597],[151.509865,-32.685758],[151.509853,-32.685918],[151.509846,-32.686035],[151.50984,-32.686152],[151.509837,-32.686268],[151.509835,-32.686385],[151.509836,-32.686502],[151.509838,-32.68661],[151.509842,-32.686718],[151.509847,-32.686826],[151.509854,-32.686933],[151.509883,-32.687265],[151.509896,-32.687377],[151.509915,-32.687487],[151.509944,-32.687593],[151.509982,-32.687695],[151.510028,-32.687796],[151.51008,-32.687894],[151.510138,-32.687988],[151.5102,-32.688078],[151.510284,-32.688178],[151.510378,-32.688269],[151.510578,-32.688444],[151.510672,-32.688536],[151.51077,-32.688648],[151.510865,-32.688763],[151.51105,-32.688999],[151.511143,-32.689116],[151.511366,-32.689389],[151.511588,-32.689664],[151.511796,-32.689933],[151.511897,-32.690062],[151.511995,-32.690193],[151.512091,-32.690327],[151.512181,-32.690463],[151.512253,-32.690584],[151.51232,-32.690708],[151.51245,-32.690959],[151.512518,-32.691083],[151.512582,-32.691193],[151.512715,-32.691413],[151.51278,-32.691523],[151.512881,-32.69171],[151.512919,-32.691785],[151.512993,-32.691937],[151.513029,-32.692013],[151.513138,-32.692147],[151.513259,-32.692292],[151.513531,-32.692603],[151.51368,-32.692772],[151.513835,-32.692937],[151.513999,-32.693093],[151.514176,-32.693235],[151.51436,-32.693362],[151.514554,-32.693484],[151.514757,-32.693594],[151.514968,-32.693686],[151.515185,-32.693753],[151.515592,-32.693794],[151.518456,-32.693278],[151.521067,-32.691885],[151.525859,-32.688648],[151.52755,-32.687245],[151.532547,-32.682393],[151.532775,-32.682116],[151.533054,-32.681769],[151.533304,-32.681455],[151.533427,-32.681302],[151.533519,-32.681223],[151.5337,-32.681061],[151.533789,-32.680977],[151.533876,-32.680893],[151.534,-32.680766],[151.534121,-32.680636],[151.53424,-32.680504],[151.534356,-32.68037],[151.534471,-32.680234],[151.534579,-32.680101],[151.534788,-32.679829],[151.534894,-32.679693],[151.535002,-32.67956],[151.535098,-32.679444],[151.535193,-32.679327],[151.535291,-32.679212],[151.535393,-32.679101],[151.535501,-32.678998],[151.535585,-32.678923],[151.535672,-32.678851],[151.535762,-32.678783],[151.535855,-32.678718],[151.535951,-32.67866],[151.536075,-32.678598],[151.536205,-32.678545],[151.536339,-32.6785],[151.536475,-32.678458],[151.53661,-32.678419],[151.536846,-32.678361],[151.537086,-32.678317],[151.537329,-32.678283],[151.537573,-32.678254],[151.537816,-32.678227],[151.538143,-32.678192],[151.538471,-32.678164],[151.5388,-32.678143],[151.539129,-32.678132],[151.539457,-32.67813],[151.539676,-32.678135],[151.539895,-32.678142],[151.540115,-32.678155],[151.540333,-32.678172],[151.540551,-32.678195],[151.540703,-32.67821],[151.540856,-32.678224],[151.541008,-32.678243],[151.541157,-32.678271],[151.541299,-32.678315],[151.541453,-32.67838],[151.541608,-32.67846],[151.541754,-32.678553],[151.541884,-32.67866],[151.54199,-32.678781],[151.542062,-32.678843],[151.54213,-32.678913],[151.542193,-32.678988],[151.542248,-32.679068],[151.542296,-32.67915],[151.542336,-32.679243],[151.542365,-32.679341],[151.542387,-32.679443],[151.542425,-32.679648],[151.542451,-32.679807],[151.54247,-32.679968],[151.542501,-32.680291],[151.542521,-32.680451],[151.542541,-32.68056],[151.542586,-32.680778],[151.542605,-32.680887],[151.542618,-32.680997],[151.542624,-32.681103],[151.542626,-32.681156],[151.542626,-32.681262],[151.542675,-32.68138],[151.542733,-32.681526],[151.542778,-32.681632],[151.542825,-32.681738],[151.54287,-32.681845],[151.542908,-32.681952],[151.542934,-32.682061],[151.542945,-32.682186],[151.542942,-32.682314],[151.542929,-32.682443],[151.542911,-32.682571],[151.542872,-32.682827],[151.542847,-32.682955],[151.542819,-32.683083],[151.542744,-32.68336],[151.542712,-32.683481],[151.542689,-32.683579],[151.542667,-32.683695],[151.54265,-32.683811],[151.542643,-32.683869],[151.542612,-32.684004],[151.542603,-32.684037],[151.542593,-32.684082],[151.54256,-32.684214],[151.542539,-32.684292],[151.542519,-32.684361],[151.542508,-32.684395],[151.542496,-32.684428],[151.542459,-32.684514],[151.54245,-32.684536],[151.542441,-32.684561],[151.542413,-32.684664],[151.542406,-32.684692],[151.542387,-32.684777],[151.542379,-32.684805],[151.542372,-32.684827],[151.542347,-32.684894],[151.542341,-32.684916],[151.542312,-32.684997],[151.54228,-32.685095],[151.542271,-32.685125],[151.542247,-32.685218],[151.54224,-32.685248],[151.542219,-32.685327],[151.542188,-32.685463],[151.542165,-32.685599],[151.542148,-32.685729],[151.542135,-32.685859],[151.542128,-32.68599],[151.542129,-32.686121],[151.542139,-32.68625],[151.542156,-32.686375],[151.54218,-32.686501],[151.542212,-32.686625],[151.542255,-32.686746],[151.542309,-32.686862],[151.542378,-32.686973],[151.542458,-32.687081],[151.542549,-32.687184],[151.542648,-32.687281],[151.542753,-32.68737],[151.542883,-32.687459],[151.543026,-32.687538],[151.543176,-32.687608],[151.543331,-32.687674],[151.543645,-32.687802],[151.543808,-32.687862],[151.543972,-32.687918],[151.544139,-32.687969],[151.544308,-32.688014],[151.54453,-32.688065],[151.544758,-32.688106],[151.544988,-32.688139],[151.545062,-32.688145],[151.54519,-32.688157],[151.545317,-32.688173],[151.545389,-32.688183],[151.545531,-32.688206],[151.545602,-32.688219],[151.545813,-32.688255],[151.545884,-32.688268],[151.545954,-32.688279],[151.54606,-32.688292],[151.546164,-32.688301],[151.546199,-32.688303],[151.546299,-32.688328],[151.546477,-32.688368],[151.546655,-32.688406],[151.547012,-32.68848],[151.54719,-32.688519],[151.54734,-32.688554],[151.547789,-32.688662],[151.54808,-32.688736],[151.548363,-32.688812],[151.548646,-32.688886],[151.548901,-32.688952],[151.549028,-32.688984],[151.549156,-32.689015],[151.549285,-32.689044],[151.549412,-32.689069],[151.54954,-32.689091],[151.549797,-32.689133],[151.549924,-32.689156],[151.550162,-32.6892],[151.550398,-32.689247],[151.550516,-32.689274],[151.550649,-32.689307],[151.551044,-32.689419],[151.551307,-32.689488],[151.551438,-32.689521],[151.55157,-32.689553],[151.551702,-32.68958],[151.551836,-32.689601],[151.551964,-32.689615],[151.552095,-32.689627],[151.552226,-32.689633],[151.552355,-32.689631],[151.552481,-32.689618],[151.552581,-32.689597],[151.55268,-32.689569],[151.552778,-32.689535],[151.552874,-32.689499],[151.552969,-32.689461],[151.553058,-32.689423],[151.553146,-32.689382],[151.553232,-32.68934],[151.553403,-32.689252],[151.553486,-32.689208],[151.553568,-32.689163],[151.553732,-32.689071],[151.553915,-32.688975],[151.554014,-32.688925],[151.554215,-32.688826],[151.554317,-32.688778],[151.554804,-32.688565],[151.55535,-32.688329],[151.555791,-32.688141],[151.556234,-32.687955],[151.556846,-32.687692],[151.557153,-32.687563],[151.557464,-32.687439],[151.557778,-32.687325],[151.558033,-32.687242],[151.558291,-32.687164],[151.55855,-32.687091],[151.558811,-32.687021],[151.559073,-32.686955],[151.55933,-32.686892],[151.559459,-32.686861],[151.559588,-32.686833],[151.559718,-32.686809],[151.559936,-32.686778],[151.560157,-32.686756],[151.560379,-32.686741],[151.560602,-32.686731],[151.560824,-32.686724],[151.561066,-32.686718],[151.561308,-32.686718],[151.561551,-32.686722],[151.561792,-32.686732],[151.562033,-32.686747],[151.562287,-32.686769],[151.56254,-32.686798],[151.562792,-32.686832],[151.563042,-32.686873],[151.563291,-32.686919],[151.563542,-32.686971],[151.563638,-32.686994],[151.563792,-32.687029],[151.56404,-32.687093],[151.564284,-32.687165],[151.564522,-32.687246],[151.564744,-32.687328],[151.564967,-32.687413],[151.565184,-32.687508],[151.565387,-32.687614],[151.565572,-32.687738],[151.565737,-32.687878],[151.565892,-32.688035],[151.566031,-32.688203],[151.566147,-32.68838],[151.566236,-32.688561],[151.566288,-32.688689],[151.566389,-32.688947],[151.566484,-32.689205],[151.566525,-32.689328],[151.566561,-32.689452],[151.566598,-32.689575],[151.566638,-32.689698],[151.566685,-32.689818],[151.566748,-32.689948],[151.56682,-32.690075],[151.566896,-32.6902],[151.566971,-32.690326],[151.567042,-32.690454],[151.567169,-32.690695],[151.567207,-32.690777],[151.567242,-32.69086],[151.567266,-32.690928],[151.567287,-32.690998],[151.567346,-32.691207],[151.567414,-32.691432],[151.567449,-32.691545],[151.567486,-32.691657],[151.567526,-32.691768],[151.56759,-32.691919],[151.567661,-32.692069],[151.567735,-32.692217],[151.567807,-32.692367],[151.56787,-32.692518],[151.567924,-32.692673],[151.567971,-32.69283],[151.568059,-32.693146],[151.568106,-32.693303],[151.56816,-32.693468],[151.568214,-32.693632],[151.568383,-32.694125],[151.568604,-32.694764],[151.56866,-32.694923],[151.568763,-32.695212],[151.5688,-32.695292],[151.568834,-32.695373],[151.568865,-32.695456],[151.568892,-32.695539],[151.568916,-32.695623],[151.568936,-32.695715],[151.568951,-32.695809],[151.568962,-32.695904],[151.56898,-32.696093],[151.568988,-32.696213],[151.568994,-32.696334],[151.568996,-32.696454],[151.568999,-32.696575],[151.569004,-32.696695],[151.569016,-32.696834],[151.569048,-32.697111],[151.569055,-32.697249],[151.569049,-32.697386],[151.569018,-32.697555],[151.568992,-32.697639],[151.568967,-32.697722],[151.568904,-32.697889],[151.568835,-32.698054],[151.568769,-32.698219],[151.568688,-32.698425],[151.568562,-32.698731],[151.568438,-32.69902],[151.568398,-32.699116],[151.568361,-32.699214],[151.568315,-32.699351],[151.568275,-32.699489],[151.568237,-32.699628],[151.568162,-32.699906],[151.568007,-32.700434],[151.567919,-32.700741],[151.56782,-32.701091],[151.567769,-32.701266],[151.567716,-32.70144],[151.567656,-32.701621],[151.567467,-32.702161],[151.56741,-32.702342],[151.567365,-32.702499],[151.567285,-32.702815],[151.567244,-32.702972],[151.567197,-32.703129],[151.567129,-32.703325],[151.5671,-32.703401],[151.567053,-32.703538],[151.567023,-32.703619],[151.567004,-32.703666],[151.566844,-32.70404],[151.566689,-32.704546],[151.566656,-32.704643],[151.566575,-32.705575],[151.566318,-32.70574],[151.566249,-32.705951],[151.566213,-32.706056],[151.566175,-32.70616],[151.566138,-32.706265],[151.566082,-32.706401],[151.566053,-32.706469],[151.565985,-32.70662],[151.565929,-32.706738],[151.565863,-32.706871],[151.565794,-32.707003],[151.565722,-32.707134],[151.56567,-32.707265],[151.565651,-32.707308],[151.565611,-32.707393],[151.56559,-32.707435],[151.565568,-32.707477],[151.565522,-32.70756],[151.565498,-32.707601],[151.565448,-32.707682],[151.565394,-32.707762],[151.565338,-32.70784],[151.565309,-32.707879],[151.565279,-32.707917],[151.565217,-32.707993],[151.565185,-32.70803],[151.565119,-32.708103],[151.565017,-32.708203],[151.564953,-32.708273],[151.564922,-32.708308],[151.564891,-32.708344],[151.564862,-32.70838],[151.564833,-32.708417],[151.564777,-32.708492],[151.564724,-32.708568],[151.564699,-32.708606],[151.564628,-32.708724],[151.564606,-32.708764],[151.564564,-32.708845],[151.564544,-32.708886],[151.564526,-32.708927],[151.564471,-32.709002],[151.564445,-32.70904],[151.564419,-32.709078],[151.564395,-32.709117],[151.56437,-32.709155],[151.564303,-32.709274],[151.564261,-32.709355],[151.564223,-32.709436],[151.564205,-32.709477],[151.564172,-32.70956],[151.564141,-32.709644],[151.564114,-32.709729],[151.564102,-32.709772],[151.564056,-32.709866],[151.563962,-32.710054],[151.563914,-32.710147],[151.563816,-32.710333],[151.563663,-32.71061],[151.563638,-32.710652],[151.56361,-32.710702],[151.563557,-32.710793],[151.563443,-32.710974],[151.563387,-32.711065],[151.563332,-32.711156],[151.563224,-32.71134],[151.563171,-32.711432],[151.563067,-32.711617],[151.563056,-32.711648],[151.563014,-32.711755],[151.562974,-32.711845],[151.562953,-32.71189],[151.562931,-32.711934],[151.562885,-32.712022],[151.562861,-32.712066],[151.562837,-32.712109],[151.562785,-32.712195],[151.562758,-32.712237],[151.562702,-32.712321],[151.562673,-32.712363],[151.562643,-32.712404],[151.562582,-32.712484],[151.562451,-32.712648],[151.562355,-32.712774],[151.562217,-32.712965],[151.562172,-32.713029],[151.562085,-32.713159],[151.562,-32.71329],[151.561975,-32.71334],[151.561949,-32.713389],[151.561895,-32.713487],[151.561808,-32.713632],[151.561746,-32.713727],[151.561714,-32.713774],[151.561682,-32.71382],[151.561615,-32.713912],[151.561545,-32.714003],[151.561509,-32.714048],[151.561435,-32.714136],[151.560843,-32.71487],[151.56083,-32.714903],[151.5608,-32.714968],[151.560768,-32.715031],[151.560732,-32.715094],[151.560672,-32.715185],[151.560628,-32.715244],[151.560582,-32.715302],[151.560507,-32.715385],[151.560426,-32.715463],[151.560397,-32.715489],[151.560339,-32.715537],[151.560264,-32.715593],[151.560227,-32.715622],[151.560155,-32.715681],[151.560085,-32.715743],[151.559986,-32.715838],[151.559923,-32.715904],[151.559863,-32.715972],[151.559805,-32.716042],[151.559751,-32.716113],[151.559699,-32.716185],[151.559674,-32.716222],[151.559627,-32.716297],[151.559583,-32.716373],[151.559542,-32.716451],[151.559217,-32.717052],[151.559202,-32.717081],[151.559183,-32.717115],[151.559169,-32.717138],[151.559154,-32.717168],[151.559037,-32.717384],[151.558783,-32.717849],[151.558682,-32.718013],[151.558584,-32.718178],[151.558574,-32.718196],[151.558489,-32.718344],[151.558443,-32.718428],[151.558308,-32.71868],[151.558222,-32.71885],[151.55818,-32.718935],[151.558099,-32.719106],[151.55802,-32.719278],[151.557843,-32.719605],[151.557756,-32.719769],[151.557584,-32.720097],[151.557416,-32.720427],[151.557287,-32.720684],[151.557242,-32.720776],[151.557198,-32.720868],[151.557112,-32.721053],[151.55707,-32.721146],[151.556988,-32.721333],[151.55691,-32.721521],[151.556835,-32.721709],[151.556763,-32.721899],[151.556728,-32.721994],[151.55665,-32.722152],[151.556496,-32.72247],[151.556346,-32.722789],[151.5562,-32.723109],[151.556128,-32.72327],[151.556081,-32.723372],[151.556035,-32.723475],[151.555945,-32.723681],[151.555816,-32.723992],[151.555734,-32.7242],[151.555639,-32.724456],[151.555617,-32.724514],[151.555601,-32.724572],[151.555565,-32.724687],[151.555546,-32.724745],[151.555506,-32.724859],[151.555485,-32.724916],[151.55544,-32.725029],[151.555392,-32.725141],[151.555341,-32.725253],[151.555287,-32.725363],[151.5552,-32.725526],[151.555106,-32.725687],[151.555056,-32.725788],[151.555022,-32.72586],[151.554999,-32.725912],[151.554955,-32.72602],[151.554923,-32.726102],[151.554895,-32.726155],[151.554879,-32.72618],[151.554864,-32.726206],[151.554842,-32.72625],[151.554811,-32.726321],[151.554779,-32.726389],[151.554767,-32.72641],[151.554754,-32.72643],[151.554727,-32.726469],[151.554688,-32.726529],[151.554662,-32.72657],[151.55465,-32.726591],[151.554618,-32.72665],[151.554567,-32.726755],[151.554512,-32.726865],[151.554486,-32.72692],[151.554432,-32.727046],[151.554406,-32.72711],[151.5543,-32.727379],[151.554247,-32.727521],[151.554194,-32.727676],[151.554167,-32.72776],[151.554141,-32.727844],[151.554094,-32.728014],[151.554071,-32.728107],[151.55405,-32.728202],[151.554031,-32.728296],[151.554015,-32.728391],[151.554002,-32.728486],[151.553987,-32.728646],[151.553983,-32.728727],[151.553981,-32.728807],[151.553982,-32.728887],[151.553986,-32.728975],[151.553992,-32.729064],[151.554002,-32.729153],[151.554016,-32.72924],[151.554036,-32.729327],[151.554058,-32.729402],[151.554069,-32.729431],[151.554084,-32.729476],[151.554103,-32.72952],[151.554147,-32.729623],[151.554183,-32.729694],[151.554217,-32.729754],[151.554294,-32.729872],[151.554374,-32.729987],[151.554469,-32.730127],[151.554518,-32.730196],[151.554569,-32.730264],[151.554623,-32.730331],[151.554684,-32.7304],[151.554748,-32.730468],[151.554815,-32.730534],[151.554883,-32.730599],[151.554954,-32.730662],[151.555028,-32.730721],[151.555105,-32.730778],[151.555263,-32.73089],[151.555373,-32.730972],[151.555497,-32.731065],[151.555575,-32.731125],[151.555651,-32.731185],[151.555727,-32.731247],[151.555788,-32.731299],[151.555908,-32.731406],[151.555967,-32.73146],[151.556028,-32.731512],[151.556134,-32.7316],[151.556241,-32.731686],[151.556386,-32.731798],[151.556523,-32.731899],[151.556713,-32.732035],[151.556746,-32.732069],[151.556781,-32.732103],[151.556854,-32.732167],[151.556893,-32.732196],[151.556951,-32.732237],[151.557012,-32.732274],[151.557076,-32.732309],[151.557207,-32.732374],[151.557286,-32.732407],[151.55745,-32.732462],[151.557532,-32.732491],[151.557611,-32.732523],[151.557668,-32.732552],[151.557778,-32.732615],[151.557834,-32.732645],[151.557891,-32.732672],[151.557985,-32.732704],[151.558084,-32.732728],[151.558286,-32.732768],[151.558384,-32.732793],[151.558462,-32.732817],[151.558538,-32.732842],[151.558766,-32.732923],[151.558858,-32.732959],[151.558961,-32.733002],[151.559059,-32.733042],[151.559158,-32.733079],[151.559259,-32.733109],[151.559368,-32.73313],[151.559479,-32.733145],[151.559592,-32.733155],[151.559706,-32.733163],[151.559819,-32.733172],[151.559855,-32.733176],[151.559988,-32.73319],[151.560159,-32.733204],[151.560265,-32.733209],[151.560369,-32.733212],[151.560495,-32.733211],[151.560557,-32.733207],[151.560598,-32.733202],[151.560678,-32.733189],[151.560758,-32.733178],[151.560814,-32.733173],[151.560928,-32.73317],[151.560984,-32.733166],[151.561038,-32.733157],[151.561089,-32.733143],[151.561138,-32.733126],[151.561235,-32.733084],[151.561411,-32.733005],[151.561473,-32.732975],[151.561535,-32.732943],[151.561596,-32.73291],[151.562358,-32.732674],[151.562442,-32.732308],[151.562549,-32.732183],[151.562612,-32.732145],[151.562677,-32.732109],[151.562742,-32.732076],[151.562815,-32.732045],[151.56289,-32.732017],[151.562967,-32.731991],[151.563122,-32.731943],[151.563166,-32.731928],[151.563255,-32.7319],[151.5633,-32.731887],[151.563345,-32.731876],[151.563401,-32.731865],[151.563457,-32.731855],[151.563485,-32.731852],[151.563536,-32.731844],[151.563588,-32.731837],[151.56396,-32.73178],[151.564031,-32.731765],[151.564099,-32.731745],[151.564136,-32.731732],[151.564172,-32.731717],[151.564243,-32.731685],[151.564383,-32.731619],[151.564485,-32.731565],[151.564535,-32.731536],[151.564589,-32.731499],[151.564641,-32.731459],[151.564692,-32.731418],[151.564745,-32.731379],[151.564802,-32.731346],[151.564888,-32.731311],[151.56498,-32.731284],[151.565076,-32.731263],[151.565174,-32.731246],[151.565271,-32.731231],[151.565384,-32.73122],[151.565499,-32.731217],[151.565614,-32.731216],[151.565728,-32.731213],[151.565841,-32.7312],[151.565903,-32.731186],[151.56594,-32.731178],[151.566038,-32.731149],[151.566135,-32.731117],[151.566233,-32.731088],[151.566332,-32.731066],[151.566401,-32.731057],[151.56647,-32.73105],[151.56654,-32.731045],[151.566907,-32.731023],[151.567022,-32.731019],[151.567136,-32.731019],[151.567249,-32.731025],[151.567306,-32.731029],[151.567328,-32.731031],[151.567407,-32.73104],[151.567486,-32.731051],[151.567564,-32.731064],[151.567641,-32.731079],[151.56772,-32.731097],[151.567799,-32.731118],[151.567876,-32.731141],[151.567953,-32.731166],[151.568028,-32.731193],[151.56815,-32.731244],[151.568224,-32.73127],[151.568238,-32.731269],[151.568283,-32.731268],[151.568373,-32.731271],[151.568418,-32.731274],[151.568463,-32.731279],[151.568508,-32.731286],[151.568553,-32.731294],[151.568603,-32.731306],[151.568703,-32.731339],[151.568752,-32.731357],[151.568802,-32.731373],[151.568871,-32.731393],[151.569078,-32.731447],[151.569322,-32.731509],[151.56941,-32.73153],[151.569497,-32.73155],[151.569703,-32.731591],[151.56982,-32.731611],[151.569939,-32.731629],[151.570058,-32.731644],[151.570176,-32.731656],[151.570265,-32.731661],[151.570444,-32.731664],[151.570534,-32.731668],[151.570622,-32.731677],[151.570717,-32.731693],[151.570812,-32.731714],[151.570999,-32.731763],[151.571274,-32.731839],[151.571445,-32.731867],[151.571588,-32.731888],[151.571733,-32.731906],[151.571829,-32.731914],[151.571877,-32.73192],[151.571924,-32.731927],[151.572018,-32.73195],[151.57211,-32.731977],[151.572156,-32.731989],[151.572192,-32.731997],[151.572229,-32.732003],[151.572302,-32.732017],[151.572338,-32.732026],[151.572385,-32.732041],[151.572455,-32.732066],[151.573527,-32.732469],[151.574275,-32.732515],[151.574824,-32.732774],[151.575557,-32.7334],[151.576442,-32.733949],[151.576793,-32.734514],[151.577075,-32.734888],[151.577312,-32.735201],[151.577983,-32.735796],[151.578532,-32.73601],[151.579356,-32.736117],[151.580226,-32.73604],[151.580414,-32.736019],[151.58044,-32.736015],[151.580492,-32.736011],[151.580519,-32.736011],[151.580574,-32.736014],[151.580634,-32.736022],[151.580663,-32.736028],[151.580691,-32.736036],[151.580725,-32.736048],[151.581505,-32.735876],[151.582477,-32.735548],[151.583022,-32.735077],[151.58342,-32.734421],[151.584053,-32.734093],[151.584701,-32.733901],[151.58529,-32.73374],[151.585945,-32.733387],[151.586629,-32.733108],[151.587314,-32.732941],[151.588684,-32.732638],[151.58995,-32.732383],[151.590406,-32.732074],[151.590524,-32.731776],[151.59048,-32.731343],[151.590554,-32.730885],[151.590362,-32.730513],[151.589989,-32.730138],[151.589992,-32.730112],[151.589993,-32.730058],[151.589987,-32.730003],[151.589982,-32.729976],[151.589976,-32.729949],[151.589969,-32.72992],[151.589952,-32.729864],[151.58991,-32.729741],[151.589886,-32.729674],[151.589873,-32.729641],[151.589824,-32.729537],[151.589789,-32.729469],[151.589744,-32.72937],[151.589727,-32.729337],[151.589709,-32.729306],[151.589695,-32.729286],[151.58965,-32.729226],[151.589618,-32.729175],[151.5896,-32.729144],[151.589584,-32.729112],[151.589569,-32.72908],[151.589557,-32.729047],[151.589551,-32.729025],[151.589541,-32.728978],[151.589525,-32.728889],[151.589511,-32.728786],[151.589503,-32.72871],[151.5895,-32.728672],[151.589494,-32.728529],[151.589494,-32.728373],[151.589492,-32.728259],[151.589491,-32.728146],[151.589485,-32.727994],[151.589479,-32.727899],[151.589477,-32.727804],[151.589477,-32.727616],[151.589474,-32.727468],[151.58947,-32.727369],[151.589458,-32.727232],[151.589455,-32.727187],[151.589454,-32.727141],[151.589455,-32.7271],[151.589458,-32.727058],[151.589477,-32.726883],[151.589489,-32.726785],[151.589496,-32.726687],[151.589496,-32.726643],[151.589489,-32.726514],[151.589488,-32.726471],[151.589488,-32.726385],[151.589492,-32.726212],[151.589492,-32.726144],[151.589491,-32.726139],[151.589491,-32.72613],[151.589489,-32.726113],[151.589485,-32.726098],[151.589469,-32.72602],[151.589454,-32.725941],[151.589443,-32.725862],[151.589434,-32.725783],[151.589427,-32.725689],[151.589425,-32.725594],[151.589429,-32.725404],[151.589431,-32.725214],[151.589435,-32.725024],[151.589437,-32.724834],[151.589435,-32.724609],[151.589433,-32.724496],[151.589433,-32.72427],[151.589436,-32.724156],[151.589454,-32.723812],[151.589459,-32.723698],[151.589462,-32.723596],[151.589463,-32.723495],[151.589469,-32.723292],[151.589475,-32.723191],[151.589483,-32.723083],[151.589492,-32.722976],[151.589503,-32.722869],[151.589519,-32.722763],[151.589529,-32.722712],[151.589539,-32.722657],[151.589561,-32.722577],[151.589585,-32.722498],[151.58964,-32.72234],[151.589734,-32.722058],[151.589804,-32.721856],[151.589857,-32.721699],[151.589897,-32.721607],[151.589938,-32.721516],[151.590022,-32.721335],[151.590065,-32.721245],[151.590095,-32.721178],[151.590122,-32.721109],[151.590151,-32.721041],[151.590185,-32.720977],[151.590227,-32.720922],[151.590273,-32.720879],[151.590326,-32.720842],[151.590383,-32.720809],[151.5905,-32.720747],[151.59057,-32.720712],[151.590641,-32.720679],[151.590713,-32.720649],[151.590786,-32.720622],[151.590861,-32.720598],[151.590948,-32.720577],[151.591037,-32.720561],[151.591218,-32.720537],[151.591308,-32.720524],[151.591405,-32.720506],[151.591599,-32.720468],[151.591695,-32.720451],[151.591793,-32.720437],[151.591887,-32.720425],[151.591981,-32.720416],[151.592076,-32.720408],[151.59217,-32.720402],[151.592265,-32.720399],[151.592419,-32.720398],[151.592497,-32.7204],[151.592574,-32.720404],[151.59265,-32.720412],[151.592707,-32.720417],[151.592765,-32.720421],[151.592822,-32.720427],[151.592876,-32.72044],[151.592924,-32.720461],[151.592962,-32.720487],[151.59298,-32.720502],[151.592997,-32.720518],[151.593011,-32.720536],[151.593031,-32.720574],[151.593038,-32.720595],[151.593043,-32.720616],[151.593046,-32.720637],[151.593343,-32.720583],[151.593421,-32.720568],[151.593499,-32.720551],[151.593576,-32.720532],[151.593652,-32.72051],[151.593727,-32.720486],[151.593806,-32.720454],[151.593882,-32.720417],[151.593957,-32.720378],[151.594034,-32.720341],[151.594113,-32.720311],[151.594232,-32.720279],[151.594357,-32.720259],[151.59461,-32.720229],[151.594735,-32.720208],[151.594915,-32.720168],[151.595062,-32.720134],[151.595142,-32.720117],[151.595251,-32.720097],[151.595275,-32.720091],[151.595359,-32.720074],[151.595464,-32.720047],[151.595563,-32.72001],[151.595595,-32.719996],[151.595658,-32.719964],[151.59572,-32.71993],[151.59578,-32.719893],[151.595839,-32.719853],[151.595953,-32.719769],[151.59601,-32.719728],[151.59618,-32.719615],[151.596237,-32.719578],[151.596349,-32.719502],[151.596404,-32.719461],[151.596459,-32.719422],[151.596516,-32.719385],[151.596576,-32.719352],[151.596641,-32.719323],[151.596709,-32.719297],[151.596779,-32.719275],[151.59685,-32.719255],[151.596921,-32.71924],[151.59703,-32.71915],[151.597149,-32.719051],[151.597151,-32.719022],[151.597153,-32.719007],[151.597156,-32.718994],[151.59716,-32.718985],[151.597175,-32.718958],[151.597182,-32.71895],[151.597162,-32.718845],[151.597135,-32.718674],[151.597122,-32.718596],[151.597108,-32.718518],[151.597097,-32.718441],[151.597091,-32.718363],[151.597094,-32.718287],[151.597106,-32.718206],[151.597125,-32.718124],[151.597152,-32.718044],[151.597187,-32.717967],[151.59723,-32.717895],[151.59727,-32.717846],[151.597317,-32.7178],[151.597468,-32.717668],[151.597559,-32.717586],[151.597697,-32.717466],[151.597804,-32.717375],[151.597859,-32.71733],[151.597915,-32.717287],[151.597974,-32.717247],[151.598036,-32.71721],[151.598101,-32.717175],[151.598233,-32.71711],[151.598299,-32.717076],[151.598433,-32.717003],[151.598567,-32.716928],[151.598749,-32.71682],[151.598864,-32.716748],[151.598919,-32.71671],[151.598972,-32.716671],[151.599124,-32.716547],[151.599177,-32.716508],[151.599232,-32.716472],[151.59929,-32.716438],[151.599406,-32.716372],[151.599463,-32.716337],[151.599521,-32.716298],[151.599633,-32.716218],[151.59969,-32.716179],[151.599749,-32.716142],[151.599812,-32.716108],[151.599876,-32.716075],[151.599941,-32.716044],[151.600007,-32.716015],[151.600074,-32.715987],[151.600141,-32.715962],[151.600209,-32.715938],[151.600278,-32.715917],[151.600348,-32.715897],[151.600419,-32.715881],[151.600492,-32.715868],[151.600567,-32.715857],[151.600641,-32.71585],[151.600792,-32.715839],[151.600942,-32.715834],[151.601017,-32.715834],[151.601091,-32.715835],[151.601166,-32.715837],[151.601252,-32.715841],[151.601339,-32.715847],[151.601511,-32.715861],[151.601598,-32.715867],[151.601688,-32.715873],[151.601868,-32.715883],[151.601959,-32.715889],[151.602048,-32.715897],[151.602151,-32.715909],[151.602254,-32.715922],[151.602356,-32.715937],[151.602457,-32.715954],[151.602557,-32.715976],[151.602664,-32.716003],[151.60277,-32.716034],[151.602845,-32.716059],[151.60359,-32.715721],[151.605322,-32.715167],[151.606148,-32.71528],[151.607069,-32.715618],[151.607895,-32.715956],[151.60889,-32.716162],[151.609831,-32.716207],[151.610583,-32.716186],[151.610698,-32.716147],[151.610782,-32.716114],[151.61081,-32.716104],[151.610839,-32.716095],[151.610886,-32.716083],[151.610898,-32.716081],[151.610926,-32.716069],[151.610955,-32.716052],[151.610983,-32.716033],[151.611011,-32.716017],[151.611083,-32.715978],[151.611106,-32.715964],[151.611128,-32.715949],[151.61115,-32.715931],[151.611169,-32.715913],[151.611245,-32.715836],[151.611282,-32.715796],[151.611321,-32.715758],[151.611363,-32.715726],[151.611459,-32.715671],[151.611509,-32.715645],[151.611557,-32.715616],[151.611606,-32.715582],[151.61175,-32.715477],[151.611801,-32.715445],[151.61185,-32.715417],[151.611952,-32.715367],[151.612004,-32.715343],[151.612055,-32.715318],[151.612369,-32.715153],[151.612627,-32.715026],[151.612693,-32.714996],[151.612761,-32.714967],[151.612901,-32.714914],[151.612973,-32.714896],[151.613082,-32.714871],[151.613164,-32.714856],[151.613329,-32.71483],[151.613411,-32.714815],[151.613492,-32.714796],[151.613529,-32.714782],[151.613603,-32.71475],[151.61364,-32.714737],[151.613678,-32.714732],[151.613707,-32.714733],[151.613738,-32.714739],[151.613767,-32.714746],[151.613797,-32.714755],[151.613906,-32.714784],[151.614077,-32.71485],[151.614638,-32.715017],[151.614826,-32.715242],[151.615377,-32.715998],[151.615692,-32.716154],[151.615776,-32.716169],[151.615859,-32.7162],[151.615941,-32.716241],[151.616101,-32.716328],[151.616163,-32.716359],[151.616285,-32.716425],[151.616344,-32.71646],[151.616402,-32.716496],[151.616462,-32.716548],[151.616649,-32.716697],[151.6168,-32.716823],[151.616876,-32.716885],[151.616954,-32.716944],[151.617036,-32.717],[151.617122,-32.717054],[151.61721,-32.717104],[151.617302,-32.717152],[151.617335,-32.717168],[151.61735,-32.717174],[151.617375,-32.717187],[151.61749,-32.717237],[151.617576,-32.717267],[151.617665,-32.717293],[151.617755,-32.717316],[151.617844,-32.717341],[151.617932,-32.717368],[151.618054,-32.717411],[151.618174,-32.717456],[151.618293,-32.717505],[151.618409,-32.717557],[151.618522,-32.717613],[151.618611,-32.717661],[151.6187,-32.71771],[151.618786,-32.717762],[151.618868,-32.717818],[151.618943,-32.717878],[151.619014,-32.71795],[151.619078,-32.718029],[151.619137,-32.718111],[151.619194,-32.718195],[151.619251,-32.718277],[151.619312,-32.718361],[151.619431,-32.718531],[151.619486,-32.718617],[151.619537,-32.718705],[151.619581,-32.718792],[151.619623,-32.718881],[151.619661,-32.71897],[151.619693,-32.719061],[151.619721,-32.719153],[151.61974,-32.719235],[151.619754,-32.719319],[151.619765,-32.719403],[151.619781,-32.719572],[151.619791,-32.719717],[151.619795,-32.719862],[151.619794,-32.719935],[151.619791,-32.720002],[151.619786,-32.720068],[151.619768,-32.720269],[151.61973,-32.720876],[151.619728,-32.720946],[151.619728,-32.721019],[151.619729,-32.721091],[151.619732,-32.721164],[151.619733,-32.721237],[151.61973,-32.721309],[151.619724,-32.721374],[151.619715,-32.721439],[151.619694,-32.721568],[151.619687,-32.721634],[151.619682,-32.721713],[151.619678,-32.721794],[151.619676,-32.721874],[151.619676,-32.721954],[151.619684,-32.722184],[151.619689,-32.722259],[151.619699,-32.722333],[151.619715,-32.722406],[151.619737,-32.722478],[151.619763,-32.722549],[151.619795,-32.722619],[151.619832,-32.722686],[151.619876,-32.722749],[151.619945,-32.722822],[151.620027,-32.722888],[151.620118,-32.722949],[151.620213,-32.723006],[151.620405,-32.723117],[151.620504,-32.72317],[151.620606,-32.72322],[151.620711,-32.723263],[151.620819,-32.723297],[151.620948,-32.723323],[151.621082,-32.723336],[151.621357,-32.723344],[151.621493,-32.723351],[151.621627,-32.723361],[151.621762,-32.72337],[151.621896,-32.72338],[151.622029,-32.723394],[151.62216,-32.723415],[151.622278,-32.723442],[151.622394,-32.723474],[151.62251,-32.72351],[151.622739,-32.723584],[151.622852,-32.723622],[151.623077,-32.723702],[151.623229,-32.723749],[151.623433,-32.723798],[151.623562,-32.723818],[151.623823,-32.723853],[151.623952,-32.723873],[151.624077,-32.723898],[151.62445,-32.723979],[151.624575,-32.724004],[151.624823,-32.724052],[151.624948,-32.724075],[151.625073,-32.724093],[151.625198,-32.724106],[151.625302,-32.72411],[151.625406,-32.724111],[151.62551,-32.724109],[151.625719,-32.724103],[151.625807,-32.724102],[151.625983,-32.724098],[151.626072,-32.724095],[151.626241,-32.724087],[151.626323,-32.724082],[151.626405,-32.724076],[151.626486,-32.724069],[151.626567,-32.724061],[151.6266,-32.724057],[151.626656,-32.72405],[151.626852,-32.724022],[151.626923,-32.724011],[151.627095,-32.723987],[151.627181,-32.723976],[151.627814,-32.723888],[151.627929,-32.723873],[151.628049,-32.723859],[151.628289,-32.723833],[151.628409,-32.723819],[151.628529,-32.723803],[151.628662,-32.723781],[151.628796,-32.723756],[151.629062,-32.723702],[151.629643,-32.723589],[151.630218,-32.723473],[151.630356,-32.723444],[151.630493,-32.723414],[151.63063,-32.723382],[151.630757,-32.723349],[151.630884,-32.723314],[151.631136,-32.723242],[151.631263,-32.723207],[151.631414,-32.723168],[151.631717,-32.723092],[151.631869,-32.723053],[151.632019,-32.723013],[151.632154,-32.722975],[151.632422,-32.722897],[151.632555,-32.722854],[151.632686,-32.722809],[151.632763,-32.72278],[151.632917,-32.722718],[151.632993,-32.722686],[151.633859,-32.722313],[151.634812,-32.721835],[151.635831,-32.721197],[151.636834,-32.720403],[151.638088,-32.719507],[151.639109,-32.718966],[151.639813,-32.718805],[151.640834,-32.718812],[151.641298,-32.71886],[151.641647,-32.719023],[151.642839,-32.719472],[151.643277,-32.719618],[151.643847,-32.720006],[151.643906,-32.720303],[151.644024,-32.720592],[151.644191,-32.720973],[151.644418,-32.721404],[151.644686,-32.721749],[151.645072,-32.722081],[151.645844,-32.722561],[151.646079,-32.722723],[151.646373,-32.722879],[151.64691,-32.723055],[151.647539,-32.723196],[151.648102,-32.723302],[151.648504,-32.723352],[151.648822,-32.723389],[151.649469,-32.723472],[151.64999,-32.723554],[151.650462,-32.723553],[151.651037,-32.723614],[151.651604,-32.723708],[151.652094,-32.72382],[151.652404,-32.723946],[151.65296,-32.724149],[151.653312,-32.72441],[151.653631,-32.72465],[151.654059,-32.724982],[151.654294,-32.725243],[151.654512,-32.72549],[151.655846,-32.727212],[151.656476,-32.727904],[151.657365,-32.728963],[151.657819,-32.729468],[151.657936,-32.729598],[151.658196,-32.72988],[151.658674,-32.73048],[151.658884,-32.730713],[151.659194,-32.731151],[151.659379,-32.73144],[151.659844,-32.732105],[151.660095,-32.732434],[151.660851,-32.733726],[151.661412,-32.734607],[151.662466,-32.736406],[151.663302,-32.737496],[151.664082,-32.738425],[151.664664,-32.739078],[151.665226,-32.739649],[151.665618,-32.73997],[151.666097,-32.740294],[151.666561,-32.740551],[151.666904,-32.740717],[151.667459,-32.740952],[151.6685,-32.741328],[151.669057,-32.741469],[151.669972,-32.741634],[151.670423,-32.741656],[151.67128,-32.74167],[151.672201,-32.741597],[151.673237,-32.74147],[151.673875,-32.741315],[151.674324,-32.741133],[151.675443,-32.740624],[151.675897,-32.740347],[151.676458,-32.73994],[151.676727,-32.739715],[151.676959,-32.739453],[151.677065,-32.739294],[151.677247,-32.738954],[151.6773,-32.738853],[151.677429,-32.738608],[151.677755,-32.738157],[151.678037,-32.737816],[151.678527,-32.737395],[151.679064,-32.736941],[151.679752,-32.736417],[151.68023,-32.735939],[151.680561,-32.735555],[151.680716,-32.735323],[151.680869,-32.734999],[151.680944,-32.734723],[151.680918,-32.734364],[151.680766,-32.733835],[151.680408,-32.732984],[151.680145,-32.732185],[151.680022,-32.731682],[151.679895,-32.731035],[151.67988,-32.730622],[151.679949,-32.73031],[151.680084,-32.729986],[151.68031,-32.729694],[151.680661,-32.729282],[151.680968,-32.729022],[151.681437,-32.728764],[151.681878,-32.728531],[151.68224,-32.72838],[151.68273,-32.728145],[151.683313,-32.727969],[151.683953,-32.727824],[151.684903,-32.727491],[151.685593,-32.727328],[151.686176,-32.727182],[151.686586,-32.727122],[151.687298,-32.727025],[151.688183,-32.726934],[151.688802,-32.726946],[151.68955,-32.727037],[151.690184,-32.727188],[151.690644,-32.727388],[151.691205,-32.727636],[151.691615,-32.72803],[151.691795,-32.728284],[151.691946,-32.72855],[151.69214,-32.728835],[151.692234,-32.728962],[151.692575,-32.729368],[151.692899,-32.729713],[151.693223,-32.729986],[151.693676,-32.730306],[151.69395,-32.730518],[151.694281,-32.730645],[151.695136,-32.731022],[151.696272,-32.731329],[151.696578,-32.731378],[151.696827,-32.731382],[151.697497,-32.731389],[151.699447,-32.731315],[151.700033,-32.731328],[151.700636,-32.73137],[151.701149,-32.731469],[151.702202,-32.731728],[151.70262,-32.731854],[151.70436,-32.732496],[151.705194,-32.73292],[151.706626,-32.733573],[151.707187,-32.73381],[151.707705,-32.734058],[151.70779,-32.734095],[151.708381,-32.734354],[151.709121,-32.734728],[151.70998,-32.735162],[151.711255,-32.735739],[151.712155,-32.736084],[151.713469,-32.736491],[151.714114,-32.736759],[151.714642,-32.736929],[151.715264,-32.737011],[151.716541,-32.737082],[151.717627,-32.737079],[151.718604,-32.736896],[151.719166,-32.736757],[151.719878,-32.736515],[151.720417,-32.736248],[151.720927,-32.736077],[151.721881,-32.735519],[151.722549,-32.735103],[151.722952,-32.734905],[151.723267,-32.734817],[151.72363,-32.73475],[151.723789,-32.734774],[151.72419,-32.73489],[151.724761,-32.735234],[151.725159,-32.735515],[151.725325,-32.735695],[151.725586,-32.736127],[151.725781,-32.736656],[151.725815,-32.736946],[151.725775,-32.737556],[151.725602,-32.738425],[151.725376,-32.739274],[151.725264,-32.739586],[151.725012,-32.739948],[151.724502,-32.740572],[151.723964,-32.7411],[151.723409,-32.741785],[151.723012,-32.742224],[151.722672,-32.742629],[151.721914,-32.743642],[151.721683,-32.744025],[151.721508,-32.744532],[151.721422,-32.745238],[151.72148,-32.745761],[151.721558,-32.746219],[151.721678,-32.746546],[151.721912,-32.747125],[151.722459,-32.74796],[151.723527,-32.748841],[151.725312,-32.750003],[151.727015,-32.751268],[151.727867,-32.752533],[151.728273,-32.753833],[151.728315,-32.755475],[151.727789,-32.757185],[151.727628,-32.75828],[151.727953,-32.759238],[151.72844,-32.760024],[151.729466,-32.760455],[151.730085,-32.7604],[151.730927,-32.760116],[151.731733,-32.759559],[151.732351,-32.758772],[151.732941,-32.757507],[151.733504,-32.756361],[151.734625,-32.754481],[151.735963,-32.753489],[151.736798,-32.753247],[151.73797,-32.752987],[151.739675,-32.75295],[151.741064,-32.753156],[151.74233,-32.753682],[151.743172,-32.754227],[151.743548,-32.754655],[151.743707,-32.755018],[151.743757,-32.755015],[151.743807,-32.755083],[151.743855,-32.755152],[151.743914,-32.754988],[151.744002,-32.754758],[151.744102,-32.754534],[151.744219,-32.754321],[151.744454,-32.754004],[151.744598,-32.753855],[151.744722,-32.753724],[151.74503,-32.753457],[151.745046,-32.753442],[151.745376,-32.75319],[151.745707,-32.752953],[151.746272,-32.752613],[151.746882,-32.752337],[151.747519,-32.752099],[151.748165,-32.751876],[151.748801,-32.751644],[151.749185,-32.751505],[151.749575,-32.751379],[151.749963,-32.75125],[151.750342,-32.751105],[151.750705,-32.75093],[151.750983,-32.75078],[151.751268,-32.750625],[151.751539,-32.750454],[151.751776,-32.750261],[151.751955,-32.750037],[151.752076,-32.749794],[151.752161,-32.749555],[151.752176,-32.749513],[151.752238,-32.749223],[151.752249,-32.748952],[151.752192,-32.748728],[151.75209,-32.748577],[151.751948,-32.74844],[151.751916,-32.748418],[151.751889,-32.748386],[151.75186,-32.748356],[151.75183,-32.748327],[151.751798,-32.7483],[151.751765,-32.748275],[151.751697,-32.748234],[151.751621,-32.748203],[151.751541,-32.748178],[151.751381,-32.74813],[151.751332,-32.748114],[151.751234,-32.748084],[151.751136,-32.748056],[151.751008,-32.748035],[151.750788,-32.748019],[151.750566,-32.748015],[151.750348,-32.748014],[151.750014,-32.748025],[151.749679,-32.74806],[151.749345,-32.748115],[151.749012,-32.748181],[151.748682,-32.748252],[151.748357,-32.748346],[151.747717,-32.748588],[151.747397,-32.748684],[151.747075,-32.748728],[151.746697,-32.748706],[151.746312,-32.748629],[151.745928,-32.748509],[151.745555,-32.74836],[151.745201,-32.748192],[151.744791,-32.747954],[151.744398,-32.747669],[151.744027,-32.747348],[151.743679,-32.747003],[151.743356,-32.746645],[151.742996,-32.746152],[151.742692,-32.74561],[151.74242,-32.745041],[151.742154,-32.744467],[151.741868,-32.743908],[151.741718,-32.743631],[151.74157,-32.743353],[151.74142,-32.743076],[151.741263,-32.742804],[151.741095,-32.742539],[151.740833,-32.742166],[151.740555,-32.741799],[151.740258,-32.741447],[151.739943,-32.741116],[151.739607,-32.740814],[151.7393,-32.740577],[151.738975,-32.740358],[151.735681,-32.738731],[151.735607,-32.738691],[151.735442,-32.738597],[151.735282,-32.738497],[151.735131,-32.738391],[151.734991,-32.738276],[151.734872,-32.738157],[151.734763,-32.73803],[151.734662,-32.737898],[151.734567,-32.737762],[151.734474,-32.737625],[151.734385,-32.737493],[151.734298,-32.73736],[151.734217,-32.737223],[151.734146,-32.737084],[151.73409,-32.736943],[151.734042,-32.736773],[151.734012,-32.736598],[151.733996,-32.73642],[151.733995,-32.736242],[151.734006,-32.736067],[151.734037,-32.735889],[151.734086,-32.735712],[151.734148,-32.735537],[151.734284,-32.735189],[151.734352,-32.735007],[151.734423,-32.734825],[151.734498,-32.734645],[151.734582,-32.734467],[151.734674,-32.734294],[151.734776,-32.734128],[151.734886,-32.733964],[151.735004,-32.733804],[151.735127,-32.733647],[151.735256,-32.733494],[151.735368,-32.733368],[151.735486,-32.733244],[151.735607,-32.733122],[151.735731,-32.733003],[151.735857,-32.732885],[151.735987,-32.732768],[151.736119,-32.732652],[151.736254,-32.732539],[151.736392,-32.732429],[151.736535,-32.732324],[151.737301,-32.731851],[151.737815,-32.731493],[151.737914,-32.731401],[151.73801,-32.731303],[151.738294,-32.731],[151.73839,-32.730894],[151.738484,-32.730787],[151.738578,-32.730679],[151.738671,-32.73057],[151.738893,-32.730306],[151.739003,-32.730172],[151.739111,-32.730038],[151.739217,-32.729902],[151.739333,-32.729749],[151.739446,-32.729595],[151.739558,-32.729439],[151.739668,-32.729282],[151.739776,-32.729124],[151.739884,-32.728963],[151.740095,-32.728639],[151.740198,-32.728475],[151.740299,-32.728309],[151.74039,-32.728152],[151.740566,-32.727834],[151.740655,-32.727675],[151.740748,-32.72752],[151.740841,-32.727373],[151.740937,-32.727229],[151.741034,-32.727086],[151.741234,-32.726802],[151.741411,-32.726562],[151.741592,-32.726325],[151.741684,-32.726207],[151.741858,-32.725978],[151.741946,-32.725864],[151.742037,-32.725754],[151.742133,-32.725648],[151.742201,-32.72558],[151.74227,-32.725514],[151.74234,-32.72545],[151.742412,-32.725387],[151.742486,-32.725327],[151.742636,-32.725099],[151.742798,-32.724878],[151.742972,-32.724664],[151.743156,-32.724461],[151.743349,-32.724268],[151.743619,-32.724042],[151.743911,-32.723839],[151.744216,-32.72365],[151.744526,-32.723467],[151.744831,-32.72328],[151.745141,-32.723088],[151.745769,-32.722715],[151.746081,-32.722526],[151.746389,-32.72233],[151.746572,-32.722217],[151.74676,-32.722107],[151.746945,-32.721993],[151.747115,-32.721867],[151.747263,-32.721722],[151.747363,-32.721598],[151.74746,-32.721465],[151.747545,-32.721325],[151.747609,-32.721182],[151.747642,-32.721038],[151.747638,-32.720889],[151.747602,-32.720736],[151.747545,-32.720581],[151.747478,-32.720428],[151.747415,-32.720278],[151.747327,-32.720072],[151.747228,-32.719869],[151.74712,-32.719671],[151.747005,-32.719478],[151.746883,-32.719289],[151.746672,-32.719015],[151.746433,-32.718759],[151.746182,-32.718511],[151.745935,-32.718261],[151.745705,-32.717997],[151.745496,-32.717728],[151.745293,-32.717455],[151.745098,-32.717174],[151.744917,-32.716887],[151.744755,-32.716591],[151.744607,-32.716278],[151.744473,-32.715956],[151.744357,-32.715627],[151.74426,-32.715293],[151.744185,-32.714956],[151.744149,-32.714735],[151.744121,-32.71451],[151.744102,-32.714285],[151.744092,-32.714059],[151.74409,-32.713736],[151.744096,-32.713638],[151.744122,-32.713501],[151.744161,-32.713365],[151.744207,-32.71323],[151.744308,-32.712961],[151.744368,-32.712809],[151.744435,-32.712658],[151.744504,-32.712507],[151.744569,-32.712356],[151.744627,-32.712203],[151.744663,-32.712077],[151.744692,-32.71195],[151.74472,-32.711822],[151.744753,-32.711695],[151.744797,-32.711572],[151.744862,-32.71144],[151.744937,-32.711311],[151.74502,-32.711184],[151.74528,-32.710807],[151.745654,-32.710307],[151.745741,-32.710186],[151.745913,-32.709941],[151.746002,-32.709821],[151.746096,-32.709703],[151.746226,-32.709557],[151.746363,-32.709415],[151.746505,-32.709275],[151.746939,-32.708864],[151.747084,-32.708728],[151.747232,-32.708594],[151.747381,-32.708462],[151.747534,-32.708332],[151.747679,-32.708214],[151.747827,-32.708098],[151.747977,-32.707985],[151.748129,-32.707872],[151.748281,-32.707761],[151.748408,-32.707671],[151.748537,-32.707583],[151.748667,-32.707496],[151.748796,-32.707407],[151.748921,-32.707316],[151.749056,-32.707213],[151.749189,-32.707108],[151.74932,-32.707001],[151.749424,-32.706913],[151.749449,-32.706892],[151.749573,-32.70678],[151.749704,-32.706648],[151.749827,-32.70651],[151.749948,-32.706371],[151.750074,-32.706236],[151.750211,-32.706112],[151.750367,-32.705996],[151.750484,-32.705914],[151.750602,-32.705834],[151.750719,-32.705752],[151.750833,-32.705668],[151.750895,-32.705619],[151.751016,-32.705521],[151.751136,-32.70542],[151.751262,-32.705333],[151.751505,-32.705146],[151.75173,-32.704942],[151.752012,-32.704614],[151.752259,-32.704249],[151.752481,-32.703859],[151.752687,-32.703459],[151.753114,-32.702616],[151.753332,-32.702162],[151.753531,-32.7017],[151.753701,-32.70123],[151.753831,-32.700754],[151.753919,-32.700277],[151.753975,-32.699789],[151.754,-32.699295],[151.753995,-32.698803],[151.75396,-32.698318],[151.753899,-32.697894],[151.75381,-32.697472],[151.7537,-32.697052],[151.753576,-32.696636],[151.753445,-32.696224],[151.753217,-32.695614],[151.752946,-32.695018],[151.752657,-32.694428],[151.752373,-32.693836],[151.752116,-32.693233],[151.751979,-32.692838],[151.751737,-32.692036],[151.751599,-32.691643],[151.75143,-32.691267],[151.751193,-32.690893],[151.751136,-32.690822],[151.751013,-32.690502],[151.750881,-32.690186],[151.750742,-32.689872],[151.750594,-32.689562],[151.75044,-32.689257],[151.750311,-32.689029],[151.750174,-32.688805],[151.750034,-32.688583],[151.749899,-32.688358],[151.749776,-32.688128],[151.749659,-32.687889],[151.749546,-32.687647],[151.749442,-32.687402],[151.749351,-32.687152],[151.749278,-32.686899],[151.749225,-32.686688],[151.749174,-32.686471],[151.749137,-32.686254],[151.749123,-32.686041],[151.749145,-32.685837],[151.749198,-32.685669],[151.749276,-32.685506],[151.749371,-32.685347],[151.749474,-32.685192],[151.749712,-32.684841],[151.749857,-32.684647],[151.75001,-32.68446],[151.750171,-32.68428],[151.75034,-32.68411],[151.750489,-32.683973],[151.750643,-32.683842],[151.750803,-32.683717],[151.750967,-32.683599],[151.751221,-32.683431],[151.751583,-32.683221],[151.751952,-32.683019],[151.752318,-32.682813],[151.752673,-32.682593],[151.753037,-32.682345],[151.753396,-32.682089],[151.75375,-32.681825],[151.754095,-32.681552],[151.754431,-32.681268],[151.754606,-32.681123],[151.754788,-32.68098],[151.754963,-32.680833],[151.75512,-32.680674],[151.755246,-32.680499],[151.755325,-32.680327],[151.755382,-32.680141],[151.755425,-32.679948],[151.755463,-32.679752],[151.755503,-32.679559],[151.755546,-32.679389],[151.755592,-32.679218],[151.755633,-32.679046],[151.755663,-32.678875],[151.755674,-32.678704],[151.755661,-32.678515],[151.755627,-32.678325],[151.756003,-32.678348],[151.764155,-32.679465],[151.764538,-32.679519],[151.764507,-32.679678],[151.769079,-32.680316],[151.773452,-32.680883],[151.775181,-32.681114],[151.789911,-32.683146],[151.798143,-32.684666],[151.809842,-32.686222],[151.809867,-32.686434],[151.810363,-32.686365],[151.810453,-32.6862],[151.810696,-32.685838],[151.81103,-32.685393],[151.811462,-32.684871],[151.811881,-32.684448],[151.812395,-32.683975],[151.813069,-32.683434],[151.813657,-32.683048],[151.814875,-32.682289],[151.816288,-32.681461],[151.817564,-32.680668],[151.818024,-32.680382],[151.81855,-32.680054],[151.819496,-32.67947],[151.821576,-32.678075],[151.822835,-32.677161],[151.823665,-32.676536],[151.824149,-32.676146],[151.825854,-32.674849],[151.826887,-32.674034],[151.828093,-32.673142],[151.829491,-32.672228],[151.834338,-32.669205],[151.835597,-32.668405],[151.836544,-32.66774],[151.837702,-32.666854],[151.839772,-32.665244],[151.841386,-32.66393],[151.842684,-32.662911],[151.843509,-32.662209],[151.844219,-32.661604],[151.853847,-32.662999],[151.867333,-32.664951],[151.882336,-32.667121],[151.882664,-32.667168],[151.882972,-32.667213],[151.884701,-32.667456],[151.887578,-32.667862],[151.894875,-32.668889],[151.894842,-32.668844],[151.894732,-32.668702],[151.894573,-32.668512],[151.894537,-32.668474],[151.894498,-32.668438],[151.894425,-32.668383],[151.894344,-32.668335],[151.894258,-32.668291],[151.894168,-32.668253],[151.894078,-32.66822],[151.894008,-32.668201],[151.893936,-32.668188],[151.893863,-32.668176],[151.893793,-32.668161],[151.893726,-32.66814],[151.893661,-32.668111],[151.893596,-32.668079],[151.893535,-32.668043],[151.893482,-32.668002],[151.893441,-32.667956],[151.893412,-32.667898],[151.893396,-32.667832],[151.893391,-32.667762],[151.893393,-32.667691],[151.893401,-32.667624],[151.893415,-32.667553],[151.893438,-32.66748],[151.893469,-32.66741],[151.893506,-32.667343],[151.893549,-32.66728],[151.89359,-32.667232],[151.893637,-32.667186],[151.893687,-32.667142],[151.893739,-32.667101],[151.893793,-32.667062],[151.893829,-32.667037],[151.89387,-32.667011],[151.89394,-32.66697],[151.893983,-32.666947],[151.894056,-32.666907],[151.89407,-32.6669],[151.8941,-32.666887],[151.894131,-32.666878],[151.894169,-32.666873],[151.894209,-32.666871],[151.894249,-32.666872],[151.894288,-32.666879],[151.894322,-32.66689],[151.894352,-32.666911],[151.894377,-32.666942],[151.894399,-32.666978],[151.89442,-32.667015],[151.894443,-32.66705],[151.894479,-32.667099],[151.894514,-32.66715],[151.89455,-32.6672],[151.894589,-32.667248],[151.894633,-32.667291],[151.894678,-32.667329],[151.894728,-32.667366],[151.894779,-32.667399],[151.894834,-32.667428],[151.89489,-32.667452],[151.894942,-32.667468],[151.894995,-32.66748],[151.89505,-32.667488],[151.895106,-32.667494],[151.895161,-32.667498],[151.895217,-32.6675],[151.895275,-32.667501],[151.895332,-32.667499],[151.895385,-32.667491],[151.895432,-32.667475],[151.895481,-32.66744],[151.895525,-32.667389],[151.895561,-32.66733],[151.895585,-32.667268],[151.895595,-32.667211],[151.895588,-32.667153],[151.895566,-32.667093],[151.895533,-32.667034],[151.895492,-32.666981],[151.895445,-32.666935],[151.895425,-32.66692],[151.895403,-32.666907],[151.895379,-32.666894],[151.895353,-32.666878],[151.895337,-32.666866],[151.895306,-32.666835],[151.895279,-32.666799],[151.895265,-32.666776],[151.895256,-32.666762],[151.895222,-32.666697],[151.895185,-32.666618],[151.895157,-32.66655],[151.895136,-32.666481],[151.895127,-32.666413],[151.895134,-32.66635],[151.895156,-32.666299],[151.89519,-32.666249],[151.895233,-32.666201],[151.895323,-32.666109],[151.895383,-32.666053],[151.895419,-32.666024],[151.895448,-32.666001],[151.895584,-32.665899],[151.895649,-32.665846],[151.895723,-32.66578],[151.895799,-32.665714],[151.895871,-32.665646],[151.895939,-32.665575],[151.896001,-32.665501],[151.896031,-32.665459],[151.89606,-32.665417],[151.896088,-32.665373],[151.896113,-32.665329],[151.896136,-32.665283],[151.896157,-32.665237],[151.896176,-32.665189],[151.896192,-32.66514],[151.896207,-32.665092],[151.896223,-32.66501],[151.896228,-32.664978],[151.896232,-32.664946],[151.896233,-32.664913],[151.896231,-32.664882],[151.896223,-32.664846],[151.89621,-32.664812],[151.896163,-32.664709],[151.896123,-32.664629],[151.896033,-32.66447],[151.895996,-32.66439],[151.895973,-32.664308],[151.895968,-32.66426],[151.895967,-32.664212],[151.895972,-32.664116],[151.895973,-32.664067],[151.895969,-32.663912],[151.89597,-32.663874],[151.895973,-32.663826],[151.89598,-32.663771],[151.895987,-32.663729],[151.895996,-32.663684],[151.89601,-32.663632],[151.896027,-32.663586],[151.896057,-32.663528],[151.896096,-32.663474],[151.89618,-32.663366],[151.896217,-32.66331],[151.896244,-32.663259],[151.896269,-32.663206],[151.896338,-32.663046],[151.896389,-32.662937],[151.89642,-32.662863],[151.896443,-32.662799],[151.896447,-32.662782],[151.896453,-32.662741],[151.896456,-32.662698],[151.896455,-32.662656],[151.896447,-32.662614],[151.896433,-32.662575],[151.89642,-32.66255],[151.896403,-32.662524],[151.896384,-32.662499],[151.896362,-32.662478],[151.896338,-32.66246],[151.896291,-32.662464],[151.896221,-32.662499],[151.896138,-32.662547],[151.896052,-32.66259],[151.895973,-32.66261],[151.895929,-32.66261],[151.895883,-32.662608],[151.895839,-32.662603],[151.895799,-32.662592],[151.895769,-32.662575],[151.895751,-32.662545],[151.895745,-32.662502],[151.895749,-32.662454],[151.895758,-32.662403],[151.895769,-32.662358],[151.89579,-32.662313],[151.89582,-32.662269],[151.895889,-32.662184],[151.895919,-32.66214],[151.895951,-32.662078],[151.89598,-32.662014],[151.896006,-32.66195],[151.896031,-32.661884],[151.896054,-32.661819],[151.896077,-32.661749],[151.896097,-32.661678],[151.896115,-32.661606],[151.896149,-32.661463],[151.896175,-32.661348],[151.896187,-32.661291],[151.896197,-32.661234],[151.896203,-32.661176],[151.896209,-32.661068],[151.896209,-32.661014],[151.896203,-32.660962],[151.896189,-32.660912],[151.896166,-32.660864],[151.896135,-32.660817],[151.896099,-32.660772],[151.896057,-32.66073],[151.896013,-32.660694],[151.895954,-32.660663],[151.895901,-32.660646],[151.895942,-32.6606],[151.896241,-32.658999],[151.912629,-32.661293],[151.912841,-32.661336],[151.913385,-32.658548],[151.927462,-32.660764],[151.928599,-32.660943],[151.931783,-32.661381],[151.932013,-32.661416],[151.932015,-32.661439],[151.932016,-32.661485],[151.93201,-32.661532],[151.931999,-32.661578],[151.931975,-32.66167],[151.931966,-32.661716],[151.931961,-32.661761],[151.931957,-32.661806],[151.931955,-32.661851],[151.931957,-32.661896],[151.931962,-32.66194],[151.931972,-32.661976],[151.931985,-32.662012],[151.932,-32.662047],[151.932016,-32.662082],[151.93203,-32.662118],[151.932049,-32.66218],[151.932065,-32.662245],[151.932082,-32.662308],[151.932106,-32.662368],[151.93214,-32.662421],[151.932173,-32.662455],[151.932209,-32.662486],[151.932251,-32.662527],[151.932299,-32.662577],[151.932321,-32.662603],[151.932342,-32.66263],[151.93237,-32.662672],[151.932393,-32.662717],[151.932434,-32.662809],[151.932467,-32.66289],[151.93248,-32.662925],[151.932539,-32.663095],[151.93256,-32.663161],[151.93258,-32.663227],[151.932599,-32.663294],[151.932624,-32.663401],[151.932665,-32.663634],[151.932676,-32.663707],[151.932688,-32.66378],[151.932703,-32.663852],[151.932723,-32.663923],[151.932746,-32.663992],[151.932771,-32.664061],[151.9328,-32.664129],[151.932835,-32.664193],[151.932878,-32.664252],[151.93292,-32.664296],[151.932967,-32.664337],[151.933018,-32.664376],[151.933072,-32.664412],[151.933126,-32.664446],[151.933176,-32.664475],[151.933228,-32.664503],[151.933281,-32.664528],[151.933336,-32.664552],[151.933391,-32.664574],[151.933493,-32.664612],[151.933545,-32.664628],[151.933598,-32.664641],[151.933651,-32.664649],[151.933719,-32.664653],[151.933791,-32.664651],[151.933862,-32.664642],[151.93393,-32.664627],[151.933991,-32.664604],[151.934022,-32.664587],[151.934051,-32.664567],[151.934079,-32.664546],[151.934133,-32.664502],[151.934164,-32.664474],[151.934222,-32.664416],[151.934275,-32.664354],[151.934296,-32.664325],[151.934332,-32.664264],[151.934353,-32.664236],[151.934378,-32.664212],[151.934396,-32.6642],[151.934415,-32.664189],[151.934434,-32.664179],[151.934454,-32.66417],[151.934474,-32.664159],[151.934576,-32.664099],[151.934602,-32.664085],[151.934661,-32.664057],[151.934773,-32.664008],[151.934817,-32.663987],[151.934863,-32.663969],[151.934894,-32.663961],[151.934926,-32.663955],[151.934959,-32.66395],[151.93499,-32.663943],[151.93502,-32.663934],[151.935057,-32.663913],[151.93509,-32.663886],[151.935153,-32.663826],[151.935185,-32.663797],[151.935224,-32.663765],[151.935261,-32.663731],[151.935299,-32.663698],[151.935339,-32.663668],[151.935382,-32.663641],[151.935428,-32.663615],[151.935452,-32.663604],[151.935476,-32.663594],[151.935501,-32.663586],[151.935528,-32.663582],[151.935557,-32.663582],[151.935614,-32.663584],[151.935642,-32.663584],[151.935673,-32.663581],[151.935704,-32.663576],[151.935766,-32.663569],[151.935796,-32.663568],[151.93584,-32.663572],[151.935885,-32.663582],[151.935929,-32.663594],[151.935972,-32.663608],[151.936093,-32.66365],[151.936131,-32.663666],[151.936168,-32.663683],[151.936202,-32.663703],[151.936242,-32.663732],[151.936277,-32.663765],[151.93631,-32.663801],[151.936396,-32.663905],[151.936441,-32.663965],[151.936461,-32.663995],[151.936479,-32.664027],[151.936505,-32.664085],[151.936525,-32.664146],[151.936539,-32.664209],[151.936548,-32.664273],[151.936554,-32.664335],[151.936554,-32.664428],[151.936541,-32.664521],[151.93652,-32.664615],[151.936457,-32.66486],[151.93642,-32.664979],[151.936404,-32.665039],[151.936392,-32.665099],[151.936381,-32.665188],[151.936375,-32.665278],[151.936376,-32.665369],[151.936386,-32.665458],[151.936408,-32.665543],[151.936439,-32.665619],[151.936479,-32.665694],[151.936527,-32.665766],[151.936582,-32.665836],[151.936641,-32.6659],[151.9367,-32.665957],[151.936764,-32.666011],[151.936832,-32.666062],[151.936905,-32.666106],[151.936981,-32.666144],[151.937063,-32.666176],[151.937151,-32.666204],[151.937241,-32.666224],[151.937331,-32.666235],[151.937418,-32.666233],[151.937452,-32.666228],[151.937485,-32.66622],[151.937551,-32.666202],[151.937585,-32.666195],[151.93761,-32.666192],[151.937635,-32.666188],[151.937686,-32.666182],[151.937752,-32.666177],[151.937917,-32.66617],[151.93808,-32.666158],[151.938121,-32.666157],[151.938186,-32.666158],[151.938252,-32.666163],[151.938318,-32.66617],[151.938384,-32.666178],[151.93845,-32.666184],[151.938532,-32.66619],[151.938615,-32.666194],[151.938697,-32.666199],[151.938779,-32.666207],[151.938859,-32.66622],[151.938959,-32.66624],[151.939009,-32.666252],[151.939056,-32.666268],[151.939097,-32.666289],[151.939127,-32.666313],[151.939152,-32.666342],[151.939176,-32.666373],[151.939199,-32.666405],[151.939223,-32.666435],[151.939355,-32.666583],[151.939468,-32.66672],[151.939493,-32.666755],[151.939513,-32.666791],[151.939531,-32.666845],[151.939539,-32.666902],[151.939542,-32.666962],[151.939547,-32.667021],[151.939558,-32.667079],[151.939589,-32.667159],[151.939629,-32.667237],[151.939718,-32.667393],[151.939756,-32.667472],[151.939802,-32.667597],[151.939823,-32.667661],[151.939842,-32.667724],[151.93986,-32.667788],[151.939882,-32.667876],[151.939892,-32.66792],[151.9399,-32.667964],[151.939907,-32.668009],[151.939912,-32.66806],[151.939914,-32.668112],[151.939915,-32.668215],[151.939918,-32.668267],[151.939922,-32.668306],[151.939932,-32.668384],[151.939938,-32.668423],[151.93996,-32.668541],[151.93997,-32.66858],[151.939981,-32.668619],[151.939995,-32.668656],[151.940014,-32.66869],[151.940036,-32.668722],[151.94006,-32.668754],[151.940081,-32.668786],[151.940096,-32.66882],[151.9401,-32.668848],[151.940099,-32.668877],[151.940097,-32.668906],[151.940098,-32.668934],[151.940105,-32.668959],[151.940115,-32.668975],[151.940127,-32.66899],[151.940154,-32.66902],[151.940165,-32.669035],[151.940189,-32.669084],[151.940204,-32.669138],[151.940214,-32.669194],[151.940223,-32.66925],[151.940237,-32.669305],[151.940267,-32.669393],[151.940302,-32.66948],[151.940339,-32.669567],[151.940377,-32.669654],[151.940413,-32.669741],[151.940557,-32.670095],[151.940603,-32.670213],[151.940752,-32.67061],[151.940802,-32.670749],[151.940846,-32.670889],[151.940883,-32.671031],[151.940918,-32.67121],[151.940945,-32.671391],[151.940961,-32.671573],[151.940967,-32.671756],[151.940962,-32.671937],[151.940951,-32.672048],[151.940933,-32.672159],[151.940913,-32.67227],[151.940892,-32.672381],[151.940875,-32.672492],[151.940864,-32.672582],[151.940846,-32.672763],[151.940836,-32.672854],[151.940823,-32.672944],[151.940803,-32.673062],[151.940779,-32.673179],[151.940701,-32.67353],[151.940681,-32.673617],[151.940637,-32.67379],[151.94062,-32.673877],[151.940611,-32.673964],[151.940609,-32.674045],[151.940611,-32.674126],[151.940619,-32.674207],[151.94063,-32.674288],[151.940647,-32.674368],[151.940672,-32.674471],[151.940703,-32.674576],[151.940743,-32.674678],[151.940795,-32.674772],[151.940861,-32.674853],[151.940907,-32.674892],[151.940958,-32.674928],[151.941012,-32.674961],[151.941122,-32.675025],[151.941215,-32.675078],[151.941311,-32.675127],[151.941409,-32.675173],[151.941508,-32.675218],[151.941608,-32.675261],[151.941723,-32.675315],[151.941762,-32.675329],[151.941802,-32.675339],[151.941836,-32.675343],[151.941871,-32.675345],[151.941941,-32.675342],[151.941975,-32.675338],[151.942018,-32.67533],[151.942104,-32.6753],[151.942144,-32.675291],[151.942182,-32.675292],[151.942199,-32.675297],[151.942216,-32.675304],[151.942248,-32.67532],[151.942264,-32.675329],[151.942288,-32.675347],[151.94231,-32.675368],[151.942331,-32.67539],[151.942353,-32.67541],[151.942378,-32.675427],[151.942424,-32.675444],[151.942476,-32.675451],[151.942531,-32.675455],[151.942587,-32.675457],[151.942642,-32.675464],[151.942708,-32.675477],[151.942774,-32.675492],[151.942905,-32.675524],[151.94297,-32.675539],[151.943323,-32.675616],[151.943677,-32.67569],[151.944032,-32.675761],[151.944387,-32.675828],[151.944526,-32.675853],[151.944606,-32.676772],[151.944643,-32.67677],[151.944679,-32.67677],[151.944716,-32.676771],[151.944776,-32.676777],[151.944836,-32.676789],[151.944896,-32.676805],[151.944956,-32.676821],[151.945017,-32.676834],[151.945082,-32.676845],[151.945147,-32.676855],[151.945213,-32.676864],[151.945279,-32.676873],[151.945344,-32.676882],[151.945443,-32.676895],[151.945543,-32.676907],[151.945642,-32.676919],[151.945741,-32.676929],[151.945841,-32.676938],[151.945935,-32.676946],[151.946029,-32.676953],[151.946123,-32.676959],[151.946217,-32.676963],[151.946311,-32.676965],[151.946412,-32.676965],[151.946513,-32.676962],[151.946615,-32.676958],[151.946716,-32.676953],[151.946817,-32.676947],[151.946938,-32.676938],[151.947059,-32.676927],[151.94718,-32.676915],[151.9473,-32.676903],[151.947421,-32.676892],[151.94753,-32.676881],[151.947638,-32.67687],[151.947746,-32.676859],[151.947854,-32.67685],[151.947963,-32.676844],[151.948059,-32.67684],[151.948155,-32.676837],[151.948252,-32.676837],[151.948347,-32.67684],[151.948442,-32.676848],[151.948491,-32.676852],[151.948543,-32.676854],[151.948593,-32.676859],[151.948638,-32.676869],[151.948673,-32.676887],[151.948693,-32.676913],[151.948705,-32.676946],[151.94872,-32.677019],[151.948733,-32.677053],[151.948752,-32.677089],[151.948775,-32.677123],[151.948799,-32.677158],[151.948823,-32.677192],[151.948846,-32.677226],[151.948874,-32.677268],[151.948902,-32.67731],[151.94893,-32.677351],[151.948955,-32.677394],[151.948977,-32.677438],[151.94899,-32.677473],[151.949002,-32.677509],[151.949012,-32.677545],[151.94902,-32.677582],[151.949028,-32.677618],[151.949036,-32.677668],[151.949042,-32.677719],[151.949046,-32.677769],[151.949047,-32.67782],[151.949047,-32.67787],[151.949043,-32.677907],[151.949036,-32.677943],[151.949029,-32.677979],[151.949025,-32.678015],[151.949027,-32.67805],[151.949033,-32.678076],[151.949041,-32.678103],[151.949052,-32.678129],[151.949064,-32.678154],[151.949078,-32.678178],[151.949099,-32.678208],[151.949122,-32.678239],[151.949149,-32.678268],[151.949178,-32.678291],[151.94921,-32.678306],[151.949243,-32.678313],[151.949279,-32.678314],[151.949317,-32.678311],[151.949354,-32.678303],[151.949387,-32.678293],[151.949412,-32.678279],[151.949435,-32.678259],[151.949456,-32.678239],[151.949478,-32.678219],[151.949503,-32.678204],[151.949531,-32.678196],[151.949561,-32.678193],[151.949592,-32.67819],[151.949621,-32.678185],[151.949645,-32.678175],[151.949663,-32.67816],[151.949678,-32.678142],[151.949691,-32.678121],[151.949701,-32.6781],[151.949708,-32.678078],[151.949713,-32.678056],[151.949715,-32.678032],[151.949714,-32.678008],[151.94971,-32.677986],[151.949701,-32.677966],[151.949687,-32.67795],[151.949668,-32.677937],[151.949646,-32.677924],[151.949624,-32.677912],[151.949604,-32.677898],[151.949587,-32.677882],[151.949569,-32.677867],[151.949552,-32.67785],[151.949537,-32.677833],[151.949525,-32.677815],[151.949516,-32.67779],[151.949511,-32.677763],[151.949509,-32.677735],[151.949509,-32.677707],[151.949509,-32.67768],[151.949511,-32.677642],[151.949516,-32.677605],[151.949523,-32.677567],[151.94953,-32.67753],[151.949538,-32.677493],[151.949543,-32.677467],[151.949549,-32.677442],[151.949555,-32.677416],[151.94956,-32.677391],[151.949566,-32.677366],[151.949577,-32.677322],[151.949587,-32.677279],[151.949598,-32.677235],[151.94961,-32.677192],[151.949622,-32.677149],[151.949633,-32.67712],[151.949647,-32.677091],[151.94966,-32.677062],[151.949668,-32.677034],[151.949668,-32.677007],[151.949655,-32.676979],[151.949631,-32.676952],[151.949601,-32.676926],[151.949568,-32.676902],[151.949537,-32.676879],[151.949511,-32.676863],[151.949484,-32.676849],[151.949456,-32.676836],[151.949432,-32.676821],[151.949413,-32.676803],[151.9494,-32.676781],[151.94939,-32.676754],[151.949383,-32.676728],[151.949382,-32.676705],[151.949405,-32.676685],[151.94943,-32.676688],[151.94946,-32.676695],[151.949492,-32.676702],[151.949521,-32.676706],[151.949556,-32.676707],[151.949592,-32.676707],[151.949627,-32.676706],[151.949663,-32.676704],[151.949698,-32.6767],[151.949753,-32.676691],[151.949808,-32.676679],[151.949862,-32.676664],[151.949916,-32.676648],[151.949969,-32.676633],[151.950026,-32.676615],[151.950083,-32.676595],[151.95014,-32.676575],[151.950196,-32.676555],[151.950254,-32.676538],[151.950313,-32.676522],[151.950374,-32.676508],[151.950435,-32.676494],[151.950495,-32.67648],[151.950555,-32.676465],[151.950618,-32.676447],[151.95068,-32.676428],[151.950742,-32.676408],[151.950804,-32.676389],[151.950867,-32.67637],[151.950916,-32.676356],[151.950965,-32.67634],[151.951015,-32.676326],[151.951065,-32.676313],[151.951115,-32.676305],[151.951159,-32.676302],[151.951204,-32.6763],[151.951248,-32.676301],[151.951293,-32.676303],[151.951337,-32.676307],[151.951404,-32.676316],[151.95147,-32.676329],[151.951536,-32.676345],[151.9516,-32.676364],[151.951663,-32.676385],[151.951724,-32.676408],[151.951783,-32.676434],[151.951841,-32.676462],[151.951898,-32.676492],[151.951954,-32.676522],[151.95201,-32.676554],[151.952064,-32.676587],[151.952118,-32.676621],[151.952172,-32.676655],[151.952227,-32.676689],[151.952278,-32.676719],[151.952331,-32.676748],[151.952383,-32.676777],[151.952434,-32.676808],[151.952482,-32.676841],[151.952505,-32.67686],[151.952529,-32.676879],[151.952551,-32.676899],[151.952573,-32.676919],[151.952596,-32.676939],[151.952619,-32.676959],[151.952641,-32.676979],[151.952663,-32.676999],[151.952686,-32.677019],[151.95271,-32.677037],[151.952746,-32.677065],[151.952783,-32.677092],[151.952822,-32.677117],[151.952862,-32.67714],[151.952903,-32.677159],[151.952953,-32.677176],[151.953004,-32.67719],[151.953058,-32.677201],[151.953112,-32.677207],[151.953166,-32.677209],[151.953189,-32.677209],[151.953213,-32.677208],[151.953251,-32.677204],[151.953289,-32.677198],[151.953327,-32.67719],[151.953364,-32.677182],[151.953402,-32.677176],[151.95344,-32.677171],[151.953477,-32.677166],[151.953515,-32.677162],[151.953553,-32.677158],[151.953591,-32.677152],[151.953642,-32.677144],[151.953694,-32.677134],[151.953746,-32.677124],[151.953797,-32.677113],[151.953848,-32.677102],[151.953865,-32.67709],[151.953889,-32.677079],[151.953914,-32.67707],[151.953937,-32.677058],[151.953959,-32.677041],[151.953978,-32.677022],[151.953991,-32.677004],[151.954002,-32.676984],[151.954004,-32.676966],[151.954001,-32.676947],[151.953992,-32.67693],[151.954013,-32.676916],[151.954032,-32.676899],[151.95405,-32.676882],[151.954071,-32.676861],[151.954095,-32.676837],[151.954115,-32.676811],[151.954124,-32.676794],[151.954134,-32.676775],[151.95415,-32.676764],[151.954175,-32.676769],[151.954194,-32.676777],[151.954209,-32.676787],[151.954232,-32.676799],[151.954253,-32.676814],[151.95427,-32.676832],[151.954285,-32.676851],[151.954296,-32.676872],[151.954304,-32.6769],[151.954308,-32.67693],[151.95431,-32.676956],[151.95431,-32.67698],[151.954313,-32.677004],[151.954325,-32.677029],[151.954327,-32.677032],[151.954341,-32.677053],[151.954358,-32.677071],[151.954384,-32.677084],[151.954419,-32.677094],[151.954452,-32.677104],[151.954489,-32.677115],[151.954525,-32.677127],[151.954561,-32.677139],[151.954596,-32.677152],[151.95463,-32.677167],[151.954661,-32.677183],[151.95469,-32.6772],[151.954719,-32.677219],[151.954748,-32.677238],[151.954775,-32.677257],[151.954796,-32.677272],[151.954817,-32.677286],[151.954837,-32.677301],[151.954856,-32.677317],[151.954872,-32.677334],[151.954884,-32.677351],[151.954895,-32.67737],[151.954905,-32.67739],[151.954912,-32.67741],[151.954919,-32.67743],[151.954926,-32.677459],[151.95493,-32.67749],[151.954932,-32.67752],[151.954932,-32.677551],[151.954934,-32.677581],[151.954936,-32.677606],[151.954938,-32.677631],[151.95494,-32.677656],[151.954941,-32.67768],[151.954941,-32.677705],[151.954939,-32.677728],[151.954937,-32.677752],[151.954934,-32.677775],[151.954929,-32.677798],[151.954923,-32.677821],[151.95491,-32.677857],[151.976222,-32.684583],[152.039421,-32.692282],[152.05231,-32.688083],[152.074763,-32.692632],[152.124656,-32.699981],[152.187855,-32.70488],[152.194486,-32.707671],[152.205043,-32.70122],[152.206378,-32.700039],[152.20546,-32.699034],[152.209158,-32.696684],[152.207487,-32.694687],[152.201769,-32.693684],[152.191883,-32.694347],[152.187085,-32.686966],[152.18698,-32.669451],[152.191057,-32.656433],[152.195678,-32.647922],[152.214414,-32.627575],[152.231255,-32.615845],[152.244665,-32.608921],[152.263711,-32.602151],[152.267932,-32.601522],[152.269287,-32.603841],[152.270685,-32.602745],[152.26915,-32.60042],[152.270784,-32.598748],[152.285026,-32.594775],[152.302933,-32.559295],[152.317373,-32.542737],[152.33563,-32.527079],[152.36423,-32.508746],[152.406847,-32.490264],[152.418854,-32.482549],[152.448291,-32.470819],[152.479054,-32.460889],[152.493839,-32.457238],[152.499522,-32.457621],[152.515017,-32.452128],[152.518067,-32.452329],[152.519715,-32.454953],[152.519573,-32.44832],[152.521216,-32.447088],[152.533347,-32.44304],[152.539907,-32.443464],[152.537527,-32.433604],[152.529575,-32.434628],[152.52623,-32.430084],[152.523127,-32.431455],[152.519552,-32.428291],[152.516546,-32.416445],[152.518045,-32.412931],[152.516316,-32.408505],[152.5194,-32.40208],[152.518411,-32.399355],[152.522735,-32.388081],[152.52768,-32.380761],[152.530241,-32.379298],[152.533712,-32.37977],[152.532087,-32.378525],[152.531867,-32.373412],[152.533053,-32.372565],[152.529901,-32.370672],[152.534162,-32.361403],[152.534505,-32.35565],[152.540299,-32.349126],[152.544507,-32.348939],[152.541058,-32.346331],[152.541562,-32.343236],[152.545767,-32.3371],[152.548065,-32.33558],[152.550753,-32.336609],[152.55169,-32.33461],[152.546216,-32.327429],[152.540563,-32.330315],[152.53638,-32.328984],[152.53374,-32.323047],[152.529394,-32.319403],[152.530829,-32.316787],[152.523441,-32.311726],[152.523695,-32.29441],[152.526786,-32.280044],[152.536688,-32.259276],[152.551115,-32.239944],[152.558136,-32.233305],[152.561876,-32.233404],[152.561909,-32.231399],[152.566357,-32.229514],[152.565688,-32.22637],[152.567374,-32.224429],[152.565221,-32.222267],[152.567995,-32.216572],[152.570872,-32.215633],[152.56751,-32.211487],[152.561065,-32.209507],[152.560595,-32.207034],[152.543249,-32.201587],[152.54356,-32.198328],[152.541348,-32.195234],[152.537879,-32.194138],[152.536466,-32.187168],[152.53795,-32.184589],[152.536228,-32.182798],[152.530785,-32.180456],[152.512869,-32.177632],[152.511401,-32.173814],[152.508886,-32.172395],[152.506396,-32.165553],[152.505288,-32.151301],[152.508752,-32.129038],[152.51686,-32.107986],[152.526417,-32.093818],[152.537074,-32.08346],[152.544041,-32.080143],[152.548008,-32.073271],[152.547707,-32.070678],[152.544578,-32.070289],[152.543529,-32.06832],[152.543698,-32.064664],[152.548239,-32.058236],[152.541753,-32.048143],[152.54381,-32.036093],[152.555169,-32.018379],[152.564547,-32.010515],[152.569525,-32.009961],[152.565541,-32.006571],[152.565872,-32.004019],[152.573148,-31.996554],[152.57289,-31.993406],[152.577946,-31.985801],[152.596368,-31.967604],[152.608794,-31.94714],[152.633525,-31.922438],[152.657126,-31.903104],[152.685399,-31.883555],[152.690985,-31.877659],[152.700944,-31.875801],[152.714469,-31.863855],[152.745085,-31.845878],[152.754557,-31.845077],[152.754581,-31.840977],[152.751157,-31.838434],[152.746056,-31.841838],[152.74192,-31.841596],[152.737198,-31.837251],[152.734537,-31.831985],[152.733526,-31.820665],[152.739166,-31.803905],[152.747952,-31.789103],[152.765099,-31.76752],[152.797657,-31.733566],[152.801721,-31.732988],[152.802614,-31.731899],[152.801419,-31.731375],[152.803627,-31.729766],[152.80563,-31.73032],[152.803318,-31.727515],[152.803327,-31.725724],[152.805142,-31.725575],[152.803959,-31.722581],[152.800133,-31.720523],[152.801159,-31.719732],[152.799494,-31.718272],[152.801093,-31.718158],[152.795297,-31.717153],[152.79289,-31.71233],[152.793334,-31.705666],[152.798675,-31.692387],[152.807534,-31.678414],[152.825151,-31.658351],[152.834949,-31.649305],[152.840388,-31.648371],[152.842123,-31.644854],[152.843527,-31.645446],[152.849523,-31.641347],[152.848051,-31.640111],[152.842205,-31.642064],[152.837996,-31.639247],[152.838136,-31.636226],[152.834769,-31.634678],[152.833956,-31.629019],[152.839818,-31.610133],[152.842927,-31.604323],[152.848288,-31.601575],[152.847861,-31.598227],[152.840123,-31.58938],[152.844584,-31.574441],[152.863677,-31.544537],[152.893286,-31.513089],[152.915202,-31.492816]]],[[[152.328627,-32.617406],[152.323509,-32.61574],[152.32313,-32.613499],[152.316597,-32.613792],[152.315361,-32.611758],[152.313914,-32.61339],[152.311467,-32.613227],[152.306818,-32.609685],[152.306709,-32.606744],[152.305258,-32.607247],[152.305936,-32.612025],[152.307768,-32.612736],[152.307108,-32.61717],[152.310612,-32.616314],[152.313081,-32.618548],[152.312026,-32.626782],[152.315167,-32.623443],[152.319219,-32.627907],[152.315212,-32.62098],[152.315824,-32.617576],[152.320467,-32.62192],[152.326141,-32.620407],[152.328627,-32.617406]]],[[[152.228733,-32.687263],[152.222668,-32.684061],[152.223921,-32.692407],[152.226058,-32.691689],[152.226404,-32.688653],[152.228733,-32.687263]]],[[[152.336912,-32.620938],[152.333336,-32.619938],[152.333069,-32.616741],[152.331354,-32.617375],[152.330973,-32.620738],[152.333706,-32.624373],[152.336236,-32.624755],[152.335634,-32.621284],[152.336912,-32.620938]]],[[[152.231414,-32.709773],[152.22969,-32.705192],[152.227181,-32.705736],[152.22656,-32.709343],[152.227924,-32.708019],[152.22975,-32.710451],[152.231414,-32.709773]]],[[[152.31802,-32.629967],[152.317447,-32.627736],[152.315971,-32.628318],[152.316607,-32.630584],[152.31802,-32.629967]]]]},"bbox":[151.303745,-32.760455,152.915202,-31.114]}]}