{"type":"FeatureCollection","features":[
{"properties":{"electorateShortName":"page","electorateName":"Page","area":19342.197652,"state":"NSW"},"type":"Feature","geometry":{"type":"MultiPolygon","coordinates":[[[[153.544475,-28.917804],[153.543944,-28.91727],[153.543886,-28.917213],[153.543853,-28.917188],[153.543821,-28.917162],[153.543757,-28.91712],[153.543726,-28.917102],[153.543695,-28.917085],[153.543662,-28.917073],[153.54363,-28.91706],[153.543539,-28.917048],[153.543502,-28.917045],[153.543435,-28.91705],[153.54337,-28.917064],[153.543327,-28.917081],[153.543311,-28.917085],[153.542608,-28.917205],[153.542525,-28.91721],[153.542442,-28.917207],[153.5424,-28.917206],[153.542353,-28.917199],[153.542306,-28.917192],[153.542258,-28.917185],[153.542117,-28.91715],[153.542023,-28.917118],[153.541976,-28.917102],[153.54193,-28.917083],[153.541896,-28.91707],[153.541862,-28.917053],[153.541828,-28.917037],[153.541794,-28.917023],[153.541759,-28.917013],[153.541726,-28.917003],[153.541658,-28.916996],[153.54159,-28.916989],[153.541531,-28.916992],[153.541411,-28.917011],[153.541352,-28.917016],[153.541297,-28.917009],[153.541228,-28.916977],[153.541185,-28.91697],[153.541158,-28.916969],[153.541075,-28.916972],[153.540996,-28.916978],[153.540918,-28.916995],[153.54088,-28.917006],[153.540845,-28.91702],[153.54083,-28.917022],[153.540811,-28.917035],[153.54068,-28.917104],[153.540649,-28.91712],[153.540618,-28.917136],[153.540556,-28.917169],[153.540524,-28.91718],[153.540459,-28.917201],[153.540393,-28.917216],[153.540332,-28.917226],[153.540207,-28.917234],[153.540003,-28.917235],[153.539407,-28.917198],[153.539239,-28.917178],[153.539187,-28.917165],[153.539115,-28.917153],[153.539063,-28.917135],[153.539022,-28.917114],[153.538982,-28.91709],[153.538905,-28.917037],[153.538821,-28.916978],[153.538776,-28.916945],[153.538731,-28.916912],[153.538637,-28.916851],[153.538585,-28.916828],[153.538514,-28.916783],[153.538471,-28.916766],[153.538428,-28.916755],[153.538382,-28.916752],[153.538334,-28.916755],[153.538193,-28.916786],[153.538141,-28.916804],[153.53809,-28.916827],[153.53804,-28.916854],[153.53799,-28.916881],[153.537858,-28.916952],[153.537615,-28.917091],[153.537531,-28.917133],[153.537413,-28.917192],[153.537292,-28.917247],[153.537046,-28.917348],[153.5368,-28.917445],[153.536552,-28.917538],[153.536425,-28.917581],[153.5363,-28.91762],[153.53619,-28.91765],[153.536081,-28.917677],[153.53597,-28.917701],[153.535858,-28.917724],[153.535746,-28.917744],[153.533683,-28.918212],[153.533531,-28.918254],[153.533271,-28.918295],[153.53301,-28.918326],[153.532716,-28.918349],[153.532421,-28.918359],[153.532144,-28.91836],[153.531882,-28.918354],[153.531622,-28.918337],[153.53151,-28.918326],[153.531285,-28.918297],[153.531057,-28.91826],[153.530799,-28.918203],[153.530668,-28.918175],[153.530408,-28.918105],[153.530272,-28.918064],[153.529734,-28.917884],[153.529003,-28.91764],[153.528429,-28.91743],[153.528284,-28.917381],[153.527855,-28.917256],[153.527747,-28.917225],[153.527565,-28.917186],[153.527295,-28.917138],[153.526887,-28.917082],[153.526339,-28.917023],[153.52563,-28.916932],[153.524506,-28.916794],[153.524297,-28.916775],[153.524157,-28.91677],[153.524016,-28.916768],[153.523734,-28.916778],[153.523444,-28.916798],[153.523293,-28.916813],[153.522994,-28.916853],[153.522627,-28.916914],[153.522518,-28.916934],[153.52241,-28.916959],[153.522305,-28.91699],[153.522219,-28.917023],[153.522049,-28.917102],[153.521734,-28.917268],[153.521662,-28.917311],[153.521589,-28.917354],[153.521521,-28.917403],[153.521479,-28.917438],[153.521439,-28.917474],[153.521265,-28.917643],[153.521155,-28.917753],[153.521101,-28.917808],[153.521043,-28.91786],[153.520983,-28.917905],[153.520863,-28.917995],[153.520563,-28.918199],[153.520502,-28.918235],[153.520441,-28.918271],[153.52036,-28.918309],[153.520278,-28.918347],[153.520196,-28.918385],[153.520111,-28.918415],[153.520026,-28.91844],[153.51993,-28.918462],[153.519833,-28.918476],[153.519735,-28.918486],[153.519537,-28.918496],[153.519344,-28.918493],[153.519247,-28.918487],[153.519055,-28.918465],[153.518899,-28.918437],[153.518822,-28.91842],[153.518745,-28.918399],[153.51867,-28.918376],[153.518517,-28.918317],[153.518442,-28.918283],[153.518369,-28.918246],[153.518297,-28.918207],[153.518224,-28.918162],[153.518152,-28.918115],[153.518082,-28.918063],[153.517747,-28.917818],[153.517682,-28.91777],[153.517515,-28.917646],[153.517339,-28.917503],[153.517195,-28.917358],[153.517109,-28.917253],[153.517067,-28.917193],[153.516991,-28.917066],[153.516959,-28.917],[153.51693,-28.916933],[153.516909,-28.91687],[153.516848,-28.916607],[153.516777,-28.916358],[153.516732,-28.916241],[153.516683,-28.916128],[153.516655,-28.916074],[153.516622,-28.916024],[153.516584,-28.915976],[153.516541,-28.915931],[153.516496,-28.915889],[153.516448,-28.91585],[153.516347,-28.91578],[153.516238,-28.91572],[153.516181,-28.915696],[153.516123,-28.915678],[153.516012,-28.915658],[153.515956,-28.915652],[153.515843,-28.915651],[153.515792,-28.915658],[153.51569,-28.915671],[153.515526,-28.91571],[153.515208,-28.915817],[153.514797,-28.915955],[153.514591,-28.916031],[153.514505,-28.916057],[153.514419,-28.916078],[153.514334,-28.916098],[153.514075,-28.916152],[153.51389,-28.916189],[153.513785,-28.916215],[153.513711,-28.916223],[153.513642,-28.916226],[153.513503,-28.916223],[153.513434,-28.916216],[153.512628,-28.916133],[153.512558,-28.916118],[153.512496,-28.916108],[153.512398,-28.916079],[153.512348,-28.916064],[153.5123,-28.916045],[153.512256,-28.916022],[153.512217,-28.915993],[153.512184,-28.915959],[153.512155,-28.91592],[153.512122,-28.915853],[153.512091,-28.915788],[153.512079,-28.915738],[153.51207,-28.915686],[153.512067,-28.915633],[153.512069,-28.915581],[153.512076,-28.91553],[153.512424,-28.914255],[153.51244,-28.914178],[153.512448,-28.914127],[153.512455,-28.914076],[153.512462,-28.913973],[153.512453,-28.913814],[153.512432,-28.913707],[153.512413,-28.913644],[153.512397,-28.913597],[153.512375,-28.913544],[153.51235,-28.913493],[153.512296,-28.9134],[153.512192,-28.913276],[153.51214,-28.913236],[153.512082,-28.913201],[153.512019,-28.913172],[153.511891,-28.913135],[153.509337,-28.912711],[153.509214,-28.912704],[153.50889,-28.91271],[153.508488,-28.91271],[153.508195,-28.912977],[153.507797,-28.912851],[153.50752,-28.91311],[153.507342,-28.913311],[153.507293,-28.913326],[153.507213,-28.913398],[153.507066,-28.913441],[153.506856,-28.913557],[153.506823,-28.913557],[153.506547,-28.91373],[153.506222,-28.913875],[153.505963,-28.914034],[153.505882,-28.91412],[153.505525,-28.914222],[153.505297,-28.914338],[153.505185,-28.914371],[153.504891,-28.914454],[153.504793,-28.914454],[153.504534,-28.914613],[153.504453,-28.914642],[153.504129,-28.91493],[153.503967,-28.915045],[153.503837,-28.915103],[153.503789,-28.915146],[153.502604,-28.915739],[153.502425,-28.915869],[153.502149,-28.916013],[153.501371,-28.916575],[153.501241,-28.916633],[153.501209,-28.916662],[153.501066,-28.916701],[153.500495,-28.917229],[153.499621,-28.918379],[153.498747,-28.919271],[153.498568,-28.919372],[153.497369,-28.920752],[153.497254,-28.921028],[153.494665,-28.920215],[153.493157,-28.921242],[153.491454,-28.922553],[153.491145,-28.922726],[153.490853,-28.922785],[153.490608,-28.922728],[153.490445,-28.922542],[153.490081,-28.921411],[153.489917,-28.921024],[153.489673,-28.920342],[153.489659,-28.920322],[153.489569,-28.920142],[153.489504,-28.919984],[153.489465,-28.919872],[153.486736,-28.920096],[153.486427,-28.920097],[153.486325,-28.920165],[153.486081,-28.920267],[153.485979,-28.920324],[153.485902,-28.920392],[153.485711,-28.920551],[153.485468,-28.920653],[153.485391,-28.92071],[153.485148,-28.920869],[153.485072,-28.920903],[153.484853,-28.920881],[153.484648,-28.920848],[153.484532,-28.920781],[153.484327,-28.920748],[153.484211,-28.920703],[153.484006,-28.920681],[153.48384,-28.920783],[153.483789,-28.92084],[153.483726,-28.921032],[153.483675,-28.921325],[153.483638,-28.921427],[153.483511,-28.921755],[153.48346,-28.921834],[153.483396,-28.921958],[153.483345,-28.922015],[153.483192,-28.922072],[153.482846,-28.922242],[153.482718,-28.922276],[153.4825,-28.922266],[153.482282,-28.922301],[153.482218,-28.922312],[153.482026,-28.922369],[153.481975,-28.922392],[153.481847,-28.922438],[153.48177,-28.922483],[153.481706,-28.922562],[153.481502,-28.922687],[153.481335,-28.922778],[153.481221,-28.922902],[153.48117,-28.922925],[153.48117,-28.922959],[153.481183,-28.923049],[153.481196,-28.923173],[153.481235,-28.923275],[153.481235,-28.92332],[153.48121,-28.923399],[153.481172,-28.923455],[153.481069,-28.923478],[153.480826,-28.923558],[153.480685,-28.923592],[153.480378,-28.923594],[153.4803,-28.923583],[153.480172,-28.923583],[153.480095,-28.923606],[153.480019,-28.923663],[153.479968,-28.923753],[153.479879,-28.923877],[153.479764,-28.923945],[153.479572,-28.924082],[153.479342,-28.924263],[153.47915,-28.924455],[153.479048,-28.92458],[153.478959,-28.924704],[153.478917,-28.924761],[153.478757,-28.924737],[153.47746,-28.924548],[153.47726,-28.9246],[153.477359,-28.924792],[153.476994,-28.924744],[153.476771,-28.924896],[153.476467,-28.924898],[153.476071,-28.924733],[153.475801,-28.924591],[153.47587,-28.924107],[153.47604,-28.922455],[153.476079,-28.922042],[153.476196,-28.921004],[153.476277,-28.920501],[153.476764,-28.918299],[153.477073,-28.917031],[153.477595,-28.914731],[153.47842,-28.910964],[153.479857,-28.902606],[153.479966,-28.902334],[153.480127,-28.901503],[153.481217,-28.896214],[153.482173,-28.891364],[153.482354,-28.890451],[153.482615,-28.889115],[153.482855,-28.888026],[153.483177,-28.887059],[153.483558,-28.88597],[153.483999,-28.88488],[153.48438,-28.883949],[153.484963,-28.882824],[153.486106,-28.881049],[153.486929,-28.879714],[153.487932,-28.878097],[153.488474,-28.877008],[153.489176,-28.875444],[153.489918,-28.873722],[153.490781,-28.871877],[153.491704,-28.869839],[153.492206,-28.869118],[153.492728,-28.868556],[153.493289,-28.868117],[153.493851,-28.86773],[153.494493,-28.867396],[153.495095,-28.867168],[153.495837,-28.866992],[153.497007,-28.866792],[153.49762,-28.866677],[153.498725,-28.866531],[153.498716,-28.866526],[153.498696,-28.866516],[153.499313,-28.866413],[153.499711,-28.86636],[153.501717,-28.86604],[153.501938,-28.866007],[153.501931,-28.865819],[153.501927,-28.865735],[153.50192,-28.86565],[153.501491,-28.865719],[153.501508,-28.86572],[153.501113,-28.865779],[153.500962,-28.865801],[153.50086,-28.865813],[153.500809,-28.865818],[153.500717,-28.865826],[153.500656,-28.865829],[153.500605,-28.865831],[153.500553,-28.865832],[153.500502,-28.865832],[153.500451,-28.865831],[153.5004,-28.865829],[153.500371,-28.865825],[153.500297,-28.865822],[153.500246,-28.865818],[153.500196,-28.865812],[153.500145,-28.865805],[153.500094,-28.865798],[153.500044,-28.865789],[153.499994,-28.86578],[153.499944,-28.86577],[153.499894,-28.865758],[153.499845,-28.865746],[153.499796,-28.865733],[153.499747,-28.865719],[153.499699,-28.865705],[153.499649,-28.865688],[153.499603,-28.865672],[153.499556,-28.865655],[153.499509,-28.865636],[153.499462,-28.865617],[153.499416,-28.865597],[153.499371,-28.865576],[153.499326,-28.865555],[153.499254,-28.865517],[153.499194,-28.865485],[153.499152,-28.86546],[153.499109,-28.865434],[153.499068,-28.865408],[153.499027,-28.865381],[153.498987,-28.865353],[153.498908,-28.865295],[153.49887,-28.865265],[153.498794,-28.865204],[153.498534,-28.864986],[153.498459,-28.864925],[153.498089,-28.86467],[153.49786,-28.864521],[153.497592,-28.864393],[153.497279,-28.864258],[153.496961,-28.864138],[153.496439,-28.863978],[153.49602,-28.863822],[153.495034,-28.863483],[153.494763,-28.863408],[153.494448,-28.863343],[153.494186,-28.863311],[153.493918,-28.863296],[153.493683,-28.863296],[153.493346,-28.863324],[153.493021,-28.86338],[153.492768,-28.863434],[153.492489,-28.863507],[153.49169,-28.863772],[153.491041,-28.863989],[153.490493,-28.864177],[153.489856,-28.864391],[153.489359,-28.864547],[153.488877,-28.864668],[153.488475,-28.864743],[153.488082,-28.864795],[153.487671,-28.864837],[153.487284,-28.864853],[153.486858,-28.864848],[153.48642,-28.864808],[153.486087,-28.864775],[153.485581,-28.864696],[153.485056,-28.864592],[153.484419,-28.864456],[153.484422,-28.86439],[153.484371,-28.864237],[153.48409,-28.864097],[153.483492,-28.863919],[153.483084,-28.863753],[153.482652,-28.863473],[153.482168,-28.863032],[153.482156,-28.862987],[153.48214,-28.86289],[153.482139,-28.862851],[153.482136,-28.862833],[153.48214,-28.862792],[153.482149,-28.862746],[153.482165,-28.862704],[153.482187,-28.862662],[153.482243,-28.862583],[153.482314,-28.862501],[153.48236,-28.862457],[153.482408,-28.862417],[153.482507,-28.86234],[153.482583,-28.862283],[153.482662,-28.86223],[153.482823,-28.862131],[153.482904,-28.862082],[153.482966,-28.862046],[153.483092,-28.861981],[153.483153,-28.861945],[153.48321,-28.861904],[153.48323,-28.861887],[153.483247,-28.861874],[153.483282,-28.861841],[153.483317,-28.861809],[153.483348,-28.861773],[153.48338,-28.861739],[153.483417,-28.861681],[153.483448,-28.861619],[153.483476,-28.861555],[153.483523,-28.861423],[153.483544,-28.861347],[153.483588,-28.861115],[153.483607,-28.861039],[153.483662,-28.860885],[153.483705,-28.860786],[153.483737,-28.86073],[153.483849,-28.860568],[153.483881,-28.860511],[153.483947,-28.860379],[153.483974,-28.86031],[153.483991,-28.860243],[153.483992,-28.860179],[153.483979,-28.860128],[153.483956,-28.860077],[153.483927,-28.860028],[153.483893,-28.859982],[153.483779,-28.859893],[153.483691,-28.859856],[153.483647,-28.859841],[153.483588,-28.859824],[153.483465,-28.859803],[153.483403,-28.8598],[153.483341,-28.859795],[153.483269,-28.859797],[153.483126,-28.859812],[153.482837,-28.85986],[153.482675,-28.85986],[153.482488,-28.859828],[153.482439,-28.85982],[153.482248,-28.859765],[153.482169,-28.859735],[153.482045,-28.859674],[153.482017,-28.85966],[153.481871,-28.859576],[153.481795,-28.859532],[153.481722,-28.859487],[153.48125,-28.859173],[153.481082,-28.859054],[153.480999,-28.858993],[153.480916,-28.85893],[153.480753,-28.858801],[153.480672,-28.858734],[153.480606,-28.858676],[153.48034,-28.858442],[153.480288,-28.858392],[153.480235,-28.858341],[153.480182,-28.858291],[153.48013,-28.858241],[153.480073,-28.858195],[153.479946,-28.858105],[153.479811,-28.858025],[153.479742,-28.857989],[153.479672,-28.857957],[153.479384,-28.85785],[153.479175,-28.857773],[153.479124,-28.857753],[153.479068,-28.857736],[153.478955,-28.857705],[153.478903,-28.857683],[153.47885,-28.857661],[153.478782,-28.857619],[153.478714,-28.857567],[153.478652,-28.857509],[153.478602,-28.857447],[153.47857,-28.857381],[153.478561,-28.85734],[153.478524,-28.857115],[153.478512,-28.857077],[153.478485,-28.857018],[153.47845,-28.856959],[153.47842,-28.85692],[153.47841,-28.856906],[153.478365,-28.856856],[153.478317,-28.856813],[153.47828,-28.856788],[153.478199,-28.856748],[153.478159,-28.856728],[153.478121,-28.856704],[153.478072,-28.856663],[153.478027,-28.856617],[153.477984,-28.856568],[153.477907,-28.856463],[153.477877,-28.856414],[153.477804,-28.856257],[153.477798,-28.856253],[153.477744,-28.856178],[153.477689,-28.856115],[153.477627,-28.856062],[153.477552,-28.856021],[153.477377,-28.855957],[153.477276,-28.855924],[153.47721,-28.855907],[153.477158,-28.855884],[153.477068,-28.855831],[153.476982,-28.855765],[153.476902,-28.85569],[153.476899,-28.855686],[153.476832,-28.855609],[153.476774,-28.855522],[153.476736,-28.855443],[153.476706,-28.855357],[153.476683,-28.855268],[153.476667,-28.855177],[153.476657,-28.855087],[153.476654,-28.85503],[153.476655,-28.854973],[153.476656,-28.854915],[153.47666,-28.854858],[153.476664,-28.8548],[153.476672,-28.854752],[153.47669,-28.854653],[153.476694,-28.854605],[153.47669,-28.854559],[153.476679,-28.854526],[153.476662,-28.854494],[153.476623,-28.854431],[153.476561,-28.854311],[153.47654,-28.85425],[153.476536,-28.854211],[153.47654,-28.85413],[153.476553,-28.854049],[153.476567,-28.853983],[153.476581,-28.853916],[153.476602,-28.85385],[153.476614,-28.853819],[153.476627,-28.853787],[153.476658,-28.853728],[153.476689,-28.853682],[153.476764,-28.853595],[153.476893,-28.853477],[153.476942,-28.853442],[153.476993,-28.853407],[153.477042,-28.853372],[153.477095,-28.85334],[153.477161,-28.8533],[153.477231,-28.853265],[153.477301,-28.85323],[153.477372,-28.853195],[153.477399,-28.853179],[153.477439,-28.853156],[153.477492,-28.853124],[153.477547,-28.853092],[153.477599,-28.853056],[153.477648,-28.853021],[153.477686,-28.852978],[153.477714,-28.852929],[153.477735,-28.852874],[153.477749,-28.852815],[153.477765,-28.852697],[153.477766,-28.852655],[153.47776,-28.852569],[153.477618,-28.851759],[153.477607,-28.851667],[153.4776,-28.851574],[153.477599,-28.851482],[153.477608,-28.851327],[153.477695,-28.850851],[153.477713,-28.850778],[153.477768,-28.850649],[153.477803,-28.850591],[153.477973,-28.850364],[153.477993,-28.850351],[153.478039,-28.850292],[153.478045,-28.850287],[153.478152,-28.850172],[153.478359,-28.849927],[153.478402,-28.849864],[153.478436,-28.849797],[153.478452,-28.849751],[153.478475,-28.849654],[153.478488,-28.849556],[153.47849,-28.849503],[153.47848,-28.849341],[153.478482,-28.849287],[153.478487,-28.849239],[153.478548,-28.848888],[153.47856,-28.848808],[153.478567,-28.848729],[153.478566,-28.848651],[153.478556,-28.84857],[153.478539,-28.848489],[153.478516,-28.848409],[153.478488,-28.848331],[153.478456,-28.848255],[153.478418,-28.848182],[153.478373,-28.848112],[153.478325,-28.848043],[153.478222,-28.847911],[153.478162,-28.847842],[153.477909,-28.847579],[153.477782,-28.847431],[153.477598,-28.847205],[153.477526,-28.847118],[153.477317,-28.846851],[153.477067,-28.846554],[153.47694,-28.84642],[153.476893,-28.846377],[153.476847,-28.846333],[153.47675,-28.846251],[153.476699,-28.846214],[153.476644,-28.846179],[153.476586,-28.846147],[153.476527,-28.846117],[153.476467,-28.84609],[153.476358,-28.846047],[153.476258,-28.846018],[153.476159,-28.84599],[153.476087,-28.845979],[153.475867,-28.845964],[153.475732,-28.845943],[153.475287,-28.845834],[153.475104,-28.845796],[153.474944,-28.845772],[153.474751,-28.845752],[153.474681,-28.845749],[153.474612,-28.845751],[153.474545,-28.84576],[153.474516,-28.845767],[153.474487,-28.845776],[153.474367,-28.84582],[153.474299,-28.845851],[153.474265,-28.845868],[153.474233,-28.845886],[153.474163,-28.845912],[153.474017,-28.845951],[153.473942,-28.845964],[153.473868,-28.845972],[153.473803,-28.845974],[153.473673,-28.845965],[153.473543,-28.845949],[153.473374,-28.84592],[153.473291,-28.845901],[153.473208,-28.845881],[153.473126,-28.845857],[153.472909,-28.845777],[153.472768,-28.845713],[153.472671,-28.845664],[153.472483,-28.845555],[153.4723,-28.845438],[153.472189,-28.845365],[153.472077,-28.84528],[153.471858,-28.845117],[153.471677,-28.844964],[153.471603,-28.844896],[153.471529,-28.844826],[153.471456,-28.844756],[153.471382,-28.844687],[153.471325,-28.844633],[153.471211,-28.844524],[153.471154,-28.844471],[153.471008,-28.844338],[153.470921,-28.844259],[153.470833,-28.84418],[153.470744,-28.844102],[153.470638,-28.844013],[153.470046,-28.843419],[153.46972,-28.843126],[153.469565,-28.842991],[153.469368,-28.842849],[153.469231,-28.842774],[153.469068,-28.842714],[153.46894,-28.84267],[153.468666,-28.842625],[153.4684,-28.842589],[153.467887,-28.842535],[153.467293,-28.842475],[153.467031,-28.842446],[153.466762,-28.842326],[153.466684,-28.842269],[153.466604,-28.842171],[153.46657,-28.842128],[153.466516,-28.842098],[153.466361,-28.841817],[153.466213,-28.841558],[153.466073,-28.841435],[153.46598,-28.841298],[153.465844,-28.841164],[153.465571,-28.840949],[153.46529,-28.840795],[153.465035,-28.840742],[153.460472,-28.840093],[153.459294,-28.839837],[153.458809,-28.839718],[153.458084,-28.839573],[153.453691,-28.838977],[153.451238,-28.838635],[153.451262,-28.838501],[153.451499,-28.837191],[153.451659,-28.836315],[153.451766,-28.835713],[153.452131,-28.833496],[153.452352,-28.832457],[153.452437,-28.832162],[153.452501,-28.831978],[153.452624,-28.83177],[153.452557,-28.831709],[153.452539,-28.831562],[153.452566,-28.831404],[153.452636,-28.83108],[153.452657,-28.830962],[153.452617,-28.830827],[153.45253,-28.830749],[153.452256,-28.830706],[153.451769,-28.830661],[153.451389,-28.830602],[153.447968,-28.830131],[153.446184,-28.829877],[153.445085,-28.829767],[153.443813,-28.829475],[153.44435,-28.829405],[153.444496,-28.829361],[153.444593,-28.829303],[153.444592,-28.829117],[153.444478,-28.828917],[153.444363,-28.828788],[153.444363,-28.828688],[153.444395,-28.828587],[153.444492,-28.828587],[153.444558,-28.828615],[153.44485,-28.828672],[153.44529,-28.828813],[153.44542,-28.828784],[153.445518,-28.828726],[153.445419,-28.828397],[153.445564,-28.828296],[153.445727,-28.828238],[153.445971,-28.828237],[153.446231,-28.828279],[153.44628,-28.828265],[153.446442,-28.828293],[153.446638,-28.828378],[153.446916,-28.828664],[153.44716,-28.828663],[153.447192,-28.828534],[153.447157,-28.828176],[153.447238,-28.828003],[153.44727,-28.827989],[153.4474,-28.827787],[153.447659,-28.8275],[153.447723,-28.827342],[153.447738,-28.82717],[153.447656,-28.827012],[153.447541,-28.826726],[153.447475,-28.82664],[153.447343,-28.826124],[153.447342,-28.825794],[153.447405,-28.825479],[153.447485,-28.825292],[153.447582,-28.825163],[153.447776,-28.824789],[153.447726,-28.824574],[153.447385,-28.824604],[153.446995,-28.824835],[153.446557,-28.825052],[153.445763,-28.825599],[153.445617,-28.825657],[153.445357,-28.825701],[153.444739,-28.825704],[153.444104,-28.825591],[153.443534,-28.825421],[153.443094,-28.825236],[153.443094,-28.825208],[153.442898,-28.825036],[153.442897,-28.824836],[153.443092,-28.824763],[153.443222,-28.824734],[153.443368,-28.824734],[153.443514,-28.824633],[153.443465,-28.824489],[153.443399,-28.824375],[153.442959,-28.82409],[153.442241,-28.823504],[153.441719,-28.823291],[153.441382,-28.823097],[153.441558,-28.822596],[153.441783,-28.822101],[153.441925,-28.821757],[153.442095,-28.821518],[153.442378,-28.821064],[153.442678,-28.820016],[153.443652,-28.816315],[153.444153,-28.814412],[153.444182,-28.814128],[153.444188,-28.813986],[153.444192,-28.813915],[153.444192,-28.813843],[153.444192,-28.813575],[153.444187,-28.813386],[153.444175,-28.813152],[153.444175,-28.813014],[153.444234,-28.812119],[153.444244,-28.81205],[153.444253,-28.811982],[153.444267,-28.811922],[153.444304,-28.811802],[153.444368,-28.811616],[153.444537,-28.811157],[153.444592,-28.811037],[153.444625,-28.810981],[153.444699,-28.810874],[153.444781,-28.810773],[153.444823,-28.810729],[153.444868,-28.810687],[153.444913,-28.810646],[153.444959,-28.810604],[153.445003,-28.810561],[153.445123,-28.810433],[153.445198,-28.810344],[153.445238,-28.810287],[153.4453,-28.810198],[153.445424,-28.809986],[153.445442,-28.809948],[153.445471,-28.809873],[153.445499,-28.809762],[153.445504,-28.809725],[153.445524,-28.809484],[153.445549,-28.809295],[153.445564,-28.809169],[153.445571,-28.809041],[153.445573,-28.808976],[153.445579,-28.80872],[153.445579,-28.808655],[153.445577,-28.808527],[153.445565,-28.808387],[153.445538,-28.808177],[153.445531,-28.80812],[153.445454,-28.807581],[153.445422,-28.807266],[153.445377,-28.806945],[153.445477,-28.805607],[153.4455,-28.805407],[153.445516,-28.805307],[153.445551,-28.805133],[153.445632,-28.804831],[153.445743,-28.804441],[153.445807,-28.804125],[153.445966,-28.802756],[153.446092,-28.801828],[153.445974,-28.801459],[153.445946,-28.801429],[153.445919,-28.801401],[153.445889,-28.801375],[153.445833,-28.801341],[153.445769,-28.801316],[153.445631,-28.80128],[153.445564,-28.80126],[153.445387,-28.801201],[153.445174,-28.801116],[153.445127,-28.801093],[153.44508,-28.801069],[153.445038,-28.80104],[153.444986,-28.801004],[153.444963,-28.800983],[153.44494,-28.800962],[153.44492,-28.800938],[153.444905,-28.800914],[153.44488,-28.800858],[153.444862,-28.800801],[153.44485,-28.800746],[153.444847,-28.800689],[153.444844,-28.800631],[153.444849,-28.800514],[153.444863,-28.800399],[153.444946,-28.799971],[153.444978,-28.799834],[153.44512,-28.799322],[153.445136,-28.799212],[153.445143,-28.799103],[153.445142,-28.799049],[153.445135,-28.798996],[153.445129,-28.798944],[153.445103,-28.798841],[153.445086,-28.798792],[153.445065,-28.798744],[153.445036,-28.798693],[153.444924,-28.798552],[153.44489,-28.798503],[153.444814,-28.798361],[153.444773,-28.798262],[153.444748,-28.798183],[153.444729,-28.798102],[153.444718,-28.798034],[153.444715,-28.798012],[153.444709,-28.797911],[153.444709,-28.797758],[153.444717,-28.797603],[153.444732,-28.797469],[153.444859,-28.796812],[153.444901,-28.796568],[153.444308,-28.796883],[153.44434,-28.796859],[153.444558,-28.796689],[153.444632,-28.796634],[153.444807,-28.796514],[153.444819,-28.796506],[153.444924,-28.796434],[153.444999,-28.796389],[153.445037,-28.796366],[153.445074,-28.796344],[153.445162,-28.796308],[153.44521,-28.796288],[153.445242,-28.796279],[153.44526,-28.796274],[153.44531,-28.796261],[153.445361,-28.796251],[153.445469,-28.796241],[153.445514,-28.796242],[153.445634,-28.796245],[153.445749,-28.796255],[153.44592,-28.79628],[153.446128,-28.79632],[153.446331,-28.796354],[153.446507,-28.796372],[153.446632,-28.796378],[153.446763,-28.796375],[153.447055,-28.796431],[153.44719,-28.796421],[153.447258,-28.796416],[153.447574,-28.796405],[153.447842,-28.796399],[153.44793,-28.796392],[153.448016,-28.796377],[153.448095,-28.796356],[153.448172,-28.796327],[153.448426,-28.796294],[153.448722,-28.795956],[153.44877,-28.79591],[153.44885,-28.795812],[153.448886,-28.79576],[153.448952,-28.795652],[153.448995,-28.795573],[153.449034,-28.795493],[153.449049,-28.795451],[153.449067,-28.795403],[153.44908,-28.795354],[153.449102,-28.795255],[153.449109,-28.795205],[153.449117,-28.794953],[153.449129,-28.794563],[153.449121,-28.794416],[153.449111,-28.794332],[153.449104,-28.794269],[153.449098,-28.794213],[153.449077,-28.794026],[153.449065,-28.793972],[153.449045,-28.793921],[153.449022,-28.793881],[153.448994,-28.793843],[153.448929,-28.793771],[153.448896,-28.793738],[153.448859,-28.793704],[153.448821,-28.793672],[153.448701,-28.793583],[153.448581,-28.793502],[153.448542,-28.793476],[153.448506,-28.793445],[153.448468,-28.793405],[153.448434,-28.793362],[153.448343,-28.793221],[153.448315,-28.79317],[153.448264,-28.793062],[153.448227,-28.792966],[153.448202,-28.792901],[153.448142,-28.792694],[153.448046,-28.792348],[153.448025,-28.792258],[153.448019,-28.79221],[153.447995,-28.791874],[153.447993,-28.791783],[153.448003,-28.791644],[153.44802,-28.791554],[153.448033,-28.791508],[153.44805,-28.791464],[153.448067,-28.791419],[153.448087,-28.791377],[153.448111,-28.791336],[153.448141,-28.791293],[153.448175,-28.791254],[153.448335,-28.791096],[153.448385,-28.791053],[153.448435,-28.79101],[153.448485,-28.790967],[153.448534,-28.790924],[153.448579,-28.790881],[153.448667,-28.790792],[153.44871,-28.790749],[153.448755,-28.790706],[153.448812,-28.790657],[153.448987,-28.790516],[153.449042,-28.790465],[153.449118,-28.790383],[153.44919,-28.790297],[153.449259,-28.790209],[153.449356,-28.790071],[153.449428,-28.789962],[153.449848,-28.789565],[153.4502,-28.789236],[153.450334,-28.789014],[153.450659,-28.788364],[153.450899,-28.787928],[153.450978,-28.787792],[153.451035,-28.787704],[153.451081,-28.787648],[153.451132,-28.787595],[153.451184,-28.787544],[153.451237,-28.787493],[153.451289,-28.787441],[153.451628,-28.78708],[153.451676,-28.787032],[153.451725,-28.786985],[153.451774,-28.786937],[153.451869,-28.78684],[153.451958,-28.786735],[153.452043,-28.786626],[153.45212,-28.786518],[153.452157,-28.786467],[153.452226,-28.786361],[153.452296,-28.786246],[153.452365,-28.786123],[153.452462,-28.785927],[153.452579,-28.785637],[153.452722,-28.785247],[153.452947,-28.784673],[153.453047,-28.784451],[153.45309,-28.784371],[153.453114,-28.784333],[153.453139,-28.784294],[153.453166,-28.784259],[153.453216,-28.784193],[153.453242,-28.784164],[153.453267,-28.784136],[153.453294,-28.78411],[153.453322,-28.784084],[153.453369,-28.784047],[153.453473,-28.783983],[153.453525,-28.783952],[153.453576,-28.783918],[153.453633,-28.783874],[153.45369,-28.783829],[153.453913,-28.783642],[153.454429,-28.783214],[153.454497,-28.783162],[153.454635,-28.783063],[153.454703,-28.783011],[153.454767,-28.782956],[153.454812,-28.782913],[153.454857,-28.782871],[153.4549,-28.782825],[153.454942,-28.78278],[153.454981,-28.782732],[153.455034,-28.782665],[153.455129,-28.782521],[153.455217,-28.782354],[153.454395,-28.781855],[153.454104,-28.781706],[153.453966,-28.781664],[153.453764,-28.781658],[153.45353,-28.781658],[153.453522,-28.781659],[153.453296,-28.781673],[153.452755,-28.781725],[153.452304,-28.781771],[153.451903,-28.781795],[153.451766,-28.781801],[153.451387,-28.781787],[153.451198,-28.781773],[153.450991,-28.781728],[153.450982,-28.78172],[153.450791,-28.781671],[153.450663,-28.781638],[153.450405,-28.781533],[153.450181,-28.781427],[153.449973,-28.781307],[153.449775,-28.781171],[153.449568,-28.781005],[153.449171,-28.780657],[153.448868,-28.780362],[153.448805,-28.780299],[153.448511,-28.780006],[153.447933,-28.779436],[153.447106,-28.778614],[153.447052,-28.778561],[153.446755,-28.778264],[153.445798,-28.777306],[153.445792,-28.777312],[153.445712,-28.777231],[153.445578,-28.777101],[153.445485,-28.777019],[153.445397,-28.776951],[153.445357,-28.776921],[153.445096,-28.776736],[153.444919,-28.776621],[153.444679,-28.77648],[153.444368,-28.776348],[153.444073,-28.77623],[153.443857,-28.776147],[153.443857,-28.776092],[153.443954,-28.775948],[153.44413,-28.775316],[153.444097,-28.775159],[153.444193,-28.774857],[153.4445,-28.774526],[153.444874,-28.774496],[153.445118,-28.774538],[153.445427,-28.774509],[153.445736,-28.774308],[153.445783,-28.774278],[153.445977,-28.774076],[153.446025,-28.773976],[153.446171,-28.773818],[153.446171,-28.77376],[153.446235,-28.773631],[153.446527,-28.773444],[153.446802,-28.77317],[153.44685,-28.772955],[153.446914,-28.772869],[153.446913,-28.772682],[153.446881,-28.772654],[153.446854,-28.772538],[153.446847,-28.77251],[153.446749,-28.772381],[153.446618,-28.772038],[153.446361,-28.771578],[153.44624,-28.771515],[153.446149,-28.771258],[153.446133,-28.770902],[153.446133,-28.770719],[153.446033,-28.770604],[153.445668,-28.770421],[153.445353,-28.770281],[153.444947,-28.770049],[153.444908,-28.769884],[153.444933,-28.769864],[153.444997,-28.769534],[153.444996,-28.769291],[153.444913,-28.769047],[153.444766,-28.768876],[153.444457,-28.768676],[153.444309,-28.768519],[153.444097,-28.768175],[153.443901,-28.768033],[153.443819,-28.767904],[153.443688,-28.767574],[153.443556,-28.767331],[153.443537,-28.767304],[153.44348,-28.767075],[153.443248,-28.766835],[153.44312,-28.766726],[153.442837,-28.766516],[153.442853,-28.766489],[153.442772,-28.766344],[153.442656,-28.765944],[153.442655,-28.765771],[153.442801,-28.765642],[153.443191,-28.765655],[153.443272,-28.765611],[153.443337,-28.765611],[153.443515,-28.765352],[153.443529,-28.765023],[153.443464,-28.764851],[153.443153,-28.764536],[153.442974,-28.764437],[153.442665,-28.764323],[153.442404,-28.764152],[153.442371,-28.764095],[153.44237,-28.763966],[153.443069,-28.763891],[153.443068,-28.763691],[153.443019,-28.763591],[153.442921,-28.763492],[153.442774,-28.763392],[153.442595,-28.763334],[153.442124,-28.763307],[153.441879,-28.763136],[153.441878,-28.762906],[153.44187,-28.762888],[153.442034,-28.762724],[153.442791,-28.762426],[153.442835,-28.762402],[153.442932,-28.7623],[153.443645,-28.762025],[153.444017,-28.761637],[153.444423,-28.761478],[153.444602,-28.761477],[153.444895,-28.761576],[153.44509,-28.76159],[153.445268,-28.761546],[153.445333,-28.761517],[153.445495,-28.761359],[153.44559,-28.760886],[153.445655,-28.760742],[153.445946,-28.760569],[153.446206,-28.760539],[153.446515,-28.760523],[153.44671,-28.760494],[153.44684,-28.760407],[153.446936,-28.760235],[153.447016,-28.759991],[153.447324,-28.759818],[153.447438,-28.759731],[153.44755,-28.75943],[153.44768,-28.759358],[153.447956,-28.759271],[153.448118,-28.759155],[153.448246,-28.758782],[153.448505,-28.758666],[153.448586,-28.758609],[153.448634,-28.758451],[153.4486,-28.758064],[153.448534,-28.757877],[153.448354,-28.757663],[153.448273,-28.757606],[153.447964,-28.757507],[153.44772,-28.757479],[153.447541,-28.757494],[153.447241,-28.75756],[153.447044,-28.757536],[153.4471,-28.757298],[153.447233,-28.757204],[153.447296,-28.757165],[153.447603,-28.756906],[153.447867,-28.756754],[153.44801,-28.756694],[153.448309,-28.756677],[153.448592,-28.756721],[153.448736,-28.75681],[153.448838,-28.756901],[153.44892,-28.75693],[153.449407,-28.756899],[153.449602,-28.756957],[153.449717,-28.757027],[153.449957,-28.75735],[153.450027,-28.757472],[153.450179,-28.757407],[153.450324,-28.757052],[153.45031,-28.756553],[153.450158,-28.756184],[153.45002,-28.755923],[153.450165,-28.755663],[153.450165,-28.755395],[153.450086,-28.755073],[153.450078,-28.75504],[153.449723,-28.754635],[153.449412,-28.754078],[153.449122,-28.753716],[153.448398,-28.753441],[153.448014,-28.75339],[153.447692,-28.753346],[153.447505,-28.753293],[153.447375,-28.753221],[153.447326,-28.753151],[153.447309,-28.753093],[153.447405,-28.752835],[153.44747,-28.752762],[153.447712,-28.752474],[153.447745,-28.752374],[153.447728,-28.752331],[153.447824,-28.752087],[153.448002,-28.751914],[153.448635,-28.751596],[153.448942,-28.75138],[153.448991,-28.751265],[153.448925,-28.751179],[153.448925,-28.751122],[153.448534,-28.750894],[153.448126,-28.750595],[153.447785,-28.750553],[153.44759,-28.750654],[153.447347,-28.750683],[153.4472,-28.750626],[153.447296,-28.750339],[153.447393,-28.750239],[153.447377,-28.750196],[153.447408,-28.750024],[153.44736,-28.750024],[153.447327,-28.749981],[153.447083,-28.749839],[153.447017,-28.749767],[153.447066,-28.749709],[153.447292,-28.749536],[153.447438,-28.749393],[153.447454,-28.749279],[153.447518,-28.749177],[153.447567,-28.749206],[153.447681,-28.749205],[153.447795,-28.749248],[153.448219,-28.749505],[153.448317,-28.749619],[153.448447,-28.749676],[153.448512,-28.749675],[153.448561,-28.749704],[153.448804,-28.749674],[153.448853,-28.749545],[153.448884,-28.749229],[153.448979,-28.748842],[153.448871,-28.748426],[153.448863,-28.74841],[153.448756,-28.748197],[153.448642,-28.748097],[153.448186,-28.747841],[153.447762,-28.747571],[153.447713,-28.747513],[153.44768,-28.747327],[153.447712,-28.747227],[153.447842,-28.747125],[153.448036,-28.747067],[153.448199,-28.747023],[153.448133,-28.746851],[153.448003,-28.746839],[153.447791,-28.746796],[153.447287,-28.746783],[153.446475,-28.746699],[153.446182,-28.746586],[153.446068,-28.7465],[153.446067,-28.746328],[153.446196,-28.746185],[153.446326,-28.746084],[153.446471,-28.74584],[153.446388,-28.74561],[153.44629,-28.745467],[153.446209,-28.745395],[153.446144,-28.745396],[153.446067,-28.745416],[153.445962,-28.74546],[153.445905,-28.74551],[153.44588,-28.745574],[153.445891,-28.745705],[153.445913,-28.745877],[153.4458,-28.746094],[153.445617,-28.746174],[153.445389,-28.746196],[153.445115,-28.746241],[153.445001,-28.746389],[153.445047,-28.746618],[153.445309,-28.747029],[153.445347,-28.747109],[153.445383,-28.747282],[153.445356,-28.747449],[153.445307,-28.747504],[153.445161,-28.747529],[153.444875,-28.747508],[153.444636,-28.747451],[153.444317,-28.747313],[153.443906,-28.747109],[153.443871,-28.747087],[153.443385,-28.746802],[153.443046,-28.746569],[153.442882,-28.746398],[153.44267,-28.746083],[153.442555,-28.745853],[153.442602,-28.745409],[153.442536,-28.74515],[153.442356,-28.744965],[153.442096,-28.744977],[153.441887,-28.745044],[153.441579,-28.74517],[153.441373,-28.745239],[153.441043,-28.745375],[153.440815,-28.74549],[153.440427,-28.745661],[153.440107,-28.745752],[153.439822,-28.745764],[153.439377,-28.745672],[153.438864,-28.745466],[153.438316,-28.745228],[153.437894,-28.744988],[153.437575,-28.744886],[153.437312,-28.74484],[153.437141,-28.744863],[153.43705,-28.744988],[153.437073,-28.745159],[153.437233,-28.745285],[153.437552,-28.745444],[153.437905,-28.745615],[153.438111,-28.745786],[153.438191,-28.745957],[153.438168,-28.746208],[153.438054,-28.746356],[153.437905,-28.746446],[153.437677,-28.746493],[153.437347,-28.746516],[153.43725,-28.746526],[153.43725,-28.746525],[153.43689,-28.746562],[153.436365,-28.746721],[153.436092,-28.746903],[153.435898,-28.747109],[153.435761,-28.74728],[153.435624,-28.747519],[153.435521,-28.747678],[153.435362,-28.747736],[153.435111,-28.74769],[153.434734,-28.747508],[153.434404,-28.747257],[153.434324,-28.747052],[153.434255,-28.746778],[153.434141,-28.746231],[153.433993,-28.745684],[153.433913,-28.745456],[153.433787,-28.745353],[153.433639,-28.745262],[153.433457,-28.74533],[153.433251,-28.745501],[153.433057,-28.745718],[153.432943,-28.745889],[153.432795,-28.746083],[153.432635,-28.746174],[153.432441,-28.746162],[153.432088,-28.746094],[153.431814,-28.745969],[153.43154,-28.745695],[153.431187,-28.745376],[153.430844,-28.745091],[153.430605,-28.74484],[153.430513,-28.744658],[153.430582,-28.744441],[153.430719,-28.744327],[153.430867,-28.74411],[153.430913,-28.743917],[153.430822,-28.743689],[153.430639,-28.743506],[153.430217,-28.743278],[153.42992,-28.743039],[153.429555,-28.742777],[153.42919,-28.742572],[153.428837,-28.742344],[153.428345,-28.741971],[153.428083,-28.741735],[153.427965,-28.74156],[153.427949,-28.741375],[153.42798,-28.741222],[153.428113,-28.741016],[153.428288,-28.740816],[153.428493,-28.740601],[153.428688,-28.740426],[153.428833,-28.740251],[153.428898,-28.740079],[153.428847,-28.739677],[153.428821,-28.739618],[153.428765,-28.739491],[153.428699,-28.73919],[153.428503,-28.738961],[153.428435,-28.738922],[153.428289,-28.73881],[153.428038,-28.738718],[153.427684,-28.738695],[153.426966,-28.738684],[153.426395,-28.738673],[153.426179,-28.73873],[153.425962,-28.738764],[153.425802,-28.73881],[153.42554,-28.738844],[153.42522,-28.738889],[153.424878,-28.739003],[153.424593,-28.73922],[153.424376,-28.739402],[153.424217,-28.739573],[153.424114,-28.739779],[153.424023,-28.740143],[153.423988,-28.740542],[153.423925,-28.740866],[153.423897,-28.741021],[153.423772,-28.741272],[153.423669,-28.741466],[153.423475,-28.741694],[153.423201,-28.741956],[153.422928,-28.742207],[153.422827,-28.742291],[153.422746,-28.74238],[153.422677,-28.742416],[153.42262,-28.742467],[153.42249,-28.742496],[153.422215,-28.742755],[153.42207,-28.743042],[153.422084,-28.743072],[153.422039,-28.743192],[153.421988,-28.743478],[153.421961,-28.743777],[153.421988,-28.743924],[153.421998,-28.744112],[153.422099,-28.744324],[153.422283,-28.744462],[153.422412,-28.744475],[153.422747,-28.744425],[153.423037,-28.744383],[153.423263,-28.744337],[153.423373,-28.744347],[153.423415,-28.744452],[153.423401,-28.744609],[153.423309,-28.744737],[153.423056,-28.744875],[153.422517,-28.745174],[153.422241,-28.745275],[153.42203,-28.745326],[153.421694,-28.74533],[153.421381,-28.745262],[153.42128,-28.745225],[153.421242,-28.745206],[153.42119,-28.745163],[153.421153,-28.745139],[153.421006,-28.744968],[153.420612,-28.744094],[153.420482,-28.743908],[153.420319,-28.743737],[153.420009,-28.743609],[153.419603,-28.743567],[153.418775,-28.743656],[153.418602,-28.743703],[153.418216,-28.743851],[153.41786,-28.74391],[153.417707,-28.743934],[153.417304,-28.743966],[153.417009,-28.743983],[153.41677,-28.743975],[153.416507,-28.743917],[153.416235,-28.743786],[153.41603,-28.743547],[153.415939,-28.74326],[153.415972,-28.743005],[153.416055,-28.742874],[153.416161,-28.742767],[153.416202,-28.742652],[153.416145,-28.742554],[153.415907,-28.742463],[153.415076,-28.742225],[153.414797,-28.742135],[153.414337,-28.742028],[153.413852,-28.74202],[153.412924,-28.742003],[153.412125,-28.742052],[153.411358,-28.742135],[153.410949,-28.742184],[153.41072,-28.742241],[153.410394,-28.742355],[153.41005,-28.742535],[153.409666,-28.742788],[153.409266,-28.743147],[153.409159,-28.74331],[153.409127,-28.743506],[153.409152,-28.743759],[153.409242,-28.744045],[153.409257,-28.744225],[153.409234,-28.744519],[153.409168,-28.744641],[153.409005,-28.744747],[153.408759,-28.744788],[153.408564,-28.744796],[153.40827,-28.744764],[153.40791,-28.744608],[153.407682,-28.744388],[153.407469,-28.744053],[153.407305,-28.743817],[153.407076,-28.74358],[153.406938,-28.743457],[153.40666,-28.743302],[153.406722,-28.743062],[153.406752,-28.742947],[153.407562,-28.7378],[153.408451,-28.732155],[153.408899,-28.729306],[153.409113,-28.728004],[153.409498,-28.725621],[153.410215,-28.725112],[153.410623,-28.724811],[153.410907,-28.724667],[153.411401,-28.724566],[153.411505,-28.724502],[153.41152,-28.724291],[153.411549,-28.724116],[153.411946,-28.721672],[153.41212,-28.720597],[153.407149,-28.719933],[153.407716,-28.716501],[153.40838,-28.712464],[153.408822,-28.709785],[153.409122,-28.707989],[153.409153,-28.707793],[153.409064,-28.70776],[153.408948,-28.707712],[153.408812,-28.707644],[153.408712,-28.707582],[153.408511,-28.707434],[153.408399,-28.707343],[153.408229,-28.707196],[153.408143,-28.707112],[153.408074,-28.707015],[153.408018,-28.706908],[153.407975,-28.706773],[153.407959,-28.706602],[153.407967,-28.706358],[153.407996,-28.706147],[153.408055,-28.705769],[153.408106,-28.705559],[153.408099,-28.705437],[153.407999,-28.70535],[153.407772,-28.705267],[153.407448,-28.705221],[153.407308,-28.705168],[153.407187,-28.70509],[153.406917,-28.704928],[153.406819,-28.704713],[153.406752,-28.704326],[153.406491,-28.70404],[153.406198,-28.703869],[153.406019,-28.703826],[153.405727,-28.703798],[153.405515,-28.703842],[153.405418,-28.7039],[153.405435,-28.703928],[153.405321,-28.703958],[153.405143,-28.70403],[153.404964,-28.704117],[153.404835,-28.704146],[153.404088,-28.703928],[153.404054,-28.703919],[153.403859,-28.70379],[153.403663,-28.703619],[153.403222,-28.703104],[153.40301,-28.702904],[153.40288,-28.702732],[153.402863,-28.702632],[153.402618,-28.702288],[153.402601,-28.701844],[153.402746,-28.701685],[153.402745,-28.701499],[153.402549,-28.701342],[153.402176,-28.701329],[153.402046,-28.701286],[153.401882,-28.701115],[153.401865,-28.700857],[153.401913,-28.700727],[153.401946,-28.700742],[153.401978,-28.70067],[153.402044,-28.700658],[153.40201,-28.700598],[153.402075,-28.700468],[153.402074,-28.700311],[153.401918,-28.699984],[153.401779,-28.699695],[153.401795,-28.699623],[153.401892,-28.699494],[153.40199,-28.699493],[153.402217,-28.699565],[153.402298,-28.699536],[153.402347,-28.699464],[153.402347,-28.699378],[153.401955,-28.698992],[153.401646,-28.698792],[153.401532,-28.698749],[153.400736,-28.698823],[153.400723,-28.698829],[153.400654,-28.698666],[153.40065,-28.698624],[153.400621,-28.698322],[153.400828,-28.697518],[153.400942,-28.697346],[153.401152,-28.697144],[153.401346,-28.697029],[153.40146,-28.697],[153.40185,-28.69707],[153.402273,-28.69737],[153.402404,-28.697556],[153.402665,-28.697813],[153.403153,-28.698084],[153.403365,-28.698141],[153.403608,-28.698126],[153.403705,-28.698097],[153.403852,-28.697953],[153.403867,-28.69781],[153.403832,-28.697365],[153.403684,-28.696806],[153.403716,-28.696648],[153.40378,-28.696533],[153.403975,-28.696403],[153.404315,-28.696302],[153.404445,-28.696302],[153.404656,-28.696344],[153.405258,-28.696557],[153.405356,-28.696571],[153.405615,-28.696499],[153.405696,-28.696441],[153.406263,-28.69598],[153.40636,-28.695851],[153.406391,-28.695635],[153.406341,-28.69522],[153.406372,-28.694861],[153.406338,-28.694589],[153.406386,-28.694417],[153.406386,-28.694316],[153.406531,-28.694129],[153.406904,-28.694042],[153.407294,-28.694098],[153.407505,-28.694112],[153.4077,-28.694053],[153.408024,-28.693823],[153.408218,-28.693636],[153.408379,-28.693305],[153.408362,-28.693047],[153.408231,-28.692732],[153.40766,-28.692146],[153.407627,-28.69196],[153.407576,-28.69186],[153.40757,-28.691666],[153.407529,-28.691562],[153.407405,-28.691273],[153.407312,-28.691066],[153.40724,-28.69088],[153.407105,-28.690643],[153.407012,-28.690426],[153.406929,-28.690105],[153.40694,-28.689795],[153.407022,-28.689423],[153.407322,-28.689031],[153.407384,-28.688969],[153.407519,-28.688813],[153.407591,-28.68838],[153.40756,-28.687822],[153.407529,-28.687439],[153.407426,-28.687109],[153.407364,-28.686644],[153.407395,-28.686447],[153.40755,-28.686302],[153.407767,-28.686302],[153.407953,-28.686427],[153.40817,-28.686633],[153.408501,-28.686871],[153.408749,-28.687047],[153.408889,-28.687093],[153.408906,-28.687093],[153.40902,-28.687179],[153.409085,-28.687254],[153.409163,-28.687387],[153.409297,-28.687635],[153.409525,-28.687945],[153.409763,-28.688255],[153.410011,-28.688524],[153.410404,-28.688845],[153.410797,-28.689113],[153.411231,-28.689392],[153.411531,-28.689651],[153.411903,-28.68995],[153.412172,-28.690157],[153.412307,-28.690281],[153.412451,-28.690395],[153.412621,-28.690468],[153.413232,-28.691007],[153.413666,-28.691395],[153.41378,-28.691509],[153.41409,-28.691924],[153.414156,-28.692082],[153.414286,-28.692253],[153.414417,-28.692511],[153.414597,-28.692783],[153.414809,-28.692954],[153.415232,-28.693168],[153.415444,-28.693325],[153.415997,-28.693639],[153.416079,-28.69371],[153.416779,-28.694109],[153.417137,-28.694237],[153.418227,-28.694865],[153.418439,-28.694936],[153.418845,-28.694949],[153.419235,-28.695077],[153.419968,-28.695519],[153.420163,-28.695561],[153.420163,-28.69559],[153.420244,-28.695589],[153.42057,-28.695717],[153.420667,-28.695789],[153.420765,-28.695788],[153.420879,-28.695845],[153.421268,-28.695858],[153.421544,-28.6958],[153.422005,-28.695402],[153.422276,-28.695239],[153.42249,-28.695065],[153.422665,-28.694792],[153.422917,-28.694453],[153.423189,-28.694147],[153.423343,-28.69396],[153.423744,-28.693742],[153.424133,-28.693396],[153.424229,-28.693138],[153.424196,-28.692994],[153.424194,-28.692621],[153.424227,-28.692592],[153.424227,-28.692578],[153.424161,-28.692492],[153.424111,-28.69222],[153.424108,-28.691374],[153.424025,-28.69103],[153.423304,-28.689598],[153.423254,-28.68934],[153.423189,-28.689211],[153.423189,-28.689154],[153.42315,-28.688959],[153.423107,-28.688774],[153.423053,-28.688535],[153.42302,-28.688373],[153.422912,-28.688156],[153.422792,-28.687939],[153.422706,-28.68769],[153.422608,-28.687343],[153.4225,-28.687082],[153.422456,-28.686909],[153.422445,-28.686692],[153.422412,-28.686508],[153.422369,-28.686215],[153.422369,-28.685922],[153.4225,-28.685749],[153.422662,-28.685662],[153.422911,-28.685597],[153.423194,-28.685532],[153.423476,-28.685445],[153.423802,-28.685282],[153.424018,-28.685109],[153.42417,-28.685022],[153.424322,-28.68499],[153.424495,-28.684914],[153.424691,-28.684751],[153.424854,-28.684632],[153.424962,-28.684523],[153.425103,-28.684296],[153.425211,-28.683981],[153.425287,-28.683797],[153.425385,-28.683634],[153.425505,-28.683515],[153.425624,-28.683417],[153.425786,-28.683287],[153.425993,-28.683092],[153.426123,-28.682962],[153.426264,-28.682788],[153.426362,-28.68268],[153.426426,-28.682582],[153.426492,-28.68242],[153.426568,-28.682181],[153.426654,-28.681997],[153.426709,-28.681802],[153.42672,-28.681607],[153.426666,-28.68139],[153.426612,-28.681281],[153.426536,-28.681162],[153.426492,-28.681021],[153.426536,-28.680804],[153.426568,-28.680577],[153.426546,-28.680414],[153.426448,-28.680349],[153.42633,-28.680338],[153.426189,-28.68036],[153.426047,-28.680392],[153.425949,-28.680327],[153.425786,-28.680164],[153.42558,-28.680056],[153.425417,-28.67998],[153.425287,-28.679882],[153.425145,-28.679783],[153.425065,-28.679724],[153.424983,-28.679667],[153.424787,-28.679553],[153.424625,-28.679395],[153.424549,-28.679232],[153.424527,-28.679059],[153.424517,-28.678874],[153.424549,-28.6787],[153.424615,-28.678495],[153.424637,-28.678354],[153.424561,-28.678191],[153.424398,-28.678082],[153.424148,-28.678028],[153.423953,-28.678061],[153.42366,-28.678082],[153.423378,-28.678017],[153.423193,-28.677931],[153.422955,-28.677757],[153.422726,-28.677551],[153.4225,-28.677302],[153.422281,-28.677096],[153.421794,-28.676673],[153.421686,-28.676619],[153.421565,-28.676619],[153.421435,-28.676727],[153.421317,-28.676846],[153.421154,-28.676933],[153.42099,-28.676944],[153.420849,-28.67689],[153.420719,-28.676857],[153.420601,-28.676868],[153.420459,-28.6769],[153.420296,-28.676944],[153.420036,-28.676998],[153.419851,-28.677074],[153.419612,-28.677074],[153.419374,-28.677042],[153.419212,-28.677096],[153.419005,-28.677172],[153.418798,-28.677291],[153.418451,-28.677443],[153.417443,-28.677595],[153.417204,-28.677616],[153.417028,-28.677535],[153.416404,-28.677213],[153.416241,-28.677126],[153.416129,-28.676816],[153.415996,-28.676552],[153.416111,-28.676036],[153.416213,-28.675792],[153.416347,-28.675653],[153.416598,-28.675362],[153.416826,-28.67508],[153.417065,-28.674835],[153.417191,-28.674721],[153.417411,-28.674621],[153.417583,-28.674374],[153.417704,-28.674168],[153.41778,-28.674016],[153.417812,-28.67381],[153.417789,-28.673582],[153.417725,-28.673322],[153.417693,-28.673095],[153.417627,-28.672867],[153.417551,-28.672682],[153.417366,-28.672455],[153.417182,-28.672292],[153.416976,-28.672227],[153.416845,-28.672184],[153.416673,-28.672086],[153.416498,-28.671978],[153.416304,-28.671869],[153.416119,-28.671804],[153.416033,-28.671674],[153.416033,-28.671522],[153.416107,-28.671392],[153.416227,-28.671218],[153.41638,-28.671013],[153.41652,-28.670861],[153.416628,-28.67072],[153.416737,-28.670557],[153.416857,-28.670514],[153.417073,-28.67047],[153.417324,-28.67046],[153.417595,-28.670438],[153.417919,-28.670416],[153.418355,-28.670329],[153.418648,-28.670254],[153.418766,-28.670254],[153.418983,-28.670188],[153.41907,-28.669917],[153.419021,-28.669634],[153.418918,-28.669475],[153.418806,-28.669322],[153.418468,-28.66901],[153.418224,-28.668802],[153.417763,-28.668477],[153.417558,-28.668345],[153.417514,-28.668284],[153.417451,-28.66815],[153.417421,-28.668006],[153.417414,-28.667885],[153.417423,-28.667712],[153.417462,-28.667517],[153.417559,-28.667208],[153.417623,-28.66689],[153.417652,-28.666567],[153.417695,-28.666126],[153.417709,-28.665682],[153.417551,-28.665298],[153.41754,-28.664875],[153.417561,-28.664647],[153.417659,-28.664344],[153.417768,-28.663997],[153.417876,-28.663639],[153.418006,-28.6634],[153.418267,-28.662967],[153.418408,-28.662717],[153.418538,-28.662522],[153.418712,-28.662316],[153.419091,-28.661937],[153.41933,-28.661752],[153.419656,-28.661622],[153.420075,-28.661502],[153.420314,-28.661467],[153.420642,-28.661529],[153.420952,-28.661656],[153.421234,-28.661843],[153.421472,-28.662083],[153.421675,-28.662429],[153.421843,-28.662793],[153.422053,-28.663453],[153.422123,-28.663833],[153.42218,-28.664149],[153.422244,-28.664463],[153.422266,-28.664693],[153.422306,-28.665048],[153.422324,-28.665173],[153.422354,-28.665493],[153.422504,-28.665724],[153.422703,-28.665919],[153.422947,-28.666257],[153.423196,-28.666488],[153.423331,-28.66667],[153.423438,-28.66687],[153.423731,-28.6671],[153.42384,-28.66716],[153.424081,-28.667218],[153.424365,-28.667217],[153.42459,-28.667164],[153.425253,-28.666992],[153.425539,-28.6669],[153.426195,-28.666812],[153.426503,-28.666768],[153.426967,-28.666711],[153.427446,-28.666361],[153.427696,-28.666144],[153.427804,-28.665981],[153.427891,-28.665829],[153.428011,-28.665699],[153.428152,-28.665591],[153.428249,-28.665504],[153.428499,-28.665179],[153.428614,-28.665033],[153.42877,-28.664864],[153.428944,-28.664713],[153.429096,-28.664572],[153.429193,-28.664474],[153.42928,-28.66429],[153.42928,-28.664095],[153.429258,-28.663802],[153.429269,-28.663574],[153.429399,-28.663249],[153.429476,-28.663054],[153.429562,-28.662782],[153.429649,-28.66224],[153.429747,-28.662013],[153.429888,-28.661807],[153.430007,-28.661644],[153.430116,-28.661373],[153.430094,-28.661156],[153.43004,-28.661004],[153.429964,-28.660874],[153.42992,-28.660668],[153.429931,-28.660473],[153.429974,-28.660332],[153.430051,-28.660147],[153.430061,-28.659996],[153.430029,-28.659746],[153.430007,-28.659519],[153.42992,-28.658998],[153.429823,-28.658792],[153.429692,-28.658716],[153.429573,-28.658684],[153.429367,-28.658738],[153.428955,-28.658857],[153.428716,-28.658911],[153.42851,-28.658987],[153.428325,-28.659117],[153.428206,-28.659291],[153.427978,-28.659746],[153.427837,-28.660007],[153.427425,-28.660538],[153.427273,-28.660625],[153.426936,-28.660777],[153.42673,-28.660809],[153.426296,-28.660852],[153.426058,-28.660896],[153.425797,-28.660961],[153.425493,-28.660961],[153.425135,-28.660928],[153.424701,-28.660809],[153.424376,-28.660657],[153.42418,-28.660495],[153.424099,-28.660343],[153.424077,-28.660213],[153.42411,-28.660061],[153.424186,-28.659833],[153.424218,-28.659584],[153.424218,-28.659258],[153.424207,-28.658922],[153.42424,-28.658629],[153.424305,-28.658391],[153.424392,-28.658207],[153.424511,-28.658087],[153.424696,-28.658011],[153.424956,-28.657957],[153.425607,-28.657838],[153.425889,-28.657762],[153.426041,-28.657675],[153.426258,-28.657437],[153.426454,-28.657133],[153.426627,-28.656753],[153.426768,-28.656309],[153.426801,-28.656027],[153.426779,-28.655789],[153.426768,-28.655561],[153.426692,-28.655442],[153.426529,-28.6553],[153.426182,-28.655116],[153.425568,-28.654756],[153.425281,-28.654505],[153.42504,-28.654339],[153.424641,-28.65417],[153.424191,-28.654061],[153.423989,-28.654062],[153.423698,-28.654129],[153.423437,-28.654195],[153.423068,-28.654281],[153.422721,-28.654368],[153.422298,-28.654455],[153.421929,-28.6544],[153.421516,-28.65427],[153.421224,-28.653999],[153.421115,-28.653902],[153.420985,-28.653793],[153.420952,-28.653696],[153.420952,-28.653511],[153.420941,-28.653349],[153.420866,-28.653154],[153.420779,-28.652958],[153.420714,-28.652665],[153.42067,-28.652297],[153.420572,-28.651755],[153.42054,-28.651386],[153.420583,-28.65105],[153.420681,-28.650746],[153.420844,-28.650454],[153.420985,-28.650182],[153.421137,-28.649944],[153.421202,-28.649673],[153.42118,-28.649467],[153.421083,-28.649282],[153.420963,-28.649142],[153.420724,-28.649076],[153.420421,-28.649033],[153.420117,-28.649055],[153.419835,-28.649174],[153.419629,-28.649196],[153.419423,-28.649185],[153.419227,-28.649131],[153.419032,-28.649087],[153.41888,-28.649098],[153.418641,-28.649163],[153.418359,-28.649272],[153.418164,-28.649293],[153.418012,-28.649282],[153.417556,-28.649217],[153.417068,-28.649163],[153.416656,-28.64912],[153.416363,-28.649098],[153.4162,-28.649044],[153.41595,-28.648935],[153.415766,-28.648838],[153.415559,-28.648719],[153.415386,-28.648556],[153.415288,-28.648296],[153.415256,-28.648122],[153.415245,-28.647862],[153.415256,-28.647537],[153.415288,-28.64719],[153.415364,-28.646908],[153.41544,-28.646691],[153.415625,-28.646192],[153.415733,-28.645845],[153.415842,-28.645487],[153.415994,-28.645162],[153.416276,-28.64462],[153.416504,-28.644219],[153.416677,-28.643947],[153.41684,-28.643807],[153.4171,-28.643763],[153.417437,-28.643752],[153.417697,-28.643742],[153.418001,-28.643742],[153.418218,-28.643796],[153.418423,-28.643828],[153.418587,-28.643774],[153.418663,-28.643546],[153.418674,-28.643308],[153.418576,-28.643037],[153.418467,-28.642787],[153.418354,-28.642494],[153.418245,-28.642267],[153.418137,-28.642062],[153.418082,-28.642028],[153.417887,-28.641974],[153.417529,-28.641942],[153.417182,-28.64192],[153.416791,-28.641898],[153.416466,-28.641887],[153.415956,-28.641822],[153.415543,-28.6418],[153.415185,-28.641768],[153.414969,-28.641781],[153.414935,-28.641808],[153.414805,-28.641823],[153.414706,-28.641839],[153.414534,-28.641855],[153.414328,-28.641876],[153.414057,-28.641865],[153.413731,-28.641833],[153.413427,-28.64179],[153.413189,-28.641768],[153.412711,-28.641757],[153.412343,-28.641746],[153.412169,-28.641703],[153.412049,-28.641594],[153.411865,-28.641367],[153.411702,-28.641117],[153.411594,-28.640803],[153.411604,-28.640575],[153.411691,-28.640369],[153.411832,-28.640217],[153.411995,-28.64012],[153.41204,-28.640098],[153.412078,-28.640085],[153.412118,-28.640083],[153.412141,-28.640093],[153.412152,-28.640099],[153.412785,-28.640137],[153.413208,-28.640279],[153.413417,-28.640347],[153.413709,-28.640391],[153.414003,-28.640402],[153.414176,-28.64038],[153.414317,-28.640304],[153.414437,-28.640163],[153.414567,-28.639925],[153.414599,-28.639708],[153.414578,-28.63935],[153.414502,-28.63896],[153.414437,-28.638569],[153.414415,-28.638265],[153.414415,-28.638016],[153.414502,-28.637854],[153.414664,-28.63768],[153.414892,-28.637463],[153.415174,-28.63729],[153.415381,-28.637127],[153.415511,-28.636932],[153.415554,-28.636704],[153.415489,-28.636411],[153.415337,-28.636043],[153.415174,-28.635847],[153.414946,-28.635609],[153.414643,-28.635338],[153.414382,-28.635186],[153.414133,-28.635164],[153.413861,-28.635164],[153.413601,-28.635154],[153.413319,-28.635208],[153.412928,-28.635208],[153.412559,-28.635099],[153.412407,-28.635002],[153.412299,-28.634882],[153.412299,-28.63473],[153.412397,-28.634102],[153.412494,-28.633809],[153.412592,-28.633419],[153.412668,-28.633223],[153.412766,-28.633115],[153.412907,-28.632898],[153.413189,-28.632443],[153.413373,-28.632172],[153.413775,-28.631456],[153.414144,-28.630729],[153.414404,-28.63023],[153.414502,-28.629992],[153.414654,-28.629547],[153.414881,-28.628658],[153.414979,-28.628235],[153.415131,-28.627552],[153.415229,-28.627281],[153.415326,-28.627118],[153.415424,-28.626999],[153.415565,-28.62688],[153.415728,-28.626793],[153.415956,-28.62675],[153.41614,-28.626728],[153.416401,-28.626728],[153.416628,-28.626739],[153.41678,-28.626663],[153.416911,-28.626533],[153.416943,-28.626283],[153.416889,-28.62611],[153.416748,-28.625882],[153.416552,-28.625611],[153.416335,-28.625438],[153.416064,-28.625329],[153.415793,-28.625232],[153.415565,-28.625189],[153.415294,-28.625156],[153.414165,-28.625069],[153.413807,-28.625047],[153.413417,-28.625015],[153.413178,-28.624993],[153.41295,-28.624993],[153.412353,-28.625015],[153.412147,-28.625026],[153.411973,-28.625058],[153.411876,-28.625026],[153.411746,-28.62495],[153.411594,-28.62482],[153.411518,-28.624668],[153.411539,-28.624505],[153.411615,-28.624375],[153.411767,-28.624278],[153.411952,-28.624202],[153.412169,-28.624115],[153.412364,-28.624028],[153.412603,-28.62392],[153.412831,-28.623757],[153.413048,-28.623511],[153.413176,-28.623315],[153.413249,-28.623143],[153.413296,-28.622625],[153.413256,-28.62205],[153.413245,-28.621493],[153.413216,-28.621366],[153.413036,-28.620836],[153.41297,-28.620678],[153.412921,-28.620621],[153.412774,-28.620378],[153.412725,-28.62022],[153.412725,-28.620134],[153.412692,-28.619962],[153.412755,-28.61946],[153.412762,-28.619301],[153.41277,-28.619116],[153.412753,-28.618958],[153.412671,-28.618686],[153.412573,-28.618571],[153.412526,-28.618541],[153.412459,-28.6185],[153.412329,-28.618443],[153.412151,-28.6184],[153.411924,-28.618401],[153.411859,-28.618444],[153.411373,-28.618689],[153.410952,-28.618905],[153.410903,-28.618963],[153.410563,-28.619107],[153.410531,-28.619107],[153.41045,-28.61915],[153.410206,-28.619209],[153.409622,-28.619139],[153.409411,-28.619096],[153.40933,-28.619067],[153.408875,-28.618983],[153.408615,-28.618912],[153.408274,-28.618827],[153.408063,-28.61877],[153.407657,-28.61857],[153.407591,-28.618527],[153.40751,-28.618441],[153.407461,-28.618413],[153.407315,-28.618284],[153.407103,-28.61807],[153.407077,-28.61805],[153.40346,-28.617621],[153.402987,-28.617859],[153.402756,-28.617565],[153.401795,-28.61744],[153.397128,-28.616853],[153.394308,-28.616499],[153.386558,-28.615577],[153.373087,-28.613976],[153.373104,-28.613855],[153.373145,-28.613615],[153.373169,-28.613495],[153.373196,-28.613376],[153.373229,-28.613243],[153.373268,-28.613112],[153.373348,-28.612849],[153.373387,-28.612717],[153.373436,-28.612533],[153.373527,-28.612164],[153.373575,-28.61198],[153.373627,-28.611797],[153.373686,-28.611613],[153.373749,-28.61143],[153.373881,-28.611065],[153.373945,-28.610882],[153.374014,-28.610688],[153.374086,-28.610494],[153.374156,-28.6103],[153.37422,-28.610105],[153.374274,-28.609909],[153.374319,-28.609684],[153.374349,-28.609457],[153.374396,-28.609001],[153.374429,-28.608774],[153.374476,-28.608517],[153.374529,-28.608262],[153.374586,-28.608007],[153.374646,-28.607752],[153.374708,-28.607498],[153.374764,-28.607288],[153.374886,-28.606871],[153.374944,-28.606662],[153.374996,-28.606451],[153.375028,-28.606297],[153.375057,-28.606143],[153.375169,-28.605495],[153.375229,-28.605129],[153.375286,-28.604762],[153.375307,-28.604609],[153.375325,-28.604456],[153.375344,-28.604304],[153.375366,-28.604152],[153.375396,-28.604001],[153.375415,-28.603933],[153.375461,-28.603797],[153.375479,-28.603729],[153.375487,-28.60366],[153.375488,-28.603585],[153.375484,-28.603508],[153.375471,-28.603432],[153.375449,-28.603359],[153.375416,-28.603295],[153.375371,-28.603244],[153.375313,-28.603201],[153.375185,-28.603119],[153.375128,-28.603073],[153.375015,-28.602955],[153.374911,-28.602823],[153.374821,-28.602682],[153.374754,-28.602536],[153.374714,-28.60239],[153.374707,-28.602315],[153.374708,-28.602238],[153.374714,-28.60216],[153.374721,-28.602083],[153.374726,-28.602006],[153.374734,-28.601733],[153.37474,-28.601642],[153.374749,-28.601552],[153.374761,-28.60147],[153.374775,-28.601389],[153.374792,-28.601308],[153.374811,-28.601228],[153.374832,-28.601148],[153.374839,-28.601149],[153.374851,-28.601147],[153.374853,-28.60114],[153.374851,-28.601124],[153.374853,-28.601073],[153.37486,-28.601023],[153.374894,-28.60087],[153.374902,-28.600827],[153.374916,-28.600761],[153.374931,-28.60064],[153.374952,-28.600559],[153.374976,-28.600473],[153.374999,-28.600399],[153.375026,-28.60032],[153.375053,-28.600241],[153.375092,-28.600138],[153.375133,-28.600035],[153.375177,-28.599934],[153.375225,-28.599834],[153.375276,-28.599735],[153.375322,-28.599654],[153.375371,-28.599574],[153.375423,-28.599495],[153.375475,-28.599416],[153.375528,-28.599338],[153.375615,-28.599213],[153.375704,-28.599089],[153.375795,-28.598966],[153.375888,-28.598844],[153.375981,-28.598723],[153.376093,-28.598577],[153.376207,-28.598432],[153.376322,-28.598288],[153.376438,-28.598145],[153.376553,-28.598001],[153.376661,-28.597865],[153.37677,-28.597729],[153.376878,-28.597593],[153.376986,-28.597456],[153.377094,-28.59732],[153.37722,-28.597159],[153.377345,-28.596998],[153.37747,-28.596836],[153.377593,-28.596674],[153.377715,-28.59651],[153.377818,-28.596371],[153.37792,-28.596232],[153.378021,-28.596092],[153.37812,-28.59595],[153.378216,-28.595808],[153.378329,-28.595638],[153.378442,-28.595467],[153.37855,-28.595294],[153.37865,-28.595118],[153.378738,-28.594938],[153.378789,-28.594818],[153.378869,-28.5946],[153.378906,-28.594485],[153.378938,-28.59437],[153.37896,-28.594279],[153.378978,-28.594186],[153.378993,-28.594094],[153.379009,-28.594001],[153.379026,-28.593909],[153.379084,-28.593609],[153.379144,-28.59331],[153.379205,-28.593011],[153.37933,-28.592414],[153.379448,-28.591906],[153.379579,-28.591399],[153.379954,-28.589958],[153.379684,-28.589763],[153.379446,-28.589537],[153.379092,-28.589126],[153.378493,-28.588586],[153.378415,-28.588428],[153.37841,-28.588251],[153.378427,-28.588091],[153.378603,-28.587524],[153.378703,-28.587083],[153.378723,-28.586948],[153.378712,-28.586831],[153.378661,-28.586706],[153.378589,-28.58649],[153.378568,-28.586364],[153.378568,-28.58623],[153.378608,-28.586113],[153.37875,-28.585932],[153.378994,-28.585752],[153.37937,-28.585517],[153.379553,-28.585391],[153.379695,-28.585202],[153.379796,-28.58504],[153.379857,-28.584761],[153.379826,-28.584644],[153.379743,-28.584464],[153.37963,-28.584276],[153.379436,-28.584052],[153.379201,-28.583882],[153.378895,-28.58373],[153.37864,-28.583623],[153.378426,-28.583551],[153.378303,-28.583462],[153.378083,-28.583288],[153.378045,-28.583239],[153.377959,-28.583131],[153.377765,-28.582839],[153.377527,-28.582442],[153.377325,-28.582064],[153.377087,-28.581733],[153.376738,-28.581355],[153.376541,-28.581182],[153.376471,-28.581117],[153.376263,-28.581018],[153.376035,-28.580933],[153.375815,-28.580875],[153.375279,-28.580783],[153.375021,-28.580725],[153.37482,-28.580667],[153.374706,-28.580608],[153.374514,-28.580423],[153.374226,-28.580011],[153.37412,-28.579834],[153.374062,-28.579707],[153.374052,-28.579598],[153.374003,-28.579311],[153.373955,-28.579219],[153.373888,-28.579126],[153.373764,-28.579059],[153.373601,-28.579009],[153.373438,-28.57895],[153.373285,-28.578875],[153.373199,-28.578808],[153.373112,-28.57869],[153.373102,-28.57853],[153.373111,-28.57831],[153.373063,-28.578142],[153.373014,-28.578016],[153.37289,-28.577856],[153.372679,-28.577688],[153.372487,-28.577545],[153.372334,-28.577461],[153.372181,-28.577343],[153.371935,-28.577102],[153.371648,-28.576911],[153.371419,-28.576879],[153.371333,-28.576898],[153.371231,-28.576919],[153.371072,-28.576988],[153.370888,-28.577021],[153.370655,-28.577022],[153.37052,-28.57699],[153.370421,-28.576868],[153.370322,-28.576709],[153.370191,-28.57663],[153.370011,-28.576583],[153.369627,-28.57652],[153.369406,-28.576459],[153.369262,-28.576355],[153.369127,-28.576178],[153.368917,-28.575868],[153.368642,-28.575548],[153.36826,-28.575184],[153.367941,-28.574925],[153.367687,-28.574782],[153.367458,-28.574753],[153.367012,-28.574762],[153.366615,-28.574745],[153.366321,-28.574688],[153.366083,-28.57454],[153.365841,-28.574339],[153.365578,-28.574069],[153.36539,-28.57395],[153.365165,-28.573861],[153.364858,-28.573818],[153.364474,-28.573805],[153.3644,-28.573824],[153.364175,-28.573862],[153.364067,-28.573878],[153.36394,-28.573887],[153.363831,-28.573871],[153.363768,-28.573839],[153.363686,-28.573744],[153.363604,-28.573584],[153.363486,-28.573385],[153.363358,-28.573113],[153.363039,-28.57252],[153.362923,-28.572286],[153.362745,-28.57202],[153.362469,-28.571693],[153.362203,-28.571396],[153.361998,-28.571099],[153.361687,-28.570616],[153.361326,-28.569997],[153.361251,-28.56984],[153.361133,-28.569569],[153.361023,-28.569346],[153.360924,-28.569251],[153.360806,-28.569131],[153.360634,-28.569028],[153.360381,-28.568885],[153.360227,-28.568822],[153.360041,-28.568657],[153.359969,-28.568578],[153.359923,-28.568482],[153.359859,-28.568267],[153.359787,-28.568132],[153.359732,-28.568036],[153.359668,-28.567964],[153.359578,-28.567917],[153.359488,-28.567901],[153.359162,-28.56787],[153.358964,-28.567846],[153.358846,-28.567815],[153.358737,-28.567767],[153.358592,-28.567648],[153.358475,-28.567545],[153.358366,-28.567481],[153.35824,-28.567465],[153.358113,-28.56749],[153.358027,-28.567517],[153.357834,-28.567599],[153.357648,-28.567654],[153.357339,-28.567765],[153.35725,-28.56782],[153.357189,-28.56789],[153.357038,-28.56793],[153.356914,-28.56793],[153.356835,-28.567899],[153.35663,-28.56772],[153.356479,-28.567595],[153.356328,-28.567431],[153.356115,-28.56726],[153.355982,-28.567174],[153.355885,-28.567158],[153.355787,-28.567159],[153.355585,-28.56721],[153.355424,-28.567206],[153.354765,-28.567236],[153.354389,-28.567259],[153.354193,-28.567313],[153.354014,-28.567357],[153.353773,-28.567455],[153.353462,-28.567601],[153.353299,-28.567659],[153.353168,-28.567663],[153.352956,-28.567663],[153.352714,-28.567689],[153.352559,-28.567733],[153.352359,-28.567867],[153.35229,-28.567928],[153.352152,-28.568118],[153.352064,-28.568305],[153.351976,-28.568439],[153.351879,-28.568556],[153.351826,-28.568595],[153.351667,-28.568604],[153.351587,-28.568588],[153.351483,-28.568544],[153.351339,-28.568454],[153.351081,-28.568253],[153.350798,-28.568087],[153.350626,-28.567933],[153.350495,-28.567731],[153.35042,-28.567497],[153.350341,-28.567161],[153.350271,-28.566937],[153.350148,-28.566768],[153.349984,-28.56661],[153.349726,-28.566408],[153.348996,-28.565959],[153.348246,-28.565409],[153.347611,-28.564883],[153.347295,-28.564487],[153.347073,-28.564058],[153.346997,-28.563524],[153.346988,-28.56317],[153.34704,-28.562907],[153.347174,-28.562632],[153.347202,-28.562441],[153.347169,-28.562365],[153.347096,-28.562333],[153.347149,-28.562235],[153.347175,-28.562165],[153.347246,-28.561975],[153.347294,-28.561726],[153.347358,-28.561405],[153.34739,-28.561076],[153.347377,-28.560776],[153.347343,-28.56047],[153.347227,-28.560109],[153.347071,-28.559648],[153.346906,-28.559327],[153.346758,-28.559157],[153.346562,-28.55905],[153.346173,-28.558841],[153.345432,-28.558508],[153.344863,-28.558271],[153.344351,-28.558117],[153.343987,-28.558038],[153.343635,-28.558046],[153.34319,-28.558069],[153.34283,-28.558099],[153.342573,-28.558092],[153.342254,-28.558064],[153.341706,-28.558048],[153.340684,-28.558021],[153.33998,-28.557994],[153.339228,-28.557975],[153.338844,-28.557947],[153.338578,-28.557814],[153.338381,-28.557659],[153.338139,-28.557447],[153.337967,-28.557238],[153.337872,-28.556974],[153.337855,-28.556819],[153.337878,-28.556491],[153.33793,-28.555953],[153.338015,-28.55566],[153.338141,-28.555389],[153.338389,-28.554912],[153.338673,-28.554471],[153.338742,-28.554179],[153.33877,-28.553977],[153.338724,-28.553601],[153.33868,-28.55262],[153.338574,-28.551501],[153.338487,-28.55109],[153.338363,-28.550729],[153.338194,-28.550412],[153.337915,-28.550048],[153.337562,-28.549641],[153.337316,-28.549393],[153.336985,-28.549253],[153.336465,-28.549102],[153.335659,-28.548985],[153.334801,-28.548843],[153.334326,-28.548747],[153.333839,-28.548528],[153.333515,-28.548305],[153.333122,-28.547923],[153.332712,-28.547534],[153.332245,-28.547185],[153.331724,-28.546858],[153.331245,-28.546614],[153.330893,-28.546438],[153.330619,-28.546236],[153.330385,-28.545992],[153.33011,-28.545527],[153.329888,-28.545069],[153.329685,-28.544438],[153.329503,-28.543716],[153.329436,-28.543063],[153.329409,-28.54246],[153.329437,-28.542031],[153.329134,-28.542064],[153.328583,-28.542152],[153.328023,-28.542262],[153.32768,-28.542338],[153.327104,-28.542397],[153.326838,-28.542362],[153.326257,-28.542186],[153.32534,-28.541838],[153.324444,-28.541465],[153.323703,-28.541164],[153.323302,-28.541046],[153.322951,-28.540974],[153.322718,-28.540964],[153.32244,-28.540976],[153.322093,-28.541023],[153.321594,-28.541151],[153.321166,-28.541311],[153.320745,-28.541456],[153.320296,-28.541587],[153.319945,-28.541714],[153.319512,-28.541928],[153.319108,-28.542146],[153.31881,-28.542298],[153.318578,-28.542389],[153.318422,-28.542425],[153.31826,-28.542418],[153.318022,-28.54235],[153.317625,-28.54208],[153.316953,-28.541627],[153.316263,-28.541106],[153.315525,-28.540589],[153.31543,-28.540578],[153.315337,-28.540565],[153.315217,-28.540547],[153.315096,-28.540531],[153.314974,-28.540518],[153.314852,-28.540508],[153.314731,-28.540502],[153.314569,-28.540497],[153.314488,-28.540498],[153.314408,-28.5405],[153.314328,-28.540507],[153.314196,-28.540522],[153.31413,-28.540533],[153.314066,-28.540547],[153.314005,-28.540568],[153.313924,-28.540611],[153.313849,-28.540668],[153.313779,-28.540733],[153.31371,-28.540801],[153.313639,-28.540865],[153.313459,-28.541014],[153.313191,-28.541238],[153.312938,-28.541453],[153.312768,-28.541594],[153.312681,-28.541663],[153.312504,-28.541799],[153.312416,-28.541868],[153.312332,-28.541939],[153.312265,-28.542005],[153.312139,-28.542143],[153.312073,-28.542208],[153.311999,-28.542264],[153.311944,-28.542296],[153.311885,-28.542324],[153.311764,-28.542376],[153.311705,-28.542404],[153.311637,-28.542443],[153.311505,-28.542528],[153.311438,-28.542568],[153.311368,-28.542603],[153.311306,-28.542628],[153.311242,-28.542652],[153.311178,-28.542673],[153.311112,-28.542692],[153.311047,-28.542709],[153.310914,-28.542742],[153.310776,-28.54277],[153.310637,-28.54279],[153.310502,-28.542795],[153.310373,-28.54278],[153.310285,-28.542753],[153.3102,-28.542714],[153.310034,-28.542623],[153.30995,-28.542579],[153.309722,-28.542467],[153.309495,-28.542354],[153.309382,-28.542296],[153.309267,-28.542234],[153.309039,-28.542104],[153.308924,-28.542042],[153.308806,-28.541985],[153.308712,-28.541945],[153.308616,-28.541908],[153.308325,-28.541803],[153.308217,-28.541761],[153.308109,-28.541717],[153.308001,-28.541675],[153.307891,-28.541638],[153.307779,-28.541612],[153.307707,-28.5416],[153.307634,-28.541593],[153.307561,-28.541587],[153.307414,-28.541582],[153.307273,-28.541582],[153.307131,-28.541589],[153.30699,-28.541601],[153.306848,-28.541617],[153.306708,-28.541635],[153.30663,-28.541647],[153.306475,-28.541674],[153.30632,-28.541698],[153.306191,-28.541712],[153.305997,-28.54173],[153.305744,-28.541747],[153.305575,-28.541753],[153.305439,-28.541755],[153.305371,-28.541755],[153.305304,-28.541752],[153.305237,-28.541745],[153.305126,-28.541718],[153.305018,-28.541678],[153.304912,-28.541629],[153.304613,-28.541478],[153.304524,-28.54143],[153.304348,-28.541331],[153.304259,-28.541284],[153.304135,-28.541223],[153.303755,-28.541052],[153.303632,-28.540991],[153.303506,-28.540924],[153.303381,-28.540855],[153.303258,-28.540783],[153.303136,-28.54071],[153.302908,-28.540567],[153.302802,-28.540498],[153.302592,-28.540355],[153.302489,-28.540283],[153.302281,-28.54014],[153.302215,-28.540089],[153.302156,-28.540034],[153.302092,-28.539949],[153.302041,-28.539854],[153.301995,-28.539755],[153.301945,-28.53966],[153.30188,-28.539576],[153.301796,-28.539495],[153.301701,-28.539412],[153.301599,-28.53934],[153.301495,-28.539288],[153.301395,-28.539268],[153.301318,-28.539277],[153.30124,-28.5393],[153.301163,-28.539333],[153.301088,-28.539371],[153.301017,-28.539411],[153.300934,-28.539463],[153.300856,-28.539523],[153.300783,-28.539588],[153.300712,-28.539656],[153.300644,-28.539725],[153.300587,-28.53979],[153.300483,-28.539929],[153.30043,-28.539997],[153.30037,-28.54006],[153.300312,-28.540111],[153.30025,-28.54016],[153.300187,-28.540206],[153.300053,-28.540292],[153.299928,-28.540363],[153.299795,-28.540427],[153.299657,-28.540483],[153.299517,-28.540533],[153.299375,-28.540575],[153.29923,-28.54061],[153.299082,-28.540638],[153.298932,-28.540659],[153.298781,-28.540672],[153.298631,-28.540676],[153.298622,-28.540676],[153.298553,-28.540674],[153.298319,-28.540652],[153.29824,-28.540646],[153.298108,-28.540643],[153.297975,-28.540642],[153.29771,-28.540643],[153.297577,-28.540643],[153.297115,-28.540626],[153.296715,-28.540631],[153.296553,-28.540625],[153.296365,-28.540612],[153.296303,-28.540609],[153.296189,-28.540607],[153.296074,-28.540608],[153.29596,-28.540611],[153.295732,-28.540624],[153.295512,-28.540646],[153.295293,-28.540678],[153.295075,-28.540715],[153.294857,-28.540755],[153.29464,-28.540792],[153.294154,-28.540871],[153.293993,-28.540899],[153.293832,-28.540929],[153.293674,-28.540962],[153.293204,-28.541072],[153.293046,-28.541106],[153.292945,-28.541125],[153.292642,-28.541179],[153.292439,-28.541222],[153.292234,-28.54127],[153.292133,-28.541297],[153.292033,-28.541328],[153.291948,-28.541362],[153.291697,-28.541476],[153.291491,-28.54155],[153.29143,-28.541569],[153.291378,-28.541579],[153.29134,-28.541571],[153.291319,-28.54155],[153.29129,-28.54149],[153.29127,-28.541424],[153.291259,-28.541367],[153.291258,-28.541247],[153.29126,-28.541126],[153.291249,-28.541019],[153.291215,-28.540807],[153.291199,-28.540701],[153.291189,-28.540594],[153.291185,-28.540478],[153.291184,-28.540362],[153.291188,-28.540246],[153.291193,-28.54013],[153.291202,-28.540014],[153.291215,-28.539876],[153.291233,-28.539737],[153.291255,-28.539599],[153.291301,-28.539323],[153.291323,-28.539178],[153.29137,-28.53889],[153.291396,-28.538746],[153.291425,-28.538602],[153.291452,-28.538502],[153.291486,-28.538402],[153.291517,-28.538303],[153.29154,-28.538204],[153.291544,-28.538105],[153.291533,-28.537999],[153.291522,-28.537946],[153.291506,-28.537895],[153.291483,-28.537849],[153.291455,-28.537811],[153.291421,-28.537776],[153.291342,-28.537712],[153.291302,-28.537682],[153.291248,-28.537646],[153.29119,-28.537613],[153.29095,-28.537494],[153.290828,-28.53744],[153.290769,-28.53741],[153.290713,-28.537376],[153.290623,-28.537308],[153.29054,-28.537232],[153.290455,-28.537149],[153.290328,-28.537012],[153.290232,-28.536926],[153.290124,-28.536843],[153.290068,-28.536805],[153.29001,-28.53677],[153.289898,-28.536713],[153.289839,-28.536688],[153.28978,-28.536665],[153.289719,-28.536646],[153.289637,-28.53663],[153.289552,-28.536622],[153.28938,-28.536612],[153.289295,-28.536601],[153.289188,-28.536579],[153.289135,-28.536567],[153.289033,-28.536533],[153.288949,-28.536482],[153.288875,-28.536414],[153.288735,-28.536261],[153.288658,-28.536193],[153.288574,-28.536139],[153.288485,-28.53609],[153.288305,-28.535995],[153.28822,-28.535941],[153.288059,-28.535817],[153.28791,-28.535679],[153.287769,-28.535531],[153.287632,-28.535381],[153.287493,-28.535233],[153.287362,-28.535095],[153.287233,-28.534956],[153.28717,-28.534886],[153.287105,-28.534811],[153.286857,-28.534504],[153.286793,-28.534428],[153.286663,-28.534277],[153.2866,-28.534201],[153.286539,-28.534123],[153.286485,-28.534045],[153.286332,-28.533806],[153.286278,-28.533728],[153.286197,-28.533624],[153.28611,-28.533523],[153.285932,-28.533324],[153.285845,-28.533223],[153.285611,-28.532936],[153.285305,-28.532555],[153.28522,-28.532453],[153.285132,-28.532354],[153.285055,-28.532272],[153.284893,-28.532113],[153.284729,-28.531957],[153.284683,-28.531917],[153.284587,-28.531838],[153.284544,-28.531796],[153.284507,-28.531751],[153.284472,-28.531681],[153.28445,-28.531604],[153.284422,-28.531443],[153.284403,-28.531364],[153.284367,-28.531252],[153.284288,-28.53103],[153.284244,-28.53092],[153.284195,-28.530813],[153.284159,-28.530742],[153.284038,-28.530533],[153.283947,-28.530356],[153.283894,-28.530248],[153.283846,-28.530139],[153.283804,-28.530029],[153.283774,-28.529918],[153.28376,-28.529831],[153.283753,-28.529743],[153.283746,-28.529476],[153.283717,-28.529088],[153.283709,-28.528959],[153.283704,-28.528829],[153.2837,-28.528597],[153.283702,-28.528481],[153.283709,-28.52825],[153.283717,-28.528121],[153.283739,-28.527866],[153.283754,-28.527738],[153.283772,-28.527611],[153.283793,-28.527483],[153.283817,-28.527356],[153.283899,-28.526976],[153.283965,-28.526613],[153.283992,-28.526493],[153.284027,-28.526376],[153.284056,-28.526299],[153.284088,-28.526224],[153.284189,-28.525998],[153.284245,-28.52586],[153.284351,-28.525581],[153.284408,-28.525443],[153.28447,-28.525308],[153.28452,-28.525216],[153.284679,-28.524945],[153.284789,-28.524738],[153.284853,-28.524621],[153.284912,-28.524503],[153.284955,-28.524385],[153.284973,-28.524267],[153.284968,-28.524151],[153.284948,-28.524031],[153.284911,-28.523913],[153.284859,-28.523804],[153.284792,-28.52371],[153.284725,-28.523648],[153.284647,-28.523596],[153.284561,-28.523548],[153.284387,-28.523456],[153.284149,-28.523328],[153.284088,-28.523298],[153.283976,-28.52325],[153.28386,-28.523206],[153.283742,-28.523165],[153.283509,-28.523079],[153.283275,-28.522982],[153.283159,-28.522932],[153.283045,-28.522878],[153.282935,-28.522819],[153.282785,-28.522735],[153.282712,-28.52269],[153.282644,-28.522642],[153.282583,-28.522588],[153.28252,-28.522508],[153.282471,-28.522417],[153.282388,-28.522223],[153.282339,-28.52213],[153.282319,-28.522097],[153.282254,-28.522],[153.282236,-28.521966],[153.282208,-28.521878],[153.282197,-28.521784],[153.2822,-28.521373],[153.282205,-28.521254],[153.282217,-28.521018],[153.282219,-28.520899],[153.282215,-28.520815],[153.2822,-28.520564],[153.282204,-28.520481],[153.28222,-28.520378],[153.282246,-28.520277],[153.282308,-28.520074],[153.282336,-28.519972],[153.282359,-28.519854],[153.282398,-28.519617],[153.282421,-28.5195],[153.282452,-28.519384],[153.282487,-28.519282],[153.282528,-28.519182],[153.282572,-28.519083],[153.282823,-28.518532],[153.282898,-28.518345],[153.282934,-28.518247],[153.282968,-28.518149],[153.283,-28.51805],[153.283059,-28.517862],[153.28311,-28.517685],[153.283133,-28.517595],[153.283174,-28.517395],[153.283208,-28.517172],[153.283213,-28.517062],[153.283205,-28.516953],[153.283185,-28.51685],[153.283157,-28.516746],[153.283119,-28.516644],[153.283071,-28.516548],[153.283012,-28.516459],[153.282926,-28.516362],[153.282822,-28.51627],[153.282705,-28.516189],[153.28258,-28.516123],[153.282453,-28.516078],[153.282359,-28.516059],[153.282261,-28.516048],[153.282161,-28.516045],[153.282061,-28.51605],[153.281965,-28.516063],[153.281831,-28.5161],[153.281699,-28.51616],[153.281572,-28.516234],[153.28145,-28.516318],[153.281334,-28.516402],[153.28123,-28.516485],[153.281132,-28.516574],[153.281037,-28.516669],[153.280857,-28.516862],[153.280783,-28.51695],[153.280646,-28.517134],[153.280572,-28.51722],[153.280488,-28.517297],[153.280353,-28.517382],[153.280199,-28.51745],[153.280034,-28.517506],[153.279865,-28.517558],[153.279526,-28.517668],[153.279171,-28.517768],[153.278994,-28.51782],[153.278653,-28.517931],[153.278482,-28.517984],[153.278315,-28.518042],[153.278159,-28.518111],[153.278019,-28.518197],[153.277878,-28.518327],[153.277579,-28.518667],[153.277268,-28.519043],[153.277163,-28.519167],[153.276935,-28.519425],[153.276427,-28.519991],[153.276218,-28.520229],[153.27598,-28.520509],[153.275857,-28.520644],[153.275725,-28.520773],[153.275633,-28.520854],[153.27544,-28.521011],[153.275238,-28.521159],[153.275095,-28.521256],[153.274948,-28.521351],[153.274796,-28.52144],[153.274641,-28.521522],[153.27448,-28.521593],[153.274365,-28.521634],[153.274247,-28.521669],[153.274007,-28.521733],[153.273889,-28.52177],[153.273772,-28.521816],[153.273542,-28.521919],[153.273425,-28.521966],[153.273306,-28.522004],[153.27318,-28.52203],[153.273051,-28.522048],[153.272659,-28.522085],[153.27252,-28.522105],[153.27238,-28.522128],[153.272241,-28.522149],[153.272102,-28.52216],[153.271967,-28.522155],[153.271882,-28.522139],[153.271632,-28.522063],[153.271547,-28.522046],[153.271405,-28.522036],[153.27126,-28.522041],[153.271114,-28.522054],[153.270967,-28.522071],[153.270821,-28.522083],[153.270544,-28.5221],[153.270266,-28.52212],[153.269762,-28.522162],[153.26964,-28.522174],[153.269263,-28.522216],[153.269135,-28.522233],[153.269009,-28.522255],[153.268886,-28.522285],[153.268788,-28.522317],[153.268506,-28.522436],[153.268244,-28.522549],[153.267744,-28.522775],[153.267573,-28.522843],[153.267445,-28.522889],[153.267054,-28.523017],[153.266798,-28.523109],[153.266418,-28.523255],[153.26629,-28.523303],[153.265941,-28.523428],[153.265765,-28.523489],[153.265588,-28.523547],[153.265411,-28.523602],[153.26516,-28.523674],[153.264907,-28.523742],[153.264472,-28.523853],[153.264265,-28.523897],[153.264019,-28.52394],[153.263895,-28.523956],[153.263772,-28.523964],[153.26365,-28.52396],[153.263555,-28.523947],[153.26346,-28.523925],[153.263178,-28.523847],[153.26284,-28.523768],[153.262729,-28.523738],[153.262621,-28.523701],[153.262508,-28.523646],[153.262453,-28.523616],[153.262396,-28.52359],[153.262337,-28.523571],[153.262245,-28.523556],[153.262145,-28.523551],[153.262045,-28.523557],[153.261951,-28.523575],[153.261871,-28.523607],[153.261814,-28.523647],[153.261763,-28.523699],[153.261719,-28.523758],[153.26168,-28.52382],[153.261647,-28.523883],[153.261606,-28.523993],[153.261565,-28.524166],[153.261509,-28.524468],[153.261488,-28.524541],[153.261441,-28.524665],[153.261413,-28.524726],[153.26138,-28.524784],[153.261342,-28.524838],[153.261287,-28.524894],[153.261222,-28.524944],[153.261151,-28.52499],[153.260906,-28.525135],[153.260697,-28.525242],[153.26059,-28.525291],[153.260482,-28.525338],[153.260365,-28.525382],[153.260004,-28.525499],[153.259885,-28.525543],[153.259727,-28.525613],[153.259573,-28.52569],[153.259268,-28.525851],[153.259113,-28.525926],[153.258985,-28.525982],[153.258466,-28.526196],[153.258087,-28.526361],[153.25796,-28.526414],[153.257832,-28.526465],[153.257605,-28.526549],[153.257261,-28.526664],[153.257119,-28.526708],[153.256978,-28.52675],[153.256547,-28.526868],[153.256134,-28.526974],[153.255858,-28.527047],[153.255598,-28.527128],[153.255531,-28.527142],[153.255432,-28.527151],[153.255331,-28.527149],[153.255126,-28.527135],[153.255024,-28.527133],[153.254825,-28.527153],[153.254761,-28.527155],[153.2547,-28.527147],[153.254641,-28.527127],[153.254585,-28.527096],[153.254428,-28.526983],[153.254356,-28.526928],[153.254287,-28.526871],[153.254158,-28.526747],[153.254099,-28.526682],[153.254023,-28.526587],[153.253954,-28.526486],[153.253892,-28.526382],[153.253835,-28.526276],[153.253782,-28.526168],[153.253739,-28.526063],[153.253702,-28.525955],[153.253637,-28.525736],[153.253601,-28.525628],[153.253551,-28.525496],[153.253443,-28.525234],[153.253391,-28.525102],[153.253345,-28.524969],[153.253285,-28.524774],[153.253233,-28.524578],[153.253211,-28.524479],[153.253189,-28.524364],[153.253155,-28.52413],[153.253083,-28.523562],[153.253036,-28.523263],[153.253026,-28.523191],[153.253021,-28.523119],[153.253026,-28.523028],[153.25306,-28.522845],[153.253072,-28.522754],[153.25307,-28.522664],[153.253053,-28.522585],[153.253026,-28.522506],[153.252858,-28.522111],[153.25288,-28.521752],[153.252866,-28.521369],[153.252785,-28.52099],[153.252595,-28.520576],[153.252279,-28.520129],[153.251989,-28.519765],[153.251469,-28.519257],[153.251067,-28.518943],[153.250801,-28.518615],[153.25058,-28.518255],[153.250346,-28.51797],[153.250137,-28.517855],[153.24983,-28.517711],[153.249511,-28.517564],[153.249286,-28.517359],[153.248999,-28.517049],[153.248762,-28.516757],[153.248496,-28.516591],[153.248164,-28.516484],[153.247858,-28.516444],[153.247612,-28.516376],[153.247416,-28.516247],[153.246986,-28.515948],[153.246749,-28.515811],[153.246633,-28.515787],[153.246377,-28.515732],[153.246087,-28.515737],[153.245703,-28.515784],[153.245286,-28.515897],[153.244808,-28.516075],[153.244576,-28.516133],[153.244355,-28.516083],[153.244073,-28.515996],[153.24386,-28.515979],[153.243497,-28.516077],[153.243141,-28.516211],[153.2429,-28.516251],[153.24279,-28.516212],[153.242765,-28.516125],[153.242671,-28.516035],[153.242381,-28.516057],[153.24196,-28.51621],[153.241654,-28.516427],[153.241316,-28.516622],[153.241271,-28.516651],[153.240773,-28.516814],[153.240221,-28.51705],[153.23987,-28.517278],[153.239573,-28.517549],[153.239316,-28.517824],[153.239128,-28.518077],[153.238994,-28.518189],[153.238822,-28.518272],[153.238679,-28.518269],[153.238414,-28.518233],[153.238123,-28.518104],[153.237902,-28.517891],[153.237763,-28.517708],[153.237583,-28.517596],[153.237321,-28.517503],[153.23679,-28.517431],[153.23614,-28.517433],[153.235519,-28.517412],[153.235114,-28.517362],[153.234329,-28.517324],[153.233504,-28.517275],[153.232784,-28.517222],[153.232134,-28.517226],[153.231497,-28.517271],[153.231137,-28.517246],[153.230667,-28.517153],[153.230193,-28.517132],[153.22956,-28.51709],[153.228848,-28.517005],[153.228831,-28.517116],[153.228654,-28.517104],[153.227856,-28.517203],[153.227171,-28.517439],[153.226422,-28.517733],[153.225596,-28.518079],[153.225022,-28.518423],[153.223927,-28.519064],[153.223389,-28.519461],[153.223181,-28.519616],[153.222711,-28.519918],[153.221804,-28.520592],[153.221348,-28.52101],[153.220438,-28.52197],[153.219644,-28.522855],[153.219085,-28.523268],[153.218853,-28.523408],[153.218324,-28.523682],[153.218,-28.523754],[153.217689,-28.523803],[153.217383,-28.523742],[153.217207,-28.523692],[153.216835,-28.523506],[153.216423,-28.523235],[153.216044,-28.52302],[153.215763,-28.522896],[153.215419,-28.522888],[153.214954,-28.523064],[153.214588,-28.523378],[153.214298,-28.523575],[153.213749,-28.523838],[153.21329,-28.523997],[153.212838,-28.524151],[153.212002,-28.524244],[153.211165,-28.524459],[153.209952,-28.524935],[153.20925,-28.525274],[153.20851,-28.525727],[153.207922,-28.52592],[153.207629,-28.526033],[153.207182,-28.526068],[153.205943,-28.526532],[153.201584,-28.525915],[153.201421,-28.526856],[153.199927,-28.52705],[153.199224,-28.526915],[153.198649,-28.527018],[153.19787,-28.526996],[153.197076,-28.526399],[153.19595,-28.525385],[153.195567,-28.525296],[153.195554,-28.525138],[153.195071,-28.524986],[153.194873,-28.524987],[153.194811,-28.524996],[153.194759,-28.525014],[153.194694,-28.525075],[153.193877,-28.524039],[153.193784,-28.523929],[153.193638,-28.523722],[153.193528,-28.523584],[153.193439,-28.523478],[153.193335,-28.523386],[153.193204,-28.523281],[153.193084,-28.523175],[153.192943,-28.523115],[153.192756,-28.523014],[153.192515,-28.522927],[153.191438,-28.522482],[153.191308,-28.522436],[153.190968,-28.522326],[153.190823,-28.522299],[153.190624,-28.522271],[153.190426,-28.522253],[153.190228,-28.522249],[153.190051,-28.522249],[153.189858,-28.522272],[153.189624,-28.522291],[153.189368,-28.522301],[153.189185,-28.522306],[153.188982,-28.522301],[153.188779,-28.522274],[153.188549,-28.522233],[153.18832,-28.522183],[153.187707,-28.522034],[153.186925,-28.521836],[153.186617,-28.521744],[153.186461,-28.521685],[153.186294,-28.521593],[153.186179,-28.521515],[153.1861,-28.521423],[153.186001,-28.521294],[153.185839,-28.521406],[153.185489,-28.521625],[153.185047,-28.521903],[153.184499,-28.522174],[153.183796,-28.522221],[153.183774,-28.522356],[153.183349,-28.522357],[153.182033,-28.52211],[153.181318,-28.522449],[153.180743,-28.522405],[153.179824,-28.522632],[153.179185,-28.522881],[153.178087,-28.52295],[153.177777,-28.522853],[153.175875,-28.522254],[153.174176,-28.52229],[153.172847,-28.521659],[153.171442,-28.521988],[153.170855,-28.522564],[153.170753,-28.522779],[153.170294,-28.523051],[153.170251,-28.52314],[153.170026,-28.523615],[153.168353,-28.523617],[153.166769,-28.523867],[153.166271,-28.523992],[153.165248,-28.524141],[153.165096,-28.524162],[153.165086,-28.524169],[153.164708,-28.524045],[153.164409,-28.523933],[153.162042,-28.524302],[153.160326,-28.524166],[153.160381,-28.524078],[153.159417,-28.519712],[153.159404,-28.519419],[153.159471,-28.519068],[153.159382,-28.518929],[153.159278,-28.518758],[153.159265,-28.518739],[153.159166,-28.518617],[153.159001,-28.518485],[153.158926,-28.518429],[153.158848,-28.518386],[153.158781,-28.51836],[153.15871,-28.51834],[153.158616,-28.518337],[153.158504,-28.518349],[153.158413,-28.518141],[153.158393,-28.518053],[153.158359,-28.517962],[153.158255,-28.517788],[153.158194,-28.517708],[153.158149,-28.517654],[153.157936,-28.517492],[153.1574,-28.517143],[153.157126,-28.516984],[153.157024,-28.516887],[153.156983,-28.516779],[153.156897,-28.516649],[153.156852,-28.516605],[153.156696,-28.516465],[153.156556,-28.516372],[153.156435,-28.516306],[153.156327,-28.516262],[153.156159,-28.516228],[153.155991,-28.516175],[153.155843,-28.516097],[153.155704,-28.516001],[153.155546,-28.515914],[153.155309,-28.515749],[153.155181,-28.515636],[153.155032,-28.515531],[153.154894,-28.515296],[153.154824,-28.515148],[153.154725,-28.514956],[153.154636,-28.514791],[153.154542,-28.514622],[153.154123,-28.51384],[153.154061,-28.513739],[153.153954,-28.513487],[153.153777,-28.512938],[153.153671,-28.512509],[153.153531,-28.511917],[153.153461,-28.511603],[153.153457,-28.511506],[153.153375,-28.511307],[153.153464,-28.510997],[153.1535,-28.510647],[153.153479,-28.510336],[153.153438,-28.510141],[153.153324,-28.509993],[153.153115,-28.509846],[153.152665,-28.509687],[153.152135,-28.509542],[153.151697,-28.509439],[153.151574,-28.509382],[153.151468,-28.509331],[153.151304,-28.509234],[153.151202,-28.509144],[153.151128,-28.509057],[153.151038,-28.508841],[153.150943,-28.508509],[153.150824,-28.508127],[153.150824,-28.507953],[153.1508,-28.507883],[153.15081,-28.507671],[153.150859,-28.507453],[153.150918,-28.507226],[153.150947,-28.50693],[153.150937,-28.506799],[153.150937,-28.506598],[153.150848,-28.506389],[153.15069,-28.506241],[153.150423,-28.506084],[153.150201,-28.50588],[153.150049,-28.505687],[153.149982,-28.505592],[153.149773,-28.502945],[153.150869,-28.500721],[153.15097,-28.499773],[153.152182,-28.499031],[153.152552,-28.499061],[153.152654,-28.498413],[153.152836,-28.497227],[153.152924,-28.496687],[153.153292,-28.496457],[153.153448,-28.49605],[153.153507,-28.495168],[153.154365,-28.493565],[153.154522,-28.491996],[153.154361,-28.490862],[153.153942,-28.488299],[153.15377,-28.487167],[153.153702,-28.486743],[153.153676,-28.486531],[153.15366,-28.486318],[153.153688,-28.485971],[153.153768,-28.485613],[153.153852,-28.485259],[153.153895,-28.484922],[153.153849,-28.484616],[153.153674,-28.484325],[153.153402,-28.484066],[153.153073,-28.48383],[153.152722,-28.483609],[153.152389,-28.483395],[153.151982,-28.483147],[153.151555,-28.48293],[153.151119,-28.482727],[153.150686,-28.482519],[153.150266,-28.482288],[153.149848,-28.482023],[153.149439,-28.481743],[153.149035,-28.481454],[153.148235,-28.480866],[153.148053,-28.480741],[153.147684,-28.480494],[153.14751,-28.480361],[153.147352,-28.480213],[153.147139,-28.479937],[153.146963,-28.479623],[153.146815,-28.479285],[153.146434,-28.47831],[153.146327,-28.47802],[153.146228,-28.477727],[153.146139,-28.477432],[153.146062,-28.477134],[153.146019,-28.476915],[153.146008,-28.476838],[153.146029,-28.476694],[153.146094,-28.47638],[153.146094,-28.476066],[153.146073,-28.475777],[153.146028,-28.475647],[153.145954,-28.475564],[153.145885,-28.47555],[153.145819,-28.475521],[153.145721,-28.475503],[153.145668,-28.475496],[153.145545,-28.475496],[153.145501,-28.475503],[153.145443,-28.475503],[153.145288,-28.475511],[153.145125,-28.475514],[153.144941,-28.475522],[153.14452,-28.475447],[153.144385,-28.475414],[153.144222,-28.475349],[153.14407,-28.475259],[153.143813,-28.475],[153.143682,-28.474881],[153.143616,-28.474805],[153.143494,-28.474646],[153.143395,-28.474462],[153.143285,-28.474228],[153.14326,-28.474159],[153.143195,-28.474008],[153.143068,-28.47361],[153.143018,-28.473391],[153.142961,-28.47321],[153.142907,-28.473127],[153.142805,-28.473023],[153.142707,-28.472954],[153.14249,-28.47285],[153.142388,-28.472778],[153.142047,-28.472375],[153.141785,-28.472156],[153.141655,-28.472099],[153.14142,-28.471961],[153.141237,-28.471731],[153.14108,-28.471454],[153.141001,-28.471235],[153.141001,-28.471005],[153.141014,-28.470775],[153.141176,-28.470588],[153.141327,-28.470397],[153.141486,-28.47023],[153.141539,-28.470162],[153.141625,-28.47009],[153.141662,-28.470032],[153.141747,-28.469927],[153.141788,-28.46984],[153.14182,-28.469739],[153.141877,-28.46944],[153.141946,-28.469212],[153.141959,-28.469126],[153.141975,-28.46905],[153.142154,-28.468378],[153.142141,-28.468162],[153.142088,-28.46796],[153.142067,-28.46792],[153.14203,-28.467833],[153.141965,-28.467718],[153.141908,-28.467646],[153.141813,-28.467538],[153.141752,-28.467462],[153.141568,-28.467278],[153.141503,-28.46722],[153.141425,-28.467141],[153.141335,-28.467062],[153.141261,-28.466979],[153.141212,-28.466906],[153.141167,-28.466802],[153.141151,-28.46673],[153.141146,-28.466625],[153.14115,-28.466535],[153.141171,-28.46643],[153.141183,-28.466325],[153.141195,-28.466257],[153.141289,-28.466087],[153.141321,-28.466051],[153.141399,-28.46599],[153.141489,-28.465914],[153.141525,-28.465867],[153.141721,-28.46569],[153.141856,-28.465614],[153.141897,-28.465581],[153.14206,-28.465465],[153.142097,-28.465429],[153.14228,-28.46527],[153.142447,-28.465133],[153.142537,-28.465046],[153.142643,-28.464909],[153.142713,-28.464811],[153.14281,-28.464649],[153.142896,-28.464479],[153.142945,-28.464364],[153.143022,-28.464158],[153.143095,-28.463945],[153.14323,-28.463743],[153.14334,-28.463602],[153.143344,-28.463591],[153.143621,-28.463295],[153.143699,-28.463204],[153.143813,-28.463009],[153.143858,-28.462872],[153.143898,-28.462728],[153.14389,-28.462681],[153.143886,-28.462533],[153.143845,-28.462356],[153.143787,-28.462233],[153.14371,-28.462038],[153.143664,-28.461948],[153.143619,-28.46188],[153.143513,-28.4618],[153.143435,-28.461714],[153.143239,-28.461577],[153.143202,-28.461541],[153.143104,-28.461469],[153.142843,-28.461343],[153.142651,-28.461278],[153.142324,-28.46121],[153.142177,-28.461141],[153.142103,-28.461112],[153.142021,-28.461073],[153.141976,-28.461044],[153.141858,-28.460957],[153.141752,-28.460849],[153.141702,-28.460774],[153.141502,-28.460644],[153.141363,-28.460604],[153.14122,-28.46055],[153.141155,-28.460547],[153.141073,-28.460565],[153.140987,-28.460579],[153.140898,-28.460608],[153.140832,-28.460634],[153.14071,-28.460695],[153.140636,-28.460713],[153.140579,-28.460731],[153.140514,-28.460742],[153.140383,-28.460724],[153.140261,-28.460703],[153.140207,-28.460674],[153.14013,-28.460577],[153.140117,-28.460551],[153.14008,-28.460461],[153.14006,-28.460393],[153.139994,-28.460274],[153.139929,-28.460111],[153.139859,-28.45983],[153.139744,-28.459574],[153.139642,-28.459202],[153.139511,-28.458834],[153.139376,-28.458686],[153.139208,-28.458564],[153.139012,-28.458427],[153.138861,-28.458351],[153.138693,-28.458243],[153.138546,-28.458185],[153.13835,-28.458124],[153.138076,-28.458049],[153.137598,-28.457941],[153.137263,-28.45793],[153.137096,-28.45793],[153.136916,-28.457959],[153.136622,-28.457989],[153.136508,-28.45801],[153.136422,-28.458018],[153.136226,-28.458061],[153.136014,-28.458137],[153.135785,-28.458231],[153.135626,-28.4583],[153.135577,-28.458329],[153.135434,-28.458398],[153.135331,-28.458471],[153.135185,-28.458604],[153.135021,-28.45872],[153.134893,-28.458836],[153.134787,-28.458913],[153.134709,-28.458964],[153.134582,-28.459004],[153.134455,-28.459033],[153.134364,-28.459044],[153.134241,-28.459044],[153.134155,-28.459022],[153.134085,-28.458957],[153.134061,-28.458916],[153.134049,-28.458872],[153.134043,-28.458819],[153.13406,-28.458736],[153.134109,-28.458645],[153.134266,-28.45846],[153.134331,-28.458413],[153.134343,-28.45841],[153.134384,-28.458384],[153.134441,-28.458363],[153.134629,-28.458272],[153.134703,-28.458225],[153.13487,-28.458138],[153.134915,-28.458106],[153.13507,-28.457972],[153.135221,-28.457882],[153.135376,-28.457784],[153.135515,-28.457643],[153.135611,-28.457566],[153.135844,-28.457383],[153.135998,-28.457227],[153.136169,-28.457003],[153.136345,-28.456798],[153.136493,-28.456564],[153.136636,-28.456311],[153.136713,-28.456111],[153.136806,-28.455887],[153.136856,-28.455704],[153.136916,-28.455546],[153.136993,-28.455322],[153.137048,-28.455044],[153.13713,-28.454728],[153.137211,-28.454426],[153.137222,-28.45435],[153.137303,-28.453985],[153.137376,-28.453736],[153.137466,-28.453559],[153.137498,-28.453501],[153.137531,-28.453451],[153.137653,-28.453151],[153.137894,-28.452945],[153.137951,-28.452876],[153.138167,-28.452479],[153.13822,-28.452386],[153.138288,-28.45225],[153.138426,-28.452008],[153.138503,-28.451809],[153.138657,-28.451549],[153.138709,-28.451413],[153.138858,-28.451192],[153.138988,-28.450952],[153.139027,-28.4509],[153.139137,-28.450725],[153.139274,-28.45054],[153.139357,-28.450369],[153.139533,-28.450174],[153.13972,-28.44994],[153.139874,-28.44976],[153.140028,-28.449604],[153.140181,-28.449535],[153.140328,-28.449521],[153.140458,-28.449524],[153.140687,-28.449571],[153.140829,-28.449629],[153.140894,-28.449644],[153.140999,-28.449664],[153.141117,-28.449667],[153.141254,-28.449658],[153.141414,-28.449623],[153.141555,-28.449585],[153.141889,-28.449403],[153.142065,-28.449313],[153.142251,-28.449206],[153.142343,-28.449166],[153.142458,-28.449122],[153.142598,-28.449085],[153.142773,-28.449035],[153.143014,-28.448937],[153.143132,-28.448875],[153.14332,-28.448702],[153.143344,-28.448662],[153.143512,-28.448482],[153.14354,-28.448442],[153.143972,-28.447994],[153.144348,-28.447524],[153.144454,-28.447369],[153.144519,-28.447232],[153.144551,-28.447116],[153.14458,-28.447037],[153.1446,-28.446921],[153.144612,-28.446751],[153.144632,-28.4466],[153.144673,-28.44643],[153.14479,-28.446061],[153.144799,-28.446033],[153.144937,-28.445636],[153.145051,-28.445481],[153.14519,-28.44534],[153.145259,-28.445242],[153.145312,-28.445127],[153.145319,-28.444964],[153.145264,-28.444685],[153.145213,-28.44445],[153.144922,-28.444249],[153.144719,-28.444138],[153.144427,-28.444071],[153.143972,-28.44396],[153.143693,-28.443848],[153.143477,-28.443748],[153.14316,-28.44358],[153.142746,-28.443286],[153.142647,-28.443169],[153.142553,-28.443036],[153.142459,-28.442823],[153.142442,-28.442668],[153.142442,-28.44252],[153.142454,-28.442383],[153.142511,-28.442249],[153.142576,-28.442112],[153.142633,-28.442011],[153.142711,-28.441895],[153.142865,-28.441707],[153.143008,-28.441545],[153.143135,-28.441389],[153.143216,-28.441263],[153.143338,-28.441097],[153.143379,-28.441028],[153.143501,-28.44084],[153.143542,-28.440743],[153.143623,-28.440512],[153.143676,-28.440385],[153.143762,-28.440086],[153.143786,-28.439949],[153.143851,-28.439721],[153.143871,-28.439627],[153.143871,-28.439559],[153.14392,-28.439208],[153.143928,-28.439039],[153.143915,-28.438916],[153.14387,-28.438768],[153.143805,-28.438664],[153.143678,-28.438527],[153.143473,-28.43826],[153.143146,-28.437744],[153.142463,-28.436705],[153.142127,-28.436139],[153.141984,-28.436031],[153.14189,-28.436002],[153.141788,-28.435984],[153.14169,-28.435991],[153.141614,-28.43606],[153.141557,-28.436122],[153.141518,-28.436223],[153.141501,-28.436367],[153.1414,-28.436619],[153.141251,-28.436806],[153.141053,-28.437023],[153.140891,-28.437132],[153.140715,-28.43726],[153.140495,-28.437373],[153.140271,-28.437428],[153.140109,-28.437444],[153.139916,-28.437452],[153.139719,-28.437389],[153.139622,-28.437369],[153.139519,-28.437322],[153.139389,-28.437271],[153.139311,-28.437224],[153.139164,-28.437095],[153.139102,-28.437008],[153.139057,-28.43686],[153.139033,-28.436611],[153.13902,-28.436427],[153.139012,-28.43625],[153.139012,-28.436182],[153.139019,-28.435925],[153.139035,-28.435557],[153.138953,-28.435315],[153.138843,-28.43516],[153.138692,-28.435005],[153.137699,-28.434468],[153.136947,-28.434022],[153.13655,-28.433809],[153.136317,-28.433719],[153.135938,-28.433651],[153.135243,-28.433467],[153.134908,-28.433349],[153.134647,-28.433241],[153.133049,-28.432542],[153.132167,-28.432175],[153.131799,-28.432045],[153.13155,-28.432002],[153.13144,-28.432027],[153.131317,-28.432074],[153.131196,-28.432217],[153.131081,-28.432361],[153.130918,-28.432501],[153.130721,-28.432578],[153.1305,-28.432616],[153.130211,-28.432659],[153.130048,-28.432736],[153.129875,-28.432813],[153.129717,-28.432927],[153.129587,-28.432978],[153.129399,-28.433036],[153.129232,-28.433109],[153.129087,-28.433141],[153.128504,-28.43318],[153.128284,-28.43316],[153.128117,-28.433129],[153.127976,-28.433091],[153.127902,-28.433091],[153.127809,-28.433134],[153.127748,-28.433204],[153.127731,-28.433332],[153.127726,-28.433468],[153.127709,-28.433623],[153.127643,-28.433708],[153.127498,-28.433798],[153.127424,-28.43386],[153.127297,-28.43393],[153.127245,-28.434085],[153.127228,-28.434165],[153.127208,-28.434291],[153.127208,-28.43437],[153.127229,-28.434479],[153.127294,-28.43467],[153.127309,-28.434808],[153.127278,-28.435018],[153.127234,-28.43515],[153.12711,-28.435264],[153.12697,-28.435341],[153.126831,-28.43535],[153.126653,-28.435329],[153.126442,-28.435252],[153.126177,-28.435121],[153.126052,-28.435079],[153.12588,-28.434939],[153.125701,-28.434873],[153.124898,-28.434525],[153.124667,-28.434457],[153.124369,-28.434424],[153.124105,-28.43439],[153.123864,-28.434352],[153.123518,-28.434255],[153.123256,-28.434155],[153.12216,-28.433808],[153.121629,-28.433607],[153.12116,-28.433477],[153.120886,-28.433412],[153.120784,-28.433351],[153.120727,-28.433264],[153.120713,-28.433138],[153.120722,-28.43301],[153.120757,-28.432866],[153.120818,-28.432734],[153.120985,-28.432649],[153.121283,-28.432508],[153.121547,-28.432334],[153.121749,-28.432209],[153.122004,-28.432046],[153.122179,-28.43189],[153.122319,-28.431735],[153.122407,-28.431615],[153.122446,-28.431482],[153.122521,-28.431296],[153.122619,-28.431231],[153.122811,-28.431168],[153.123048,-28.43107],[153.123258,-28.430992],[153.123483,-28.4309],[153.123682,-28.430826],[153.123907,-28.4307],[153.124034,-28.430592],[153.124111,-28.430456],[153.124171,-28.430266],[153.124186,-28.430141],[153.124185,-28.430099],[153.124171,-28.429974],[153.124171,-28.429818],[153.124143,-28.429687],[153.124176,-28.429501],[153.12422,-28.429389],[153.124446,-28.429297],[153.124611,-28.429243],[153.124782,-28.42916],[153.124899,-28.429074],[153.124981,-28.428983],[153.125078,-28.42876],[153.125151,-28.428456],[153.125188,-28.428189],[153.1252,-28.427991],[153.125163,-28.427536],[153.125142,-28.427319],[153.12513,-28.427251],[153.125064,-28.427106],[153.125019,-28.427014],[153.125005,-28.426889],[153.124983,-28.426748],[153.124966,-28.426606],[153.125021,-28.42647],[153.125081,-28.426372],[153.125169,-28.426285],[153.125235,-28.426153],[153.125312,-28.426051],[153.125351,-28.425934],[153.125483,-28.425749],[153.125582,-28.425569],[153.125675,-28.425354],[153.125747,-28.425067],[153.125807,-28.42493],[153.12584,-28.424799],[153.125856,-28.424687],[153.125867,-28.424594],[153.125955,-28.424453],[153.125999,-28.424268],[153.126032,-28.424151],[153.126077,-28.424063],[153.126208,-28.423871],[153.126232,-28.423824],[153.126395,-28.42359],[153.126624,-28.423362],[153.126832,-28.423181],[153.126958,-28.423015],[153.127068,-28.422777],[153.127145,-28.422456],[153.12701,-28.421922],[153.126987,-28.421718],[153.127016,-28.42154],[153.127025,-28.421391],[153.127102,-28.4212],[153.127179,-28.42103],[153.127289,-28.420852],[153.127409,-28.420609],[153.127505,-28.420465],[153.127596,-28.420303],[153.127687,-28.420121],[153.127745,-28.419879],[153.127783,-28.419683],[153.12773,-28.419484],[153.127518,-28.419263],[153.127418,-28.419202],[153.127321,-28.419157],[153.127018,-28.419034],[153.126734,-28.418954],[153.126453,-28.418903],[153.126202,-28.418818],[153.125797,-28.418613],[153.125707,-28.418533],[153.125286,-28.418133],[153.125102,-28.417938],[153.124755,-28.417599],[153.124469,-28.417268],[153.123901,-28.416792],[153.123668,-28.41646],[153.123521,-28.416344],[153.123324,-28.416215],[153.123181,-28.416143],[153.123026,-28.41611],[153.122794,-28.416089],[153.122545,-28.4161],[153.122022,-28.416151],[153.121597,-28.416198],[153.12145,-28.416162],[153.121365,-28.41613],[153.121299,-28.416094],[153.121242,-28.416051],[153.121177,-28.415946],[153.121087,-28.415762],[153.120943,-28.415549],[153.12089,-28.415459],[153.120853,-28.415372],[153.120837,-28.415282],[153.120857,-28.415217],[153.120918,-28.415105],[153.12109,-28.415034],[153.121256,-28.414893],[153.121536,-28.414627],[153.121706,-28.41438],[153.122023,-28.413936],[153.122167,-28.41375],[153.122268,-28.413617],[153.122372,-28.413428],[153.122454,-28.413294],[153.122481,-28.413126],[153.122488,-28.412923],[153.122457,-28.412447],[153.122449,-28.412207],[153.122463,-28.41175],[153.122553,-28.411579],[153.12268,-28.411411],[153.122827,-28.411308],[153.12332,-28.411139],[153.123522,-28.411053],[153.123774,-28.410954],[153.124003,-28.410847],[153.124259,-28.410703],[153.1246,-28.410445],[153.124825,-28.410251],[153.124991,-28.410089],[153.125139,-28.409925],[153.125371,-28.409753],[153.125507,-28.409636],[153.125739,-28.409543],[153.12591,-28.409464],[153.125988,-28.409403],[153.126116,-28.409324],[153.126294,-28.409132],[153.126464,-28.408957],[153.126801,-28.408514],[153.126859,-28.408429],[153.127016,-28.408211],[153.127204,-28.407989],[153.12746,-28.407591],[153.127537,-28.407498],[153.127669,-28.407361],[153.127766,-28.407182],[153.127812,-28.407114],[153.127864,-28.407029],[153.127979,-28.406902],[153.128046,-28.406808],[153.128108,-28.406562],[153.128123,-28.406396],[153.128057,-28.406251],[153.128002,-28.40618],[153.127848,-28.406044],[153.1277,-28.405931],[153.127255,-28.405704],[153.12672,-28.405455],[153.126675,-28.405427],[153.126418,-28.405308],[153.126136,-28.405229],[153.125903,-28.405121],[153.125674,-28.405081],[153.125568,-28.405067],[153.125341,-28.405074],[153.124949,-28.405154],[153.124859,-28.405194],[153.124459,-28.40532],[153.124373,-28.405328],[153.124226,-28.40531],[153.123998,-28.405259],[153.123867,-28.40522],[153.123655,-28.405133],[153.123512,-28.405087],[153.123336,-28.405036],[153.123083,-28.404932],[153.122789,-28.404802],[153.122532,-28.404708],[153.122295,-28.40463],[153.122141,-28.404577],[153.121899,-28.404451],[153.121694,-28.404383],[153.121452,-28.404285],[153.121241,-28.404253],[153.121218,-28.404245],[153.120971,-28.404154],[153.12035,-28.403894],[153.119745,-28.403606],[153.119311,-28.403406],[153.118854,-28.403204],[153.118418,-28.402984],[153.118048,-28.402727],[153.117787,-28.402414],[153.117667,-28.402133],[153.11759,-28.401822],[153.11755,-28.401494],[153.11754,-28.401164],[153.117552,-28.400846],[153.117595,-28.40056],[153.117673,-28.400278],[153.117769,-28.399997],[153.117867,-28.399716],[153.117951,-28.399433],[153.118036,-28.399084],[153.118117,-28.398734],[153.118192,-28.398383],[153.118263,-28.398031],[153.118329,-28.397678],[153.118442,-28.396624],[153.117849,-28.396141],[153.117775,-28.396057],[153.117615,-28.395971],[153.117504,-28.395927],[153.117395,-28.395895],[153.117312,-28.395866],[153.117239,-28.395837],[153.117064,-28.395718],[153.116896,-28.395585],[153.11683,-28.395513],[153.116688,-28.3953],[153.116643,-28.395217],[153.116553,-28.395094],[153.11652,-28.39504],[153.116451,-28.394965],[153.116409,-28.394896],[153.116371,-28.394815],[153.11626,-28.394679],[153.116106,-28.394603],[153.115933,-28.394531],[153.115727,-28.394484],[153.115568,-28.394442],[153.11541,-28.394404],[153.115135,-28.394271],[153.115078,-28.394229],[153.115033,-28.394172],[153.114898,-28.393872],[153.114837,-28.393717],[153.114739,-28.393548],[153.114669,-28.393461],[153.1146,-28.393382],[153.114538,-28.393328],[153.114415,-28.393237],[153.114318,-28.39314],[153.114077,-28.392927],[153.113824,-28.392714],[153.113689,-28.392603],[153.113636,-28.392527],[153.113603,-28.392422],[153.113487,-28.392137],[153.113415,-28.391989],[153.113357,-28.391838],[153.113266,-28.391632],[153.113239,-28.391585],[153.11319,-28.391448],[153.113091,-28.391279],[153.112969,-28.391116],[153.112842,-28.391019],[153.11272,-28.390932],[153.112597,-28.390871],[153.112114,-28.390659],[153.112019,-28.390636],[153.111993,-28.39063],[153.111883,-28.390594],[153.111804,-28.390561],[153.11169,-28.390475],[153.111628,-28.390406],[153.111572,-28.390291],[153.111506,-28.390114],[153.111375,-28.389587],[153.111294,-28.389367],[153.111228,-28.389089],[153.111199,-28.389021],[153.111117,-28.388855],[153.110965,-28.388663],[153.110781,-28.388469],[153.110654,-28.388396],[153.110511,-28.388337],[153.110379,-28.388294],[153.110208,-28.388264],[153.110015,-28.388253],[153.109741,-28.388257],[153.109529,-28.388292],[153.109316,-28.38833],[153.1091,-28.388351],[153.10886,-28.388364],[153.108485,-28.388432],[153.108245,-28.388437],[153.107985,-28.388416],[153.107851,-28.388335],[153.10774,-28.388195],[153.10762,-28.388004],[153.107519,-28.387826],[153.107379,-28.38755],[153.10724,-28.387316],[153.107158,-28.387121],[153.107074,-28.386952],[153.107239,-28.386952],[153.107479,-28.386918],[153.107643,-28.38685],[153.107873,-28.38674],[153.108075,-28.386536],[153.108199,-28.386327],[153.108262,-28.386234],[153.108308,-28.386131],[153.108388,-28.386038],[153.108551,-28.385832],[153.108607,-28.385713],[153.108714,-28.385599],[153.108785,-28.385498],[153.108833,-28.385413],[153.108851,-28.385292],[153.10885,-28.385112],[153.10882,-28.384954],[153.108802,-28.384785],[153.10879,-28.384621],[153.108862,-28.384467],[153.109017,-28.384335],[153.109184,-28.384287],[153.109376,-28.384282],[153.109525,-28.384298],[153.109693,-28.384335],[153.109836,-28.384377],[153.109956,-28.384382],[153.110064,-28.38435],[153.110183,-28.384276],[153.110326,-28.384102],[153.11041,-28.383985],[153.110559,-28.383811],[153.110678,-28.383641],[153.11075,-28.38352],[153.11081,-28.383388],[153.110828,-28.383287],[153.110863,-28.383065],[153.110881,-28.382911],[153.110899,-28.382647],[153.11094,-28.382467],[153.110929,-28.382258],[153.110958,-28.382034],[153.111018,-28.38178],[153.111017,-28.381584],[153.111035,-28.381473],[153.111041,-28.381336],[153.111041,-28.381182],[153.111053,-28.381082],[153.110981,-28.380886],[153.110891,-28.38068],[153.110855,-28.380485],[153.11066,-28.380117],[153.110558,-28.380016],[153.110439,-28.379911],[153.110319,-28.379768],[153.110253,-28.379605],[153.110259,-28.379399],[153.11033,-28.379208],[153.11039,-28.379034],[153.110497,-28.378802],[153.110575,-28.378611],[153.110569,-28.378453],[153.110503,-28.3783],[153.110341,-28.378147],[153.110192,-28.37802],[153.109881,-28.377804],[153.109314,-28.377478],[153.1092,-28.377434],[153.109032,-28.377408],[153.108908,-28.377426],[153.108774,-28.377439],[153.108552,-28.377443],[153.108403,-28.377426],[153.10824,-28.37736],[153.108143,-28.377287],[153.107697,-28.37691],[153.107022,-28.376315],[153.10679,-28.376178],[153.106738,-28.37616],[153.106916,-28.37586],[153.107242,-28.375499],[153.107609,-28.375232],[153.10791,-28.375077],[153.108095,-28.374869],[153.108277,-28.374672],[153.108461,-28.374477],[153.108649,-28.374285],[153.108744,-28.37419],[153.10884,-28.374095],[153.109032,-28.373909],[153.109129,-28.373816],[153.109227,-28.373724],[153.109426,-28.373544],[153.109578,-28.373413],[153.109621,-28.373372],[153.109665,-28.373332],[153.109756,-28.373254],[153.109893,-28.373144],[153.10994,-28.373109],[153.109988,-28.373077],[153.110038,-28.373049],[153.110137,-28.373012],[153.110243,-28.372991],[153.110354,-28.372981],[153.110467,-28.372973],[153.110735,-28.372951],[153.110893,-28.372943],[153.11121,-28.372936],[153.111369,-28.372931],[153.11146,-28.372929],[153.111643,-28.372929],[153.111734,-28.372924],[153.111824,-28.372914],[153.1119,-28.372901],[153.111976,-28.372885],[153.112051,-28.372866],[153.112124,-28.372842],[153.112194,-28.372813],[153.112276,-28.372771],[153.112354,-28.372721],[153.11243,-28.372665],[153.1125,-28.372604],[153.112564,-28.372538],[153.112619,-28.372437],[153.112666,-28.372328],[153.112704,-28.372216],[153.112737,-28.372104],[153.112762,-28.371984],[153.112776,-28.371862],[153.112784,-28.371738],[153.112795,-28.37149],[153.11282,-28.371157],[153.112829,-28.37099],[153.112831,-28.370824],[153.11282,-28.370659],[153.1128,-28.370519],[153.11277,-28.37038],[153.112629,-28.369828],[153.112589,-28.369691],[153.112551,-28.369554],[153.11252,-28.369416],[153.112502,-28.369278],[153.112497,-28.369131],[153.112504,-28.368982],[153.11252,-28.368834],[153.112541,-28.368685],[153.112566,-28.368538],[153.112593,-28.368398],[153.112624,-28.368257],[153.11266,-28.368118],[153.112701,-28.36798],[153.112747,-28.367845],[153.112797,-28.367726],[153.112854,-28.36761],[153.112913,-28.367495],[153.11297,-28.367379],[153.113019,-28.36726],[153.113071,-28.367117],[153.113121,-28.366972],[153.113164,-28.366825],[153.113192,-28.366678],[153.113201,-28.366532],[153.113189,-28.366415],[153.113165,-28.366299],[153.113132,-28.366182],[153.113058,-28.365953],[153.113006,-28.365814],[153.112947,-28.365677],[153.112885,-28.365542],[153.112827,-28.365405],[153.112778,-28.365265],[153.112723,-28.365053],[153.112679,-28.364836],[153.112648,-28.364616],[153.112631,-28.364395],[153.112628,-28.364176],[153.112637,-28.364021],[153.112655,-28.363865],[153.112679,-28.36371],[153.112707,-28.363556],[153.112738,-28.363402],[153.112768,-28.363273],[153.112874,-28.362889],[153.112906,-28.36276],[153.112974,-28.362472],[153.113005,-28.362328],[153.113029,-28.362183],[153.113042,-28.362038],[153.113046,-28.36192],[153.113046,-28.361802],[153.11304,-28.361684],[153.113026,-28.361567],[153.113003,-28.361453],[153.112955,-28.361311],[153.11289,-28.361173],[153.112812,-28.361039],[153.112729,-28.360907],[153.112646,-28.360777],[153.112563,-28.36065],[153.112475,-28.360526],[153.112384,-28.360404],[153.112198,-28.360164],[153.112088,-28.36002],[153.111977,-28.359877],[153.111863,-28.359737],[153.111745,-28.3596],[153.111621,-28.35947],[153.111461,-28.359326],[153.11129,-28.359192],[153.110938,-28.358937],[153.110765,-28.358806],[153.110608,-28.358684],[153.11045,-28.358564],[153.110294,-28.358442],[153.110142,-28.358316],[153.109999,-28.358181],[153.109868,-28.358043],[153.109742,-28.3579],[153.109621,-28.357751],[153.109507,-28.357597],[153.1094,-28.35744],[153.10917,-28.357504],[153.108829,-28.357543],[153.108477,-28.357547],[153.108123,-28.357529],[153.107776,-28.357502],[153.107471,-28.357459],[153.107168,-28.357389],[153.106865,-28.357311],[153.106561,-28.357242],[153.106256,-28.3572],[153.105938,-28.357186],[153.105618,-28.35719],[153.105297,-28.357209],[153.104978,-28.35724],[153.10466,-28.357281],[153.104296,-28.357351],[153.103936,-28.357448],[153.103578,-28.357555],[153.103218,-28.357653],[153.102854,-28.357727],[153.102554,-28.357775],[153.10225,-28.35782],[153.101946,-28.357853],[153.101645,-28.357864],[153.101349,-28.357843],[153.101033,-28.357773],[153.100722,-28.357661],[153.100415,-28.357523],[153.10011,-28.357376],[153.099805,-28.357237],[153.099486,-28.357094],[153.099169,-28.356945],[153.098853,-28.356793],[153.098536,-28.356643],[153.098217,-28.356498],[153.097951,-28.356379],[153.097686,-28.356259],[153.097419,-28.356142],[153.097149,-28.356036],[153.096874,-28.355945],[153.096538,-28.35587],[153.096194,-28.355825],[153.095846,-28.35579],[153.095502,-28.355745],[153.095166,-28.35567],[153.094839,-28.355555],[153.09452,-28.355416],[153.094205,-28.355263],[153.09389,-28.355109],[153.093571,-28.354965],[153.093291,-28.354851],[153.092444,-28.35452],[153.092164,-28.354407],[153.091862,-28.354273],[153.091563,-28.354131],[153.091264,-28.353991],[153.090962,-28.353862],[153.090652,-28.353755],[153.090314,-28.353654],[153.089966,-28.353559],[153.089615,-28.353487],[153.089267,-28.353451],[153.088931,-28.353468],[153.088645,-28.353542],[153.088366,-28.353664],[153.08809,-28.35381],[153.087814,-28.353958],[153.087532,-28.354083],[153.086783,-28.35438],[153.086403,-28.354512],[153.086023,-28.354604],[153.085647,-28.354632],[153.085266,-28.354557],[153.084888,-28.354394],[153.084511,-28.354198],[153.084132,-28.354027],[153.083747,-28.353937],[153.083424,-28.353943],[153.083098,-28.353994],[153.08277,-28.354066],[153.082441,-28.354135],[153.082112,-28.354178],[153.081795,-28.354201],[153.081475,-28.354221],[153.081157,-28.354227],[153.080842,-28.354211],[153.080537,-28.354162],[153.080165,-28.354038],[153.079806,-28.353857],[153.079455,-28.35364],[153.079111,-28.353407],[153.07877,-28.353181],[153.078567,-28.353038],[153.078172,-28.352728],[153.077968,-28.352591],[153.077752,-28.352486],[153.077448,-28.352405],[153.077123,-28.352371],[153.076786,-28.352372],[153.076448,-28.352395],[153.076119,-28.352429],[153.075959,-28.352456],[153.075639,-28.352533],[153.075479,-28.352563],[153.075321,-28.352573],[153.074964,-28.352492],[153.074607,-28.352296],[153.074254,-28.352029],[153.07391,-28.351735],[153.073218,-28.351147],[153.072869,-28.350819],[153.072535,-28.350474],[153.072219,-28.350114],[153.071925,-28.349741],[153.071741,-28.349453],[153.071581,-28.349146],[153.071423,-28.348838],[153.071249,-28.348548],[153.071037,-28.348296],[153.070784,-28.348092],[153.070501,-28.347918],[153.070197,-28.347765],[153.06958,-28.347483],[153.069243,-28.34735],[153.068539,-28.347136],[153.068206,-28.347007],[153.067907,-28.34683],[153.067691,-28.346636],[153.067497,-28.346412],[153.067315,-28.34617],[153.067137,-28.345925],[153.066952,-28.345688],[153.066798,-28.345495],[153.066648,-28.345297],[153.066495,-28.345101],[153.066334,-28.344916],[153.066158,-28.344748],[153.065889,-28.344551],[153.065595,-28.344381],[153.065283,-28.344234],[153.064962,-28.344104],[153.064642,-28.343987],[153.064295,-28.343874],[153.063941,-28.343778],[153.06358,-28.343702],[153.063218,-28.343648],[153.062856,-28.343619],[153.062585,-28.343622],[153.062313,-28.343644],[153.06204,-28.343677],[153.061767,-28.343707],[153.061494,-28.343725],[153.060877,-28.343746],[153.060568,-28.343746],[153.060263,-28.343727],[153.059965,-28.34368],[153.059607,-28.343554],[153.059264,-28.343366],[153.058925,-28.343156],[153.058581,-28.342961],[153.058224,-28.342819],[153.057946,-28.342748],[153.057662,-28.342688],[153.057375,-28.342646],[153.057088,-28.342625],[153.056806,-28.342631],[153.05653,-28.34268],[153.056257,-28.342768],[153.055985,-28.342871],[153.055712,-28.342968],[153.055435,-28.343035],[153.055017,-28.343099],[153.054574,-28.343152],[153.054136,-28.343167],[153.053737,-28.343118],[153.053407,-28.34298],[153.053244,-28.342836],[153.053105,-28.342656],[153.052976,-28.34246],[153.052845,-28.342266],[153.052696,-28.342092],[153.052467,-28.341873],[153.052221,-28.341653],[153.051961,-28.341456],[153.051693,-28.341307],[153.051421,-28.341229],[153.051107,-28.341281],[153.050782,-28.341462],[153.050448,-28.341698],[153.050107,-28.341915],[153.049761,-28.342037],[153.049612,-28.342058],[153.049461,-28.342074],[153.049309,-28.342082],[153.04916,-28.342077],[153.049015,-28.342055],[153.048752,-28.341925],[153.048513,-28.341688],[153.048287,-28.341393],[153.048063,-28.341084],[153.047828,-28.340809],[153.047577,-28.340536],[153.04733,-28.340248],[153.047077,-28.339973],[153.046808,-28.339735],[153.046512,-28.339561],[153.04606,-28.339455],[153.045548,-28.339464],[153.045007,-28.339555],[153.044469,-28.339699],[153.043968,-28.339864],[153.043612,-28.340012],[153.043268,-28.340192],[153.04293,-28.340392],[153.042596,-28.3406],[153.042261,-28.340804],[153.041807,-28.341077],[153.041358,-28.341359],[153.040913,-28.341646],[153.040025,-28.342227],[153.039718,-28.342452],[153.039416,-28.3427],[153.039112,-28.342938],[153.0388,-28.343131],[153.038472,-28.343247],[153.038013,-28.343215],[153.037524,-28.343005],[153.037015,-28.342707],[153.036496,-28.342414],[153.035974,-28.342215],[153.035623,-28.342153],[153.035265,-28.342118],[153.034905,-28.342092],[153.034547,-28.342057],[153.034194,-28.341996],[153.033679,-28.341852],[153.033171,-28.341667],[153.032671,-28.341453],[153.032178,-28.341222],[153.03169,-28.340986],[153.031334,-28.340791],[153.030639,-28.340355],[153.030286,-28.340162],[153.029927,-28.340021],[153.029918,-28.340017],[153.029507,-28.339932],[153.029079,-28.339902],[153.028206,-28.339898],[153.027775,-28.339869],[153.02744,-28.339826],[153.027105,-28.339776],[153.026771,-28.339722],[153.026438,-28.339665],[153.026105,-28.339605],[153.025586,-28.339502],[153.025069,-28.339388],[153.024036,-28.339149],[153.023519,-28.339036],[153.023153,-28.338954],[153.022787,-28.338867],[153.02242,-28.338785],[153.022052,-28.338715],[153.021682,-28.338667],[153.021147,-28.338638],[153.020605,-28.338644],[153.020061,-28.338683],[153.019522,-28.33875],[153.018991,-28.338843],[153.018621,-28.338928],[153.018254,-28.33903],[153.01789,-28.339145],[153.017165,-28.339385],[153.01664,-28.339572],[153.016122,-28.339775],[153.015604,-28.339983],[153.015084,-28.340182],[153.014557,-28.340358],[153.014142,-28.340474],[153.013723,-28.340576],[153.013302,-28.340673],[153.012882,-28.340773],[153.012465,-28.340882],[153.011945,-28.341053],[153.01143,-28.341251],[153.010915,-28.341447],[153.010397,-28.341612],[153.009871,-28.341717],[153.009458,-28.341753],[153.009039,-28.341763],[153.008618,-28.34175],[153.008199,-28.341717],[153.007785,-28.341667],[153.007302,-28.341577],[153.006824,-28.341451],[153.006349,-28.341303],[153.005875,-28.341149],[153.005401,-28.341002],[153.004776,-28.340791],[153.004155,-28.34055],[153.003533,-28.340319],[153.002909,-28.340137],[153.00228,-28.340045],[153.001818,-28.340036],[153.001348,-28.340061],[153.001069,-28.340094],[153.000916,-28.340121],[153.000762,-28.340143],[153.000607,-28.340161],[153.000452,-28.340174],[153.000297,-28.340183],[153.00006,-28.340184],[152.999822,-28.340172],[152.999583,-28.34015],[152.999108,-28.340095],[152.998813,-28.340048],[152.998519,-28.339986],[152.998226,-28.339922],[152.997932,-28.339869],[152.997637,-28.339841],[152.997351,-28.339861],[152.997057,-28.339919],[152.996767,-28.339979],[152.996489,-28.340006],[152.996234,-28.339964],[152.99607,-28.339881],[152.995917,-28.339767],[152.995622,-28.339507],[152.995467,-28.33939],[152.995237,-28.339245],[152.995002,-28.339105],[152.994762,-28.338975],[152.994515,-28.338861],[152.994263,-28.338769],[152.994049,-28.338717],[152.993829,-28.338683],[152.993606,-28.338659],[152.993383,-28.338632],[152.993163,-28.338593],[152.992969,-28.338551],[152.992773,-28.338507],[152.992579,-28.338458],[152.99239,-28.338398],[152.99221,-28.338322],[152.992002,-28.338193],[152.991811,-28.338032],[152.991626,-28.337857],[152.991437,-28.337687],[152.991236,-28.337541],[152.991007,-28.337417],[152.990767,-28.33731],[152.990522,-28.337213],[152.990274,-28.337119],[152.990029,-28.337023],[152.989858,-28.336943],[152.989688,-28.336855],[152.989517,-28.336772],[152.989345,-28.336708],[152.98917,-28.336675],[152.988892,-28.336722],[152.988608,-28.336874],[152.988319,-28.33708],[152.988025,-28.337293],[152.987728,-28.337464],[152.987182,-28.337695],[152.986618,-28.337904],[152.986042,-28.338076],[152.985462,-28.338196],[152.984885,-28.33825],[152.984647,-28.338257],[152.984405,-28.338262],[152.984165,-28.338254],[152.983931,-28.338226],[152.98371,-28.338167],[152.983478,-28.338051],[152.983261,-28.337892],[152.983054,-28.337706],[152.98285,-28.337513],[152.982643,-28.33733],[152.982397,-28.337119],[152.981915,-28.336684],[152.98167,-28.336473],[152.981415,-28.336273],[152.981224,-28.336143],[152.981027,-28.33602],[152.980828,-28.3359],[152.980633,-28.335775],[152.980445,-28.335641],[152.980275,-28.335496],[152.980114,-28.33534],[152.979955,-28.335182],[152.979792,-28.335027],[152.979621,-28.334886],[152.979464,-28.334781],[152.979298,-28.334688],[152.97913,-28.334596],[152.978971,-28.334497],[152.978829,-28.33438],[152.978733,-28.334263],[152.97865,-28.334132],[152.978571,-28.333997],[152.978486,-28.333869],[152.978385,-28.33376],[152.978138,-28.333633],[152.977831,-28.333579],[152.977149,-28.333542],[152.976828,-28.333485],[152.976566,-28.333398],[152.976307,-28.333298],[152.976051,-28.33319],[152.975543,-28.332963],[152.975335,-28.332866],[152.975128,-28.332767],[152.974922,-28.332665],[152.974715,-28.332565],[152.974506,-28.332469],[152.974226,-28.332336],[152.973945,-28.332198],[152.973663,-28.332068],[152.973376,-28.331959],[152.973084,-28.331887],[152.972851,-28.331859],[152.972614,-28.331853],[152.972375,-28.331859],[152.971898,-28.331884],[152.971403,-28.3319],[152.971156,-28.331914],[152.970911,-28.331939],[152.970669,-28.33198],[152.97046,-28.332041],[152.970255,-28.332123],[152.97005,-28.332209],[152.969845,-28.332283],[152.969635,-28.332329],[152.969458,-28.332338],[152.96928,-28.332327],[152.969099,-28.332309],[152.968919,-28.332293],[152.96874,-28.332292],[152.968539,-28.332311],[152.968339,-28.332342],[152.96814,-28.33238],[152.96794,-28.33242],[152.96774,-28.332457],[152.967487,-28.332501],[152.966983,-28.332592],[152.96673,-28.332633],[152.966477,-28.332668],[152.966274,-28.332699],[152.966068,-28.332735],[152.965862,-28.332764],[152.965662,-28.332774],[152.965468,-28.332754],[152.965261,-28.332674],[152.965065,-28.332547],[152.964873,-28.332398],[152.964678,-28.332253],[152.964473,-28.332139],[152.964329,-28.332078],[152.964183,-28.33202],[152.964034,-28.331969],[152.963884,-28.331931],[152.963734,-28.331908],[152.963474,-28.331925],[152.963208,-28.332002],[152.96294,-28.332115],[152.962671,-28.332237],[152.962404,-28.332344],[152.962118,-28.332447],[152.961832,-28.332553],[152.961547,-28.33266],[152.961261,-28.332765],[152.960973,-28.332863],[152.960714,-28.332946],[152.960454,-28.333026],[152.960193,-28.333103],[152.959931,-28.333177],[152.959113,-28.333395],[152.958833,-28.333463],[152.958553,-28.333521],[152.958271,-28.333565],[152.958011,-28.333589],[152.957749,-28.333602],[152.957487,-28.333606],[152.957224,-28.333604],[152.956963,-28.333599],[152.956689,-28.333579],[152.956414,-28.333544],[152.95614,-28.333508],[152.955868,-28.333487],[152.955599,-28.333497],[152.955388,-28.333532],[152.955179,-28.333586],[152.954972,-28.333649],[152.954764,-28.333714],[152.954556,-28.333772],[152.954306,-28.333839],[152.954056,-28.33391],[152.953805,-28.333977],[152.953553,-28.334031],[152.9533,-28.334063],[152.953052,-28.334069],[152.952803,-28.334056],[152.952552,-28.33403],[152.952053,-28.333964],[152.951828,-28.333926],[152.951381,-28.333828],[152.951157,-28.33379],[152.950933,-28.333776],[152.950732,-28.333781],[152.950528,-28.333796],[152.950325,-28.333824],[152.950128,-28.333868],[152.949939,-28.333929],[152.949743,-28.334034],[152.94956,-28.334173],[152.949383,-28.334327],[152.949203,-28.334477],[152.949011,-28.334603],[152.948807,-28.334706],[152.948596,-28.334797],[152.94838,-28.334878],[152.948161,-28.334949],[152.94794,-28.335011],[152.947722,-28.335055],[152.947501,-28.335082],[152.947277,-28.335104],[152.947055,-28.335131],[152.946836,-28.335172],[152.946592,-28.33525],[152.946352,-28.33535],[152.946114,-28.335455],[152.945874,-28.335546],[152.945629,-28.335606],[152.94542,-28.335632],[152.945207,-28.335646],[152.944992,-28.335646],[152.94478,-28.335632],[152.944573,-28.3356],[152.944353,-28.335539],[152.944138,-28.335451],[152.943926,-28.335348],[152.943716,-28.335241],[152.943504,-28.335141],[152.943301,-28.335048],[152.9431,-28.33495],[152.942899,-28.334854],[152.942695,-28.334766],[152.942487,-28.334693],[152.942308,-28.334641],[152.942126,-28.334595],[152.941943,-28.334556],[152.941759,-28.334528],[152.941574,-28.334512],[152.941254,-28.334525],[152.94093,-28.334585],[152.940606,-28.334672],[152.940281,-28.334767],[152.939957,-28.334851],[152.939664,-28.334911],[152.939369,-28.334967],[152.939076,-28.335027],[152.938786,-28.335096],[152.938501,-28.33518],[152.938265,-28.335265],[152.938032,-28.33536],[152.937801,-28.335462],[152.937573,-28.33557],[152.937348,-28.335681],[152.937135,-28.335791],[152.936924,-28.335905],[152.936716,-28.336023],[152.936511,-28.336146],[152.93592,-28.336507],[152.935729,-28.33663],[152.935549,-28.336763],[152.935384,-28.336911],[152.935255,-28.337064],[152.935143,-28.337233],[152.935036,-28.337409],[152.934927,-28.337582],[152.934804,-28.337744],[152.934692,-28.337883],[152.934576,-28.338031],[152.934455,-28.338168],[152.934328,-28.338276],[152.934191,-28.338336],[152.934084,-28.338346],[152.933971,-28.338335],[152.933856,-28.338311],[152.933742,-28.338279],[152.933631,-28.338245],[152.933471,-28.338183],[152.933317,-28.338103],[152.933166,-28.338011],[152.933017,-28.337914],[152.932619,-28.337661],[152.932376,-28.337493],[152.932136,-28.337319],[152.931659,-28.336968],[152.93142,-28.336789],[152.930949,-28.336422],[152.930711,-28.336242],[152.930468,-28.33607],[152.930248,-28.335923],[152.930024,-28.33578],[152.929799,-28.335641],[152.929571,-28.335506],[152.929341,-28.335377],[152.929077,-28.335244],[152.928807,-28.335122],[152.928535,-28.335003],[152.928267,-28.334879],[152.928008,-28.33474],[152.927732,-28.334564],[152.927466,-28.334371],[152.927204,-28.334171],[152.926944,-28.33397],[152.926678,-28.333776],[152.926489,-28.33364],[152.926301,-28.333503],[152.926111,-28.333369],[152.925919,-28.333239],[152.925721,-28.333119],[152.925515,-28.333018],[152.925299,-28.332932],[152.925082,-28.332849],[152.924874,-28.332755],[152.924684,-28.332636],[152.924549,-28.332511],[152.924428,-28.332366],[152.924312,-28.332216],[152.924189,-28.332076],[152.92405,-28.331961],[152.92395,-28.331904],[152.923845,-28.331853],[152.923737,-28.331808],[152.923628,-28.331766],[152.923518,-28.331726],[152.92333,-28.331663],[152.923138,-28.331609],[152.922944,-28.331562],[152.922748,-28.331521],[152.922552,-28.331483],[152.922272,-28.331438],[152.921988,-28.331408],[152.921704,-28.331384],[152.921419,-28.331361],[152.921135,-28.331329],[152.920763,-28.331276],[152.920391,-28.331218],[152.92002,-28.331155],[152.918626,-28.330909],[152.9183,-28.330849],[152.917974,-28.330785],[152.917651,-28.330715],[152.917404,-28.330654],[152.91716,-28.330587],[152.916915,-28.330518],[152.91667,-28.330453],[152.916423,-28.330396],[152.916214,-28.33036],[152.915791,-28.330305],[152.915581,-28.330272],[152.915375,-28.330224],[152.915191,-28.330166],[152.915009,-28.330099],[152.914829,-28.330026],[152.914652,-28.329947],[152.914477,-28.329864],[152.914276,-28.329755],[152.914079,-28.329635],[152.913886,-28.32951],[152.91369,-28.329388],[152.913489,-28.329277],[152.913262,-28.32917],[152.91303,-28.329073],[152.912795,-28.328982],[152.912561,-28.328889],[152.912329,-28.328791],[152.912139,-28.328704],[152.911951,-28.328616],[152.911763,-28.328525],[152.911576,-28.328434],[152.91139,-28.32834],[152.911246,-28.328269],[152.911101,-28.3282],[152.910958,-28.328129],[152.910818,-28.328051],[152.910686,-28.327964],[152.910496,-28.327785],[152.910332,-28.327567],[152.910176,-28.327339],[152.91001,-28.327126],[152.909816,-28.326956],[152.909703,-28.326887],[152.909584,-28.326825],[152.909462,-28.326769],[152.909337,-28.326718],[152.909212,-28.32667],[152.909002,-28.326605],[152.908785,-28.326557],[152.908564,-28.326518],[152.908343,-28.326482],[152.908124,-28.326441],[152.907467,-28.326297],[152.907248,-28.326251],[152.907028,-28.326206],[152.906805,-28.326162],[152.905711,-28.325963],[152.905318,-28.325888],[152.905121,-28.325853],[152.904924,-28.325819],[152.904671,-28.325781],[152.904418,-28.325747],[152.903656,-28.325651],[152.903472,-28.325624],[152.903289,-28.325595],[152.903106,-28.325567],[152.902922,-28.325545],[152.902739,-28.325532],[152.902558,-28.325533],[152.902376,-28.325543],[152.902195,-28.325559],[152.902014,-28.325577],[152.901832,-28.325592],[152.901596,-28.325618],[152.901359,-28.325654],[152.901122,-28.325687],[152.900889,-28.3257],[152.900662,-28.325679],[152.900532,-28.325649],[152.900403,-28.325609],[152.900295,-28.32557],[152.900115,-28.325484],[152.899844,-28.325356],[152.899766,-28.32532],[152.899609,-28.325251],[152.899532,-28.325214],[152.899457,-28.325174],[152.899368,-28.325118],[152.899281,-28.325057],[152.899196,-28.324993],[152.899114,-28.324925],[152.899035,-28.324855],[152.898906,-28.324718],[152.898792,-28.324566],[152.898684,-28.324407],[152.898575,-28.324249],[152.898459,-28.324097],[152.898298,-28.323916],[152.898129,-28.323741],[152.897957,-28.323569],[152.897787,-28.323396],[152.897621,-28.323218],[152.897472,-28.323044],[152.897184,-28.322689],[152.897038,-28.322513],[152.896887,-28.322343],[152.896747,-28.3222],[152.896602,-28.322062],[152.896455,-28.321925],[152.89631,-28.321787],[152.896169,-28.321645],[152.89606,-28.321523],[152.895954,-28.321398],[152.895849,-28.321272],[152.895742,-28.321149],[152.895629,-28.32103],[152.89549,-28.3209],[152.895343,-28.320776],[152.895194,-28.320656],[152.895046,-28.320534],[152.894902,-28.320407],[152.894682,-28.320206],[152.894573,-28.320104],[152.89447,-28.319997],[152.894378,-28.319883],[152.894318,-28.319801],[152.894262,-28.319716],[152.89421,-28.319628],[152.894162,-28.319538],[152.894121,-28.319446],[152.894085,-28.319342],[152.894059,-28.319233],[152.894039,-28.319123],[152.894018,-28.319012],[152.89399,-28.318904],[152.893949,-28.318772],[152.893902,-28.31864],[152.893853,-28.31851],[152.893798,-28.318383],[152.893734,-28.31826],[152.893697,-28.31819],[152.893657,-28.31812],[152.893614,-28.318052],[152.89357,-28.317987],[152.893519,-28.317926],[152.893361,-28.31779],[152.893159,-28.317675],[152.892935,-28.317589],[152.892709,-28.317539],[152.892499,-28.317534],[152.892378,-28.31752],[152.892211,-28.31749],[152.89181,-28.317401],[152.891611,-28.31735],[152.891419,-28.317285],[152.891238,-28.3172],[152.891092,-28.317107],[152.890953,-28.317],[152.89082,-28.316883],[152.890692,-28.31676],[152.890569,-28.316634],[152.890441,-28.316489],[152.890324,-28.316333],[152.89021,-28.316174],[152.890093,-28.316018],[152.889965,-28.315872],[152.889781,-28.315689],[152.889587,-28.315512],[152.889383,-28.315346],[152.889169,-28.315199],[152.888946,-28.315079],[152.888735,-28.314997],[152.888515,-28.314937],[152.888287,-28.314891],[152.88783,-28.314815],[152.887597,-28.314788],[152.887358,-28.314778],[152.887121,-28.314767],[152.88689,-28.314739],[152.886673,-28.314678],[152.886476,-28.314584],[152.886287,-28.314465],[152.886107,-28.314328],[152.885935,-28.314179],[152.885774,-28.314025],[152.885675,-28.313913],[152.885585,-28.313791],[152.885497,-28.313668],[152.885404,-28.313551],[152.885298,-28.31345],[152.885153,-28.313351],[152.884994,-28.313267],[152.884825,-28.313197],[152.884652,-28.313138],[152.884478,-28.313088],[152.884334,-28.313059],[152.884185,-28.313042],[152.884036,-28.313029],[152.883888,-28.313012],[152.883743,-28.312983],[152.883617,-28.312943],[152.883493,-28.312896],[152.883371,-28.312845],[152.883127,-28.312737],[152.882971,-28.312674],[152.882811,-28.312613],[152.882655,-28.312548],[152.882507,-28.312472],[152.882372,-28.31238],[152.882242,-28.312248],[152.882129,-28.312092],[152.882028,-28.311923],[152.88193,-28.311749],[152.881833,-28.311582],[152.881731,-28.311415],[152.881632,-28.311245],[152.881438,-28.310905],[152.881337,-28.310737],[152.881263,-28.310609],[152.881192,-28.31048],[152.881117,-28.310352],[152.881037,-28.31023],[152.880945,-28.310119],[152.880854,-28.310029],[152.880755,-28.309942],[152.880651,-28.309862],[152.880542,-28.309792],[152.880429,-28.309734],[152.88033,-28.309692],[152.880225,-28.309653],[152.880118,-28.309622],[152.880013,-28.309607],[152.879914,-28.309613],[152.87982,-28.309645],[152.879729,-28.309701],[152.879642,-28.309771],[152.879475,-28.30992],[152.879349,-28.310042],[152.879233,-28.310176],[152.879013,-28.310458],[152.878896,-28.310592],[152.878627,-28.310885],[152.878489,-28.311028],[152.878344,-28.311161],[152.878188,-28.311278],[152.877989,-28.31139],[152.877774,-28.311478],[152.87755,-28.311554],[152.877325,-28.311627],[152.877104,-28.311708],[152.876897,-28.311792],[152.876483,-28.311964],[152.876071,-28.312139],[152.87593,-28.312176],[152.875768,-28.312214],[152.875605,-28.312247],[152.875441,-28.312276],[152.875277,-28.312301],[152.875102,-28.312321],[152.874927,-28.312333],[152.874574,-28.31235],[152.874397,-28.31236],[152.874183,-28.312375],[152.873753,-28.312409],[152.873538,-28.312422],[152.873324,-28.312433],[152.87306,-28.31244],[152.872927,-28.312442],[152.872795,-28.312443],[152.872663,-28.312442],[152.872432,-28.312435],[152.872317,-28.312429],[152.872202,-28.312426],[152.872087,-28.312428],[152.87194,-28.312436],[152.871794,-28.312451],[152.871502,-28.312489],[152.87079,-28.312575],[152.869658,-28.312722],[152.869092,-28.312791],[152.868525,-28.312852],[152.867829,-28.312916],[152.867482,-28.312951],[152.867309,-28.312967],[152.867135,-28.312981],[152.866737,-28.31301],[152.866337,-28.313036],[152.865936,-28.313052],[152.865537,-28.313051],[152.865141,-28.313027],[152.864862,-28.312994],[152.864584,-28.312951],[152.864307,-28.312899],[152.864031,-28.312841],[152.863757,-28.312778],[152.863485,-28.312709],[152.86335,-28.312673],[152.862923,-28.312554],[152.862455,-28.312418],[152.862298,-28.312374],[152.862018,-28.312306],[152.861734,-28.312249],[152.861451,-28.312189],[152.861173,-28.312117],[152.860906,-28.312021],[152.860703,-28.311913],[152.86051,-28.311781],[152.860318,-28.311645],[152.860123,-28.311526],[152.859917,-28.311444],[152.859827,-28.311425],[152.859737,-28.311411],[152.859553,-28.311389],[152.859462,-28.311376],[152.859297,-28.311344],[152.858967,-28.311267],[152.858802,-28.311235],[152.858637,-28.311216],[152.858525,-28.31121],[152.858413,-28.311206],[152.8583,-28.311207],[152.858189,-28.311214],[152.85808,-28.31123],[152.857852,-28.31132],[152.857637,-28.311474],[152.857428,-28.311657],[152.857214,-28.311834],[152.856986,-28.311969],[152.856727,-28.312056],[152.856456,-28.312115],[152.856178,-28.312158],[152.855899,-28.312199],[152.855624,-28.312252],[152.855501,-28.312281],[152.855379,-28.312312],[152.855256,-28.312342],[152.855012,-28.312404],[152.854941,-28.312425],[152.854799,-28.312472],[152.854728,-28.312489],[152.854657,-28.312495],[152.854577,-28.312488],[152.854498,-28.312468],[152.854418,-28.31244],[152.854338,-28.312409],[152.85426,-28.312381],[152.853874,-28.312212],[152.853507,-28.311991],[152.853145,-28.31175],[152.852778,-28.311524],[152.852394,-28.311346],[152.852184,-28.311269],[152.85197,-28.311195],[152.851755,-28.31113],[152.851538,-28.311082],[152.85132,-28.311058],[152.851169,-28.311059],[152.851016,-28.311074],[152.85071,-28.311119],[152.850557,-28.311137],[152.85041,-28.311151],[152.850263,-28.311164],[152.849968,-28.311189],[152.849775,-28.311202],[152.849684,-28.311206],[152.849638,-28.311209],[152.849593,-28.311214],[152.849277,-28.311397],[152.848977,-28.311801],[152.848701,-28.312335],[152.848454,-28.312912],[152.848242,-28.313442],[152.848151,-28.313687],[152.848072,-28.313937],[152.847998,-28.314189],[152.847926,-28.314441],[152.84785,-28.314692],[152.847782,-28.314967],[152.847729,-28.31526],[152.847667,-28.315543],[152.847576,-28.31579],[152.847433,-28.315972],[152.847291,-28.316049],[152.847123,-28.316093],[152.846946,-28.316126],[152.846776,-28.316169],[152.846628,-28.316242],[152.846493,-28.316365],[152.846377,-28.316517],[152.846273,-28.316687],[152.846085,-28.317035],[152.846051,-28.317104],[152.845989,-28.317247],[152.845953,-28.317315],[152.84591,-28.317376],[152.845765,-28.317469],[152.845564,-28.317511],[152.845334,-28.317531],[152.845107,-28.317561],[152.844911,-28.317632],[152.844695,-28.317831],[152.844528,-28.318106],[152.844378,-28.318414],[152.844217,-28.318713],[152.844015,-28.318958],[152.84394,-28.319019],[152.843861,-28.319077],[152.843781,-28.319133],[152.843702,-28.31919],[152.843625,-28.319251],[152.843041,-28.319759],[152.842894,-28.319882],[152.842745,-28.320002],[152.842597,-28.320123],[152.842455,-28.32025],[152.842323,-28.320385],[152.84225,-28.320477],[152.842183,-28.320574],[152.842117,-28.320672],[152.842047,-28.320766],[152.841967,-28.32085],[152.841839,-28.320946],[152.841695,-28.321025],[152.841543,-28.321094],[152.841387,-28.32116],[152.841236,-28.32123],[152.840845,-28.321427],[152.840714,-28.32149],[152.840325,-28.321673],[152.840066,-28.321796],[152.839803,-28.321908],[152.839537,-28.321998],[152.839268,-28.322053],[152.838957,-28.32206],[152.83864,-28.322021],[152.838319,-28.321954],[152.837998,-28.321874],[152.837681,-28.321802],[152.837173,-28.321704],[152.836919,-28.321651],[152.836669,-28.321589],[152.836424,-28.321513],[152.83622,-28.321446],[152.836011,-28.321379],[152.835808,-28.321301],[152.835622,-28.321206],[152.835465,-28.321084],[152.835356,-28.320955],[152.835263,-28.320809],[152.835184,-28.320649],[152.835113,-28.320485],[152.835017,-28.320239],[152.835002,-28.320197],[152.834974,-28.320112],[152.834845,-28.320075],[152.834585,-28.320006],[152.834454,-28.319974],[152.834037,-28.31988],[152.833893,-28.319852],[152.833749,-28.319829],[152.833604,-28.319813],[152.833453,-28.319807],[152.833301,-28.31981],[152.833149,-28.319818],[152.832997,-28.31983],[152.832615,-28.319863],[152.832383,-28.319886],[152.832153,-28.319917],[152.831926,-28.319961],[152.831706,-28.320022],[152.831561,-28.320073],[152.831417,-28.32013],[152.831275,-28.320194],[152.831138,-28.320265],[152.831007,-28.320344],[152.830866,-28.320449],[152.830735,-28.320569],[152.830483,-28.320824],[152.830354,-28.320947],[152.830222,-28.321062],[152.83009,-28.321175],[152.829956,-28.321287],[152.829824,-28.3214],[152.829602,-28.321598],[152.829507,-28.321679],[152.829414,-28.321761],[152.829326,-28.321847],[152.829248,-28.321941],[152.829188,-28.322029],[152.829133,-28.322122],[152.829082,-28.322219],[152.829037,-28.322317],[152.828996,-28.322417],[152.828954,-28.322553],[152.828924,-28.322694],[152.8289,-28.322837],[152.828877,-28.322981],[152.828849,-28.323123],[152.828646,-28.323919],[152.828606,-28.324053],[152.828499,-28.32436],[152.828443,-28.324499],[152.828321,-28.324773],[152.828263,-28.324912],[152.828214,-28.325053],[152.828191,-28.325142],[152.828156,-28.325325],[152.828134,-28.325415],[152.828106,-28.325502],[152.828042,-28.325636],[152.827963,-28.325766],[152.827871,-28.32589],[152.827771,-28.326006],[152.827663,-28.32611],[152.827568,-28.326184],[152.827465,-28.32625],[152.827249,-28.32637],[152.827144,-28.326433],[152.82689,-28.326602],[152.826765,-28.326689],[152.82664,-28.326777],[152.826517,-28.326867],[152.82642,-28.32694],[152.826324,-28.327014],[152.826228,-28.327089],[152.826038,-28.32724],[152.825787,-28.327444],[152.825662,-28.327547],[152.825535,-28.327647],[152.825405,-28.327743],[152.825276,-28.327826],[152.825006,-28.327978],[152.824876,-28.32806],[152.824758,-28.328154],[152.824725,-28.328185],[152.824661,-28.328249],[152.824599,-28.328316],[152.824504,-28.328424],[152.824411,-28.328537],[152.824326,-28.328656],[152.824256,-28.328779],[152.824208,-28.328907],[152.824191,-28.328992],[152.824183,-28.329079],[152.824181,-28.329167],[152.824184,-28.329343],[152.824196,-28.329539],[152.824226,-28.329735],[152.824305,-28.330126],[152.824338,-28.330322],[152.824379,-28.330557],[152.82443,-28.330797],[152.824473,-28.331035],[152.82449,-28.331266],[152.824462,-28.331485],[152.824448,-28.331535],[152.824431,-28.331585],[152.824376,-28.331733],[152.824327,-28.331868],[152.824276,-28.332003],[152.824228,-28.332138],[152.824184,-28.332275],[152.824149,-28.332413],[152.824129,-28.332535],[152.824117,-28.332658],[152.824108,-28.332782],[152.824098,-28.332905],[152.824082,-28.333028],[152.824015,-28.333337],[152.823924,-28.333642],[152.823818,-28.333944],[152.823591,-28.334543],[152.823537,-28.334725],[152.82349,-28.334917],[152.823437,-28.335103],[152.823366,-28.335267],[152.823263,-28.335392],[152.823185,-28.335445],[152.823099,-28.335489],[152.823007,-28.335526],[152.822913,-28.335558],[152.822819,-28.335587],[152.822724,-28.335613],[152.822626,-28.335633],[152.822527,-28.33565],[152.822428,-28.335663],[152.822328,-28.335674],[152.822198,-28.335684],[152.822068,-28.335687],[152.821936,-28.335686],[152.821805,-28.335684],[152.821674,-28.335684],[152.82146,-28.335687],[152.821033,-28.335695],[152.820819,-28.335696],[152.820605,-28.335693],[152.820409,-28.335686],[152.820213,-28.335676],[152.820017,-28.335664],[152.819625,-28.335638],[152.81922,-28.335602],[152.819085,-28.335593],[152.81895,-28.33559],[152.818875,-28.33559],[152.818725,-28.335594],[152.81865,-28.335599],[152.818575,-28.335607],[152.818441,-28.335629],[152.818308,-28.33566],[152.818176,-28.335698],[152.818045,-28.335742],[152.817917,-28.335788],[152.817713,-28.335876],[152.817514,-28.33598],[152.81732,-28.336095],[152.817128,-28.336213],[152.816935,-28.33633],[152.816586,-28.336521],[152.816474,-28.336591],[152.816371,-28.33667],[152.816285,-28.336755],[152.816208,-28.336849],[152.816134,-28.336947],[152.816059,-28.337044],[152.815978,-28.337135],[152.815865,-28.337239],[152.815746,-28.337337],[152.815623,-28.337432],[152.815499,-28.337525],[152.815377,-28.33762],[152.815285,-28.337695],[152.815101,-28.337849],[152.815007,-28.337923],[152.814911,-28.337993],[152.814833,-28.338045],[152.814754,-28.338095],[152.814593,-28.338191],[152.814513,-28.33824],[152.814341,-28.338349],[152.813999,-28.33857],[152.813828,-28.338679],[152.813654,-28.338785],[152.813503,-28.338869],[152.813193,-28.339026],[152.813046,-28.339113],[152.81291,-28.339215],[152.812792,-28.339332],[152.812686,-28.339463],[152.812586,-28.339601],[152.812489,-28.339743],[152.812391,-28.339882],[152.812239,-28.340093],[152.812165,-28.3402],[152.812018,-28.340415],[152.811938,-28.340537],[152.811859,-28.34066],[152.811781,-28.340784],[152.8117,-28.340905],[152.811614,-28.341023],[152.811561,-28.341093],[152.811506,-28.341164],[152.811451,-28.341233],[152.811392,-28.341299],[152.811329,-28.34136],[152.811261,-28.341412],[152.811187,-28.341458],[152.811036,-28.341546],[152.810964,-28.341594],[152.810901,-28.341642],[152.810719,-28.341796],[152.810657,-28.341845],[152.810544,-28.34193],[152.81043,-28.342014],[152.810314,-28.342094],[152.810195,-28.342171],[152.810074,-28.342243],[152.809972,-28.342299],[152.809867,-28.342352],[152.809761,-28.342402],[152.809547,-28.342498],[152.809451,-28.342537],[152.80916,-28.342647],[152.809065,-28.342688],[152.808965,-28.34273],[152.808933,-28.342746],[152.808904,-28.342765],[152.808848,-28.342831],[152.808809,-28.342922],[152.808781,-28.343026],[152.808758,-28.343135],[152.808731,-28.343238],[152.808708,-28.343315],[152.808668,-28.34347],[152.808646,-28.343548],[152.808621,-28.343624],[152.808593,-28.343699],[152.808562,-28.343773],[152.808528,-28.343846],[152.808492,-28.343918],[152.808453,-28.343987],[152.808402,-28.344067],[152.808347,-28.344143],[152.808288,-28.344218],[152.808226,-28.34429],[152.808161,-28.344359],[152.808096,-28.344416],[152.808024,-28.344468],[152.807951,-28.344519],[152.807886,-28.344574],[152.807836,-28.344639],[152.8078,-28.344717],[152.807777,-28.344804],[152.807764,-28.344897],[152.807757,-28.34499],[152.807753,-28.345081],[152.807755,-28.345205],[152.80777,-28.345329],[152.807794,-28.345454],[152.807823,-28.345578],[152.807855,-28.3457],[152.807879,-28.345783],[152.807907,-28.345865],[152.807937,-28.345946],[152.807966,-28.346028],[152.807992,-28.346111],[152.808014,-28.346192],[152.808033,-28.346273],[152.808051,-28.346355],[152.808072,-28.346437],[152.808096,-28.346517],[152.808129,-28.346598],[152.808166,-28.346677],[152.808206,-28.346756],[152.808244,-28.346835],[152.808279,-28.346915],[152.808319,-28.347023],[152.808356,-28.347132],[152.80839,-28.347242],[152.80842,-28.347352],[152.808444,-28.347464],[152.808463,-28.347597],[152.808472,-28.347732],[152.80848,-28.348005],[152.808489,-28.34814],[152.808506,-28.348298],[152.808526,-28.348455],[152.808548,-28.348612],[152.808594,-28.348925],[152.808619,-28.349063],[152.808651,-28.3492],[152.80868,-28.349338],[152.8087,-28.349475],[152.808703,-28.349612],[152.808691,-28.349735],[152.808668,-28.349859],[152.808636,-28.349982],[152.808595,-28.350102],[152.808546,-28.350216],[152.808491,-28.350317],[152.808428,-28.350413],[152.808358,-28.350506],[152.808285,-28.350597],[152.808161,-28.350745],[152.808112,-28.350805],[152.808061,-28.350864],[152.808007,-28.350919],[152.80795,-28.35097],[152.80785,-28.351041],[152.807741,-28.351102],[152.807626,-28.351154],[152.807508,-28.351202],[152.807391,-28.351248],[152.80729,-28.351284],[152.807188,-28.351314],[152.807085,-28.351343],[152.806982,-28.351374],[152.806882,-28.35141],[152.806774,-28.351459],[152.806669,-28.351515],[152.806461,-28.351632],[152.806355,-28.351687],[152.806267,-28.351727],[152.806087,-28.3518],[152.806,-28.35184],[152.805918,-28.351888],[152.805847,-28.351942],[152.805781,-28.352002],[152.805716,-28.352065],[152.805652,-28.35213],[152.805586,-28.352191],[152.805504,-28.35226],[152.805335,-28.352392],[152.805253,-28.352461],[152.805178,-28.352535],[152.805113,-28.35261],[152.805053,-28.352688],[152.804995,-28.352769],[152.80494,-28.352852],[152.804887,-28.352935],[152.80484,-28.353021],[152.804759,-28.353202],[152.804713,-28.353285],[152.804654,-28.353357],[152.804597,-28.353405],[152.804534,-28.353447],[152.804466,-28.353485],[152.804397,-28.353519],[152.804327,-28.353551],[152.804226,-28.353594],[152.804122,-28.353629],[152.804015,-28.353659],[152.803907,-28.353685],[152.803798,-28.353708],[152.803718,-28.353722],[152.803636,-28.353735],[152.803555,-28.353745],[152.803473,-28.353753],[152.803391,-28.353759],[152.803291,-28.353765],[152.803191,-28.353767],[152.803091,-28.353767],[152.802892,-28.353761],[152.802772,-28.353752],[152.802653,-28.353739],[152.802414,-28.35371],[152.802294,-28.3537],[152.802138,-28.353692],[152.801981,-28.353687],[152.801824,-28.353685],[152.801666,-28.353685],[152.80151,-28.353688],[152.801392,-28.353693],[152.801038,-28.353714],[152.80092,-28.353719],[152.80075,-28.353723],[152.80058,-28.353725],[152.80041,-28.353724],[152.800241,-28.35372],[152.800071,-28.353714],[152.799811,-28.353697],[152.799746,-28.353696],[152.799671,-28.353697],[152.799596,-28.353701],[152.799446,-28.353713],[152.799284,-28.353724],[152.79911,-28.353737],[152.798937,-28.353747],[152.79882,-28.353751],[152.798704,-28.353753],[152.798353,-28.353755],[152.79798,-28.353764],[152.797856,-28.353765],[152.797731,-28.353764],[152.797619,-28.353758],[152.797396,-28.353737],[152.797284,-28.353731],[152.797173,-28.353732],[152.797071,-28.353742],[152.796969,-28.35376],[152.796765,-28.3538],[152.796662,-28.353813],[152.796522,-28.35382],[152.79638,-28.35382],[152.796239,-28.353815],[152.796097,-28.353811],[152.795956,-28.353812],[152.795813,-28.353819],[152.795671,-28.353829],[152.795386,-28.353853],[152.795243,-28.353862],[152.795145,-28.353865],[152.794948,-28.353869],[152.794849,-28.353873],[152.794751,-28.35388],[152.794625,-28.353899],[152.7945,-28.353926],[152.794375,-28.353955],[152.79425,-28.353981],[152.794124,-28.353998],[152.793957,-28.354009],[152.793786,-28.354014],[152.793616,-28.354008],[152.793451,-28.353987],[152.793293,-28.353946],[152.793223,-28.35392],[152.793154,-28.35389],[152.793085,-28.353858],[152.792953,-28.353785],[152.792839,-28.353706],[152.792732,-28.353616],[152.792628,-28.353519],[152.792526,-28.353421],[152.79242,-28.353327],[152.79231,-28.353237],[152.792087,-28.353057],[152.791861,-28.352882],[152.791653,-28.352726],[152.791442,-28.352574],[152.791335,-28.352499],[152.791246,-28.352428],[152.791156,-28.352349],[152.791065,-28.352274],[152.790974,-28.352219],[152.790883,-28.352196],[152.790836,-28.352199],[152.79079,-28.352209],[152.790697,-28.352235],[152.79065,-28.352245],[152.790513,-28.352254],[152.790374,-28.352249],[152.790234,-28.352233],[152.789955,-28.352191],[152.789825,-28.352169],[152.789694,-28.352141],[152.789565,-28.35211],[152.789435,-28.352081],[152.789305,-28.352057],[152.789215,-28.352044],[152.788946,-28.352013],[152.788856,-28.352],[152.788719,-28.351975],[152.788582,-28.351947],[152.788309,-28.351884],[152.788173,-28.351855],[152.788076,-28.351837],[152.787978,-28.351822],[152.787881,-28.351805],[152.787785,-28.351785],[152.787691,-28.351758],[152.787613,-28.35173],[152.787535,-28.3517],[152.787458,-28.351665],[152.787386,-28.351626],[152.787318,-28.35158],[152.787268,-28.351536],[152.787221,-28.351488],[152.787177,-28.351437],[152.787135,-28.351384],[152.787094,-28.35133],[152.787057,-28.351279],[152.786991,-28.351173],[152.786957,-28.35112],[152.78692,-28.351069],[152.786878,-28.351019],[152.786832,-28.35097],[152.786739,-28.350875],[152.786696,-28.350825],[152.786633,-28.350739],[152.786577,-28.350649],[152.786471,-28.350462],[152.786415,-28.35037],[152.786333,-28.35024],[152.786291,-28.350176],[152.786248,-28.350113],[152.786202,-28.350052],[152.786138,-28.349978],[152.786069,-28.349908],[152.785997,-28.34984],[152.785852,-28.349707],[152.785724,-28.349583],[152.785659,-28.349522],[152.785592,-28.349463],[152.785523,-28.349407],[152.78538,-28.349316],[152.785227,-28.349241],[152.785068,-28.349172],[152.78491,-28.349102],[152.784757,-28.349022],[152.784669,-28.348969],[152.784581,-28.348914],[152.784409,-28.3488],[152.784324,-28.348741],[152.784196,-28.348647],[152.783821,-28.348346],[152.783693,-28.348251],[152.783565,-28.348166],[152.783303,-28.348007],[152.783172,-28.347926],[152.783044,-28.347841],[152.782957,-28.347775],[152.782873,-28.347705],[152.782788,-28.347636],[152.782702,-28.34757],[152.78261,-28.347515],[152.782472,-28.347456],[152.782325,-28.347415],[152.782172,-28.347383],[152.782018,-28.347354],[152.781868,-28.347318],[152.781771,-28.34729],[152.781579,-28.347232],[152.781483,-28.347205],[152.781385,-28.347182],[152.781231,-28.347152],[152.781076,-28.34713],[152.78092,-28.347114],[152.780764,-28.3471],[152.780607,-28.347089],[152.780457,-28.347084],[152.780308,-28.347084],[152.780158,-28.347086],[152.780009,-28.347083],[152.779861,-28.347071],[152.779728,-28.347047],[152.779597,-28.347014],[152.779466,-28.346978],[152.779335,-28.346945],[152.779203,-28.346919],[152.779065,-28.346903],[152.778926,-28.346893],[152.778648,-28.34688],[152.778509,-28.346871],[152.778343,-28.346858],[152.778013,-28.346829],[152.777848,-28.346812],[152.777684,-28.346791],[152.777434,-28.346752],[152.777309,-28.346729],[152.777059,-28.346685],[152.776957,-28.346666],[152.776752,-28.346626],[152.776649,-28.346608],[152.776546,-28.346594],[152.776366,-28.346577],[152.776185,-28.346566],[152.776003,-28.346563],[152.775822,-28.34657],[152.775644,-28.34659],[152.775455,-28.346625],[152.775266,-28.346674],[152.775079,-28.346735],[152.774897,-28.346808],[152.774722,-28.346889],[152.774609,-28.34695],[152.774499,-28.347017],[152.774391,-28.347088],[152.773991,-28.347363],[152.773899,-28.347428],[152.773809,-28.347496],[152.773723,-28.347568],[152.773657,-28.347633],[152.773535,-28.347773],[152.773473,-28.34784],[152.773404,-28.3479],[152.773336,-28.347949],[152.773265,-28.347994],[152.773191,-28.348036],[152.773115,-28.348073],[152.773039,-28.348106],[152.772908,-28.348143],[152.772771,-28.348165],[152.772629,-28.348175],[152.772487,-28.348181],[152.772346,-28.34819],[152.772201,-28.348197],[152.771908,-28.348198],[152.771763,-28.348205],[152.77162,-28.348223],[152.771557,-28.348236],[152.771493,-28.348251],[152.771304,-28.348302],[152.771047,-28.348368],[152.770962,-28.348394],[152.770878,-28.348422],[152.770779,-28.348463],[152.770682,-28.348508],[152.770586,-28.348557],[152.770396,-28.348658],[152.770296,-28.348714],[152.770002,-28.348892],[152.769902,-28.348946],[152.769751,-28.349018],[152.769596,-28.349082],[152.769283,-28.349205],[152.76913,-28.349272],[152.769017,-28.349328],[152.768795,-28.349444],[152.768683,-28.349501],[152.768571,-28.349555],[152.768446,-28.349611],[152.768321,-28.349664],[152.768194,-28.349715],[152.768067,-28.349764],[152.767939,-28.349811],[152.767814,-28.349853],[152.767688,-28.349892],[152.767307,-28.350003],[152.767127,-28.350054],[152.766765,-28.35015],[152.766584,-28.350199],[152.766404,-28.350251],[152.766228,-28.350305],[152.765878,-28.350422],[152.765703,-28.350479],[152.765527,-28.350532],[152.765391,-28.35057],[152.765116,-28.35064],[152.764979,-28.350676],[152.764843,-28.350714],[152.764599,-28.350789],[152.76431,-28.350879],[152.764183,-28.350917],[152.76393,-28.350996],[152.763804,-28.351038],[152.763693,-28.351079],[152.763473,-28.351165],[152.763362,-28.351207],[152.76325,-28.351247],[152.763091,-28.351295],[152.76293,-28.351338],[152.762605,-28.351417],[152.762259,-28.351504],[152.76189,-28.351592],[152.761707,-28.351642],[152.761527,-28.3517],[152.761433,-28.351736],[152.76134,-28.351774],[152.761063,-28.35189],[152.760971,-28.351925],[152.760786,-28.351991],[152.760694,-28.352027],[152.760606,-28.352069],[152.760514,-28.352119],[152.760425,-28.352175],[152.760338,-28.352235],[152.760253,-28.352297],[152.76017,-28.352362],[152.760094,-28.352427],[152.76002,-28.352497],[152.759875,-28.352638],[152.7598,-28.352705],[152.759664,-28.352802],[152.759518,-28.352888],[152.759463,-28.35292],[152.759371,-28.352972],[152.759233,-28.353064],[152.759114,-28.353173],[152.759022,-28.353287],[152.758937,-28.353411],[152.758862,-28.353542],[152.758803,-28.353678],[152.758762,-28.353815],[152.758747,-28.353903],[152.758739,-28.353992],[152.758737,-28.354083],[152.758739,-28.354173],[152.758744,-28.354263],[152.758753,-28.35436],[152.758764,-28.354459],[152.758781,-28.354557],[152.758807,-28.35465],[152.758844,-28.354738],[152.75893,-28.354851],[152.759051,-28.354947],[152.75919,-28.355032],[152.759334,-28.355116],[152.759468,-28.355205],[152.759911,-28.355545],[152.760131,-28.355717],[152.760348,-28.355893],[152.76056,-28.356074],[152.76066,-28.356166],[152.760857,-28.356356],[152.760957,-28.356449],[152.761061,-28.356537],[152.761209,-28.356644],[152.761364,-28.356741],[152.761523,-28.356835],[152.761679,-28.356932],[152.761828,-28.357037],[152.762037,-28.357203],[152.762139,-28.357289],[152.762235,-28.35738],[152.762322,-28.357478],[152.76237,-28.357538],[152.762416,-28.3576],[152.762459,-28.357664],[152.762499,-28.357729],[152.762535,-28.357797],[152.762571,-28.35787],[152.762605,-28.357945],[152.762634,-28.358023],[152.762655,-28.358101],[152.762666,-28.358179],[152.762645,-28.358313],[152.762582,-28.35845],[152.762492,-28.358587],[152.762393,-28.358723],[152.762301,-28.358855],[152.762217,-28.358979],[152.762128,-28.359099],[152.761851,-28.359452],[152.761653,-28.359727],[152.761584,-28.359815],[152.761509,-28.359899],[152.761423,-28.359978],[152.76133,-28.360051],[152.761234,-28.36012],[152.761139,-28.360191],[152.761048,-28.360267],[152.760927,-28.360384],[152.760809,-28.360504],[152.760749,-28.360563],[152.760579,-28.36072],[152.760406,-28.360875],[152.760321,-28.360954],[152.760107,-28.361156],[152.760001,-28.361258],[152.759896,-28.361361],[152.759792,-28.361466],[152.759728,-28.361532],[152.759601,-28.361668],[152.7593,-28.361986],[152.75918,-28.362105],[152.759097,-28.362182],[152.759011,-28.362256],[152.758923,-28.362329],[152.758746,-28.362472],[152.758587,-28.362606],[152.758506,-28.362672],[152.758423,-28.362734],[152.758336,-28.362788],[152.758139,-28.362872],[152.757923,-28.362923],[152.757695,-28.362954],[152.757464,-28.362972],[152.757237,-28.362987],[152.757051,-28.362993],[152.756864,-28.362989],[152.756677,-28.362981],[152.75649,-28.362975],[152.756303,-28.362976],[152.75593,-28.362993],[152.755744,-28.363007],[152.755559,-28.363029],[152.755377,-28.363064],[152.755269,-28.363091],[152.755055,-28.363159],[152.754842,-28.363232],[152.754681,-28.363286],[152.754042,-28.363518],[152.753876,-28.36358],[152.75371,-28.363645],[152.753543,-28.363709],[152.753375,-28.363766],[152.753204,-28.36381],[152.753039,-28.363839],[152.752871,-28.363855],[152.752532,-28.363877],[152.752363,-28.363891],[152.752218,-28.363909],[152.751928,-28.363952],[152.751821,-28.363963],[152.751062,-28.363914],[152.750804,-28.363798],[152.75043,-28.363642],[152.750053,-28.363493],[152.749673,-28.363353],[152.74929,-28.363221],[152.749194,-28.36319],[152.749102,-28.363152],[152.749013,-28.363107],[152.748927,-28.363055],[152.748846,-28.362996],[152.74877,-28.362931],[152.748699,-28.362861],[152.748633,-28.362785],[152.748574,-28.362704],[152.748521,-28.362619],[152.748475,-28.362531],[152.748436,-28.362439],[152.748404,-28.362344],[152.74838,-28.362246],[152.748363,-28.362148],[152.748354,-28.362048],[152.748347,-28.36196],[152.748333,-28.361873],[152.748311,-28.361788],[152.748282,-28.361705],[152.748246,-28.361625],[152.748203,-28.361548],[152.748154,-28.361475],[152.748099,-28.361406],[152.748038,-28.361343],[152.747972,-28.361285],[152.747901,-28.361232],[152.747826,-28.361187],[152.747747,-28.361147],[152.747508,-28.361057],[152.747266,-28.360975],[152.747021,-28.3609],[152.746774,-28.360835],[152.746525,-28.360777],[152.746274,-28.360727],[152.746021,-28.360686],[152.745857,-28.360618],[152.74569,-28.360557],[152.74552,-28.360503],[152.745348,-28.360457],[152.745175,-28.360419],[152.744999,-28.360387],[152.744823,-28.360364],[152.744646,-28.360348],[152.744468,-28.36034],[152.74429,-28.36034],[152.743572,-28.359999],[152.742848,-28.35967],[152.742795,-28.359642],[152.742739,-28.359621],[152.74268,-28.359607],[152.742621,-28.359601],[152.742561,-28.359602],[152.742501,-28.359611],[152.742444,-28.359627],[152.742389,-28.35965],[152.742337,-28.35968],[152.742289,-28.359717],[152.742246,-28.359759],[152.742209,-28.359806],[152.742178,-28.359857],[152.742154,-28.359912],[152.742137,-28.35997],[152.742127,-28.360029],[152.742126,-28.360089],[152.742074,-28.360145],[152.742017,-28.360196],[152.741955,-28.360241],[152.741889,-28.360279],[152.741819,-28.36031],[152.741746,-28.360334],[152.741672,-28.360351],[152.741595,-28.36036],[152.741519,-28.36036],[152.741443,-28.360353],[152.741368,-28.360339],[152.741295,-28.360317],[152.741224,-28.360287],[152.741157,-28.36025],[152.740972,-28.360123],[152.740854,-28.360032],[152.740742,-28.359934],[152.740636,-28.35983],[152.740536,-28.359721],[152.740442,-28.359605],[152.740355,-28.359485],[152.740275,-28.35936],[152.740203,-28.35923],[152.740138,-28.359097],[152.740081,-28.358959],[152.739883,-28.358696],[152.73968,-28.358437],[152.739471,-28.358183],[152.739257,-28.357933],[152.739037,-28.357688],[152.738812,-28.357449],[152.738581,-28.357214],[152.738345,-28.356984],[152.738072,-28.356632],[152.737806,-28.356274],[152.737546,-28.355912],[152.737293,-28.355544],[152.737047,-28.355172],[152.736809,-28.354795],[152.735647,-28.354283],[152.73453,-28.353622],[152.734218,-28.353504],[152.73324,-28.353139],[152.731719,-28.353026],[152.730435,-28.352464],[152.729746,-28.351758],[152.729482,-28.350791],[152.728947,-28.349999],[152.727864,-28.349417],[152.726828,-28.348468],[152.726033,-28.347563],[152.725002,-28.34651],[152.724014,-28.345738],[152.7234,-28.344717],[152.72288,-28.344096],[152.722549,-28.344019],[152.722124,-28.344372],[152.721737,-28.34459],[152.721674,-28.344687],[152.721595,-28.344779],[152.721507,-28.344863],[152.721411,-28.344936],[152.721311,-28.344995],[152.721239,-28.345025],[152.721164,-28.345049],[152.721086,-28.345068],[152.720929,-28.345098],[152.720814,-28.345117],[152.720699,-28.345131],[152.720583,-28.34514],[152.720467,-28.345142],[152.720352,-28.345137],[152.720215,-28.34512],[152.72008,-28.34509],[152.719945,-28.345053],[152.719811,-28.345011],[152.719677,-28.344971],[152.719466,-28.344903],[152.719257,-28.344826],[152.718842,-28.344664],[152.718634,-28.344586],[152.718397,-28.344502],[152.717685,-28.344256],[152.717448,-28.344172],[152.716982,-28.344005],[152.71675,-28.34392],[152.716518,-28.343832],[152.716289,-28.343741],[152.716158,-28.343688],[152.715897,-28.34358],[152.715768,-28.343522],[152.715641,-28.343459],[152.715396,-28.343313],[152.715162,-28.343145],[152.714934,-28.342965],[152.714706,-28.342784],[152.714474,-28.34261],[152.714288,-28.342477],[152.714101,-28.342346],[152.713913,-28.342215],[152.713536,-28.341955],[152.713401,-28.34185],[152.713268,-28.341736],[152.713134,-28.341627],[152.712995,-28.341538],[152.712849,-28.341484],[152.712679,-28.341471],[152.712497,-28.341495],[152.712311,-28.341545],[152.71213,-28.341613],[152.711961,-28.34169],[152.711796,-28.341792],[152.711643,-28.341918],[152.711497,-28.342059],[152.711352,-28.342203],[152.711202,-28.342338],[152.710981,-28.342525],[152.710762,-28.342715],[152.710539,-28.3429],[152.710308,-28.343073],[152.710067,-28.343226],[152.709939,-28.343297],[152.70981,-28.343367],[152.709677,-28.343432],[152.709543,-28.343489],[152.709406,-28.343535],[152.70933,-28.343555],[152.709253,-28.343573],[152.709175,-28.343588],[152.709097,-28.343601],[152.708985,-28.343615],[152.708468,-28.343866],[152.707884,-28.343813],[152.707351,-28.343675],[152.706836,-28.342893],[152.706562,-28.342087],[152.706025,-28.341672],[152.705333,-28.341242],[152.704972,-28.340849],[152.704943,-28.33992],[152.704759,-28.33905],[152.704097,-28.338442],[152.703218,-28.338156],[152.702207,-28.338199],[152.701377,-28.337655],[152.700631,-28.336954],[152.700493,-28.336819],[152.699992,-28.336003],[152.699344,-28.335469],[152.698895,-28.335358],[152.698157,-28.335496],[152.697135,-28.335745],[152.696445,-28.336095],[152.695635,-28.336182],[152.694742,-28.336372],[152.693881,-28.336477],[152.693059,-28.336655],[152.692385,-28.336667],[152.691733,-28.336328],[152.691085,-28.335828],[152.690226,-28.335462],[152.689379,-28.335108],[152.688551,-28.334678],[152.688333,-28.334257],[152.688063,-28.333238],[152.687793,-28.332236],[152.687529,-28.331206],[152.687248,-28.330382],[152.686818,-28.329559],[152.686418,-28.329075],[152.685561,-28.32903],[152.684815,-28.32895],[152.684416,-28.329286],[152.684043,-28.329536],[152.683427,-28.329472],[152.682291,-28.329406],[152.681497,-28.329722],[152.680852,-28.330043],[152.680169,-28.330427],[152.679339,-28.330416],[152.678706,-28.329979],[152.677847,-28.329034],[152.677048,-28.328335],[152.676205,-28.327642],[152.67557,-28.326975],[152.675101,-28.326655],[152.674865,-28.326493],[152.674195,-28.326258],[152.673641,-28.325981],[152.673622,-28.325396],[152.673451,-28.324519],[152.6736,-28.323865],[152.673464,-28.322701],[152.673473,-28.321691],[152.673413,-28.320871],[152.673501,-28.319924],[152.673592,-28.319373],[152.673577,-28.318552],[152.673369,-28.317837],[152.672987,-28.317266],[152.672475,-28.316587],[152.671951,-28.316086],[152.671412,-28.315299],[152.670601,-28.314634],[152.669565,-28.314103],[152.668553,-28.313916],[152.667911,-28.313232],[152.667618,-28.312449],[152.667228,-28.311752],[152.666566,-28.311596],[152.665775,-28.311551],[152.664925,-28.311523],[152.663784,-28.310792],[152.662983,-28.310419],[152.662049,-28.310277],[152.6607,-28.31011],[152.659518,-28.309843],[152.658565,-28.309776],[152.657963,-28.309884],[152.657028,-28.309708],[152.656128,-28.309697],[152.655269,-28.310002],[152.65443,-28.310319],[152.653625,-28.310744],[152.652633,-28.311319],[152.651808,-28.311819],[152.651071,-28.31253],[152.650516,-28.312833],[152.649495,-28.313001],[152.64879,-28.313167],[152.648053,-28.313276],[152.647303,-28.312748],[152.646631,-28.312277],[152.646001,-28.31211],[152.645128,-28.31234],[152.644432,-28.312667],[152.643902,-28.31278],[152.642928,-28.312534],[152.642044,-28.312243],[152.641169,-28.312135],[152.640236,-28.312119],[152.639201,-28.311627],[152.638288,-28.310997],[152.637588,-28.310222],[152.636964,-28.309343],[152.636099,-28.308294],[152.63544,-28.307129],[152.634355,-28.306184],[152.633235,-28.30555],[152.632064,-28.304916],[152.630915,-28.304701],[152.629686,-28.304101],[152.628625,-28.303455],[152.627857,-28.303031],[152.627409,-28.302248],[152.626926,-28.301184],[152.626502,-28.300246],[152.626075,-28.29944],[152.625996,-28.299375],[152.625506,-28.298979],[152.625012,-28.298588],[152.624513,-28.298204],[152.624436,-28.298057],[152.624366,-28.297907],[152.624303,-28.297753],[152.624249,-28.297597],[152.624202,-28.297438],[152.624163,-28.297276],[152.624133,-28.297113],[152.62411,-28.296949],[152.624096,-28.296783],[152.62409,-28.296618],[152.624093,-28.296452],[152.624104,-28.296286],[152.624123,-28.296121],[152.62415,-28.295958],[152.624186,-28.295796],[152.624063,-28.295668],[152.623935,-28.295546],[152.6238,-28.29543],[152.623661,-28.295321],[152.623516,-28.295219],[152.623366,-28.295125],[152.623211,-28.295037],[152.623053,-28.294958],[152.622996,-28.294852],[152.622946,-28.294743],[152.622902,-28.29463],[152.622867,-28.294515],[152.622839,-28.294398],[152.622818,-28.29428],[152.622805,-28.29416],[152.6228,-28.29404],[152.622803,-28.293919],[152.622814,-28.2938],[152.622832,-28.293681],[152.622858,-28.293563],[152.622891,-28.293448],[152.622933,-28.293335],[152.622981,-28.293224],[152.623036,-28.293117],[152.623185,-28.29256],[152.623326,-28.292],[152.623459,-28.291438],[152.623584,-28.290874],[152.6237,-28.290308],[152.623661,-28.289978],[152.623614,-28.289648],[152.623558,-28.28932],[152.623494,-28.288994],[152.623421,-28.288669],[152.623339,-28.288346],[152.62325,-28.288026],[152.623153,-28.287708],[152.623046,-28.287392],[152.622931,-28.28708],[152.62281,-28.28677],[152.622661,-28.286508],[152.622503,-28.28625],[152.622338,-28.285996],[152.622166,-28.285748],[152.621986,-28.285504],[152.621801,-28.285267],[152.621606,-28.285035],[152.621406,-28.284808],[152.621374,-28.284716],[152.621334,-28.284627],[152.621286,-28.284542],[152.621233,-28.284461],[152.62117,-28.284385],[152.621103,-28.284314],[152.62103,-28.284249],[152.620953,-28.284191],[152.620871,-28.284139],[152.620784,-28.284094],[152.620694,-28.284058],[152.620601,-28.284028],[152.620505,-28.284007],[152.620409,-28.283993],[152.620311,-28.283988],[152.620214,-28.283991],[152.620117,-28.284003],[152.620021,-28.284022],[152.619828,-28.284002],[152.619635,-28.283974],[152.619444,-28.283939],[152.619254,-28.283896],[152.619066,-28.283846],[152.61888,-28.283788],[152.618697,-28.283723],[152.618516,-28.28365],[152.618338,-28.28357],[152.618164,-28.283484],[152.617994,-28.28339],[152.617827,-28.28329],[152.617664,-28.283183],[152.617579,-28.283023],[152.617501,-28.282861],[152.61743,-28.282694],[152.617367,-28.282525],[152.617311,-28.282353],[152.617264,-28.282178],[152.617224,-28.282002],[152.617192,-28.281824],[152.617169,-28.281645],[152.617153,-28.281465],[152.617146,-28.281284],[152.617146,-28.281104],[152.617155,-28.280923],[152.617156,-28.280701],[152.617164,-28.28048],[152.617181,-28.280258],[152.617206,-28.280038],[152.617239,-28.279818],[152.617279,-28.2796],[152.617328,-28.279383],[152.617384,-28.279168],[152.617448,-28.278956],[152.617519,-28.278746],[152.617599,-28.278538],[152.617636,-28.278426],[152.617666,-28.278312],[152.617688,-28.278196],[152.617702,-28.278078],[152.617709,-28.27796],[152.617709,-28.277842],[152.617701,-28.277724],[152.617685,-28.277607],[152.617661,-28.277491],[152.61763,-28.277377],[152.617591,-28.277265],[152.617546,-28.277156],[152.617494,-28.27705],[152.617434,-28.276948],[152.617367,-28.276849],[152.617295,-28.276755],[152.617218,-28.276666],[152.617134,-28.276583],[152.617022,-28.276484],[152.616914,-28.276379],[152.616814,-28.276268],[152.616718,-28.276153],[152.616631,-28.276031],[152.616549,-28.275906],[152.616474,-28.275776],[152.616406,-28.275643],[152.616346,-28.275505],[152.616293,-28.275365],[152.616247,-28.275222],[152.61621,-28.275077],[152.616181,-28.27493],[152.616158,-28.274782],[152.616146,-28.274633],[152.616107,-28.274251],[152.616078,-28.273868],[152.616054,-28.273485],[152.616039,-28.273101],[152.616031,-28.272717],[152.616031,-28.272333],[152.615913,-28.272116],[152.615786,-28.271902],[152.615653,-28.271692],[152.615514,-28.271487],[152.615367,-28.271286],[152.615214,-28.27109],[152.615055,-28.270899],[152.614978,-28.270739],[152.614907,-28.270576],[152.614845,-28.27041],[152.614787,-28.270241],[152.614738,-28.27007],[152.614697,-28.269898],[152.614662,-28.269723],[152.614661,-28.269688],[152.614653,-28.269654],[152.614635,-28.269623],[152.614613,-28.269596],[152.614583,-28.269575],[152.614551,-28.269561],[152.614517,-28.269555],[152.614482,-28.269557],[152.614447,-28.269567],[152.614417,-28.269584],[152.61439,-28.269608],[152.61437,-28.269636],[152.614358,-28.269669],[152.614353,-28.269704],[152.614354,-28.269739],[152.614366,-28.269773],[152.614383,-28.269803],[152.614307,-28.270005],[152.614225,-28.270203],[152.614134,-28.270399],[152.614038,-28.270591],[152.613935,-28.270779],[152.613825,-28.270964],[152.613708,-28.271145],[152.613585,-28.271322],[152.61341,-28.271453],[152.613239,-28.271589],[152.613074,-28.271731],[152.612912,-28.271878],[152.612756,-28.272031],[152.612605,-28.272189],[152.612459,-28.272351],[152.612319,-28.272519],[152.612184,-28.272691],[152.612076,-28.272887],[152.611962,-28.273079],[152.611841,-28.273267],[152.611714,-28.273451],[152.611582,-28.273631],[152.611444,-28.273807],[152.611301,-28.273978],[152.611151,-28.274145],[152.610997,-28.274307],[152.610791,-28.274474],[152.610579,-28.274635],[152.610363,-28.274789],[152.610141,-28.274936],[152.609915,-28.275075],[152.609684,-28.275207],[152.609449,-28.275331],[152.60921,-28.275448],[152.608968,-28.275557],[152.608722,-28.275658],[152.6084,-28.275942],[152.608073,-28.276221],[152.607741,-28.276494],[152.607405,-28.276762],[152.607065,-28.277024],[152.60672,-28.277281],[152.606371,-28.277531],[152.606018,-28.277776],[152.605791,-28.277941],[152.605568,-28.278113],[152.60535,-28.27829],[152.605137,-28.278474],[152.60493,-28.278664],[152.604728,-28.278859],[152.604532,-28.27906],[152.604341,-28.279267],[152.604157,-28.279479],[152.603978,-28.279696],[152.603806,-28.279918],[152.603726,-28.2801],[152.603637,-28.280278],[152.603542,-28.280451],[152.60344,-28.280621],[152.603331,-28.280787],[152.603215,-28.280948],[152.603093,-28.281104],[152.602964,-28.281255],[152.60283,-28.281401],[152.602689,-28.281541],[152.602543,-28.281675],[152.602113,-28.282039],[152.60184,-28.282281],[152.601571,-28.282527],[152.601308,-28.282779],[152.601049,-28.283036],[152.600795,-28.283298],[152.600546,-28.283565],[152.600303,-28.283836],[152.600225,-28.284023],[152.600156,-28.284212],[152.600094,-28.284404],[152.600041,-28.284598],[152.599997,-28.284795],[152.599961,-28.284993],[152.599934,-28.285193],[152.599916,-28.285394],[152.599906,-28.285595],[152.599905,-28.285797],[152.599752,-28.286074],[152.599607,-28.286354],[152.599469,-28.286638],[152.599339,-28.286926],[152.599217,-28.287217],[152.599102,-28.287511],[152.598995,-28.287809],[152.598941,-28.287998],[152.598879,-28.288185],[152.598811,-28.28837],[152.598735,-28.288552],[152.598653,-28.288731],[152.598563,-28.288907],[152.598467,-28.289079],[152.598364,-28.289247],[152.598287,-28.28971],[152.598202,-28.29017],[152.598108,-28.290629],[152.598005,-28.291087],[152.597992,-28.291327],[152.597986,-28.291568],[152.597988,-28.291808],[152.597996,-28.292048],[152.598013,-28.292288],[152.598037,-28.292527],[152.598069,-28.292765],[152.598108,-28.293003],[152.598155,-28.293238],[152.598209,-28.293473],[152.598201,-28.293781],[152.598202,-28.29409],[152.598211,-28.294398],[152.598229,-28.294706],[152.598255,-28.295014],[152.598289,-28.295321],[152.598332,-28.295626],[152.598382,-28.295931],[152.598442,-28.296234],[152.598509,-28.296535],[152.598593,-28.296835],[152.598669,-28.297138],[152.598737,-28.297442],[152.598799,-28.297748],[152.598853,-28.298055],[152.5989,-28.298364],[152.59894,-28.298673],[152.598972,-28.298984],[152.599129,-28.299443],[152.59928,-28.299905],[152.599424,-28.300368],[152.599562,-28.300834],[152.599693,-28.301301],[152.599816,-28.301771],[152.600014,-28.302321],[152.600217,-28.302868],[152.600428,-28.303412],[152.600646,-28.303954],[152.60087,-28.304493],[152.601101,-28.305029],[152.60119,-28.305168],[152.601272,-28.305311],[152.601348,-28.305458],[152.601417,-28.305607],[152.601479,-28.30576],[152.601534,-28.305916],[152.601582,-28.306073],[152.601623,-28.306233],[152.601656,-28.306395],[152.601682,-28.306558],[152.601701,-28.306722],[152.601712,-28.306886],[152.601716,-28.307051],[152.601712,-28.307216],[152.6017,-28.307381],[152.601639,-28.307539],[152.60157,-28.307695],[152.601494,-28.307848],[152.601411,-28.307996],[152.60132,-28.30814],[152.601222,-28.308279],[152.601118,-28.308414],[152.601007,-28.308543],[152.60089,-28.308667],[152.600768,-28.308785],[152.600639,-28.308896],[152.600506,-28.309002],[152.600282,-28.309174],[152.600064,-28.309352],[152.599853,-28.309538],[152.599646,-28.30973],[152.599446,-28.309928],[152.599252,-28.310132],[152.599065,-28.310342],[152.598947,-28.310568],[152.598822,-28.31079],[152.598691,-28.311008],[152.598553,-28.311222],[152.598408,-28.311431],[152.598257,-28.311636],[152.598099,-28.311836],[152.597936,-28.312031],[152.597766,-28.312221],[152.597655,-28.312363],[152.597551,-28.31251],[152.597453,-28.312662],[152.597362,-28.312818],[152.597279,-28.312977],[152.597202,-28.31314],[152.597134,-28.313307],[152.597072,-28.313476],[152.597019,-28.313648],[152.597061,-28.313771],[152.59711,-28.313891],[152.597166,-28.314008],[152.59723,-28.314121],[152.5973,-28.31423],[152.597377,-28.314335],[152.59746,-28.314434],[152.597548,-28.314529],[152.597642,-28.314618],[152.597742,-28.314701],[152.597846,-28.314779],[152.597844,-28.314788],[152.59802,-28.315002],[152.598201,-28.315212],[152.598386,-28.315419],[152.598575,-28.315622],[152.598768,-28.31582],[152.599077,-28.316126],[152.599395,-28.316424],[152.599723,-28.316711],[152.600062,-28.316983],[152.600412,-28.317237],[152.601067,-28.317635],[152.6018,-28.318013],[152.602099,-28.318154],[152.602433,-28.318308],[152.602771,-28.318454],[152.603111,-28.318594],[152.603453,-28.31873],[152.60379,-28.318863],[152.60433,-28.31907],[152.604866,-28.319269],[152.605406,-28.31946],[152.605948,-28.319642],[152.606494,-28.319814],[152.60713,-28.320014],[152.607449,-28.320109],[152.607771,-28.320192],[152.608095,-28.320256],[152.608334,-28.320288],[152.608817,-28.320328],[152.609059,-28.320339],[152.609301,-28.320348],[152.609635,-28.320353],[152.609969,-28.320347],[152.610303,-28.320335],[152.610637,-28.320322],[152.610971,-28.320313],[152.611337,-28.320325],[152.611708,-28.320356],[152.612076,-28.320378],[152.612433,-28.320368],[152.612772,-28.320299],[152.613016,-28.320189],[152.613248,-28.32004],[152.613474,-28.319874],[152.613703,-28.319714],[152.613944,-28.319583],[152.614231,-28.319464],[152.614528,-28.319357],[152.614832,-28.319271],[152.615137,-28.319212],[152.61544,-28.31919],[152.615787,-28.319211],[152.616143,-28.319275],[152.616495,-28.319379],[152.616829,-28.319517],[152.617132,-28.319688],[152.617481,-28.320005],[152.617767,-28.320421],[152.617983,-28.320837],[152.618099,-28.320931],[152.618647,-28.321631],[152.61881,-28.321908],[152.619002,-28.322396],[152.619152,-28.322682],[152.619327,-28.323016],[152.619668,-28.323504],[152.619761,-28.323599],[152.619963,-28.323979],[152.620378,-28.324441],[152.620467,-28.324678],[152.62051,-28.32506],[152.620479,-28.325095],[152.620568,-28.325534],[152.620627,-28.32564],[152.620656,-28.325838],[152.620789,-28.326141],[152.620818,-28.326286],[152.620996,-28.326629],[152.621159,-28.32684],[152.621545,-28.327183],[152.621976,-28.327395],[152.622035,-28.327448],[152.622585,-28.327673],[152.622868,-28.327726],[152.623032,-28.327674],[152.623181,-28.32753],[152.623241,-28.327306],[152.623331,-28.327188],[152.623599,-28.327004],[152.623853,-28.326965],[152.624135,-28.327084],[152.624299,-28.327085],[152.624538,-28.326966],[152.624836,-28.326875],[152.625253,-28.326836],[152.62561,-28.326758],[152.626075,-28.326709],[152.626378,-28.326685],[152.626611,-28.326722],[152.626979,-28.326832],[152.627306,-28.326881],[152.627524,-28.326955],[152.62766,-28.327107],[152.627715,-28.327197],[152.627837,-28.327366],[152.627986,-28.327584],[152.627986,-28.327717],[152.627904,-28.32779],[152.627781,-28.327849],[152.62763,-28.327873],[152.627494,-28.327945],[152.627411,-28.328042],[152.627234,-28.328398],[152.627227,-28.328542],[152.627243,-28.328843],[152.627356,-28.329147],[152.627413,-28.329209],[152.627611,-28.329365],[152.627808,-28.329453],[152.628113,-28.32947],[152.628281,-28.329417],[152.62845,-28.329391],[152.628608,-28.329447],[152.628664,-28.329558],[152.628688,-28.329717],[152.628606,-28.330174],[152.628522,-28.330496],[152.628495,-28.330656],[152.628535,-28.330752],[152.628602,-28.330994],[152.628615,-28.331308],[152.628682,-28.331635],[152.628777,-28.331804],[152.628873,-28.331877],[152.629404,-28.332084],[152.629691,-28.332266],[152.629745,-28.332363],[152.629866,-28.332858],[152.629934,-28.332955],[152.63007,-28.333064],[152.630343,-28.333077],[152.630466,-28.333162],[152.630506,-28.333283],[152.630397,-28.333392],[152.630373,-28.333483],[152.63026,-28.33356],[152.630054,-28.333608],[152.629863,-28.333704],[152.629534,-28.333981],[152.629418,-28.33402],[152.629151,-28.334209],[152.629123,-28.334439],[152.629381,-28.334899],[152.629571,-28.335117],[152.629585,-28.335202],[152.62968,-28.335383],[152.629706,-28.335649],[152.629747,-28.33571],[152.6298,-28.33606],[152.629846,-28.336129],[152.629904,-28.336418],[152.630235,-28.336702],[152.630398,-28.336787],[152.630685,-28.336849],[152.630889,-28.336958],[152.630985,-28.337049],[152.631039,-28.337188],[152.631038,-28.337297],[152.630969,-28.33749],[152.63086,-28.337622],[152.630777,-28.337803],[152.63079,-28.33819],[152.630817,-28.338215],[152.630817,-28.338299],[152.630926,-28.338396],[152.631171,-28.338373],[152.631308,-28.338409],[152.631389,-28.338518],[152.631389,-28.338748],[152.631445,-28.338821],[152.631374,-28.338893],[152.631291,-28.339146],[152.631099,-28.339436],[152.630975,-28.339749],[152.630893,-28.339858],[152.63077,-28.339954],[152.630661,-28.339978],[152.630592,-28.339954],[152.630524,-28.339881],[152.630484,-28.339639],[152.630485,-28.339398],[152.630376,-28.339301],[152.630171,-28.3393],[152.629706,-28.339673],[152.629555,-28.339709],[152.629432,-28.339781],[152.629417,-28.340035],[152.629308,-28.340131],[152.629171,-28.340119],[152.628872,-28.339912],[152.628803,-28.339912],[152.628708,-28.339972],[152.628709,-28.34019],[152.628761,-28.340335],[152.628856,-28.340432],[152.629033,-28.340517],[152.629251,-28.340735],[152.629319,-28.340916],[152.629482,-28.34105],[152.629564,-28.341062],[152.629674,-28.34099],[152.629715,-28.34093],[152.629743,-28.340749],[152.629811,-28.340592],[152.629976,-28.340447],[152.630085,-28.340399],[152.630194,-28.340412],[152.630357,-28.340642],[152.630398,-28.340763],[152.630384,-28.340811],[152.630439,-28.340859],[152.630398,-28.340908],[152.630397,-28.341004],[152.629876,-28.341643],[152.629588,-28.342101],[152.629519,-28.342283],[152.629136,-28.342499],[152.628849,-28.342534],[152.628739,-28.342606],[152.628712,-28.342655],[152.628711,-28.342921],[152.628793,-28.343066],[152.628929,-28.343151],[152.629038,-28.343163],[152.629188,-28.343116],[152.629243,-28.34314],[152.629283,-28.3432],[152.629255,-28.343418],[152.6292,-28.343538],[152.629118,-28.343623],[152.629022,-28.343659],[152.628845,-28.343646],[152.628586,-28.343573],[152.628381,-28.343572],[152.628299,-28.343608],[152.627888,-28.344018],[152.62771,-28.344126],[152.627609,-28.344274],[152.627503,-28.344633],[152.627352,-28.344898],[152.627283,-28.345079],[152.627296,-28.345188],[152.627463,-28.345285],[152.627473,-28.345382],[152.627213,-28.345647],[152.627117,-28.345792],[152.627034,-28.345973],[152.627034,-28.346045],[152.627129,-28.346142],[152.627306,-28.346191],[152.627497,-28.346167],[152.627593,-28.34612],[152.62773,-28.34612],[152.627934,-28.346217],[152.627975,-28.346326],[152.627961,-28.346374],[152.627714,-28.346712],[152.627697,-28.346787],[152.627641,-28.347139],[152.627889,-28.347377],[152.628094,-28.347462],[152.628189,-28.347547],[152.62823,-28.347656],[152.628229,-28.34791],[152.628091,-28.348223],[152.628091,-28.348332],[152.628145,-28.348393],[152.628254,-28.348417],[152.628473,-28.348285],[152.628624,-28.348273],[152.628719,-28.348358],[152.628732,-28.348564],[152.628553,-28.34889],[152.628512,-28.349107],[152.628457,-28.349155],[152.628334,-28.349203],[152.627746,-28.349189],[152.627392,-28.349103],[152.627214,-28.349018],[152.62701,-28.348848],[152.626915,-28.348655],[152.626917,-28.348111],[152.626836,-28.347978],[152.626768,-28.347917],[152.626672,-28.347881],[152.626211,-28.347854],[152.626075,-28.347908],[152.625877,-28.348006],[152.625638,-28.34815],[152.625325,-28.348255],[152.624996,-28.348544],[152.624847,-28.348596],[152.624534,-28.348609],[152.624267,-28.34849],[152.623895,-28.348436],[152.623453,-28.348285],[152.62327,-28.348211],[152.622869,-28.347986],[152.622646,-28.347827],[152.622394,-28.347471],[152.622262,-28.347049],[152.622069,-28.346877],[152.621965,-28.346824],[152.621667,-28.346824],[152.621324,-28.346955],[152.621116,-28.346928],[152.620937,-28.34694],[152.620579,-28.34715],[152.620041,-28.347689],[152.619668,-28.347886],[152.619579,-28.347886],[152.61937,-28.34782],[152.618951,-28.347831],[152.61867,-28.348015],[152.61864,-28.348015],[152.618427,-28.34819],[152.618087,-28.348593],[152.617593,-28.349369],[152.617607,-28.349554],[152.61771,-28.349818],[152.617903,-28.350095],[152.618096,-28.350266],[152.618215,-28.350306],[152.618363,-28.350438],[152.618377,-28.350623],[152.618288,-28.350767],[152.618138,-28.350859],[152.617692,-28.350898],[152.617453,-28.350963],[152.617274,-28.351121],[152.617094,-28.351331],[152.617034,-28.351621],[152.616899,-28.351739],[152.61675,-28.351818],[152.616601,-28.35183],[152.616555,-28.351868],[152.616437,-28.351817],[152.616229,-28.351803],[152.616154,-28.351843],[152.616065,-28.351948],[152.616064,-28.352093],[152.616019,-28.35225],[152.615884,-28.352356],[152.615736,-28.352408],[152.615482,-28.352394],[152.615319,-28.352341],[152.614991,-28.352446],[152.614556,-28.352483],[152.614393,-28.352684],[152.614394,-28.352773],[152.614438,-28.352919],[152.61466,-28.353157],[152.614988,-28.353183],[152.615122,-28.353263],[152.615448,-28.353527],[152.615641,-28.353738],[152.615804,-28.354002],[152.616056,-28.354213],[152.616294,-28.35428],[152.616398,-28.354359],[152.616398,-28.354517],[152.616173,-28.354819],[152.615874,-28.355069],[152.615457,-28.355344],[152.615426,-28.355437],[152.615619,-28.355674],[152.615648,-28.355885],[152.615513,-28.356038],[152.615439,-28.356109],[152.61517,-28.356213],[152.614828,-28.356226],[152.614486,-28.356172],[152.614009,-28.356224],[152.613369,-28.356091],[152.613116,-28.35613],[152.612937,-28.356208],[152.612832,-28.3563],[152.612787,-28.356392],[152.612784,-28.35713],[152.612829,-28.357301],[152.612842,-28.357841],[152.612885,-28.358078],[152.612974,-28.35825],[152.612974,-28.358302],[152.61327,-28.358672],[152.6133,-28.358672],[152.61382,-28.359095],[152.614087,-28.359359],[152.614369,-28.359557],[152.614473,-28.359715],[152.614516,-28.360006],[152.614575,-28.36015],[152.614768,-28.360493],[152.615006,-28.360785],[152.614899,-28.361271],[152.614824,-28.361376],[152.614824,-28.361416],[152.614539,-28.361784],[152.614494,-28.361902],[152.614493,-28.3621],[152.614553,-28.362218],[152.614582,-28.362363],[152.614656,-28.362495],[152.614656,-28.362574],[152.614774,-28.362865],[152.615115,-28.363155],[152.615159,-28.3633],[152.615172,-28.363998],[152.615111,-28.364209],[152.614981,-28.364456],[152.614872,-28.364564],[152.614781,-28.364788],[152.614796,-28.364959],[152.614855,-28.365091],[152.614884,-28.365288],[152.614853,-28.365552],[152.614579,-28.365754],[152.614381,-28.366034],[152.614158,-28.366418],[152.613839,-28.366663],[152.613378,-28.366679],[152.612962,-28.366815],[152.612748,-28.366916],[152.612316,-28.367113],[152.611897,-28.367428],[152.611763,-28.367626],[152.611657,-28.367994],[152.611686,-28.368165],[152.611843,-28.368453],[152.611982,-28.36864],[152.611967,-28.368772],[152.611818,-28.368877],[152.611206,-28.369073],[152.611087,-28.369139],[152.610997,-28.369244],[152.610967,-28.369336],[152.611056,-28.369534],[152.611367,-28.369824],[152.611426,-28.369956],[152.611396,-28.370206],[152.611276,-28.370325],[152.611081,-28.370614],[152.611022,-28.370792],[152.611183,-28.371207],[152.611213,-28.371365],[152.611316,-28.371563],[152.611345,-28.371774],[152.611383,-28.371853],[152.611285,-28.371998],[152.61118,-28.37205],[152.610913,-28.371891],[152.610809,-28.371891],[152.610704,-28.371983],[152.610704,-28.372088],[152.610822,-28.37222],[152.610926,-28.372287],[152.611268,-28.372406],[152.611373,-28.372472],[152.611596,-28.372525],[152.611759,-28.372605],[152.611893,-28.372724],[152.611907,-28.372934],[152.611862,-28.373079],[152.611787,-28.373198],[152.611813,-28.373306],[152.611712,-28.373368],[152.611649,-28.373417],[152.61149,-28.373612],[152.611578,-28.373878],[152.611755,-28.374035],[152.611979,-28.374178],[152.61211,-28.374341],[152.612091,-28.374449],[152.612026,-28.374548],[152.611897,-28.374662],[152.61072,-28.375057],[152.610559,-28.375142],[152.610349,-28.375312],[152.610057,-28.375838],[152.609831,-28.376066],[152.609702,-28.37625],[152.609685,-28.376421],[152.609764,-28.376649],[152.609764,-28.37682],[152.609667,-28.376991],[152.609506,-28.377033],[152.608991,-28.37696],[152.607928,-28.376901],[152.607896,-28.376872],[152.607719,-28.376843],[152.607286,-28.376642],[152.607076,-28.376656],[152.606962,-28.376784],[152.606962,-28.376898],[152.607026,-28.377012],[152.607202,-28.377126],[152.607476,-28.377213],[152.607686,-28.377327],[152.607861,-28.377498],[152.607878,-28.377641],[152.607844,-28.377726],[152.60748,-28.378216],[152.607391,-28.378295],[152.607134,-28.37838],[152.606974,-28.378393],[152.606651,-28.378364],[152.606362,-28.378406],[152.605829,-28.378689],[152.605362,-28.37873],[152.604773,-28.378718],[152.604582,-28.378541],[152.604461,-28.378486],[152.604284,-28.378485],[152.603784,-28.378654],[152.603559,-28.37864],[152.603462,-28.378582],[152.603221,-28.378511],[152.602948,-28.378325],[152.602498,-28.378081],[152.602225,-28.377981],[152.601983,-28.377951],[152.6015,-28.378064],[152.601389,-28.378035],[152.60121,-28.378163],[152.601145,-28.378277],[152.60116,-28.378462],[152.601305,-28.378633],[152.601546,-28.378762],[152.601675,-28.378777],[152.601707,-28.378805],[152.601883,-28.378806],[152.602077,-28.378764],[152.602109,-28.378735],[152.602335,-28.378721],[152.60248,-28.378793],[152.602592,-28.378908],[152.602719,-28.379193],[152.602735,-28.379449],[152.602782,-28.379606],[152.602571,-28.379796],[152.602351,-28.379817],[152.60215,-28.379894],[152.601701,-28.379834],[152.601265,-28.379795],[152.601036,-28.379789],[152.600688,-28.379813],[152.600656,-28.379842],[152.600575,-28.379841],[152.600527,-28.379927],[152.60051,-28.380126],[152.600429,-28.380325],[152.600428,-28.380482],[152.600395,-28.380596],[152.600411,-28.380753],[152.600523,-28.380952],[152.600683,-28.381066],[152.600844,-28.381096],[152.60136,-28.381097],[152.601633,-28.381155],[152.601923,-28.381298],[152.602179,-28.381569],[152.602386,-28.382325],[152.602562,-28.382582],[152.602658,-28.382853],[152.602655,-28.38355],[152.602606,-28.38375],[152.602572,-28.384177],[152.60262,-28.384362],[152.602684,-28.384462],[152.602829,-28.384591],[152.603021,-28.384676],[152.603118,-28.384677],[152.603166,-28.384705],[152.603504,-28.384706],[152.603778,-28.384636],[152.604052,-28.384637],[152.604213,-28.38468],[152.60455,-28.384866],[152.604969,-28.385038],[152.605129,-28.385224],[152.605144,-28.38558],[152.605111,-28.385808],[152.605174,-28.385993],[152.605672,-28.386493],[152.605816,-28.386735],[152.605911,-28.387049],[152.605926,-28.387462],[152.606021,-28.387804],[152.606063,-28.387864],[152.606121,-28.388178],[152.606116,-28.388388],[152.606083,-28.388488],[152.605889,-28.388658],[152.605663,-28.388743],[152.604971,-28.388826],[152.604793,-28.388954],[152.604744,-28.389039],[152.604792,-28.389239],[152.605161,-28.389781],[152.605159,-28.390123],[152.604868,-28.390535],[152.604851,-28.390663],[152.604899,-28.39072],[152.605157,-28.390878],[152.60559,-28.391078],[152.605655,-28.39115],[152.605638,-28.391292],[152.605153,-28.391846],[152.60504,-28.391945],[152.604878,-28.392016],[152.604508,-28.392044],[152.603977,-28.391928],[152.60372,-28.391927],[152.603542,-28.392026],[152.603477,-28.392098],[152.603492,-28.39251],[152.603411,-28.392638],[152.60333,-28.392681],[152.603008,-28.392723],[152.602944,-28.392764],[152.602887,-28.392725],[152.602347,-28.392849],[152.601445,-28.39296],[152.601283,-28.393003],[152.601106,-28.39313],[152.601105,-28.393429],[152.601265,-28.393729],[152.601264,-28.393843],[152.601135,-28.393985],[152.601038,-28.394013],[152.600861,-28.394012],[152.60033,-28.39384],[152.600105,-28.393839],[152.599831,-28.393938],[152.599605,-28.394109],[152.599362,-28.39425],[152.599153,-28.394321],[152.599008,-28.394349],[152.598315,-28.394375],[152.598138,-28.394418],[152.59767,-28.39463],[152.597612,-28.394633],[152.597267,-28.394799],[152.597105,-28.394984],[152.59712,-28.395241],[152.597248,-28.395469],[152.597647,-28.396467],[152.597823,-28.396738],[152.597952,-28.396852],[152.59816,-28.396967],[152.598338,-28.397024],[152.598885,-28.397126],[152.599062,-28.397211],[152.599174,-28.397312],[152.599238,-28.397426],[152.599205,-28.397582],[152.599027,-28.397738],[152.598705,-28.397851],[152.598189,-28.397907],[152.598012,-28.397963],[152.597883,-28.398091],[152.597914,-28.398248],[152.598011,-28.398376],[152.598123,-28.398476],[152.598525,-28.398677],[152.598605,-28.398748],[152.598653,-28.398848],[152.598636,-28.399047],[152.598442,-28.399332],[152.598296,-28.399459],[152.598038,-28.399601],[152.597909,-28.399601],[152.597507,-28.3995],[152.597202,-28.399314],[152.596944,-28.399199],[152.596719,-28.399199],[152.596332,-28.399425],[152.596203,-28.399425],[152.595636,-28.399119],[152.595398,-28.399294],[152.595155,-28.39965],[152.594912,-28.39992],[152.594347,-28.400317],[152.593863,-28.400529],[152.593492,-28.400741],[152.593347,-28.400869],[152.593217,-28.401054],[152.593152,-28.401224],[152.593167,-28.401481],[152.593439,-28.401909],[152.593471,-28.402023],[152.593519,-28.40208],[152.593567,-28.402279],[152.593517,-28.402522],[152.593307,-28.40282],[152.593306,-28.40309],[152.59337,-28.403176],[152.593385,-28.40329],[152.593498,-28.403433],[152.593675,-28.403491],[152.593787,-28.403576],[152.593915,-28.403847],[152.593866,-28.404061],[152.593478,-28.404373],[152.593462,-28.404558],[152.593509,-28.404871],[152.59362,-28.405185],[152.593876,-28.405713],[152.593987,-28.406083],[152.594201,-28.406463],[152.59421,-28.406739],[152.594048,-28.407109],[152.593837,-28.407436],[152.593755,-28.407791],[152.593867,-28.407991],[152.594076,-28.408148],[152.594333,-28.408235],[152.594526,-28.408378],[152.594622,-28.408606],[152.594605,-28.408677],[152.594411,-28.408933],[152.594072,-28.409146],[152.593668,-28.409486],[152.593571,-28.409656],[152.593472,-28.410326],[152.593374,-28.410525],[152.593245,-28.410624],[152.593116,-28.410638],[152.59302,-28.410595],[152.592731,-28.410352],[152.592506,-28.410238],[152.592135,-28.410236],[152.591925,-28.410307],[152.59178,-28.410392],[152.591667,-28.410491],[152.59157,-28.410633],[152.59152,-28.410904],[152.591424,-28.410989],[152.590975,-28.411181],[152.590633,-28.411399],[152.590003,-28.411953],[152.589113,-28.413004],[152.588838,-28.41326],[152.587688,-28.414104],[152.587473,-28.414161],[152.58705,-28.4143],[152.586639,-28.414471],[152.586439,-28.414568],[152.586343,-28.414668],[152.586272,-28.414787],[152.586228,-28.414918],[152.586198,-28.41513],[152.58619,-28.415281],[152.586212,-28.41543],[152.586263,-28.415572],[152.586343,-28.4157],[152.586392,-28.415758],[152.586454,-28.415892],[152.586525,-28.416022],[152.586689,-28.416269],[152.5867,-28.416315],[152.586699,-28.416332],[152.586695,-28.41641],[152.586653,-28.416495],[152.586419,-28.416548],[152.58618,-28.416572],[152.58594,-28.416566],[152.585563,-28.416531],[152.585191,-28.416459],[152.585061,-28.416411],[152.584923,-28.416399],[152.584786,-28.416424],[152.584697,-28.41647],[152.584537,-28.41659],[152.584482,-28.416768],[152.584402,-28.416935],[152.584299,-28.41709],[152.584157,-28.417148],[152.584007,-28.417178],[152.583853,-28.417178],[152.583703,-28.417148],[152.583561,-28.41709],[152.583357,-28.416921],[152.583158,-28.416745],[152.582964,-28.416564],[152.582776,-28.416376],[152.582683,-28.416314],[152.582482,-28.416214],[152.582268,-28.416147],[152.582055,-28.416108],[152.581855,-28.416049],[152.581665,-28.415962],[152.58149,-28.415848],[152.581299,-28.415689],[152.581065,-28.415523],[152.580816,-28.415383],[152.580552,-28.41527],[152.58033,-28.415259],[152.580219,-28.41527],[152.580016,-28.415344],[152.579829,-28.415453],[152.579744,-28.41552],[152.579532,-28.415627],[152.579309,-28.415707],[152.579078,-28.415758],[152.578922,-28.415721],[152.578777,-28.415653],[152.578648,-28.415557],[152.578543,-28.415437],[152.578464,-28.415297],[152.578435,-28.415222],[152.578389,-28.415083],[152.578313,-28.414958],[152.57821,-28.414854],[152.578139,-28.414843],[152.577995,-28.414842],[152.577854,-28.41487],[152.577722,-28.414925],[152.577432,-28.415052],[152.577145,-28.415186],[152.576861,-28.415326],[152.57658,-28.415472],[152.576496,-28.415529],[152.57643,-28.415607],[152.576389,-28.415701],[152.576374,-28.415802],[152.576376,-28.415944],[152.576393,-28.416126],[152.576437,-28.416303],[152.576509,-28.416471],[152.576549,-28.416612],[152.576713,-28.41702],[152.576782,-28.417149],[152.577094,-28.417526],[152.577384,-28.417921],[152.57752,-28.418124],[152.577721,-28.418244],[152.578136,-28.418461],[152.578566,-28.418648],[152.578925,-28.418716],[152.579106,-28.41874],[152.579288,-28.418756],[152.57947,-28.418767],[152.579535,-28.418749],[152.579601,-28.418739],[152.579668,-28.418736],[152.5798,-28.418755],[152.579864,-28.418775],[152.579982,-28.418838],[152.580018,-28.418867],[152.580049,-28.418902],[152.580094,-28.418984],[152.580112,-28.419076],[152.580128,-28.419138],[152.580114,-28.4192],[152.580075,-28.41925],[152.580017,-28.419278],[152.579903,-28.419417],[152.579765,-28.419598],[152.579649,-28.419766],[152.579583,-28.419826],[152.57947,-28.419963],[152.579399,-28.420076],[152.579374,-28.42016],[152.579381,-28.420247],[152.579418,-28.420327],[152.57947,-28.420388],[152.57953,-28.420428],[152.579565,-28.420439],[152.579674,-28.420453],[152.579822,-28.42045],[152.579967,-28.420416],[152.580101,-28.420354],[152.580219,-28.420265],[152.580464,-28.420172],[152.580719,-28.42011],[152.580936,-28.420116],[152.581044,-28.42013],[152.581151,-28.420153],[152.581255,-28.420183],[152.581357,-28.42022],[152.581552,-28.420302],[152.581645,-28.420346],[152.581821,-28.420452],[152.581903,-28.420515],[152.582051,-28.420657],[152.582141,-28.420763],[152.582224,-28.420874],[152.582301,-28.42099],[152.582325,-28.42109],[152.582341,-28.421191],[152.582348,-28.421395],[152.58241,-28.4216],[152.582522,-28.421999],[152.58265,-28.422256],[152.582758,-28.4224],[152.582729,-28.422427],[152.582745,-28.422555],[152.582712,-28.422683],[152.582615,-28.422825],[152.582421,-28.422953],[152.582131,-28.423038],[152.581958,-28.423133],[152.581873,-28.423222],[152.581775,-28.423464],[152.581524,-28.423723],[152.581377,-28.42385],[152.581133,-28.424004],[152.580517,-28.424083],[152.580226,-28.424157],[152.579984,-28.424213],[152.579841,-28.424335],[152.579838,-28.424554],[152.579901,-28.42474],[152.580029,-28.424939],[152.580093,-28.425125],[152.580125,-28.425367],[152.580005,-28.427018],[152.580037,-28.427047],[152.579973,-28.427118],[152.579826,-28.427474],[152.579793,-28.427673],[152.579774,-28.428442],[152.579675,-28.42894],[152.579464,-28.42941],[152.57938,-28.429523],[152.579286,-28.429694],[152.579161,-28.430036],[152.579009,-28.430448],[152.578844,-28.431473],[152.578843,-28.431629],[152.578729,-28.432141],[152.57871,-28.432668],[152.578661,-28.432967],[152.578692,-28.433423],[152.578787,-28.433723],[152.578979,-28.43398],[152.579172,-28.434137],[152.579993,-28.434367],[152.580365,-28.43441],[152.580459,-28.434539],[152.580539,-28.434767],[152.580554,-28.434981],[152.580473,-28.435166],[152.580327,-28.435294],[152.580004,-28.435464],[152.579585,-28.435605],[152.57944,-28.435604],[152.579392,-28.435576],[152.579311,-28.435575],[152.579134,-28.43549],[152.578797,-28.435204],[152.578717,-28.435175],[152.578491,-28.435174],[152.578281,-28.435245],[152.57799,-28.435472],[152.577894,-28.435614],[152.577861,-28.435713],[152.577875,-28.436126],[152.577971,-28.436426],[152.578275,-28.436968],[152.57829,-28.437167],[152.57816,-28.437395],[152.577967,-28.437494],[152.577805,-28.437536],[152.577548,-28.437535],[152.577064,-28.437434],[152.577032,-28.437463],[152.57692,-28.437391],[152.576614,-28.437305],[152.576453,-28.437219],[152.575762,-28.436704],[152.575585,-28.436632],[152.575408,-28.43666],[152.575182,-28.436887],[152.575116,-28.437143],[152.574986,-28.437428],[152.575002,-28.437442],[152.574775,-28.437769],[152.574614,-28.437868],[152.574404,-28.437924],[152.574227,-28.437924],[152.574066,-28.437895],[152.574034,-28.437866],[152.57376,-28.437865],[152.573614,-28.437965],[152.573549,-28.438164],[152.57342,-28.438291],[152.57324,-28.438377],[152.57305,-28.438248],[152.572857,-28.438176],[152.572728,-28.438047],[152.572648,-28.437904],[152.572649,-28.437648],[152.572699,-28.43725],[152.572651,-28.437065],[152.572507,-28.436865],[152.572395,-28.436793],[152.572347,-28.436765],[152.572105,-28.436792],[152.571524,-28.436975],[152.570943,-28.437088],[152.570605,-28.437229],[152.570556,-28.437229],[152.569847,-28.437597],[152.568492,-28.438048],[152.568218,-28.438076],[152.567944,-28.438046],[152.567751,-28.437989],[152.567332,-28.437973],[152.567203,-28.438001],[152.566815,-28.438256],[152.56651,-28.438656],[152.566523,-28.438697],[152.566459,-28.438797],[152.566457,-28.439138],[152.566489,-28.439224],[152.56687,-28.439788],[152.566824,-28.440008],[152.566759,-28.440108],[152.566452,-28.440406],[152.56642,-28.440406],[152.566115,-28.440205],[152.565648,-28.439962],[152.565423,-28.439904],[152.565278,-28.439918],[152.565149,-28.440031],[152.565148,-28.440231],[152.565324,-28.44053],[152.565403,-28.44083],[152.565606,-28.441229],[152.565899,-28.441686],[152.566348,-28.442157],[152.566589,-28.442543],[152.566732,-28.442884],[152.566698,-28.44334],[152.56673,-28.443396],[152.566504,-28.443582],[152.56602,-28.443666],[152.565907,-28.443751],[152.565858,-28.44385],[152.56589,-28.444064],[152.56597,-28.444178],[152.566291,-28.444464],[152.566403,-28.444692],[152.56637,-28.44492],[152.566273,-28.445062],[152.565868,-28.445388],[152.565575,-28.445602],[152.565194,-28.445927],[152.56466,-28.446327],[152.564397,-28.446608],[152.564267,-28.44685],[152.564265,-28.447277],[152.564344,-28.447591],[152.564504,-28.447876],[152.565195,-28.448576],[152.565427,-28.448764],[152.565869,-28.449091],[152.566576,-28.449748],[152.566809,-28.450079],[152.566831,-28.450305],[152.566782,-28.450447],[152.566667,-28.450597],[152.565926,-28.451128],[152.565553,-28.451469],[152.565285,-28.451744],[152.564468,-28.453031],[152.564193,-28.453301],[152.563853,-28.453485],[152.563337,-28.453683],[152.563111,-28.453796],[152.562788,-28.454009],[152.562561,-28.454222],[152.561881,-28.455131],[152.561751,-28.455358],[152.561441,-28.456283],[152.561407,-28.456724],[152.561313,-28.457009],[152.561275,-28.457536],[152.561322,-28.457764],[152.561321,-28.458077],[152.561288,-28.458191],[152.561254,-28.458718],[152.561138,-28.45943],[152.56118,-28.460967],[152.561291,-28.461566],[152.561269,-28.461655],[152.561338,-28.46178],[152.561416,-28.462321],[152.561414,-28.462791],[152.561446,-28.462934],[152.561574,-28.463233],[152.561846,-28.463619],[152.562135,-28.463947],[152.562246,-28.464289],[152.562244,-28.464674],[152.562095,-28.465685],[152.561965,-28.465983],[152.561836,-28.466168],[152.561674,-28.466281],[152.5609,-28.466307],[152.560642,-28.466406],[152.5604,-28.466605],[152.560237,-28.466889],[152.560235,-28.467373],[152.560344,-28.468214],[152.56052,-28.468542],[152.561291,-28.469285],[152.561403,-28.469413],[152.561468,-28.469542],[152.561467,-28.469713],[152.561385,-28.469926],[152.56132,-28.470026],[152.56111,-28.470224],[152.560964,-28.470295],[152.560594,-28.470351],[152.560207,-28.470378],[152.559707,-28.470376],[152.559498,-28.470347],[152.558822,-28.47016],[152.557985,-28.46973],[152.557809,-28.469516],[152.557698,-28.46896],[152.557571,-28.468732],[152.556446,-28.467902],[152.556285,-28.467731],[152.55619,-28.467531],[152.556143,-28.467189],[152.556175,-28.46709],[152.556176,-28.466904],[152.556048,-28.466619],[152.555856,-28.466391],[152.555599,-28.466247],[152.55547,-28.466104],[152.555471,-28.465905],[152.555617,-28.465649],[152.555634,-28.465478],[152.555554,-28.465293],[152.555329,-28.465121],[152.555088,-28.465064],[152.554733,-28.465063],[152.554491,-28.465147],[152.554378,-28.465246],[152.554037,-28.465815],[152.553876,-28.465914],[152.553633,-28.466113],[152.553536,-28.466269],[152.553518,-28.466696],[152.553437,-28.466796],[152.55313,-28.466994],[152.55292,-28.466979],[152.552888,-28.466951],[152.552695,-28.466907],[152.552084,-28.466606],[152.551936,-28.466573],[152.551342,-28.466817],[152.551212,-28.466931],[152.551066,-28.46713],[152.550904,-28.467514],[152.550596,-28.467954],[152.550515,-28.468024],[152.550255,-28.468394],[152.549867,-28.468678],[152.549592,-28.468948],[152.549495,-28.469175],[152.549428,-28.469631],[152.549363,-28.469773],[152.549185,-28.469943],[152.548975,-28.470056],[152.548781,-28.470213],[152.548684,-28.470355],[152.548651,-28.470497],[152.548683,-28.470597],[152.548811,-28.470796],[152.548956,-28.470911],[152.549181,-28.47104],[152.549229,-28.47104],[152.549325,-28.471097],[152.549615,-28.471184],[152.549711,-28.471241],[152.549776,-28.471241],[152.549921,-28.471313],[152.550017,-28.471441],[152.549936,-28.471612],[152.549693,-28.471825],[152.549644,-28.47191],[152.549611,-28.472123],[152.549659,-28.472281],[152.549851,-28.47248],[152.550109,-28.472609],[152.550221,-28.472638],[152.550575,-28.472839],[152.550746,-28.472985],[152.551009,-28.47321],[152.551315,-28.473183],[152.551363,-28.473155],[152.551509,-28.473155],[152.551573,-28.473184],[152.551653,-28.473312],[152.551668,-28.473569],[152.551779,-28.473896],[152.551859,-28.473982],[152.552036,-28.474054],[152.55244,-28.474027],[152.552633,-28.47407],[152.552697,-28.474113],[152.552761,-28.474184],[152.552793,-28.474313],[152.552695,-28.474555],[152.552694,-28.474911],[152.552838,-28.475068],[152.553224,-28.475212],[152.553433,-28.475383],[152.553449,-28.475497],[152.553368,-28.475625],[152.553174,-28.475795],[152.55306,-28.475994],[152.553028,-28.476108],[152.55301,-28.476464],[152.552913,-28.476578],[152.552525,-28.476776],[152.55246,-28.476861],[152.552459,-28.476975],[152.55254,-28.477075],[152.552717,-28.477161],[152.553023,-28.477219],[152.553183,-28.477348],[152.553215,-28.477405],[152.553215,-28.477504],[152.553164,-28.477682],[152.552907,-28.47786],[152.552616,-28.477972],[152.552181,-28.478028],[152.551375,-28.477983],[152.551118,-28.478053],[152.550956,-28.478166],[152.550858,-28.478322],[152.550842,-28.478451],[152.550938,-28.478636],[152.551066,-28.478779],[152.551275,-28.478965],[152.551275,-28.47905],[152.551242,-28.479093],[152.55108,-28.479206],[152.550951,-28.479249],[152.550161,-28.479388],[152.550032,-28.479416],[152.549988,-28.479454],[152.549951,-28.479416],[152.549855,-28.479416],[152.549694,-28.47933],[152.54955,-28.479116],[152.549454,-28.478887],[152.549325,-28.478788],[152.54918,-28.478787],[152.549003,-28.478886],[152.548889,-28.478985],[152.548711,-28.479042],[152.548405,-28.479026],[152.548067,-28.47894],[152.547229,-28.47898],[152.547117,-28.478908],[152.547118,-28.47868],[152.547475,-28.477927],[152.547444,-28.47777],[152.547235,-28.477627],[152.546977,-28.477612],[152.546332,-28.47771],[152.5463,-28.477738],[152.546058,-28.477794],[152.545218,-28.478204],[152.545024,-28.47826],[152.544895,-28.478331],[152.544556,-28.47843],[152.54383,-28.478513],[152.543588,-28.478597],[152.543136,-28.478824],[152.542861,-28.478908],[152.542507,-28.478907],[152.5422,-28.478823],[152.542056,-28.478877],[152.541846,-28.478876],[152.541653,-28.478933],[152.541443,-28.479032],[152.541297,-28.479159],[152.541119,-28.479415],[152.541053,-28.479629],[152.541068,-28.479956],[152.54118,-28.48017],[152.541324,-28.480299],[152.541453,-28.48037],[152.541678,-28.4804],[152.542243,-28.480259],[152.542502,-28.480075],[152.542809,-28.479962],[152.543051,-28.479835],[152.543552,-28.479437],[152.543827,-28.479282],[152.544069,-28.479254],[152.544213,-28.479312],[152.544278,-28.479383],[152.544293,-28.479668],[152.544211,-28.479924],[152.544098,-28.480066],[152.543726,-28.480264],[152.54358,-28.480406],[152.543547,-28.480662],[152.543627,-28.480834],[152.543803,-28.48109],[152.543866,-28.481318],[152.543866,-28.481575],[152.543784,-28.48176],[152.543477,-28.482072],[152.543267,-28.482185],[152.542976,-28.482256],[152.542735,-28.482254],[152.542412,-28.482168],[152.542107,-28.482024],[152.541271,-28.481495],[152.540404,-28.480723],[152.539988,-28.480464],[152.539712,-28.480479],[152.539502,-28.480578],[152.539001,-28.480918],[152.538823,-28.481073],[152.538774,-28.481159],[152.538774,-28.481245],[152.53887,-28.481444],[152.539095,-28.481616],[152.539368,-28.481702],[152.539641,-28.48186],[152.540141,-28.481975],[152.540463,-28.48209],[152.540671,-28.482305],[152.540703,-28.48239],[152.540686,-28.482618],[152.540588,-28.482774],[152.540151,-28.4832],[152.539779,-28.483711],[152.539341,-28.484209],[152.538564,-28.484918],[152.537739,-28.485784],[152.536883,-28.486151],[152.53635,-28.486292],[152.535898,-28.486461],[152.535851,-28.486461],[152.535656,-28.48656],[152.535398,-28.48682],[152.535201,-28.487413],[152.535102,-28.487911],[152.534874,-28.488409],[152.534485,-28.489006],[152.534015,-28.489588],[152.533899,-28.489683],[152.533142,-28.490326],[152.532333,-28.491134],[152.531087,-28.492141],[152.530812,-28.492397],[152.530159,-28.493115],[152.530147,-28.493192],[152.530006,-28.493361],[152.52965,-28.49389],[152.529574,-28.494084],[152.529479,-28.494341],[152.529302,-28.494843],[152.529245,-28.494977],[152.529127,-28.495131],[152.529008,-28.49529],[152.528854,-28.495422],[152.528721,-28.495522],[152.528526,-28.495608],[152.528362,-28.495646],[152.527787,-28.495671],[152.52761,-28.495739],[152.527489,-28.495891],[152.527455,-28.496049],[152.52734,-28.496181],[152.527137,-28.496472],[152.527002,-28.496805],[152.526963,-28.49721],[152.527144,-28.497411],[152.527411,-28.497518],[152.527906,-28.497619],[152.528369,-28.497771],[152.528811,-28.497967],[152.529452,-28.498202],[152.530157,-28.498417],[152.531212,-28.498653],[152.532034,-28.498843],[152.53278,-28.499003],[152.533514,-28.499168],[152.534465,-28.499336],[152.53487,-28.499415],[152.535744,-28.499496],[152.536506,-28.499624],[152.536806,-28.499764],[152.537137,-28.500357],[152.537317,-28.500963],[152.537385,-28.501435],[152.537372,-28.502534],[152.537214,-28.504412],[152.536842,-28.506618],[152.536277,-28.508295],[152.535542,-28.509918],[152.534464,-28.511566],[152.534074,-28.51229],[152.533659,-28.513118],[152.533393,-28.5135],[152.533082,-28.513825],[152.532651,-28.514165],[152.532164,-28.51447],[152.531724,-28.514698],[152.53128,-28.514849],[152.530877,-28.514967],[152.53053,-28.515068],[152.530236,-28.515013],[152.529741,-28.514428],[152.52953,-28.514043],[152.529012,-28.513286],[152.528612,-28.512124],[152.528459,-28.511897],[152.528277,-28.511806],[152.528009,-28.511862],[152.527631,-28.512108],[152.527331,-28.512673],[152.526913,-28.513193],[152.526461,-28.513318],[152.52582,-28.513437],[152.52564,-28.513407],[152.52506,-28.513177],[152.524707,-28.512962],[152.524449,-28.512705],[152.523968,-28.512091],[152.523535,-28.511633],[152.523311,-28.511348],[152.522635,-28.510846],[152.522491,-28.510774],[152.522152,-28.510546],[152.521751,-28.510345],[152.521154,-28.510171],[152.520687,-28.510113],[152.520139,-28.510111],[152.519929,-28.510153],[152.519735,-28.510153],[152.518799,-28.510349],[152.518104,-28.510574],[152.517555,-28.510786],[152.517409,-28.510885],[152.516229,-28.511479],[152.516197,-28.511479],[152.515292,-28.511989],[152.515017,-28.512073],[152.514743,-28.512115],[152.514662,-28.512158],[152.513531,-28.512251],[152.513322,-28.512466],[152.51324,-28.512637],[152.513065,-28.512762],[152.513062,-28.512906],[152.512996,-28.513163],[152.512915,-28.513276],[152.512818,-28.513333],[152.51235,-28.51336],[152.51206,-28.513416],[152.511736,-28.513529],[152.511462,-28.513585],[152.510848,-28.513853],[152.510557,-28.513938],[152.510412,-28.513951],[152.509509,-28.513905],[152.50909,-28.51379],[152.508429,-28.51373],[152.508187,-28.513673],[152.507962,-28.513586],[152.507753,-28.513443],[152.507367,-28.5131],[152.507143,-28.512771],[152.506728,-28.511829],[152.5066,-28.511615],[152.506343,-28.511415],[152.505973,-28.511214],[152.505715,-28.51117],[152.505553,-28.511184],[152.505263,-28.511268],[152.502987,-28.511686],[152.502776,-28.511872],[152.502257,-28.512611],[152.502142,-28.512995],[152.502131,-28.513223],[152.502154,-28.513893],[152.502087,-28.514348],[152.502086,-28.514633],[152.501612,-28.516028],[152.501498,-28.516269],[152.50114,-28.516795],[152.501025,-28.516918],[152.500972,-28.516976],[152.500947,-28.517006],[152.500899,-28.517067],[152.500808,-28.517195],[152.50076,-28.517255],[152.500706,-28.517309],[152.500645,-28.517355],[152.50058,-28.517398],[152.500511,-28.517435],[152.50044,-28.517467],[152.500368,-28.517493],[152.500419,-28.517794],[152.50055,-28.51818],[152.500617,-28.518524],[152.500644,-28.518997],[152.500614,-28.519556],[152.500658,-28.520186],[152.500758,-28.520688],[152.500857,-28.521031],[152.500882,-28.521289],[152.500859,-28.521476],[152.500803,-28.521655],[152.500771,-28.521684],[152.500603,-28.522208],[152.500467,-28.522473],[152.500315,-28.522926],[152.500146,-28.523278],[152.500033,-28.52345],[152.500042,-28.523572],[152.5001,-28.523736],[152.500573,-28.524315],[152.500834,-28.524608],[152.501078,-28.525012],[152.501151,-28.525073],[152.501424,-28.52533],[152.501841,-28.52583],[152.502468,-28.526274],[152.502693,-28.526489],[152.502789,-28.526703],[152.502788,-28.526931],[152.502739,-28.527073],[152.502738,-28.527273],[152.50264,-28.527486],[152.502462,-28.527642],[152.501782,-28.528038],[152.501556,-28.528237],[152.501119,-28.528449],[152.501078,-28.528459],[152.500993,-28.528471],[152.500976,-28.528447],[152.500956,-28.528425],[152.500935,-28.528406],[152.500748,-28.528392],[152.500367,-28.528422],[152.50005,-28.528388],[152.4994,-28.528276],[152.498977,-28.528163],[152.498459,-28.527977],[152.497336,-28.527682],[152.497124,-28.527654],[152.496589,-28.527656],[152.496402,-28.527678],[152.496313,-28.527722],[152.496176,-28.527823],[152.496095,-28.527952],[152.495919,-28.528511],[152.495855,-28.528605],[152.495632,-28.5288],[152.495231,-28.528808],[152.494833,-28.528745],[152.494408,-28.528523],[152.494369,-28.528503],[152.494198,-28.528361],[152.493871,-28.527831],[152.493739,-28.527517],[152.493625,-28.527338],[152.493511,-28.527216],[152.493259,-28.527139],[152.49295,-28.527083],[152.492529,-28.527084],[152.491855,-28.527037],[152.491823,-28.527051],[152.491335,-28.526981],[152.491319,-28.526996],[152.490921,-28.526904],[152.490531,-28.526848],[152.489573,-28.526802],[152.488908,-28.52684],[152.488567,-28.526899],[152.487724,-28.527074],[152.487473,-28.527168],[152.487327,-28.527262],[152.487182,-28.527485],[152.487158,-28.527564],[152.487088,-28.527915],[152.487071,-28.527944],[152.486985,-28.528761],[152.486955,-28.52907],[152.486867,-28.529407],[152.486819,-28.529464],[152.486819,-28.529507],[152.486706,-28.529687],[152.486545,-28.529852],[152.486375,-28.529989],[152.486076,-28.530306],[152.485798,-28.530696],[152.485592,-28.530917],[152.485253,-28.53119],[152.484904,-28.53122],[152.484693,-28.5312],[152.484343,-28.531079],[152.48361,-28.530723],[152.483399,-28.530552],[152.483374,-28.530502],[152.483333,-28.530302],[152.483364,-28.530108],[152.483509,-28.529907],[152.483509,-28.529864],[152.483799,-28.529418],[152.484016,-28.528923],[152.484112,-28.52855],[152.484119,-28.528385],[152.4841,-28.527934],[152.484122,-28.527303],[152.484088,-28.52716],[152.483985,-28.526856],[152.483671,-28.526473],[152.483418,-28.526224],[152.483166,-28.526038],[152.483019,-28.525895],[152.48283,-28.525908],[152.482673,-28.525934],[152.48231,-28.525928],[152.482177,-28.525931],[152.481883,-28.525986],[152.481284,-28.526289],[152.48092,-28.526441],[152.480384,-28.526529],[152.479963,-28.526645],[152.479703,-28.526689],[152.479184,-28.526734],[152.478543,-28.52683],[152.478516,-28.526825],[152.477083,-28.527052],[152.47648,-28.527058],[152.476117,-28.52696],[152.475888,-28.526743],[152.475768,-28.526558],[152.475737,-28.52636],[152.475611,-28.525468],[152.47566,-28.524516],[152.475717,-28.524046],[152.475884,-28.523786],[152.476214,-28.523499],[152.476728,-28.523019],[152.476979,-28.522673],[152.476971,-28.522274],[152.476824,-28.521784],[152.476519,-28.521082],[152.476282,-28.520506],[152.476012,-28.520162],[152.475763,-28.519907],[152.47551,-28.519795],[152.474631,-28.519661],[152.474348,-28.519541],[152.473206,-28.519348],[152.472867,-28.51929],[152.472183,-28.519232],[152.472112,-28.519271],[152.472087,-28.519277],[152.471893,-28.519323],[152.47135,-28.519532],[152.471177,-28.519648],[152.470921,-28.519756],[152.470654,-28.519836],[152.470403,-28.519966],[152.470144,-28.520125],[152.47002,-28.520149],[152.469707,-28.520341],[152.469177,-28.520762],[152.468942,-28.52101],[152.468721,-28.521251],[152.468484,-28.521552],[152.468366,-28.521774],[152.468315,-28.521991],[152.468285,-28.52217],[152.468361,-28.522324],[152.46841,-28.522367],[152.46854,-28.522438],[152.468638,-28.522567],[152.468671,-28.522731],[152.468632,-28.522961],[152.468294,-28.523607],[152.468198,-28.523847],[152.468111,-28.523992],[152.467881,-28.524178],[152.467639,-28.524412],[152.467393,-28.524705],[152.467191,-28.525023],[152.467025,-28.525312],[152.466924,-28.525519],[152.466816,-28.525818],[152.466687,-28.526106],[152.466564,-28.526306],[152.466352,-28.52648],[152.466091,-28.526597],[152.46581,-28.526591],[152.465494,-28.526509],[152.465194,-28.526349],[152.464943,-28.526208],[152.46476,-28.52616],[152.464532,-28.526094],[152.464328,-28.525994],[152.464165,-28.525873],[152.464043,-28.52573],[152.463904,-28.525473],[152.463821,-28.525143],[152.463803,-28.524713],[152.463735,-28.524198],[152.463613,-28.52353],[152.463536,-28.523209],[152.463412,-28.52283],[152.463331,-28.522723],[152.463127,-28.522508],[152.462761,-28.522231],[152.462572,-28.522064],[152.462392,-28.521929],[152.462214,-28.521861],[152.461986,-28.521818],[152.461777,-28.521824],[152.461524,-28.521866],[152.461151,-28.521969],[152.460947,-28.522018],[152.460641,-28.52209],[152.46033,-28.522181],[152.460166,-28.522256],[152.459954,-28.52239],[152.459835,-28.522491],[152.459743,-28.522668],[152.459724,-28.522941],[152.459744,-28.523214],[152.459855,-28.523574],[152.459954,-28.523739],[152.460048,-28.523838],[152.460209,-28.523866],[152.460301,-28.523873],[152.46052,-28.523958],[152.460699,-28.524065],[152.460858,-28.524247],[152.460928,-28.524407],[152.461103,-28.524578],[152.461309,-28.524765],[152.461445,-28.524959],[152.461504,-28.525143],[152.461515,-28.525356],[152.46163,-28.525485],[152.462048,-28.526024],[152.462227,-28.526303],[152.462465,-28.526782],[152.462597,-28.52714],[152.462663,-28.527527],[152.462678,-28.528058],[152.462406,-28.528101],[152.461839,-28.528261],[152.461327,-28.528445],[152.461087,-28.528858],[152.46086,-28.52911],[152.460656,-28.52922],[152.460372,-28.529296],[152.460079,-28.52932],[152.459785,-28.529293],[152.459473,-28.529254],[152.459002,-28.529117],[152.458637,-28.529083],[152.458353,-28.529091],[152.45806,-28.529063],[152.457403,-28.528944],[152.457127,-28.528916],[152.45711,-28.52893],[152.45698,-28.528902],[152.456964,-28.528916],[152.456655,-28.52886],[152.456428,-28.528718],[152.456297,-28.528582],[152.456207,-28.528396],[152.456174,-28.528224],[152.456149,-28.528146],[152.456035,-28.527995],[152.455863,-28.527846],[152.455619,-28.527703],[152.455196,-28.527332],[152.454919,-28.527175],[152.454691,-28.527083],[152.453676,-28.526922],[152.453497,-28.5268],[152.453206,-28.526736],[152.452881,-28.526705],[152.452568,-28.526699],[152.452368,-28.526747],[152.451923,-28.5269],[152.45172,-28.527029],[152.451321,-28.527349],[152.451074,-28.527474],[152.450786,-28.527602],[152.450488,-28.527641],[152.450181,-28.527643],[152.449814,-28.527669],[152.448785,-28.527491],[152.448161,-28.527484],[152.447754,-28.527473],[152.447518,-28.527496],[152.44704,-28.527648],[152.446635,-28.527864],[152.446109,-28.528096],[152.445737,-28.528312],[152.445478,-28.528513],[152.445163,-28.528801],[152.444362,-28.529335],[152.443981,-28.529536],[152.443568,-28.529688],[152.443114,-28.529819],[152.442595,-28.529907],[152.442189,-28.529944],[152.441807,-28.529917],[152.441605,-28.529946],[152.441532,-28.529932],[152.441199,-28.529983],[152.440932,-28.530063],[152.440594,-28.530206],[152.440462,-28.530323],[152.440406,-28.530531],[152.440407,-28.530688],[152.440498,-28.531039],[152.440596,-28.531182],[152.440677,-28.531254],[152.442075,-28.531665],[152.442278,-28.531764],[152.442531,-28.531985],[152.442848,-28.532376],[152.442997,-28.532658],[152.44305,-28.532807],[152.443126,-28.53315],[152.443291,-28.533535],[152.443408,-28.534104],[152.443652,-28.534548],[152.443863,-28.53491],[152.443906,-28.535231],[152.443961,-28.535796],[152.444069,-28.536216],[152.444286,-28.536586],[152.444632,-28.536978],[152.4453,-28.537603],[152.445512,-28.537773],[152.445887,-28.53818],[152.44607,-28.538433],[152.446419,-28.539191],[152.446373,-28.539956],[152.446287,-28.540593],[152.446168,-28.541065],[152.446197,-28.541427],[152.446147,-28.541905],[152.445934,-28.542922],[152.445731,-28.54356],[152.445579,-28.543916],[152.445456,-28.544325],[152.445246,-28.544783],[152.444996,-28.54541],[152.444738,-28.545842],[152.444362,-28.546214],[152.443918,-28.546458],[152.441932,-28.547154],[152.441525,-28.547393],[152.441462,-28.547612],[152.44162,-28.547907],[152.443011,-28.549097],[152.443388,-28.549548],[152.44346,-28.54987],[152.443219,-28.550323],[152.442861,-28.550601],[152.442278,-28.550873],[152.441847,-28.551223],[152.441514,-28.551776],[152.44128,-28.552497],[152.441134,-28.553207],[152.441131,-28.554229],[152.441239,-28.554847],[152.441317,-28.555666],[152.441395,-28.555898],[152.441539,-28.556125],[152.441684,-28.55632],[152.441937,-28.556555],[152.442458,-28.556841],[152.442912,-28.556874],[152.443074,-28.556866],[152.443366,-28.556808],[152.443861,-28.556656],[152.444549,-28.556252],[152.445156,-28.555935],[152.445464,-28.55579],[152.44586,-28.555667],[152.446298,-28.55558],[152.447102,-28.555555],[152.447451,-28.555561],[152.447671,-28.55561],[152.44814,-28.555854],[152.448355,-28.556145],[152.448779,-28.556531],[152.448893,-28.556695],[152.449099,-28.557203],[152.449215,-28.557877],[152.449265,-28.558063],[152.449339,-28.558256],[152.449671,-28.558731],[152.449912,-28.559386],[152.450043,-28.559572],[152.450125,-28.559801],[152.450322,-28.560123],[152.450632,-28.560552],[152.450927,-28.561096],[152.451188,-28.561425],[152.451352,-28.561675],[152.451401,-28.561818],[152.451679,-28.562276],[152.451707,-28.562392],[152.451773,-28.562595],[152.451841,-28.562728],[152.451945,-28.562859],[152.452044,-28.562976],[152.452253,-28.563187],[152.452316,-28.56326],[152.452413,-28.563403],[152.452691,-28.563695],[152.452918,-28.563914],[152.453178,-28.564161],[152.453414,-28.564374],[152.4536,-28.564513],[152.453799,-28.564653],[152.454077,-28.564795],[152.454195,-28.564891],[152.454473,-28.565084],[152.45466,-28.565145],[152.454943,-28.565185],[152.455243,-28.565213],[152.456037,-28.565263],[152.456435,-28.565369],[152.456643,-28.56547],[152.457078,-28.565761],[152.457282,-28.565975],[152.457511,-28.566268],[152.457651,-28.56669],[152.457864,-28.567134],[152.457893,-28.567275],[152.457942,-28.568043],[152.457931,-28.568533],[152.457758,-28.568977],[152.457474,-28.569246],[152.456878,-28.56956],[152.456251,-28.569728],[152.455687,-28.569809],[152.454995,-28.569695],[152.453916,-28.569411],[152.452824,-28.569094],[152.452284,-28.568887],[152.45183,-28.568783],[152.45162,-28.568647],[152.451338,-28.56837],[152.451003,-28.568191],[152.450632,-28.568021],[152.450324,-28.567953],[152.45011,-28.567932],[152.449861,-28.56796],[152.449613,-28.56805],[152.449375,-28.568248],[152.449133,-28.568559],[152.448883,-28.568981],[152.448811,-28.5693],[152.44866,-28.569439],[152.448304,-28.569612],[152.448005,-28.56969],[152.447746,-28.569788],[152.447212,-28.570203],[152.446454,-28.570622],[152.445731,-28.571242],[152.444698,-28.571901],[152.443595,-28.572613],[152.442873,-28.573332],[152.441062,-28.574986],[152.440296,-28.575984],[152.440164,-28.576284],[152.440192,-28.576876],[152.440235,-28.577011],[152.440348,-28.57718],[152.440535,-28.577322],[152.440755,-28.577422],[152.44091,-28.577471],[152.441292,-28.577563],[152.441308,-28.577549],[152.441666,-28.577634],[152.441885,-28.577626],[152.442128,-28.577582],[152.442444,-28.577488],[152.442882,-28.5773],[152.444122,-28.576722],[152.444421,-28.576549],[152.444803,-28.576404],[152.445167,-28.576202],[152.445532,-28.57605],[152.445694,-28.576007],[152.446278,-28.575933],[152.446505,-28.575861],[152.446838,-28.575867],[152.44696,-28.575923],[152.447264,-28.576116],[152.447357,-28.576241],[152.447409,-28.576547],[152.447467,-28.577044],[152.447498,-28.57746],[152.447488,-28.577818],[152.447451,-28.578094],[152.447387,-28.578411],[152.447322,-28.57867],[152.447243,-28.578946],[152.447098,-28.579442],[152.446941,-28.579793],[152.446889,-28.579865],[152.446856,-28.5801],[152.446836,-28.580361],[152.446835,-28.580685],[152.446802,-28.58101],[152.446794,-28.581491],[152.446766,-28.581783],[152.446707,-28.582107],[152.446652,-28.582447],[152.446627,-28.582653],[152.4466,-28.583059],[152.446549,-28.58368],[152.446421,-28.584282],[152.446324,-28.584397],[152.446309,-28.584454],[152.446106,-28.584613],[152.44592,-28.584699],[152.445433,-28.584744],[152.445035,-28.584724],[152.444832,-28.584689],[152.444563,-28.584546],[152.444311,-28.584361],[152.444049,-28.584068],[152.443788,-28.583718],[152.443747,-28.583596],[152.44368,-28.583267],[152.443549,-28.582866],[152.443343,-28.582372],[152.443065,-28.58195],[152.442461,-28.581121],[152.442298,-28.580971],[152.442208,-28.580936],[152.441908,-28.580915],[152.441647,-28.58073],[152.441598,-28.58073],[152.441371,-28.580774],[152.44098,-28.580546],[152.440858,-28.580532],[152.440688,-28.580561],[152.440599,-28.580604],[152.440388,-28.580748],[152.440154,-28.580957],[152.439879,-28.581298],[152.439554,-28.58166],[152.439082,-28.582038],[152.43866,-28.582308],[152.4384,-28.582688],[152.438244,-28.583022],[152.438218,-28.583471],[152.438358,-28.584442],[152.438558,-28.584874],[152.438934,-28.585348],[152.440058,-28.586395],[152.44068,-28.586999],[152.440986,-28.587392],[152.441002,-28.587523],[152.440995,-28.587651],[152.440807,-28.588086],[152.440592,-28.5884],[152.440382,-28.588863],[152.440199,-28.589808],[152.440367,-28.590497],[152.440788,-28.591139],[152.441559,-28.592013],[152.441729,-28.592319],[152.441811,-28.592688],[152.441563,-28.594261],[152.441455,-28.594393],[152.441457,-28.594512],[152.44124,-28.595065],[152.440772,-28.595776],[152.440522,-28.596049],[152.440142,-28.596401],[152.439956,-28.596545],[152.43934,-28.596956],[152.439068,-28.59723],[152.439023,-28.597521],[152.439018,-28.59777],[152.439017,-28.598061],[152.439015,-28.598293],[152.438997,-28.598306],[152.439036,-28.598513],[152.439097,-28.598856],[152.439143,-28.598913],[152.439329,-28.59913],[152.439512,-28.59921],[152.439829,-28.599263],[152.440198,-28.599238],[152.440519,-28.599243],[152.440813,-28.599311],[152.441122,-28.59943],[152.44143,-28.599575],[152.44169,-28.59975],[152.441951,-28.60001],[152.442234,-28.600332],[152.442523,-28.60068],[152.442709,-28.60095],[152.442778,-28.601022],[152.442925,-28.601351],[152.442972,-28.601392],[152.443108,-28.601568],[152.443168,-28.601785],[152.443224,-28.602057],[152.443232,-28.602451],[152.443226,-28.602683],[152.443197,-28.602763],[152.443127,-28.602942],[152.443003,-28.603187],[152.44282,-28.603383],[152.442569,-28.603531],[152.441938,-28.603863],[152.441466,-28.604191],[152.441192,-28.604202],[152.440924,-28.604268],[152.440636,-28.604413],[152.440462,-28.60442],[152.44004,-28.604536],[152.439918,-28.604601],[152.439915,-28.604676],[152.439781,-28.604749],[152.439391,-28.604725],[152.438911,-28.604561],[152.438309,-28.604263],[152.438008,-28.604156],[152.437365,-28.60395],[152.437021,-28.603777],[152.436942,-28.603809],[152.436779,-28.603752],[152.436649,-28.603638],[152.43661,-28.603474],[152.435655,-28.602867],[152.435424,-28.602645],[152.435239,-28.602436],[152.435002,-28.602309],[152.434765,-28.602244],[152.434445,-28.602251],[152.434138,-28.602282],[152.433827,-28.602377],[152.433554,-28.602499],[152.433257,-28.602524],[152.432235,-28.602786],[152.431954,-28.602814],[152.431667,-28.602874],[152.431229,-28.603047],[152.430961,-28.603098],[152.430886,-28.603156],[152.430679,-28.603157],[152.430168,-28.603268],[152.429507,-28.603453],[152.429125,-28.603559],[152.428814,-28.603617],[152.428525,-28.603708],[152.428166,-28.603854],[152.427847,-28.604011],[152.427555,-28.604216],[152.427254,-28.604443],[152.427053,-28.604572],[152.426923,-28.604646],[152.426729,-28.604804],[152.426567,-28.604969],[152.426358,-28.605328],[152.426196,-28.605494],[152.425832,-28.605782],[152.425597,-28.605926],[152.425264,-28.606021],[152.425046,-28.606057],[152.424261,-28.606182],[152.423673,-28.606335],[152.422592,-28.606731],[152.422079,-28.606845],[152.421834,-28.606986],[152.421575,-28.607176],[152.421335,-28.607388],[152.421044,-28.607676],[152.420527,-28.608415],[152.420459,-28.60848],[152.420289,-28.608502],[152.420216,-28.608538],[152.420055,-28.608911],[152.419926,-28.609062],[152.419839,-28.609218],[152.419583,-28.609571],[152.419563,-28.609796],[152.419524,-28.60996],[152.419459,-28.610089],[152.419317,-28.610196],[152.419055,-28.610449],[152.41901,-28.610494],[152.418424,-28.611131],[152.418085,-28.611592],[152.417972,-28.611843],[152.417794,-28.612116],[152.417569,-28.61259],[152.417456,-28.612734],[152.417347,-28.612965],[152.417129,-28.614132],[152.417001,-28.61462],[152.417002,-28.614993],[152.417175,-28.615472],[152.41742,-28.61573],[152.417876,-28.616058],[152.418497,-28.616779],[152.418578,-28.616901],[152.41869,-28.617179],[152.418767,-28.617424],[152.418825,-28.617531],[152.419257,-28.617845],[152.419908,-28.618187],[152.420609,-28.618643],[152.420747,-28.618713],[152.421048,-28.618791],[152.421454,-28.618775],[152.421632,-28.618696],[152.421891,-28.618523],[152.422088,-28.618424],[152.422947,-28.618355],[152.423375,-28.618347],[152.424234,-28.618526],[152.424745,-28.618771],[152.425038,-28.619084],[152.425412,-28.619906],[152.425356,-28.620347],[152.425127,-28.620615],[152.42482,-28.620825],[152.423949,-28.621121],[152.423197,-28.62115],[152.422392,-28.621295],[152.421631,-28.621537],[152.421155,-28.621602],[152.420694,-28.621565],[152.420076,-28.621453],[152.419921,-28.621341],[152.41961,-28.621215],[152.419123,-28.620957],[152.418787,-28.620772],[152.418336,-28.620407],[152.418064,-28.620006],[152.417854,-28.619249],[152.417614,-28.618873],[152.417237,-28.6186],[152.416862,-28.618469],[152.416608,-28.618534],[152.416235,-28.618894],[152.415775,-28.619262],[152.415105,-28.619967],[152.414262,-28.620709],[152.413887,-28.621003],[152.413249,-28.621215],[152.41317,-28.621262],[152.413065,-28.621255],[152.412756,-28.621184],[152.411942,-28.620915],[152.411668,-28.620854],[152.411314,-28.620753],[152.41084,-28.620708],[152.410175,-28.620474],[152.409838,-28.620413],[152.409395,-28.620417],[152.408943,-28.620426],[152.408012,-28.620598],[152.407103,-28.620612],[152.406612,-28.620758],[152.406123,-28.621184],[152.405774,-28.621656],[152.405664,-28.622235],[152.405798,-28.622867],[152.405834,-28.62302],[152.405932,-28.623185],[152.406121,-28.623386],[152.406156,-28.623418],[152.406273,-28.623738],[152.406599,-28.624084],[152.406954,-28.624316],[152.407302,-28.62449],[152.407699,-28.624629],[152.408364,-28.624762],[152.409061,-28.624939],[152.409683,-28.62506],[152.410115,-28.625104],[152.41057,-28.625207],[152.411096,-28.625376],[152.411298,-28.625477],[152.411525,-28.625629],[152.411774,-28.625903],[152.41204,-28.626278],[152.41211,-28.626557],[152.412076,-28.626744],[152.411911,-28.626979],[152.411731,-28.627192],[152.411477,-28.627434],[152.411084,-28.627739],[152.41075,-28.627909],[152.410595,-28.627944],[152.409736,-28.628066],[152.408983,-28.628153],[152.408765,-28.628211],[152.408585,-28.628439],[152.408476,-28.628803],[152.408472,-28.628992],[152.408894,-28.629315],[152.40921,-28.629489],[152.409461,-28.629541],[152.409777,-28.629564],[152.410038,-28.629552],[152.41007,-28.62957],[152.41183,-28.630129],[152.412556,-28.630629],[152.413522,-28.631417],[152.413923,-28.631914],[152.413981,-28.632035],[152.413914,-28.6323],[152.413881,-28.632329],[152.41388,-28.632371],[152.413716,-28.632656],[152.413485,-28.633006],[152.413239,-28.633319],[152.413026,-28.633533],[152.41274,-28.633781],[152.412405,-28.633994],[152.411175,-28.634423],[152.41067,-28.634534],[152.409849,-28.634622],[152.409719,-28.634694],[152.409605,-28.634787],[152.408999,-28.635146],[152.408885,-28.635267],[152.408277,-28.635987],[152.408187,-28.636179],[152.408151,-28.636509],[152.408076,-28.636777],[152.408178,-28.637182],[152.40832,-28.637642],[152.408401,-28.638063],[152.408525,-28.63857],[152.408455,-28.63931],[152.408474,-28.639873],[152.408352,-28.640506],[152.408278,-28.641182],[152.408141,-28.64195],[152.407946,-28.64257],[152.407931,-28.642686],[152.407931,-28.64274],[152.407829,-28.642945],[152.407641,-28.643088],[152.407453,-28.643186],[152.407225,-28.643239],[152.406868,-28.643328],[152.406376,-28.643593],[152.406172,-28.643684],[152.405986,-28.643752],[152.405586,-28.643862],[152.405311,-28.643949],[152.405125,-28.644057],[152.404908,-28.644195],[152.40478,-28.644343],[152.40469,-28.64444],[152.40459,-28.644529],[152.404435,-28.644599],[152.404158,-28.644683],[152.403787,-28.644857],[152.403097,-28.645132],[152.402657,-28.645264],[152.400974,-28.645557],[152.400291,-28.645652],[152.399965,-28.645721],[152.399648,-28.645827],[152.399521,-28.645887],[152.399231,-28.646067],[152.398879,-28.646387],[152.398575,-28.646811],[152.398572,-28.647144],[152.39862,-28.647317],[152.398771,-28.647626],[152.39898,-28.647901],[152.399302,-28.648224],[152.399511,-28.648526],[152.400032,-28.649043],[152.400219,-28.649326],[152.40041,-28.649844],[152.400538,-28.650052],[152.400707,-28.650247],[152.401175,-28.650594],[152.401466,-28.650754],[152.401822,-28.651042],[152.402185,-28.651274],[152.402298,-28.651411],[152.402442,-28.651627],[152.402571,-28.651757],[152.402894,-28.652054],[152.403248,-28.652435],[152.403344,-28.652586],[152.403383,-28.652737],[152.403382,-28.652974],[152.403354,-28.653374],[152.403373,-28.653911],[152.403429,-28.65442],[152.40351,-28.655],[152.403697,-28.65599],[152.403719,-28.656334],[152.403692,-28.656635],[152.403584,-28.657071],[152.403484,-28.657274],[152.403375,-28.657535],[152.403241,-28.65823],[152.403114,-28.658686],[152.403014,-28.658865],[152.402801,-28.659121],[152.402465,-28.659427],[152.401723,-28.659929],[152.401312,-28.660228],[152.400977,-28.660507],[152.400536,-28.660804],[152.400079,-28.661016],[152.399557,-28.661313],[152.399132,-28.661582],[152.398629,-28.662004],[152.398501,-28.66213],[152.398222,-28.6625],[152.398024,-28.662836],[152.397949,-28.663043],[152.397927,-28.663177],[152.397919,-28.663947],[152.398126,-28.66495],[152.398135,-28.665274],[152.398059,-28.665449],[152.397832,-28.665511],[152.397571,-28.66544],[152.397289,-28.665274],[152.396879,-28.664937],[152.3965,-28.664664],[152.396222,-28.664515],[152.395466,-28.664174],[152.394458,-28.663823],[152.393824,-28.663686],[152.393262,-28.663613],[152.392643,-28.663527],[152.392029,-28.663596],[152.391464,-28.663803],[152.390769,-28.664157],[152.390159,-28.664563],[152.389664,-28.66495],[152.389279,-28.665374],[152.389091,-28.665769],[152.389081,-28.666187],[152.389193,-28.666504],[152.389492,-28.666988],[152.389946,-28.667755],[152.390581,-28.668432],[152.39109,-28.668969],[152.391352,-28.66948],[152.391442,-28.669829],[152.391393,-28.670309],[152.391145,-28.670854],[152.390827,-28.671241],[152.390043,-28.672049],[152.389421,-28.672559],[152.388269,-28.673889],[152.387431,-28.674777],[152.386652,-28.675747],[152.386341,-28.676333],[152.386311,-28.6768],[152.386392,-28.677361],[152.386492,-28.677669],[152.386637,-28.677925],[152.387163,-28.678686],[152.387305,-28.678925],[152.387365,-28.679084],[152.38742,-28.679301],[152.38756,-28.679535],[152.388158,-28.680141],[152.388419,-28.680566],[152.388655,-28.680868],[152.389048,-28.681288],[152.389293,-28.681672],[152.389465,-28.681999],[152.389539,-28.68216],[152.389561,-28.682381],[152.389429,-28.682609],[152.389171,-28.682732],[152.388576,-28.682708],[152.387729,-28.682543],[152.387161,-28.682724],[152.386587,-28.683221],[152.386505,-28.683328],[152.386479,-28.683435],[152.386469,-28.683697],[152.3865,-28.683815],[152.386475,-28.683965],[152.3864,-28.684201],[152.386113,-28.684435],[152.386078,-28.684679],[152.385971,-28.684943],[152.385872,-28.685093],[152.385713,-28.685288],[152.385494,-28.685541],[152.385298,-28.685666],[152.385095,-28.685774],[152.384775,-28.685967],[152.384483,-28.686102],[152.384148,-28.686133],[152.383771,-28.68613],[152.383323,-28.686041],[152.382881,-28.685951],[152.382552,-28.685849],[152.382341,-28.685666],[152.382118,-28.685435],[152.381986,-28.685454],[152.381504,-28.685469],[152.380931,-28.685444],[152.380469,-28.685413],[152.379917,-28.685336],[152.379427,-28.685247],[152.379155,-28.685243],[152.378763,-28.685182],[152.37851,-28.68508],[152.378369,-28.684937],[152.378172,-28.684799],[152.378026,-28.684795],[152.377795,-28.684848],[152.377475,-28.684914],[152.37713,-28.68495],[152.376802,-28.684975],[152.376417,-28.684944],[152.375998,-28.684947],[152.375601,-28.685001],[152.375196,-28.685068],[152.37482,-28.685192],[152.374555,-28.685321],[152.374333,-28.685495],[152.374209,-28.685727],[152.374148,-28.685884],[152.374017,-28.68611],[152.373825,-28.686487],[152.37371,-28.686857],[152.373651,-28.687303],[152.373661,-28.687632],[152.373705,-28.687903],[152.373827,-28.688237],[152.373934,-28.688607],[152.37417,-28.689241],[152.374349,-28.689731],[152.374555,-28.690088],[152.37481,-28.690456],[152.375009,-28.690819],[152.375222,-28.691187],[152.375512,-28.691653],[152.375761,-28.692148],[152.375926,-28.692597],[152.375992,-28.692955],[152.375975,-28.693406],[152.375984,-28.693689],[152.376113,-28.694018],[152.376136,-28.69426],[152.376055,-28.694526],[152.375932,-28.694822],[152.375878,-28.695019],[152.375811,-28.695447],[152.37576,-28.695961],[152.375639,-28.696419],[152.375504,-28.697003],[152.37544,-28.697599],[152.375377,-28.698437],[152.375275,-28.698732],[152.375231,-28.699351],[152.375208,-28.699883],[152.37524,-28.700368],[152.3753,-28.700795],[152.375451,-28.701279],[152.375624,-28.701827],[152.375766,-28.702126],[152.375915,-28.702356],[152.37607,-28.702528],[152.376211,-28.702654],[152.37645,-28.702803],[152.376703,-28.70294],[152.377047,-28.703076],[152.377328,-28.703236],[152.377594,-28.703315],[152.377993,-28.703445],[152.378232,-28.703542],[152.378316,-28.703616],[152.378374,-28.70376],[152.378523,-28.703873],[152.378832,-28.703981],[152.379167,-28.70399],[152.379572,-28.703929],[152.379871,-28.703811],[152.380184,-28.703642],[152.380414,-28.703536],[152.380874,-28.703365],[152.381348,-28.703212],[152.381759,-28.703093],[152.38224,-28.702963],[152.382491,-28.702874],[152.382957,-28.702698],[152.383305,-28.702574],[152.383752,-28.702513],[152.38408,-28.702441],[152.384365,-28.702335],[152.384658,-28.702247],[152.38493,-28.702164],[152.385279,-28.702109],[152.385628,-28.702061],[152.385991,-28.701988],[152.386606,-28.701978],[152.387173,-28.701991],[152.387438,-28.702041],[152.387719,-28.702132],[152.387971,-28.702246],[152.388252,-28.702399],[152.388625,-28.702639],[152.388871,-28.702765],[152.38913,-28.702873],[152.389705,-28.703042],[152.390328,-28.703222],[152.390966,-28.703426],[152.391288,-28.703533],[152.391604,-28.703675],[152.391836,-28.703807],[152.392131,-28.704012],[152.392743,-28.704372],[152.393249,-28.704698],[152.39396,-28.705146],[152.394451,-28.705391],[152.394956,-28.705664],[152.395377,-28.70584],[152.395777,-28.706005],[152.396233,-28.706169],[152.396978,-28.706689],[152.397393,-28.706918],[152.397723,-28.707037],[152.397968,-28.707104],[152.398401,-28.707141],[152.398856,-28.707167],[152.399058,-28.707114],[152.399323,-28.707008],[152.399553,-28.707006],[152.399832,-28.706935],[152.400076,-28.706881],[152.400307,-28.706891],[152.400677,-28.706854],[152.401186,-28.706752],[152.401695,-28.70661],[152.402049,-28.706411],[152.402064,-28.706399],[152.402334,-28.706154],[152.402645,-28.705777],[152.402873,-28.705428],[152.403079,-28.705057],[152.403396,-28.704633],[152.403401,-28.704356],[152.403455,-28.704159],[152.4036,-28.70395],[152.403801,-28.703833],[152.404073,-28.703773],[152.40445,-28.703736],[152.404813,-28.703687],[152.405121,-28.703696],[152.405485,-28.703798],[152.405815,-28.703934],[152.406229,-28.704185],[152.406533,-28.704484],[152.406633,-28.704772],[152.406615,-28.705032],[152.406486,-28.705472],[152.406272,-28.705791],[152.4061,-28.706075],[152.406041,-28.706434],[152.405996,-28.70692],[152.405873,-28.707244],[152.405722,-28.707551],[152.405536,-28.707818],[152.405442,-28.708109],[152.405348,-28.708531],[152.405248,-28.709052],[152.405006,-28.709383],[152.404897,-28.709655],[152.404789,-28.710113],[152.404822,-28.710603],[152.404997,-28.711388],[152.405143,-28.71214],[152.405401,-28.712901],[152.405695,-28.713713],[152.406065,-28.71445],[152.406351,-28.715112],[152.406497,-28.715735],[152.406571,-28.716237],[152.406772,-28.716877],[152.406852,-28.717218],[152.406947,-28.71765],[152.407029,-28.718141],[152.407103,-28.718654],[152.407098,-28.718839],[152.407088,-28.719284],[152.407118,-28.71948],[152.407066,-28.719943],[152.407016,-28.72055],[152.406964,-28.721055],[152.406955,-28.721603],[152.407,-28.721904],[152.407074,-28.722348],[152.407365,-28.722779],[152.407521,-28.723073],[152.407928,-28.723264],[152.408227,-28.72341],[152.408536,-28.723539],[152.408854,-28.723651],[152.409176,-28.723743],[152.4095,-28.723816],[152.409835,-28.723871],[152.410114,-28.723901],[152.410426,-28.723918],[152.410737,-28.723918],[152.411044,-28.723899],[152.411357,-28.723855],[152.411668,-28.723788],[152.411978,-28.723704],[152.412285,-28.72361],[152.412589,-28.723513],[152.412863,-28.723421],[152.413136,-28.723322],[152.413407,-28.723217],[152.413675,-28.723106],[152.41394,-28.722989],[152.414274,-28.722832],[152.414935,-28.722491],[152.415256,-28.722305],[152.415567,-28.722106],[152.415805,-28.721945],[152.41604,-28.721778],[152.416487,-28.721419],[152.416698,-28.721224],[152.416914,-28.720986],[152.417106,-28.720733],[152.417479,-28.72019],[152.417662,-28.719927],[152.417883,-28.719605],[152.418113,-28.719274],[152.418408,-28.718935],[152.418876,-28.718618],[152.419429,-28.718373],[152.419704,-28.718273],[152.419966,-28.718182],[152.420225,-28.71809],[152.42049,-28.71802],[152.420751,-28.717982],[152.421238,-28.718079],[152.421461,-28.718218],[152.42169,-28.718392],[152.421897,-28.718583],[152.42243,-28.719002],[152.422737,-28.719259],[152.423322,-28.719811],[152.423789,-28.720399],[152.42398,-28.720699],[152.424156,-28.721017],[152.424345,-28.721323],[152.424544,-28.721623],[152.424765,-28.721912],[152.424998,-28.722192],[152.425702,-28.72303],[152.426008,-28.723454],[152.426474,-28.724078],[152.42688,-28.72452],[152.42716,-28.724792],[152.427356,-28.724933],[152.427598,-28.725065],[152.427857,-28.725175],[152.428129,-28.725262],[152.428399,-28.725323],[152.428678,-28.725375],[152.428999,-28.72539],[152.429335,-28.725364],[152.429664,-28.725318],[152.43,-28.725261],[152.430335,-28.725209],[152.430671,-28.725169],[152.431013,-28.725117],[152.431364,-28.725066],[152.431702,-28.725022],[152.4327,-28.724921],[152.433033,-28.724891],[152.433356,-28.724897],[152.433945,-28.725008],[152.434178,-28.725123],[152.434478,-28.72508],[152.434813,-28.725066],[152.435037,-28.725093],[152.435297,-28.725247],[152.435509,-28.725442],[152.435672,-28.725701],[152.435779,-28.725954],[152.435904,-28.726314],[152.436082,-28.726567],[152.436428,-28.72698],[152.43676,-28.727399],[152.437071,-28.727686],[152.437458,-28.727949],[152.437795,-28.728085],[152.43825,-28.728249],[152.439159,-28.728582],[152.439796,-28.728762],[152.44049,-28.729011],[152.440932,-28.729164],[152.441388,-28.729276],[152.441717,-28.729325],[152.442052,-28.729346],[152.442254,-28.729264],[152.442449,-28.729204],[152.442617,-28.729209],[152.442758,-28.7293],[152.442962,-28.72938],[152.443157,-28.729407],[152.443528,-28.729422],[152.444003,-28.729459],[152.444563,-28.729495],[152.445146,-28.72953],[152.44565,-28.72963],[152.44614,-28.729759],[152.446933,-28.730048],[152.447235,-28.730161],[152.447501,-28.730235],[152.447725,-28.730256],[152.447963,-28.730248],[152.448291,-28.730251],[152.448662,-28.730272],[152.449102,-28.73024],[152.449549,-28.730219],[152.450011,-28.730273],[152.450439,-28.730403],[152.450967,-28.730577],[152.451485,-28.730711],[152.452095,-28.730915],[152.452726,-28.731095],[152.453084,-28.731265],[152.453527,-28.731505],[152.454019,-28.731703],[152.454411,-28.731804],[152.45467,-28.731848],[152.454991,-28.731823],[152.455256,-28.731763],[152.455571,-28.731766],[152.455816,-28.731834],[152.456139,-28.732016],[152.456568,-28.732267],[152.45702,-28.732533],[152.45761,-28.732812],[152.457912,-28.732931],[152.458297,-28.733026],[152.458683,-28.73315],[152.45907,-28.733373],[152.459374,-28.733723],[152.459992,-28.733995],[152.461644,-28.734657],[152.462283,-28.734906],[152.462907,-28.735115],[152.463155,-28.735186],[152.463706,-28.735323],[152.464015,-28.735397],[152.464325,-28.73546],[152.464635,-28.735505],[152.464945,-28.735522],[152.465228,-28.735513],[152.465513,-28.735485],[152.465797,-28.735439],[152.466077,-28.735378],[152.466351,-28.735302],[152.466576,-28.735226],[152.466798,-28.735137],[152.467016,-28.735039],[152.467231,-28.734932],[152.46744,-28.734819],[152.467633,-28.734713],[152.467826,-28.734603],[152.468013,-28.734485],[152.46819,-28.734356],[152.468351,-28.734212],[152.4685,-28.734032],[152.468628,-28.733829],[152.468744,-28.733614],[152.468859,-28.733399],[152.468985,-28.733192],[152.469113,-28.732996],[152.469241,-28.732799],[152.469374,-28.732605],[152.469517,-28.732422],[152.469674,-28.732254],[152.469877,-28.732091],[152.4701,-28.731951],[152.470336,-28.731823],[152.470574,-28.731698],[152.470805,-28.731565],[152.470969,-28.731455],[152.47113,-28.731338],[152.471292,-28.731224],[152.471458,-28.731122],[152.471632,-28.731041],[152.471872,-28.73097],[152.472125,-28.730926],[152.472149,-28.730924],[152.472386,-28.730907],[152.472647,-28.73091],[152.472957,-28.730945],[152.47314,-28.730962],[152.473387,-28.731008],[152.473627,-28.731073],[152.473847,-28.731164],[152.474031,-28.731289],[152.474173,-28.73145],[152.474286,-28.731645],[152.474379,-28.731863],[152.474457,-28.732089],[152.474594,-28.73256],[152.474639,-28.732818],[152.474664,-28.733033],[152.474695,-28.733344],[152.474721,-28.733606],[152.474767,-28.733944],[152.474827,-28.734394],[152.474856,-28.734627],[152.474867,-28.734962],[152.474831,-28.735288],[152.474771,-28.735515],[152.474689,-28.735737],[152.474592,-28.735956],[152.47449,-28.736174],[152.47439,-28.736391],[152.474225,-28.736744],[152.474049,-28.737091],[152.473866,-28.737436],[152.473684,-28.737781],[152.473508,-28.738129],[152.473322,-28.738518],[152.473141,-28.738911],[152.472963,-28.739304],[152.472782,-28.739696],[152.472598,-28.740087],[152.472457,-28.740375],[152.472315,-28.740662],[152.472172,-28.740949],[152.472027,-28.741236],[152.471881,-28.741521],[152.471748,-28.741756],[152.471605,-28.741989],[152.471465,-28.742222],[152.471342,-28.74246],[152.471246,-28.742706],[152.47121,-28.742847],[152.471181,-28.74299],[152.471158,-28.743135],[152.471135,-28.74328],[152.471108,-28.743423],[152.471049,-28.743659],[152.470976,-28.743894],[152.470907,-28.744129],[152.470859,-28.744363],[152.470846,-28.744596],[152.470874,-28.744834],[152.47093,-28.745075],[152.471012,-28.745313],[152.471114,-28.745542],[152.471232,-28.745754],[152.471299,-28.745844],[152.471408,-28.7461],[152.471691,-28.746468],[152.472057,-28.746731],[152.472549,-28.746958],[152.473081,-28.747081],[152.473711,-28.747146],[152.47413,-28.747108],[152.474801,-28.747056],[152.475402,-28.747063],[152.475932,-28.746944],[152.476336,-28.746802],[152.476853,-28.746717],[152.477075,-28.746611],[152.477451,-28.746435],[152.477743,-28.746271],[152.477838,-28.745924],[152.477972,-28.745356],[152.478079,-28.744871],[152.478188,-28.744604],[152.478533,-28.744174],[152.478851,-28.743824],[152.479184,-28.743522],[152.479377,-28.743289],[152.479472,-28.743023],[152.479623,-28.742698],[152.47974,-28.742438],[152.479946,-28.742171],[152.480388,-28.741682],[152.48086,-28.741285],[152.481331,-28.740843],[152.481761,-28.740481],[152.482275,-28.740165],[152.482816,-28.739826],[152.483052,-28.739593],[152.483286,-28.739233],[152.483716,-28.738895],[152.484161,-28.738602],[152.484871,-28.738308],[152.485498,-28.738095],[152.485943,-28.73793],[152.486654,-28.737682],[152.487323,-28.737492],[152.487949,-28.73721],[152.488493,-28.73702],[152.488869,-28.736925],[152.489162,-28.736842],[152.489481,-28.736655],[152.489773,-28.736467],[152.489953,-28.736235],[152.490031,-28.73592],[152.490194,-28.735854],[152.490371,-28.735818],[152.490967,-28.735751],[152.491375,-28.735625],[152.491733,-28.735584],[152.492334,-28.735588],[152.493554,-28.735639],[152.494009,-28.735699],[152.494496,-28.735816],[152.495153,-28.736037],[152.495744,-28.736304],[152.496039,-28.736485],[152.496422,-28.736912],[152.497042,-28.737404],[152.497634,-28.737884],[152.498002,-28.738343],[152.498471,-28.739074],[152.498742,-28.739661],[152.498944,-28.740295],[152.499036,-28.741115],[152.498936,-28.74219],[152.49875,-28.743162],[152.498451,-28.744054],[152.498235,-28.74483],[152.497809,-28.74555],[152.49742,-28.745819],[152.497019,-28.746191],[152.496091,-28.747123],[152.495509,-28.747636],[152.495121,-28.747997],[152.495123,-28.748171],[152.495264,-28.748273],[152.495205,-28.748404],[152.495193,-28.748417],[152.494938,-28.748602],[152.494188,-28.748938],[152.493561,-28.749296],[152.493309,-28.74941],[152.493244,-28.749353],[152.49326,-28.749295],[152.49357,-28.74898],[152.493489,-28.748923],[152.493326,-28.748966],[152.492886,-28.749194],[152.492065,-28.749537],[152.491829,-28.749666],[152.491634,-28.749723],[152.491568,-28.749766],[152.491227,-28.749808],[152.491145,-28.749891],[152.490654,-28.750053],[152.49034,-28.750082],[152.490042,-28.750056],[152.489909,-28.75005],[152.489877,-28.750021],[152.489713,-28.749994],[152.48944,-28.74985],[152.489219,-28.749611],[152.489146,-28.749475],[152.489063,-28.749405],[152.488754,-28.749231],[152.488469,-28.74914],[152.488003,-28.749018],[152.487573,-28.748819],[152.487314,-28.748759],[152.486577,-28.748681],[152.486174,-28.748704],[152.485828,-28.748707],[152.48523,-28.748676],[152.484633,-28.74867],[152.48406,-28.748674],[152.483601,-28.74874],[152.483049,-28.748833],[152.482641,-28.748935],[152.482164,-28.749079],[152.481801,-28.749139],[152.481443,-28.749225],[152.481048,-28.749353],[152.48071,-28.749537],[152.480562,-28.749713],[152.480419,-28.749943],[152.480227,-28.750183],[152.479984,-28.750471],[152.479824,-28.7508],[152.479715,-28.751232],[152.479737,-28.751549],[152.479802,-28.751751],[152.479905,-28.751959],[152.480114,-28.752155],[152.480292,-28.75234],[152.480313,-28.752543],[152.480303,-28.752819],[152.48028,-28.753043],[152.48037,-28.753224],[152.480546,-28.753344],[152.48083,-28.753487],[152.481179,-28.753698],[152.481521,-28.753934],[152.481693,-28.754156],[152.481948,-28.754482],[152.482346,-28.754645],[152.482776,-28.754897],[152.483333,-28.755194],[152.483845,-28.755491],[152.484376,-28.755831],[152.485881,-28.756981],[152.486496,-28.757454],[152.486984,-28.757793],[152.487454,-28.758174],[152.487866,-28.758452],[152.488062,-28.758591],[152.488328,-28.758745],[152.488593,-28.758821],[152.488846,-28.758949],[152.489069,-28.759191],[152.489222,-28.759419],[152.489293,-28.759631],[152.489407,-28.759939],[152.489624,-28.760186],[152.490043,-28.760578],[152.49031,-28.760862],[152.490546,-28.761178],[152.490681,-28.761447],[152.490786,-28.76181],[152.49091,-28.762282],[152.491014,-28.762578],[152.491218,-28.762857],[152.491504,-28.763177],[152.491671,-28.763489],[152.491812,-28.763774],[152.49203,-28.764204],[152.492109,-28.764578],[152.492089,-28.764999],[152.491879,-28.765448],[152.491582,-28.765918],[152.491316,-28.766351],[152.491101,-28.766936],[152.491051,-28.767302],[152.491093,-28.767712],[152.491034,-28.768128],[152.490736,-28.768541],[152.490324,-28.768883],[152.489867,-28.769053],[152.489373,-28.769296],[152.488576,-28.769551],[152.487723,-28.769808],[152.487077,-28.770031],[152.486532,-28.770254],[152.48615,-28.770418],[152.485906,-28.770581],[152.485694,-28.770641],[152.485099,-28.770982],[152.484871,-28.77114],[152.484619,-28.771268],[152.48415,-28.771438],[152.483825,-28.771483],[152.483636,-28.771526],[152.483178,-28.77167],[152.482745,-28.771818],[152.48236,-28.771981],[152.482129,-28.77211],[152.481854,-28.772163],[152.48099,-28.772451],[152.480836,-28.772523],[152.480461,-28.772751],[152.479981,-28.77298],[152.479897,-28.773058],[152.479733,-28.773261],[152.479579,-28.773538],[152.479305,-28.773852],[152.479068,-28.774145],[152.478895,-28.77438],[152.478723,-28.774529],[152.478172,-28.775134],[152.47796,-28.775428],[152.477772,-28.776008],[152.477559,-28.776552],[152.477559,-28.776839],[152.477638,-28.777138],[152.477761,-28.777384],[152.478006,-28.777706],[152.478426,-28.778316],[152.478942,-28.778999],[152.479513,-28.779666],[152.479845,-28.77996],[152.480105,-28.780147],[152.480325,-28.780262],[152.480853,-28.780428],[152.482267,-28.780774],[152.482952,-28.781021],[152.483356,-28.781134],[152.483974,-28.781264],[152.485356,-28.781496],[152.486558,-28.781736],[152.486884,-28.781814],[152.487209,-28.781829],[152.487294,-28.781851],[152.487915,-28.782056],[152.488394,-28.782114],[152.488823,-28.782173],[152.48927,-28.782268],[152.489896,-28.782423],[152.490571,-28.782599],[152.491209,-28.782838],[152.492062,-28.783153],[152.492858,-28.783433],[152.493432,-28.783621],[152.493654,-28.783786],[152.494092,-28.784058],[152.494126,-28.784083],[152.494548,-28.784212],[152.494869,-28.784385],[152.495075,-28.784631],[152.495525,-28.78497],[152.495981,-28.785253],[152.496297,-28.785396],[152.496688,-28.785497],[152.496997,-28.785531],[152.497299,-28.785492],[152.497638,-28.785422],[152.497889,-28.785388],[152.498336,-28.785385],[152.498771,-28.785402],[152.499323,-28.785372],[152.499939,-28.785294],[152.500361,-28.785307],[152.500853,-28.785397],[152.501313,-28.785476],[152.501736,-28.785546],[152.50191,-28.785555],[152.502058,-28.785524],[152.502687,-28.785309],[152.502818,-28.785241],[152.503107,-28.785176],[152.503307,-28.785091],[152.503426,-28.784976],[152.503506,-28.784783],[152.503478,-28.784556],[152.503469,-28.784246],[152.50362,-28.783971],[152.503861,-28.783669],[152.50428,-28.783315],[152.504475,-28.783093],[152.504581,-28.78283],[152.504646,-28.782761],[152.504889,-28.782477],[152.505201,-28.782168],[152.505501,-28.781937],[152.505751,-28.781784],[152.506082,-28.781579],[152.506188,-28.7815],[152.506526,-28.781237],[152.507379,-28.780738],[152.507986,-28.780379],[152.508518,-28.780094],[152.509107,-28.77984],[152.509546,-28.779686],[152.509974,-28.77962],[152.510326,-28.779586],[152.510672,-28.779635],[152.511038,-28.779742],[152.511267,-28.779906],[152.511534,-28.780169],[152.511743,-28.780334],[152.512021,-28.780404],[152.512469,-28.780552],[152.512684,-28.780607],[152.513038,-28.780755],[152.51331,-28.780909],[152.513444,-28.781095],[152.51352,-28.78135],[152.513574,-28.781404],[152.513588,-28.781522],[152.513676,-28.781759],[152.51381,-28.78193],[152.513884,-28.782115],[152.514105,-28.782471],[152.514356,-28.783077],[152.514549,-28.783359],[152.514742,-28.783617],[152.514978,-28.784039],[152.515128,-28.784222],[152.515242,-28.784393],[152.515302,-28.784725],[152.515227,-28.785448],[152.515201,-28.785841],[152.515249,-28.786267],[152.515208,-28.786615],[152.515118,-28.786985],[152.515104,-28.787438],[152.514919,-28.787855],[152.514689,-28.788179],[152.514404,-28.788551],[152.514144,-28.788958],[152.514027,-28.789245],[152.51398,-28.789568],[152.513915,-28.790063],[152.513952,-28.790546],[152.514109,-28.79119],[152.514322,-28.791734],[152.514585,-28.792189],[152.514999,-28.79268],[152.515413,-28.793077],[152.515718,-28.793397],[152.516124,-28.793711],[152.516435,-28.793916],[152.516809,-28.794246],[152.517063,-28.794426],[152.517429,-28.794532],[152.51774,-28.794563],[152.518045,-28.794675],[152.518268,-28.794715],[152.518478,-28.79469],[152.519058,-28.794727],[152.519354,-28.794756],[152.519637,-28.794712],[152.519957,-28.794595],[152.520169,-28.794443],[152.520457,-28.794248],[152.520713,-28.794048],[152.520931,-28.793813],[152.521223,-28.793525],[152.521479,-28.793294],[152.521678,-28.793089],[152.521833,-28.792859],[152.521994,-28.792629],[152.522225,-28.792394],[152.522393,-28.792169],[152.522597,-28.791876],[152.522771,-28.791599],[152.522982,-28.791306],[152.523181,-28.791102],[152.52348,-28.790782],[152.523684,-28.790474],[152.523948,-28.790036],[152.5241,-28.789674],[152.524565,-28.78915],[152.524703,-28.788691],[152.524861,-28.788327],[152.525053,-28.787966],[152.525232,-28.787617],[152.525454,-28.787235],[152.525838,-28.786866],[152.526113,-28.786677],[152.526419,-28.786425],[152.526756,-28.786167],[152.527155,-28.78579],[152.527498,-28.785527],[152.527985,-28.785138],[152.528304,-28.784912],[152.52859,-28.784567],[152.528794,-28.784284],[152.5291,-28.78398],[152.529429,-28.783624],[152.529658,-28.783332],[152.529744,-28.783263],[152.529759,-28.783211],[152.530134,-28.78287],[152.530224,-28.782739],[152.530239,-28.78266],[152.53036,-28.782463],[152.530571,-28.781898],[152.530767,-28.781636],[152.530767,-28.781597],[152.530992,-28.781374],[152.53139,-28.781205],[152.531714,-28.781082],[152.532136,-28.781053],[152.532563,-28.781003],[152.532959,-28.780916],[152.533329,-28.780825],[152.53365,-28.780796],[152.533967,-28.780747],[152.534307,-28.780765],[152.534673,-28.780845],[152.535178,-28.781039],[152.535659,-28.781295],[152.53614,-28.78152],[152.536482,-28.781683],[152.536834,-28.781701],[152.537185,-28.781563],[152.537631,-28.781568],[152.538098,-28.781616],[152.538576,-28.781643],[152.53928,-28.781554],[152.539935,-28.781549],[152.540349,-28.781483],[152.54079,-28.781511],[152.541182,-28.781643],[152.541561,-28.781795],[152.541765,-28.782043],[152.541907,-28.782417],[152.542125,-28.782779],[152.542368,-28.783089],[152.542787,-28.78346],[152.542992,-28.78377],[152.543136,-28.784341],[152.543292,-28.784818],[152.543426,-28.785513],[152.543559,-28.786282],[152.543691,-28.786852],[152.543736,-28.787438],[152.543678,-28.787938],[152.543483,-28.788532],[152.543352,-28.788838],[152.543188,-28.789221],[152.543017,-28.789721],[152.542773,-28.79043],[152.542577,-28.790962],[152.542245,-28.791693],[152.541974,-28.792277],[152.541642,-28.793018],[152.541395,-28.793509],[152.541277,-28.793982],[152.54122,-28.794533],[152.54111,-28.794909],[152.540802,-28.795535],[152.540631,-28.796056],[152.540374,-28.796776],[152.540228,-28.797193],[152.539945,-28.797799],[152.539686,-28.798341],[152.539439,-28.798842],[152.539204,-28.799219],[152.538895,-28.799762],[152.538737,-28.800273],[152.538507,-28.801117],[152.538298,-28.801587],[152.538036,-28.8019],[152.537763,-28.802277],[152.537591,-28.802632],[152.537446,-28.803095],[152.537439,-28.803134],[152.537304,-28.803239],[152.537184,-28.80337],[152.537034,-28.803606],[152.536958,-28.803856],[152.536949,-28.804054],[152.537016,-28.804277],[152.537402,-28.804725],[152.537464,-28.804954],[152.537459,-28.805454],[152.537388,-28.805891],[152.537381,-28.806473],[152.53741,-28.806827],[152.537501,-28.807117],[152.537629,-28.807453],[152.53781,-28.807857],[152.537915,-28.808252],[152.538032,-28.808594],[152.538136,-28.808926],[152.538215,-28.809258],[152.538281,-28.809507],[152.538398,-28.80989],[152.538479,-28.81041],[152.538509,-28.810888],[152.538576,-28.81122],[152.538782,-28.811728],[152.538937,-28.81209],[152.539119,-28.812557],[152.539238,-28.813097],[152.539305,-28.813554],[152.53927,-28.81395],[152.539222,-28.814134],[152.539102,-28.814292],[152.539102,-28.814449],[152.53916,-28.814673],[152.53913,-28.814726],[152.539175,-28.814778],[152.539204,-28.814936],[152.539263,-28.815068],[152.539335,-28.815156],[152.539868,-28.815625],[152.539999,-28.815759],[152.540304,-28.816032],[152.540601,-28.816217],[152.540905,-28.816391],[152.541184,-28.816524],[152.54133,-28.816637],[152.541532,-28.816719],[152.541811,-28.816862],[152.542177,-28.816953],[152.542524,-28.81708],[152.542816,-28.817244],[152.543266,-28.817542],[152.543601,-28.817726],[152.543999,-28.817837],[152.544233,-28.817867],[152.544547,-28.817874],[152.544749,-28.817868],[152.544994,-28.817829],[152.545566,-28.817798],[152.546378,-28.817652],[152.546894,-28.817642],[152.547474,-28.817674],[152.547965,-28.81768],[152.548204,-28.817647],[152.548733,-28.817627],[152.549211,-28.817618],[152.549507,-28.817647],[152.549854,-28.81767],[152.550193,-28.817641],[152.550425,-28.81754],[152.550662,-28.817357],[152.550838,-28.817261],[152.551038,-28.817177],[152.551214,-28.817139],[152.55151,-28.817126],[152.551812,-28.817129],[152.552121,-28.817157],[152.552486,-28.817201],[152.5532,-28.817329],[152.553711,-28.81744],[152.554122,-28.817571],[152.554571,-28.81777],[152.55488,-28.817862],[152.555198,-28.818082],[152.555489,-28.818319],[152.555839,-28.818628],[152.556074,-28.818865],[152.556387,-28.819248],[152.556535,-28.819563],[152.556673,-28.820089],[152.556785,-28.820613],[152.557012,-28.821235],[152.557163,-28.821816],[152.557199,-28.822257],[152.557218,-28.822787],[152.55721,-28.823255],[152.557171,-28.823698],[152.557093,-28.824088],[152.556973,-28.824527],[152.556819,-28.824846],[152.556603,-28.825212],[152.556311,-28.825542],[152.556137,-28.825787],[152.555945,-28.826137],[152.55563,-28.826605],[152.555166,-28.827322],[152.55462,-28.828075],[152.554092,-28.828792],[152.553533,-28.829467],[152.552979,-28.830158],[152.552538,-28.830686],[152.552075,-28.831164],[152.551471,-28.831751],[152.551079,-28.832227],[152.550587,-28.832782],[152.550195,-28.833186],[152.549771,-28.833548],[152.549392,-28.833876],[152.549136,-28.834102],[152.548332,-28.834826],[152.547577,-28.835466],[152.546808,-28.836008],[152.546235,-28.836442],[152.545624,-28.837014],[152.545146,-28.837595],[152.544742,-28.838159],[152.544241,-28.83898],[152.543791,-28.83976],[152.543555,-28.840074],[152.543145,-28.840623],[152.542772,-28.841073],[152.542298,-28.841519],[152.541779,-28.841903],[152.541298,-28.842234],[152.540805,-28.842654],[152.540378,-28.843155],[152.539836,-28.843767],[152.539301,-28.844422],[152.53886,-28.844971],[152.538575,-28.845374],[152.538194,-28.845725],[152.537833,-28.846092],[152.537462,-28.846573],[152.537301,-28.84685],[152.537197,-28.847153],[152.53715,-28.847465],[152.537228,-28.84773],[152.53744,-28.848128],[152.537727,-28.848495],[152.538149,-28.849027],[152.538713,-28.849561],[152.539196,-28.849978],[152.539564,-28.85025],[152.539907,-28.850528],[152.540131,-28.85087],[152.540381,-28.851299],[152.540604,-28.851604],[152.54089,-28.851799],[152.541232,-28.851958],[152.541592,-28.852064],[152.541895,-28.85217],[152.5423,-28.852318],[152.54273,-28.852491],[152.543163,-28.85276],[152.543956,-28.8533],[152.544747,-28.85373],[152.545399,-28.853948],[152.546189,-28.854249],[152.547086,-28.854496],[152.54785,-28.854667],[152.548361,-28.854766],[152.549093,-28.85487],[152.550203,-28.85502],[152.551686,-28.855294],[152.552929,-28.855565],[152.554261,-28.855819],[152.555321,-28.85594],[152.556286,-28.856124],[152.55736,-28.8564],[152.558061,-28.856602],[152.558907,-28.856829],[152.559546,-28.857068],[152.560496,-28.857502],[152.561198,-28.857808],[152.561754,-28.857985],[152.562208,-28.858029],[152.562616,-28.857937],[152.562841,-28.857737],[152.563046,-28.857491],[152.563359,-28.85727],[152.56388,-28.857141],[152.564321,-28.857169],[152.564707,-28.857298],[152.565156,-28.857466],[152.565517,-28.857635],[152.565808,-28.857757],[152.566086,-28.857827],[152.566521,-28.857871],[152.566962,-28.857877],[152.567459,-28.857899],[152.567687,-28.857944],[152.567877,-28.858052],[152.568068,-28.858253],[152.568388,-28.858713],[152.568567,-28.858935],[152.568772,-28.859318],[152.569009,-28.859617],[152.56918,-28.859788],[152.569466,-28.860025],[152.569745,-28.860188],[152.569974,-28.860358],[152.570999,-28.861302],[152.571509,-28.861802],[152.571979,-28.862261],[152.572444,-28.862704],[152.572782,-28.863055],[152.573234,-28.863488],[152.573425,-28.863705],[152.573433,-28.863866],[152.573379,-28.864121],[152.573282,-28.864429],[152.57305,-28.865003],[152.572946,-28.8653],[152.572811,-28.865582],[152.572614,-28.866026],[152.572393,-28.866547],[152.571802,-28.867784],[152.571425,-28.86851],[152.571103,-28.869007],[152.570753,-28.86966],[152.570595,-28.87015],[152.570438,-28.870828],[152.570212,-28.871469],[152.569887,-28.872309],[152.56952,-28.873203],[152.569305,-28.873688],[152.568969,-28.874626],[152.568689,-28.875554],[152.56838,-28.876588],[152.568216,-28.87713],[152.567893,-28.87811],[152.567434,-28.879377],[152.567039,-28.880609],[152.566807,-28.881375],[152.566541,-28.882318],[152.56624,-28.8831],[152.565993,-28.883962],[152.565676,-28.884922],[152.565344,-28.885667],[152.565164,-28.885971],[152.564554,-28.887059],[152.564307,-28.887482],[152.564076,-28.887708],[152.563837,-28.88773],[152.563591,-28.887696],[152.563238,-28.88772],[152.562993,-28.887764],[152.562786,-28.887849],[152.562593,-28.888048],[152.562363,-28.888356],[152.562015,-28.888785],[152.561841,-28.889047],[152.561762,-28.889261],[152.561696,-28.88963],[152.561662,-28.889968],[152.561464,-28.890272],[152.561164,-28.890503],[152.560664,-28.890783],[152.560079,-28.891143],[152.559285,-28.891773],[152.558842,-28.892156],[152.558499,-28.892481],[152.558125,-28.892807],[152.557506,-28.893316],[152.557288,-28.893531],[152.557145,-28.89375],[152.557161,-28.894015],[152.557276,-28.894155],[152.557423,-28.894393],[152.55754,-28.894704],[152.557543,-28.894948],[152.55735,-28.895179],[152.557034,-28.895348],[152.556777,-28.895543],[152.556485,-28.895862],[152.556125,-28.896364],[152.555808,-28.896824],[152.555562,-28.897331],[152.555278,-28.897889],[152.554969,-28.898484],[152.554684,-28.898944],[152.554495,-28.899534],[152.554626,-28.89998],[152.554757,-28.900375],[152.554862,-28.900857],[152.554943,-28.90134],[152.554911,-28.901811],[152.554858,-28.902165],[152.554729,-28.902509],[152.554492,-28.902719],[152.554085,-28.902915],[152.553791,-28.903151],[152.553601,-28.903334],[152.552924,-28.903985],[152.552332,-28.904603],[152.551836,-28.905191],[152.55157,-28.905698],[152.551311,-28.906184],[152.550951,-28.90668],[152.550764,-28.906858],[152.550513,-28.906939],[152.550079,-28.907088],[152.549609,-28.907294],[152.549345,-28.90739],[152.548926,-28.907573],[152.54857,-28.907862],[152.54829,-28.908171],[152.548035,-28.908485],[152.547961,-28.908662],[152.54797,-28.908855],[152.548137,-28.909222],[152.548303,-28.909387],[152.54843,-28.909501],[152.548747,-28.90968],[152.548912,-28.909829],[152.549367,-28.910167],[152.550203,-28.910597],[152.551185,-28.910995],[152.552299,-28.911515],[152.553448,-28.912098],[152.554321,-28.912388],[152.554676,-28.912556],[152.555079,-28.912589],[152.555494,-28.912456],[152.55582,-28.912344],[152.556291,-28.912164],[152.556756,-28.912009],[152.557351,-28.911682],[152.557865,-28.911412],[152.558273,-28.911284],[152.558423,-28.911215],[152.558607,-28.911086],[152.558864,-28.911001],[152.559335,-28.910893],[152.559813,-28.910769],[152.560427,-28.910489],[152.561199,-28.910212],[152.561952,-28.909878],[152.562655,-28.909607],[152.56322,-28.909395],[152.563501,-28.909226],[152.563568,-28.908991],[152.563609,-28.908695],[152.563788,-28.908366],[152.564285,-28.907753],[152.564729,-28.907061],[152.564969,-28.906539],[152.565088,-28.906114],[152.565374,-28.905706],[152.566065,-28.90503],[152.566502,-28.904625],[152.566909,-28.904336],[152.567178,-28.904199],[152.567487,-28.90416],[152.568017,-28.904265],[152.568731,-28.904487],[152.569483,-28.904725],[152.5705,-28.905234],[152.571142,-28.905675],[152.571722,-28.906289],[152.572315,-28.906986],[152.572965,-28.907641],[152.573368,-28.90823],[152.573694,-28.908669],[152.57419,-28.909024],[152.574654,-28.909215],[152.575242,-28.90945],[152.575754,-28.909596],[152.576366,-28.909674],[152.577029,-28.909856],[152.577496,-28.90993],[152.577844,-28.910098],[152.578529,-28.910446],[152.579179,-28.910775],[152.579743,-28.911113],[152.580107,-28.911484],[152.580294,-28.911925],[152.580489,-28.912454],[152.580566,-28.913133],[152.580607,-28.913982],[152.58062,-28.914621],[152.580401,-28.915305],[152.580379,-28.916084],[152.580334,-28.917197],[152.58026,-28.917926],[152.58028,-28.918649],[152.580337,-28.919257],[152.580259,-28.919601],[152.580259,-28.920131],[152.58033,-28.921442],[152.580401,-28.922227],[152.580503,-28.922912],[152.580537,-28.923676],[152.580557,-28.924956],[152.580618,-28.925855],[152.580702,-28.926624],[152.580825,-28.92758],[152.580931,-28.928052],[152.580988,-28.928604],[152.580869,-28.929229],[152.580662,-28.929959],[152.580354,-28.93059],[152.579994,-28.931051],[152.579635,-28.931411],[152.579097,-28.931717],[152.578414,-28.932061],[152.577906,-28.932366],[152.577586,-28.932483],[152.577328,-28.932486],[152.577023,-28.932332],[152.576354,-28.931965],[152.575608,-28.931721],[152.57485,-28.931572],[152.574275,-28.931467],[152.573562,-28.931328],[152.572948,-28.931085],[152.572383,-28.930756],[152.571934,-28.930515],[152.571635,-28.930274],[152.571363,-28.929952],[152.571145,-28.92958],[152.570888,-28.929192],[152.570606,-28.928716],[152.57035,-28.928302],[152.570038,-28.928019],[152.569562,-28.927722],[152.568563,-28.927128],[152.567928,-28.926733],[152.567459,-28.926445],[152.566978,-28.926252],[152.566415,-28.926095],[152.565936,-28.926074],[152.565515,-28.926191],[152.565163,-28.926303],[152.564917,-28.926447],[152.564624,-28.926587],[152.564344,-28.926751],[152.564065,-28.926931],[152.56381,-28.92713],[152.563581,-28.92735],[152.563407,-28.927564],[152.563255,-28.927785],[152.563114,-28.928024],[152.562975,-28.928255],[152.562873,-28.928524],[152.562802,-28.928808],[152.562766,-28.929122],[152.562735,-28.929439],[152.562674,-28.929717],[152.562543,-28.929942],[152.562375,-28.930085],[152.562156,-28.930202],[152.561689,-28.930361],[152.561453,-28.93043],[152.560707,-28.930585],[152.55974,-28.930561],[152.55897,-28.930495],[152.558221,-28.930579],[152.557389,-28.93056],[152.556601,-28.930509],[152.555618,-28.930538],[152.554287,-28.930673],[152.552923,-28.930949],[152.551552,-28.931262],[152.550534,-28.931535],[152.549743,-28.931844],[152.548638,-28.932364],[152.547962,-28.932807],[152.547468,-28.933232],[152.547245,-28.933535],[152.547159,-28.933785],[152.547098,-28.933973],[152.546954,-28.934083],[152.546716,-28.934184],[152.546477,-28.934248],[152.546326,-28.934281],[152.545925,-28.934435],[152.545592,-28.934593],[152.545385,-28.934683],[152.545172,-28.934742],[152.544983,-28.934807],[152.544604,-28.935175],[152.544442,-28.935385],[152.544224,-28.935636],[152.544018,-28.935846],[152.543945,-28.936054],[152.543973,-28.936314],[152.544077,-28.936625],[152.544206,-28.936863],[152.544295,-28.937024],[152.544424,-28.937236],[152.544534,-28.937547],[152.544517,-28.937672],[152.544544,-28.937848],[152.544655,-28.938273],[152.544727,-28.938576],[152.5448,-28.938893],[152.54503,-28.939229],[152.545102,-28.939457],[152.545225,-28.939742],[152.545265,-28.939939],[152.545186,-28.940257],[152.545189,-28.940564],[152.545371,-28.941066],[152.545566,-28.94169],[152.545619,-28.941981],[152.545781,-28.942359],[152.546023,-28.942648],[152.546299,-28.943036],[152.546529,-28.943341],[152.546764,-28.943557],[152.546998,-28.943586],[152.547182,-28.943699],[152.547284,-28.943828],[152.547329,-28.943916],[152.547338,-28.944119],[152.547378,-28.944342],[152.547461,-28.944487],[152.547652,-28.944631],[152.54798,-28.944901],[152.548263,-28.945387],[152.548488,-28.945843],[152.548637,-28.946232],[152.548854,-28.946474],[152.549108,-28.94674],[152.549267,-28.947373],[152.549426,-28.948142],[152.549553,-28.948785],[152.549567,-28.94957],[152.549721,-28.950459],[152.549766,-28.951082],[152.549849,-28.951835],[152.549791,-28.952288],[152.549887,-28.95302],[152.550034,-28.953794],[152.550148,-28.954584],[152.550272,-28.954947],[152.55059,-28.95521],[152.550963,-28.955321],[152.551321,-28.955416],[152.551782,-28.955542],[152.552332,-28.955673],[152.552674,-28.955748],[152.552976,-28.955751],[152.55331,-28.955758],[152.553601,-28.955808],[152.553742,-28.956025],[152.553878,-28.956362],[152.553843,-28.956716],[152.553768,-28.957304],[152.553722,-28.957676],[152.553702,-28.958206],[152.553692,-28.958981],[152.55359,-28.959548],[152.553408,-28.960114],[152.553407,-28.96064],[152.553563,-28.961085],[152.553986,-28.96169],[152.554513,-28.962627],[152.555156,-28.963822],[152.555817,-28.965075],[152.556168,-28.966153],[152.556485,-28.967456],[152.556908,-28.969361],[152.557153,-28.970455],[152.557514,-28.971789],[152.557962,-28.973144],[152.558263,-28.974134],[152.558831,-28.976611],[152.559043,-28.977638],[152.559271,-28.978827],[152.559564,-28.980338],[152.559708,-28.981382],[152.559878,-28.98255],[152.560015,-28.983559],[152.56006,-28.984208],[152.560283,-28.985043],[152.560494,-28.985843],[152.560612,-28.98633],[152.560426,-28.986617],[152.560045,-28.986899],[152.559745,-28.987186],[152.559415,-28.987589],[152.559224,-28.987967],[152.558983,-28.988483],[152.558817,-28.988885],[152.55866,-28.989468],[152.558516,-28.990078],[152.558245,-28.99004],[152.553261,-28.989295],[152.553064,-28.989265],[152.551262,-28.988997],[152.551255,-28.988902],[152.551012,-28.988711],[152.55093,-28.988768],[152.55072,-28.988767],[152.550359,-28.988688],[152.549977,-28.988551],[152.549848,-28.988466],[152.549606,-28.988209],[152.549462,-28.987987],[152.544241,-28.987212],[152.534048,-28.985697],[152.533754,-28.984699],[152.533674,-28.984514],[152.533529,-28.984286],[152.533304,-28.984058],[152.533094,-28.983958],[152.5329,-28.983943],[152.532755,-28.983985],[152.532511,-28.984183],[152.532462,-28.984268],[152.532427,-28.984752],[152.532378,-28.984936],[152.532215,-28.985263],[152.532182,-28.985391],[152.531905,-28.985873],[152.531742,-28.986072],[152.53153,-28.986412],[152.531351,-28.986824],[152.531286,-28.986895],[152.530943,-28.987577],[152.530715,-28.987888],[152.530065,-28.988484],[152.52996,-28.988502],[152.529823,-28.988369],[152.529743,-28.988241],[152.529647,-28.987984],[152.529615,-28.987785],[152.52952,-28.987486],[152.529359,-28.987244],[152.52902,-28.987015],[152.52881,-28.986915],[152.528487,-28.986857],[152.528132,-28.986742],[152.527858,-28.986599],[152.527163,-28.986355],[152.52684,-28.986169],[152.526293,-28.985697],[152.525714,-28.984899],[152.525715,-28.984731],[152.524735,-28.984645],[152.524566,-28.984628],[152.516572,-28.983581],[152.516943,-28.981566],[152.512822,-28.980986],[152.512612,-28.980957],[152.508325,-28.980353],[152.509573,-28.973254],[152.50152,-28.972106],[152.493206,-28.970914],[152.486873,-28.970005],[152.486653,-28.969974],[152.486888,-28.971995],[152.487723,-28.973976],[152.489403,-28.975186],[152.488729,-28.976837],[152.488649,-28.977093],[152.486613,-28.97661],[152.485321,-28.976172],[152.484116,-28.975581],[152.483561,-28.97522],[152.482502,-28.974819],[152.48108,-28.973939],[152.479688,-28.973667],[152.477542,-28.972734],[152.476748,-28.9726],[152.475594,-28.972634],[152.472972,-28.973119],[152.472346,-28.972688],[152.472066,-28.972486],[152.471838,-28.972913],[152.47162,-28.973179],[152.471322,-28.973394],[152.471051,-28.973463],[152.470636,-28.973524],[152.469685,-28.973619],[152.468425,-28.973733],[152.467974,-28.973745],[152.467545,-28.973718],[152.467109,-28.973664],[152.466877,-28.973733],[152.466576,-28.973933],[152.466244,-28.974123],[152.465817,-28.974266],[152.465571,-28.97433],[152.465319,-28.974369],[152.465119,-28.974474],[152.464693,-28.974764],[152.464417,-28.974916],[152.46409,-28.975007],[152.463726,-28.975039],[152.463455,-28.975114],[152.463218,-28.975308],[152.462868,-28.975628],[152.462606,-28.975905],[152.462482,-28.976192],[152.46241,-28.976541],[152.462343,-28.976765],[152.462182,-28.977011],[152.462084,-28.977318],[152.462061,-28.977604],[152.46207,-28.977822],[152.462147,-28.97803],[152.462294,-28.978317],[152.462581,-28.978622],[152.463057,-28.978956],[152.46364,-28.979212],[152.464342,-28.979461],[152.464865,-28.979509],[152.465465,-28.979588],[152.466084,-28.979682],[152.466545,-28.979709],[152.467478,-28.979646],[152.468114,-28.979547],[152.468448,-28.979527],[152.468652,-28.979534],[152.468904,-28.979587],[152.46925,-28.979595],[152.469779,-28.979544],[152.470038,-28.979511],[152.470295,-28.979436],[152.470635,-28.979371],[152.471247,-28.979387],[152.471864,-28.979552],[152.472269,-28.979721],[152.472625,-28.979941],[152.472899,-28.98023],[152.473313,-28.980685],[152.473569,-28.981031],[152.473742,-28.981331],[152.473769,-28.98157],[152.473714,-28.981758],[152.473634,-28.98193],[152.473642,-28.982112],[152.473798,-28.982526],[152.473909,-28.982943],[152.474002,-28.98341],[152.474153,-28.984007],[152.474353,-28.984484],[152.474609,-28.984892],[152.474897,-28.985322],[152.475089,-28.985606],[152.475187,-28.98592],[152.475279,-28.98634],[152.475296,-28.986735],[152.47526,-28.986927],[152.475154,-28.987043],[152.475079,-28.987168],[152.4751,-28.987312],[152.475191,-28.987592],[152.475365,-28.988022],[152.475405,-28.988256],[152.475346,-28.988625],[152.475362,-28.988958],[152.475421,-28.98915],[152.475581,-28.98944],[152.475881,-28.989765],[152.476111,-28.990067],[152.476228,-28.990378],[152.476205,-28.990648],[152.475963,-28.990988],[152.475619,-28.991287],[152.475144,-28.991707],[152.474862,-28.991901],[152.47439,-28.992014],[152.474069,-28.992027],[152.473804,-28.991998],[152.473418,-28.991876],[152.473032,-28.991765],[152.472635,-28.991757],[152.472364,-28.991743],[152.472041,-28.991674],[152.471523,-28.991527],[152.470888,-28.991304],[152.470269,-28.991122],[152.469782,-28.991021],[152.46929,-28.990973],[152.468823,-28.990977],[152.468313,-28.991038],[152.467985,-28.991045],[152.467613,-28.990981],[152.467322,-28.99092],[152.467044,-28.990808],[152.466721,-28.990681],[152.466303,-28.990502],[152.465898,-28.990417],[152.46552,-28.99043],[152.465187,-28.990521],[152.464798,-28.9907],[152.464525,-28.990898],[152.464287,-28.991124],[152.464089,-28.991452],[152.463873,-28.99199],[152.463758,-28.992479],[152.463819,-28.992874],[152.463993,-28.993247],[152.464141,-28.993573],[152.464221,-28.993983],[152.4642,-28.994456],[152.464186,-28.99494],[152.464242,-28.995431],[152.464434,-28.9958],[152.46444,-28.995849],[152.46447,-28.996332],[152.464432,-28.996899],[152.46445,-28.99744],[152.464574,-28.997932],[152.46469,-28.99836],[152.464784,-28.998535],[152.464953,-28.998733],[152.465392,-28.999074],[152.46558,-28.999279],[152.46601,-28.999688],[152.466329,-28.999961],[152.466915,-29.000193],[152.467559,-29.000578],[152.467926,-29.000915],[152.467984,-29.001016],[152.468067,-29.001175],[152.469159,-29.00182],[152.471277,-29.002695],[152.472058,-29.003225],[152.472365,-29.003551],[152.472409,-29.003672],[152.472439,-29.003924],[152.472331,-29.0042],[152.472001,-29.004585],[152.471744,-29.004915],[152.471421,-29.00503],[152.470786,-29.005116],[152.46984,-29.005459],[152.469172,-29.005516],[152.467461,-29.005874],[152.466707,-29.006367],[152.466379,-29.00654],[152.465909,-29.006861],[152.465439,-29.007232],[152.464957,-29.007675],[152.46464,-29.008025],[152.464487,-29.008269],[152.464297,-29.008537],[152.463758,-29.009668],[152.463187,-29.010513],[152.463235,-29.011244],[152.462974,-29.011631],[152.462028,-29.012325],[152.461941,-29.012392],[152.461821,-29.012477],[152.461312,-29.012972],[152.460827,-29.013425],[152.460591,-29.013739],[152.460337,-29.014322],[152.4601,-29.014729],[152.459982,-29.01502],[152.459681,-29.01555],[152.459618,-29.015719],[152.459445,-29.01597],[152.45905,-29.016309],[152.458664,-29.016718],[152.458178,-29.017272],[152.457784,-29.017718],[152.457315,-29.018165],[152.456587,-29.01869],[152.455898,-29.019338],[152.455672,-29.019657],[152.45517,-29.020509],[152.45489,-29.021299],[152.454622,-29.022317],[152.454368,-29.022954],[152.454151,-29.023483],[152.454072,-29.024549],[152.45447,-29.025293],[152.454649,-29.025885],[152.454894,-29.02631],[152.455157,-29.026698],[152.455318,-29.026943],[152.455381,-29.027084],[152.456359,-29.02783],[152.457348,-29.028292],[152.458411,-29.029006],[152.458933,-29.029579],[152.459386,-29.029856],[152.459689,-29.030267],[152.459832,-29.030617],[152.459834,-29.030869],[152.459829,-29.031267],[152.45983,-29.031591],[152.459115,-29.032227],[152.458394,-29.032745],[152.458007,-29.032863],[152.457582,-29.033004],[152.457231,-29.03316],[152.456824,-29.033239],[152.456397,-29.033189],[152.455745,-29.033003],[152.455206,-29.032884],[152.45475,-29.03275],[152.454005,-29.032481],[152.453251,-29.032211],[152.452658,-29.031871],[152.451694,-29.03128],[152.450892,-29.030698],[152.450499,-29.030418],[152.450065,-29.030097],[152.449169,-29.029445],[152.448321,-29.029172],[152.447702,-29.028757],[152.447262,-29.028556],[152.446122,-29.02834],[152.445666,-29.028455],[152.445078,-29.02887],[152.444166,-29.029184],[152.44335,-29.0298],[152.442046,-29.030229],[152.44136,-29.030816],[152.439371,-29.031602],[152.438993,-29.031848],[152.437942,-29.032208],[152.437109,-29.032428],[152.436126,-29.03245],[152.434979,-29.032544],[152.434279,-29.032595],[152.433733,-29.032671],[152.433269,-29.032663],[152.432795,-29.032617],[152.432219,-29.032495],[152.431655,-29.032472],[152.431098,-29.032438],[152.430315,-29.032517],[152.429755,-29.03267],[152.429396,-29.032871],[152.428846,-29.033101],[152.428515,-29.033401],[152.428247,-29.033591],[152.427961,-29.033719],[152.427535,-29.033829],[152.427356,-29.034028],[152.426637,-29.03426],[152.425462,-29.035061],[152.424042,-29.036521],[152.42377,-29.036647],[152.424203,-29.036863],[152.424415,-29.036895],[152.443897,-29.039755],[152.441567,-29.052125],[152.441565,-29.052136],[152.441095,-29.053076],[152.44107,-29.053125],[152.440961,-29.053366],[152.439872,-29.05335],[152.43887,-29.054599],[152.436897,-29.055792],[152.436061,-29.056547],[152.435889,-29.057144],[152.435678,-29.059363],[152.434993,-29.06025],[152.433283,-29.060953],[152.43239,-29.062678],[152.431074,-29.063786],[152.430571,-29.064585],[152.430989,-29.065408],[152.431102,-29.066651],[152.431278,-29.067389],[152.431539,-29.069129],[152.43111,-29.071963],[152.430129,-29.073332],[152.428747,-29.07432],[152.427791,-29.074612],[152.426375,-29.074586],[152.42434,-29.075452],[152.42402,-29.077213],[152.421748,-29.078699],[152.421305,-29.080484],[152.418978,-29.081045],[152.421006,-29.084096],[152.455006,-29.089027],[152.452551,-29.102037],[152.451815,-29.101929],[152.449061,-29.116383],[152.449974,-29.116519],[152.448567,-29.123416],[152.446647,-29.132574],[152.444231,-29.144175],[152.443831,-29.144391],[152.443425,-29.144596],[152.443013,-29.144789],[152.442596,-29.14497],[152.442175,-29.145139],[152.441788,-29.145293],[152.441593,-29.145366],[152.441396,-29.14543],[152.441196,-29.145479],[152.44087,-29.14552],[152.440535,-29.145521],[152.440196,-29.145498],[152.439855,-29.145467],[152.439518,-29.145442],[152.438932,-29.145396],[152.438346,-29.145328],[152.437762,-29.145255],[152.437177,-29.145193],[152.436591,-29.14516],[152.436314,-29.14515],[152.436035,-29.145135],[152.435756,-29.145129],[152.435482,-29.14514],[152.435213,-29.14518],[152.434916,-29.145264],[152.434623,-29.145383],[152.434337,-29.145526],[152.434059,-29.145685],[152.433791,-29.145853],[152.433437,-29.146115],[152.433107,-29.146415],[152.432792,-29.146737],[152.432482,-29.147066],[152.432168,-29.147387],[152.431927,-29.147623],[152.431688,-29.14786],[152.431213,-29.148338],[152.430975,-29.148576],[152.430635,-29.148938],[152.430305,-29.149314],[152.429971,-29.149684],[152.429618,-29.150025],[152.429234,-29.150316],[152.428891,-29.150543],[152.428713,-29.150648],[152.428532,-29.150732],[152.428346,-29.150782],[152.428167,-29.15079],[152.427982,-29.150765],[152.427795,-29.150724],[152.427606,-29.150681],[152.427419,-29.150652],[152.427242,-29.150631],[152.427063,-29.150608],[152.426884,-29.150591],[152.426708,-29.150588],[152.426537,-29.150607],[152.426348,-29.150664],[152.426165,-29.150749],[152.425985,-29.150853],[152.425637,-29.151079],[152.425458,-29.151204],[152.425288,-29.15134],[152.425119,-29.15148],[152.424948,-29.151616],[152.424769,-29.15174],[152.424545,-29.151877],[152.424314,-29.15201],[152.424077,-29.15213],[152.423835,-29.152229],[152.423588,-29.152298],[152.423367,-29.152329],[152.42314,-29.152336],[152.42291,-29.152328],[152.42268,-29.152312],[152.422452,-29.152294],[152.422154,-29.152261],[152.421858,-29.152211],[152.421562,-29.152154],[152.421266,-29.152099],[152.420969,-29.152055],[152.420698,-29.152025],[152.420426,-29.151999],[152.420154,-29.151977],[152.419882,-29.151961],[152.41909,-29.151941],[152.41883,-29.151944],[152.418575,-29.151966],[152.41833,-29.152019],[152.41804,-29.152128],[152.417753,-29.152276],[152.41748,-29.152458],[152.417233,-29.152665],[152.417025,-29.152893],[152.41689,-29.153095],[152.416779,-29.153317],[152.416684,-29.153552],[152.416599,-29.153791],[152.416518,-29.154029],[152.416416,-29.154356],[152.416333,-29.15469],[152.416263,-29.155029],[152.416201,-29.15537],[152.416142,-29.15571],[152.416085,-29.156064],[152.416035,-29.15642],[152.415992,-29.156778],[152.415953,-29.157135],[152.415917,-29.157493],[152.415903,-29.157798],[152.415908,-29.158109],[152.415907,-29.158418],[152.415877,-29.158713],[152.415795,-29.158984],[152.415723,-29.159131],[152.415638,-29.159274],[152.415544,-29.159412],[152.415439,-29.15954],[152.415326,-29.159656],[152.415211,-29.159744],[152.415085,-29.159819],[152.414952,-29.159888],[152.414822,-29.159959],[152.4147,-29.160041],[152.414566,-29.160149],[152.414436,-29.160264],[152.414313,-29.160386],[152.414198,-29.160515],[152.414093,-29.16065],[152.413928,-29.160936],[152.413804,-29.161257],[152.413714,-29.161599],[152.413652,-29.161948],[152.413613,-29.162291],[152.413597,-29.162533],[152.413595,-29.162777],[152.413606,-29.163023],[152.413631,-29.163266],[152.413667,-29.163506],[152.413737,-29.163827],[152.413831,-29.164147],[152.413949,-29.164462],[152.414087,-29.164765],[152.414245,-29.165054],[152.414465,-29.165374],[152.414723,-29.165674],[152.415006,-29.165958],[152.415303,-29.16623],[152.415599,-29.166497],[152.415965,-29.166813],[152.416345,-29.167114],[152.416737,-29.167401],[152.417139,-29.167674],[152.417548,-29.167933],[152.417774,-29.168054],[152.41801,-29.168162],[152.418245,-29.168271],[152.418465,-29.168394],[152.41866,-29.168545],[152.418717,-29.168595],[152.418778,-29.168647],[152.418836,-29.1687],[152.41888,-29.168756],[152.418902,-29.168814],[152.41889,-29.168882],[152.418846,-29.168955],[152.418782,-29.16903],[152.418711,-29.169105],[152.418648,-29.169175],[152.418513,-29.169315],[152.418361,-29.169441],[152.418203,-29.169562],[152.418049,-29.169687],[152.417911,-29.169825],[152.417784,-29.169975],[152.417661,-29.170133],[152.417548,-29.170298],[152.417451,-29.170468],[152.417377,-29.170645],[152.417334,-29.170792],[152.417302,-29.170944],[152.417282,-29.171099],[152.417273,-29.171255],[152.417273,-29.171408],[152.41728,-29.17153],[152.417292,-29.171652],[152.417311,-29.171774],[152.41734,-29.171892],[152.417379,-29.172004],[152.417427,-29.172107],[152.417484,-29.172207],[152.41755,-29.172303],[152.417622,-29.172392],[152.4177,-29.172474],[152.417817,-29.172568],[152.417948,-29.172646],[152.41809,-29.172713],[152.418236,-29.172775],[152.41838,-29.172834],[152.418658,-29.172932],[152.418947,-29.173004],[152.419241,-29.173062],[152.419536,-29.173123],[152.419824,-29.173199],[152.420095,-29.173282],[152.420366,-29.173367],[152.420634,-29.17346],[152.420895,-29.173566],[152.421145,-29.17369],[152.421305,-29.173778],[152.421384,-29.173825],[152.42146,-29.173875],[152.421531,-29.17393],[152.421631,-29.174034],[152.421719,-29.174153],[152.421799,-29.17428],[152.421876,-29.174411],[152.421956,-29.174538],[152.422085,-29.174734],[152.42221,-29.174932],[152.422334,-29.175132],[152.42246,-29.175329],[152.422592,-29.175523],[152.422776,-29.17578],[152.422871,-29.175907],[152.422968,-29.176032],[152.42307,-29.176153],[152.423306,-29.176391],[152.423567,-29.176607],[152.423838,-29.176815],[152.424106,-29.177026],[152.424359,-29.177252],[152.424493,-29.177377],[152.424632,-29.1775],[152.424766,-29.177628],[152.424883,-29.177763],[152.424974,-29.17791],[152.425028,-29.178024],[152.42508,-29.178148],[152.42512,-29.178274],[152.425137,-29.17839],[152.425119,-29.178489],[152.425059,-29.178565],[152.424963,-29.178626],[152.424846,-29.178678],[152.424723,-29.178726],[152.42461,-29.178777],[152.424448,-29.178857],[152.424283,-29.178932],[152.424116,-29.179004],[152.423781,-29.179145],[152.42352,-29.17924],[152.423249,-29.179321],[152.422982,-29.179405],[152.422728,-29.179508],[152.422502,-29.179646],[152.422333,-29.179788],[152.422173,-29.179949],[152.422027,-29.180123],[152.421898,-29.180309],[152.421791,-29.180501],[152.421705,-29.180721],[152.421647,-29.180955],[152.421609,-29.181199],[152.421552,-29.181689],[152.421533,-29.181913],[152.421526,-29.182139],[152.421522,-29.182365],[152.42151,-29.18259],[152.421482,-29.182812],[152.421422,-29.183068],[152.421341,-29.18332],[152.421249,-29.183569],[152.421155,-29.183819],[152.421066,-29.184069],[152.420967,-29.184384],[152.420773,-29.185016],[152.420671,-29.18533],[152.42056,-29.185641],[152.420455,-29.185911],[152.420345,-29.18618],[152.42023,-29.186448],[152.420109,-29.186712],[152.419981,-29.186972],[152.419872,-29.187179],[152.41976,-29.187384],[152.419643,-29.187587],[152.419522,-29.187787],[152.419397,-29.187984],[152.419307,-29.188228],[152.419213,-29.188471],[152.419116,-29.188712],[152.419015,-29.188952],[152.418696,-29.189679],[152.418583,-29.18992],[152.418461,-29.190156],[152.418325,-29.190383],[152.418176,-29.190598],[152.418015,-29.190808],[152.417844,-29.19101],[152.417665,-29.191205],[152.417479,-29.19139],[152.417291,-29.191555],[152.417093,-29.191707],[152.416687,-29.192003],[152.416491,-29.19216],[152.416158,-29.192433],[152.415995,-29.192573],[152.415842,-29.19272],[152.415704,-29.19288],[152.415566,-29.193087],[152.41545,-29.193313],[152.415347,-29.193548],[152.415248,-29.193786],[152.415143,-29.19402],[152.414923,-29.194475],[152.414814,-29.194703],[152.414598,-29.19516],[152.414534,-29.195283],[152.414404,-29.195527],[152.414187,-29.195921],[152.414106,-29.196072],[152.414022,-29.196222],[152.413933,-29.19637],[152.413839,-29.196512],[152.413762,-29.196616],[152.413683,-29.196718],[152.4136,-29.196818],[152.413431,-29.197014],[152.413359,-29.197095],[152.413135,-29.197332],[152.413062,-29.197412],[152.412955,-29.197538],[152.412851,-29.197666],[152.412645,-29.197925],[152.412538,-29.198052],[152.412423,-29.19818],[152.412186,-29.19843],[152.412069,-29.198556],[152.411956,-29.198686],[152.41188,-29.19878],[152.411662,-29.19907],[152.411587,-29.199165],[152.411499,-29.199272],[152.411409,-29.199379],[152.411226,-29.19959],[152.411041,-29.199801],[152.410853,-29.200012],[152.41076,-29.200118],[152.410668,-29.200225],[152.410566,-29.20035],[152.410465,-29.200476],[152.410365,-29.200603],[152.410269,-29.200733],[152.410177,-29.200865],[152.410089,-29.201001],[152.410004,-29.201139],[152.409922,-29.20128],[152.409845,-29.201423],[152.409771,-29.201567],[152.4097,-29.201725],[152.409635,-29.201885],[152.409573,-29.202047],[152.409513,-29.20221],[152.409403,-29.202503],[152.409309,-29.202765],[152.409258,-29.202895],[152.409202,-29.203022],[152.409146,-29.203134],[152.409087,-29.203245],[152.409025,-29.203354],[152.40896,-29.203462],[152.408893,-29.203568],[152.408803,-29.2037],[152.408708,-29.203828],[152.40861,-29.203955],[152.408511,-29.20408],[152.408415,-29.204208],[152.408309,-29.204346],[152.408201,-29.204482],[152.408094,-29.20462],[152.407996,-29.204762],[152.407911,-29.204911],[152.407854,-29.205046],[152.407808,-29.205187],[152.407767,-29.20533],[152.407725,-29.205472],[152.407675,-29.205612],[152.407609,-29.205771],[152.407539,-29.205928],[152.407465,-29.206084],[152.407384,-29.206236],[152.407296,-29.206383],[152.407213,-29.2065],[152.407026,-29.206722],[152.406936,-29.206834],[152.406857,-29.206953],[152.406788,-29.207087],[152.40673,-29.207226],[152.406678,-29.207369],[152.406628,-29.207512],[152.406575,-29.207655],[152.406523,-29.207792],[152.406423,-29.208068],[152.406371,-29.208204],[152.406313,-29.208339],[152.406262,-29.208441],[152.406151,-29.208641],[152.406097,-29.208742],[152.406049,-29.208845],[152.406009,-29.208952],[152.405975,-29.209062],[152.405943,-29.209173],[152.40591,-29.209283],[152.405871,-29.209391],[152.405808,-29.209523],[152.405736,-29.209652],[152.40566,-29.209779],[152.405589,-29.209908],[152.40553,-29.210041],[152.405483,-29.210173],[152.405443,-29.210307],[152.405409,-29.210443],[152.405403,-29.210472],[152.405301,-29.210863],[152.405251,-29.211014],[152.405211,-29.211167],[152.405182,-29.211322],[152.405163,-29.211477],[152.405154,-29.211612],[152.405153,-29.211749],[152.405159,-29.211886],[152.405175,-29.212022],[152.405201,-29.212154],[152.405258,-29.212343],[152.405338,-29.212533],[152.405438,-29.212715],[152.405554,-29.212882],[152.405685,-29.213028],[152.405804,-29.213121],[152.405937,-29.213198],[152.406217,-29.213339],[152.406349,-29.213419],[152.406486,-29.213518],[152.406622,-29.213621],[152.406753,-29.21373],[152.406878,-29.213844],[152.406994,-29.213966],[152.407112,-29.214117],[152.407216,-29.214281],[152.407312,-29.214452],[152.407406,-29.214625],[152.407504,-29.214794],[152.407607,-29.214967],[152.407708,-29.215141],[152.40781,-29.215314],[152.407914,-29.215487],[152.408021,-29.215657],[152.408168,-29.215879],[152.408243,-29.215989],[152.408398,-29.216205],[152.408501,-29.216339],[152.408607,-29.216471],[152.408714,-29.216602],[152.408933,-29.216861],[152.409067,-29.217013],[152.409343,-29.217313],[152.409475,-29.217466],[152.409599,-29.217625],[152.4097,-29.217773],[152.409795,-29.217927],[152.409886,-29.218082],[152.409974,-29.21824],[152.410063,-29.218396],[152.410139,-29.218532],[152.410213,-29.218669],[152.410286,-29.218807],[152.410362,-29.218943],[152.410441,-29.219076],[152.410574,-29.219264],[152.410721,-29.219444],[152.410869,-29.219622],[152.411005,-29.219805],[152.411116,-29.220001],[152.411184,-29.220165],[152.411241,-29.220335],[152.411288,-29.220508],[152.411327,-29.220684],[152.411358,-29.22086],[152.411381,-29.221082],[152.411384,-29.221308],[152.411369,-29.221763],[152.411368,-29.221989],[152.411377,-29.222186],[152.411391,-29.222382],[152.411404,-29.222578],[152.411412,-29.222774],[152.411408,-29.22297],[152.411391,-29.223163],[152.411362,-29.223356],[152.411327,-29.223548],[152.411294,-29.223741],[152.411266,-29.223934],[152.41122,-29.224333],[152.411201,-29.224533],[152.411187,-29.224733],[152.411183,-29.224932],[152.411184,-29.225115],[152.411189,-29.225298],[152.4112,-29.22548],[152.411221,-29.225661],[152.411256,-29.225838],[152.411289,-29.225964],[152.411327,-29.226089],[152.41137,-29.226213],[152.41142,-29.226334],[152.411476,-29.22645],[152.411554,-29.226585],[152.411642,-29.226716],[152.411738,-29.226842],[152.41184,-29.226962],[152.411946,-29.227078],[152.412079,-29.227211],[152.41222,-29.227338],[152.412368,-29.227457],[152.412523,-29.227566],[152.412683,-29.227664],[152.412819,-29.22773],[152.412962,-29.227785],[152.413108,-29.227836],[152.413252,-29.227889],[152.413391,-29.227952],[152.413633,-29.22807],[152.413752,-29.228135],[152.413858,-29.22821],[152.413943,-29.228298],[152.414011,-29.228405],[152.414071,-29.22853],[152.414114,-29.228661],[152.414132,-29.228787],[152.414118,-29.228894],[152.414078,-29.228963],[152.414017,-29.229025],[152.413875,-29.229141],[152.413813,-29.229205],[152.413729,-29.229337],[152.413662,-29.229483],[152.4136,-29.229633],[152.413532,-29.229778],[152.413446,-29.229907],[152.413353,-29.230009],[152.41325,-29.230105],[152.413139,-29.230193],[152.413025,-29.230276],[152.412907,-29.230352],[152.412805,-29.230414],[152.412699,-29.230471],[152.41259,-29.230523],[152.412479,-29.230571],[152.412367,-29.230614],[152.412226,-29.23066],[152.412086,-29.230709],[152.411946,-29.23076],[152.411807,-29.230814],[152.41167,-29.23087],[152.411491,-29.23095],[152.411315,-29.231036],[152.41114,-29.231126],[152.410966,-29.231217],[152.410791,-29.231306],[152.410161,-29.231617],[152.409953,-29.231726],[152.409749,-29.23184],[152.409531,-29.231973],[152.409316,-29.232111],[152.40921,-29.232182],[152.409034,-29.232308],[152.408864,-29.232441],[152.408525,-29.232711],[152.408352,-29.232841],[152.408204,-29.232946],[152.408055,-29.233049],[152.407754,-29.233253],[152.407605,-29.233357],[152.407424,-29.233486],[152.407246,-29.233619],[152.407067,-29.233751],[152.406886,-29.23388],[152.406702,-29.234004],[152.40656,-29.234095],[152.406417,-29.234183],[152.406272,-29.234269],[152.406127,-29.234353],[152.405979,-29.234433],[152.405788,-29.234532],[152.405594,-29.234625],[152.405398,-29.234714],[152.405003,-29.234887],[152.404733,-29.235001],[152.404461,-29.235111],[152.403915,-29.235324],[152.403054,-29.235654],[152.402759,-29.235764],[152.402464,-29.235872],[152.402168,-29.235977],[152.401875,-29.236075],[152.40158,-29.23617],[152.401284,-29.236262],[152.400989,-29.236355],[152.400695,-29.236451],[152.400426,-29.236536],[152.400156,-29.236618],[152.399887,-29.236702],[152.399622,-29.236797],[152.399365,-29.236907],[152.399134,-29.237025],[152.398908,-29.237155],[152.398687,-29.237294],[152.398468,-29.237438],[152.398252,-29.237584],[152.398062,-29.237714],[152.397873,-29.237847],[152.397687,-29.237983],[152.397505,-29.238125],[152.39733,-29.238273],[152.397206,-29.238387],[152.397086,-29.238505],[152.396851,-29.238747],[152.396733,-29.238867],[152.396082,-29.23952],[152.395863,-29.239737],[152.395486,-29.240106],[152.39533,-29.240261],[152.395172,-29.240414],[152.395011,-29.240564],[152.394846,-29.240708],[152.394617,-29.2409],[152.3945,-29.240993],[152.394379,-29.241081],[152.394254,-29.241159],[152.394086,-29.24125],[152.39391,-29.241334],[152.393728,-29.241404],[152.393544,-29.241454],[152.393361,-29.24148],[152.393203,-29.241479],[152.393043,-29.24146],[152.392882,-29.241427],[152.392724,-29.241384],[152.392569,-29.241336],[152.392414,-29.241276],[152.392263,-29.241202],[152.391966,-29.241042],[152.391814,-29.240968],[152.391642,-29.240897],[152.391467,-29.240831],[152.391292,-29.240767],[152.391118,-29.240699],[152.390949,-29.240623],[152.390803,-29.240544],[152.39066,-29.240456],[152.390519,-29.240366],[152.390375,-29.240282],[152.390226,-29.240209],[152.390081,-29.240153],[152.389931,-29.240104],[152.389779,-29.240062],[152.389626,-29.240024],[152.389473,-29.23999],[152.389265,-29.239949],[152.389054,-29.239914],[152.388843,-29.239889],[152.388631,-29.239873],[152.388419,-29.239871],[152.38822,-29.239878],[152.388019,-29.239893],[152.387819,-29.239919],[152.387623,-29.239959],[152.387433,-29.240014],[152.387215,-29.240105],[152.387003,-29.240221],[152.386798,-29.240355],[152.386603,-29.240502],[152.386419,-29.240657],[152.386258,-29.24082],[152.386112,-29.240999],[152.385972,-29.241185],[152.385829,-29.241369],[152.385674,-29.241539],[152.385539,-29.241668],[152.3854,-29.241794],[152.385257,-29.241915],[152.38511,-29.24203],[152.384959,-29.24214],[152.384808,-29.242242],[152.384652,-29.242338],[152.384493,-29.24243],[152.384331,-29.242515],[152.384166,-29.242592],[152.383909,-29.242684],[152.383641,-29.242749],[152.383369,-29.242805],[152.3831,-29.242868],[152.382841,-29.242956],[152.382674,-29.243025],[152.382504,-29.243097],[152.382339,-29.243175],[152.382185,-29.243266],[152.382047,-29.243374],[152.381944,-29.243483],[152.381853,-29.243605],[152.38177,-29.243735],[152.381691,-29.243869],[152.381614,-29.244002],[152.381539,-29.244145],[152.381474,-29.244294],[152.381411,-29.244444],[152.38134,-29.244588],[152.381254,-29.244721],[152.381129,-29.244868],[152.380988,-29.245008],[152.380834,-29.245135],[152.38067,-29.245244],[152.3805,-29.245327],[152.380284,-29.245388],[152.380049,-29.245412],[152.379805,-29.245408],[152.37956,-29.245385],[152.379323,-29.245352],[152.379027,-29.245286],[152.378734,-29.245186],[152.378446,-29.245062],[152.378164,-29.244924],[152.377887,-29.244781],[152.377639,-29.244631],[152.377402,-29.244458],[152.377167,-29.244281],[152.376927,-29.244121],[152.376672,-29.243997],[152.376477,-29.243928],[152.376275,-29.243867],[152.37607,-29.243818],[152.375865,-29.24379],[152.375663,-29.243786],[152.375484,-29.243808],[152.375305,-29.243852],[152.375127,-29.243911],[152.37495,-29.243977],[152.374776,-29.244043],[152.374502,-29.244159],[152.374235,-29.244294],[152.373709,-29.244582],[152.373441,-29.244717],[152.373177,-29.244836],[152.372643,-29.245063],[152.372376,-29.245178],[152.372112,-29.245298],[152.371822,-29.245441],[152.371535,-29.245589],[152.371249,-29.245741],[152.370965,-29.245895],[152.370424,-29.246184],[152.369916,-29.246462],[152.369661,-29.246598],[152.369404,-29.246731],[152.36927,-29.246803],[152.369137,-29.246877],[152.369003,-29.246949],[152.368866,-29.247012],[152.368726,-29.247062],[152.36859,-29.247096],[152.368451,-29.247121],[152.368309,-29.247138],[152.368168,-29.247146],[152.368027,-29.247147],[152.367657,-29.247073],[152.367291,-29.246901],[152.366924,-29.246677],[152.366554,-29.24645],[152.366178,-29.246269],[152.366038,-29.246213],[152.3659,-29.246154],[152.36576,-29.246099],[152.365618,-29.246056],[152.365477,-29.246033],[152.36527,-29.246042],[152.365061,-29.246093],[152.364849,-29.24617],[152.364641,-29.246262],[152.36444,-29.246354],[152.364219,-29.246467],[152.364007,-29.246596],[152.363799,-29.246736],[152.363592,-29.24688],[152.363385,-29.24702],[152.363228,-29.247124],[152.362917,-29.247335],[152.362761,-29.247442],[152.362605,-29.247547],[152.362427,-29.247669],[152.36225,-29.247793],[152.362072,-29.247915],[152.361892,-29.248033],[152.361707,-29.248143],[152.361599,-29.248202],[152.361489,-29.24826],[152.361378,-29.248316],[152.361266,-29.24837],[152.361166,-29.248416],[152.361104,-29.248548],[152.361037,-29.248679],[152.360965,-29.248806],[152.360888,-29.248931],[152.360807,-29.249053],[152.360674,-29.249242],[152.360531,-29.249434],[152.360376,-29.249612],[152.360208,-29.249766],[152.360024,-29.24988],[152.359872,-29.249931],[152.35971,-29.249959],[152.359372,-29.24999],[152.359207,-29.250018],[152.35893,-29.250096],[152.358657,-29.250192],[152.358115,-29.250403],[152.357842,-29.250502],[152.357756,-29.250535],[152.357584,-29.250606],[152.357498,-29.250633],[152.357411,-29.250646],[152.357332,-29.250645],[152.357251,-29.250634],[152.35717,-29.250617],[152.35709,-29.250595],[152.357012,-29.250572],[152.356903,-29.250533],[152.356795,-29.250485],[152.356691,-29.25043],[152.356588,-29.250371],[152.356489,-29.250309],[152.356339,-29.250197],[152.3562,-29.250069],[152.356066,-29.249933],[152.355931,-29.249798],[152.355788,-29.249673],[152.355704,-29.249607],[152.355619,-29.249542],[152.355533,-29.249478],[152.355446,-29.249417],[152.355356,-29.249359],[152.355228,-29.249282],[152.355097,-29.24921],[152.354963,-29.249143],[152.354827,-29.24908],[152.354689,-29.249021],[152.354594,-29.248985],[152.354306,-29.248887],[152.354212,-29.24885],[152.354117,-29.248804],[152.353931,-29.248699],[152.353837,-29.24865],[152.353741,-29.248609],[152.353648,-29.24858],[152.353553,-29.248554],[152.353457,-29.248534],[152.35336,-29.248518],[152.353263,-29.248507],[152.353154,-29.248502],[152.353045,-29.248506],[152.352934,-29.248514],[152.352714,-29.248536],[152.35249,-29.248555],[152.352379,-29.248566],[152.352268,-29.248583],[152.352159,-29.248606],[152.352071,-29.248629],[152.351984,-29.248655],[152.351898,-29.248685],[152.351814,-29.24872],[152.351734,-29.248761],[152.351644,-29.24882],[152.351557,-29.248888],[152.351476,-29.248963],[152.351398,-29.249042],[152.351323,-29.249123],[152.351213,-29.249263],[152.351117,-29.249417],[152.351029,-29.249577],[152.350944,-29.249739],[152.350854,-29.249898],[152.350811,-29.249969],[152.350684,-29.250184],[152.350639,-29.250254],[152.350345,-29.250631],[152.35,-29.250975],[152.349626,-29.251301],[152.349245,-29.25162],[152.348877,-29.251949],[152.34867,-29.25214],[152.348253,-29.252523],[152.348049,-29.252717],[152.347852,-29.252918],[152.347719,-29.253079],[152.347468,-29.253422],[152.347333,-29.253578],[152.34718,-29.253706],[152.34706,-29.253783],[152.346931,-29.253854],[152.346798,-29.253915],[152.346662,-29.253959],[152.346527,-29.253982],[152.346376,-29.253975],[152.346221,-29.253939],[152.346066,-29.253883],[152.345762,-29.253754],[152.345683,-29.253717],[152.345528,-29.253633],[152.34545,-29.253597],[152.345369,-29.253571],[152.345176,-29.253561],[152.344964,-29.253606],[152.344745,-29.25369],[152.344535,-29.253796],[152.344344,-29.253911],[152.34415,-29.254071],[152.343983,-29.254271],[152.343672,-29.254711],[152.343502,-29.254915],[152.34332,-29.2551],[152.343132,-29.255281],[152.342939,-29.255456],[152.342743,-29.255628],[152.342543,-29.255794],[152.342312,-29.25597],[152.342074,-29.256136],[152.341833,-29.256299],[152.341593,-29.256465],[152.341361,-29.256638],[152.340893,-29.257003],[152.340665,-29.257192],[152.340451,-29.257392],[152.340258,-29.257609],[152.340145,-29.257761],[152.340039,-29.25792],[152.33994,-29.258084],[152.339847,-29.258251],[152.339756,-29.258418],[152.339625,-29.258667],[152.339501,-29.258921],[152.339388,-29.259179],[152.339291,-29.259443],[152.339215,-29.259709],[152.339177,-29.25991],[152.339154,-29.260114],[152.339122,-29.260526],[152.339099,-29.26073],[152.339078,-29.260903],[152.339059,-29.261076],[152.339037,-29.261249],[152.339007,-29.261419],[152.338963,-29.261585],[152.338915,-29.261723],[152.33886,-29.261859],[152.338797,-29.261993],[152.338729,-29.262123],[152.338657,-29.262251],[152.33851,-29.262473],[152.338342,-29.262684],[152.338158,-29.262885],[152.337963,-29.263076],[152.337763,-29.263256],[152.337577,-29.263413],[152.337383,-29.263566],[152.337182,-29.263708],[152.336973,-29.263834],[152.336757,-29.263939],[152.336555,-29.264011],[152.336345,-29.264064],[152.33613,-29.264106],[152.335699,-29.264176],[152.335578,-29.264193],[152.335457,-29.264208],[152.335336,-29.264221],[152.335216,-29.264239],[152.335097,-29.264262],[152.334887,-29.264325],[152.334875,-29.264329],[152.334656,-29.264416],[152.334442,-29.264518],[152.334019,-29.264734],[152.333729,-29.264889],[152.333445,-29.265056],[152.333164,-29.265231],[152.332609,-29.26559],[152.332168,-29.265872],[152.33195,-29.266016],[152.331734,-29.266165],[152.331525,-29.26632],[152.331295,-29.266508],[152.331072,-29.266706],[152.330637,-29.267114],[152.330415,-29.267313],[152.330196,-29.267513],[152.32998,-29.267718],[152.329762,-29.267918],[152.329534,-29.268103],[152.329292,-29.268261],[152.329157,-29.268336],[152.329018,-29.268407],[152.328877,-29.268472],[152.328733,-29.268528],[152.328586,-29.268571],[152.328491,-29.268591],[152.328395,-29.268604],[152.3282,-29.268623],[152.328103,-29.268635],[152.327872,-29.268668],[152.327412,-29.268739],[152.326952,-29.268814],[152.326629,-29.268863],[152.326522,-29.268882],[152.326416,-29.268906],[152.326257,-29.26896],[152.326101,-29.269028],[152.325947,-29.269102],[152.325792,-29.269172],[152.325632,-29.269228],[152.325545,-29.26925],[152.325457,-29.269267],[152.325368,-29.269283],[152.32528,-29.269302],[152.325195,-29.269326],[152.325096,-29.269369],[152.325001,-29.269421],[152.324906,-29.269476],[152.32481,-29.269526],[152.324711,-29.269562],[152.324622,-29.269579],[152.32453,-29.269586],[152.324345,-29.269593],[152.324253,-29.269603],[152.32398,-29.269652],[152.323702,-29.269719],[152.323431,-29.269809],[152.32318,-29.269926],[152.32296,-29.270074],[152.322877,-29.270146],[152.322797,-29.270222],[152.322721,-29.270303],[152.322651,-29.270388],[152.322588,-29.270476],[152.322511,-29.270638],[152.322463,-29.270819],[152.322428,-29.271008],[152.322388,-29.271195],[152.322328,-29.271371],[152.322222,-29.271554],[152.322093,-29.271726],[152.321957,-29.271894],[152.321829,-29.272066],[152.321727,-29.27225],[152.321631,-29.272502],[152.321555,-29.272771],[152.321504,-29.273047],[152.321484,-29.273322],[152.3215,-29.273586],[152.321542,-29.273757],[152.321607,-29.273924],[152.321682,-29.27409],[152.32175,-29.274258],[152.321796,-29.274429],[152.321812,-29.274677],[152.32179,-29.274932],[152.321752,-29.275189],[152.321719,-29.275447],[152.321712,-29.275702],[152.321717,-29.275763],[152.321736,-29.275945],[152.321739,-29.276006],[152.321719,-29.276306],[152.321652,-29.276623],[152.321542,-29.276933],[152.321394,-29.27721],[152.321211,-29.277429],[152.321107,-29.277511],[152.320994,-29.277583],[152.320873,-29.277647],[152.32075,-29.277709],[152.320346,-29.277928],[152.320055,-29.278072],[152.319764,-29.278215],[152.319476,-29.278362],[152.319194,-29.278521],[152.319096,-29.278581],[152.318904,-29.278704],[152.318554,-29.278923],[152.318398,-29.279022],[152.31824,-29.279117],[152.318079,-29.279205],[152.317913,-29.279279],[152.3178,-29.279319],[152.317683,-29.279353],[152.317448,-29.279413],[152.317332,-29.279446],[152.317167,-29.279498],[152.316838,-29.279608],[152.316674,-29.279661],[152.316508,-29.279711],[152.316376,-29.279744],[152.316108,-29.279801],[152.315976,-29.279835],[152.315848,-29.279878],[152.315692,-29.279942],[152.315536,-29.280014],[152.315385,-29.280097],[152.315248,-29.280193],[152.315129,-29.280303],[152.315088,-29.280353],[152.315048,-29.280406],[152.315011,-29.280461],[152.31494,-29.280573],[152.314847,-29.280728],[152.31476,-29.280889],[152.314682,-29.281054],[152.314611,-29.281223],[152.314549,-29.281393],[152.314522,-29.281478],[152.314497,-29.281564],[152.314474,-29.28165],[152.314432,-29.281823],[152.314415,-29.281919],[152.314392,-29.282114],[152.314373,-29.282207],[152.314341,-29.282294],[152.314301,-29.282372],[152.314279,-29.282409],[152.314253,-29.282443],[152.314224,-29.282472],[152.314176,-29.282498],[152.31412,-29.282515],[152.314059,-29.282524],[152.313936,-29.282535],[152.313679,-29.282484],[152.313415,-29.28232],[152.313143,-29.282105],[152.312863,-29.281902],[152.312575,-29.281774],[152.312421,-29.281743],[152.312265,-29.281722],[152.312107,-29.281709],[152.311948,-29.281703],[152.311791,-29.2817],[152.31157,-29.281705],[152.311349,-29.28172],[152.311128,-29.281746],[152.310909,-29.281783],[152.310692,-29.281827],[152.310376,-29.281911],[152.310061,-29.282016],[152.309753,-29.282142],[152.309454,-29.282287],[152.30917,-29.282448],[152.308634,-29.282827],[152.307091,-29.282731],[152.306473,-29.283097],[152.306524,-29.284223],[152.306917,-29.284968],[152.30784,-29.285575],[152.308239,-29.286016],[152.308881,-29.286842],[152.308705,-29.287685],[152.311461,-29.29008],[152.310686,-29.292839],[152.310975,-29.293567],[152.311387,-29.293681],[152.31127,-29.294135],[152.311794,-29.295287],[152.311841,-29.296159],[152.312574,-29.29637],[152.314544,-29.297877],[152.314656,-29.298519],[152.31395,-29.299087],[152.313082,-29.300138],[152.313037,-29.300603],[152.3122,-29.300993],[152.311448,-29.301201],[152.310063,-29.302005],[152.309494,-29.302034],[152.308999,-29.303434],[152.308811,-29.304891],[152.307942,-29.305098],[152.307457,-29.304686],[152.304847,-29.304052],[152.304115,-29.304494],[152.303108,-29.304288],[152.301036,-29.304743],[152.300035,-29.304458],[152.29933,-29.305485],[152.298611,-29.306093],[152.298507,-29.306587],[152.298279,-29.307447],[152.299006,-29.308502],[152.300446,-29.309235],[152.300878,-29.309613],[152.301428,-29.310777],[152.300868,-29.312228],[152.300162,-29.31321],[152.300097,-29.313605],[152.300358,-29.31393],[152.300613,-29.314259],[152.300863,-29.314591],[152.301109,-29.314928],[152.301348,-29.315268],[152.30156,-29.31559],[152.301762,-29.315919],[152.301961,-29.31625],[152.302168,-29.316576],[152.30239,-29.31689],[152.302488,-29.317022],[152.302586,-29.317156],[152.302686,-29.317287],[152.302792,-29.317412],[152.302908,-29.317526],[152.303043,-29.31763],[152.30319,-29.31772],[152.303343,-29.317804],[152.303495,-29.31789],[152.30364,-29.317984],[152.303817,-29.318121],[152.303986,-29.318266],[152.304152,-29.318417],[152.304317,-29.318569],[152.304485,-29.318718],[152.304987,-29.319146],[152.305239,-29.319358],[152.305493,-29.319569],[152.305748,-29.319778],[152.306189,-29.320131],[152.306412,-29.320306],[152.306636,-29.320478],[152.306861,-29.320648],[152.307123,-29.320843],[152.307254,-29.320939],[152.307387,-29.321033],[152.307523,-29.321124],[152.307778,-29.321279],[152.308041,-29.321423],[152.308308,-29.321559],[152.30858,-29.321689],[152.308851,-29.321816],[152.309063,-29.321914],[152.309276,-29.32201],[152.30949,-29.322103],[152.309706,-29.322191],[152.309924,-29.322274],[152.310176,-29.322367],[152.310431,-29.322457],[152.310687,-29.32254],[152.310946,-29.32261],[152.311207,-29.322663],[152.311455,-29.322697],[152.311842,-29.322759],[152.312228,-29.32283],[152.312612,-29.322908],[152.312996,-29.32299],[152.313578,-29.323118],[152.314373,-29.323302],[152.314668,-29.323377],[152.314963,-29.32346],[152.315258,-29.323539],[152.315554,-29.323601],[152.315852,-29.323632],[152.315937,-29.323634],[152.316107,-29.323632],[152.316192,-29.32363],[152.316277,-29.323632],[152.316639,-29.323669],[152.317,-29.323741],[152.31736,-29.323832],[152.317721,-29.323925],[152.318082,-29.324003],[152.318247,-29.324029],[152.318579,-29.324076],[152.318743,-29.324104],[152.318906,-29.32414],[152.318998,-29.324163],[152.319089,-29.324188],[152.319179,-29.324215],[152.31927,-29.324245],[152.319358,-29.324277],[152.319433,-29.324306],[152.319507,-29.324338],[152.31958,-29.324371],[152.319653,-29.324406],[152.319724,-29.324443],[152.319956,-29.324592],[152.32017,-29.324773],[152.320377,-29.32497],[152.320583,-29.325169],[152.320798,-29.325353],[152.321048,-29.32554],[152.321305,-29.325718],[152.321564,-29.325893],[152.321822,-29.32607],[152.322075,-29.326253],[152.322202,-29.326354],[152.322327,-29.326461],[152.322452,-29.326566],[152.322581,-29.326665],[152.322716,-29.326751],[152.322865,-29.326823],[152.323021,-29.326883],[152.323181,-29.326936],[152.323342,-29.326985],[152.323502,-29.327037],[152.323701,-29.327108],[152.323901,-29.327181],[152.324102,-29.32725],[152.324305,-29.327309],[152.32451,-29.327351],[152.324872,-29.327357],[152.325246,-29.327293],[152.325623,-29.327207],[152.325995,-29.327147],[152.326354,-29.32716],[152.326473,-29.327183],[152.326592,-29.32721],[152.32671,-29.327242],[152.326825,-29.32728],[152.326936,-29.327326],[152.32709,-29.327412],[152.327235,-29.327518],[152.327374,-29.327636],[152.327511,-29.327758],[152.327717,-29.327932],[152.327783,-29.327991],[152.32785,-29.328048],[152.327918,-29.328103],[152.327991,-29.32815],[152.328175,-29.328224],[152.328382,-29.328258],[152.3286,-29.328271],[152.328822,-29.328281],[152.329037,-29.328304],[152.329578,-29.328394],[152.329847,-29.328445],[152.330112,-29.328506],[152.330372,-29.328583],[152.33058,-29.328649],[152.330797,-29.328715],[152.331005,-29.328793],[152.331189,-29.32889],[152.331335,-29.329018],[152.331415,-29.329142],[152.331475,-29.329283],[152.331522,-29.329434],[152.331604,-29.329741],[152.331636,-29.329886],[152.331679,-29.330185],[152.33171,-29.330329],[152.331762,-29.330463],[152.331911,-29.330664],[152.332123,-29.330838],[152.332373,-29.33099],[152.332639,-29.331126],[152.332895,-29.331253],[152.33305,-29.33132],[152.333377,-29.331427],[152.333533,-29.33149],[152.333673,-29.331574],[152.33377,-29.331656],[152.333858,-29.331749],[152.333942,-29.331848],[152.334024,-29.33195],[152.334106,-29.332049],[152.334201,-29.332166],[152.334293,-29.332285],[152.334384,-29.332405],[152.334478,-29.332523],[152.334578,-29.332634],[152.33471,-29.332758],[152.334852,-29.332873],[152.335144,-29.333096],[152.335285,-29.333212],[152.335512,-29.333402],[152.335744,-29.333593],[152.335968,-29.33379],[152.336168,-29.334001],[152.336333,-29.334232],[152.336435,-29.334438],[152.336513,-29.334657],[152.336577,-29.334885],[152.336635,-29.335116],[152.336695,-29.335344],[152.336788,-29.33565],[152.336884,-29.335959],[152.336969,-29.336269],[152.337027,-29.336579],[152.337044,-29.336887],[152.337027,-29.337159],[152.336988,-29.337438],[152.336925,-29.337713],[152.336834,-29.337972],[152.336712,-29.338206],[152.336604,-29.338344],[152.336475,-29.338469],[152.336338,-29.338588],[152.336204,-29.33871],[152.336085,-29.338844],[152.335991,-29.338977],[152.335904,-29.339115],[152.335823,-29.339258],[152.335747,-29.339403],[152.335635,-29.339628],[152.335597,-29.339708],[152.33556,-29.339788],[152.335526,-29.339869],[152.335498,-29.339951],[152.335483,-29.340035],[152.335472,-29.34021],[152.335459,-29.340291],[152.335427,-29.340359],[152.335381,-29.340405],[152.335325,-29.340442],[152.335261,-29.340474],[152.335195,-29.340505],[152.335133,-29.340537],[152.334853,-29.340675],[152.33456,-29.340791],[152.33426,-29.340893],[152.333956,-29.340988],[152.333655,-29.341084],[152.333392,-29.341164],[152.333127,-29.341237],[152.332862,-29.341308],[152.332599,-29.341386],[152.33234,-29.341475],[152.332173,-29.341541],[152.332007,-29.34161],[152.331842,-29.341683],[152.331678,-29.341758],[152.331517,-29.341837],[152.412091,-29.352632],[152.420219,-29.353722],[152.420695,-29.353788],[152.440693,-29.356596],[152.440881,-29.356623],[152.44298,-29.356917],[152.450083,-29.357915],[152.450782,-29.358013],[152.451081,-29.358053],[152.451186,-29.358201],[152.451327,-29.358341],[152.4515,-29.358456],[152.451684,-29.358564],[152.451858,-29.358679],[152.452,-29.358819],[152.452087,-29.358943],[152.452167,-29.359076],[152.452237,-29.359215],[152.452291,-29.359358],[152.452325,-29.359502],[152.452338,-29.359712],[152.452317,-29.359939],[152.452262,-29.360166],[152.452177,-29.360374],[152.452065,-29.360544],[152.451955,-29.360648],[152.451824,-29.360736],[152.45168,-29.360812],[152.45153,-29.360877],[152.451381,-29.360934],[152.451149,-29.360996],[152.450903,-29.361026],[152.45065,-29.361034],[152.450145,-29.361032],[152.449852,-29.361028],[152.449559,-29.361013],[152.449266,-29.360989],[152.448681,-29.360934],[152.448444,-29.360901],[152.448206,-29.360855],[152.44797,-29.360813],[152.447737,-29.36079],[152.447509,-29.360804],[152.447341,-29.360834],[152.447167,-29.360874],[152.446999,-29.360928],[152.446849,-29.361001],[152.446728,-29.361097],[152.446636,-29.361234],[152.446574,-29.361404],[152.446535,-29.361594],[152.446513,-29.361789],[152.4465,-29.361975],[152.44651,-29.362169],[152.44655,-29.362364],[152.446601,-29.36256],[152.446645,-29.362756],[152.446663,-29.362952],[152.446647,-29.363194],[152.446605,-29.363436],[152.446545,-29.363678],[152.446475,-29.363918],[152.446402,-29.364156],[152.446271,-29.364574],[152.446119,-29.364993],[152.445942,-29.365402],[152.445735,-29.365788],[152.445491,-29.366141],[152.445336,-29.366329],[152.44517,-29.366512],[152.444994,-29.366686],[152.444808,-29.366845],[152.444613,-29.366987],[152.444326,-29.367117],[152.444001,-29.367196],[152.44367,-29.367262],[152.443364,-29.367353],[152.443116,-29.367508],[152.443011,-29.367604],[152.442919,-29.36771],[152.442888,-29.367768],[152.442873,-29.367865],[152.442888,-29.367977],[152.442924,-29.368095],[152.442971,-29.368212],[152.443018,-29.368321],[152.443188,-29.368538],[152.443448,-29.368714],[152.443743,-29.368875],[152.444019,-29.36905],[152.444222,-29.369265],[152.44428,-29.369363],[152.444335,-29.369465],[152.444383,-29.36957],[152.444422,-29.369677],[152.44445,-29.369786],[152.444471,-29.369942],[152.444474,-29.370111],[152.444457,-29.370279],[152.444418,-29.370435],[152.444353,-29.370567],[152.44422,-29.37068],[152.444028,-29.370755],[152.443801,-29.370805],[152.443565,-29.370846],[152.443344,-29.370892],[152.443156,-29.370936],[152.442967,-29.370972],[152.442777,-29.371007],[152.442588,-29.371043],[152.4424,-29.371087],[152.442171,-29.371138],[152.441933,-29.371186],[152.441701,-29.371243],[152.441493,-29.371325],[152.441356,-29.371424],[152.441177,-29.371511],[152.44101,-29.371623],[152.440845,-29.371778],[152.440688,-29.371987],[152.440625,-29.372102],[152.440546,-29.372317],[152.440526,-29.372421],[152.440514,-29.372526],[152.440507,-29.372633],[152.440505,-29.372738],[152.440514,-29.372885],[152.440539,-29.373032],[152.440607,-29.373327],[152.440624,-29.373415],[152.440656,-29.373474],[152.440687,-29.373506],[152.440735,-29.373533],[152.440792,-29.37355],[152.440951,-29.373614],[152.440983,-29.373628],[152.441013,-29.373663],[152.441039,-29.373701],[152.441062,-29.373745],[152.441094,-29.373852],[152.441117,-29.373917],[152.441143,-29.373981],[152.441266,-29.374274],[152.441275,-29.3743],[152.44129,-29.374375],[152.441298,-29.374452],[152.4413,-29.374543],[152.441292,-29.374651],[152.441275,-29.374757],[152.441249,-29.374846],[152.441212,-29.374934],[152.441169,-29.37502],[152.441125,-29.375105],[152.441085,-29.375192],[152.441057,-29.375261],[152.441005,-29.3754],[152.440975,-29.375468],[152.44094,-29.375532],[152.440897,-29.375596],[152.440848,-29.375656],[152.440796,-29.375714],[152.44062,-29.375897],[152.440551,-29.375966],[152.44048,-29.376033],[152.440407,-29.376098],[152.440332,-29.376161],[152.440259,-29.376219],[152.440186,-29.376276],[152.44011,-29.376332],[152.440033,-29.376384],[152.439954,-29.376434],[152.439903,-29.376464],[152.43985,-29.376492],[152.43969,-29.376575],[152.439503,-29.376673],[152.43944,-29.376706],[152.439236,-29.376807],[152.439165,-29.376841],[152.439093,-29.376873],[152.439021,-29.376903],[152.438967,-29.376923],[152.438913,-29.376942],[152.438428,-29.3771],[152.438348,-29.377127],[152.438236,-29.377167],[152.438012,-29.377251],[152.4379,-29.377291],[152.437786,-29.377329],[152.437674,-29.377362],[152.437561,-29.377392],[152.437334,-29.37745],[152.437221,-29.377479],[152.437066,-29.377516],[152.436909,-29.377547],[152.436752,-29.377581],[152.436601,-29.377626],[152.43646,-29.377688],[152.43635,-29.377754],[152.436244,-29.377828],[152.436154,-29.377895],[152.436077,-29.377956],[152.436002,-29.378019],[152.435961,-29.37806],[152.435918,-29.378099],[152.435866,-29.378125],[152.435804,-29.378137],[152.435674,-29.378152],[152.435607,-29.378155],[152.435471,-29.378155],[152.435403,-29.378157],[152.435237,-29.378165],[152.435127,-29.378169],[152.435052,-29.378167],[152.434979,-29.378167],[152.434943,-29.378172],[152.434875,-29.378195],[152.434809,-29.378226],[152.434745,-29.378259],[152.43468,-29.378294],[152.43462,-29.378335],[152.434566,-29.378381],[152.434516,-29.378433],[152.434475,-29.378489],[152.43444,-29.378552],[152.434412,-29.378617],[152.434395,-29.378658],[152.434378,-29.378721],[152.434374,-29.378763],[152.434378,-29.378807],[152.434386,-29.378851],[152.434418,-29.378993],[152.434434,-29.379048],[152.434451,-29.379102],[152.434471,-29.379154],[152.434494,-29.379205],[152.434522,-29.379258],[152.434552,-29.379309],[152.434568,-29.379334],[152.434603,-29.379383],[152.434642,-29.37943],[152.434683,-29.379476],[152.434768,-29.379564],[152.434815,-29.379611],[152.434965,-29.379747],[152.435013,-29.379794],[152.435052,-29.379835],[152.435163,-29.379959],[152.435201,-29.38],[152.435265,-29.38006],[152.4354,-29.380175],[152.435466,-29.380234],[152.435526,-29.380297],[152.435558,-29.380336],[152.435588,-29.380376],[152.435647,-29.380459],[152.435677,-29.380499],[152.435718,-29.380551],[152.435805,-29.380651],[152.435846,-29.380702],[152.435883,-29.380757],[152.435907,-29.380801],[152.435928,-29.380846],[152.435948,-29.380893],[152.435987,-29.380987],[152.436046,-29.381125],[152.436063,-29.381172],[152.436076,-29.38122],[152.436085,-29.381287],[152.436087,-29.381356],[152.436076,-29.381566],[152.436072,-29.3817],[152.436069,-29.381767],[152.436065,-29.381834],[152.43606,-29.3819],[152.436056,-29.38195],[152.436051,-29.381999],[152.436037,-29.382098],[152.436021,-29.382173],[152.436003,-29.382248],[152.435983,-29.382321],[152.435959,-29.382394],[152.435934,-29.382461],[152.435906,-29.382527],[152.435815,-29.382722],[152.435769,-29.382828],[152.435681,-29.38304],[152.435634,-29.383146],[152.435584,-29.383249],[152.435517,-29.383378],[152.435446,-29.383504],[152.435371,-29.383629],[152.435294,-29.383753],[152.435159,-29.383964],[152.4351,-29.384052],[152.435012,-29.384167],[152.43483,-29.384373],[152.434725,-29.384498],[152.434637,-29.38461],[152.434547,-29.384721],[152.434446,-29.384834],[152.434345,-29.384946],[152.434249,-29.385057],[152.434159,-29.385164],[152.434006,-29.385351],[152.433914,-29.385472],[152.433843,-29.38559],[152.43378,-29.385712],[152.433681,-29.385897],[152.433638,-29.385981],[152.43359,-29.386085],[152.433521,-29.386242],[152.433301,-29.386711],[152.433251,-29.386834],[152.433213,-29.386955],[152.433182,-29.387078],[152.433155,-29.387196],[152.433132,-29.387309],[152.433118,-29.387422],[152.433122,-29.387546],[152.433143,-29.387732],[152.433159,-29.387885],[152.433168,-29.387962],[152.433181,-29.388038],[152.433198,-29.388112],[152.433215,-29.388164],[152.433234,-29.388216],[152.433274,-29.388318],[152.433294,-29.38837],[152.43335,-29.388532],[152.433505,-29.388995],[152.433528,-29.389069],[152.433549,-29.389142],[152.433583,-29.38927],[152.433599,-29.389335],[152.43361,-29.389399],[152.433616,-29.389509],[152.43361,-29.389599],[152.433598,-29.389688],[152.433581,-29.389779],[152.433558,-29.389869],[152.433513,-29.389971],[152.433477,-29.390027],[152.433437,-29.390082],[152.433395,-29.390136],[152.433308,-29.390257],[152.43321,-29.390388],[152.433163,-29.390454],[152.433119,-29.390522],[152.433082,-29.390587],[152.433046,-29.390652],[152.432995,-29.390731],[152.432962,-29.390776],[152.432861,-29.390911],[152.43277,-29.391041],[152.432636,-29.391236],[152.432511,-29.391414],[152.432471,-29.391475],[152.432416,-29.391566],[152.4324,-29.391595],[152.432394,-29.39161],[152.432389,-29.391637],[152.432393,-29.391696],[152.432403,-29.391754],[152.432414,-29.391808],[152.432431,-29.391862],[152.432468,-29.391967],[152.432504,-29.392097],[152.432514,-29.392135],[152.432519,-29.392173],[152.432517,-29.392208],[152.432508,-29.392236],[152.432493,-29.392264],[152.432476,-29.39229],[152.43244,-29.392343],[152.432379,-29.392441],[152.432347,-29.392488],[152.432312,-29.392534],[152.432274,-29.392576],[152.432225,-29.392621],[152.432171,-29.392661],[152.432113,-29.392699],[152.432055,-29.392735],[152.431947,-29.392805],[152.43179,-29.392901],[152.43174,-29.392935],[152.431689,-29.392972],[152.431589,-29.393049],[152.431491,-29.393128],[152.431441,-29.39317],[152.431342,-29.393257],[152.431291,-29.3933],[152.431239,-29.393339],[152.431169,-29.393387],[152.431098,-29.393432],[152.43099,-29.393494],[152.430954,-29.393514],[152.430918,-29.39353],[152.430859,-29.393546],[152.430816,-29.39355],[152.430772,-29.393551],[152.43072,-29.393547],[152.430669,-29.393538],[152.430599,-29.393522],[152.430511,-29.393493],[152.430429,-29.393453],[152.430379,-29.393417],[152.430334,-29.393375],[152.430291,-29.393328],[152.43025,-29.393279],[152.430166,-29.393188],[152.430046,-29.393052],[152.430005,-29.393008],[152.429967,-29.392973],[152.42989,-29.392904],[152.429852,-29.392868],[152.429818,-29.392831],[152.429793,-29.3928],[152.429769,-29.392768],[152.429746,-29.392736],[152.429725,-29.392702],[152.429707,-29.392668],[152.429691,-29.392631],[152.429678,-29.392592],[152.429666,-29.392552],[152.429646,-29.392472],[152.429634,-29.392429],[152.429604,-29.392297],[152.429593,-29.392254],[152.429567,-29.39217],[152.429539,-29.392087],[152.42952,-29.392025],[152.429508,-29.391982],[152.429492,-29.391941],[152.429443,-29.391884],[152.429378,-29.391836],[152.429345,-29.391816],[152.429306,-29.391796],[152.429266,-29.391779],[152.429224,-29.391766],[152.429181,-29.391754],[152.429139,-29.391745],[152.429082,-29.391737],[152.429044,-29.391733],[152.428999,-29.39173],[152.428909,-29.391729],[152.428819,-29.391733],[152.428756,-29.391738],[152.428694,-29.391746],[152.428619,-29.391761],[152.428533,-29.391788],[152.428448,-29.391816],[152.42823,-29.391882],[152.428157,-29.391905],[152.428085,-29.391929],[152.427995,-29.391963],[152.427905,-29.391999],[152.427815,-29.392037],[152.427439,-29.392198],[152.426841,-29.39246],[152.42674,-29.392503],[152.426639,-29.392545],[152.426561,-29.392577],[152.426324,-29.392667],[152.426246,-29.392699],[152.426057,-29.392778],[152.425963,-29.392819],[152.425869,-29.392861],[152.425776,-29.392904],[152.425592,-29.392994],[152.4255,-29.39304],[152.42541,-29.393089],[152.425322,-29.39314],[152.425258,-29.393179],[152.425194,-29.393219],[152.425132,-29.393261],[152.425071,-29.393304],[152.425012,-29.393349],[152.42497,-29.393383],[152.424929,-29.393418],[152.424849,-29.39349],[152.424809,-29.393527],[152.424752,-29.39358],[152.424697,-29.393635],[152.424341,-29.393996],[152.424276,-29.39406],[152.424142,-29.394184],[152.424074,-29.394249],[152.424004,-29.39431],[152.423932,-29.394365],[152.423854,-29.39441],[152.423781,-29.394438],[152.42367,-29.394474],[152.42354,-29.394512],[152.423475,-29.394529],[152.42341,-29.394545],[152.423344,-29.39456],[152.423271,-29.394574],[152.423197,-29.394587],[152.423123,-29.394598],[152.422975,-29.394618],[152.42288,-29.39463],[152.422592,-29.394659],[152.42233,-29.39469],[152.422275,-29.394698],[152.422184,-29.39472],[152.422042,-29.394768],[152.421853,-29.394829],[152.42179,-29.394851],[152.421729,-29.394876],[152.421673,-29.3949],[152.421617,-29.394925],[152.421555,-29.394962],[152.421485,-29.39501],[152.421422,-29.395066],[152.421376,-29.395116],[152.421335,-29.395172],[152.421301,-29.395234],[152.421274,-29.395305],[152.421242,-29.395417],[152.421222,-29.39566],[152.421218,-29.395715],[152.421215,-29.39577],[152.421214,-29.395823],[152.421216,-29.39593],[152.421222,-29.396181],[152.421222,-29.396261],[152.421221,-29.396397],[152.421221,-29.396442],[152.421222,-29.396496],[152.421228,-29.396659],[152.421231,-29.396777],[152.421231,-29.396808],[152.42123,-29.39684],[152.421228,-29.396872],[152.421224,-29.396908],[152.421213,-29.396963],[152.421205,-29.396993],[152.421184,-29.397051],[152.42116,-29.397109],[152.421088,-29.397271],[152.421074,-29.397309],[152.421051,-29.397386],[152.421038,-29.397423],[152.42102,-29.397459],[152.420995,-29.397497],[152.420953,-29.39755],[152.420913,-29.397593],[152.420868,-29.397632],[152.420774,-29.397707],[152.420728,-29.397746],[152.420703,-29.397769],[152.42054,-29.39792],[152.420508,-29.397953],[152.420448,-29.39802],[152.420416,-29.398051],[152.42038,-29.398079],[152.420332,-29.398106],[152.420282,-29.398131],[152.42023,-29.398153],[152.420122,-29.398192],[152.420018,-29.398237],[152.41994,-29.398263],[152.419832,-29.398286],[152.419724,-29.398307],[152.419395,-29.398379],[152.419313,-29.398397],[152.419247,-29.398414],[152.419115,-29.398449],[152.419049,-29.398465],[152.418982,-29.398477],[152.418929,-29.398483],[152.418899,-29.398486],[152.418833,-29.398487],[152.418731,-29.398486],[152.418629,-29.398482],[152.418162,-29.398449],[152.418054,-29.398439],[152.417958,-29.398427],[152.417863,-29.398413],[152.417673,-29.398381],[152.417577,-29.398367],[152.417399,-29.398344],[152.417205,-29.398316],[152.416959,-29.398281],[152.416712,-29.398248],[152.416589,-29.398233],[152.416421,-29.398208],[152.416365,-29.398202],[152.41631,-29.398201],[152.416255,-29.398204],[152.416192,-29.398212],[152.416089,-29.398235],[152.416034,-29.39825],[152.415979,-29.398266],[152.415815,-29.398316],[152.415598,-29.398381],[152.415526,-29.398403],[152.415455,-29.398428],[152.415418,-29.398442],[152.415339,-29.398485],[152.415266,-29.398538],[152.415229,-29.398563],[152.414403,-29.399103],[152.414278,-29.399186],[152.414154,-29.399269],[152.414101,-29.399307],[152.413998,-29.399383],[152.413944,-29.39942],[152.41389,-29.399454],[152.413835,-29.399485],[152.413816,-29.399491],[152.413735,-29.399504],[152.413563,-29.399534],[152.41352,-29.399542],[152.413453,-29.399559],[152.413421,-29.399563],[152.413398,-29.399564],[152.413305,-29.399552],[152.41321,-29.399539],[152.413115,-29.399523],[152.41302,-29.399506],[152.412926,-29.399485],[152.412834,-29.39946],[152.41276,-29.399438],[152.412724,-29.399423],[152.41269,-29.399407],[152.412579,-29.399348],[152.412518,-29.399316],[152.412381,-29.39924],[152.412156,-29.399111],[152.411979,-29.399007],[152.411889,-29.398957],[152.411797,-29.39891],[152.41173,-29.398879],[152.411662,-29.398849],[152.411152,-29.398637],[152.411,-29.398575],[152.410693,-29.398454],[152.410482,-29.39837],[152.410411,-29.398343],[152.410339,-29.398318],[152.410271,-29.398297],[152.410225,-29.398284],[152.410173,-29.398273],[152.410121,-29.398264],[152.410015,-29.398249],[152.409963,-29.39824],[152.409887,-29.398225],[152.409734,-29.398191],[152.409658,-29.398177],[152.409581,-29.398167],[152.409542,-29.398163],[152.409516,-29.398162],[152.409484,-29.398162],[152.409452,-29.398166],[152.409357,-29.39818],[152.409246,-29.398194],[152.409191,-29.398203],[152.409137,-29.398213],[152.409084,-29.398227],[152.409051,-29.398237],[152.409002,-29.398255],[152.408957,-29.398274],[152.408913,-29.398296],[152.408871,-29.398319],[152.408829,-29.398344],[152.408761,-29.398385],[152.408735,-29.398403],[152.408708,-29.398424],[152.408681,-29.39845],[152.408656,-29.398478],[152.408631,-29.398517],[152.408608,-29.398558],[152.408577,-29.39861],[152.408537,-29.398673],[152.408483,-29.398756],[152.408455,-29.398795],[152.408442,-29.398816],[152.408431,-29.398836],[152.408418,-29.398866],[152.408391,-29.398951],[152.408361,-29.399063],[152.408347,-29.399124],[152.408343,-29.399149],[152.408341,-29.399171],[152.40834,-29.39919],[152.408341,-29.399209],[152.408344,-29.399228],[152.40835,-29.399246],[152.408357,-29.399264],[152.408373,-29.3993],[152.408389,-29.39933],[152.408398,-29.399344],[152.408417,-29.399372],[152.408433,-29.399394],[152.408503,-29.399478],[152.408598,-29.399597],[152.408671,-29.399683],[152.40872,-29.39974],[152.408821,-29.39985],[152.408902,-29.399937],[152.408994,-29.400032],[152.409049,-29.40009],[152.409073,-29.400117],[152.409084,-29.400131],[152.409096,-29.400152],[152.409118,-29.4002],[152.409155,-29.400296],[152.409177,-29.400357],[152.409197,-29.400419],[152.409229,-29.400534],[152.409241,-29.400569],[152.409254,-29.400619],[152.409259,-29.400646],[152.410052,-29.400771],[152.409791,-29.402224],[152.404317,-29.432778],[152.397171,-29.431767],[152.395286,-29.442104],[152.394556,-29.446113],[152.388785,-29.445316],[152.396178,-29.464608],[152.396614,-29.465744],[152.399684,-29.473755],[152.406962,-29.492749],[152.409021,-29.498217],[152.409102,-29.498415],[152.409672,-29.499857],[152.409767,-29.5001],[152.412401,-29.506775],[152.412456,-29.50688],[152.412434,-29.50689],[152.412219,-29.506981],[152.412002,-29.507065],[152.411781,-29.507143],[152.411558,-29.507212],[152.411333,-29.507275],[152.411119,-29.507344],[152.410908,-29.507421],[152.4107,-29.507506],[152.410496,-29.5076],[152.410295,-29.507702],[152.410099,-29.507811],[152.409907,-29.507928],[152.40972,-29.508052],[152.409538,-29.508184],[152.409355,-29.508332],[152.409191,-29.508501],[152.40905,-29.508688],[152.408931,-29.508891],[152.408858,-29.509081],[152.408812,-29.50928],[152.408795,-29.509484],[152.408808,-29.509688],[152.408856,-29.509861],[152.40893,-29.510024],[152.409029,-29.510173],[152.40915,-29.510305],[152.4094,-29.510544],[152.409655,-29.510776],[152.409699,-29.510947],[152.409713,-29.511122],[152.409697,-29.511297],[152.409642,-29.51147],[152.40955,-29.511634],[152.409433,-29.511782],[152.409294,-29.51191],[152.409218,-29.511966],[152.409035,-29.512089],[152.408848,-29.512206],[152.408657,-29.512316],[152.408462,-29.51242],[152.408264,-29.512516],[152.408075,-29.512586],[152.407889,-29.512664],[152.407706,-29.512749],[152.407527,-29.512841],[152.407352,-29.51294],[152.40718,-29.513046],[152.407013,-29.513158],[152.406851,-29.513277],[152.406693,-29.513403],[152.406547,-29.513545],[152.406426,-29.51371],[152.406334,-29.513892],[152.406273,-29.514087],[152.406244,-29.514289],[152.406206,-29.514575],[152.40616,-29.514859],[152.406105,-29.515142],[152.406042,-29.515423],[152.406004,-29.515563],[152.405958,-29.515702],[152.405905,-29.515838],[152.405843,-29.51597],[152.405775,-29.516098],[152.405699,-29.516223],[152.405616,-29.516343],[152.405537,-29.516502],[152.40543,-29.516645],[152.405299,-29.516764],[152.405147,-29.516857],[152.405065,-29.516893],[152.404791,-29.516989],[152.40452,-29.517094],[152.404252,-29.517208],[152.403988,-29.51733],[152.403531,-29.517635],[152.403079,-29.517948],[152.402633,-29.518269],[152.402193,-29.518599],[152.401845,-29.518892],[152.401494,-29.51918],[152.401138,-29.519463],[152.401028,-29.519555],[152.400914,-29.51964],[152.400794,-29.519719],[152.40067,-29.519791],[152.400542,-29.519855],[152.400411,-29.519912],[152.400276,-29.51996],[152.400139,-29.520001],[152.399831,-29.520051],[152.399526,-29.520112],[152.399222,-29.520182],[152.399072,-29.520195],[152.398921,-29.520199],[152.398769,-29.520194],[152.398619,-29.52018],[152.39847,-29.520157],[152.39819,-29.52013],[152.397911,-29.520095],[152.397586,-29.520084],[152.397261,-29.52008],[152.396669,-29.52009],[152.396501,-29.520103],[152.396334,-29.520122],[152.396167,-29.520147],[152.395944,-29.52017],[152.395722,-29.520201],[152.395501,-29.520239],[152.395308,-29.520261],[152.395116,-29.520294],[152.394926,-29.520336],[152.394738,-29.520387],[152.394511,-29.520424],[152.394291,-29.520491],[152.394086,-29.520596],[152.3939,-29.520735],[152.393814,-29.520812],[152.393709,-29.520972],[152.393628,-29.521146],[152.393573,-29.52133],[152.39323,-29.522129],[152.393052,-29.522275],[152.392859,-29.522398],[152.392651,-29.522497],[152.392518,-29.522527],[152.392381,-29.522528],[152.392313,-29.522518],[152.392059,-29.522442],[152.391806,-29.522359],[152.391495,-29.522238],[152.391181,-29.522124],[152.390946,-29.522055],[152.390583,-29.521958],[152.390455,-29.521933],[152.390326,-29.521918],[152.390196,-29.521912],[152.390083,-29.521913],[152.389971,-29.521925],[152.38986,-29.521946],[152.389818,-29.521964],[152.389782,-29.52199],[152.389751,-29.522024],[152.389706,-29.522069],[152.389623,-29.52216],[152.389582,-29.522206],[152.38948,-29.52234],[152.389387,-29.522483],[152.389299,-29.522627],[152.389206,-29.522765],[152.3891,-29.522889],[152.389022,-29.522966],[152.38894,-29.52304],[152.388855,-29.523111],[152.388767,-29.523178],[152.388676,-29.523238],[152.388555,-29.523306],[152.388426,-29.523363],[152.388293,-29.523415],[152.388157,-29.523464],[152.387799,-29.523603],[152.387575,-29.523691],[152.387392,-29.523777],[152.387245,-29.523852],[152.387109,-29.523944],[152.386978,-29.52407],[152.38687,-29.524217],[152.38683,-29.524298],[152.386799,-29.524425],[152.386794,-29.524565],[152.386809,-29.52471],[152.386837,-29.524854],[152.386872,-29.52499],[152.386924,-29.525124],[152.386995,-29.525253],[152.387074,-29.525378],[152.387151,-29.525502],[152.387217,-29.525629],[152.387256,-29.525727],[152.387292,-29.525827],[152.387361,-29.52603],[152.387401,-29.526131],[152.387461,-29.526252],[152.387517,-29.526369],[152.387536,-29.526428],[152.387549,-29.526548],[152.387537,-29.526677],[152.387509,-29.52681],[152.38747,-29.526944],[152.387389,-29.527193],[152.387348,-29.527316],[152.387298,-29.527433],[152.387239,-29.527534],[152.387166,-29.527613],[152.387061,-29.527668],[152.38693,-29.527698],[152.386784,-29.52771],[152.386488,-29.527715],[152.386344,-29.527714],[152.386201,-29.527702],[152.386056,-29.527684],[152.38591,-29.527665],[152.385764,-29.52765],[152.385387,-29.527615],[152.385261,-29.527605],[152.384942,-29.527584],[152.384747,-29.52757],[152.384551,-29.527561],[152.384357,-29.527565],[152.384167,-29.527591],[152.384016,-29.527625],[152.383865,-29.527669],[152.383717,-29.527724],[152.383576,-29.527789],[152.383443,-29.527867],[152.383346,-29.52794],[152.383255,-29.528021],[152.383169,-29.528109],[152.383002,-29.528286],[152.382876,-29.528417],[152.382751,-29.52855],[152.382629,-29.528687],[152.382513,-29.528829],[152.382405,-29.528977],[152.382284,-29.529181],[152.382182,-29.529396],[152.382088,-29.529617],[152.381992,-29.529835],[152.381885,-29.530046],[152.381755,-29.530272],[152.381618,-29.530492],[152.381488,-29.530677],[152.381368,-29.530829],[152.381119,-29.531114],[152.38099,-29.531236],[152.380919,-29.531279],[152.380793,-29.531316],[152.380654,-29.531332],[152.38047,-29.531346],[152.380238,-29.531341],[152.380006,-29.531322],[152.379722,-29.53128],[152.379438,-29.531224],[152.37913,-29.53117],[152.378964,-29.531139],[152.378797,-29.531111],[152.37863,-29.531091],[152.378462,-29.531085],[152.378317,-29.531091],[152.378172,-29.531104],[152.378027,-29.531125],[152.377884,-29.531155],[152.377745,-29.531193],[152.37752,-29.531275],[152.377303,-29.531381],[152.377201,-29.531443],[152.377052,-29.531568],[152.376912,-29.5317],[152.376746,-29.531815],[152.376547,-29.531914],[152.376344,-29.53201],[152.375913,-29.532226],[152.375654,-29.532358],[152.3752,-29.53259],[152.375048,-29.532667],[152.374548,-29.532913],[152.374174,-29.533101],[152.37401,-29.533192],[152.373843,-29.533308],[152.373683,-29.533431],[152.373499,-29.533557],[152.373396,-29.533624],[152.373186,-29.533755],[152.373082,-29.533823],[152.37294,-29.533919],[152.37266,-29.534115],[152.372519,-29.534211],[152.372375,-29.534301],[152.372255,-29.534371],[152.372132,-29.534438],[152.372008,-29.534504],[152.371758,-29.534633],[152.371475,-29.534786],[152.371379,-29.534833],[152.371282,-29.534875],[152.371163,-29.534918],[152.371042,-29.534955],[152.370916,-29.534987],[152.370786,-29.535014],[152.370721,-29.535021],[152.370659,-29.535021],[152.370595,-29.535011],[152.370532,-29.534991],[152.370399,-29.534942],[152.37033,-29.534924],[152.370266,-29.534912],[152.370136,-29.534895],[152.370005,-29.534888],[152.369855,-29.534891],[152.36978,-29.534897],[152.369631,-29.534922],[152.36944,-29.534989],[152.369258,-29.535086],[152.369069,-29.535222],[152.368975,-29.535317],[152.368885,-29.535417],[152.368796,-29.535514],[152.3687,-29.535602],[152.368574,-29.535695],[152.368441,-29.53578],[152.368165,-29.535943],[152.368029,-29.536029],[152.367882,-29.536129],[152.367737,-29.53623],[152.367592,-29.536333],[152.367449,-29.536438],[152.367306,-29.536543],[152.367137,-29.536672],[152.366969,-29.536803],[152.366787,-29.536942],[152.366589,-29.53709],[152.366391,-29.537236],[152.366249,-29.537332],[152.366107,-29.537432],[152.365981,-29.537556],[152.365877,-29.537701],[152.365769,-29.537834],[152.365606,-29.537963],[152.365425,-29.538076],[152.365234,-29.538192],[152.365034,-29.538307],[152.364829,-29.538413],[152.36465,-29.538496],[152.364467,-29.53857],[152.364239,-29.538648],[152.363964,-29.538722],[152.363825,-29.538752],[152.363559,-29.538798],[152.363305,-29.538827],[152.363049,-29.538846],[152.362827,-29.538855],[152.362604,-29.538859],[152.362365,-29.538871],[152.362112,-29.538887],[152.361859,-29.538915],[152.361562,-29.538966],[152.361268,-29.539036],[152.360973,-29.539134],[152.360681,-29.539264],[152.360392,-29.539398],[152.360112,-29.539517],[152.359831,-29.539639],[152.359557,-29.53978],[152.359288,-29.539939],[152.359026,-29.540108],[152.358854,-29.540223],[152.358684,-29.540345],[152.358513,-29.540487],[152.35834,-29.540648],[152.358183,-29.540824],[152.358089,-29.540953],[152.358003,-29.541089],[152.35786,-29.54138],[152.357772,-29.541657],[152.357725,-29.541922],[152.35771,-29.542188],[152.35772,-29.542328],[152.357736,-29.542465],[152.357744,-29.54262],[152.357747,-29.542793],[152.35774,-29.542876],[152.357724,-29.542955],[152.357687,-29.543053],[152.357635,-29.543149],[152.357571,-29.543241],[152.3575,-29.543327],[152.357424,-29.543403],[152.357334,-29.543469],[152.357124,-29.543569],[152.357013,-29.543619],[152.356908,-29.543678],[152.356757,-29.543791],[152.356613,-29.543908],[152.356444,-29.544027],[152.356053,-29.544269],[152.355831,-29.544417],[152.355612,-29.54457],[152.355366,-29.544756],[152.355099,-29.54498],[152.354967,-29.545093],[152.354834,-29.545204],[152.35452,-29.545448],[152.354492,-29.545471],[152.3391,-29.623416],[152.336123,-29.640777],[152.335892,-29.641012],[152.335572,-29.641076],[152.335197,-29.641242],[152.334772,-29.641465],[152.334504,-29.641693],[152.334259,-29.642079],[152.33403,-29.642517],[152.333722,-29.643129],[152.333483,-29.643441],[152.33323,-29.643731],[152.332842,-29.644084],[152.332475,-29.644414],[152.332023,-29.644801],[152.331642,-29.645069],[152.331302,-29.645274],[152.330877,-29.645424],[152.330352,-29.645529],[152.329876,-29.645595],[152.329346,-29.645695],[152.328984,-29.645856],[152.327909,-29.646484],[152.327133,-29.647195],[152.326823,-29.647536],[152.326577,-29.647832],[152.326333,-29.648358],[152.326118,-29.648859],[152.326014,-29.649244],[152.325919,-29.649651],[152.32593,-29.650125],[152.325982,-29.650413],[152.326048,-29.650655],[152.3262,-29.650948],[152.32641,-29.651401],[152.326562,-29.651784],[152.326744,-29.652269],[152.326972,-29.653109],[152.327104,-29.653722],[152.327136,-29.65388],[152.327052,-29.654123],[152.326407,-29.654979],[152.325945,-29.655349],[152.325714,-29.655462],[152.325155,-29.65556],[152.324204,-29.655483],[152.323336,-29.655221],[152.322675,-29.655109],[152.322233,-29.655095],[152.32181,-29.654881],[152.321244,-29.654483],[152.320508,-29.654037],[152.319944,-29.653718],[152.319315,-29.653384],[152.318665,-29.652992],[152.318179,-29.652742],[152.317609,-29.652497],[152.317102,-29.652257],[152.316399,-29.651901],[152.315835,-29.651656],[152.315315,-29.65149],[152.314724,-29.651347],[152.314367,-29.651264],[152.313926,-29.6512],[152.313627,-29.651179],[152.313272,-29.651204],[152.31281,-29.651246],[152.312506,-29.651367],[152.312202,-29.651606],[152.311829,-29.652021],[152.311512,-29.652492],[152.311289,-29.652894],[152.311148,-29.653053],[152.310871,-29.653173],[152.310682,-29.653468],[152.310528,-29.653797],[152.310419,-29.654342],[152.310334,-29.655105],[152.310268,-29.655777],[152.310349,-29.656059],[152.310538,-29.656549],[152.310604,-29.656791],[152.310736,-29.657327],[152.31104,-29.658015],[152.31136,-29.658793],[152.311585,-29.659379],[152.311688,-29.659739],[152.311743,-29.660405],[152.311822,-29.661338],[152.311949,-29.662004],[152.312161,-29.662629],[152.312214,-29.663098],[152.312189,-29.663521],[152.312086,-29.663946],[152.311821,-29.664546],[152.311625,-29.664869],[152.311314,-29.665137],[152.310957,-29.665286],[152.310573,-29.665288],[152.309912,-29.665265],[152.308852,-29.665181],[152.308481,-29.665076],[152.307782,-29.664815],[152.30741,-29.664535],[152.307295,-29.664378],[152.306984,-29.663838],[152.306923,-29.663313],[152.306947,-29.662833],[152.306965,-29.662432],[152.306899,-29.662217],[152.306691,-29.66201],[152.306413,-29.661837],[152.306093,-29.66172],[152.30578,-29.661711],[152.305547,-29.661776],[152.305349,-29.66185],[152.305102,-29.662016],[152.304769,-29.662272],[152.304551,-29.662556],[152.304397,-29.662856],[152.304336,-29.66319],[152.304312,-29.663575],[152.30433,-29.664055],[152.304305,-29.664429],[152.3042,-29.664717],[152.304091,-29.665266],[152.304143,-29.665548],[152.30416,-29.665864],[152.304155,-29.666101],[152.304137,-29.666423],[152.304097,-29.66679],[152.30402,-29.667324],[152.303823,-29.667647],[152.30347,-29.667824],[152.30303,-29.66794],[152.302645,-29.667931],[152.302105,-29.667974],[152.301516,-29.668074],[152.300983,-29.668095],[152.300243,-29.668122],[152.299917,-29.668152],[152.299441,-29.668245],[152.29915,-29.668366],[152.298747,-29.668521],[152.298448,-29.668591],[152.298157,-29.668627],[152.2977,-29.668623],[152.297153,-29.668626],[152.296556,-29.668692],[152.29608,-29.668768],[152.295256,-29.668887],[152.294866,-29.669019],[152.294462,-29.669168],[152.294151,-29.669329],[152.293811,-29.669551],[152.293557,-29.669745],[152.293381,-29.67],[152.293297,-29.670192],[152.293222,-29.670526],[152.293069,-29.670939],[152.29288,-29.671375],[152.292637,-29.671915],[152.292462,-29.6723],[152.292322,-29.672538],[152.291844,-29.67319],[152.291408,-29.673763],[152.291034,-29.674167],[152.290823,-29.674479],[152.290655,-29.674683],[152.290316,-29.675018],[152.29014,-29.675262],[152.290106,-29.675466],[152.29013,-29.675743],[152.289863,-29.676111],[152.289543,-29.676294],[152.289245,-29.676319],[152.288881,-29.676236],[152.288503,-29.676058],[152.287902,-29.675678],[152.287416,-29.675382],[152.287151,-29.675157],[152.2869,-29.674854],[152.286541,-29.674427],[152.28621,-29.674],[152.285907,-29.673527],[152.285713,-29.673218],[152.285453,-29.672665],[152.285083,-29.671809],[152.284843,-29.671116],[152.284702,-29.670501],[152.284568,-29.669734],[152.284362,-29.668802],[152.284186,-29.668041],[152.284076,-29.667657],[152.28385,-29.666987],[152.283567,-29.666271],[152.28345,-29.665956],[152.283106,-29.665574],[152.282784,-29.665361],[152.282505,-29.665188],[152.28222,-29.665128],[152.281943,-29.665095],[152.281715,-29.665148],[152.281294,-29.665341],[152.280968,-29.665569],[152.280708,-29.665904],[152.280569,-29.666278],[152.280367,-29.666708],[152.280059,-29.667393],[152.279779,-29.667948],[152.279443,-29.668521],[152.279205,-29.669059],[152.279152,-29.669383],[152.279034,-29.669756],[152.27881,-29.670113],[152.278556,-29.670392],[152.278231,-29.670716],[152.277858,-29.671113],[152.277604,-29.671369],[152.277493,-29.671658],[152.277345,-29.671876],[152.277028,-29.6722],[152.276789,-29.672523],[152.276778,-29.672907],[152.276775,-29.673438],[152.276792,-29.673822],[152.27673,-29.674099],[152.27672,-29.674529],[152.276757,-29.674749],[152.276845,-29.675002],[152.276975,-29.675278],[152.277055,-29.675492],[152.277245,-29.676104],[152.277262,-29.676398],[152.277271,-29.676737],[152.277181,-29.676992],[152.277093,-29.677502],[152.277086,-29.678293],[152.277048,-29.678942],[152.276871,-29.679898],[152.276729,-29.680791],[152.276473,-29.68154],[152.276108,-29.682214],[152.275581,-29.68294],[152.274862,-29.68364],[152.274105,-29.684153],[152.273479,-29.684474],[152.272947,-29.684726],[152.27236,-29.685046],[152.271871,-29.685303],[152.27156,-29.685559],[152.271207,-29.685855],[152.271088,-29.686155],[152.271042,-29.686522],[152.270891,-29.687201],[152.270727,-29.687985],[152.270705,-29.688764],[152.270617,-29.689318],[152.27049,-29.690247],[152.270458,-29.690789],[152.270398,-29.691168],[152.270272,-29.691513],[152.270054,-29.691797],[152.269793,-29.692013],[152.269375,-29.692264],[152.268964,-29.692481],[152.268603,-29.692653],[152.26812,-29.692797],[152.267571,-29.692962],[152.267038,-29.693044],[152.266642,-29.693188],[152.26623,-29.693388],[152.265827,-29.693673],[152.265566,-29.693923],[152.265179,-29.694388],[152.264693,-29.694848],[152.264116,-29.69538],[152.263565,-29.695858],[152.263282,-29.696051],[152.262808,-29.696427],[152.262434,-29.696751],[152.262103,-29.69712],[152.261842,-29.697489],[152.26169,-29.697998],[152.261538,-29.698581],[152.261465,-29.699191],[152.26144,-29.699772],[152.261367,-29.699896],[152.261036,-29.700267],[152.261009,-29.700579],[152.261171,-29.700876],[152.261459,-29.701309],[152.261762,-29.701776],[152.262077,-29.702062],[152.262577,-29.702358],[152.263048,-29.702542],[152.263555,-29.70277],[152.264196,-29.702896],[152.264546,-29.702945],[152.265044,-29.70297],[152.265677,-29.703017],[152.266268,-29.703115],[152.266746,-29.703242],[152.26709,-29.703377],[152.267804,-29.703598],[152.268339,-29.703832],[152.26884,-29.704202],[152.269333,-29.704572],[152.269692,-29.70497],[152.269872,-29.705212],[152.270131,-29.705589],[152.27037,-29.70605],[152.270869,-29.707112],[152.271073,-29.707675],[152.271039,-29.707924],[152.270934,-29.708105],[152.270566,-29.708367],[152.270142,-29.708613],[152.269838,-29.70879],[152.269398,-29.7089],[152.26912,-29.70889],[152.268755,-29.708965],[152.268223,-29.709115],[152.267683,-29.709214],[152.267419,-29.70921],[152.267077,-29.709127],[152.266742,-29.709022],[152.266436,-29.708973],[152.266044,-29.708959],[152.265618,-29.708984],[152.265191,-29.709026],[152.264758,-29.70913],[152.264298,-29.709365],[152.263931,-29.709625],[152.263372,-29.710086],[152.26273,-29.710722],[152.262371,-29.71112],[152.262238,-29.711414],[152.262148,-29.711742],[152.262045,-29.712155],[152.262025,-29.71233],[152.261998,-29.712539],[152.262052,-29.713094],[152.262048,-29.713422],[152.262066,-29.713857],[152.262017,-29.714088],[152.261935,-29.714405],[152.261959,-29.714704],[152.261989,-29.714907],[152.262054,-29.715076],[152.262147,-29.715183],[152.262334,-29.715368],[152.262442,-29.715588],[152.262441,-29.716243],[152.26266,-29.716987],[152.262855,-29.71741],[152.263072,-29.71786],[152.263248,-29.718384],[152.263336,-29.71874],[152.263324,-29.719045],[152.263321,-29.719502],[152.26344,-29.720173],[152.263697,-29.721134],[152.263951,-29.72177],[152.264382,-29.722349],[152.264706,-29.722844],[152.26501,-29.723424],[152.265373,-29.724366],[152.265686,-29.725228],[152.265825,-29.725724],[152.265863,-29.725984],[152.265796,-29.726447],[152.265743,-29.726945],[152.265626,-29.727414],[152.264965,-29.728435],[152.264689,-29.7286],[152.264469,-29.728675],[152.264227,-29.728688],[152.263942,-29.728639],[152.263756,-29.72851],[152.263341,-29.728236],[152.262926,-29.727945],[152.262655,-29.727833],[152.262206,-29.727672],[152.261889,-29.727575],[152.261575,-29.727492],[152.261509,-29.727557],[152.261201,-29.727845],[152.260904,-29.728129],[152.260786,-29.728553],[152.260648,-29.728978],[152.260367,-29.72951],[152.260022,-29.729936],[152.259711,-29.730192],[152.259352,-29.730411],[152.258984,-29.730667],[152.25875,-29.730793],[152.257955,-29.73099],[152.257565,-29.73119],[152.257247,-29.731395],[152.256851,-29.731714],[152.256539,-29.731897],[152.256151,-29.732209],[152.255691,-29.732591],[152.255261,-29.733124],[152.255079,-29.73343],[152.254998,-29.734001],[152.255086,-29.734117],[152.255091,-29.734754],[152.254956,-29.735156],[152.255034,-29.735287],[152.255152,-29.735394],[152.255389,-29.735604],[152.255547,-29.735829],[152.255691,-29.736068],[152.255921,-29.736458],[152.256011,-29.736542],[152.256312,-29.736854],[152.256617,-29.737165],[152.256922,-29.737395],[152.257293,-29.737693],[152.257699,-29.738053],[152.258019,-29.738509],[152.258522,-29.738867],[152.258621,-29.739037],[152.258864,-29.73925],[152.259201,-29.739491],[152.259278,-29.739896],[152.258821,-29.740934],[152.258522,-29.741448],[152.258351,-29.741829],[152.258224,-29.742142],[152.25805,-29.742612],[152.257933,-29.743014],[152.257915,-29.743436],[152.25814,-29.744153],[152.258306,-29.744296],[152.258602,-29.744424],[152.258759,-29.744515],[152.259123,-29.7447],[152.25972,-29.744967],[152.260288,-29.745226],[152.260761,-29.745501],[152.261122,-29.745722],[152.261405,-29.745917],[152.261741,-29.746189],[152.262142,-29.746466],[152.26266,-29.746786],[152.2628,-29.74691],[152.262893,-29.746999],[152.263119,-29.747263],[152.263195,-29.747382],[152.263238,-29.747446],[152.263304,-29.7477],[152.263295,-29.747895],[152.263287,-29.748135],[152.263414,-29.748404],[152.263656,-29.748783],[152.263821,-29.748993],[152.264048,-29.749244],[152.264382,-29.749833],[152.264543,-29.75022],[152.264581,-29.750497],[152.264601,-29.750703],[152.264513,-29.75097],[152.264371,-29.751196],[152.264067,-29.751528],[152.263694,-29.751774],[152.263303,-29.752065],[152.262972,-29.752414],[152.262853,-29.752729],[152.262674,-29.753007],[152.262343,-29.753272],[152.26188,-29.753625],[152.26137,-29.753932],[152.260817,-29.754412],[152.260606,-29.755042],[152.260674,-29.755644],[152.26066,-29.756388],[152.260449,-29.757091],[152.260221,-29.757435],[152.259632,-29.757881],[152.258977,-29.758155],[152.257894,-29.758373],[152.25765,-29.758348],[152.256465,-29.757775],[152.255247,-29.756719],[152.255045,-29.756332],[152.255015,-29.756017],[152.255012,-29.755607],[152.254995,-29.7552],[152.254929,-29.754854],[152.254976,-29.754495],[152.255039,-29.754323],[152.255216,-29.753867],[152.255237,-29.75359],[152.255181,-29.753391],[152.254974,-29.752934],[152.254659,-29.752511],[152.254413,-29.752258],[152.254074,-29.752105],[152.253784,-29.752073],[152.253365,-29.75219],[152.252728,-29.752612],[152.252584,-29.752742],[152.252248,-29.753099],[152.252002,-29.753344],[152.251634,-29.753682],[152.251334,-29.753987],[152.251084,-29.754262],[152.250826,-29.754571],[152.25075,-29.754637],[152.250473,-29.755654],[152.250343,-29.755999],[152.250179,-29.756185],[152.248916,-29.757076],[152.248654,-29.757191],[152.248211,-29.757263],[152.247767,-29.757235],[152.246617,-29.757008],[152.246027,-29.756743],[152.24562,-29.75659],[152.244967,-29.756254],[152.2444,-29.755958],[152.243535,-29.755572],[152.243022,-29.755303],[152.242564,-29.755054],[152.242224,-29.754923],[152.241781,-29.754826],[152.241294,-29.754888],[152.24055,-29.755055],[152.239559,-29.755264],[152.238865,-29.755472],[152.238359,-29.755672],[152.237753,-29.756179],[152.236995,-29.756738],[152.236634,-29.75691],[152.235813,-29.757041],[152.235222,-29.757042],[152.234352,-29.756943],[152.233875,-29.7568],[152.233234,-29.756486],[152.232231,-29.755815],[152.231475,-29.755372],[152.231014,-29.755015],[152.230407,-29.754758],[152.229815,-29.754715],[152.22935,-29.754836],[152.228929,-29.755046],[152.228233,-29.755582],[152.22775,-29.756309],[152.227603,-29.756753],[152.22749,-29.757699],[152.227229,-29.758788],[152.227132,-29.759447],[152.227182,-29.760106],[152.227152,-29.760484],[152.226822,-29.760766],[152.226068,-29.761168],[152.224886,-29.7616],[152.223606,-29.761759],[152.222456,-29.761733],[152.220567,-29.761549],[152.220354,-29.761478],[152.218792,-29.760764],[152.21802,-29.76055],[152.216838,-29.760481],[152.216624,-29.76051],[152.21605,-29.760697],[152.214902,-29.761443],[152.213975,-29.761978],[152.21354,-29.762305],[152.213238,-29.762618],[152.212901,-29.763094],[152.21277,-29.763366],[152.211974,-29.765736],[152.211917,-29.76576],[152.211892,-29.765939],[152.211692,-29.766362],[152.211355,-29.766853],[152.21128,-29.767034],[152.210149,-29.768684],[152.20921,-29.76956],[152.208398,-29.77012],[152.207298,-29.770609],[152.206773,-29.770896],[152.205592,-29.77137],[152.205329,-29.771528],[152.2051,-29.771815],[152.204855,-29.772575],[152.204856,-29.773019],[152.204983,-29.773696],[152.205115,-29.773964],[152.205796,-29.775281],[152.206322,-29.775896],[152.206784,-29.776574],[152.206833,-29.776726],[152.206834,-29.777042],[152.206768,-29.777228],[152.206392,-29.777974],[152.205752,-29.778619],[152.204995,-29.77956],[152.204441,-29.779967],[152.203932,-29.780169],[152.203045,-29.780285],[152.202438,-29.780285],[152.202191,-29.780329],[152.201847,-29.780501],[152.201602,-29.78096],[152.201602,-29.781419],[152.201688,-29.781719],[152.201899,-29.782077],[152.202574,-29.782807],[152.20264,-29.783036],[152.202616,-29.783314],[152.20251,-29.783494],[152.202034,-29.784011],[152.201952,-29.784183],[152.201904,-29.784742],[152.201987,-29.785057],[152.202102,-29.785243],[152.202866,-29.785871],[152.203122,-29.786273],[152.203122,-29.786559],[152.203024,-29.786846],[152.202765,-29.787141],[152.202369,-29.787391],[152.201775,-29.78766],[152.201204,-29.787855],[152.199874,-29.788311],[152.199595,-29.788441],[152.199299,-29.788507],[152.197673,-29.788873],[152.197033,-29.788931],[152.196557,-29.788918],[152.196129,-29.788842],[152.195357,-29.788547],[152.194568,-29.78839],[152.194026,-29.788191],[152.193007,-29.787633],[152.192727,-29.787548],[152.192432,-29.787562],[152.192087,-29.787678],[152.19179,-29.787834],[152.191299,-29.788094],[152.19102,-29.788323],[152.190774,-29.788711],[152.190825,-29.789183],[152.190907,-29.789355],[152.191104,-29.789527],[152.191893,-29.789984],[152.192157,-29.790227],[152.192354,-29.790499],[152.192865,-29.791473],[152.192865,-29.791673],[152.192751,-29.79196],[152.192521,-29.792132],[152.191881,-29.792348],[152.191437,-29.79242],[152.190846,-29.792664],[152.190633,-29.79288],[152.190453,-29.793152],[152.190357,-29.79348],[152.190308,-29.794857],[152.190095,-29.795651],[152.190163,-29.796533],[152.190344,-29.796948],[152.190838,-29.797406],[152.191627,-29.797935],[152.192564,-29.798421],[152.193304,-29.798879],[152.193617,-29.799165],[152.193814,-29.799436],[152.193963,-29.800024],[152.193931,-29.80041],[152.193718,-29.800626],[152.192086,-29.801001],[152.191796,-29.801001],[152.190531,-29.800701],[152.189643,-29.800201],[152.18887,-29.79983],[152.187983,-29.799659],[152.187589,-29.799703],[152.187178,-29.799975],[152.186834,-29.800506],[152.186801,-29.800697],[152.186822,-29.800936],[152.186796,-29.801165],[152.186753,-29.801365],[152.186637,-29.801635],[152.186557,-29.801853],[152.186542,-29.802598],[152.18674,-29.803156],[152.18702,-29.803571],[152.187299,-29.803814],[152.18771,-29.804057],[152.188417,-29.804243],[152.188976,-29.804242],[152.189781,-29.804327],[152.190258,-29.804426],[152.191194,-29.804712],[152.192049,-29.805155],[152.192494,-29.805555],[152.192675,-29.805799],[152.192971,-29.806543],[152.192923,-29.806844],[152.192638,-29.807076],[152.192036,-29.807103],[152.191494,-29.807003],[152.189784,-29.806347],[152.187959,-29.805404],[152.186792,-29.804933],[152.18602,-29.804747],[152.185214,-29.804777],[152.184328,-29.804936],[152.18372,-29.805223],[152.183064,-29.805739],[152.182292,-29.806113],[152.180124,-29.806603],[152.179895,-29.806718],[152.179353,-29.80722],[152.17919,-29.807549],[152.179108,-29.807893],[152.179092,-29.808223],[152.179142,-29.808581],[152.179448,-29.809042],[152.179603,-29.809468],[152.179567,-29.80979],[152.179423,-29.809999],[152.17921,-29.810185],[152.178996,-29.810258],[152.178306,-29.810358],[152.17765,-29.810574],[152.17742,-29.810703],[152.17719,-29.810904],[152.176888,-29.811336],[152.176945,-29.811621],[152.17701,-29.811692],[152.177785,-29.812231],[152.177884,-29.812377],[152.177939,-29.81251],[152.17799,-29.81275],[152.177984,-29.813104],[152.177922,-29.813333],[152.177726,-29.813703],[152.177454,-29.81412],[152.177088,-29.814765],[152.176986,-29.815039],[152.176885,-29.815372],[152.176815,-29.815668],[152.176781,-29.816005],[152.176729,-29.816323],[152.176654,-29.816578],[152.176544,-29.816963],[152.176354,-29.817288],[152.175853,-29.817782],[152.174812,-29.818525],[152.174683,-29.818671],[152.174483,-29.818807],[152.174223,-29.818996],[152.173608,-29.819539],[152.173369,-29.81969],[152.172538,-29.82035],[152.172195,-29.820489],[152.172028,-29.820644],[152.171848,-29.820761],[152.171616,-29.820889],[152.171216,-29.821122],[152.170929,-29.82135],[152.170699,-29.821527],[152.170503,-29.821859],[152.170404,-29.822143],[152.170433,-29.822293],[152.170442,-29.823018],[152.170484,-29.82319],[152.170537,-29.823303],[152.170685,-29.823418],[152.171343,-29.823661],[152.171852,-29.823617],[152.172722,-29.823258],[152.173674,-29.822555],[152.174397,-29.82221],[152.175317,-29.822051],[152.175629,-29.822065],[152.175728,-29.822108],[152.176303,-29.822523],[152.176501,-29.822924],[152.176502,-29.823296],[152.176027,-29.8244],[152.175813,-29.824658],[152.175206,-29.825217],[152.174649,-29.825848],[152.174485,-29.826207],[152.174502,-29.826565],[152.1747,-29.827095],[152.17516,-29.827567],[152.175407,-29.82771],[152.175916,-29.827724],[152.176064,-29.827666],[152.176343,-29.827394],[152.176573,-29.826964],[152.176818,-29.82629],[152.176966,-29.826161],[152.17713,-29.826103],[152.177442,-29.82616],[152.177623,-29.826289],[152.177744,-29.82654],[152.177873,-29.828509],[152.177677,-29.829426],[152.177382,-29.830014],[152.176676,-29.830516],[152.175609,-29.830833],[152.174968,-29.831134],[152.174607,-29.831464],[152.174394,-29.831823],[152.174346,-29.832338],[152.174391,-29.832516],[152.174609,-29.832854],[152.175185,-29.833498],[152.175794,-29.834084],[152.176038,-29.834672],[152.176042,-29.835101],[152.175895,-29.835709],[152.175452,-29.836348],[152.175157,-29.836563],[152.17427,-29.836808],[152.173859,-29.836851],[152.173251,-29.836809],[152.172758,-29.836824],[152.172462,-29.836896],[152.172216,-29.837011],[152.171986,-29.837283],[152.17197,-29.837728],[152.172103,-29.838171],[152.172054,-29.838458],[152.171923,-29.838568],[152.171479,-29.838846],[152.17097,-29.839319],[152.170377,-29.840116],[152.170233,-29.84058],[152.170234,-29.840996],[152.170295,-29.841253],[152.170399,-29.841483],[152.170564,-29.841611],[152.171599,-29.841768],[152.171994,-29.841867],[152.172387,-29.84191],[152.173883,-29.841894],[152.174294,-29.841965],[152.175214,-29.842337],[152.175774,-29.842766],[152.175905,-29.842952],[152.176037,-29.843281],[152.176095,-29.84359],[152.176006,-29.84404],[152.175382,-29.844772],[152.175235,-29.845202],[152.175285,-29.845574],[152.175416,-29.84576],[152.175828,-29.846032],[152.176223,-29.846189],[152.176403,-29.846203],[152.176864,-29.846432],[152.177308,-29.846846],[152.177572,-29.84719],[152.177654,-29.84739],[152.177655,-29.847806],[152.177573,-29.848107],[152.177409,-29.848422],[152.177167,-29.84872],[152.176441,-29.849455],[152.176135,-29.849608],[152.175654,-29.850057],[152.175473,-29.850115],[152.175276,-29.850115],[152.175177,-29.850072],[152.17493,-29.849829],[152.174354,-29.848841],[152.174255,-29.848584],[152.174221,-29.848297],[152.174106,-29.847982],[152.173991,-29.847839],[152.173859,-29.847725],[152.173711,-29.847653],[152.173448,-29.847582],[152.173333,-29.847596],[152.173234,-29.847654],[152.173103,-29.847797],[152.173054,-29.847926],[152.173021,-29.848112],[152.173022,-29.848456],[152.173072,-29.8487],[152.173204,-29.849086],[152.173204,-29.849387],[152.173089,-29.849831],[152.172958,-29.850046],[152.172335,-29.850892],[152.17158,-29.851867],[152.171219,-29.852398],[152.171022,-29.852598],[152.170645,-29.8531],[152.170415,-29.853287],[152.170103,-29.853445],[152.169676,-29.85356],[152.169282,-29.853632],[152.168838,-29.853632],[152.168568,-29.8536],[152.168526,-29.853977],[152.168794,-29.854877],[152.169169,-29.855093],[152.1693,-29.855236],[152.169378,-29.855438],[152.169301,-29.855867],[152.169039,-29.85654],[152.16899,-29.857013],[152.169385,-29.857876],[152.169552,-29.858918],[152.169586,-29.859691],[152.169438,-29.859935],[152.169225,-29.860379],[152.169225,-29.860565],[152.169407,-29.860995],[152.169507,-29.86174],[152.169638,-29.86204],[152.170149,-29.862828],[152.169903,-29.863487],[152.169477,-29.864118],[152.169214,-29.864433],[152.168672,-29.864821],[152.168541,-29.864964],[152.168541,-29.865079],[152.168985,-29.865307],[152.169216,-29.865522],[152.169298,-29.865694],[152.169218,-29.866209],[152.169283,-29.866725],[152.16921,-29.86703],[152.168545,-29.867672],[152.168404,-29.867941],[152.168299,-29.868145],[152.168316,-29.868617],[152.168481,-29.869405],[152.168485,-29.869784],[152.169172,-29.869977],[152.170143,-29.870162],[152.171376,-29.870619],[152.172013,-29.870819],[152.172347,-29.871019],[152.172873,-29.871191],[152.173218,-29.871276],[152.173696,-29.871403],[152.174748,-29.871618],[152.175334,-29.871699],[152.176853,-29.872002],[152.17728,-29.872059],[152.177954,-29.872102],[152.179631,-29.872042],[152.179894,-29.872099],[152.180131,-29.872201],[152.180446,-29.872286],[152.180588,-29.872347],[152.180725,-29.87242],[152.180997,-29.872572],[152.181144,-29.872642],[152.18127,-29.872641],[152.181308,-29.872642],[152.181418,-29.87265],[152.181463,-29.872655],[152.181597,-29.872676],[152.181687,-29.872695],[152.181821,-29.87273],[152.181971,-29.872787],[152.182006,-29.872801],[152.18209,-29.87283],[152.182189,-29.872856],[152.182288,-29.872885],[152.182338,-29.872904],[152.182387,-29.872925],[152.182436,-29.872948],[152.182682,-29.873051],[152.18283,-29.873098],[152.182979,-29.873126],[152.183028,-29.873132],[152.183077,-29.873134],[152.183374,-29.87314],[152.183479,-29.87314],[152.184038,-29.873312],[152.184193,-29.873416],[152.184539,-29.873609],[152.186941,-29.874292],[152.18811,-29.874792],[152.18921,-29.874904],[152.190033,-29.875103],[152.191498,-29.875945],[152.192194,-29.876505],[152.192831,-29.876172],[152.193093,-29.875986],[152.193438,-29.875842],[152.194671,-29.875796],[152.195526,-29.875938],[152.196097,-29.875932],[152.19671,-29.875678],[152.197581,-29.875676],[152.197778,-29.875633],[152.197995,-29.87544],[152.198057,-29.875289],[152.198104,-29.874429],[152.198218,-29.8741],[152.198218,-29.873985],[152.198103,-29.873785],[152.197839,-29.873556],[152.197851,-29.873416],[152.197731,-29.872778],[152.197467,-29.872463],[152.197105,-29.872335],[152.196975,-29.872215],[152.196924,-29.872061],[152.197097,-29.871872],[152.197252,-29.871805],[152.197778,-29.871718],[152.198074,-29.871503],[152.198451,-29.870901],[152.19932,-29.869815],[152.199943,-29.868578],[152.200099,-29.868389],[152.200337,-29.868248],[152.200761,-29.868268],[152.20139,-29.86859],[152.201636,-29.868647],[152.201965,-29.868632],[152.202394,-29.86852],[152.202967,-29.868287],[152.20392,-29.868099],[152.204923,-29.868141],[152.205162,-29.86804],[152.205826,-29.867294],[152.20599,-29.867194],[152.206614,-29.866978],[152.207109,-29.866455],[152.207435,-29.866275],[152.207924,-29.866087],[152.208487,-29.866073],[152.208997,-29.866172],[152.209247,-29.866284],[152.209392,-29.866487],[152.209425,-29.866745],[152.209557,-29.867017],[152.210002,-29.867575],[152.210084,-29.867747],[152.21025,-29.868606],[152.210505,-29.868808],[152.210826,-29.868963],[152.212109,-29.86942],[152.212586,-29.869477],[152.212882,-29.869419],[152.21349,-29.869475],[152.213874,-29.869665],[152.213869,-29.870019],[152.213574,-29.870549],[152.213575,-29.870681],[152.213575,-29.87085],[152.213855,-29.871237],[152.214003,-29.871351],[152.214248,-29.871331],[152.214841,-29.871006],[152.215219,-29.870905],[152.215811,-29.87099],[152.21614,-29.87109],[152.216584,-29.871347],[152.21683,-29.871418],[152.217028,-29.871375],[152.217701,-29.871088],[152.218523,-29.870857],[152.218687,-29.870857],[152.219247,-29.871057],[152.219543,-29.871113],[152.219888,-29.871013],[152.220298,-29.870769],[152.220463,-29.870768],[152.220759,-29.87104],[152.220842,-29.871355],[152.220995,-29.871654],[152.221139,-29.87177],[152.22127,-29.871813],[152.221599,-29.871812],[152.22224,-29.871969],[152.222388,-29.871854],[152.222519,-29.871481],[152.222551,-29.870908],[152.222616,-29.870679],[152.222813,-29.870364],[152.223059,-29.870134],[152.223256,-29.870033],[152.223705,-29.869947],[152.223847,-29.869746],[152.223954,-29.869418],[152.224159,-29.869187],[152.224339,-29.869086],[152.225062,-29.868927],[152.225351,-29.868934],[152.225703,-29.868941],[152.22618,-29.868854],[152.226738,-29.868624],[152.227259,-29.868205],[152.227444,-29.868136],[152.227806,-29.868178],[152.227994,-29.868156],[152.228102,-29.868035],[152.228134,-29.867805],[152.22787,-29.867061],[152.227655,-29.86676],[152.227507,-29.866431],[152.227506,-29.866188],[152.227552,-29.866088],[152.227785,-29.865886],[152.228146,-29.865742],[152.228656,-29.865627],[152.229395,-29.865626],[152.230146,-29.865492],[152.231006,-29.865251],[152.231778,-29.86492],[152.232073,-29.864834],[152.232879,-29.864689],[152.233141,-29.86456],[152.233634,-29.864129],[152.233863,-29.863985],[152.234176,-29.863885],[152.234488,-29.863884],[152.234991,-29.864129],[152.23564,-29.864828],[152.23625,-29.865271],[152.236628,-29.865285],[152.237038,-29.865169],[152.237794,-29.865082],[152.238386,-29.865067],[152.239027,-29.864794],[152.239339,-29.864549],[152.239617,-29.864148],[152.239961,-29.863503],[152.24024,-29.863287],[152.240503,-29.863244],[152.24075,-29.863315],[152.241194,-29.863558],[152.241555,-29.863686],[152.241867,-29.8637],[152.242179,-29.863628],[152.242508,-29.86347],[152.242918,-29.863125],[152.243164,-29.862996],[152.243444,-29.862924],[152.243707,-29.862923],[152.244299,-29.86318],[152.244644,-29.863266],[152.245615,-29.863651],[152.245829,-29.863693],[152.246897,-29.863548],[152.247127,-29.863576],[152.247703,-29.863776],[152.247983,-29.863818],[152.248196,-29.863789],[152.24841,-29.863631],[152.24859,-29.863559],[152.248754,-29.863559],[152.248952,-29.863659],[152.249265,-29.863988],[152.249348,-29.864346],[152.249497,-29.864546],[152.249743,-29.864632],[152.250417,-29.864745],[152.251076,-29.865088],[152.251586,-29.864707],[152.252072,-29.864482],[152.252268,-29.86431],[152.252677,-29.86375],[152.25297,-29.863134],[152.254131,-29.861426],[152.254425,-29.861211],[152.255213,-29.861022],[152.256133,-29.860977],[152.256384,-29.860907],[152.257362,-29.860257],[152.257631,-29.859743],[152.257916,-29.859196],[152.258079,-29.85868],[152.258781,-29.857618],[152.259435,-29.856857],[152.260137,-29.855738],[152.260328,-29.855527],[152.260938,-29.85459],[152.26254,-29.852481],[152.262851,-29.852207],[152.263568,-29.851737],[152.263812,-29.851576],[152.265307,-29.850382],[152.266084,-29.849581],[152.267009,-29.84863],[152.267499,-29.847955],[152.268236,-29.847395],[152.268465,-29.847322],[152.268662,-29.847336],[152.269008,-29.84765],[152.269586,-29.848393],[152.269916,-29.848679],[152.270458,-29.848949],[152.270721,-29.848963],[152.270934,-29.848819],[152.271292,-29.847973],[152.271749,-29.847241],[152.272273,-29.846738],[152.272781,-29.846465],[152.27393,-29.846247],[152.275102,-29.847847],[152.275109,-29.849823],[152.275325,-29.850539],[152.275623,-29.851068],[152.275576,-29.851784],[152.27563,-29.852829],[152.275812,-29.853273],[152.276224,-29.853673],[152.277179,-29.854243],[152.277393,-29.854428],[152.277618,-29.854747],[152.278052,-29.854899],[152.279073,-29.855612],[152.280158,-29.856053],[152.281226,-29.85625],[152.281506,-29.856393],[152.281886,-29.85685],[152.281996,-29.857228],[152.281855,-29.85748],[152.281874,-29.857995],[152.281989,-29.858196],[152.282452,-29.858453],[152.282458,-29.858551],[152.282007,-29.858568],[152.2816,-29.858571],[152.281257,-29.85864],[152.280735,-29.85885],[152.280069,-29.859201],[152.279548,-29.859529],[152.279053,-29.859835],[152.27836,-29.860165],[152.277865,-29.860404],[152.277415,-29.860643],[152.276921,-29.861038],[152.276572,-29.861402],[152.276393,-29.861684],[152.276253,-29.86205],[152.276246,-29.862301],[152.276276,-29.862648],[152.276354,-29.863356],[152.276487,-29.864116],[152.276572,-29.864611],[152.276596,-29.865312],[152.276738,-29.866117],[152.276924,-29.866743],[152.277108,-29.867141],[152.27741,-29.867582],[152.277881,-29.868025],[152.278327,-29.868383],[152.278745,-29.868647],[152.279243,-29.868769],[152.280013,-29.868949],[152.280855,-29.869181],[152.282015,-29.869557],[152.28283,-29.869796],[152.283683,-29.870159],[152.284709,-29.870641],[152.285207,-29.870881],[152.285879,-29.871246],[152.286288,-29.871487],[152.286774,-29.871872],[152.286975,-29.87216],[152.287141,-29.872557],[152.287317,-29.873014],[152.287483,-29.873449],[152.28765,-29.874002],[152.287689,-29.874312],[152.287665,-29.874718],[152.287658,-29.874999],[152.287472,-29.875343],[152.287258,-29.875676],[152.287043,-29.875862],[152.286737,-29.876071],[152.286367,-29.876177],[152.285925,-29.876283],[152.285654,-29.876307],[152.285185,-29.876354],[152.284913,-29.876363],[152.284535,-29.876461],[152.284112,-29.876641],[152.283598,-29.876822],[152.282967,-29.877033],[152.282543,-29.877131],[152.281992,-29.877216],[152.281523,-29.877271],[152.281185,-29.87733],[152.280933,-29.877442],[152.280781,-29.877606],[152.280738,-29.877843],[152.280768,-29.878227],[152.280834,-29.87861],[152.281002,-29.8792],[152.281187,-29.879642],[152.281515,-29.880032],[152.281834,-29.880369],[152.281997,-29.880601],[152.282198,-29.880932],[152.282409,-29.881204],[152.282736,-29.88149],[152.2831,-29.881776],[152.283374,-29.882069],[152.283603,-29.882481],[152.283805,-29.882799],[152.284134,-29.883283],[152.284518,-29.88382],[152.284729,-29.884188],[152.284977,-29.884674],[152.285099,-29.885176],[152.285257,-29.885945],[152.285317,-29.886654],[152.285185,-29.887171],[152.284954,-29.887646],[152.284489,-29.888247],[152.284132,-29.888766],[152.283756,-29.88919],[152.283253,-29.889629],[152.282778,-29.890112],[152.282504,-29.890679],[152.282302,-29.891382],[152.282081,-29.892025],[152.281931,-29.89241],[152.281772,-29.892921],[152.281533,-29.893455],[152.281293,-29.89401],[152.281056,-29.894723],[152.280846,-29.895508],[152.280682,-29.896418],[152.280669,-29.89709],[152.280756,-29.897761],[152.280907,-29.898551],[152.280913,-29.899197],[152.280962,-29.899544],[152.281073,-29.899898],[152.281238,-29.900214],[152.281467,-29.90053],[152.281686,-29.900839],[152.281843,-29.901215],[152.28219,-29.901553],[152.282609,-29.901949],[152.282997,-29.902252],[152.283544,-29.902758],[152.283809,-29.903126],[152.284368,-29.904031],[152.284772,-29.904745],[152.285148,-29.905415],[152.285314,-29.905857],[152.285416,-29.9061],[152.285382,-29.906366],[152.285383,-29.906528],[152.28555,-29.906963],[152.28566,-29.907312],[152.285644,-29.907571],[152.285582,-29.907815],[152.285486,-29.9082],[152.285344,-29.908518],[152.285175,-29.908822],[152.284978,-29.909038],[152.284601,-29.909409],[152.284178,-29.909641],[152.283889,-29.909717],[152.283583,-29.909792],[152.283195,-29.909965],[152.282682,-29.910204],[152.282115,-29.910555],[152.281701,-29.910816],[152.281273,-29.911038],[152.280877,-29.911217],[152.280616,-29.911315],[152.280381,-29.911368],[152.279713,-29.911483],[152.279307,-29.911567],[152.278765,-29.911681],[152.278178,-29.911729],[152.277816,-29.911695],[152.277336,-29.911587],[152.276846,-29.911398],[152.276184,-29.911107],[152.275021,-29.910737],[152.274342,-29.910594],[152.273563,-29.910451],[152.272685,-29.910316],[152.272178,-29.91029],[152.271555,-29.910338],[152.27095,-29.910467],[152.270526,-29.910566],[152.269976,-29.910791],[152.26967,-29.910962],[152.269392,-29.91123],[152.269204,-29.911475],[152.268953,-29.911809],[152.268811,-29.912017],[152.26866,-29.91238],[152.268664,-29.912837],[152.268623,-29.913399],[152.268626,-29.913783],[152.268854,-29.914604],[152.26903,-29.915216],[152.269206,-29.915651],[152.269352,-29.915886],[152.269607,-29.916106],[152.269861,-29.91626],[152.270178,-29.916376],[152.270486,-29.916433],[152.270947,-29.916423],[152.271398,-29.916324],[152.27222,-29.916105],[152.272815,-29.915975],[152.273194,-29.91587],[152.273646,-29.915808],[152.27407,-29.915739],[152.274729,-29.915528],[152.275164,-29.915416],[152.275761,-29.915375],[152.276358,-29.91549],[152.276884,-29.915671],[152.277247,-29.915824],[152.277702,-29.916065],[152.278038,-29.916336],[152.278238,-29.916504],[152.27843,-29.916754],[152.278621,-29.917015],[152.278749,-29.91725],[152.278806,-29.917516],[152.278826,-29.917826],[152.278766,-29.91821],[152.278687,-29.918529],[152.278581,-29.918766],[152.278312,-29.919092],[152.278026,-29.919427],[152.277675,-29.91968],[152.277009,-29.920068],[152.275983,-29.920606],[152.275036,-29.9209],[152.274269,-29.921134],[152.273996,-29.921235],[152.273537,-29.921415],[152.272814,-29.92153],[152.272398,-29.921525],[152.271711,-29.921493],[152.271015,-29.921586],[152.270347,-29.921715],[152.269824,-29.921852],[152.269382,-29.921995],[152.269184,-29.922107],[152.268752,-29.922383],[152.268314,-29.922806],[152.26782,-29.923223],[152.267309,-29.923751],[152.267013,-29.924092],[152.266781,-29.924522],[152.266693,-29.924744],[152.266607,-29.92503],[152.266555,-29.925348],[152.266566,-29.925644],[152.266623,-29.925946],[152.266708,-29.926315],[152.266811,-29.926816],[152.266896,-29.927222],[152.267008,-29.92765],[152.267146,-29.928025],[152.267368,-29.928389],[152.267732,-29.928704],[152.268068,-29.928924],[152.268477,-29.929135],[152.268839,-29.929259],[152.26941,-29.929299],[152.26986,-29.929267],[152.270294,-29.929132],[152.270799,-29.929003],[152.271159,-29.928868],[152.27169,-29.928598],[152.272042,-29.928478],[152.272455,-29.928121],[152.272871,-29.927626],[152.27321,-29.927033],[152.273459,-29.926559],[152.273609,-29.926144],[152.273931,-29.925684],[152.274171,-29.925195],[152.27434,-29.924884],[152.2745,-29.924499],[152.274812,-29.923973],[152.27497,-29.923747],[152.275445,-29.923227],[152.275875,-29.922766],[152.276324,-29.922342],[152.2768,-29.921955],[152.277286,-29.921612],[152.277708,-29.921329],[152.278123,-29.921157],[152.278601,-29.921058],[152.279035,-29.921018],[152.279533,-29.921059],[152.280247,-29.921114],[152.280818,-29.921265],[152.281307,-29.921373],[152.281589,-29.921467],[152.281848,-29.921591],[152.282066,-29.921752],[152.282349,-29.922044],[152.282514,-29.92228],[152.282645,-29.922804],[152.282849,-29.923482],[152.282933,-29.92371],[152.283162,-29.924137],[152.283581,-29.924482],[152.2837,-29.924658],[152.283929,-29.925041],[152.28385,-29.925374],[152.283681,-29.925641],[152.283035,-29.926258],[152.282625,-29.926904],[152.282394,-29.927334],[152.282125,-29.927699],[152.281535,-29.928447],[152.28132,-29.92867],[152.280817,-29.929057],[152.280277,-29.92943],[152.279718,-29.929715],[152.279097,-29.929984],[152.278312,-29.930241],[152.277492,-29.930497],[152.276527,-29.930828],[152.275967,-29.930987],[152.275351,-29.931115],[152.27471,-29.931229],[152.274303,-29.931298],[152.273987,-29.931285],[152.273416,-29.931208],[152.272882,-29.931122],[152.272466,-29.931051],[152.272194,-29.931023],[152.271851,-29.931099],[152.271563,-29.931242],[152.271175,-29.931421],[152.270382,-29.931544],[152.269858,-29.931644],[152.269498,-29.93183],[152.269237,-29.932046],[152.269167,-29.932313],[152.269144,-29.932502],[152.269219,-29.932767],[152.269136,-29.93378],[152.269123,-29.934371],[152.269127,-29.934821],[152.269175,-29.935197],[152.269286,-29.935529],[152.269669,-29.935867],[152.269906,-29.936183],[152.270346,-29.936808],[152.270611,-29.937227],[152.270968,-29.937884],[152.27164,-29.939512],[152.271863,-29.94022],[152.27205,-29.940861],[152.272154,-29.941326],[152.272166,-29.941585],[152.272504,-29.942306],[152.273018,-29.943325],[152.273184,-29.943679],[152.273322,-29.94401],[152.273512,-29.945139],[152.273571,-29.945745],[152.273614,-29.946393],[152.27358,-29.946752],[152.273538,-29.947003],[152.273358,-29.947271],[152.273162,-29.947597],[152.273012,-29.948049],[152.272888,-29.948404],[152.272712,-29.948951],[152.272543,-29.949403],[152.272484,-29.949736],[152.272458,-29.949906],[152.272299,-29.950357],[152.272123,-29.95087],[152.272098,-29.951122],[152.272154,-29.951401],[152.272302,-29.951762],[152.272495,-29.952115],[152.272588,-29.952447],[152.272737,-29.952986],[152.272877,-29.953538],[152.273009,-29.954158],[152.273048,-29.954556],[152.273072,-29.955162],[152.2731,-29.955606],[152.273139,-29.955924],[152.273251,-29.956307],[152.273334,-29.956543],[152.2735,-29.95689],[152.273611,-29.957213],[152.273733,-29.957737],[152.27389,-29.958113],[152.274119,-29.958599],[152.274294,-29.959056],[152.274406,-29.959394],[152.2747,-29.959991],[152.275022,-29.96055],[152.275284,-29.960933],[152.275504,-29.96122],[152.275814,-29.961491],[152.276306,-29.961902],[152.276842,-29.962216],[152.277224,-29.962443],[152.277915,-29.962874],[152.278351,-29.963137],[152.278815,-29.963467],[152.279398,-29.963914],[152.279744,-29.964177],[152.281134,-29.964937],[152.281389,-29.965135],[152.281535,-29.965377],[152.281736,-29.96559],[152.282009,-29.965714],[152.282316,-29.965734],[152.282705,-29.965688],[152.283265,-29.965573],[152.283698,-29.965401],[152.283953,-29.965075],[152.284087,-29.964948],[152.2844,-29.964525],[152.284696,-29.964213],[152.284993,-29.964005],[152.285308,-29.963803],[152.285687,-29.963624],[152.286047,-29.963496],[152.286517,-29.963448],[152.286843,-29.963417],[152.287033,-29.963504],[152.287252,-29.96371],[152.287472,-29.964085],[152.287673,-29.964357],[152.287875,-29.964666],[152.288005,-29.96502],[152.287917,-29.965308],[152.287776,-29.965797],[152.287544,-29.966175],[152.287258,-29.96677],[152.28708,-29.967096],[152.286901,-29.967319],[152.286704,-29.967549],[152.286326,-29.967825],[152.285885,-29.968116],[152.285543,-29.968325],[152.285337,-29.968525],[152.28515,-29.968881],[152.285161,-29.969191],[152.28529,-29.969412],[152.285509,-29.969573],[152.285817,-29.969748],[152.286153,-29.969924],[152.286581,-29.970209],[152.286935,-29.970399],[152.28719,-29.970589],[152.287629,-29.971148],[152.287835,-29.971458],[152.288093,-29.971973],[152.288341,-29.972422],[152.288508,-29.972945],[152.288702,-29.973351],[152.288885,-29.973704],[152.289105,-29.974005],[152.289433,-29.974276],[152.289707,-29.9746],[152.290092,-29.975225],[152.290522,-29.975717],[152.290978,-29.976246],[152.291115,-29.976437],[152.29158,-29.976789],[152.291972,-29.977111],[152.29237,-29.977259],[152.292924,-29.977455],[152.293677,-29.977701],[152.294493,-29.977977],[152.2953,-29.978208],[152.296207,-29.978446],[152.297077,-29.97864],[152.297603,-29.978791],[152.298409,-29.978897],[152.298964,-29.97904],[152.299253,-29.979068],[152.299579,-29.979044],[152.300058,-29.979041],[152.300357,-29.979068],[152.300611,-29.97917],[152.300874,-29.97922],[152.301118,-29.979189],[152.301533,-29.979075],[152.301922,-29.978984],[152.302301,-29.97893],[152.30297,-29.978867],[152.303458,-29.978834],[152.304055,-29.978845],[152.304635,-29.978878],[152.305287,-29.979044],[152.305923,-29.979261],[152.306522,-29.979523],[152.307103,-29.9798],[152.307476,-29.97996],[152.308071,-29.980294],[152.308408,-29.980528],[152.308635,-29.980696],[152.308709,-29.980873],[152.308675,-29.981087],[152.308577,-29.981258],[152.308525,-29.981583],[152.308473,-29.981834],[152.308384,-29.98199],[152.308133,-29.982228],[152.307773,-29.982459],[152.307205,-29.982751],[152.306664,-29.982903],[152.306167,-29.983016],[152.305417,-29.983147],[152.305101,-29.983178],[152.304395,-29.983168],[152.303825,-29.983172],[152.303319,-29.983197],[152.303011,-29.983206],[152.302178,-29.983438],[152.30171,-29.983656],[152.30116,-29.983881],[152.300764,-29.984134],[152.300566,-29.984298],[152.300415,-29.984557],[152.300264,-29.984913],[152.300131,-29.985283],[152.300161,-29.98563],[152.300562,-29.985953],[152.300891,-29.986371],[152.301029,-29.986622],[152.301067,-29.986791],[152.30135,-29.987107],[152.301705,-29.987356],[152.302613,-29.987786],[152.303217,-29.987932],[152.304014,-29.988038],[152.304367,-29.988043],[152.304673,-29.987945],[152.305278,-29.987727],[152.305684,-29.987554],[152.306198,-29.987389],[152.306676,-29.987171],[152.307036,-29.986977],[152.307396,-29.98682],[152.307704,-29.98681],[152.307986,-29.986949],[152.308159,-29.98711],[152.308306,-29.987338],[152.308354,-29.987714],[152.308375,-29.988084],[152.308505,-29.988378],[152.308625,-29.988784],[152.308719,-29.989123],[152.308766,-29.989359],[152.308741,-29.989558],[152.308589,-29.989759],[152.308329,-29.990019],[152.307978,-29.99028],[152.307807,-29.990436],[152.30771,-29.990695],[152.307641,-29.991072],[152.307636,-29.991611],[152.307631,-29.99204],[152.30755,-29.992214],[152.307552,-29.992502],[152.307574,-29.992886],[152.30777,-29.993645],[152.308375,-29.994513],[152.308687,-29.99502],[152.308907,-29.995322],[152.309107,-29.99549],[152.309389,-29.995681],[152.309698,-29.995848],[152.309962,-29.996016],[152.310939,-29.996545],[152.311594,-29.996888],[152.312339,-29.997245],[152.313029,-29.997558],[152.313647,-29.997849],[152.314038,-29.998098],[152.314457,-29.998354],[152.314823,-29.998695],[152.315261,-29.999118],[152.315572,-29.999494],[152.315789,-29.999933],[152.316123,-30.000316],[152.316632,-30.00067],[152.316915,-30.000952],[152.317029,-30.001302],[152.317118,-30.001584],[152.317159,-30.001789],[152.317154,-30.002037],[152.317078,-30.002436],[152.31694,-30.002856],[152.316865,-30.00331],[152.316893,-30.003812],[152.316991,-30.004224],[152.317114,-30.004698],[152.317157,-30.00509],[152.31716,-30.005468],[152.317148,-30.00588],[152.317081,-30.006376],[152.317005,-30.006747],[152.31682,-30.007161],[152.316642,-30.007609],[152.316519,-30.008036],[152.316458,-30.008325],[152.31626,-30.008919],[152.316099,-30.009388],[152.315944,-30.009705],[152.315701,-30.009954],[152.315458,-30.010176],[152.315152,-30.010356],[152.314783,-30.010579],[152.314485,-30.010842],[152.313773,-30.011467],[152.313287,-30.011924],[152.313053,-30.012187],[152.312967,-30.012352],[152.312938,-30.012559],[152.312917,-30.012978],[152.312937,-30.013459],[152.312886,-30.013879],[152.31281,-30.014284],[152.312726,-30.014574],[152.312667,-30.014979],[152.312702,-30.015178],[152.312848,-30.015401],[152.313036,-30.015568],[152.313321,-30.015713],[152.313746,-30.015782],[152.31404,-30.015959],[152.31435,-30.016218],[152.3147,-30.016477],[152.315018,-30.016757],[152.315194,-30.017031],[152.315347,-30.017387],[152.315484,-30.017723],[152.315574,-30.01808],[152.315681,-30.018622],[152.315724,-30.019048],[152.315601,-30.019461],[152.315415,-30.019876],[152.315253,-30.020365],[152.31514,-30.020964],[152.315003,-30.021569],[152.314857,-30.022113],[152.314657,-30.022678],[152.314473,-30.023257],[152.314404,-30.023594],[152.314415,-30.023912],[152.314419,-30.024317],[152.314384,-30.02484],[152.314294,-30.025384],[152.314173,-30.026044],[152.313925,-30.026596],[152.3135,-30.02735],[152.31329,-30.027709],[152.313134,-30.027999],[152.313089,-30.028246],[152.313068,-30.028521],[152.313133,-30.028741],[152.313296,-30.029352],[152.31329,-30.029627],[152.313261,-30.029888],[152.313288,-30.030213],[152.313377,-30.030411],[152.313759,-30.030883],[152.313951,-30.031081],[152.314268,-30.03121],[152.314553,-30.031318],[152.314846,-30.031481],[152.314975,-30.031803],[152.315057,-30.032167],[152.315164,-30.032586],[152.315221,-30.033047],[152.315279,-30.033356],[152.315392,-30.033719],[152.315482,-30.034083],[152.315555,-30.034309],[152.315495,-30.034571],[152.315417,-30.034729],[152.315221,-30.034889],[152.314907,-30.035076],[152.314655,-30.035181],[152.3143,-30.035225],[152.314071,-30.035219],[152.3137,-30.035174],[152.313256,-30.035025],[152.312844,-30.034877],[152.31229,-30.034688],[152.311535,-30.034446],[152.311045,-30.034318],[152.310689,-30.034252],[152.310309,-30.034199],[152.309986,-30.034181],[152.309457,-30.034219],[152.309071,-30.034324],[152.30871,-30.03456],[152.308358,-30.03492],[152.308045,-30.035307],[152.307716,-30.035618],[152.307302,-30.036074],[152.307036,-30.036379],[152.30689,-30.036554],[152.306706,-30.037118],[152.306567,-30.037525],[152.306325,-30.037815],[152.305981,-30.03823],[152.305653,-30.038637],[152.305253,-30.038984],[152.30493,-30.039266],[152.304558,-30.039497],[152.304384,-30.03956],[152.304038,-30.039644],[152.30361,-30.039663],[152.303199,-30.039638],[152.302506,-30.039554],[152.302344,-30.039554],[152.302049,-30.039537],[152.301653,-30.039436],[152.301312,-30.039315],[152.300933,-30.039269],[152.300459,-30.039259],[152.299835,-30.039228],[152.299227,-30.039184],[152.298797,-30.039098],[152.29814,-30.038999],[152.297611,-30.038947],[152.297192,-30.038916],[152.296798,-30.038959],[152.296404,-30.039058],[152.296081,-30.039212],[152.295807,-30.039406],[152.295548,-30.039641],[152.295282,-30.039918],[152.29504,-30.040249],[152.294884,-30.040504],[152.294768,-30.04078],[152.294723,-30.041062],[152.294683,-30.041525],[152.29467,-30.041951],[152.294658,-30.042405],[152.294654,-30.042838],[152.294706,-30.043277],[152.294787,-30.043621],[152.29487,-30.043929],[152.294974,-30.044214],[152.295078,-30.04444],[152.295166,-30.044577],[152.29534,-30.044755],[152.295634,-30.044897],[152.296044,-30.045002],[152.296226,-30.045083],[152.296503,-30.045247],[152.296718,-30.045396],[152.296894,-30.045526],[152.297107,-30.045676],[152.297346,-30.045743],[152.29755,-30.045742],[152.29785,-30.045705],[152.298078,-30.045635],[152.298314,-30.045586],[152.29863,-30.045536],[152.298914,-30.045534],[152.299167,-30.045573],[152.299373,-30.045675],[152.299525,-30.045818],[152.299571,-30.045954],[152.29958,-30.046133],[152.299567,-30.046332],[152.299513,-30.046532],[152.299373,-30.046808],[152.299264,-30.047001],[152.299092,-30.047229],[152.298952,-30.047381],[152.298685,-30.047609],[152.298411,-30.047879],[152.298168,-30.048121],[152.297926,-30.048418],[152.297754,-30.048646],[152.297567,-30.048936],[152.297348,-30.049219],[152.297175,-30.049377],[152.296906,-30.049456],[152.296559,-30.049438],[152.296194,-30.049367],[152.295833,-30.049243],[152.29544,-30.049131],[152.295103,-30.049069],[152.29465,-30.049084],[152.294323,-30.04922],[152.294035,-30.049401],[152.293354,-30.049754],[152.293126,-30.049935],[152.292918,-30.050176],[152.292748,-30.050486],[152.292624,-30.050736],[152.292505,-30.051009],[152.292418,-30.051327],[152.292366,-30.051711],[152.292387,-30.052016],[152.292446,-30.052272],[152.292545,-30.052475],[152.292762,-30.052697],[152.293072,-30.052862],[152.293442,-30.05295],[152.293846,-30.052957],[152.294253,-30.05295],[152.294899,-30.05306],[152.295226,-30.053091],[152.295549,-30.05308],[152.295899,-30.053058],[152.296268,-30.053064],[152.296638,-30.05311],[152.297041,-30.053172],[152.297355,-30.053214],[152.29764,-30.053265],[152.297847,-30.053373],[152.298086,-30.05351],[152.298242,-30.053659],[152.298468,-30.053894],[152.298723,-30.054141],[152.298949,-30.054379],[152.299152,-30.05463],[152.299422,-30.055047],[152.299696,-30.055477],[152.299806,-30.0557],[152.300006,-30.056176],[152.300112,-30.056517],[152.300151,-30.056781],[152.300113,-30.057066],[152.300059,-30.057429],[152.299996,-30.057629],[152.299936,-30.057755],[152.299775,-30.05798],[152.299561,-30.05812],[152.299258,-30.05826],[152.298941,-30.058331],[152.298479,-30.058448],[152.298218,-30.058559],[152.29786,-30.058729],[152.297357,-30.058935],[152.296779,-30.059159],[152.296439,-30.059254],[152.296139,-30.059305],[152.295839,-30.059307],[152.29554,-30.059288],[152.295283,-30.059302],[152.295012,-30.059344],[152.294728,-30.059432],[152.294546,-30.059498],[152.294243,-30.059614],[152.293992,-30.059741],[152.293708,-30.05989],[152.29335,-30.060116],[152.293183,-30.060239],[152.292898,-30.060457],[152.292564,-30.060761],[152.2923,-30.061059],[152.292143,-30.061329],[152.291965,-30.061733],[152.291814,-30.062149],[152.291616,-30.06251],[152.291536,-30.062929],[152.29151,-30.063202],[152.291532,-30.063427],[152.291705,-30.063707],[152.291802,-30.064085],[152.291898,-30.064422],[152.291999,-30.064681],[152.292123,-30.064969],[152.292383,-30.065306],[152.292501,-30.065447],[152.29275,-30.065612],[152.293274,-30.065859],[152.293775,-30.066011],[152.294351,-30.06617],[152.294961,-30.066365],[152.295263,-30.066479],[152.295666,-30.066594],[152.296064,-30.066698],[152.296345,-30.066789],[152.296622,-30.066926],[152.296998,-30.067119],[152.297341,-30.067312],[152.297683,-30.067452],[152.297974,-30.067601],[152.298254,-30.067797],[152.298556,-30.06806],[152.298881,-30.068375],[152.299145,-30.06867],[152.299353,-30.068966],[152.299565,-30.069207],[152.299753,-30.069409],[152.299966,-30.06964],[152.300052,-30.069867],[152.300223,-30.070228],[152.300353,-30.070741],[152.300336,-30.070986],[152.300316,-30.071401],[152.300268,-30.071751],[152.300185,-30.071939],[152.300014,-30.072099],[152.299841,-30.072197],[152.299627,-30.072244],[152.299426,-30.072241],[152.299084,-30.072169],[152.298777,-30.072013],[152.298284,-30.071739],[152.297912,-30.071497],[152.297513,-30.071317],[152.297124,-30.071161],[152.296715,-30.070931],[152.296345,-30.070767],[152.295877,-30.070729],[152.29565,-30.070698],[152.295327,-30.070619],[152.294966,-30.070503],[152.29454,-30.0704],[152.2941,-30.070318],[152.293833,-30.070315],[152.293497,-30.070374],[152.293213,-30.070482],[152.292897,-30.070716],[152.292709,-30.070871],[152.292481,-30.071027],[152.292211,-30.071171],[152.292016,-30.071318],[152.291966,-30.071404],[152.291962,-30.071555],[152.292006,-30.071734],[152.292133,-30.071916],[152.292336,-30.072126],[152.292581,-30.07232],[152.292933,-30.072456],[152.293308,-30.072551],[152.293626,-30.072565],[152.294014,-30.072575],[152.294231,-30.072567],[152.29462,-30.072642],[152.29492,-30.072758],[152.295226,-30.072988],[152.295419,-30.073149],[152.295565,-30.073344],[152.295689,-30.073603],[152.295786,-30.074026],[152.295931,-30.07455],[152.296045,-30.074986],[152.296103,-30.075246],[152.296082,-30.075462],[152.295967,-30.075714],[152.295735,-30.075911],[152.295423,-30.076096],[152.295106,-30.076155],[152.294821,-30.076178],[152.294479,-30.076131],[152.294081,-30.07604],[152.29385,-30.076006],[152.293509,-30.076009],[152.293177,-30.076055],[152.292898,-30.076126],[152.292646,-30.076222],[152.292418,-30.076406],[152.292187,-30.076701],[152.291989,-30.077023],[152.291906,-30.077191],[152.29187,-30.07737],[152.291886,-30.077618],[152.291996,-30.077898],[152.29221,-30.078264],[152.292423,-30.078564],[152.292678,-30.078843],[152.292974,-30.079121],[152.293262,-30.079433],[152.293447,-30.079753],[152.293565,-30.080034],[152.293708,-30.080431],[152.29379,-30.080724],[152.293823,-30.080903],[152.293969,-30.081069],[152.294476,-30.081546],[152.294646,-30.081834],[152.294952,-30.082681],[152.295031,-30.083011],[152.295156,-30.083786],[152.295163,-30.084022],[152.295135,-30.084344],[152.295012,-30.084708],[152.294941,-30.084809],[152.294908,-30.084923],[152.294757,-30.085144],[152.294442,-30.085438],[152.294185,-30.085634],[152.293829,-30.085819],[152.293524,-30.085849],[152.293269,-30.085801],[152.293065,-30.085699],[152.292787,-30.085508],[152.292524,-30.085426],[152.292279,-30.085273],[152.292006,-30.085006],[152.291818,-30.084893],[152.291583,-30.08483],[152.291275,-30.084815],[152.290966,-30.084834],[152.290714,-30.0849],[152.290416,-30.085],[152.290154,-30.085075],[152.289912,-30.085149],[152.289623,-30.085233],[152.289418,-30.085364],[152.289121,-30.085626],[152.288861,-30.08588],[152.288583,-30.086126],[152.288127,-30.086406],[152.287764,-30.086579],[152.287256,-30.086807],[152.286855,-30.08694],[152.286575,-30.087015],[152.286323,-30.087033],[152.286042,-30.08701],[152.285789,-30.086947],[152.285424,-30.086884],[152.284983,-30.086797],[152.284496,-30.086735],[152.284075,-30.086648],[152.283738,-30.086601],[152.283214,-30.086589],[152.282719,-30.086649],[152.282287,-30.086732],[152.28183,-30.086865],[152.28141,-30.087054],[152.280991,-30.087269],[152.280656,-30.087417],[152.280339,-30.087501],[152.280003,-30.087592],[152.279714,-30.087692],[152.279444,-30.087848],[152.279295,-30.088012],[152.279148,-30.088249],[152.279113,-30.088566],[152.279143,-30.088826],[152.279249,-30.089184],[152.279392,-30.089516],[152.279525,-30.08976],[152.279733,-30.089962],[152.279939,-30.090115],[152.280287,-30.090284],[152.280709,-30.090452],[152.281298,-30.090719],[152.281721,-30.09092],[152.282097,-30.091146],[152.282492,-30.091436],[152.282943,-30.091702],[152.283281,-30.091928],[152.28362,-30.092186],[152.284017,-30.09259],[152.284319,-30.093036],[152.284596,-30.093652],[152.28477,-30.094278],[152.284726,-30.094743],[152.28457,-30.09511],[152.284283,-30.095462],[152.283874,-30.095814],[152.283399,-30.096013],[152.282662,-30.096245],[152.28199,-30.096461],[152.281356,-30.096619],[152.280797,-30.0969],[152.280407,-30.097142],[152.280007,-30.097462],[152.279692,-30.097757],[152.279479,-30.098019],[152.279323,-30.098434],[152.279298,-30.098825],[152.279282,-30.099134],[152.279397,-30.099451],[152.279521,-30.099768],[152.279673,-30.099995],[152.279881,-30.10027],[152.280013,-30.100473],[152.280156,-30.100748],[152.280279,-30.100951],[152.280468,-30.101186],[152.280638,-30.101331],[152.280873,-30.101419],[152.281154,-30.101499],[152.281487,-30.101575],[152.281575,-30.101597],[152.282199,-30.101824],[152.282807,-30.101928],[152.283169,-30.102031],[152.283563,-30.102105],[152.283753,-30.102156],[152.284203,-30.102403],[152.284661,-30.102728],[152.284847,-30.102931],[152.284913,-30.103257],[152.284999,-30.1035],[152.285099,-30.103711],[152.285203,-30.103837],[152.285297,-30.103938],[152.285467,-30.104079],[152.28557,-30.10416],[152.285646,-30.104265],[152.285699,-30.10448],[152.285817,-30.10467],[152.285968,-30.104827],[152.28611,-30.104997],[152.286275,-30.10522],[152.286403,-30.105378],[152.286572,-30.105582],[152.286719,-30.105776],[152.286795,-30.105935],[152.286834,-30.106125],[152.286829,-30.106296],[152.286753,-30.106453],[152.286693,-30.106732],[152.286543,-30.10696],[152.286433,-30.107268],[152.286398,-30.107482],[152.28637,-30.107848],[152.286385,-30.108133],[152.286351,-30.108318],[152.286437,-30.10848],[152.286565,-30.108699],[152.286641,-30.108877],[152.286699,-30.10906],[152.28679,-30.109218],[152.286954,-30.109408],[152.287129,-30.109525],[152.287293,-30.109601],[152.287821,-30.109738],[152.288005,-30.109879],[152.288263,-30.110012],[152.288526,-30.110132],[152.288765,-30.110216],[152.289135,-30.110299],[152.289455,-30.11044],[152.289694,-30.110552],[152.290028,-30.110766],[152.290348,-30.110955],[152.290823,-30.111096],[152.291377,-30.1113],[152.29186,-30.111521],[152.292133,-30.111723],[152.292412,-30.111942],[152.29251,-30.112115],[152.292641,-30.113083],[152.292639,-30.113298],[152.292571,-30.113598],[152.292511,-30.113763],[152.292286,-30.114078],[152.292121,-30.114346],[152.29213,-30.114744],[152.292086,-30.115086],[152.292056,-30.115453],[152.292004,-30.115974],[152.291927,-30.116407],[152.29191,-30.116552],[152.291941,-30.116739],[152.292055,-30.116919],[152.292145,-30.116998],[152.292301,-30.117085],[152.292457,-30.1171],[152.292705,-30.117066],[152.293085,-30.116904],[152.2933,-30.116791],[152.293491,-30.116627],[152.293674,-30.116414],[152.293758,-30.116278],[152.293918,-30.115842],[152.294072,-30.115227],[152.294182,-30.114905],[152.294399,-30.114556],[152.294616,-30.114271],[152.29479,-30.114086],[152.294989,-30.113951],[152.295204,-30.113873],[152.295427,-30.113853],[152.295583,-30.113862],[152.295673,-30.113884],[152.295928,-30.114029],[152.296351,-30.114364],[152.296598,-30.114618],[152.296862,-30.114861],[152.297145,-30.115119],[152.297428,-30.115403],[152.29773,-30.11571],[152.298003,-30.115985],[152.298156,-30.116405],[152.298233,-30.116739],[152.298376,-30.117039],[152.298519,-30.117314],[152.298596,-30.117607],[152.29851,-30.118044],[152.298503,-30.118114],[152.29812,-30.118578],[152.297804,-30.118862],[152.297604,-30.119104],[152.297442,-30.119364],[152.29722,-30.119759],[152.29713,-30.120101],[152.297029,-30.120362],[152.297003,-30.12059],[152.297025,-30.120931],[152.29714,-30.121362],[152.297304,-30.121898],[152.297381,-30.122117],[152.297523,-30.122328],[152.297823,-30.122481],[152.298368,-30.122648],[152.298751,-30.122713],[152.299238,-30.122759],[152.299584,-30.122749],[152.299836,-30.122755],[152.300071,-30.122827],[152.300278,-30.12298],[152.300429,-30.123182],[152.300524,-30.123361],[152.300517,-30.123581],[152.300491,-30.123874],[152.300391,-30.124135],[152.300299,-30.124379],[152.300255,-30.124697],[152.300266,-30.124953],[152.300268,-30.125237],[152.300255,-30.125372],[152.300196,-30.125592],[152.300076,-30.125768],[152.299961,-30.125943],[152.299879,-30.126206],[152.29982,-30.12643],[152.299758,-30.126764],[152.299676,-30.127029],[152.299621,-30.127225],[152.299614,-30.127447],[152.299677,-30.127723],[152.2998,-30.12795],[152.300003,-30.128173],[152.300244,-30.128399],[152.30043,-30.128585],[152.300867,-30.128856],[152.301123,-30.129041],[152.301305,-30.129234],[152.301503,-30.129499],[152.301578,-30.129664],[152.301611,-30.129792],[152.301629,-30.130179],[152.301654,-30.130272],[152.301852,-30.130551],[152.302116,-30.130866],[152.302265,-30.131101],[152.302323,-30.131266],[152.302332,-30.131416],[152.302309,-30.13171],[152.302252,-30.13199],[152.301974,-30.132391],[152.301876,-30.132621],[152.301696,-30.132836],[152.301288,-30.133159],[152.300957,-30.133354],[152.300661,-30.133398],[152.300461,-30.133347],[152.300169,-30.133268],[152.299901,-30.133184],[152.29962,-30.133059],[152.299395,-30.132992],[152.299034,-30.132933],[152.298771,-30.132874],[152.29834,-30.132734],[152.297955,-30.132602],[152.297636,-30.132511],[152.297365,-30.132484],[152.297127,-30.13253],[152.296991,-30.132588],[152.296744,-30.132683],[152.296644,-30.132753],[152.296481,-30.132767],[152.296366,-30.132922],[152.296366,-30.133079],[152.296406,-30.133146],[152.296495,-30.133392],[152.296686,-30.133838],[152.296763,-30.134159],[152.296794,-30.134529],[152.296783,-30.134894],[152.296734,-30.135211],[152.296669,-30.135736],[152.296616,-30.136084],[152.296605,-30.136499],[152.296665,-30.136901],[152.296738,-30.137271],[152.296844,-30.137604],[152.29694,-30.137967],[152.29707,-30.13832],[152.297179,-30.138543],[152.297354,-30.138774],[152.297604,-30.139024],[152.297925,-30.139283],[152.298231,-30.139513],[152.29859,-30.139686],[152.299021,-30.13981],[152.299471,-30.139831],[152.299714,-30.139814],[152.299983,-30.139748],[152.300243,-30.139615],[152.300528,-30.139429],[152.300737,-30.139281],[152.300942,-30.139182],[152.301273,-30.13907],[152.301517,-30.138935],[152.301651,-30.138868],[152.302514,-30.138629],[152.302942,-30.138556],[152.303402,-30.138555],[152.3036,-30.138583],[152.30402,-30.138718],[152.30421,-30.138882],[152.30426,-30.138983],[152.30436,-30.139073],[152.30451,-30.139277],[152.304755,-30.139585],[152.304855,-30.139759],[152.304936,-30.139934],[152.305013,-30.140116],[152.305112,-30.140299],[152.305207,-30.140461],[152.305228,-30.140549],[152.305208,-30.140661],[152.304999,-30.141],[152.304769,-30.141244],[152.30431,-30.141668],[152.30404,-30.14187],[152.303867,-30.141956],[152.303481,-30.14205],[152.302725,-30.142196],[152.302519,-30.142261],[152.30233,-30.142361],[152.301969,-30.142634],[152.301731,-30.14275],[152.301452,-30.142836],[152.301181,-30.142966],[152.300976,-30.143131],[152.300861,-30.143275],[152.300714,-30.143533],[152.300501,-30.14377],[152.300353,-30.143799],[152.299867,-30.143679],[152.299538,-30.143679],[152.299349,-30.143716],[152.298764,-30.144008],[152.298485,-30.144143],[152.298066,-30.14437],[152.297824,-30.144506],[152.29769,-30.144653],[152.297635,-30.144832],[152.297582,-30.145211],[152.297491,-30.145561],[152.297468,-30.145874],[152.297417,-30.145994],[152.297575,-30.146822],[152.297725,-30.147309],[152.297816,-30.14753],[152.297916,-30.147652],[152.29811,-30.147866],[152.298258,-30.147969],[152.298387,-30.148039],[152.298606,-30.148199],[152.298717,-30.148279],[152.298974,-30.148331],[152.299202,-30.148348],[152.299433,-30.148344],[152.299824,-30.148298],[152.300284,-30.148173],[152.30052,-30.148104],[152.300781,-30.148016],[152.30104,-30.147898],[152.301285,-30.147748],[152.301438,-30.147597],[152.30152,-30.147385],[152.301528,-30.147136],[152.301494,-30.14699],[152.301332,-30.146735],[152.301063,-30.146436],[152.300804,-30.146196],[152.300662,-30.146005],[152.300599,-30.14577],[152.300611,-30.145489],[152.30066,-30.145241],[152.300771,-30.145044],[152.300961,-30.144873],[152.301227,-30.144749],[152.301647,-30.144706],[152.302012,-30.1447],[152.302541,-30.144741],[152.303117,-30.144791],[152.303669,-30.14484],[152.304198,-30.144901],[152.304744,-30.144999],[152.305241,-30.145126],[152.305579,-30.145275],[152.305974,-30.145508],[152.306495,-30.145834],[152.306695,-30.145931],[152.307478,-30.14633],[152.307808,-30.146544],[152.308319,-30.146929],[152.308583,-30.147065],[152.308846,-30.147172],[152.309102,-30.147343],[152.309234,-30.147479],[152.309399,-30.147679],[152.309484,-30.14784],[152.309557,-30.148108],[152.309583,-30.148359],[152.309559,-30.148581],[152.309502,-30.148725],[152.309428,-30.148839],[152.309389,-30.149262],[152.309197,-30.149542],[152.309026,-30.149844],[152.308845,-30.150037],[152.308745,-30.15018],[152.308656,-30.150538],[152.308572,-30.150904],[152.308474,-30.151279],[152.30837,-30.151578],[152.308252,-30.151798],[152.308041,-30.152044],[152.307925,-30.152165],[152.307772,-30.152334],[152.307667,-30.152515],[152.307577,-30.152718],[152.307455,-30.152909],[152.307293,-30.153221],[152.307073,-30.153499],[152.30692,-30.153698],[152.306744,-30.154006],[152.306543,-30.154344],[152.306256,-30.154707],[152.30603,-30.155006],[152.305922,-30.155117],[152.305898,-30.155438],[152.305849,-30.155582],[152.305514,-30.156249],[152.305056,-30.157009],[152.304841,-30.157415],[152.304777,-30.157571],[152.304679,-30.157946],[152.304561,-30.158329],[152.304496,-30.158624],[152.304445,-30.158923],[152.30439,-30.159268],[152.304379,-30.15963],[152.304436,-30.159894],[152.304501,-30.160542],[152.304555,-30.160751],[152.304725,-30.161071],[152.305006,-30.1614],[152.305229,-30.161593],[152.306037,-30.162121],[152.30621,-30.162206],[152.30635,-30.162242],[152.306614,-30.162277],[152.306943,-30.162226],[152.307165,-30.162146],[152.307296,-30.162024],[152.307378,-30.161909],[152.307755,-30.161565],[152.307796,-30.161479],[152.307851,-30.160977],[152.307826,-30.160762],[152.307733,-30.160353],[152.307678,-30.160156],[152.307618,-30.159946],[152.307512,-30.159442],[152.3075,-30.159249],[152.307503,-30.159013],[152.30753,-30.158803],[152.307583,-30.158664],[152.307693,-30.158537],[152.307861,-30.158381],[152.307988,-30.158295],[152.308269,-30.15819],[152.308401,-30.158118],[152.30876,-30.158015],[152.309006,-30.158021],[152.30935,-30.158057],[152.309665,-30.158147],[152.310009,-30.15825],[152.310261,-30.15829],[152.310508,-30.158301],[152.310773,-30.158279],[152.31106,-30.158231],[152.311384,-30.158229],[152.311766,-30.158239],[152.312114,-30.158262],[152.312434,-30.158302],[152.312739,-30.158354],[152.312957,-30.158429],[152.313123,-30.158503],[152.313458,-30.158724],[152.313587,-30.158863],[152.31381,-30.159049],[152.313995,-30.159165],[152.314303,-30.159309],[152.314594,-30.159484],[152.314823,-30.159613],[152.31511,-30.159825],[152.315393,-30.160097],[152.315637,-30.160373],[152.31592,-30.16084],[152.316145,-30.161069],[152.316228,-30.161191],[152.316485,-30.161742],[152.316594,-30.1622],[152.316578,-30.162321],[152.316393,-30.162526],[152.316293,-30.16267],[152.316159,-30.162814],[152.315967,-30.162941],[152.315706,-30.163035],[152.315456,-30.163113],[152.315224,-30.163139],[152.315006,-30.163103],[152.314851,-30.163037],[152.314497,-30.162773],[152.314242,-30.162529],[152.313904,-30.1623],[152.313376,-30.161986],[152.312889,-30.161623],[152.31279,-30.161472],[152.312633,-30.161344],[152.312279,-30.16113],[152.312196,-30.161116],[152.312089,-30.16103],[152.311965,-30.160973],[152.311578,-30.160867],[152.311117,-30.160811],[152.310829,-30.160718],[152.31045,-30.160533],[152.31031,-30.160498],[152.310096,-30.160498],[152.309907,-30.160535],[152.309751,-30.160607],[152.309578,-30.160722],[152.309447,-30.160858],[152.309169,-30.161203],[152.308891,-30.161612],[152.308863,-30.161715],[152.308804,-30.161944],[152.308733,-30.162172],[152.308649,-30.162454],[152.30853,-30.162779],[152.308364,-30.163066],[152.308183,-30.163281],[152.307894,-30.163627],[152.307763,-30.163821],[152.307649,-30.164165],[152.307126,-30.165012],[152.307085,-30.165134],[152.307004,-30.165435],[152.306837,-30.165765],[152.306749,-30.165821],[152.306694,-30.166153],[152.306648,-30.166498],[152.306563,-30.166759],[152.306421,-30.167119],[152.306404,-30.167325],[152.306425,-30.167519],[152.30646,-30.167695],[152.306578,-30.167841],[152.306767,-30.167974],[152.30703,-30.168141],[152.307307,-30.168291],[152.307457,-30.168353],[152.307593,-30.168356],[152.307796,-30.168329],[152.307998,-30.168248],[152.308147,-30.168184],[152.308417,-30.16809],[152.308794,-30.168008],[152.309125,-30.167921],[152.309259,-30.167957],[152.309424,-30.168043],[152.309507,-30.168121],[152.309606,-30.168257],[152.309627,-30.168325],[152.309682,-30.168937],[152.309631,-30.170103],[152.309639,-30.170599],[152.309608,-30.170986],[152.30961,-30.171588],[152.30971,-30.172103],[152.309768,-30.172232],[152.310165,-30.172661],[152.31066,-30.173118],[152.310941,-30.173418],[152.311073,-30.173596],[152.31109,-30.173668],[152.311074,-30.17374],[152.311008,-30.173797],[152.310918,-30.173833],[152.309603,-30.174195],[152.309036,-30.174419],[152.308666,-30.174591],[152.30842,-30.174764],[152.308146,-30.174909],[152.3079,-30.175094],[152.307636,-30.175352],[152.307248,-30.175733],[152.306836,-30.176087],[152.306533,-30.176283],[152.306173,-30.176466],[152.305614,-30.176621],[152.305257,-30.176787],[152.304875,-30.177015],[152.304509,-30.177286],[152.304209,-30.177562],[152.30398,-30.17787],[152.303925,-30.178025],[152.303846,-30.178175],[152.303687,-30.178306],[152.303481,-30.178463],[152.303384,-30.178629],[152.303341,-30.178731],[152.30326,-30.178846],[152.303239,-30.179016],[152.303237,-30.179195],[152.303311,-30.179534],[152.303386,-30.179655],[152.303444,-30.179705],[152.303577,-30.179748],[152.303798,-30.179754],[152.304152,-30.179643],[152.304409,-30.179591],[152.30469,-30.179584],[152.305049,-30.179671],[152.305422,-30.179794],[152.305815,-30.180027],[152.306148,-30.180263],[152.306493,-30.180492],[152.306882,-30.180746],[152.307256,-30.180929],[152.307552,-30.181049],[152.30793,-30.181134],[152.308429,-30.181194],[152.308917,-30.181233],[152.309406,-30.181259],[152.309782,-30.181243],[152.309867,-30.181235],[152.310007,-30.181163],[152.310228,-30.180976],[152.310498,-30.180453],[152.310604,-30.180123],[152.310759,-30.179779],[152.311012,-30.179284],[152.311143,-30.179098],[152.311143,-30.179054],[152.311339,-30.178789],[152.311577,-30.178581],[152.311873,-30.178379],[152.312718,-30.177875],[152.312842,-30.177839],[152.313064,-30.177803],[152.313204,-30.177824],[152.313492,-30.177902],[152.313582,-30.177964],[152.313806,-30.178302],[152.313948,-30.178653],[152.314164,-30.179411],[152.314265,-30.179841],[152.314356,-30.180063],[152.314488,-30.180284],[152.314662,-30.180484],[152.314901,-30.180634],[152.315253,-30.180729],[152.315643,-30.180847],[152.315832,-30.180947],[152.316014,-30.181083],[152.31622,-30.181297],[152.316518,-30.181683],[152.316815,-30.181983],[152.316931,-30.182162],[152.316956,-30.182255],[152.316957,-30.182556],[152.316925,-30.182728],[152.316835,-30.182964],[152.316705,-30.183172],[152.316431,-30.183416],[152.316154,-30.183389],[152.315923,-30.183296],[152.315107,-30.182883],[152.314967,-30.182848],[152.314662,-30.182813],[152.314276,-30.182864],[152.313906,-30.182972],[152.313339,-30.183232],[152.312994,-30.183462],[152.312709,-30.183686],[152.312494,-30.183993],[152.312323,-30.184416],[152.31225,-30.184774],[152.312293,-30.185075],[152.312368,-30.185326],[152.312584,-30.185691],[152.312798,-30.185912],[152.313449,-30.186411],[152.313944,-30.18674],[152.3142,-30.186961],[152.314399,-30.187211],[152.314465,-30.187433],[152.314438,-30.187554],[152.314318,-30.187749],[152.314132,-30.187982],[152.313909,-30.188187],[152.313688,-30.188266],[152.313293,-30.188353],[152.31303,-30.188354],[152.312939,-30.188333],[152.312782,-30.188261],[152.312609,-30.188162],[152.312378,-30.188113],[152.311706,-30.188816],[152.311411,-30.189218],[152.311101,-30.189756],[152.311011,-30.189978],[152.310987,-30.190229],[152.311013,-30.190537],[152.311121,-30.190759],[152.311236,-30.190858],[152.311409,-30.190908],[152.311591,-30.190908],[152.311681,-30.190886],[152.311985,-30.190699],[152.312075,-30.190656],[152.312314,-30.190619],[152.312429,-30.190633],[152.312552,-30.190683],[152.312734,-30.190862],[152.312992,-30.191284],[152.313124,-30.19172],[152.313191,-30.192064],[152.313217,-30.192364],[152.313185,-30.192658],[152.313106,-30.192766],[152.312866,-30.19301],[152.312652,-30.193161],[152.312387,-30.193287],[152.312036,-30.1936],[152.311807,-30.193916],[152.311518,-30.194371],[152.311146,-30.194881],[152.31113,-30.194904],[152.31098,-30.195078],[152.310849,-30.195171],[152.310709,-30.195244],[152.310257,-30.195366],[152.310101,-30.195417],[152.309616,-30.195698],[152.309542,-30.195791],[152.309502,-30.19597],[152.309525,-30.19622],[152.309693,-30.196392],[152.309833,-30.196428],[152.310252,-30.196419],[152.310442,-30.196505],[152.310698,-30.196705],[152.310995,-30.196983],[152.311276,-30.197283],[152.311475,-30.197541],[152.311524,-30.197619],[152.311599,-30.197899],[152.311625,-30.198078],[152.311592,-30.198249],[152.311494,-30.198379],[152.311338,-30.198479],[152.311248,-30.198523],[152.310878,-30.198588],[152.310754,-30.198639],[152.310672,-30.198711],[152.310497,-30.199169],[152.310374,-30.200095],[152.310365,-30.200273],[152.310416,-30.200731],[152.310534,-30.200858],[152.31062,-30.200913],[152.310993,-30.200844],[152.311469,-30.200614],[152.312053,-30.200476],[152.312673,-30.200457],[152.31286,-30.200488],[152.313116,-30.200566],[152.314014,-30.201022],[152.314377,-30.201279],[152.314699,-30.20145],[152.314839,-30.201486],[152.315333,-30.201541],[152.31544,-30.201563],[152.315581,-30.201641],[152.315721,-30.201798],[152.315787,-30.201891],[152.315846,-30.202056],[152.315846,-30.202228],[152.315789,-30.202328],[152.315559,-30.202565],[152.315256,-30.202795],[152.314681,-30.203126],[152.314574,-30.203198],[152.314311,-30.203464],[152.314099,-30.203758],[152.314062,-30.203896],[152.313944,-30.204196],[152.313911,-30.204414],[152.314029,-30.205055],[152.314104,-30.205248],[152.314187,-30.205369],[152.314492,-30.205619],[152.314534,-30.205648],[152.315049,-30.205715],[152.315242,-30.205804],[152.315391,-30.206018],[152.315432,-30.20624],[152.315419,-30.206928],[152.315364,-30.207637],[152.315381,-30.207838],[152.315334,-30.208489],[152.315346,-30.208661],[152.315418,-30.20879],[152.315575,-30.208947],[152.31574,-30.209068],[152.315929,-30.209168],[152.316201,-30.209232],[152.316374,-30.209253],[152.316621,-30.209209],[152.316843,-30.209108],[152.31727,-30.208799],[152.317622,-30.208397],[152.31772,-30.208175],[152.317982,-30.207773],[152.317982,-30.20773],[152.318031,-30.207673],[152.318031,-30.207629],[152.318211,-30.207335],[152.318334,-30.207192],[152.318515,-30.207069],[152.318794,-30.206976],[152.319074,-30.206939],[152.319269,-30.20697],[152.31961,-30.207167],[152.319692,-30.20726],[152.319742,-30.207338],[152.319776,-30.207524],[152.319711,-30.207904],[152.319581,-30.208213],[152.319401,-30.208435],[152.319154,-30.208644],[152.318826,-30.208967],[152.318564,-30.209297],[152.318417,-30.209534],[152.31836,-30.209699],[152.318352,-30.209892],[152.318386,-30.209978],[152.318487,-30.210084],[152.318988,-30.210435],[152.319194,-30.210534],[152.319384,-30.210548],[152.319696,-30.210512],[152.320157,-30.210381],[152.320716,-30.210151],[152.321061,-30.210049],[152.321341,-30.210049],[152.32152,-30.210088],[152.321762,-30.210327],[152.321919,-30.210441],[152.322042,-30.210498],[152.322232,-30.210533],[152.322766,-30.210497],[152.323846,-30.210153],[152.324165,-30.210134],[152.324371,-30.210155],[152.324577,-30.210219],[152.324709,-30.210376],[152.324767,-30.210555],[152.32476,-30.210719],[152.324268,-30.211401],[152.323926,-30.211794],[152.323219,-30.212536],[152.323186,-30.212586],[152.323154,-30.212823],[152.323171,-30.212959],[152.323353,-30.213102],[152.323855,-30.213222],[152.324028,-30.213272],[152.324202,-30.213357],[152.324482,-30.213608],[152.324607,-30.213972],[152.324723,-30.214122],[152.324921,-30.214301],[152.325037,-30.214443],[152.325195,-30.214851],[152.325195,-30.21553],[152.32533,-30.21571],[152.325665,-30.215918],[152.325858,-30.216017],[152.326065,-30.216196],[152.326147,-30.216303],[152.326148,-30.216561],[152.326083,-30.216668],[152.325804,-30.216941],[152.325739,-30.21702],[152.325722,-30.217092],[152.325756,-30.217206],[152.325912,-30.21732],[152.326036,-30.217378],[152.326192,-30.21737],[152.326398,-30.217319],[152.326727,-30.217161],[152.327006,-30.217074],[152.327294,-30.21693],[152.327869,-30.216599],[152.328058,-30.216455],[152.32823,-30.216275],[152.32837,-30.216182],[152.328531,-30.216147],[152.328831,-30.216209],[152.329251,-30.216451],[152.32968,-30.216651],[152.32987,-30.216779],[152.330002,-30.216929],[152.330102,-30.217094],[152.330277,-30.217645],[152.330411,-30.218218],[152.330561,-30.218604],[152.330738,-30.218945],[152.330809,-30.21909],[152.33091,-30.219548],[152.33106,-30.220106],[152.331135,-30.220314],[152.331218,-30.22045],[152.331396,-30.220644],[152.331532,-30.220728],[152.331697,-30.220756],[152.33205,-30.220691],[152.332264,-30.220612],[152.332412,-30.220504],[152.332502,-30.220418],[152.332748,-30.220073],[152.333068,-30.219793],[152.334151,-30.21903],[152.334258,-30.218973],[152.334406,-30.218973],[152.334522,-30.219058],[152.334614,-30.219337],[152.334714,-30.219795],[152.334872,-30.220289],[152.334955,-30.220396],[152.335228,-30.220632],[152.335335,-30.220689],[152.335426,-30.220703],[152.335615,-30.220659],[152.335746,-30.220544],[152.335836,-30.220279],[152.335998,-30.219577],[152.33606,-30.218889],[152.3361,-30.218731],[152.336166,-30.218616],[152.336297,-30.218484],[152.336358,-30.218459],[152.336618,-30.218386],[152.337013,-30.218342],[152.337257,-30.218253],[152.337738,-30.218476],[152.337911,-30.218604],[152.338076,-30.218768],[152.338225,-30.218961],[152.338259,-30.219133],[152.338229,-30.219878],[152.338246,-30.220179],[152.338175,-30.220946],[152.338155,-30.221934],[152.338197,-30.222192],[152.338447,-30.222836],[152.338497,-30.223022],[152.338499,-30.223457],[152.338476,-30.22376],[152.338502,-30.224082],[152.338719,-30.224782],[152.338826,-30.224933],[152.338926,-30.225162],[152.339075,-30.225391],[152.339077,-30.225491],[152.339505,-30.22597],[152.339745,-30.226156],[152.339894,-30.226313],[152.340158,-30.226505],[152.340702,-30.226848],[152.34109,-30.227061],[152.341559,-30.227153],[152.341814,-30.227174],[152.342152,-30.227137],[152.342503,-30.227039],[152.34272,-30.227114],[152.343017,-30.227385],[152.343124,-30.227421],[152.343322,-30.22742],[152.343971,-30.227225],[152.344201,-30.227095],[152.344415,-30.227052],[152.34458,-30.22708],[152.34491,-30.227236],[152.345047,-30.227414],[152.345051,-30.227544],[152.344978,-30.227781],[152.344913,-30.227888],[152.344765,-30.228089],[152.344544,-30.228305],[152.344043,-30.228722],[152.343945,-30.228858],[152.343864,-30.229052],[152.343831,-30.229231],[152.343857,-30.229381],[152.343915,-30.229503],[152.344113,-30.229631],[152.344288,-30.229632],[152.344524,-30.229501],[152.344655,-30.229343],[152.344688,-30.229214],[152.344753,-30.229113],[152.344802,-30.229085],[152.344868,-30.229084],[152.345025,-30.229177],[152.345215,-30.229427],[152.345274,-30.229578],[152.345407,-30.229978],[152.345531,-30.230257],[152.34573,-30.230593],[152.345921,-30.230822],[152.346226,-30.231093],[152.346375,-30.231265],[152.34653,-30.231508],[152.346906,-30.23213],[152.347022,-30.232402],[152.347138,-30.23258],[152.347287,-30.232781],[152.348468,-30.234125],[152.348792,-30.234431],[152.3489,-30.234502],[152.34909,-30.234602],[152.349196,-30.234623],[152.349592,-30.23465],[152.349781,-30.234686],[152.349905,-30.234743],[152.35012,-30.234878],[152.350246,-30.235021],[152.350368,-30.235293],[152.350474,-30.235706],[152.350281,-30.235938],[152.350133,-30.236181],[152.349986,-30.236347],[152.349829,-30.236468],[152.349575,-30.23662],[152.349485,-30.236642],[152.349238,-30.236671],[152.348472,-30.236709],[152.348398,-30.236753],[152.348291,-30.236839],[152.348267,-30.236889],[152.348218,-30.237061],[152.348219,-30.237204],[152.348352,-30.237576],[152.348353,-30.23772],[152.348312,-30.237827],[152.34814,-30.237971],[152.347952,-30.238086],[152.34782,-30.238115],[152.347598,-30.238252],[152.347459,-30.238417],[152.347452,-30.238696],[152.347477,-30.238775],[152.347609,-30.238961],[152.347718,-30.239283],[152.347728,-30.239449],[152.347719,-30.239541],[152.347637,-30.239663],[152.347497,-30.239835],[152.347457,-30.24],[152.347434,-30.24038],[152.347283,-30.240514],[152.347188,-30.240624],[152.347106,-30.240667],[152.346744,-30.240726],[152.34662,-30.240798],[152.346448,-30.240949],[152.346382,-30.241042],[152.346358,-30.241135],[152.346351,-30.241257],[152.346423,-30.242219],[152.346338,-30.242303],[152.346116,-30.242311],[152.345943,-30.242275],[152.345753,-30.24214],[152.345257,-30.24164],[152.345083,-30.241518],[152.34496,-30.24149],[152.344836,-30.241519],[152.344689,-30.241656],[152.344591,-30.241792],[152.344517,-30.241986],[152.344485,-30.242186],[152.344486,-30.242459],[152.344613,-30.24326],[152.344589,-30.24348],[152.344548,-30.243583],[152.344335,-30.243899],[152.344295,-30.244021],[152.344271,-30.244185],[152.34433,-30.244665],[152.344331,-30.244995],[152.344307,-30.245102],[152.344192,-30.245231],[152.344077,-30.245303],[152.343954,-30.245339],[152.343724,-30.24534],[152.343583,-30.245305],[152.343369,-30.245205],[152.343121,-30.244984],[152.342841,-30.244712],[152.342511,-30.244764],[152.342363,-30.244979],[152.342356,-30.245129],[152.342539,-30.245816],[152.342614,-30.245952],[152.342713,-30.246038],[152.342886,-30.246088],[152.343026,-30.246094],[152.343463,-30.246086],[152.343587,-30.246121],[152.343669,-30.246221],[152.343686,-30.246307],[152.343606,-30.246766],[152.34354,-30.246874],[152.343326,-30.247144],[152.342924,-30.24737],[152.342641,-30.247577],[152.342407,-30.247686],[152.342218,-30.247737],[152.34193,-30.247774],[152.341781,-30.247746],[152.341732,-30.247703],[152.3415,-30.247417],[152.341383,-30.247073],[152.341334,-30.247009],[152.341243,-30.246931],[152.341094,-30.246866],[152.340856,-30.246874],[152.340798,-30.246903],[152.340296,-30.247189],[152.340084,-30.247421],[152.340035,-30.24755],[152.340061,-30.247815],[152.340136,-30.248037],[152.340309,-30.248179],[152.340738,-30.248415],[152.340792,-30.24846],[152.340817,-30.248539],[152.340819,-30.248725],[152.340778,-30.248818],[152.340672,-30.248912],[152.340203,-30.249079],[152.340072,-30.249194],[152.340085,-30.24936],[152.340306,-30.249536],[152.3404,-30.249986],[152.340586,-30.250585],[152.34062,-30.250743],[152.340621,-30.250943],[152.340597,-30.251021],[152.340532,-30.251079],[152.340342,-30.25113],[152.340145,-30.251146],[152.339741,-30.251112],[152.33951,-30.251142],[152.339379,-30.251214],[152.338827,-30.251311],[152.338769,-30.251333],[152.338639,-30.251476],[152.338689,-30.251633],[152.338673,-30.251691],[152.33855,-30.251741],[152.338261,-30.251736],[152.338047,-30.25178],[152.337834,-30.251974],[152.337655,-30.25219],[152.337492,-30.252441],[152.337419,-30.252649],[152.337437,-30.252835],[152.337462,-30.252913],[152.337831,-30.253349],[152.337938,-30.253661],[152.337939,-30.253847],[152.337876,-30.254219],[152.337878,-30.254477],[152.337921,-30.254684],[152.338021,-30.254798],[152.338137,-30.254883],[152.338269,-30.254897],[152.33845,-30.254867],[152.338729,-30.254722],[152.338952,-30.254728],[152.339134,-30.254813],[152.339259,-30.254969],[152.339628,-30.255747],[152.339794,-30.256003],[152.339937,-30.25631],[152.339971,-30.256424],[152.339972,-30.256553],[152.339932,-30.256703],[152.339826,-30.256825],[152.339604,-30.256948],[152.339406,-30.256964],[152.33934,-30.256936],[152.339174,-30.256793],[152.339099,-30.256629],[152.338988,-30.256251],[152.338922,-30.256194],[152.338708,-30.256196],[152.338576,-30.256282],[152.338463,-30.256422],[152.338324,-30.256648],[152.338119,-30.256771],[152.338003,-30.2568],[152.337847,-30.256908],[152.337676,-30.25711],[152.337562,-30.257289],[152.337473,-30.257511],[152.337373,-30.258078],[152.337431,-30.258484],[152.337636,-30.259098],[152.337719,-30.259469],[152.337789,-30.259984],[152.337792,-30.260398],[152.337697,-30.260914],[152.337609,-30.261665],[152.33764,-30.262031],[152.337674,-30.262301],[152.337759,-30.262615],[152.337868,-30.262865],[152.338035,-30.263114],[152.338201,-30.263278],[152.338591,-30.263533],[152.338847,-30.263646],[152.339152,-30.263694],[152.339433,-30.263693],[152.339911,-30.263647],[152.340158,-30.263645],[152.340417,-30.263695],[152.340514,-30.263808],[152.340531,-30.263922],[152.340508,-30.264115],[152.340459,-30.26421],[152.339992,-30.264597],[152.339771,-30.264835],[152.339394,-30.265101],[152.339238,-30.265238],[152.339206,-30.265274],[152.339178,-30.265401],[152.339257,-30.265553],[152.339382,-30.265681],[152.339714,-30.2659],[152.340367,-30.266254],[152.340466,-30.266376],[152.340336,-30.266454],[152.340254,-30.266555],[152.340207,-30.266806],[152.340268,-30.26722],[152.340437,-30.267763],[152.340496,-30.267927],[152.34087,-30.268375],[152.341052,-30.268496],[152.341392,-30.268651],[152.341541,-30.268693],[152.341929,-30.268876],[152.34212,-30.26899],[152.342304,-30.269176],[152.342296,-30.269353],[152.342256,-30.269475],[152.341928,-30.269785],[152.34183,-30.269921],[152.341815,-30.270064],[152.341841,-30.270214],[152.341883,-30.270321],[152.342199,-30.270756],[152.3423,-30.270919],[152.342336,-30.271161],[152.342302,-30.271219],[152.342187,-30.271321],[152.342007,-30.271408],[152.341357,-30.271604],[152.341036,-30.271713],[152.340847,-30.2718],[152.340626,-30.271959],[152.340527,-30.272067],[152.340495,-30.272117],[152.340488,-30.272324],[152.340583,-30.272451],[152.340878,-30.272601],[152.340927,-30.272601],[152.340994,-30.272643],[152.341109,-30.272671],[152.341316,-30.27277],[152.341424,-30.272855],[152.341506,-30.273148],[152.341502,-30.273363],[152.341446,-30.273499],[152.341347,-30.273585],[152.341134,-30.273729],[152.341094,-30.273851],[152.34112,-30.274058],[152.341369,-30.274243],[152.341469,-30.274357],[152.341511,-30.274492],[152.341512,-30.274721],[152.341473,-30.274986],[152.341376,-30.275151],[152.341179,-30.275374],[152.341214,-30.275603],[152.341347,-30.275716],[152.341554,-30.275764],[152.341834,-30.27572],[152.34204,-30.275711],[152.342152,-30.27578],[152.342174,-30.276011],[152.341994,-30.276248],[152.341872,-30.276377],[152.341166,-30.27686],[152.340522,-30.277344],[152.340257,-30.277562],[152.339105,-30.278623],[152.338963,-30.278833],[152.338906,-30.278998],[152.338883,-30.279184],[152.338927,-30.27947],[152.339011,-30.279713],[152.339136,-30.279962],[152.339353,-30.280283],[152.339802,-30.280681],[152.339902,-30.280816],[152.339927,-30.280894],[152.339929,-30.281152],[152.339905,-30.281231],[152.339709,-30.281511],[152.339529,-30.281712],[152.339431,-30.281848],[152.339372,-30.282001],[152.33936,-30.282185],[152.339402,-30.282406],[152.339519,-30.282599],[152.339619,-30.282705],[152.339793,-30.282819],[152.339884,-30.282861],[152.34019,-30.282908],[152.340742,-30.282899],[152.340874,-30.282912],[152.340979,-30.282964],[152.341008,-30.283119],[152.340889,-30.28372],[152.34089,-30.283935],[152.340916,-30.284055],[152.341092,-30.28427],[152.34152,-30.284339],[152.341595,-30.284366],[152.341727,-30.284465],[152.341803,-30.284616],[152.341854,-30.284858],[152.341694,-30.285517],[152.341716,-30.28585],[152.341888,-30.28606],[152.34217,-30.286315],[152.342287,-30.28645],[152.342463,-30.286885],[152.342514,-30.287085],[152.342511,-30.287408],[152.342478,-30.287729],[152.342513,-30.287965],[152.342629,-30.288107],[152.342729,-30.288178],[152.342919,-30.288205],[152.343084,-30.288169],[152.343249,-30.288168],[152.343356,-30.288203],[152.343456,-30.288295],[152.343606,-30.288516],[152.343919,-30.28958],[152.343999,-30.290025],[152.344047,-30.290158],[152.344149,-30.290284],[152.344346,-30.290328],[152.344782,-30.290204],[152.345103,-30.290181],[152.345195,-30.290221],[152.345302,-30.290351],[152.345346,-30.290658],[152.345371,-30.290723],[152.345504,-30.29085],[152.345669,-30.290864],[152.345776,-30.290856],[152.346023,-30.290783],[152.34632,-30.29076],[152.346924,-30.291057],[152.347098,-30.291106],[152.347287,-30.291126],[152.347395,-30.291118],[152.347518,-30.291082],[152.347666,-30.290967],[152.347747,-30.29083],[152.347911,-30.290679],[152.348051,-30.29065],[152.348241,-30.290677],[152.34858,-30.290861],[152.349053,-30.29123],[152.349303,-30.291479],[152.349374,-30.291572],[152.349089,-30.291759],[152.347884,-30.292555],[152.347229,-30.293645],[152.347219,-30.29469],[152.348116,-30.295754],[152.348132,-30.295768],[152.347333,-30.296455],[152.346825,-30.297623],[152.347223,-30.299123],[152.347182,-30.299885],[152.346997,-30.300208],[152.346957,-30.300368],[152.345435,-30.301215],[152.344473,-30.301603],[152.342974,-30.309274],[152.341867,-30.310961],[152.342654,-30.311475],[152.342286,-30.313618],[152.342872,-30.314384],[152.344599,-30.315088],[152.342873,-30.324239],[152.345774,-30.324682],[152.346276,-30.325603],[152.347016,-30.325947],[152.346755,-30.327215],[152.345886,-30.328297],[152.345187,-30.332118],[152.345624,-30.33294],[152.345622,-30.33295],[152.351166,-30.333711],[152.351448,-30.335266],[152.349961,-30.338673],[152.349877,-30.338757],[152.349118,-30.339232],[152.349464,-30.33955],[152.354767,-30.34037],[152.353411,-30.347081],[152.353376,-30.347265],[152.353065,-30.348844],[152.35178,-30.355359],[152.35514,-30.355882],[152.35569,-30.355398],[152.356599,-30.355418],[152.359397,-30.354886],[152.36035,-30.353762],[152.360832,-30.353455],[152.365554,-30.354135],[152.364677,-30.360254],[152.364574,-30.360976],[152.36816,-30.361303],[152.37405,-30.361842],[152.38192,-30.362628],[152.381284,-30.363194],[152.382384,-30.36348],[152.382827,-30.363596],[152.383528,-30.364052],[152.384589,-30.368139],[152.385967,-30.370863],[152.38888,-30.373409],[152.38888,-30.373414],[152.388861,-30.373518],[152.389916,-30.374706],[152.38995,-30.375437],[152.389884,-30.376153],[152.38817,-30.378689],[152.387991,-30.380423],[152.387661,-30.381483],[152.387531,-30.383159],[152.390374,-30.386282],[152.391595,-30.386324],[152.392702,-30.38661],[152.39295,-30.386639],[152.394419,-30.387025],[152.395606,-30.388613],[152.395796,-30.389017],[152.395925,-30.389284],[152.395978,-30.389389],[152.396088,-30.389598],[152.39614,-30.389704],[152.396189,-30.389811],[152.39624,-30.38994],[152.396286,-30.390072],[152.396329,-30.390204],[152.396414,-30.39047],[152.396498,-30.390725],[152.396621,-30.39111],[152.396727,-30.391425],[152.396761,-30.39153],[152.396791,-30.391636],[152.396809,-30.391728],[152.396835,-30.391914],[152.396854,-30.392004],[152.396885,-30.392088],[152.396912,-30.392141],[152.396926,-30.392162],[152.396902,-30.392396],[152.396828,-30.392564],[152.399579,-30.394415],[152.401941,-30.394744],[152.402007,-30.394829],[152.403065,-30.396161],[152.40424,-30.397937],[152.405958,-30.39904],[152.408253,-30.399368],[152.409194,-30.400184],[152.409269,-30.400814],[152.409379,-30.40186],[152.411759,-30.403406],[152.413114,-30.404723],[152.413678,-30.406313],[152.41374,-30.406306],[152.41376,-30.406305],[152.413802,-30.406301],[152.413886,-30.406298],[152.413948,-30.406298],[152.414011,-30.4063],[152.414074,-30.406304],[152.414135,-30.40631],[152.414177,-30.406315],[152.414239,-30.406325],[152.414246,-30.406327],[152.414262,-30.406329],[152.414269,-30.406331],[152.414284,-30.406333],[152.414292,-30.406335],[152.414302,-30.406336],[152.414381,-30.406352],[152.414421,-30.406358],[152.414451,-30.406364],[152.414481,-30.406368],[152.4145,-30.406372],[152.41454,-30.406377],[152.414557,-30.40638],[152.414573,-30.406381],[152.414584,-30.406383],[152.41459,-30.406383],[152.4146,-30.406385],[152.414606,-30.406385],[152.414617,-30.406387],[152.414715,-30.406396],[152.414727,-30.406398],[152.414737,-30.406398],[152.414749,-30.4064],[152.41476,-30.4064],[152.414771,-30.406402],[152.414782,-30.406402],[152.414804,-30.406405],[152.414814,-30.406405],[152.414836,-30.406408],[152.414847,-30.406408],[152.414858,-30.40641],[152.41488,-30.406411],[152.414891,-30.406413],[152.41493,-30.406416],[152.41494,-30.406418],[152.414946,-30.406418],[152.414973,-30.406422],[152.41499,-30.406423],[152.415022,-30.406428],[152.415028,-30.406428],[152.415039,-30.40643],[152.415044,-30.40643],[152.415066,-30.406434],[152.415077,-30.406435],[152.415114,-30.406442],[152.41512,-30.406442],[152.415136,-30.406445],[152.415141,-30.406447],[152.415147,-30.406447],[152.415157,-30.40645],[152.415168,-30.406451],[152.415174,-30.406453],[152.415206,-30.406459],[152.415211,-30.406461],[152.415249,-30.406469],[152.41527,-30.406475],[152.415277,-30.406476],[152.415298,-30.406482],[152.415305,-30.406483],[152.415353,-30.406497],[152.41536,-30.406498],[152.415373,-30.406502],[152.41538,-30.406505],[152.415387,-30.406506],[152.415401,-30.40651],[152.415407,-30.406513],[152.415456,-30.406527],[152.415462,-30.40653],[152.41549,-30.406538],[152.415497,-30.406541],[152.415517,-30.406547],[152.415544,-30.406557],[152.415572,-30.406566],[152.415578,-30.406569],[152.415606,-30.406578],[152.415612,-30.406581],[152.415619,-30.406583],[152.415659,-30.406599],[152.415666,-30.406601],[152.415686,-30.40661],[152.415693,-30.406612],[152.415706,-30.406618],[152.415713,-30.40662],[152.415726,-30.406626],[152.415733,-30.406628],[152.415759,-30.40664],[152.415766,-30.406642],[152.415812,-30.406663],[152.415819,-30.406665],[152.415858,-30.406683],[152.415864,-30.406687],[152.41591,-30.406708],[152.415935,-30.406721],[152.415961,-30.406733],[152.415967,-30.406737],[152.415986,-30.406746],[152.416005,-30.406757],[152.416024,-30.406766],[152.416042,-30.406777],[152.416055,-30.406783],[152.416061,-30.406787],[152.41608,-30.406797],[152.416122,-30.406822],[152.416129,-30.406825],[152.416153,-30.40684],[152.416189,-30.406861],[152.416207,-30.406873],[152.416213,-30.406876],[152.416231,-30.406888],[152.416237,-30.406891],[152.416291,-30.406927],[152.416297,-30.40693],[152.416344,-30.406962],[152.416361,-30.406975],[152.416402,-30.407003],[152.416407,-30.407008],[152.416425,-30.40702],[152.41651,-30.407085],[152.416515,-30.40709],[152.416521,-30.407094],[152.416537,-30.407108],[152.416548,-30.407116],[152.416581,-30.407144],[152.416587,-30.407148],[152.416651,-30.407204],[152.416687,-30.407237],[152.416707,-30.407257],[152.416713,-30.407261],[152.416748,-30.407296],[152.416763,-30.40731],[152.416767,-30.407315],[152.416776,-30.407323],[152.416784,-30.407332],[152.416789,-30.407336],[152.41681,-30.407359],[152.416827,-30.407376],[152.416839,-30.40739],[152.416844,-30.407394],[152.416868,-30.407422],[152.416881,-30.407435],[152.416913,-30.407473],[152.416925,-30.407486],[152.416957,-30.407525],[152.416973,-30.407543],[152.41698,-30.407553],[152.417004,-30.407582],[152.417007,-30.407587],[152.417019,-30.407602],[152.417022,-30.407607],[152.41703,-30.407616],[152.417037,-30.407627],[152.417049,-30.407641],[152.417063,-30.407661],[152.417071,-30.407671],[152.417081,-30.407686],[152.417089,-30.407696],[152.417106,-30.407722],[152.417114,-30.407731],[152.41712,-30.407742],[152.417138,-30.407767],[152.417158,-30.407798],[152.417162,-30.407803],[152.417201,-30.407865],[152.417205,-30.40787],[152.417237,-30.407924],[152.417272,-30.407988],[152.417288,-30.40802],[152.417292,-30.408026],[152.417301,-30.408046],[152.417305,-30.408052],[152.41732,-30.408085],[152.417327,-30.408098],[152.417342,-30.408131],[152.417344,-30.408138],[152.417362,-30.408178],[152.417364,-30.408185],[152.417387,-30.40824],[152.417395,-30.40826],[152.417397,-30.408267],[152.417403,-30.408281],[152.417405,-30.408288],[152.417411,-30.408301],[152.417428,-30.40835],[152.417431,-30.408356],[152.417433,-30.408363],[152.417439,-30.408377],[152.417454,-30.408419],[152.417458,-30.408433],[152.417471,-30.408468],[152.417475,-30.408482],[152.417478,-30.408488],[152.417492,-30.40853],[152.417515,-30.408593],[152.417519,-30.408607],[152.417537,-30.408655],[152.417559,-30.408718],[152.417565,-30.408731],[152.417577,-30.408766],[152.417607,-30.408845],[152.417611,-30.408853],[152.417662,-30.408987],[152.417666,-30.408995],[152.417678,-30.409026],[152.417759,-30.409241],[152.417764,-30.409257],[152.417791,-30.409328],[152.417793,-30.409336],[152.417819,-30.409408],[152.417821,-30.409416],[152.41783,-30.40944],[152.41784,-30.409472],[152.417849,-30.409496],[152.417856,-30.40952],[152.417862,-30.409536],[152.417879,-30.409593],[152.417892,-30.409633],[152.417896,-30.409649],[152.417904,-30.409673],[152.417908,-30.40969],[152.417911,-30.409698],[152.417917,-30.409722],[152.41792,-30.40973],[152.417926,-30.409755],[152.41793,-30.409767],[152.417937,-30.409797],[152.41794,-30.409805],[152.417948,-30.409839],[152.417951,-30.409848],[152.418001,-30.410045],[152.418076,-30.410322],[152.418225,-30.41101],[152.419119,-30.412241],[152.420524,-30.413114],[152.421521,-30.414368],[152.42146,-30.414562],[152.42274,-30.415563],[152.423335,-30.41625],[152.423568,-30.41721],[152.424197,-30.417938],[152.424213,-30.41794],[152.425341,-30.417732],[152.425445,-30.417584],[152.426165,-30.417809],[152.428078,-30.418897],[152.428123,-30.418849],[152.428186,-30.41878],[152.428247,-30.418709],[152.428304,-30.418635],[152.428376,-30.418532],[152.428442,-30.418425],[152.428504,-30.418314],[152.428622,-30.41809],[152.428683,-30.417966],[152.42874,-30.417839],[152.428795,-30.417712],[152.428852,-30.417585],[152.428912,-30.41746],[152.428987,-30.417317],[152.429067,-30.417176],[152.429229,-30.416895],[152.429386,-30.416617],[152.429465,-30.41648],[152.429543,-30.416342],[152.429617,-30.416203],[152.429685,-30.416061],[152.429742,-30.415925],[152.429795,-30.415788],[152.429844,-30.415649],[152.429889,-30.415508],[152.429929,-30.415367],[152.429957,-30.415254],[152.429981,-30.415139],[152.430003,-30.415025],[152.430023,-30.414909],[152.430041,-30.414794],[152.430053,-30.4147],[152.43008,-30.414417],[152.430093,-30.414323],[152.430116,-30.414205],[152.430143,-30.414087],[152.430201,-30.413851],[152.430225,-30.413733],[152.430244,-30.413618],[152.430275,-30.413386],[152.430304,-30.413154],[152.430315,-30.413046],[152.430322,-30.412937],[152.430332,-30.412828],[152.430348,-30.412723],[152.430376,-30.412621],[152.430414,-30.412545],[152.430462,-30.412473],[152.430512,-30.412403],[152.430557,-30.41233],[152.430588,-30.412254],[152.430597,-30.412212],[152.430602,-30.412168],[152.430614,-30.412036],[152.430629,-30.411901],[152.430671,-30.411495],[152.430686,-30.41136],[152.430706,-30.411201],[152.430749,-30.410885],[152.430772,-30.410726],[152.430798,-30.410569],[152.430827,-30.410424],[152.430863,-30.41028],[152.430898,-30.410135],[152.430924,-30.409991],[152.430936,-30.409847],[152.430927,-30.409683],[152.4309,-30.409519],[152.430862,-30.409355],[152.430821,-30.40919],[152.430784,-30.409027],[152.430741,-30.408843],[152.430647,-30.408478],[152.430608,-30.408294],[152.430584,-30.40811],[152.430571,-30.407903],[152.430568,-30.407799],[152.430572,-30.407695],[152.430584,-30.407594],[152.430611,-30.407493],[152.43065,-30.407394],[152.430693,-30.407295],[152.430732,-30.407196],[152.430755,-30.407095],[152.430767,-30.40699],[152.430771,-30.406881],[152.430766,-30.406773],[152.43075,-30.406667],[152.430722,-30.406568],[152.430689,-30.40649],[152.430647,-30.406414],[152.430598,-30.406341],[152.430543,-30.406273],[152.430484,-30.406173],[152.431583,-30.405549],[152.431958,-30.405627],[152.433095,-30.405397],[152.434682,-30.405573],[152.435059,-30.40531],[152.435607,-30.403991],[152.435586,-30.40281],[152.436689,-30.401869],[152.436927,-30.401439],[152.437098,-30.400831],[152.438056,-30.400246],[152.439571,-30.400188],[152.439854,-30.39978],[152.44109,-30.398902],[152.442029,-30.39897],[152.442552,-30.399876],[152.443346,-30.400024],[152.444634,-30.398911],[152.446293,-30.39844],[152.446771,-30.39883],[152.447412,-30.399356],[152.44808,-30.399585],[152.448914,-30.400919],[152.450712,-30.398632],[152.450928,-30.398355],[152.452804,-30.397534],[152.453901,-30.396759],[152.455534,-30.396821],[152.455871,-30.396551],[152.456268,-30.396551],[152.45777,-30.397318],[152.458576,-30.397343],[152.45898,-30.397357],[152.459288,-30.397472],[152.460045,-30.397757],[152.460534,-30.398083],[152.461453,-30.397933],[152.461862,-30.39689],[152.462496,-30.396195],[152.463487,-30.395879],[152.465233,-30.395579],[152.465993,-30.395676],[152.467197,-30.395875],[152.469246,-30.395856],[152.470325,-30.396256],[152.47166,-30.396323],[152.472105,-30.396387],[152.472667,-30.396576],[152.473208,-30.396082],[152.476581,-30.396812],[152.476688,-30.396163],[152.476693,-30.396136],[152.477473,-30.396324],[152.477678,-30.396725],[152.478194,-30.396942],[152.478585,-30.396993],[152.478869,-30.396878],[152.479391,-30.396533],[152.479846,-30.395902],[152.479891,-30.395542],[152.480281,-30.394968],[152.480399,-30.394829],[152.480842,-30.394278],[152.481211,-30.393664],[152.482354,-30.392879],[152.482472,-30.392723],[152.483483,-30.391907],[152.483661,-30.391839],[152.48409,-30.391547],[152.484281,-30.391025],[152.484632,-30.390795],[152.477668,-30.389834],[152.477361,-30.37907],[152.47794,-30.378447],[152.478841,-30.378348],[152.478886,-30.377943],[152.478532,-30.377866],[152.478499,-30.377781],[152.478195,-30.377468],[152.478136,-30.377189],[152.478122,-30.376955],[152.478124,-30.376143],[152.478098,-30.375957],[152.477964,-30.375671],[152.477963,-30.375241],[152.478126,-30.374783],[152.478125,-30.374568],[152.478075,-30.374367],[152.478,-30.37421],[152.477842,-30.374032],[152.477632,-30.373889],[152.477304,-30.373689],[152.477188,-30.373575],[152.477058,-30.373426],[152.477036,-30.373414],[152.476846,-30.373234],[152.476841,-30.372942],[152.47688,-30.372642],[152.476822,-30.372029],[152.476776,-30.371141],[152.476815,-30.370947],[152.476864,-30.370868],[152.476978,-30.370739],[152.47715,-30.370587],[152.477405,-30.370428],[152.477504,-30.370413],[152.477684,-30.370312],[152.47779,-30.370061],[152.477917,-30.369603],[152.477948,-30.369373],[152.477946,-30.369116],[152.477895,-30.368959],[152.477885,-30.36878],[152.478032,-30.368593],[152.478047,-30.368436],[152.477947,-30.368255],[152.477511,-30.367727],[152.477255,-30.36754],[152.477031,-30.367442],[152.476584,-30.367316],[152.476336,-30.367189],[152.476185,-30.367019],[152.476185,-30.366904],[152.476258,-30.366811],[152.476471,-30.366681],[152.476577,-30.36653],[152.47665,-30.36635],[152.476657,-30.366243],[152.476639,-30.366086],[152.476338,-30.365659],[152.476337,-30.365559],[152.476501,-30.365357],[152.476466,-30.365229],[152.476383,-30.365158],[152.476267,-30.365116],[152.476134,-30.364974],[152.47615,-30.364931],[152.476298,-30.364801],[152.476396,-30.364757],[152.47642,-30.364593],[152.476301,-30.364308],[152.476292,-30.364158],[152.476553,-30.363827],[152.476575,-30.363591],[152.476533,-30.363455],[152.476349,-30.363185],[152.476348,-30.36312],[152.47648,-30.363012],[152.476487,-30.362976],[152.476461,-30.362826],[152.476201,-30.362512],[152.476259,-30.362384],[152.476357,-30.362219],[152.476552,-30.361939],[152.476616,-30.361738],[152.476599,-30.361624],[152.476566,-30.361574],[152.476522,-30.361535],[152.476362,-30.36139],[152.476109,-30.361284],[152.475951,-30.361171],[152.475909,-30.361035],[152.475949,-30.360942],[152.475998,-30.360899],[152.476138,-30.360841],[152.47622,-30.360761],[152.476259,-30.360532],[152.476233,-30.360347],[152.476063,-30.359818],[152.476041,-30.359218],[152.475989,-30.358961],[152.475879,-30.35864],[152.475695,-30.358378],[152.475528,-30.358142],[152.475234,-30.357593],[152.475014,-30.357023],[152.474912,-30.356637],[152.474908,-30.356265],[152.474964,-30.356072],[152.475111,-30.355863],[152.475242,-30.355727],[152.475463,-30.355553],[152.475709,-30.355395],[152.476153,-30.355163],[152.476456,-30.354932],[152.476529,-30.354781],[152.476536,-30.354688],[152.476519,-30.354559],[152.476318,-30.35426],[152.476291,-30.354025],[152.476339,-30.353838],[152.476468,-30.353508],[152.476491,-30.353323],[152.476464,-30.353108],[152.476354,-30.352802],[152.476153,-30.352481],[152.475886,-30.352147],[152.475835,-30.351947],[152.475866,-30.351789],[152.475948,-30.351682],[152.476104,-30.351545],[152.476268,-30.351458],[152.476374,-30.351364],[152.476488,-30.351184],[152.476585,-30.350883],[152.47678,-30.350582],[152.476804,-30.350488],[152.476801,-30.350188],[152.476704,-30.349915],[152.476892,-30.349301],[152.476946,-30.348907],[152.476936,-30.348657],[152.476856,-30.348007],[152.476878,-30.347757],[152.476918,-30.347563],[152.477079,-30.347394],[152.477178,-30.34741],[152.477246,-30.347375],[152.477312,-30.347389],[152.477429,-30.347488],[152.477504,-30.347638],[152.477581,-30.347902],[152.477648,-30.348008],[152.477731,-30.348101],[152.477936,-30.348232],[152.478234,-30.347997],[152.478357,-30.347925],[152.478612,-30.347895],[152.479141,-30.34792],[152.479388,-30.347859],[152.479616,-30.347673],[152.479838,-30.347572],[152.47992,-30.347557],[152.480068,-30.347484],[152.480282,-30.34729],[152.480363,-30.347168],[152.48041,-30.34696],[152.480375,-30.346731],[152.48039,-30.34661],[152.480488,-30.346488],[152.48062,-30.346408],[152.481081,-30.346333],[152.481432,-30.346146],[152.481933,-30.345662],[152.482064,-30.345497],[152.482101,-30.345338],[152.482049,-30.344942],[152.482104,-30.344438],[152.482091,-30.344269],[152.482035,-30.344194],[152.481795,-30.34404],[152.481587,-30.34387],[152.481535,-30.34362],[152.481558,-30.343448],[152.481688,-30.343204],[152.48172,-30.343089],[152.481718,-30.342875],[152.481667,-30.342646],[152.481557,-30.342382],[152.48144,-30.34219],[152.48125,-30.341991],[152.480391,-30.341239],[152.479941,-30.340735],[152.47994,-30.34062],[152.480038,-30.340519],[152.480219,-30.340475],[152.480359,-30.340403],[152.480449,-30.340323],[152.480547,-30.340173],[152.480587,-30.340037],[152.480585,-30.339851],[152.480534,-30.339679],[152.48034,-30.339259],[152.480081,-30.338824],[152.480006,-30.338739],[152.479848,-30.338604],[152.479649,-30.338491],[152.479135,-30.338223],[152.478943,-30.33806],[152.478843,-30.337925],[152.478848,-30.337719],[152.478989,-30.337595],[152.479302,-30.33755],[152.479756,-30.337611],[152.480269,-30.33775],[152.480798,-30.337847],[152.481145,-30.337873],[152.481623,-30.33787],[152.481928,-30.337803],[152.482109,-30.337688],[152.482207,-30.33758],[152.48232,-30.3374],[152.48252,-30.336648],[152.482517,-30.336276],[152.482422,-30.335855],[152.482355,-30.335748],[152.482205,-30.335599],[152.482031,-30.335536],[152.481643,-30.33546],[152.481543,-30.335389],[152.481443,-30.335275],[152.481307,-30.334876],[152.48124,-30.334769],[152.481124,-30.33462],[152.481047,-30.334413],[152.480809,-30.333613],[152.480573,-30.333043],[152.480504,-30.332786],[152.480477,-30.332493],[152.480515,-30.332417],[152.480664,-30.332256],[152.480755,-30.332205],[152.481043,-30.332153],[152.481357,-30.332137],[152.481546,-30.3321],[152.481669,-30.332042],[152.481834,-30.33194],[152.482128,-30.331695],[152.482235,-30.331637],[152.482342,-30.331615],[152.482524,-30.331599],[152.483052,-30.331638],[152.483193,-30.331688],[152.483357,-30.33185],[152.483389,-30.332351],[152.483448,-30.33253],[152.483531,-30.332636],[152.483965,-30.333134],[152.484182,-30.333468],[152.484435,-30.334025],[152.484778,-30.334573],[152.485254,-30.335198],[152.485396,-30.335318],[152.485504,-30.335375],[152.485768,-30.335402],[152.48594,-30.335308],[152.486266,-30.33489],[152.486414,-30.334782],[152.48657,-30.334696],[152.486842,-30.334643],[152.48704,-30.334635],[152.487337,-30.334654],[152.487696,-30.334742],[152.487958,-30.334922],[152.488059,-30.335057],[152.488194,-30.3354],[152.488294,-30.335563],[152.488511,-30.335847],[152.488786,-30.336117],[152.489001,-30.336283],[152.489257,-30.336469],[152.489617,-30.336726],[152.490165,-30.337187],[152.490477,-30.337341],[152.490795,-30.33739],[152.491059,-30.337396],[152.491674,-30.337359],[152.492953,-30.337018],[152.493356,-30.336865],[152.493585,-30.336641],[152.49378,-30.336361],[152.493933,-30.335952],[152.494004,-30.335573],[152.494086,-30.335472],[152.49425,-30.335371],[152.495361,-30.335099],[152.495739,-30.335021],[152.49592,-30.334864],[152.495872,-30.334065],[152.495892,-30.333636],[152.495939,-30.333321],[152.496035,-30.332963],[152.496308,-30.33216],[152.496458,-30.331494],[152.496507,-30.331415],[152.496597,-30.331321],[152.49672,-30.331249],[152.496803,-30.331249],[152.497183,-30.331303],[152.497281,-30.331259],[152.497445,-30.331115],[152.497525,-30.330872],[152.497667,-30.330676],[152.497811,-30.330569],[152.49791,-30.330533],[152.498207,-30.330531],[152.498884,-30.33064],[152.499149,-30.330638],[152.499429,-30.330594],[152.499808,-30.330569],[152.500039,-30.330575],[152.500303,-30.330616],[152.500692,-30.3306],[152.500879,-30.330438],[152.501091,-30.330328],[152.501213,-30.330206],[152.501252,-30.330171],[152.501279,-30.330154],[152.501325,-30.330113],[152.501358,-30.330079],[152.501391,-30.330022],[152.50139,-30.329987],[152.501397,-30.329941],[152.50141,-30.329907],[152.501443,-30.329867],[152.501502,-30.329821],[152.501605,-30.329764],[152.501654,-30.32974],[152.501693,-30.329694],[152.501699,-30.329602],[152.501712,-30.329545],[152.501725,-30.32943],[152.501771,-30.329298],[152.501803,-30.329224],[152.50183,-30.329184],[152.501862,-30.329121],[152.501908,-30.329046],[152.501901,-30.32888],[152.501888,-30.328823],[152.501894,-30.328725],[152.501919,-30.328547],[152.501939,-30.328473],[152.501965,-30.32841],[152.502004,-30.328358],[152.502136,-30.32814],[152.502181,-30.328031],[152.502234,-30.32787],[152.502266,-30.327761],[152.502331,-30.327469],[152.502403,-30.327228],[152.502455,-30.327004],[152.502526,-30.326775],[152.502552,-30.326643],[152.502578,-30.32654],[152.502597,-30.326448],[152.502709,-30.326213],[152.50284,-30.326018],[152.502919,-30.32592],[152.503044,-30.325794],[152.503129,-30.325719],[152.503202,-30.325667],[152.503228,-30.325633],[152.503287,-30.325535],[152.503353,-30.325449],[152.503412,-30.325397],[152.503537,-30.325299],[152.503669,-30.325173],[152.503728,-30.325058],[152.503774,-30.325018],[152.50382,-30.324966],[152.503932,-30.324857],[152.503991,-30.324788],[152.504122,-30.324661],[152.504175,-30.324598],[152.504208,-30.324547],[152.504227,-30.324506],[152.504267,-30.324438],[152.504273,-30.324438],[152.504293,-30.324386],[152.504272,-30.324088],[152.504258,-30.323996],[152.504258,-30.323968],[152.504245,-30.323882],[152.504238,-30.323798],[152.504217,-30.323721],[152.50419,-30.323584],[152.504249,-30.323435],[152.504269,-30.323349],[152.504295,-30.323286],[152.504328,-30.323234],[152.504387,-30.323177],[152.50442,-30.323154],[152.504538,-30.323096],[152.504631,-30.323073],[152.504736,-30.323049],[152.504849,-30.323032],[152.504981,-30.32302],[152.505159,-30.322997],[152.505357,-30.322944],[152.505515,-30.322892],[152.505588,-30.32284],[152.50566,-30.322777],[152.505759,-30.322697],[152.505957,-30.322587],[152.506009,-30.322553],[152.506088,-30.32253],[152.506148,-30.322501],[152.506253,-30.32246],[152.506299,-30.322449],[152.506352,-30.322414],[152.506418,-30.322362],[152.506497,-30.32227],[152.50651,-30.322179],[152.506502,-30.322018],[152.506495,-30.321915],[152.506482,-30.321812],[152.506468,-30.321738],[152.506454,-30.321612],[152.506434,-30.321509],[152.50644,-30.321423],[152.506427,-30.321365],[152.506387,-30.321285],[152.506294,-30.321148],[152.506234,-30.321074],[152.506154,-30.320954],[152.506141,-30.320868],[152.50616,-30.320769],[152.506173,-30.320724],[152.506206,-30.320673],[152.506245,-30.320598],[152.506304,-30.320552],[152.506423,-30.320477],[152.506469,-30.320454],[152.506627,-30.320396],[152.506799,-30.320338],[152.506938,-30.320304],[152.507122,-30.320229],[152.507201,-30.3202],[152.507274,-30.320148],[152.507326,-30.320108],[152.507438,-30.319987],[152.507517,-30.319866],[152.507596,-30.31978],[152.507662,-30.319717],[152.5078,-30.319562],[152.507846,-30.319527],[152.507918,-30.319464],[152.50803,-30.319401],[152.508188,-30.31932],[152.508347,-30.319251],[152.508452,-30.31921],[152.508558,-30.319181],[152.508696,-30.319152],[152.508795,-30.319135],[152.508921,-30.319123],[152.509013,-30.319111],[152.509079,-30.319111],[152.509185,-30.319116],[152.509271,-30.319133],[152.509357,-30.319156],[152.509443,-30.31919],[152.509536,-30.319236],[152.509721,-30.31935],[152.509767,-30.319401],[152.509807,-30.319458],[152.50988,-30.319532],[152.51,-30.319601],[152.510099,-30.319635],[152.510244,-30.319657],[152.51034,-30.319663],[152.510515,-30.319628],[152.510606,-30.31958],[152.510693,-30.319524],[152.510745,-30.319478],[152.510844,-30.31938],[152.510903,-30.3193],[152.510936,-30.319214],[152.510949,-30.319139],[152.511027,-30.319013],[152.511172,-30.318766],[152.511329,-30.318537],[152.51154,-30.318312],[152.511592,-30.318261],[152.511651,-30.318209],[152.51175,-30.318128],[152.511895,-30.318019],[152.512,-30.31795],[152.512152,-30.317858],[152.512251,-30.317794],[152.512356,-30.31772],[152.512442,-30.317651],[152.512619,-30.317461],[152.512711,-30.317386],[152.512817,-30.317317],[152.512942,-30.317259],[152.5131,-30.317196],[152.513219,-30.317161],[152.513305,-30.317098],[152.513416,-30.317],[152.513515,-30.316879],[152.513555,-30.316862],[152.513693,-30.316827],[152.513779,-30.31681],[152.513937,-30.316792],[152.514195,-30.31678],[152.514625,-30.316842],[152.514737,-30.316853],[152.514975,-30.316852],[152.515133,-30.316863],[152.515609,-30.316987],[152.515894,-30.317049],[152.516165,-30.317129],[152.516284,-30.317151],[152.516542,-30.317173],[152.516813,-30.317201],[152.516964,-30.317207],[152.51703,-30.317195],[152.51711,-30.317189],[152.517222,-30.317171],[152.517321,-30.317148],[152.517525,-30.317084],[152.517572,-30.317073],[152.517723,-30.316981],[152.517776,-30.316946],[152.517809,-30.316917],[152.517888,-30.316865],[152.518013,-30.316722],[152.518052,-30.316636],[152.518091,-30.316561],[152.518143,-30.316395],[152.518169,-30.316326],[152.518241,-30.316188],[152.518294,-30.316114],[152.51836,-30.31605],[152.518432,-30.315987],[152.518485,-30.315947],[152.518584,-30.315901],[152.518696,-30.315854],[152.518874,-30.315762],[152.518992,-30.315716],[152.519039,-30.31571],[152.51911,-30.31571],[152.51919,-30.315727],[152.519302,-30.315766],[152.519462,-30.315852],[152.519554,-30.315898],[152.519614,-30.315937],[152.519679,-30.315972],[152.519739,-30.315989],[152.519773,-30.315988],[152.519851,-30.315994],[152.519905,-30.315988],[152.51997,-30.315976],[152.520062,-30.315953],[152.520155,-30.315924],[152.520254,-30.315872],[152.520301,-30.315838],[152.520326,-30.315775],[152.520353,-30.315694],[152.520411,-30.315557],[152.520458,-30.315493],[152.52053,-30.315425],[152.520799,-30.3152],[152.520885,-30.315097],[152.520958,-30.315016],[152.521193,-30.314781],[152.521266,-30.314694],[152.521417,-30.31447],[152.521455,-30.31442],[152.521585,-30.314254],[152.521594,-30.314241],[152.521627,-30.314166],[152.521639,-30.314103],[152.521639,-30.314017],[152.521645,-30.313914],[152.521652,-30.313862],[152.521697,-30.313765],[152.52175,-30.313673],[152.521822,-30.31357],[152.521888,-30.313501],[152.521934,-30.31346],[152.522019,-30.313397],[152.522099,-30.313362],[152.522277,-30.313299],[152.522382,-30.313281],[152.522481,-30.313275],[152.522752,-30.313297],[152.522838,-30.31332],[152.522964,-30.31336],[152.523142,-30.313393],[152.523235,-30.313387],[152.523572,-30.313386],[152.52371,-30.313374],[152.523783,-30.313363],[152.523902,-30.313322],[152.524158,-30.313121],[152.524257,-30.313052],[152.524217,-30.313012],[152.524316,-30.312885],[152.524362,-30.312811],[152.524421,-30.312702],[152.524433,-30.312621],[152.524406,-30.312495],[152.524419,-30.312415],[152.524491,-30.312237],[152.524527,-30.31219],[152.524576,-30.312117],[152.524702,-30.312025],[152.525144,-30.311903],[152.5255,-30.311787],[152.525618,-30.311758],[152.525797,-30.311694],[152.525928,-30.311602],[152.52602,-30.311493],[152.526092,-30.311384],[152.526184,-30.311212],[152.526295,-30.310902],[152.526294,-30.310793],[152.52632,-30.310678],[152.52634,-30.31065],[152.526353,-30.31061],[152.526392,-30.310518],[152.526432,-30.310449],[152.52657,-30.310299],[152.526642,-30.31023],[152.526767,-30.310093],[152.526839,-30.309955],[152.526865,-30.309869],[152.526904,-30.309783],[152.527022,-30.309628],[152.527068,-30.309547],[152.527107,-30.309438],[152.527126,-30.309255],[152.527139,-30.30918],[152.527178,-30.309048],[152.527224,-30.308911],[152.527296,-30.308767],[152.527342,-30.308687],[152.527401,-30.308595],[152.527447,-30.308543],[152.527486,-30.308486],[152.52763,-30.308233],[152.527643,-30.308187],[152.527663,-30.308153],[152.527722,-30.308061],[152.527761,-30.308015],[152.527801,-30.307958],[152.527814,-30.30786],[152.527813,-30.307797],[152.52782,-30.307734],[152.527826,-30.307637],[152.527852,-30.307556],[152.52795,-30.30731],[152.527996,-30.307212],[152.528035,-30.307155],[152.528081,-30.307103],[152.528166,-30.306931],[152.528196,-30.306828],[152.528212,-30.30677],[152.528218,-30.30673],[152.52823,-30.306558],[152.52827,-30.306455],[152.528302,-30.306386],[152.528335,-30.306323],[152.52844,-30.306156],[152.528486,-30.306053],[152.528538,-30.305892],[152.528551,-30.305824],[152.52857,-30.305761],[152.528583,-30.305646],[152.528609,-30.305589],[152.528628,-30.305434],[152.528641,-30.305285],[152.528666,-30.305124],[152.528705,-30.304964],[152.528744,-30.304843],[152.528836,-30.304608],[152.528895,-30.304499],[152.529,-30.304361],[152.529065,-30.304235],[152.529111,-30.304097],[152.529183,-30.303988],[152.529229,-30.303908],[152.529275,-30.303821],[152.529301,-30.303741],[152.52932,-30.303621],[152.529326,-30.303489],[152.529319,-30.303437],[152.529279,-30.303254],[152.529252,-30.30318],[152.529212,-30.303105],[152.529165,-30.302997],[152.529085,-30.302756],[152.529038,-30.302659],[152.528958,-30.302482],[152.528931,-30.302367],[152.528924,-30.30227],[152.52893,-30.302184],[152.528943,-30.302081],[152.528969,-30.301949],[152.529008,-30.301823],[152.529021,-30.301771],[152.52908,-30.301662],[152.529106,-30.301564],[152.529138,-30.301461],[152.529237,-30.301272],[152.529328,-30.301111],[152.529427,-30.301002],[152.529552,-30.300904],[152.529776,-30.300749],[152.529941,-30.300639],[152.530052,-30.300559],[152.53021,-30.300455],[152.530329,-30.300392],[152.530395,-30.300345],[152.530474,-30.300305],[152.530533,-30.300271],[152.530608,-30.30022],[152.530704,-30.300161],[152.53081,-30.300103],[152.530882,-30.300069],[152.531159,-30.299982],[152.531232,-30.299965],[152.531318,-30.299953],[152.531437,-30.29997],[152.531496,-30.299987],[152.531675,-30.300055],[152.531754,-30.300112],[152.53184,-30.30018],[152.531947,-30.300283],[152.53202,-30.300472],[152.532053,-30.300541],[152.532067,-30.300609],[152.532114,-30.300747],[152.53216,-30.300827],[152.532266,-30.300953],[152.532394,-30.301069],[152.532617,-30.301158],[152.532939,-30.301118],[152.533007,-30.301082],[152.533059,-30.301007],[152.533086,-30.30095],[152.533112,-30.300875],[152.533118,-30.300829],[152.533118,-30.300743],[152.533089,-30.300558],[152.533057,-30.300423],[152.53301,-30.30028],[152.532983,-30.300234],[152.532883,-30.300045],[152.532843,-30.299953],[152.532816,-30.299868],[152.532803,-30.299764],[152.532822,-30.299552],[152.532873,-30.299243],[152.532905,-30.298956],[152.532911,-30.298882],[152.532904,-30.298738],[152.532956,-30.298578],[152.532969,-30.298503],[152.532981,-30.298394],[152.533001,-30.29828],[152.533007,-30.298228],[152.533007,-30.298142],[152.533,-30.298022],[152.532992,-30.297925],[152.532972,-30.297764],[152.532971,-30.297461],[152.532957,-30.29738],[152.532937,-30.297317],[152.532857,-30.297157],[152.532764,-30.297049],[152.532704,-30.296986],[152.532604,-30.296837],[152.532418,-30.296597],[152.532365,-30.296546],[152.532286,-30.296483],[152.5322,-30.296437],[152.531948,-30.296266],[152.531816,-30.296181],[152.531736,-30.296141],[152.531597,-30.296078],[152.531531,-30.296039],[152.531471,-30.296016],[152.531392,-30.295976],[152.531319,-30.29593],[152.531246,-30.295856],[152.531193,-30.295799],[152.53116,-30.29573],[152.53108,-30.295542],[152.531046,-30.295438],[152.531032,-30.295347],[152.531019,-30.295272],[152.531011,-30.295199],[152.531016,-30.295172],[152.531054,-30.295124],[152.531137,-30.295096],[152.531229,-30.29506],[152.531275,-30.295008],[152.531321,-30.294968],[152.531387,-30.294899],[152.531459,-30.294767],[152.531499,-30.294726],[152.531584,-30.294663],[152.532104,-30.294249],[152.532249,-30.294151],[152.532512,-30.293961],[152.532565,-30.293926],[152.532657,-30.293875],[152.532743,-30.293834],[152.532822,-30.293782],[152.532888,-30.293748],[152.532947,-30.293662],[152.532986,-30.29357],[152.533045,-30.293449],[152.533058,-30.293386],[152.533051,-30.293358],[152.533004,-30.293283],[152.532991,-30.293255],[152.532958,-30.293209],[152.532924,-30.293135],[152.532911,-30.293066],[152.532891,-30.292991],[152.53289,-30.29294],[152.532897,-30.292883],[152.532923,-30.292819],[152.532949,-30.292779],[152.532995,-30.29275],[152.533061,-30.292727],[152.533173,-30.292704],[152.533312,-30.292709],[152.533411,-30.292709],[152.533497,-30.29272],[152.533649,-30.292714],[152.533761,-30.292702],[152.533873,-30.292702],[152.534058,-30.292712],[152.534184,-30.292729],[152.534296,-30.292735],[152.534481,-30.292751],[152.5346,-30.292768],[152.534719,-30.292779],[152.534838,-30.292819],[152.534917,-30.292841],[152.53503,-30.292887],[152.535156,-30.292961],[152.535288,-30.293087],[152.535341,-30.293144],[152.535434,-30.293235],[152.535474,-30.293281],[152.535514,-30.293344],[152.535541,-30.293464],[152.535548,-30.293544],[152.535542,-30.293596],[152.535542,-30.293659],[152.535529,-30.29371],[152.535523,-30.293785],[152.535497,-30.293859],[152.535471,-30.294003],[152.535471,-30.294066],[152.535452,-30.294312],[152.53544,-30.294547],[152.535421,-30.294633],[152.535408,-30.294777],[152.535396,-30.294862],[152.535396,-30.294983],[152.53543,-30.295109],[152.53545,-30.29516],[152.535476,-30.295206],[152.535503,-30.295246],[152.535543,-30.295292],[152.535583,-30.295332],[152.535636,-30.295366],[152.535702,-30.295389],[152.535774,-30.295394],[152.535847,-30.295388],[152.535966,-30.295359],[152.536223,-30.295261],[152.536328,-30.295192],[152.536519,-30.295076],[152.536631,-30.294979],[152.536697,-30.294915],[152.536769,-30.294864],[152.536954,-30.29476],[152.537158,-30.294753],[152.537231,-30.294782],[152.537384,-30.294907],[152.537589,-30.295119],[152.537675,-30.295199],[152.537848,-30.295295],[152.53796,-30.295335],[152.538066,-30.295352],[152.538218,-30.295392],[152.538363,-30.295426],[152.538429,-30.295414],[152.538713,-30.295338],[152.538739,-30.295315],[152.538792,-30.295252],[152.538831,-30.295178],[152.538844,-30.295114],[152.538844,-30.295029],[152.538823,-30.294954],[152.538776,-30.294714],[152.538749,-30.294536],[152.538742,-30.29445],[152.538755,-30.294364],[152.538754,-30.294307],[152.538747,-30.294164],[152.538733,-30.294055],[152.538719,-30.29386],[152.538725,-30.293774],[152.538725,-30.293648],[152.538731,-30.293505],[152.538757,-30.293379],[152.538835,-30.293155],[152.538874,-30.293092],[152.53896,-30.292994],[152.539065,-30.292896],[152.539122,-30.292888],[152.539195,-30.29286],[152.539386,-30.292819],[152.539498,-30.292801],[152.539544,-30.292807],[152.539665,-30.292797],[152.539751,-30.292819],[152.539943,-30.292842],[152.540009,-30.292859],[152.540082,-30.29287],[152.540141,-30.292875],[152.540353,-30.292913],[152.541069,-30.293095],[152.541213,-30.293106],[152.541292,-30.293106],[152.541372,-30.2931],[152.541728,-30.293065],[152.541807,-30.293053],[152.542426,-30.292936],[152.542466,-30.292919],[152.542611,-30.29289],[152.542736,-30.292849],[152.542783,-30.292844],[152.542835,-30.292826],[152.542875,-30.29282],[152.542947,-30.29282],[152.543258,-30.292802],[152.543535,-30.292721],[152.543568,-30.292721],[152.54364,-30.292709],[152.543713,-30.292691],[152.543779,-30.292663],[152.543851,-30.292588],[152.543877,-30.292502],[152.543877,-30.29245],[152.54385,-30.292399],[152.543784,-30.292307],[152.543737,-30.29225],[152.543711,-30.292222],[152.543638,-30.292165],[152.543565,-30.29209],[152.543478,-30.291987],[152.543438,-30.291879],[152.543392,-30.291804],[152.543319,-30.291736],[152.543246,-30.291696],[152.54304,-30.291525],[152.542961,-30.291422],[152.542842,-30.291354],[152.542623,-30.291171],[152.54255,-30.29112],[152.54247,-30.290988],[152.542443,-30.290919],[152.54243,-30.290845],[152.542436,-30.290799],[152.542449,-30.290753],[152.542508,-30.290656],[152.542515,-30.290627],[152.542501,-30.290587],[152.542481,-30.290547],[152.542448,-30.290501],[152.542428,-30.290478],[152.542421,-30.290432],[152.542428,-30.290387],[152.54246,-30.290352],[152.542474,-30.290329],[152.543345,-30.29026],[152.543823,-30.290212],[152.543926,-30.290187],[152.543946,-30.290187],[152.544025,-30.290163],[152.544071,-30.290169],[152.544176,-30.290151],[152.544374,-30.290076],[152.544645,-30.290018],[152.544737,-30.289995],[152.544836,-30.289989],[152.545001,-30.289965],[152.545074,-30.289971],[152.545173,-30.289925],[152.545484,-30.289757],[152.545909,-30.289556],[152.546361,-30.289274],[152.546851,-30.288896],[152.547091,-30.28865],[152.547292,-30.288204],[152.547318,-30.28805],[152.547354,-30.286948],[152.547079,-30.286226],[152.546995,-30.2861],[152.546794,-30.285926],[152.546666,-30.285779],[152.54662,-30.285679],[152.546585,-30.285605],[152.546576,-30.285373],[152.546637,-30.285307],[152.546656,-30.285278],[152.546735,-30.285226],[152.546811,-30.285137],[152.546844,-30.285126],[152.54687,-30.285074],[152.546932,-30.285014],[152.546972,-30.284985],[152.547005,-30.284968],[152.547169,-30.284887],[152.547793,-30.284548],[152.548157,-30.284219],[152.548738,-30.28382],[152.549212,-30.283491],[152.549713,-30.283192],[152.549987,-30.282869],[152.550252,-30.282532],[152.550354,-30.282342],[152.550372,-30.282102],[152.550386,-30.281751],[152.550412,-30.281546],[152.550432,-30.281324],[152.550558,-30.281259],[152.550723,-30.281242],[152.551018,-30.28127],[152.551795,-30.281471],[152.551947,-30.281491],[152.552326,-30.281507],[152.552553,-30.281499],[152.553156,-30.281411],[152.55357,-30.281283],[152.554409,-30.281162],[152.554745,-30.281104],[152.554886,-30.281028],[152.555004,-30.280927],[152.555054,-30.2808],[152.555054,-30.280683],[152.554966,-30.280524],[152.554847,-30.28037],[152.554557,-30.280154],[152.554056,-30.279822],[152.553492,-30.279458],[152.55283,-30.279077],[152.552433,-30.27886],[152.552294,-30.278786],[152.552142,-30.278723],[152.55197,-30.278643],[152.551811,-30.278586],[152.551738,-30.278552],[152.551679,-30.278529],[152.551636,-30.278488],[152.551622,-30.27846],[152.551484,-30.27842],[152.551431,-30.278391],[152.551378,-30.278357],[152.551338,-30.278323],[152.551298,-30.2783],[152.551225,-30.278243],[152.551119,-30.278192],[152.551027,-30.278158],[152.550954,-30.278141],[152.550822,-30.27813],[152.550756,-30.27813],[152.550716,-30.278136],[152.55067,-30.278125],[152.550521,-30.278051],[152.55033,-30.277926],[152.550222,-30.277692],[152.550283,-30.277451],[152.550336,-30.27743],[152.550421,-30.277226],[152.550441,-30.277192],[152.550481,-30.27714],[152.550513,-30.277077],[152.550539,-30.277037],[152.550558,-30.276954],[152.550681,-30.276699],[152.55074,-30.276506],[152.55076,-30.276053],[152.550823,-30.275866],[152.550971,-30.275647],[152.551174,-30.275483],[152.5517,-30.275277],[152.552456,-30.275156],[152.553066,-30.275113],[152.553354,-30.275053],[152.554182,-30.274827],[152.554393,-30.274686],[152.554596,-30.274522],[152.555282,-30.273888],[152.55568,-30.272942],[152.555599,-30.272729],[152.55534,-30.272443],[152.555265,-30.271393],[152.555331,-30.271002],[152.555152,-30.270689],[152.555286,-30.270288],[152.556007,-30.269565],[152.556315,-30.269264],[152.556304,-30.269109],[152.556291,-30.269081],[152.556304,-30.269035],[152.556271,-30.268995],[152.556231,-30.268966],[152.556098,-30.268881],[152.555973,-30.268824],[152.555682,-30.268739],[152.555622,-30.268693],[152.555576,-30.268636],[152.555549,-30.268562],[152.555542,-30.268516],[152.555541,-30.268384],[152.555553,-30.268155],[152.555533,-30.268058],[152.55552,-30.267972],[152.555532,-30.267823],[152.55561,-30.267593],[152.555689,-30.267507],[152.555761,-30.267449],[152.555827,-30.267403],[152.555926,-30.267317],[152.555972,-30.267237],[152.556004,-30.267173],[152.556063,-30.267099],[152.556129,-30.26703],[152.556201,-30.266978],[152.5563,-30.266915],[152.556379,-30.266874],[152.556537,-30.266828],[152.556597,-30.266793],[152.556669,-30.266678],[152.556695,-30.266627],[152.556734,-30.266564],[152.55676,-30.266512],[152.55676,-30.266506],[152.556813,-30.266414],[152.556839,-30.266351],[152.556871,-30.266288],[152.556878,-30.266242],[152.556904,-30.266145],[152.55687,-30.266013],[152.556824,-30.265939],[152.556736,-30.265891],[152.556649,-30.265822],[152.556664,-30.265744],[152.556683,-30.265595],[152.556683,-30.265538],[152.55667,-30.265504],[152.556669,-30.265441],[152.556682,-30.265332],[152.556695,-30.265309],[152.556721,-30.2652],[152.556722,-30.265026],[152.556763,-30.264616],[152.55684,-30.264062],[152.556973,-30.263503],[152.557241,-30.262755],[152.55728,-30.262495],[152.557274,-30.2623],[152.55721,-30.262152],[152.557162,-30.262133],[152.557062,-30.262053],[152.556989,-30.262013],[152.55691,-30.261985],[152.556877,-30.261979],[152.556738,-30.261922],[152.556679,-30.261888],[152.556626,-30.261842],[152.556453,-30.261637],[152.556393,-30.261574],[152.556221,-30.261477],[152.556148,-30.261454],[152.556016,-30.261346],[152.555814,-30.261305],[152.555631,-30.261073],[152.555532,-30.26091],[152.555331,-30.260644],[152.55517,-30.260516],[152.555013,-30.260439],[152.554799,-30.260269],[152.554366,-30.260139],[152.5537,-30.260048],[152.552983,-30.259901],[152.552174,-30.259436],[152.551994,-30.259392],[152.551689,-30.259172],[152.551416,-30.258747],[152.551287,-30.258441],[152.551291,-30.257773],[152.551551,-30.257294],[152.551582,-30.257131],[152.552025,-30.256312],[152.552199,-30.255536],[152.552539,-30.255242],[152.553264,-30.255393],[152.55385,-30.255733],[152.554222,-30.255679],[152.554493,-30.255574],[152.554626,-30.255498],[152.554703,-30.255362],[152.554702,-30.255247],[152.554533,-30.254928],[152.554465,-30.25462],[152.554528,-30.254406],[152.55463,-30.254127],[152.554769,-30.253774],[152.554832,-30.253495],[152.554832,-30.253276],[152.554825,-30.253133],[152.554771,-30.253047],[152.554758,-30.253012],[152.554737,-30.252829],[152.554737,-30.252754],[152.55467,-30.252628],[152.554649,-30.252519],[152.554512,-30.252286],[152.554311,-30.251448],[152.554314,-30.251221],[152.554332,-30.250798],[152.554458,-30.250316],[152.554682,-30.249938],[152.554962,-30.249645],[152.555325,-30.249414],[152.556151,-30.24912],[152.55643,-30.248904],[152.556626,-30.248743],[152.556857,-30.248589],[152.557223,-30.248428],[152.55772,-30.248241],[152.557971,-30.247858],[152.558038,-30.247337],[152.558123,-30.246956],[152.558207,-30.246641],[152.558526,-30.24625],[152.559075,-30.245914],[152.55955,-30.245748],[152.559745,-30.245425],[152.55989,-30.244844],[152.559903,-30.244294],[152.559798,-30.243984],[152.559647,-30.243719],[152.559419,-30.243492],[152.559124,-30.243337],[152.558609,-30.243285],[152.558183,-30.243315],[152.557782,-30.243287],[152.557589,-30.243209],[152.557509,-30.243086],[152.55748,-30.242886],[152.557565,-30.242577],[152.557621,-30.242017],[152.557727,-30.241334],[152.557905,-30.240961],[152.558213,-30.240646],[152.558657,-30.240437],[152.559125,-30.240317],[152.559463,-30.240187],[152.559835,-30.239912],[152.560203,-30.239655],[152.560574,-30.239491],[152.560861,-30.239457],[152.561161,-30.239512],[152.561738,-30.239671],[152.56244,-30.239689],[152.563533,-30.239663],[152.564352,-30.239561],[152.564795,-30.239445],[152.564926,-30.239301],[152.56496,-30.239139],[152.56486,-30.238892],[152.56461,-30.238729],[152.564096,-30.238443],[152.563472,-30.238005],[152.562946,-30.237435],[152.562243,-30.236487],[152.561414,-30.235383],[152.561125,-30.234814],[152.560944,-30.23433],[152.560962,-30.234007],[152.561089,-30.233763],[152.561228,-30.233639],[152.561464,-30.233629],[152.561819,-30.233699],[152.562447,-30.233954],[152.562944,-30.234253],[152.563716,-30.234436],[152.564441,-30.23486],[152.564755,-30.235168],[152.565255,-30.23587],[152.565575,-30.236354],[152.56608,-30.237489],[152.566352,-30.237985],[152.566689,-30.238288],[152.567351,-30.238608],[152.568426,-30.238874],[152.569069,-30.239032],[152.569803,-30.239287],[152.570232,-30.239696],[152.570502,-30.240229],[152.571137,-30.241061],[152.571565,-30.24162],[152.572008,-30.24194],[152.572838,-30.242552],[152.573116,-30.242962],[152.573359,-30.243652],[152.573454,-30.244055],[152.573623,-30.244358],[152.57388,-30.24452],[152.574158,-30.244582],[152.574433,-30.244555],[152.574699,-30.244397],[152.574974,-30.243817],[152.575245,-30.243401],[152.575608,-30.243175],[152.576176,-30.242991],[152.576775,-30.242937],[152.577402,-30.243065],[152.578395,-30.243214],[152.578675,-30.243201],[152.579063,-30.243043],[152.579819,-30.242536],[152.58011,-30.242383],[152.580279,-30.242295],[152.580537,-30.242227],[152.580891,-30.242293],[152.581089,-30.242513],[152.581203,-30.242774],[152.581257,-30.243039],[152.581299,-30.243455],[152.58142,-30.243943],[152.581635,-30.244142],[152.581972,-30.244325],[152.582466,-30.244418],[152.582809,-30.2444],[152.583231,-30.244253],[152.583599,-30.244044],[152.584098,-30.243484],[152.584609,-30.242822],[152.585243,-30.242027],[152.585365,-30.241776],[152.585712,-30.241391],[152.585799,-30.241226],[152.585892,-30.241089],[152.585979,-30.241003],[152.586085,-30.240946],[152.586157,-30.240918],[152.586296,-30.240902],[152.586527,-30.240886],[152.586613,-30.240909],[152.586666,-30.240932],[152.586725,-30.24099],[152.586885,-30.241256],[152.586966,-30.241426],[152.587053,-30.241738],[152.587559,-30.242157],[152.587808,-30.242374],[152.588258,-30.243144],[152.588728,-30.243871],[152.589254,-30.24449],[152.589764,-30.244985],[152.590371,-30.24524],[152.590873,-30.245327],[152.591481,-30.245272],[152.59216,-30.245352],[152.592669,-30.245538],[152.592987,-30.245883],[152.593454,-30.246413],[152.593796,-30.246644],[152.594159,-30.246788],[152.594673,-30.246892],[152.595294,-30.246762],[152.595855,-30.246553],[152.596134,-30.24656],[152.596464,-30.246612],[152.596852,-30.246767],[152.597186,-30.24697],[152.597594,-30.247231],[152.59786,-30.2475],[152.598015,-30.247926],[152.598067,-30.248324],[152.598059,-30.248829],[152.597958,-30.249075],[152.597916,-30.249385],[152.597883,-30.24958],[152.597933,-30.249703],[152.598012,-30.24987],[152.598,-30.250086],[152.598318,-30.250331],[152.599053,-30.250534],[152.599814,-30.2507],[152.600416,-30.250844],[152.601152,-30.251523],[152.602092,-30.252028],[152.603012,-30.252486],[152.603747,-30.252542],[152.604406,-30.252441],[152.604675,-30.252274],[152.605066,-30.252043],[152.60548,-30.25172],[152.605736,-30.251545],[152.605945,-30.251409],[152.606143,-30.251243],[152.606373,-30.251003],[152.606571,-30.250805],[152.606927,-30.250594],[152.607743,-30.250385],[152.608074,-30.250325],[152.608408,-30.25021],[152.609173,-30.249852],[152.609545,-30.249637],[152.609869,-30.24948],[152.610224,-30.249386],[152.610902,-30.249251],[152.611225,-30.249261],[152.611743,-30.249535],[152.612036,-30.249846],[152.612264,-30.25042],[152.612596,-30.251232],[152.612591,-30.251587],[152.612605,-30.251616],[152.612605,-30.251732],[152.612619,-30.251837],[152.612613,-30.251941],[152.612595,-30.251977],[152.61258,-30.25201],[152.612528,-30.252096],[152.612488,-30.25216],[152.612462,-30.252194],[152.612443,-30.252264],[152.612404,-30.252431],[152.612405,-30.252664],[152.612399,-30.252791],[152.612433,-30.252908],[152.612545,-30.253055],[152.612658,-30.253126],[152.612751,-30.253162],[152.613127,-30.253247],[152.61322,-30.25326],[152.613299,-30.25329],[152.613352,-30.253331],[152.613419,-30.253489],[152.613413,-30.253582],[152.613381,-30.253669],[152.613335,-30.253739],[152.613282,-30.253785],[152.613204,-30.253842],[152.613111,-30.253876],[152.612994,-30.253923],[152.612879,-30.254069],[152.612786,-30.254309],[152.612817,-30.254622],[152.612932,-30.254893],[152.613057,-30.255122],[152.613186,-30.255196],[152.613371,-30.255285],[152.61347,-30.255356],[152.613556,-30.255386],[152.613689,-30.255422],[152.613761,-30.255434],[152.613821,-30.255452],[152.613874,-30.255481],[152.613954,-30.255558],[152.61402,-30.25564],[152.614067,-30.255687],[152.614087,-30.25571],[152.614094,-30.255734],[152.6141,-30.255751],[152.61434,-30.25604],[152.614403,-30.256186],[152.614502,-30.256446],[152.614575,-30.256551],[152.614639,-30.256613],[152.614885,-30.256781],[152.614952,-30.256869],[152.615012,-30.257009],[152.615112,-30.257114],[152.615277,-30.25726],[152.615324,-30.257341],[152.615351,-30.25744],[152.615391,-30.257562],[152.615431,-30.257643],[152.615451,-30.257719],[152.615617,-30.257893],[152.615696,-30.257952],[152.615888,-30.258045],[152.615941,-30.258074],[152.615967,-30.25808],[152.616232,-30.25815],[152.616602,-30.258208],[152.61674,-30.258219],[152.616971,-30.258243],[152.617064,-30.258266],[152.617097,-30.258277],[152.61717,-30.258318],[152.617361,-30.258393],[152.617427,-30.25841],[152.617539,-30.258428],[152.617823,-30.258439],[152.617942,-30.258433],[152.618047,-30.25841],[152.618179,-30.258369],[152.618324,-30.258335],[152.618416,-30.258317],[152.618423,-30.258311],[152.618522,-30.2583],[152.618614,-30.258271],[152.618707,-30.258248],[152.618819,-30.258242],[152.619103,-30.258213],[152.619208,-30.258213],[152.61934,-30.258219],[152.619406,-30.258225],[152.619406,-30.258219],[152.619492,-30.258225],[152.619711,-30.258295],[152.619916,-30.258313],[152.620134,-30.258302],[152.620781,-30.25833],[152.621347,-30.25825],[152.622017,-30.258288],[152.622392,-30.258319],[152.623418,-30.258589],[152.623751,-30.25879],[152.624037,-30.259176],[152.624502,-30.259678],[152.624984,-30.259933],[152.625667,-30.260067],[152.626512,-30.260048],[152.626888,-30.259979],[152.62716,-30.259822],[152.627254,-30.25962],[152.627147,-30.259446],[152.626724,-30.259064],[152.62628,-30.258667],[152.625973,-30.258376],[152.626016,-30.258177],[152.626291,-30.258042],[152.626521,-30.257987],[152.626695,-30.258071],[152.626825,-30.258111],[152.627098,-30.258034],[152.627286,-30.257953],[152.627437,-30.257844],[152.627594,-30.257713],[152.62806,-30.257555],[152.628577,-30.257343],[152.629002,-30.257062],[152.629284,-30.256895],[152.629555,-30.256634],[152.629931,-30.2563],[152.630549,-30.256008],[152.630963,-30.256069],[152.631307,-30.256185],[152.631754,-30.256119],[152.632194,-30.25606],[152.632801,-30.256363],[152.633521,-30.256686],[152.633877,-30.25681],[152.634209,-30.256905],[152.634654,-30.25688],[152.634794,-30.256822],[152.634906,-30.256751],[152.634944,-30.256695],[152.634981,-30.256617],[152.63497,-30.25654],[152.634846,-30.256394],[152.634637,-30.256269],[152.634511,-30.256102],[152.63446,-30.255904],[152.634417,-30.255644],[152.634303,-30.255362],[152.634115,-30.255007],[152.633938,-30.254788],[152.633561,-30.254496],[152.633364,-30.254298],[152.633228,-30.254111],[152.633068,-30.2539],[152.633126,-30.253684],[152.633719,-30.253412],[152.633926,-30.253234],[152.634052,-30.253036],[152.634199,-30.252734],[152.634542,-30.252202],[152.634856,-30.251879],[152.635095,-30.251764],[152.635409,-30.25166],[152.635733,-30.25166],[152.636139,-30.251733],[152.636755,-30.25191],[152.637214,-30.251973],[152.637651,-30.252069],[152.637943,-30.251761],[152.638292,-30.251256],[152.638601,-30.251253],[152.638811,-30.251389],[152.638947,-30.251556],[152.639186,-30.251712],[152.639447,-30.251785],[152.639729,-30.251816],[152.63999,-30.251837],[152.640198,-30.251774],[152.640513,-30.251642],[152.641303,-30.251703],[152.641429,-30.251792],[152.641522,-30.252047],[152.641648,-30.252183],[152.641724,-30.252488],[152.641544,-30.252712],[152.641295,-30.252859],[152.641038,-30.252924],[152.640791,-30.253056],[152.640629,-30.253236],[152.640545,-30.253391],[152.640271,-30.253564],[152.640088,-30.253672],[152.640017,-30.254],[152.639668,-30.254151],[152.639069,-30.254259],[152.639217,-30.254567],[152.638877,-30.255154],[152.638962,-30.255366],[152.641013,-30.255548],[152.64108,-30.255146],[152.641327,-30.254959],[152.641612,-30.254907],[152.641938,-30.254896],[152.642698,-30.254826],[152.643365,-30.254625],[152.643783,-30.254772],[152.644069,-30.254924],[152.644257,-30.255079],[152.644487,-30.255393],[152.644593,-30.255874],[152.644742,-30.256477],[152.644543,-30.256548],[152.644324,-30.256575],[152.644154,-30.256592],[152.643977,-30.256613],[152.64381,-30.256654],[152.643673,-30.256739],[152.6436,-30.256832],[152.643631,-30.256936],[152.643736,-30.256998],[152.643861,-30.257041],[152.644008,-30.257041],[152.644094,-30.257029],[152.644288,-30.257088],[152.644311,-30.257092],[152.644357,-30.25712],[152.644416,-30.257166],[152.644489,-30.257212],[152.644594,-30.257246],[152.644753,-30.257292],[152.644911,-30.257315],[152.645063,-30.257315],[152.645401,-30.25724],[152.645506,-30.257229],[152.645625,-30.257246],[152.645849,-30.257355],[152.645941,-30.257424],[152.646027,-30.257515],[152.646092,-30.257595],[152.646178,-30.25771],[152.64627,-30.257807],[152.646329,-30.257893],[152.646408,-30.257996],[152.646454,-30.258076],[152.646569,-30.258199],[152.646746,-30.258219],[152.646997,-30.258125],[152.647195,-30.257968],[152.647573,-30.257196],[152.647602,-30.257031],[152.64779,-30.256727],[152.648283,-30.256382],[152.648172,-30.256069],[152.647327,-30.255606],[152.646804,-30.254853],[152.646876,-30.254494],[152.646943,-30.25417],[152.647087,-30.253925],[152.647289,-30.253693],[152.64793,-30.253139],[152.648489,-30.252732],[152.64898,-30.252414],[152.649771,-30.252367],[152.650211,-30.252416],[152.650384,-30.25236],[152.650562,-30.25263],[152.650634,-30.252919],[152.651076,-30.253429],[152.651411,-30.254421],[152.652792,-30.255065],[152.653083,-30.255042],[152.653529,-30.25517],[152.654218,-30.255421],[152.65428,-30.255513],[152.65449,-30.255602],[152.654755,-30.255391],[152.65514,-30.25535],[152.655376,-30.255316],[152.656722,-30.253866],[152.657444,-30.253093],[152.65763,-30.252796],[152.657808,-30.252525],[152.658089,-30.252253],[152.658528,-30.252149],[152.659185,-30.25193],[152.659613,-30.251795],[152.659916,-30.251711],[152.660197,-30.251638],[152.660542,-30.251635],[152.660829,-30.251849],[152.661643,-30.252226],[152.662909,-30.252015],[152.663456,-30.25171],[152.663602,-30.251438],[152.663641,-30.250222],[152.663421,-30.24973],[152.663586,-30.249624],[152.663578,-30.248938],[152.662996,-30.248164],[152.663408,-30.247223],[152.663948,-30.246402],[152.664415,-30.246062],[152.66482,-30.24586],[152.665166,-30.245788],[152.665686,-30.245812],[152.666436,-30.245988],[152.667382,-30.24603],[152.668044,-30.245941],[152.668758,-30.245673],[152.669022,-30.245556],[152.669145,-30.245481],[152.669212,-30.245269],[152.669305,-30.24516],[152.669399,-30.245023],[152.669445,-30.244978],[152.669452,-30.244909],[152.669473,-30.244811],[152.669462,-30.244727],[152.669455,-30.244457],[152.669438,-30.243966],[152.66954,-30.243591],[152.669713,-30.243138],[152.670093,-30.242602],[152.67044,-30.242066],[152.670676,-30.241623],[152.670702,-30.241341],[152.670698,-30.241008],[152.670656,-30.240407],[152.670631,-30.239541],[152.670661,-30.239352],[152.670763,-30.23917],[152.6711,-30.238916],[152.671446,-30.238786],[152.671864,-30.238738],[152.672387,-30.238738],[152.672995,-30.238635],[152.67367,-30.238395],[152.673992,-30.238218],[152.67433,-30.237833],[152.674558,-30.23751],[152.674828,-30.237284],[152.675052,-30.237174],[152.675313,-30.237054],[152.67555,-30.236834],[152.675862,-30.236317],[152.676272,-30.235733],[152.676668,-30.235486],[152.677137,-30.235249],[152.677454,-30.234954],[152.677802,-30.234476],[152.678047,-30.234315],[152.678389,-30.234177],[152.678521,-30.234204],[152.678567,-30.234204],[152.678647,-30.234153],[152.678693,-30.234067],[152.67872,-30.233947],[152.678734,-30.233798],[152.678788,-30.233718],[152.67888,-30.233678],[152.679085,-30.233634],[152.679198,-30.233571],[152.679277,-30.233497],[152.679311,-30.2334],[152.679318,-30.233319],[152.679318,-30.233199],[152.679358,-30.233107],[152.679398,-30.233033],[152.679458,-30.232993],[152.679551,-30.232942],[152.679669,-30.23292],[152.679802,-30.232863],[152.680034,-30.232738],[152.680106,-30.232675],[152.680186,-30.232555],[152.680186,-30.232515],[152.680453,-30.232309],[152.680859,-30.23201],[152.681403,-30.231578],[152.681851,-30.231217],[152.682015,-30.231104],[152.682174,-30.231148],[152.682557,-30.231104],[152.683197,-30.231038],[152.683402,-30.23101],[152.683673,-30.230965],[152.684003,-30.230932],[152.684314,-30.230865],[152.684545,-30.230814],[152.684777,-30.230747],[152.685008,-30.230673],[152.685206,-30.230565],[152.685352,-30.230514],[152.685491,-30.230457],[152.685709,-30.230378],[152.68596,-30.230282],[152.686093,-30.230185],[152.686181,-30.23011],[152.686226,-30.230054],[152.68639,-30.229974],[152.686522,-30.229906],[152.686597,-30.229803],[152.686682,-30.229695],[152.686749,-30.229603],[152.686882,-30.229443],[152.687014,-30.229386],[152.687193,-30.229376],[152.687298,-30.229359],[152.687358,-30.229319],[152.687563,-30.229154],[152.687662,-30.229114],[152.68782,-30.229069],[152.687959,-30.229007],[152.688072,-30.228927],[152.688185,-30.228824],[152.688291,-30.228716],[152.688364,-30.228601],[152.688464,-30.22843],[152.688564,-30.22827],[152.688656,-30.22819],[152.68873,-30.228024],[152.68875,-30.227892],[152.688837,-30.227801],[152.688929,-30.227721],[152.689128,-30.227653],[152.689286,-30.227665],[152.689484,-30.227655],[152.68965,-30.227592],[152.689901,-30.227439],[152.690113,-30.227336],[152.690219,-30.227308],[152.690318,-30.227303],[152.690476,-30.227286],[152.690556,-30.227229],[152.690649,-30.227064],[152.690709,-30.226921],[152.690716,-30.226823],[152.690704,-30.226634],[152.690717,-30.22656],[152.690764,-30.226537],[152.690797,-30.226503],[152.690919,-30.226401],[152.690995,-30.226208],[152.691202,-30.22604],[152.69151,-30.225954],[152.691794,-30.22598],[152.692113,-30.225935],[152.692285,-30.225861],[152.692411,-30.225759],[152.692484,-30.22565],[152.692505,-30.225501],[152.692572,-30.225352],[152.692677,-30.225284],[152.692843,-30.225233],[152.693034,-30.225188],[152.693279,-30.225155],[152.693437,-30.225173],[152.693602,-30.225236],[152.693964,-30.225364],[152.694412,-30.225503],[152.694491,-30.225538],[152.694647,-30.225574],[152.694848,-30.225471],[152.69512,-30.225271],[152.695166,-30.225254],[152.695338,-30.225267],[152.69547,-30.225273],[152.695569,-30.225302],[152.695655,-30.225257],[152.695688,-30.225171],[152.695735,-30.225068],[152.695775,-30.225011],[152.695834,-30.224959],[152.695914,-30.224931],[152.696013,-30.22492],[152.696105,-30.224932],[152.696158,-30.224943],[152.696224,-30.224921],[152.69627,-30.224881],[152.69633,-30.224801],[152.69641,-30.224641],[152.696463,-30.224549],[152.696516,-30.224475],[152.696596,-30.224464],[152.69686,-30.224402],[152.696933,-30.224374],[152.697145,-30.224237],[152.697343,-30.224129],[152.697423,-30.224072],[152.697522,-30.22394],[152.697569,-30.223849],[152.697642,-30.223769],[152.697749,-30.223606],[152.697773,-30.223519],[152.697823,-30.223335],[152.697772,-30.223297],[152.697669,-30.223084],[152.697336,-30.222785],[152.696969,-30.222249],[152.696535,-30.221586],[152.69622,-30.221353],[152.695741,-30.221176],[152.695523,-30.221118],[152.695358,-30.22106],[152.69522,-30.220939],[152.695095,-30.220824],[152.694971,-30.220697],[152.694899,-30.220559],[152.694834,-30.220387],[152.694729,-30.220226],[152.694637,-30.220117],[152.694532,-30.220036],[152.694466,-30.21995],[152.69442,-30.21987],[152.694401,-30.219829],[152.694388,-30.219766],[152.694329,-30.219629],[152.694237,-30.219554],[152.694105,-30.219456],[152.693987,-30.219381],[152.693724,-30.219173],[152.693612,-30.219052],[152.693455,-30.218863],[152.693396,-30.218782],[152.693351,-30.218616],[152.693299,-30.218461],[152.69322,-30.218294],[152.693188,-30.218156],[152.693175,-30.218036],[152.693169,-30.217944],[152.693176,-30.217881],[152.693203,-30.217778],[152.693243,-30.217664],[152.693332,-30.217486],[152.69348,-30.217394],[152.69383,-30.217181],[152.693991,-30.217026],[152.694109,-30.216896],[152.694139,-30.216631],[152.694068,-30.216372],[152.694049,-30.216263],[152.693937,-30.216056],[152.69376,-30.215809],[152.693741,-30.215763],[152.693741,-30.215712],[152.693735,-30.21562],[152.693788,-30.215488],[152.693875,-30.215397],[152.693994,-30.215289],[152.69412,-30.215215],[152.694219,-30.215106],[152.694319,-30.215049],[152.694398,-30.214946],[152.694432,-30.214878],[152.694432,-30.214826],[152.694439,-30.214775],[152.69442,-30.214643],[152.694269,-30.214361],[152.694184,-30.214218],[152.693954,-30.213976],[152.693856,-30.213832],[152.693765,-30.213614],[152.693556,-30.21308],[152.693524,-30.212914],[152.693524,-30.212816],[152.693545,-30.212736],[152.693538,-30.212633],[152.693606,-30.212375],[152.693659,-30.212204],[152.693766,-30.211883],[152.693801,-30.211625],[152.693888,-30.211379],[152.693955,-30.211213],[152.693988,-30.211122],[152.694074,-30.21099],[152.694121,-30.210859],[152.694188,-30.210779],[152.694374,-30.210533],[152.694487,-30.210333],[152.6946,-30.21015],[152.694719,-30.210024],[152.694786,-30.209973],[152.694852,-30.209951],[152.694937,-30.209968],[152.695043,-30.209957],[152.695215,-30.209958],[152.695314,-30.209964],[152.695479,-30.209925],[152.695677,-30.209839],[152.695836,-30.209783],[152.695988,-30.209715],[152.696193,-30.209629],[152.696491,-30.209522],[152.696649,-30.209523],[152.696781,-30.209512],[152.696919,-30.209529],[152.697196,-30.209582],[152.69744,-30.209606],[152.697546,-30.209629],[152.697784,-30.209625],[152.698001,-30.209614],[152.698213,-30.209581],[152.698417,-30.209559],[152.698543,-30.209536],[152.698715,-30.209514],[152.698847,-30.209503],[152.699045,-30.209504],[152.699177,-30.209499],[152.699282,-30.209499],[152.699454,-30.20946],[152.699804,-30.209421],[152.699923,-30.209399],[152.700002,-30.209393],[152.700319,-30.209423],[152.700424,-30.209452],[152.70055,-30.209424],[152.700682,-30.209367],[152.700728,-30.209322],[152.700828,-30.209248],[152.700901,-30.209231],[152.700953,-30.209208],[152.701119,-30.20914],[152.701324,-30.209084],[152.701436,-30.209044],[152.701535,-30.208999],[152.701641,-30.208919],[152.701761,-30.208793],[152.70184,-30.208736],[152.701946,-30.208679],[152.702085,-30.208645],[152.702256,-30.208623],[152.702375,-30.208601],[152.702415,-30.208607],[152.702723,-30.208546],[152.703347,-30.208258],[152.703904,-30.207941],[152.704146,-30.207872],[152.704181,-30.207829],[152.704465,-30.207698],[152.704843,-30.207567],[152.705433,-30.207382],[152.705889,-30.207145],[152.706121,-30.206911],[152.706488,-30.206417],[152.706873,-30.206125],[152.706955,-30.206001],[152.706989,-30.205817],[152.707062,-30.205634],[152.707049,-30.2056],[152.707092,-30.205441],[152.707282,-30.204977],[152.70743,-30.204586],[152.707451,-30.204421],[152.707451,-30.204245],[152.70732,-30.20416],[152.707156,-30.204087],[152.707101,-30.204025],[152.707044,-30.203938],[152.707044,-30.203846],[152.707111,-30.203606],[152.707145,-30.20352],[152.707092,-30.203428],[152.707067,-30.203273],[152.707041,-30.203175],[152.706982,-30.203101],[152.706923,-30.20306],[152.70686,-30.203033],[152.706751,-30.203002],[152.706547,-30.202967],[152.706369,-30.202989],[152.70617,-30.203006],[152.70588,-30.203079],[152.705681,-30.203141],[152.705437,-30.203203],[152.705245,-30.203243],[152.705146,-30.203248],[152.70513,-30.203286],[152.704922,-30.203281],[152.704783,-30.203304],[152.704658,-30.203286],[152.704473,-30.203251],[152.704032,-30.203129],[152.703643,-30.203012],[152.703208,-30.202862],[152.702846,-30.202751],[152.702589,-30.202658],[152.702326,-30.202497],[152.702069,-30.202324],[152.701773,-30.202116],[152.70151,-30.201903],[152.701267,-30.20173],[152.701056,-30.201552],[152.700721,-30.201338],[152.70055,-30.201246],[152.700339,-30.20117],[152.700089,-30.201066],[152.699904,-30.200979],[152.699733,-30.200893],[152.699562,-30.200783],[152.699418,-30.200668],[152.699332,-30.200581],[152.699089,-30.200426],[152.698852,-30.200316],[152.698602,-30.200212],[152.698398,-30.200039],[152.698142,-30.199797],[152.697912,-30.199573],[152.697721,-30.199348],[152.697558,-30.199147],[152.697433,-30.199003],[152.696911,-30.198524],[152.696473,-30.198143],[152.69638,-30.197916],[152.696337,-30.197789],[152.696153,-30.197479],[152.696062,-30.197284],[152.695905,-30.197019],[152.695695,-30.196709],[152.695499,-30.196439],[152.695374,-30.196203],[152.695316,-30.196008],[152.695277,-30.195893],[152.695205,-30.195733],[152.695015,-30.195466],[152.694868,-30.195276],[152.69475,-30.194994],[152.69464,-30.194534],[152.694649,-30.194233],[152.694653,-30.194011],[152.694574,-30.19385],[152.694476,-30.193701],[152.694437,-30.193574],[152.694405,-30.193397],[152.694412,-30.193316],[152.694446,-30.193167],[152.694433,-30.193059],[152.694394,-30.192944],[152.694381,-30.192915],[152.694315,-30.192823],[152.69429,-30.19268],[152.69427,-30.192617],[152.694228,-30.192306],[152.694084,-30.191504],[152.693986,-30.191372],[152.693835,-30.191239],[152.693737,-30.19113],[152.693651,-30.19098],[152.693608,-30.190819],[152.693554,-30.190745],[152.693495,-30.190619],[152.693469,-30.190475],[152.693411,-30.190049],[152.693369,-30.189684],[152.693234,-30.189348],[152.692987,-30.189015],[152.750763,-30.196616],[152.750806,-30.196515],[152.750793,-30.196349],[152.75082,-30.196108],[152.750827,-30.195948],[152.750861,-30.195828],[152.750941,-30.195639],[152.750994,-30.195473],[152.751068,-30.195261],[152.751055,-30.195089],[152.751085,-30.194982],[152.751145,-30.194883],[152.751202,-30.194739],[152.751231,-30.194656],[152.751242,-30.194546],[152.751246,-30.194467],[152.751213,-30.194041],[152.751185,-30.193741],[152.751104,-30.193499],[152.751085,-30.193411],[152.751022,-30.193249],[152.750983,-30.193048],[152.750958,-30.192813],[152.750919,-30.192624],[152.750814,-30.1924],[152.750676,-30.192176],[152.750518,-30.192032],[152.750472,-30.191957],[152.75046,-30.191854],[152.750336,-30.191453],[152.750264,-30.191194],[152.750205,-30.190971],[152.750167,-30.190695],[152.750102,-30.190374],[152.750011,-30.190087],[152.749945,-30.189864],[152.749986,-30.189715],[152.74998,-30.189497],[152.750014,-30.189216],[152.750048,-30.188975],[152.750115,-30.188706],[152.750221,-30.188437],[152.750334,-30.188174],[152.750447,-30.188088],[152.7506,-30.187883],[152.750778,-30.187774],[152.750957,-30.187706],[152.751085,-30.187609],[152.751178,-30.187534],[152.75135,-30.187441],[152.751416,-30.187417],[152.75158,-30.187325],[152.751651,-30.187269],[152.751788,-30.187231],[152.751846,-30.187193],[152.751918,-30.187167],[152.752094,-30.187116],[152.752298,-30.18709],[152.75241,-30.187102],[152.752856,-30.187302],[152.753015,-30.187351],[152.753041,-30.187363],[152.753193,-30.18738],[152.753271,-30.187356],[152.753579,-30.18725],[152.753782,-30.187212],[152.753932,-30.187168],[152.754076,-30.187148],[152.75415,-30.187186],[152.754241,-30.187179],[152.754345,-30.187129],[152.754403,-30.187084],[152.754454,-30.187015],[152.75453,-30.186879],[152.754562,-30.186831],[152.754647,-30.186772],[152.754817,-30.186702],[152.754869,-30.186691],[152.754929,-30.186696],[152.755034,-30.186685],[152.755079,-30.186667],[152.755105,-30.186604],[152.755151,-30.186547],[152.75515,-30.186473],[152.755156,-30.186438],[152.755149,-30.18637],[152.755135,-30.186284],[152.755101,-30.186215],[152.755087,-30.186146],[152.755106,-30.185998],[152.755105,-30.18594],[152.755138,-30.185895],[152.755203,-30.185826],[152.755307,-30.185746],[152.755536,-30.185665],[152.755608,-30.185579],[152.7556,-30.185448],[152.755539,-30.185351],[152.75538,-30.185266],[152.755248,-30.185186],[152.755128,-30.185124],[152.755088,-30.185107],[152.755009,-30.185096],[152.754871,-30.185136],[152.754786,-30.185148],[152.754648,-30.185154],[152.754536,-30.185165],[152.754483,-30.185165],[152.754397,-30.185154],[152.754324,-30.185126],[152.754198,-30.185018],[152.754142,-30.184825],[152.754135,-30.184768],[152.754134,-30.184683],[152.754177,-30.184502],[152.754201,-30.184354],[152.754232,-30.18423],[152.754244,-30.1841],[152.754208,-30.183936],[152.754176,-30.183563],[152.754234,-30.183411],[152.754291,-30.183247],[152.754321,-30.183095],[152.754366,-30.18296],[152.754502,-30.182841],[152.754632,-30.1827],[152.754743,-30.182593],[152.754878,-30.182373],[152.754903,-30.182254],[152.75496,-30.182063],[152.754997,-30.18186],[152.75499,-30.181764],[152.754975,-30.181629],[152.754947,-30.181511],[152.754959,-30.181399],[152.754958,-30.18132],[152.754944,-30.181224],[152.754989,-30.181105],[152.755054,-30.181014],[152.7551,-30.180986],[152.755126,-30.180963],[152.755172,-30.18094],[152.755205,-30.180906],[152.755184,-30.18081],[152.755184,-30.180789],[152.757069,-30.181034],[152.757284,-30.181061],[152.767936,-30.182442],[152.767521,-30.184706],[152.779687,-30.186354],[152.779869,-30.186378],[152.781519,-30.186601],[152.803453,-30.189567],[152.803361,-30.189886],[152.803251,-30.190317],[152.803289,-30.190504],[152.803143,-30.190741],[152.802998,-30.190904],[152.802621,-30.191121],[152.801931,-30.191367],[152.801451,-30.191567],[152.801383,-30.191612],[152.80126,-30.191721],[152.801229,-30.191816],[152.801268,-30.191977],[152.801345,-30.192125],[152.801505,-30.19218],[152.801648,-30.192393],[152.801795,-30.192531],[152.802008,-30.192665],[152.80228,-30.192909],[152.802481,-30.193017],[152.802786,-30.193138],[152.802978,-30.193157],[152.803251,-30.193179],[152.803903,-30.193169],[152.804891,-30.192935],[152.805562,-30.192826],[152.806037,-30.192789],[152.806353,-30.192805],[152.806573,-30.192864],[152.806886,-30.193013],[152.807121,-30.193203],[152.807388,-30.193541],[152.807643,-30.193846],[152.80853,-30.19488],[152.808751,-30.195178],[152.808724,-30.195325],[152.808406,-30.195365],[152.808336,-30.195481],[152.807996,-30.195691],[152.807748,-30.196068],[152.807667,-30.196329],[152.807536,-30.196559],[152.807544,-30.196786],[152.807648,-30.197139],[152.807873,-30.197595],[152.807993,-30.19792],[152.808051,-30.198207],[152.808106,-30.198441],[152.808271,-30.198636],[152.80847,-30.198888],[152.808584,-30.199126],[152.808709,-30.199656],[152.808957,-30.200238],[152.809171,-30.20043],[152.809214,-30.200519],[152.80927,-30.200639],[152.809479,-30.200767],[152.809741,-30.200856],[152.810081,-30.200908],[152.810397,-30.200924],[152.810849,-30.201022],[152.811246,-30.201126],[152.811721,-30.201233],[152.812037,-30.201357],[152.812423,-30.201576],[152.812902,-30.201838],[152.81328,-30.202084],[152.813458,-30.202197],[152.813695,-30.202416],[152.813789,-30.202657],[152.813814,-30.202777],[152.813792,-30.202943],[152.813744,-30.203109],[152.81369,-30.203206],[152.813669,-30.20332],[152.813648,-30.203406],[152.813632,-30.20363],[152.813664,-30.203733],[152.813669,-30.203848],[152.813727,-30.203957],[152.81391,-30.204731],[152.814157,-30.205001],[152.814462,-30.205273],[152.814887,-30.205483],[152.815134,-30.205552],[152.815806,-30.205836],[152.816385,-30.206087],[152.81665,-30.206251],[152.816972,-30.206537],[152.817555,-30.20687],[152.817737,-30.207105],[152.81781,-30.207331],[152.817791,-30.207568],[152.817782,-30.207887],[152.817677,-30.208026],[152.817369,-30.208363],[152.816942,-30.20889],[152.816728,-30.209186],[152.816725,-30.209394],[152.816726,-30.209566],[152.816796,-30.209773],[152.816936,-30.210026],[152.817222,-30.210426],[152.817257,-30.210549],[152.817369,-30.210996],[152.81727,-30.211604],[152.817155,-30.211933],[152.817125,-30.212226],[152.817183,-30.212443],[152.817453,-30.212804],[152.817523,-30.213042],[152.817378,-30.213186],[152.817367,-30.213273],[152.817443,-30.213354],[152.817606,-30.213377],[152.817933,-30.213326],[152.818266,-30.213268],[152.818625,-30.213257],[152.819092,-30.213158],[152.819492,-30.213229],[152.820037,-30.213167],[152.820459,-30.213062],[152.820737,-30.21295],[152.82096,-30.212804],[152.821194,-30.212678],[152.821369,-30.212617],[152.82156,-30.212579],[152.821779,-30.212582],[152.822002,-30.212613],[152.822305,-30.21271],[152.822938,-30.21296],[152.823562,-30.213233],[152.824295,-30.213522],[152.825023,-30.213559],[152.82576,-30.213491],[152.826365,-30.213467],[152.826854,-30.21349],[152.827272,-30.213621],[152.827551,-30.213745],[152.827687,-30.213904],[152.827751,-30.214181],[152.827787,-30.214483],[152.827835,-30.214686],[152.827892,-30.214887],[152.828091,-30.215036],[152.828463,-30.215102],[152.829022,-30.215193],[152.829556,-30.215226],[152.829973,-30.21533],[152.830738,-30.215481],[152.831116,-30.215516],[152.831375,-30.215633],[152.831623,-30.215899],[152.831702,-30.216116],[152.831922,-30.216305],[152.832216,-30.216502],[152.832543,-30.216746],[152.832858,-30.216961],[152.832938,-30.217101],[152.832992,-30.217269],[152.832923,-30.217586],[152.832927,-30.217963],[152.832951,-30.21813],[152.833003,-30.218265],[152.833083,-30.21838],[152.833223,-30.218535],[152.833558,-30.218709],[152.833661,-30.219021],[152.833629,-30.219236],[152.833505,-30.21938],[152.833402,-30.219501],[152.833197,-30.21973],[152.83308,-30.219782],[152.832781,-30.21998],[152.832592,-30.219958],[152.832337,-30.219827],[152.832067,-30.219673],[152.831677,-30.21956],[152.831515,-30.219594],[152.83117,-30.220028],[152.8309,-30.220405],[152.830544,-30.220727],[152.830398,-30.220911],[152.829984,-30.221034],[152.829574,-30.221164],[152.829433,-30.22127],[152.82937,-30.221365],[152.829342,-30.22148],[152.829354,-30.221666],[152.82943,-30.221866],[152.82954,-30.222078],[152.844124,-30.217644],[152.846695,-30.216864],[152.846893,-30.216793],[152.865124,-30.211227],[152.8683,-30.210257],[152.868435,-30.210215],[152.868456,-30.210253],[152.868475,-30.21029],[152.868492,-30.210328],[152.868502,-30.210367],[152.868507,-30.210404],[152.868509,-30.210443],[152.868507,-30.210481],[152.868501,-30.210519],[152.868492,-30.210555],[152.868474,-30.210595],[152.868449,-30.210634],[152.868419,-30.210671],[152.868387,-30.210706],[152.86832,-30.210775],[152.868244,-30.210842],[152.868203,-30.210872],[152.868162,-30.2109],[152.868097,-30.210949],[152.867984,-30.211039],[152.867948,-30.211076],[152.867887,-30.211072],[152.867831,-30.211103],[152.86776,-30.211212],[152.867774,-30.211371],[152.867791,-30.211419],[152.867798,-30.211447],[152.867806,-30.211472],[152.867826,-30.211521],[152.867904,-30.211612],[152.868029,-30.211682],[152.868173,-30.211744],[152.868312,-30.211813],[152.868418,-30.211903],[152.86845,-30.211946],[152.868479,-30.21199],[152.868506,-30.212036],[152.868531,-30.212084],[152.868552,-30.212132],[152.86858,-30.212235],[152.86859,-30.212344],[152.86859,-30.212458],[152.868587,-30.212573],[152.86859,-30.212686],[152.868594,-30.212772],[152.868595,-30.212859],[152.868598,-30.212946],[152.868605,-30.213031],[152.868619,-30.213116],[152.868636,-30.213187],[152.868657,-30.213257],[152.868681,-30.213327],[152.86871,-30.213395],[152.868743,-30.213459],[152.868793,-30.21353],[152.868853,-30.213595],[152.868917,-30.213658],[152.868978,-30.213723],[152.869029,-30.213794],[152.869086,-30.213946],[152.869109,-30.21412],[152.869121,-30.2143],[152.869143,-30.214472],[152.869201,-30.214624],[152.869253,-30.214699],[152.869312,-30.214769],[152.869507,-30.214968],[152.869701,-30.215185],[152.869799,-30.215291],[152.869903,-30.215392],[152.870013,-30.215484],[152.870135,-30.215562],[152.870267,-30.215629],[152.870402,-30.21569],[152.870535,-30.215754],[152.870662,-30.215828],[152.870733,-30.215876],[152.870803,-30.215926],[152.870872,-30.215978],[152.871006,-30.216085],[152.871102,-30.216166],[152.871197,-30.216249],[152.87129,-30.216335],[152.871379,-30.216423],[152.871465,-30.216515],[152.871532,-30.216593],[152.871598,-30.216673],[152.871661,-30.216756],[152.871722,-30.21684],[152.87178,-30.216926],[152.871843,-30.217026],[152.871905,-30.217128],[152.871962,-30.217233],[152.87201,-30.217341],[152.872047,-30.217451],[152.872067,-30.217553],[152.872077,-30.217657],[152.87208,-30.217764],[152.872081,-30.21787],[152.872087,-30.218049],[152.872088,-30.218196],[152.872092,-30.218265],[152.872104,-30.218339],[152.872176,-30.218488],[152.872299,-30.218624],[152.872446,-30.218755],[152.87259,-30.218889],[152.872706,-30.219036],[152.87277,-30.219154],[152.872827,-30.219277],[152.872878,-30.219403],[152.872973,-30.219657],[152.872988,-30.219701],[152.873014,-30.219792],[152.873029,-30.219836],[152.87305,-30.219877],[152.87308,-30.219918],[152.873116,-30.219956],[152.873155,-30.219993],[152.873195,-30.220029],[152.873263,-30.220104],[152.873325,-30.220178],[152.873352,-30.220217],[152.873374,-30.220258],[152.873383,-30.220285],[152.873403,-30.220366],[152.873412,-30.220392],[152.873434,-30.220431],[152.87346,-30.220468],[152.873489,-30.220503],[152.873522,-30.220535],[152.873556,-30.220564],[152.873621,-30.220601],[152.873697,-30.220623],[152.87386,-30.220655],[152.873938,-30.220679],[152.873999,-30.220703],[152.87406,-30.220729],[152.87412,-30.220757],[152.874178,-30.220788],[152.874234,-30.220822],[152.874315,-30.220886],[152.874388,-30.220961],[152.874458,-30.221042],[152.874526,-30.221124],[152.874656,-30.221271],[152.874774,-30.221407],[152.874836,-30.221471],[152.874902,-30.221529],[152.874946,-30.22156],[152.874991,-30.22159],[152.875131,-30.221672],[152.875208,-30.221712],[152.875446,-30.221822],[152.875523,-30.221863],[152.875633,-30.221927],[152.875687,-30.221961],[152.875739,-30.221997],[152.87579,-30.222035],[152.875855,-30.22209],[152.875917,-30.222151],[152.875977,-30.222214],[152.876036,-30.222278],[152.876096,-30.22234],[152.876195,-30.22245],[152.87623,-30.222483],[152.876268,-30.222512],[152.876301,-30.222532],[152.876337,-30.22255],[152.876374,-30.222565],[152.876411,-30.222578],[152.876449,-30.222589],[152.876556,-30.222591],[152.876671,-30.22256],[152.876791,-30.222512],[152.876912,-30.222462],[152.877032,-30.222426],[152.877204,-30.222391],[152.87729,-30.222376],[152.877376,-30.222368],[152.877461,-30.222369],[152.877532,-30.222375],[152.877606,-30.222383],[152.877678,-30.222398],[152.877743,-30.22242],[152.877795,-30.222455],[152.877827,-30.222492],[152.877852,-30.222536],[152.877872,-30.222585],[152.87791,-30.222684],[152.877936,-30.222758],[152.877973,-30.222912],[152.877997,-30.222984],[152.878034,-30.223047],[152.878069,-30.223086],[152.878109,-30.223123],[152.878152,-30.223156],[152.878198,-30.223185],[152.878244,-30.223209],[152.878277,-30.223223],[152.878311,-30.223234],[152.878346,-30.223243],[152.878416,-30.223257],[152.878465,-30.223264],[152.878565,-30.223269],[152.878665,-30.223266],[152.878766,-30.223257],[152.878868,-30.223239],[152.878969,-30.223215],[152.879171,-30.223161],[152.879263,-30.223138],[152.879447,-30.223086],[152.879629,-30.223028],[152.879794,-30.222967],[152.879956,-30.222898],[152.880278,-30.222753],[152.880566,-30.222632],[152.880817,-30.22253],[152.880943,-30.222481],[152.881071,-30.222436],[152.881212,-30.222388],[152.881354,-30.222342],[152.881498,-30.2223],[152.881642,-30.222263],[152.881787,-30.222235],[152.881859,-30.222224],[152.881932,-30.222214],[152.882005,-30.222205],[152.882077,-30.222199],[152.88215,-30.222197],[152.882219,-30.222197],[152.882289,-30.222199],[152.882358,-30.222204],[152.882427,-30.222212],[152.882494,-30.222226],[152.882565,-30.222246],[152.882635,-30.222272],[152.882703,-30.222302],[152.882771,-30.222335],[152.882838,-30.222369],[152.882972,-30.222451],[152.883098,-30.222547],[152.883342,-30.222756],[152.883468,-30.222856],[152.883718,-30.223045],[152.883845,-30.223138],[152.883974,-30.223226],[152.884108,-30.223305],[152.884181,-30.223341],[152.884333,-30.223405],[152.884408,-30.223438],[152.88448,-30.223477],[152.884591,-30.223546],[152.884701,-30.223622],[152.884805,-30.223705],[152.884899,-30.223797],[152.884977,-30.223897],[152.88502,-30.223962],[152.885065,-30.224032],[152.885103,-30.224103],[152.885128,-30.224172],[152.885129,-30.224236],[152.885118,-30.224274],[152.8851,-30.224312],[152.885076,-30.224349],[152.885051,-30.224384],[152.885024,-30.224417],[152.884988,-30.224458],[152.884948,-30.224497],[152.88486,-30.224566],[152.884814,-30.224599],[152.88475,-30.224642],[152.884683,-30.224682],[152.884614,-30.224719],[152.884543,-30.224751],[152.884471,-30.22478],[152.884422,-30.224797],[152.884373,-30.224812],[152.884323,-30.224826],[152.884273,-30.224837],[152.884222,-30.224847],[152.884123,-30.224863],[152.884072,-30.224868],[152.884023,-30.22487],[152.883974,-30.224866],[152.883927,-30.224857],[152.883879,-30.224843],[152.883833,-30.224825],[152.883788,-30.224804],[152.883745,-30.22478],[152.883687,-30.224743],[152.88366,-30.224722],[152.883634,-30.224699],[152.883611,-30.224675],[152.883587,-30.224592],[152.883604,-30.224478],[152.883637,-30.224349],[152.883663,-30.224219],[152.883659,-30.224102],[152.883638,-30.224015],[152.883625,-30.223973],[152.883607,-30.223936],[152.883582,-30.223911],[152.883566,-30.223902],[152.883546,-30.223895],[152.883527,-30.22389],[152.883443,-30.223874],[152.883397,-30.223869],[152.883351,-30.223867],[152.883307,-30.223871],[152.883267,-30.223882],[152.883226,-30.223909],[152.883189,-30.223948],[152.883156,-30.223994],[152.883095,-30.224092],[152.88305,-30.224166],[152.88303,-30.224204],[152.883013,-30.224244],[152.883,-30.224283],[152.882993,-30.224362],[152.883005,-30.224446],[152.88303,-30.224533],[152.883059,-30.224619],[152.883086,-30.224704],[152.883111,-30.224786],[152.883139,-30.224867],[152.883169,-30.224948],[152.883202,-30.225027],[152.883255,-30.225138],[152.883302,-30.225231],[152.883337,-30.225292],[152.883375,-30.22535],[152.88342,-30.225401],[152.883468,-30.22544],[152.883521,-30.225472],[152.883633,-30.225532],[152.883688,-30.225563],[152.883737,-30.225597],[152.883834,-30.225667],[152.883883,-30.225699],[152.883936,-30.225725],[152.883978,-30.225742],[152.884022,-30.225757],[152.884066,-30.225769],[152.884111,-30.225778],[152.884156,-30.225783],[152.884216,-30.225779],[152.884277,-30.225764],[152.884399,-30.225727],[152.884461,-30.225716],[152.884529,-30.225713],[152.884598,-30.225715],[152.884667,-30.22572],[152.884805,-30.225735],[152.88496,-30.225755],[152.885117,-30.225781],[152.885271,-30.225816],[152.88542,-30.225863],[152.885559,-30.225926],[152.885647,-30.225974],[152.88569,-30.226],[152.885731,-30.226029],[152.885769,-30.22606],[152.885805,-30.226102],[152.885837,-30.226153],[152.885867,-30.226204],[152.885898,-30.226243],[152.885931,-30.22626],[152.885964,-30.226257],[152.885997,-30.226245],[152.886031,-30.226227],[152.886064,-30.226206],[152.886094,-30.226184],[152.886145,-30.226126],[152.886181,-30.226049],[152.886211,-30.225963],[152.886243,-30.225877],[152.886285,-30.225802],[152.886327,-30.225744],[152.886372,-30.225684],[152.88642,-30.225628],[152.886471,-30.225585],[152.886524,-30.225563],[152.88656,-30.225559],[152.8866,-30.22556],[152.886639,-30.225565],[152.886675,-30.225576],[152.886705,-30.225592],[152.88673,-30.225616],[152.886749,-30.225648],[152.886764,-30.225682],[152.886779,-30.225722],[152.886791,-30.225759],[152.886803,-30.225801],[152.88681,-30.225845],[152.886821,-30.225935],[152.886829,-30.225978],[152.886849,-30.226052],[152.88686,-30.226089],[152.886873,-30.226125],[152.886887,-30.22616],[152.886923,-30.226236],[152.886965,-30.226313],[152.887015,-30.226385],[152.887072,-30.226447],[152.887135,-30.226494],[152.887174,-30.226514],[152.887215,-30.22653],[152.887258,-30.226543],[152.887302,-30.226553],[152.887345,-30.226561],[152.887373,-30.226565],[152.887402,-30.226568],[152.887488,-30.226571],[152.8876,-30.226559],[152.887713,-30.22653],[152.887825,-30.226492],[152.887938,-30.226455],[152.888052,-30.226427],[152.888144,-30.226412],[152.888238,-30.226398],[152.888332,-30.226387],[152.888426,-30.22638],[152.88852,-30.22638],[152.888594,-30.226383],[152.888669,-30.22639],[152.888744,-30.2264],[152.888818,-30.226413],[152.888892,-30.226427],[152.888989,-30.226448],[152.889086,-30.226472],[152.889182,-30.226501],[152.889274,-30.226536],[152.88936,-30.22658],[152.889417,-30.226615],[152.889474,-30.226653],[152.889528,-30.226694],[152.889577,-30.22674],[152.889618,-30.22679],[152.88965,-30.226848],[152.889674,-30.226911],[152.889693,-30.226979],[152.889709,-30.227047],[152.889723,-30.227115],[152.889729,-30.227177],[152.889729,-30.227243],[152.88973,-30.227308],[152.889738,-30.227365],[152.889761,-30.227411],[152.889784,-30.227434],[152.889812,-30.227455],[152.889841,-30.227473],[152.889873,-30.227487],[152.889904,-30.227497],[152.889932,-30.227501],[152.889961,-30.227501],[152.890019,-30.227494],[152.890047,-30.227487],[152.890097,-30.227469],[152.890145,-30.227442],[152.890191,-30.227409],[152.890235,-30.227372],[152.890277,-30.227334],[152.890329,-30.227277],[152.890375,-30.227212],[152.890416,-30.227143],[152.890459,-30.227074],[152.890506,-30.22701],[152.890551,-30.226956],[152.890597,-30.226903],[152.890695,-30.226801],[152.890744,-30.226752],[152.89084,-30.226665],[152.890941,-30.226584],[152.891149,-30.226427],[152.89125,-30.226346],[152.891361,-30.226254],[152.89147,-30.226161],[152.891758,-30.225911],[152.8919,-30.225932],[152.892751,-30.226056],[152.892806,-30.226063],[152.902994,-30.227418],[152.911059,-30.228489],[152.912862,-30.227186],[152.912878,-30.227173],[152.912891,-30.227164],[152.913448,-30.226964],[152.913712,-30.226931],[152.915033,-30.226862],[152.917309,-30.227598],[152.917853,-30.227909],[152.918397,-30.228074],[152.918727,-30.228277],[152.919519,-30.22832],[152.920609,-30.227956],[152.920632,-30.227931],[152.920687,-30.22797],[152.920778,-30.228094],[152.920826,-30.228079],[152.920867,-30.228072],[152.921385,-30.228237],[152.921782,-30.228054],[152.921815,-30.227659],[152.922411,-30.226813],[152.922791,-30.226658],[152.923583,-30.226856],[152.924458,-30.226815],[152.925943,-30.227296],[152.926405,-30.227282],[152.926719,-30.22693],[152.927164,-30.227255],[152.92761,-30.227199],[152.927709,-30.227086],[152.927924,-30.227114],[152.928189,-30.226804],[152.928091,-30.22631],[152.928174,-30.226155],[152.928455,-30.226254],[152.928669,-30.226254],[152.928901,-30.226085],[152.928902,-30.225464],[152.929185,-30.224759],[152.929234,-30.224759],[152.929431,-30.225281],[152.929991,-30.225536],[152.930871,-30.223942],[152.930973,-30.222714],[152.931865,-30.222362],[152.93263,-30.22159],[152.932759,-30.22146],[152.933287,-30.221305],[152.934063,-30.221292],[152.935977,-30.221745],[152.936523,-30.221835],[152.936759,-30.221875],[152.936967,-30.221746],[152.937992,-30.221182],[152.937894,-30.220858],[152.937284,-30.220632],[152.936955,-30.220292],[152.936856,-30.22001],[152.936857,-30.2197],[152.93699,-30.219192],[152.937008,-30.218641],[152.937223,-30.21843],[152.937818,-30.218247],[152.938051,-30.21757],[152.93782,-30.217372],[152.937755,-30.217076],[152.937788,-30.217033],[152.938068,-30.21709],[152.93825,-30.217245],[152.938398,-30.217514],[152.938843,-30.21774],[152.939437,-30.217515],[152.939932,-30.217614],[152.940395,-30.217417],[152.940988,-30.217493],[152.941022,-30.217316],[152.941755,-30.217356],[152.941836,-30.217347],[152.942035,-30.21729],[152.94225,-30.217186],[152.942349,-30.217135],[152.942493,-30.217064],[152.942868,-30.216923],[152.943095,-30.216864],[152.943325,-30.216818],[152.943782,-30.216743],[152.944047,-30.216725],[152.944447,-30.216756],[152.944603,-30.216774],[152.944773,-30.216797],[152.944886,-30.216808],[152.945225,-30.216782],[152.946491,-30.216382],[152.94671,-30.216325],[152.946882,-30.216333],[152.947007,-30.216358],[152.947322,-30.216443],[152.947447,-30.216497],[152.947584,-30.216552],[152.947684,-30.216578],[152.947873,-30.216611],[152.948051,-30.216629],[152.948298,-30.216667],[152.948433,-30.216741],[152.948569,-30.216873],[152.948638,-30.21698],[152.948739,-30.217246],[152.94879,-30.217368],[152.948951,-30.217686],[152.948964,-30.217708],[152.949125,-30.217886],[152.949209,-30.217954],[152.949296,-30.217997],[152.949423,-30.218037],[152.949692,-30.218074],[152.950832,-30.217758],[152.950932,-30.217718],[152.951002,-30.217677],[152.951076,-30.21763],[152.951164,-30.217564],[152.951354,-30.217337],[152.951802,-30.216281],[152.951885,-30.215853],[152.952089,-30.215871],[152.952152,-30.215507],[152.953124,-30.215917],[152.953981,-30.216538],[152.955105,-30.216003],[152.955418,-30.216059],[152.956025,-30.217837],[152.955329,-30.218769],[152.957261,-30.218643],[152.957822,-30.219136],[152.958331,-30.219547],[152.958643,-30.220323],[152.959187,-30.220902],[152.960278,-30.220268],[152.960871,-30.220537],[152.961497,-30.221073],[152.962835,-30.22082],[152.962836,-30.220834],[152.962754,-30.221178],[152.962888,-30.221215],[152.96301,-30.221329],[152.963054,-30.221412],[152.963089,-30.221525],[152.963135,-30.221707],[152.963173,-30.221817],[152.963228,-30.221873],[152.963319,-30.221893],[152.963464,-30.221899],[152.963622,-30.221899],[152.963866,-30.221905],[152.964363,-30.221959],[152.964579,-30.221996],[152.964754,-30.222051],[152.96492,-30.222112],[152.96506,-30.222179],[152.965216,-30.22227],[152.965404,-30.222349],[152.965574,-30.222435],[152.965699,-30.222484],[152.965863,-30.22254],[152.965991,-30.222571],[152.966118,-30.222588],[152.966518,-30.222611],[152.966701,-30.222606],[152.966931,-30.222584],[152.967137,-30.222551],[152.967311,-30.222518],[152.967874,-30.222383],[152.968913,-30.222084],[152.969135,-30.221856],[152.969325,-30.221734],[152.969571,-30.221527],[152.969673,-30.221439],[152.969754,-30.221353],[152.969828,-30.221265],[152.969907,-30.22119],[152.970013,-30.221087],[152.970221,-30.22097],[152.970422,-30.220963],[152.970593,-30.221018],[152.970774,-30.2211],[152.970933,-30.22112],[152.971081,-30.221132],[152.971259,-30.221127],[152.971437,-30.221101],[152.971641,-30.221044],[152.971769,-30.220972],[152.971888,-30.220849],[152.971971,-30.220744],[152.972187,-30.22045],[152.972469,-30.220016],[152.97262,-30.219862],[152.972787,-30.21973],[152.972981,-30.219646],[152.973224,-30.219587],[152.973439,-30.219542],[152.973634,-30.219484],[152.973783,-30.219402],[152.973904,-30.219314],[152.974013,-30.219237],[152.974158,-30.219148],[152.974294,-30.219074],[152.97446,-30.219016],[152.974649,-30.218991],[152.974797,-30.218986],[152.975198,-30.218959],[152.975337,-30.218933],[152.975436,-30.218903],[152.97552,-30.218864],[152.975616,-30.218802],[152.975682,-30.218734],[152.975725,-30.218661],[152.975791,-30.218564],[152.975847,-30.218468],[152.975902,-30.218353],[152.975924,-30.218258],[152.975919,-30.218165],[152.975882,-30.218054],[152.975814,-30.217979],[152.975538,-30.217841],[152.975445,-30.217796],[152.975405,-30.217772],[152.975218,-30.217641],[152.975148,-30.217558],[152.975086,-30.217443],[152.975055,-30.217349],[152.975056,-30.217215],[152.975063,-30.21707],[152.975076,-30.216954],[152.97504,-30.216782],[152.974943,-30.216492],[152.974895,-30.216318],[152.97488,-30.21619],[152.974913,-30.216036],[152.975031,-30.215858],[152.975211,-30.215738],[152.975387,-30.215702],[152.975602,-30.215714],[152.976355,-30.215598],[152.97674,-30.215488],[152.977174,-30.215321],[152.977386,-30.215221],[152.977574,-30.21512],[152.977813,-30.214981],[152.978104,-30.214781],[152.978231,-30.214708],[152.978364,-30.214644],[152.978584,-30.21459],[152.978788,-30.214833],[152.978803,-30.214976],[152.978807,-30.214993],[152.978849,-30.215145],[152.978937,-30.215258],[152.978982,-30.215308],[152.979066,-30.215435],[152.979071,-30.215449],[152.979073,-30.215462],[152.979072,-30.215626],[152.979069,-30.215659],[152.979066,-30.21569],[152.978979,-30.216338],[152.979013,-30.216529],[152.979054,-30.216596],[152.979063,-30.216602],[152.979133,-30.216596],[152.979317,-30.216536],[152.979443,-30.216506],[152.979792,-30.216442],[152.980148,-30.216391],[152.980289,-30.216379],[152.980475,-30.216379],[152.98063,-30.216405],[152.980785,-30.216455],[152.980864,-30.216507],[152.980952,-30.216679],[152.980951,-30.216792],[152.980952,-30.216798],[152.980959,-30.216891],[152.980969,-30.217034],[152.981,-30.217126],[152.981024,-30.21715],[152.98111,-30.21719],[152.981161,-30.217203],[152.981317,-30.21723],[152.981367,-30.217235],[152.981404,-30.217231],[152.981434,-30.217223],[152.981549,-30.217138],[152.982028,-30.216587],[152.982131,-30.216288],[152.982132,-30.2162],[152.982126,-30.216025],[152.981859,-30.21472],[152.981864,-30.214521],[152.981873,-30.214408],[152.981906,-30.214328],[152.981972,-30.214237],[152.982018,-30.214178],[152.982154,-30.214073],[152.982287,-30.213976],[152.982412,-30.213909],[152.982665,-30.213847],[152.982796,-30.213833],[152.982952,-30.213862],[152.983081,-30.213918],[152.983145,-30.213966],[152.983201,-30.214029],[152.983305,-30.214177],[152.983351,-30.214227],[152.983395,-30.214265],[152.983443,-30.214298],[152.983531,-30.214344],[152.98378,-30.214436],[152.984536,-30.214821],[152.985247,-30.214271],[152.985742,-30.21413],[152.986516,-30.215147],[152.987439,-30.215669],[152.987668,-30.215698],[152.987553,-30.216346],[152.985787,-30.21643],[152.983708,-30.216048],[152.983245,-30.216189],[152.983144,-30.21722],[152.983355,-30.218828],[152.984128,-30.22024],[152.985251,-30.220142],[152.985399,-30.220396],[152.985547,-30.220819],[152.986818,-30.220905],[152.987213,-30.221201],[152.987246,-30.221314],[152.986766,-30.221766],[152.986832,-30.221893],[152.987047,-30.221893],[152.98726,-30.222288],[152.98764,-30.222288],[152.988498,-30.222444],[152.989224,-30.222628],[152.989504,-30.222868],[152.989652,-30.223235],[152.990015,-30.223291],[152.990527,-30.223094],[152.990923,-30.223066],[152.991089,-30.222784],[152.990842,-30.222374],[152.991058,-30.222022],[152.992197,-30.221585],[152.992494,-30.221613],[152.992759,-30.221416],[152.993469,-30.221119],[152.99365,-30.221077],[152.993931,-30.221218],[152.994574,-30.221684],[152.995169,-30.221233],[152.995466,-30.221261],[152.996159,-30.221558],[152.996374,-30.221318],[152.997034,-30.221149],[152.997413,-30.221516],[152.998173,-30.221192],[152.99908,-30.221404],[152.99494,-30.24676],[153.000256,-30.24744],[153.002545,-30.247803],[153.004366,-30.248005],[153.007798,-30.24841],[153.010696,-30.248775],[153.009907,-30.253036],[153.009672,-30.254251],[153.010114,-30.254635],[153.01061,-30.256259],[153.011512,-30.256408],[153.011499,-30.256568],[153.011674,-30.257057],[153.011823,-30.257456],[153.011892,-30.257597],[153.011916,-30.257579],[153.011964,-30.257537],[153.012054,-30.257446],[153.012099,-30.257402],[153.012147,-30.25736],[153.012201,-30.257321],[153.012257,-30.257284],[153.012371,-30.257214],[153.012427,-30.257177],[153.012478,-30.25714],[153.012577,-30.25706],[153.012629,-30.257024],[153.012683,-30.256995],[153.012754,-30.256967],[153.012829,-30.256945],[153.012906,-30.256931],[153.012984,-30.256923],[153.01306,-30.256922],[153.013134,-30.256929],[153.013208,-30.256945],[153.013281,-30.256967],[153.013425,-30.257019],[153.013501,-30.25705],[153.013575,-30.257085],[153.013648,-30.257122],[153.01372,-30.257161],[153.013884,-30.257257],[153.013977,-30.257315],[153.014067,-30.257376],[153.014156,-30.257439],[153.014241,-30.257506],[153.014296,-30.257553],[153.014454,-30.257703],[153.014509,-30.25775],[153.014566,-30.257793],[153.014743,-30.257915],[153.014801,-30.257957],[153.01487,-30.258012],[153.015004,-30.258128],[153.015071,-30.258184],[153.015142,-30.258237],[153.015228,-30.258292],[153.015317,-30.258344],[153.015407,-30.258392],[153.015499,-30.258437],[153.015593,-30.25848],[153.015678,-30.258516],[153.015765,-30.258549],[153.015942,-30.25861],[153.016106,-30.258662],[153.016181,-30.258685],[153.016257,-30.258707],[153.016332,-30.258728],[153.016408,-30.258748],[153.0165,-30.258769],[153.016593,-30.258789],[153.016779,-30.258825],[153.016871,-30.258845],[153.016949,-30.258864],[153.017182,-30.258924],[153.017261,-30.258943],[153.017329,-30.258954],[153.0174,-30.258962],[153.017469,-30.258971],[153.017534,-30.258987],[153.017589,-30.259016],[153.017623,-30.259043],[153.017655,-30.259075],[153.017685,-30.25911],[153.017708,-30.259148],[153.017723,-30.259186],[153.017729,-30.259232],[153.017723,-30.259281],[153.01771,-30.259332],[153.017693,-30.259382],[153.017675,-30.25943],[153.017656,-30.259468],[153.017635,-30.259504],[153.017587,-30.259576],[153.017565,-30.259612],[153.01755,-30.259639],[153.017537,-30.259667],[153.017523,-30.259694],[153.017508,-30.259721],[153.017492,-30.259746],[153.017466,-30.25978],[153.017438,-30.259813],[153.017408,-30.259844],[153.017346,-30.259904],[153.017307,-30.259939],[153.017224,-30.260003],[153.017185,-30.260037],[153.017151,-30.260075],[153.017125,-30.260113],[153.017103,-30.260154],[153.017062,-30.26024],[153.017041,-30.260282],[153.017018,-30.260323],[153.016992,-30.260363],[153.016968,-30.260404],[153.016947,-30.260446],[153.016932,-30.260489],[153.016925,-30.260533],[153.016923,-30.260579],[153.016925,-30.260626],[153.016929,-30.260674],[153.016936,-30.260786],[153.016943,-30.260852],[153.016968,-30.261049],[153.016991,-30.261205],[153.017056,-30.261604],[153.017085,-30.26177],[153.017119,-30.261937],[153.017135,-30.262023],[153.017154,-30.262108],[153.017178,-30.262189],[153.017212,-30.262266],[153.017253,-30.262333],[153.017301,-30.262396],[153.017354,-30.262457],[153.01741,-30.262515],[153.017468,-30.262571],[153.017542,-30.262638],[153.01762,-30.262701],[153.017702,-30.262761],[153.017785,-30.262819],[153.018021,-30.262977],[153.018098,-30.263025],[153.018177,-30.263069],[153.018259,-30.263106],[153.018377,-30.26315],[153.018504,-30.263189],[153.018632,-30.263215],[153.018755,-30.263222],[153.018868,-30.263204],[153.018939,-30.263173],[153.019008,-30.263132],[153.0193,-30.263496],[153.02006,-30.263611],[153.021069,-30.263765],[153.021185,-30.263782],[153.021702,-30.263862],[153.021581,-30.264475],[153.021563,-30.264561],[153.021455,-30.265107],[153.021054,-30.265626],[153.020376,-30.267484],[153.020601,-30.268162],[153.020642,-30.269065],[153.02117,-30.269138],[153.021649,-30.269099],[153.021715,-30.269071],[153.022487,-30.269484],[153.023174,-30.27025],[153.023917,-30.270254],[153.024441,-30.270708],[153.024701,-30.271118],[153.024816,-30.27119],[153.025573,-30.27142],[153.025668,-30.271427],[153.026299,-30.27148],[153.026982,-30.27264],[153.027458,-30.272981],[153.028513,-30.273128],[153.029257,-30.272978],[153.029892,-30.272163],[153.030196,-30.271389],[153.0307,-30.271151],[153.030727,-30.271139],[153.033941,-30.271614],[153.034252,-30.270049],[153.046471,-30.271946],[153.046485,-30.272243],[153.046385,-30.272355],[153.045931,-30.273269],[153.045795,-30.273733],[153.045707,-30.274283],[153.045714,-30.275312],[153.046031,-30.276795],[153.046401,-30.278037],[153.046687,-30.278993],[153.046259,-30.278883],[153.046569,-30.279195],[153.046914,-30.27945],[153.047405,-30.280003],[153.04816,-30.280445],[153.049049,-30.280816],[153.049576,-30.280974],[153.050563,-30.281332],[153.051333,-30.281943],[153.051528,-30.28231],[153.052186,-30.282652],[153.052464,-30.282964],[153.054517,-30.284216],[153.054795,-30.284458],[153.055222,-30.284672],[153.055189,-30.28483],[153.055681,-30.285267],[153.0567,-30.285582],[153.058655,-30.286735],[153.059322,-30.287403],[153.059395,-30.287488],[153.059398,-30.287433],[153.059408,-30.28738],[153.059424,-30.287331],[153.05945,-30.287282],[153.059482,-30.287236],[153.059501,-30.287214],[153.059698,-30.287367],[153.05974,-30.287388],[153.060088,-30.287556],[153.060471,-30.287711],[153.060867,-30.287785],[153.061224,-30.287819],[153.061555,-30.287791],[153.061971,-30.287727],[153.062599,-30.287555],[153.062962,-30.287372],[153.063319,-30.287125],[153.063656,-30.286833],[153.064,-30.286494],[153.064337,-30.286116],[153.064608,-30.285738],[153.064812,-30.285462],[153.065057,-30.285141],[153.065354,-30.284849],[153.065645,-30.284648],[153.066022,-30.28443],[153.066445,-30.284207],[153.066835,-30.283971],[153.067066,-30.283748],[153.067244,-30.283518],[153.067429,-30.283232],[153.067536,-30.283014],[153.067575,-30.282934],[153.0677,-30.28263],[153.06774,-30.282349],[153.06774,-30.282108],[153.067727,-30.281776],[153.067727,-30.281415],[153.06774,-30.281151],[153.067767,-30.280847],[153.06782,-30.280629],[153.067906,-30.280354],[153.068018,-30.28012],[153.068243,-30.279798],[153.068434,-30.27958],[153.068639,-30.279391],[153.069036,-30.279087],[153.070683,-30.278255],[153.074526,-30.27631],[153.074935,-30.276121],[153.075497,-30.275914],[153.075727,-30.275841],[153.075957,-30.275769],[153.076189,-30.2757],[153.076421,-30.275632],[153.076654,-30.275567],[153.077036,-30.275468],[153.077422,-30.275376],[153.077809,-30.275289],[153.078881,-30.275054],[153.079473,-30.274929],[153.079768,-30.274865],[153.080062,-30.274797],[153.080307,-30.274739],[153.080795,-30.274617],[153.081281,-30.274489],[153.0818,-30.27433],[153.0827,-30.273947],[153.082956,-30.273806],[153.083125,-30.273708],[153.08324,-30.27364],[153.083468,-30.2735],[153.083694,-30.273358],[153.084033,-30.273139],[153.0843,-30.272978],[153.084482,-30.272872],[153.084668,-30.272771],[153.084741,-30.272736],[153.084759,-30.272658],[153.084772,-30.272578],[153.08478,-30.272498],[153.084784,-30.272417],[153.084783,-30.272338],[153.084776,-30.272259],[153.084763,-30.27218],[153.084747,-30.272102],[153.084679,-30.271849],[153.084665,-30.2718],[153.084646,-30.271754],[153.084622,-30.27171],[153.084597,-30.271677],[153.084568,-30.271645],[153.084537,-30.271614],[153.084504,-30.271586],[153.084468,-30.271561],[153.084439,-30.271546],[153.084408,-30.271532],[153.084314,-30.271495],[153.084163,-30.271423],[153.084123,-30.271402],[153.084083,-30.27138],[153.084046,-30.271356],[153.084009,-30.271331],[153.083979,-30.271308],[153.083921,-30.271256],[153.083866,-30.271203],[153.083829,-30.271165],[153.083758,-30.271086],[153.083691,-30.271005],[153.083656,-30.270959],[153.083592,-30.270863],[153.083559,-30.270816],[153.083521,-30.270771],[153.083488,-30.270735],[153.083416,-30.270667],[153.083339,-30.270603],[153.083306,-30.270579],[153.083235,-30.270537],[153.083202,-30.270514],[153.083175,-30.270488],[153.083152,-30.270457],[153.083133,-30.270423],[153.083118,-30.270387],[153.083105,-30.27035],[153.083095,-30.270313],[153.083088,-30.270281],[153.08308,-30.270215],[153.083079,-30.270148],[153.083082,-30.270106],[153.083103,-30.269982],[153.083105,-30.269941],[153.083102,-30.269894],[153.083094,-30.269847],[153.083071,-30.269753],[153.083035,-30.269628],[153.083022,-30.269589],[153.083007,-30.269551],[153.082989,-30.269514],[153.082966,-30.269479],[153.082941,-30.269445],[153.082856,-30.269348],[153.082816,-30.269307],[153.082688,-30.269188],[153.08265,-30.269146],[153.082619,-30.269109],[153.082561,-30.269033],[153.082509,-30.268954],[153.082551,-30.268893],[153.082609,-30.268801],[153.082635,-30.268757],[153.082707,-30.268621],[153.082734,-30.268577],[153.082811,-30.268464],[153.082868,-30.268392],[153.08293,-30.268321],[153.082963,-30.268288],[153.082998,-30.268255],[153.083034,-30.268225],[153.08307,-30.268198],[153.083107,-30.268173],[153.083145,-30.26815],[153.083184,-30.268128],[153.083224,-30.268107],[153.083936,-30.267799],[153.084111,-30.267693],[153.084759,-30.267298],[153.085381,-30.266803],[153.086,-30.266165],[153.086017,-30.26612],[153.086091,-30.265914],[153.086116,-30.265713],[153.08605,-30.265476],[153.085884,-30.265275],[153.085662,-30.264838],[153.085546,-30.264522],[153.085546,-30.263805],[153.085653,-30.263382],[153.085538,-30.262967],[153.085051,-30.262457],[153.08392,-30.261618],[153.083697,-30.261224],[153.083665,-30.261028],[153.083682,-30.261022],[153.083747,-30.260984],[153.083805,-30.260931],[153.083858,-30.260868],[153.084013,-30.260663],[153.084068,-30.260583],[153.084118,-30.260501],[153.084163,-30.260418],[153.084202,-30.260332],[153.084243,-30.260234],[153.084262,-30.260184],[153.084275,-30.260134],[153.08428,-30.260084],[153.084278,-30.260029],[153.08427,-30.259972],[153.084255,-30.259916],[153.084233,-30.259866],[153.084201,-30.259824],[153.084164,-30.259793],[153.084118,-30.259765],[153.084068,-30.259743],[153.084016,-30.259728],[153.083967,-30.259722],[153.083933,-30.259726],[153.083899,-30.259734],[153.083832,-30.259758],[153.083798,-30.259768],[153.083696,-30.259794],[153.083662,-30.2598],[153.083628,-30.259802],[153.083564,-30.259789],[153.083498,-30.259758],[153.083434,-30.259716],[153.083372,-30.259668],[153.083285,-30.259594],[153.083226,-30.259536],[153.083173,-30.259474],[153.083122,-30.259425],[153.083073,-30.259375],[153.083026,-30.259323],[153.082981,-30.25927],[153.082939,-30.259215],[153.082869,-30.259116],[153.082805,-30.259012],[153.082749,-30.258905],[153.082702,-30.258795],[153.082665,-30.258684],[153.082644,-30.2586],[153.082627,-30.258514],[153.082616,-30.258428],[153.082611,-30.258341],[153.082612,-30.258255],[153.082619,-30.258191],[153.08263,-30.258128],[153.082644,-30.258064],[153.082677,-30.257939],[153.082694,-30.257887],[153.082751,-30.257731],[153.082768,-30.257679],[153.082784,-30.257624],[153.082813,-30.257513],[153.082838,-30.257402],[153.083082,-30.257248],[153.083336,-30.257109],[153.083649,-30.256964],[153.084158,-30.256895],[153.084389,-30.256865],[153.08457,-30.256862],[153.084747,-30.25688],[153.084805,-30.256866],[153.08498,-30.256787],[153.085112,-30.256723],[153.08524,-30.256649],[153.085531,-30.25646],[153.085754,-30.256354],[153.086067,-30.256197],[153.086289,-30.256123],[153.086427,-30.256036],[153.086772,-30.255731],[153.086968,-30.255566],[153.087138,-30.255386],[153.087291,-30.255197],[153.08745,-30.254985],[153.087561,-30.254792],[153.087601,-30.254659],[153.087653,-30.254233],[153.087727,-30.25405],[153.08781,-30.253791],[153.087885,-30.25362],[153.088003,-30.253441],[153.088169,-30.253262],[153.088279,-30.253125],[153.088464,-30.252945],[153.08866,-30.25268],[153.08873,-30.252517],[153.088738,-30.252305],[153.088714,-30.252121],[153.08873,-30.251978],[153.088808,-30.251753],[153.088902,-30.251678],[153.089012,-30.251603],[153.089074,-30.251508],[153.089043,-30.251419],[153.088917,-30.251304],[153.088839,-30.251201],[153.088595,-30.251065],[153.088478,-30.250936],[153.088399,-30.250663],[153.088367,-30.25052],[153.088296,-30.250377],[153.088226,-30.250282],[153.088138,-30.250123],[153.088116,-30.249856],[153.088062,-30.249692],[153.088007,-30.24943],[153.088024,-30.249341],[153.088061,-30.249266],[153.088126,-30.249181],[153.088212,-30.249083],[153.088331,-30.24897],[153.088654,-30.248614],[153.088851,-30.248409],[153.088874,-30.248388],[153.088994,-30.248269],[153.089165,-30.248095],[153.089393,-30.247867],[153.089616,-30.247614],[153.089821,-30.247391],[153.089975,-30.247178],[153.090084,-30.246964],[153.090135,-30.246845],[153.090185,-30.246649],[153.090225,-30.246513],[153.090297,-30.246326],[153.090366,-30.246077],[153.090384,-30.245897],[153.090406,-30.245732],[153.090428,-30.245609],[153.090468,-30.245514],[153.090508,-30.245438],[153.090564,-30.245354],[153.090935,-30.244979],[153.091056,-30.244862],[153.09113,-30.244761],[153.091153,-30.244689],[153.09119,-30.244503],[153.091232,-30.244362],[153.091264,-30.244265],[153.091343,-30.244156],[153.091426,-30.244052],[153.091588,-30.243838],[153.091653,-30.243737],[153.091719,-30.243631],[153.091755,-30.243486],[153.091763,-30.243318],[153.09175,-30.243207],[153.091758,-30.243102],[153.09179,-30.243032],[153.091839,-30.242945],[153.091911,-30.242872],[153.091971,-30.242781],[153.092007,-30.242708],[153.092015,-30.242607],[153.092037,-30.242421],[153.092125,-30.241608],[153.092042,-30.241343],[153.091882,-30.241171],[153.0918,-30.241171],[153.091547,-30.240798],[153.091613,-30.240597],[153.091818,-30.240319],[153.091965,-30.240095],[153.091997,-30.239854],[153.092049,-30.239543],[153.092096,-30.239331],[153.092157,-30.2392],[153.092269,-30.239089],[153.092401,-30.238991],[153.092552,-30.238946],[153.092759,-30.238954],[153.092862,-30.238983],[153.093013,-30.239077],[153.093107,-30.239179],[153.093187,-30.239285],[153.093314,-30.239399],[153.093575,-30.239707],[153.094028,-30.240273],[153.09442,-30.240834],[153.0948,-30.241287],[153.095064,-30.241402],[153.095179,-30.241359],[153.095273,-30.241233],[153.095318,-30.240959],[153.09536,-30.240653],[153.095446,-30.240337],[153.095541,-30.24017],[153.09517,-30.239992],[153.111631,-30.232286],[153.114076,-30.23471],[153.120824,-30.236025],[153.122704,-30.235663],[153.123529,-30.235376],[153.123843,-30.235204],[153.125024,-30.234825],[153.126196,-30.234538],[153.127054,-30.234409],[153.127905,-30.234159],[153.12821,-30.233914],[153.128339,-30.233946],[153.128433,-30.233978],[153.12811,-30.235728],[153.131963,-30.236296],[153.133301,-30.236492],[153.133137,-30.236087],[153.131496,-30.235324],[153.131725,-30.234718],[153.132093,-30.234156],[153.132678,-30.23367],[153.132775,-30.233724],[153.132857,-30.233626],[153.133362,-30.233802],[153.133678,-30.233837],[153.134031,-30.233997],[153.134563,-30.233986],[153.135028,-30.234049],[153.135095,-30.23403],[153.135017,-30.2348],[153.136372,-30.234076],[153.137107,-30.233636],[153.137952,-30.233397],[153.138527,-30.233506],[153.139155,-30.233553],[153.139974,-30.233365],[153.139719,-30.233327],[153.141569,-30.23243],[153.141903,-30.232459],[153.142794,-30.232769],[153.142999,-30.232799],[153.143522,-30.232596],[153.143985,-30.232635],[153.144766,-30.232712],[153.145786,-30.232915],[153.146319,-30.233022],[153.1464,-30.233251],[153.146633,-30.233286],[153.146834,-30.233699],[153.147325,-30.23411],[153.147406,-30.234147],[153.147518,-30.234095],[153.147686,-30.234086],[153.147822,-30.234106],[153.147669,-30.235045],[153.147591,-30.235662],[153.147493,-30.236147],[153.147405,-30.236516],[153.147329,-30.236844],[153.147212,-30.237318],[153.147155,-30.237563],[153.14706,-30.237889],[153.14697,-30.238177],[153.146772,-30.238703],[153.146713,-30.238857],[153.146599,-30.239105],[153.146461,-30.239395],[153.146361,-30.239602],[153.146479,-30.23984],[153.14664,-30.239882],[153.146784,-30.240012],[153.146815,-30.24006],[153.146984,-30.240125],[153.147056,-30.24022],[153.147077,-30.240287],[153.147165,-30.240347],[153.147246,-30.240398],[153.147371,-30.240333],[153.14745,-30.240317],[153.147534,-30.240355],[153.14759,-30.240336],[153.147619,-30.240322],[153.147681,-30.240347],[153.147709,-30.24039],[153.1478,-30.240436],[153.147809,-30.240466],[153.14785,-30.24049],[153.147909,-30.240533],[153.147984,-30.240576],[153.148034,-30.240571],[153.148078,-30.24059],[153.148103,-30.240636],[153.148181,-30.240625],[153.148247,-30.24063],[153.148357,-30.240622],[153.148435,-30.24059],[153.148475,-30.240541],[153.148466,-30.240498],[153.148507,-30.24046],[153.148532,-30.240393],[153.148554,-30.240406],[153.148647,-30.240455],[153.148744,-30.24049],[153.148857,-30.24053],[153.14891,-30.240541],[153.148938,-30.240568],[153.149431,-30.240792],[153.1495,-30.240696],[153.155237,-30.233854],[153.153843,-30.232336],[153.154197,-30.229217],[153.158822,-30.219899],[153.161333,-30.215438],[153.163863,-30.214544],[153.16176,-30.209411],[153.166987,-30.198029],[153.184709,-30.177824],[153.190596,-30.178673],[153.193349,-30.177131],[153.189554,-30.176204],[153.189851,-30.173698],[153.192018,-30.172077],[153.189809,-30.170046],[153.191957,-30.166087],[153.194908,-30.164591],[153.194903,-30.16251],[153.20109,-30.157596],[153.206675,-30.157006],[153.202299,-30.15596],[153.200803,-30.15387],[153.201117,-30.147392],[153.203831,-30.146194],[153.200722,-30.145272],[153.199564,-30.141272],[153.201143,-30.13452],[153.205001,-30.129406],[153.204393,-30.124254],[153.206919,-30.116635],[153.208976,-30.11299],[153.213128,-30.113208],[153.212309,-30.111847],[153.213714,-30.109724],[153.205137,-30.108027],[153.202839,-30.109081],[153.199641,-30.103902],[153.199427,-30.099075],[153.201738,-30.094502],[153.200831,-30.086521],[153.203411,-30.078338],[153.20603,-30.077537],[153.203631,-30.075673],[153.203279,-30.072944],[153.204614,-30.070094],[153.207861,-30.068526],[153.202601,-30.065365],[153.20335,-30.060621],[153.206343,-30.058314],[153.200672,-30.059462],[153.19634,-30.054904],[153.195573,-30.048546],[153.197084,-30.040577],[153.218425,-30.003099],[153.231952,-29.983743],[153.234485,-29.982094],[153.233366,-29.979753],[153.253878,-29.952482],[153.258106,-29.950321],[153.260129,-29.951939],[153.261313,-29.947415],[153.258303,-29.947243],[153.257694,-29.944107],[153.258895,-29.941186],[153.261773,-29.939942],[153.262973,-29.93483],[153.261147,-29.930649],[153.272656,-29.917179],[153.271273,-29.913155],[153.272686,-29.908789],[153.271847,-29.903677],[153.274574,-29.8947],[153.276892,-29.893298],[153.27408,-29.891551],[153.271762,-29.892352],[153.267554,-29.885679],[153.26655,-29.878707],[153.267648,-29.86525],[153.274262,-29.848237],[153.282471,-29.83383],[153.28625,-29.83035],[153.288734,-29.830781],[153.290324,-29.826411],[153.294417,-29.82508],[153.287327,-29.805609],[153.288043,-29.798317],[153.294966,-29.785067],[153.2993,-29.780554],[153.301618,-29.780755],[153.302914,-29.779179],[153.303944,-29.774537],[153.301068,-29.774437],[153.297268,-29.770225],[153.296096,-29.766142],[153.298231,-29.764552],[153.295764,-29.762504],[153.29775,-29.760584],[153.295253,-29.760813],[153.29201,-29.755913],[153.295891,-29.737114],[153.305161,-29.715407],[153.319411,-29.694118],[153.326651,-29.686773],[153.329945,-29.686241],[153.330016,-29.682763],[153.331568,-29.681686],[153.330254,-29.680309],[153.333974,-29.674551],[153.330997,-29.673078],[153.330715,-29.670589],[153.328085,-29.673214],[153.322897,-29.670529],[153.320727,-29.663132],[153.321075,-29.653464],[153.322947,-29.644035],[153.330051,-29.625802],[153.336151,-29.616087],[153.341218,-29.612667],[153.342784,-29.608281],[153.341035,-29.609959],[153.335909,-29.606519],[153.33178,-29.595787],[153.332441,-29.586645],[153.337454,-29.573572],[153.338523,-29.564386],[153.347249,-29.550089],[153.347042,-29.545763],[153.35096,-29.537141],[153.356569,-29.52979],[153.360683,-29.530308],[153.35985,-29.528042],[153.36259,-29.525353],[153.358717,-29.524101],[153.357588,-29.520733],[153.358386,-29.516742],[153.36072,-29.514838],[153.359858,-29.510108],[153.363183,-29.504372],[153.358735,-29.496081],[153.363777,-29.485746],[153.365846,-29.483818],[153.368842,-29.484052],[153.365003,-29.482044],[153.363986,-29.477863],[153.360512,-29.476972],[153.361687,-29.472568],[153.359145,-29.471416],[153.358416,-29.465843],[153.365895,-29.445267],[153.370091,-29.440136],[153.372774,-29.440342],[153.372353,-29.437678],[153.368234,-29.438365],[153.365,-29.435611],[153.365897,-29.431752],[153.363994,-29.430211],[153.364768,-29.428216],[153.371621,-29.428568],[153.372817,-29.425122],[153.363282,-29.421572],[153.367014,-29.404748],[153.369915,-29.399321],[153.372449,-29.399068],[153.374038,-29.396411],[153.372867,-29.394252],[153.369251,-29.393548],[153.368219,-29.389796],[153.370193,-29.385203],[153.372743,-29.385051],[153.370499,-29.384428],[153.372839,-29.381239],[153.370348,-29.38],[153.370088,-29.376719],[153.371679,-29.372011],[153.374391,-29.37115],[153.376682,-29.365596],[153.375511,-29.366632],[153.37399,-29.362825],[153.373573,-29.364432],[153.367106,-29.363909],[153.36334,-29.359864],[153.364425,-29.357385],[153.362896,-29.355398],[153.360543,-29.359632],[153.353928,-29.357709],[153.344441,-29.344446],[153.340963,-29.332551],[153.340263,-29.320414],[153.344322,-29.296579],[153.358856,-29.264965],[153.373378,-29.242413],[153.386588,-29.226418],[153.392014,-29.214262],[153.400519,-29.201378],[153.418788,-29.177667],[153.446484,-29.152556],[153.453325,-29.141867],[153.456659,-29.140191],[153.457055,-29.138112],[153.45277,-29.13876],[153.448568,-29.133389],[153.451312,-29.118746],[153.447596,-29.115794],[153.443883,-29.116381],[153.437334,-29.114127],[153.437916,-29.112756],[153.435487,-29.113259],[153.433591,-29.108996],[153.433862,-29.091555],[153.441451,-29.065288],[153.452966,-29.039249],[153.473336,-29.004791],[153.499213,-28.969924],[153.544475,-28.917804]]],[[[153.269582,-30.205873],[153.265586,-30.204079],[153.267069,-30.207604],[153.269582,-30.205873]]],[[[153.229105,-30.160946],[153.227465,-30.159251],[153.225033,-30.161049],[153.226679,-30.162389],[153.229105,-30.160946]]],[[[153.182395,-30.240799],[153.180901,-30.239344],[153.179204,-30.240298],[153.182395,-30.240799]]],[[[153.27846,-29.918741],[153.27652,-29.918655],[153.275781,-29.920273],[153.277326,-29.920659],[153.27846,-29.918741]]]]},"bbox":[152.168299,-30.418897,153.544475,-28.269555]}]}