{"type":"FeatureCollection","features":[
{"properties":{"electorateShortName":"bean","electorateName":"Bean","area":1913.969737,"state":"ACT"},"type":"Feature","geometry":{"type":"MultiPolygon","coordinates":[[[[149.206345,-35.345905],[149.176195,-35.337632],[149.147553,-35.34524],[149.124797,-35.347758],[149.114291,-35.345143],[149.100461,-35.350697],[149.069556,-35.34837],[149.063437,-35.331451],[149.062358,-35.306344],[149.086357,-35.280492],[149.051275,-35.269336],[149.033922,-35.265958],[149.023894,-35.276838],[149.007625,-35.272079],[149.002417,-35.261831],[148.979653,-35.25937],[148.962525,-35.243979],[148.976254,-35.238837],[148.961731,-35.218467],[148.810041,-35.307412],[148.793247,-35.339156],[148.799451,-35.359224],[148.805565,-35.365361],[148.804108,-35.376121],[148.805344,-35.378841],[148.808675,-35.380591],[148.808702,-35.382373],[148.804826,-35.385028],[148.803648,-35.388739],[148.795719,-35.39292],[148.796119,-35.406549],[148.790073,-35.415468],[148.787563,-35.422978],[148.788868,-35.426382],[148.774822,-35.44174],[148.77594,-35.454683],[148.772881,-35.462355],[148.767058,-35.465405],[148.766886,-35.471056],[148.77063,-35.475563],[148.774462,-35.484882],[148.765183,-35.490825],[148.762675,-35.495505],[148.765516,-35.504936],[148.768105,-35.524448],[148.772364,-35.529329],[148.769231,-35.544096],[148.778231,-35.558852],[148.778514,-35.563669],[148.773039,-35.568157],[148.782467,-35.581287],[148.786003,-35.582351],[148.788758,-35.588179],[148.783191,-35.595258],[148.77436,-35.597897],[148.768473,-35.603186],[148.772447,-35.60912],[148.778157,-35.613338],[148.780439,-35.617586],[148.783462,-35.628342],[148.78043,-35.63286],[148.770818,-35.639938],[148.771365,-35.645738],[148.773636,-35.655457],[148.790554,-35.659235],[148.798434,-35.666492],[148.797556,-35.680341],[148.791407,-35.689557],[148.788417,-35.69774],[148.791182,-35.703449],[148.796565,-35.709449],[148.812719,-35.719786],[148.820684,-35.719515],[148.823575,-35.724213],[148.83765,-35.743509],[148.83863,-35.744237],[148.860737,-35.752874],[148.872491,-35.721422],[148.877693,-35.714936],[148.886633,-35.719136],[148.892315,-35.728359],[148.892479,-35.730487],[148.888368,-35.733671],[148.888087,-35.737026],[148.890855,-35.740469],[148.894087,-35.751288],[148.903348,-35.757798],[148.902312,-35.763202],[148.894887,-35.771654],[148.894956,-35.784627],[148.897776,-35.79465],[148.893118,-35.799293],[148.892963,-35.801516],[148.886623,-35.810063],[148.896577,-35.817924],[148.909367,-35.853065],[148.930301,-35.868172],[148.932719,-35.87365],[148.958406,-35.891788],[148.975656,-35.892176],[148.997398,-35.900995],[149.003487,-35.901203],[149.00882,-35.901306],[149.027606,-35.912892],[149.0337,-35.911196],[149.039718,-35.914062],[149.043763,-35.916535],[149.04608,-35.920762],[149.048135,-35.920526],[149.055067,-35.913675],[149.057133,-35.907397],[149.058578,-35.894666],[149.060433,-35.889338],[149.061711,-35.879879],[149.084228,-35.850227],[149.095682,-35.845716],[149.095376,-35.839146],[149.091978,-35.835416],[149.094519,-35.830841],[149.093517,-35.824221],[149.095931,-35.817612],[149.100583,-35.814811],[149.100457,-35.810044],[149.098237,-35.807904],[149.101481,-35.803698],[149.096732,-35.798272],[149.1006,-35.791457],[149.096232,-35.787227],[149.093498,-35.787226],[149.093144,-35.783159],[149.090716,-35.7656],[149.096198,-35.743805],[149.100699,-35.736392],[149.099056,-35.729323],[149.104121,-35.725193],[149.099514,-35.714819],[149.109483,-35.69664],[149.09729,-35.67359],[149.095717,-35.640344],[149.085926,-35.625371],[149.080424,-35.608997],[149.078148,-35.586417],[149.084614,-35.580814],[149.108345,-35.58398],[149.14251,-35.59257],[149.131376,-35.554173],[149.15094,-35.508371],[149.151533,-35.492235],[149.144289,-35.47507],[149.138768,-35.468009],[149.13555,-35.454422],[149.152841,-35.443349],[149.140726,-35.434126],[149.138163,-35.429401],[149.144486,-35.423693],[149.146867,-35.414485],[149.156562,-35.408065],[149.176683,-35.386268],[149.190824,-35.368854],[149.206345,-35.345905]]],[[[167.998035,-29.028973],[167.970925,-29.021446],[167.957325,-29.007057],[167.942405,-29.002631],[167.918881,-29.001287],[167.92157,-29.0301],[167.919545,-29.041256],[167.936713,-29.063232],[167.947805,-29.056371],[167.967753,-29.061647],[167.983315,-29.057334],[167.983187,-29.04919],[167.994762,-29.046094],[167.998035,-29.028973]]]]},"bbox":[148.762675,-35.920762,167.998035,-29.001287]},
{"properties":{"electorateShortName":"canberra","electorateName":"Canberra","area":312.263142,"state":"ACT"},"type":"Feature","geometry":{"type":"Polygon","coordinates":[[[149.033922,-35.265958],[149.051275,-35.269336],[149.086357,-35.280492],[149.062358,-35.306344],[149.063437,-35.331451],[149.069556,-35.34837],[149.100461,-35.350697],[149.114291,-35.345143],[149.124797,-35.347758],[149.147553,-35.34524],[149.176195,-35.337632],[149.206345,-35.345905],[149.216186,-35.342191],[149.231257,-35.342381],[149.249529,-35.330125],[149.274513,-35.335999],[149.291264,-35.334205],[149.311959,-35.335847],[149.318915,-35.336781],[149.337549,-35.340249],[149.347266,-35.350155],[149.351718,-35.351355],[149.364049,-35.348137],[149.366479,-35.340258],[149.385354,-35.332516],[149.398036,-35.325252],[149.396428,-35.30968],[149.393416,-35.302924],[149.386579,-35.303418],[149.383697,-35.306471],[149.381897,-35.306266],[149.36584,-35.308526],[149.353713,-35.299731],[149.350421,-35.298166],[149.345034,-35.292206],[149.342838,-35.290187],[149.335757,-35.287382],[149.324581,-35.286388],[149.32127,-35.28522],[149.311697,-35.277525],[149.305417,-35.275532],[149.301643,-35.272894],[149.28752,-35.274128],[149.282976,-35.272059],[149.276381,-35.273082],[149.271808,-35.273485],[149.27236,-35.269429],[149.273461,-35.266102],[149.273179,-35.259179],[149.262261,-35.257395],[149.23489,-35.243419],[149.246794,-35.22915],[149.240728,-35.225046],[149.237105,-35.222363],[149.227037,-35.219844],[149.213785,-35.219605],[149.210454,-35.22634],[149.204986,-35.2291],[149.205028,-35.219863],[149.207621,-35.215875],[149.205895,-35.211567],[149.200699,-35.205565],[149.179534,-35.219513],[149.151283,-35.230968],[149.142117,-35.225562],[149.12512,-35.231391],[149.119028,-35.219613],[149.095138,-35.201506],[149.074179,-35.225857],[149.07339,-35.241107],[149.057919,-35.243969],[149.030149,-35.239596],[149.026108,-35.253528],[149.033922,-35.265958]]]},"bbox":[149.026108,-35.351355,149.398036,-35.201506]},
{"properties":{"electorateShortName":"fenner","electorateName":"Fenner","area":238.212122,"state":"ACT"},"type":"Feature","geometry":{"type":"MultiPolygon","coordinates":[[[[149.200699,-35.205565],[149.189542,-35.203324],[149.196375,-35.188447],[149.192166,-35.179854],[149.185822,-35.177832],[149.183629,-35.175618],[149.189097,-35.165677],[149.185495,-35.161201],[149.176381,-35.158283],[149.167696,-35.159881],[149.162554,-35.153783],[149.165066,-35.150099],[149.163195,-35.146968],[149.164312,-35.142046],[149.159195,-35.141708],[149.155787,-35.144627],[149.146775,-35.144856],[149.149298,-35.14206],[149.149637,-35.138669],[149.144961,-35.134596],[149.1386,-35.135257],[149.138819,-35.128466],[149.127163,-35.12572],[149.127186,-35.125622],[149.118076,-35.126527],[149.113387,-35.127539],[149.102863,-35.135229],[149.093322,-35.138657],[149.091017,-35.142339],[148.961731,-35.218467],[148.976254,-35.238837],[148.962525,-35.243979],[148.979653,-35.25937],[149.002417,-35.261831],[149.007625,-35.272079],[149.023894,-35.276838],[149.033922,-35.265958],[149.026108,-35.253528],[149.030149,-35.239596],[149.057919,-35.243969],[149.07339,-35.241107],[149.074179,-35.225857],[149.095138,-35.201506],[149.119028,-35.219613],[149.12512,-35.231391],[149.142117,-35.225562],[149.151283,-35.230968],[149.179534,-35.219513],[149.200699,-35.205565]]],[[[150.593971,-35.185018],[150.608899,-35.173671],[150.632623,-35.166422],[150.654952,-35.163097],[150.682616,-35.165393],[150.691355,-35.172352],[150.695731,-35.190068],[150.707739,-35.19126],[150.724869,-35.172951],[150.737443,-35.180084],[150.760481,-35.16227],[150.765777,-35.127982],[150.753012,-35.124258],[150.7455,-35.13599],[150.721866,-35.135675],[150.708691,-35.122433],[150.701604,-35.122862],[150.661053,-35.117824],[150.66064,-35.124451],[150.657594,-35.129],[150.651303,-35.132201],[150.638627,-35.145701],[150.632904,-35.149419],[150.624134,-35.149097],[150.62122,-35.147863],[150.615435,-35.14856],[150.614309,-35.147909],[150.613862,-35.147333],[150.607504,-35.143847],[150.599545,-35.146376],[150.592868,-35.143937],[150.596246,-35.15218],[150.605105,-35.156175],[150.601334,-35.170066],[150.591249,-35.172472],[150.593971,-35.185018]]]]},"bbox":[148.961731,-35.276838,150.765777,-35.117824]},
{"properties":{"electorateShortName":"bass","electorateName":"Bass","area":7975.955582,"state":"TAS"},"type":"Feature","geometry":{"type":"MultiPolygon","coordinates":[[[[148.257859,-40.90417],[148.261912,-40.892453],[148.232645,-40.882357],[148.221953,-40.869566],[148.219764,-40.856243],[148.210738,-40.845054],[148.185088,-40.830838],[148.171726,-40.839155],[148.114023,-40.830532],[148.121531,-40.819072],[148.101303,-40.788194],[148.079273,-40.769059],[148.057849,-40.771625],[148.032761,-40.764985],[148.032959,-40.751678],[148.019026,-40.753568],[148.01216,-40.745801],[147.981013,-40.742314],[147.959868,-40.746371],[147.958845,-40.76477],[147.947832,-40.791051],[147.9329,-40.815249],[147.912229,-40.841012],[147.882618,-40.868134],[147.856875,-40.880587],[147.83533,-40.88709],[147.780002,-40.879821],[147.756472,-40.865117],[147.757456,-40.857606],[147.739481,-40.856775],[147.721653,-40.862752],[147.70646,-40.860312],[147.693798,-40.849906],[147.689993,-40.839241],[147.661333,-40.824983],[147.651472,-40.833884],[147.62682,-40.84502],[147.603366,-40.847136],[147.58847,-40.872065],[147.554179,-40.918525],[147.525579,-40.95069],[147.490728,-40.979349],[147.441482,-41.002915],[147.412627,-41.00688],[147.396413,-41.004884],[147.384266,-40.980446],[147.360544,-40.975327],[147.352887,-40.961007],[147.355127,-40.95302],[147.345618,-40.939475],[147.319882,-40.954423],[147.302561,-40.957694],[147.273665,-40.946198],[147.249447,-40.953479],[147.245419,-40.965391],[147.22475,-40.989143],[147.210414,-40.997139],[147.194406,-40.999118],[147.176454,-41.009312],[147.161713,-41.007969],[147.147848,-41.01295],[147.115027,-40.998754],[147.089265,-40.993437],[147.072775,-40.999683],[147.051886,-40.986154],[147.031969,-40.990365],[147.021023,-40.981483],[146.999437,-40.98382],[146.982015,-41.001743],[146.952901,-41.023293],[146.9297,-41.029257],[146.909579,-41.026762],[146.893736,-41.029678],[146.881962,-41.019687],[146.839605,-41.040675],[146.82651,-41.044967],[146.807116,-41.062995],[146.804018,-41.079451],[146.811269,-41.083568],[146.813486,-41.100136],[146.823336,-41.118266],[146.817628,-41.123803],[146.84286,-41.138727],[146.858202,-41.138891],[146.872403,-41.13149],[146.883827,-41.131551],[146.901987,-41.143671],[146.929197,-41.166438],[146.956325,-41.179715],[146.93732,-41.181773],[146.924484,-41.187585],[146.926626,-41.20134],[146.912978,-41.214655],[146.921501,-41.220304],[146.946025,-41.214295],[146.945667,-41.228867],[146.968725,-41.237278],[146.992935,-41.253217],[147.003735,-41.268609],[147.015391,-41.276387],[146.978762,-41.29875],[146.978286,-41.308893],[146.999468,-41.316294],[147.024455,-41.314939],[147.039994,-41.31867],[147.049292,-41.336576],[147.072397,-41.330691],[147.082595,-41.34465],[147.07552,-41.350447],[147.079766,-41.366831],[147.092769,-41.377886],[147.093944,-41.385783],[147.112822,-41.396209],[147.095428,-41.399337],[147.073927,-41.383968],[147.075306,-41.36844],[147.068964,-41.354366],[147.076859,-41.340994],[147.058436,-41.335689],[147.04546,-41.345922],[147.029767,-41.345468],[147.011648,-41.332151],[147.004923,-41.321225],[146.987032,-41.321197],[146.973368,-41.312638],[146.969391,-41.294541],[146.977292,-41.288065],[146.978294,-41.273239],[146.967584,-41.263312],[146.954926,-41.260683],[146.934238,-41.243019],[146.933817,-41.231375],[146.915783,-41.222174],[146.90177,-41.210328],[146.915606,-41.197787],[146.916994,-41.18238],[146.927631,-41.174239],[146.90404,-41.158865],[146.877814,-41.149989],[146.867158,-41.164149],[146.84399,-41.174279],[146.821114,-41.170147],[146.823647,-41.151953],[146.817984,-41.145464],[146.798447,-41.148604],[146.789451,-41.13928],[146.811768,-41.133371],[146.811023,-41.118021],[146.796126,-41.116045],[146.790844,-41.095441],[146.775239,-41.082381],[146.76151,-41.078406],[146.744522,-41.084775],[146.719432,-41.070753],[146.696812,-41.089844],[146.678012,-41.101042],[146.661412,-41.096121],[146.664641,-41.11102],[146.695565,-41.13299],[146.699257,-41.157781],[146.695626,-41.17027],[146.76206,-41.287177],[146.749477,-41.29752],[146.728315,-41.296748],[146.708894,-41.302783],[146.700694,-41.316447],[146.703586,-41.33269],[146.697505,-41.35525],[146.770949,-41.375503],[146.798571,-41.380382],[146.802887,-41.37434],[146.825424,-41.383748],[146.872828,-41.39122],[146.89999,-41.386532],[146.910166,-41.377818],[146.92671,-41.388419],[146.934304,-41.408496],[146.972002,-41.429042],[146.996138,-41.43181],[146.994,-41.443436],[147.007986,-41.445219],[147.029765,-41.427888],[147.031841,-41.437337],[147.065524,-41.458888],[147.076192,-41.446506],[147.098511,-41.456097],[147.100022,-41.462866],[147.120682,-41.470839],[147.140091,-41.48302],[147.126007,-41.490514],[147.136352,-41.501281],[147.153974,-41.50105],[147.169363,-41.492893],[147.188033,-41.508309],[147.198025,-41.51016],[147.221105,-41.495251],[147.248515,-41.528177],[147.261082,-41.530936],[147.278146,-41.521684],[147.285846,-41.529689],[147.302824,-41.520428],[147.312785,-41.529397],[147.346759,-41.512041],[147.387993,-41.556073],[147.406452,-41.556178],[147.432005,-41.543015],[147.428113,-41.538732],[147.460395,-41.522064],[147.476144,-41.518051],[147.486359,-41.528639],[147.498728,-41.522016],[147.506536,-41.530441],[147.526153,-41.520515],[147.53993,-41.507451],[147.578908,-41.513592],[147.647934,-41.478488],[147.643613,-41.464363],[147.627361,-41.451475],[147.628729,-41.428175],[147.615828,-41.426402],[147.619255,-41.409226],[147.590413,-41.380709],[147.827566,-41.37165],[147.835459,-41.366796],[147.840706,-41.332997],[147.858678,-41.27658],[147.889529,-41.164957],[147.934817,-41.16847],[148.005136,-41.153403],[148.082295,-41.132139],[148.08246,-41.124759],[148.06522,-41.112936],[148.068311,-41.095743],[148.062331,-41.087321],[148.07138,-41.067486],[148.082096,-41.060249],[148.071229,-41.038518],[148.07845,-41.01529],[148.080475,-40.988431],[148.078008,-40.981413],[148.082908,-40.952519],[148.090397,-40.935621],[148.112013,-40.942224],[148.116759,-40.923553],[148.124181,-40.925468],[148.212412,-40.937587],[148.213499,-40.922157],[148.251467,-40.902796],[148.257859,-40.90417]]],[[[148.334277,-40.208333],[148.318424,-40.182681],[148.312185,-40.160954],[148.29315,-40.110254],[148.234069,-40.12771],[148.223281,-40.121045],[148.238306,-40.101529],[148.27213,-40.087878],[148.286257,-40.067923],[148.285878,-40.050026],[148.279886,-40.022501],[148.282937,-39.985836],[148.291135,-39.965118],[148.260195,-39.96687],[148.222739,-39.954897],[148.204976,-39.945233],[148.198281,-39.949888],[148.179146,-39.945591],[148.143785,-39.918149],[148.122387,-39.896964],[148.096896,-39.867829],[148.03857,-39.815079],[148.00759,-39.780104],[147.986335,-39.7635],[147.960995,-39.730315],[147.941776,-39.719554],[147.934408,-39.732994],[147.919578,-39.744345],[147.897296,-39.750211],[147.878659,-39.76185],[147.862015,-39.74951],[147.847978,-39.75067],[147.85176,-39.762359],[147.86822,-39.77429],[147.869716,-39.786727],[147.862666,-39.79786],[147.840889,-39.808845],[147.850835,-39.822647],[147.840603,-39.835572],[147.825859,-39.833295],[147.802097,-39.836611],[147.78969,-39.850905],[147.772966,-39.853163],[147.76951,-39.866385],[147.756003,-39.87002],[147.752753,-39.881706],[147.794088,-39.901962],[147.804546,-39.916577],[147.816824,-39.909473],[147.847806,-39.898031],[147.860751,-39.89781],[147.887259,-39.921268],[147.899184,-39.942768],[147.906751,-39.976154],[147.903232,-39.991984],[147.880468,-40.012098],[147.874749,-40.021282],[147.892172,-40.034668],[147.917223,-40.029825],[147.938882,-40.038378],[147.951703,-40.061202],[147.955338,-40.082301],[147.989559,-40.092002],[147.997179,-40.104791],[148.007019,-40.105369],[148.016994,-40.136962],[148.017627,-40.17056],[148.036211,-40.190585],[148.04148,-40.208776],[148.025212,-40.225816],[148.040339,-40.230105],[148.041907,-40.243978],[148.059175,-40.248603],[148.065749,-40.258004],[148.107019,-40.265671],[148.122105,-40.274035],[148.129772,-40.26687],[148.148806,-40.265808],[148.167993,-40.252463],[148.185396,-40.249854],[148.188873,-40.226836],[148.210283,-40.210695],[148.25476,-40.212643],[148.272247,-40.217157],[148.27175,-40.230812],[148.283291,-40.231378],[148.313213,-40.222134],[148.334277,-40.208333]]],[[[148.481887,-40.43493],[148.464819,-40.42709],[148.458517,-40.409354],[148.44851,-40.405524],[148.446828,-40.39218],[148.451707,-40.38073],[148.424169,-40.371445],[148.414658,-40.37358],[148.38375,-40.345985],[148.370948,-40.341445],[148.363014,-40.322235],[148.353932,-40.317961],[148.34626,-40.303212],[148.336009,-40.298025],[148.300134,-40.321763],[148.282245,-40.319638],[148.273562,-40.331201],[148.257946,-40.336879],[148.246508,-40.332255],[148.211676,-40.326074],[148.207251,-40.342389],[148.199362,-40.351866],[148.183895,-40.344876],[148.166134,-40.34791],[148.143798,-40.336171],[148.110402,-40.343746],[148.08971,-40.345745],[148.081524,-40.339214],[148.060493,-40.358765],[148.047993,-40.355496],[148.032538,-40.361528],[148.007117,-40.378102],[147.987266,-40.387096],[147.9921,-40.394906],[147.98867,-40.421157],[148.017714,-40.414137],[148.041216,-40.431459],[148.039924,-40.441365],[148.055042,-40.450563],[148.082504,-40.454896],[148.091072,-40.450045],[148.113439,-40.447777],[148.122172,-40.44001],[148.134494,-40.44231],[148.145666,-40.457386],[148.15722,-40.44815],[148.170751,-40.446575],[148.196204,-40.437096],[148.206982,-40.442449],[148.226774,-40.466084],[148.24969,-40.454824],[148.258403,-40.445687],[148.285997,-40.428124],[148.293766,-40.434247],[148.309927,-40.426733],[148.336025,-40.464909],[148.336511,-40.482745],[148.352394,-40.488913],[148.377985,-40.47656],[148.389101,-40.487401],[148.399656,-40.486863],[148.40089,-40.473003],[148.413814,-40.462027],[148.430872,-40.465255],[148.437309,-40.439959],[148.450636,-40.436552],[148.472864,-40.442869],[148.481887,-40.43493]]],[[[148.248434,-40.487913],[148.246148,-40.478409],[148.227276,-40.485649],[148.214474,-40.502759],[148.199071,-40.493138],[148.184966,-40.490167],[148.17363,-40.497695],[148.156322,-40.50137],[148.13113,-40.502107],[148.115297,-40.509245],[148.095831,-40.531738],[148.121528,-40.537112],[148.113324,-40.564875],[148.124602,-40.568394],[148.149204,-40.565369],[148.167764,-40.580816],[148.178286,-40.594185],[148.191525,-40.587324],[148.194755,-40.569098],[148.209169,-40.553646],[148.2259,-40.544683],[148.23503,-40.532883],[148.228405,-40.525651],[148.23197,-40.507856],[148.246666,-40.497127],[148.248434,-40.487913]]],[[[147.361331,-39.465221],[147.343484,-39.457187],[147.324508,-39.457512],[147.303987,-39.475222],[147.313777,-39.480175],[147.318502,-39.49587],[147.349277,-39.485543],[147.361331,-39.465221]]],[[[147.908903,-40.301717],[147.903275,-40.291471],[147.889896,-40.303819],[147.856143,-40.308088],[147.854636,-40.315154],[147.881166,-40.325954],[147.896274,-40.318449],[147.908903,-40.301717]]],[[[147.7875,-40.042051],[147.775829,-40.031277],[147.765551,-40.036373],[147.756423,-40.058756],[147.747312,-40.066625],[147.747139,-40.080307],[147.725526,-40.091332],[147.726294,-40.103138],[147.756551,-40.094755],[147.762537,-40.082699],[147.757682,-40.075977],[147.765874,-40.059624],[147.7875,-40.042051]]],[[[148.325888,-40.287536],[148.312361,-40.266259],[148.295423,-40.257441],[148.289739,-40.274558],[148.279599,-40.286571],[148.306275,-40.292821],[148.325888,-40.287536]]],[[[147.946602,-39.69718],[147.930972,-39.686713],[147.887686,-39.687877],[147.890644,-39.700362],[147.902897,-39.705225],[147.911958,-39.69907],[147.934414,-39.703855],[147.946602,-39.69718]]],[[[147.304851,-39.45447],[147.294564,-39.438637],[147.275769,-39.44559],[147.292601,-39.459298],[147.27236,-39.472158],[147.284414,-39.480689],[147.29573,-39.471155],[147.295941,-39.456243],[147.304851,-39.45447]]],[[[148.011164,-39.648772],[148.004773,-39.6421],[147.971456,-39.656796],[147.980155,-39.664401],[147.994541,-39.661278],[148.011164,-39.648772]]],[[[148.347729,-39.950922],[148.328564,-39.931983],[148.322896,-39.959535],[148.347729,-39.950922]]],[[[148.266784,-40.252596],[148.256437,-40.241762],[148.245808,-40.250652],[148.256823,-40.257542],[148.266784,-40.252596]]],[[[147.937778,-40.27028],[147.934353,-40.259142],[147.918038,-40.265893],[147.921085,-40.282909],[147.937778,-40.27028]]],[[[148.025111,-40.354577],[148.006358,-40.351234],[147.991311,-40.363468],[148.007697,-40.365332],[148.025111,-40.354577]]]]},"bbox":[146.661412,-41.556178,148.481887,-39.438637]},
{"properties":{"electorateShortName":"braddon","electorateName":"Braddon","area":21369.238842,"state":"TAS"},"type":"Feature","geometry":{"type":"MultiPolygon","coordinates":[[[[146.703586,-41.33269],[146.700694,-41.316447],[146.708894,-41.302783],[146.728315,-41.296748],[146.749477,-41.29752],[146.76206,-41.287177],[146.695626,-41.17027],[146.699257,-41.157781],[146.695565,-41.13299],[146.664641,-41.11102],[146.661412,-41.096121],[146.642277,-41.096686],[146.647955,-41.110144],[146.636857,-41.115118],[146.633798,-41.125396],[146.601179,-41.14279],[146.585213,-41.14719],[146.589311,-41.158771],[146.584768,-41.167896],[146.581569,-41.19762],[146.598936,-41.213473],[146.603594,-41.228937],[146.575723,-41.220171],[146.568035,-41.211302],[146.563538,-41.192743],[146.572984,-41.189146],[146.561994,-41.167384],[146.541777,-41.155056],[146.54378,-41.126535],[146.527544,-41.130501],[146.493271,-41.149395],[146.465277,-41.159568],[146.426954,-41.163193],[146.391576,-41.172903],[146.38349,-41.16912],[146.365113,-41.177668],[146.37099,-41.204153],[146.38571,-41.22329],[146.38141,-41.231938],[146.36526,-41.218316],[146.36683,-41.192633],[146.362145,-41.175757],[146.366804,-41.165248],[146.340848,-41.162526],[146.323329,-41.154069],[146.28731,-41.160682],[146.255419,-41.15182],[146.251244,-41.156828],[146.22727,-41.160026],[146.200455,-41.150924],[146.169161,-41.150208],[146.161034,-41.141182],[146.148224,-41.141133],[146.125295,-41.132335],[146.127831,-41.125185],[146.1012,-41.117887],[146.077354,-41.115568],[146.064334,-41.102699],[146.012446,-41.088811],[146.003523,-41.078915],[145.975343,-41.071243],[145.958099,-41.063036],[145.93931,-41.067246],[145.912594,-41.060563],[145.914726,-41.049879],[145.899106,-41.043754],[145.870367,-41.04008],[145.852593,-41.040607],[145.818685,-41.033613],[145.785116,-41.01577],[145.768533,-40.996881],[145.743729,-40.990413],[145.724572,-40.968982],[145.732576,-40.947983],[145.680104,-40.938121],[145.653703,-40.940308],[145.63592,-40.933088],[145.6218,-40.932104],[145.595208,-40.923991],[145.583882,-40.913801],[145.560472,-40.916817],[145.546148,-40.909124],[145.535147,-40.894572],[145.522323,-40.887648],[145.522728,-40.876993],[145.513028,-40.866325],[145.511598,-40.853572],[145.481613,-40.868816],[145.446049,-40.87123],[145.427828,-40.867513],[145.382688,-40.849649],[145.343865,-40.851039],[145.312878,-40.835213],[145.287534,-40.802727],[145.292485,-40.825296],[145.269072,-40.811055],[145.273282,-40.789446],[145.288926,-40.766309],[145.301673,-40.768756],[145.293982,-40.750822],[145.299444,-40.7437],[145.281504,-40.738545],[145.269001,-40.727983],[145.260449,-40.712348],[145.252619,-40.715537],[145.250876,-40.729975],[145.269441,-40.758245],[145.263926,-40.775863],[145.26687,-40.789373],[145.254165,-40.806562],[145.241827,-40.801644],[145.248004,-40.790641],[145.217146,-40.801094],[145.187798,-40.804082],[145.13384,-40.802853],[145.148497,-40.817884],[145.13318,-40.825362],[145.121671,-40.83861],[145.114779,-40.821925],[145.103701,-40.810997],[145.090832,-40.815701],[145.070136,-40.809455],[145.052654,-40.786872],[145.038842,-40.780598],[145.022622,-40.788223],[145.018296,-40.7801],[145.000608,-40.77509],[144.995262,-40.755355],[144.9775,-40.743067],[144.967383,-40.751841],[144.937351,-40.755435],[144.922959,-40.765379],[144.907807,-40.750791],[144.881322,-40.749565],[144.861473,-40.744537],[144.841833,-40.735334],[144.832949,-40.717588],[144.812316,-40.723984],[144.804672,-40.713687],[144.785517,-40.708478],[144.771719,-40.709213],[144.748795,-40.689532],[144.740568,-40.672344],[144.728141,-40.656078],[144.714373,-40.656262],[144.692601,-40.663244],[144.684805,-40.678803],[144.697721,-40.689591],[144.680593,-40.712645],[144.686309,-40.726079],[144.68453,-40.741482],[144.692045,-40.752237],[144.708624,-40.754869],[144.70957,-40.771647],[144.69744,-40.783046],[144.704441,-40.791137],[144.698397,-40.805997],[144.700941,-40.825052],[144.713019,-40.835521],[144.713186,-40.853305],[144.705235,-40.861831],[144.698604,-40.888437],[144.685823,-40.905603],[144.676979,-40.909784],[144.658253,-40.904221],[144.648855,-40.920077],[144.633048,-40.920452],[144.629488,-40.931156],[144.618358,-40.933251],[144.634359,-40.967445],[144.630562,-41.000596],[144.616623,-41.009142],[144.618488,-41.022064],[144.633273,-41.034222],[144.638908,-41.045345],[144.652283,-41.046852],[144.673047,-41.080362],[144.677442,-41.097726],[144.671378,-41.138701],[144.679877,-41.144032],[144.673137,-41.162217],[144.690314,-41.18851],[144.694643,-41.205889],[144.683535,-41.234722],[144.698669,-41.254117],[144.705924,-41.254754],[144.719749,-41.301484],[144.739147,-41.312593],[144.741874,-41.32971],[144.754365,-41.335677],[144.773686,-41.359147],[144.780954,-41.379654],[144.781861,-41.397029],[144.776325,-41.407145],[144.745887,-41.421491],[144.773736,-41.436123],[144.78528,-41.445714],[144.794708,-41.462989],[144.808555,-41.478737],[144.81488,-41.492531],[144.8377,-41.513999],[144.876028,-41.568814],[144.889072,-41.589755],[144.904463,-41.631871],[144.897118,-41.639508],[144.926202,-41.677086],[144.911097,-41.686697],[144.921855,-41.716106],[144.934046,-41.724538],[144.944325,-41.717748],[144.962298,-41.720608],[144.990653,-41.747996],[144.994948,-41.762164],[145.008095,-41.772766],[145.004806,-41.778826],[145.02365,-41.804546],[145.032888,-41.806018],[145.045217,-41.820616],[145.056788,-41.824076],[145.06756,-41.840878],[145.07146,-41.854712],[145.114085,-41.883351],[145.124435,-41.900499],[145.15193,-41.913818],[145.156669,-41.923172],[145.173969,-41.928457],[145.187506,-41.941154],[145.214724,-41.984537],[145.235237,-42.02333],[145.251857,-42.060057],[145.259847,-42.087319],[145.263729,-42.112306],[145.264108,-42.144824],[145.256775,-42.178151],[145.241282,-42.199986],[145.224495,-42.213816],[145.22792,-42.221463],[145.249216,-42.220926],[145.268076,-42.232105],[145.289682,-42.227293],[145.285037,-42.210097],[145.268149,-42.202388],[145.293762,-42.179167],[145.318421,-42.17284],[145.311765,-42.160365],[145.319867,-42.153794],[145.336301,-42.167103],[145.359658,-42.177352],[145.360161,-42.188541],[145.346048,-42.20647],[145.369245,-42.214741],[145.371084,-42.227413],[145.360632,-42.235355],[145.399698,-42.277471],[145.426352,-42.293553],[145.432466,-42.314304],[145.463377,-42.32346],[145.46756,-42.346129],[145.484014,-42.347006],[145.49946,-42.332343],[145.517507,-42.339768],[145.518349,-42.349893],[145.532711,-42.36313],[145.549569,-42.355322],[145.555765,-42.364042],[145.543189,-42.375001],[145.533899,-42.392427],[145.536691,-42.399666],[145.525506,-42.423619],[145.504825,-42.435973],[145.486287,-42.422586],[145.458028,-42.434789],[145.470956,-42.450429],[145.472447,-42.463935],[145.480201,-42.475379],[145.472315,-42.500994],[145.481796,-42.525698],[145.466096,-42.519052],[145.461906,-42.500602],[145.465878,-42.48697],[145.457859,-42.460569],[145.44664,-42.437442],[145.447626,-42.419922],[145.453279,-42.404432],[145.442448,-42.401174],[145.430727,-42.381948],[145.412657,-42.371697],[145.393513,-42.374271],[145.37291,-42.355839],[145.366204,-42.355727],[145.349226,-42.341646],[145.337962,-42.34441],[145.330972,-42.330395],[145.310036,-42.320457],[145.311588,-42.298902],[145.292655,-42.295823],[145.289586,-42.282895],[145.279138,-42.281619],[145.266261,-42.290977],[145.253472,-42.288472],[145.256062,-42.267325],[145.237054,-42.263355],[145.232538,-42.247891],[145.221007,-42.242017],[145.224859,-42.22842],[145.197955,-42.197699],[145.17711,-42.193085],[145.17197,-42.204489],[145.191682,-42.213333],[145.19362,-42.228312],[145.189167,-42.242615],[145.20588,-42.254422],[145.213726,-42.277729],[145.213811,-42.298368],[145.19828,-42.309464],[145.197151,-42.327216],[145.211169,-42.339212],[145.223181,-42.355295],[145.229093,-42.375804],[145.225052,-42.381527],[145.23552,-42.394714],[145.241007,-42.412962],[145.236946,-42.416718],[145.25389,-42.443508],[145.244949,-42.464616],[145.236012,-42.472303],[145.244484,-42.486698],[145.255029,-42.488749],[145.261198,-42.503988],[145.258172,-42.51753],[145.267469,-42.528593],[145.280056,-42.557959],[145.299221,-42.577243],[145.301714,-42.599051],[145.28083,-42.614927],[145.262096,-42.61903],[145.274129,-42.631177],[145.290029,-42.622514],[145.312212,-42.622347],[145.331365,-42.637156],[145.330967,-42.646163],[145.36621,-42.656512],[145.365324,-42.687453],[145.374018,-42.694586],[145.383267,-42.728225],[145.392685,-42.734723],[145.38059,-42.748167],[145.382637,-42.768704],[145.407195,-42.784572],[145.418968,-42.802107],[145.42384,-42.827561],[145.420851,-42.837089],[145.43898,-42.865299],[145.435783,-42.871304],[145.454225,-42.892393],[145.458743,-42.905374],[145.473028,-42.907011],[145.482739,-42.915923],[145.493295,-42.940444],[145.497297,-42.965702],[145.493596,-42.973962],[145.512706,-42.981429],[145.532349,-42.983369],[145.550087,-42.975439],[145.577077,-42.971065],[145.607522,-42.99068],[145.605007,-42.996664],[145.616993,-43.014253],[145.630479,-43.019279],[145.651932,-43.049548],[145.660026,-43.043816],[145.686897,-43.05841],[145.669752,-43.081184],[145.686785,-43.108377],[145.70107,-43.120427],[145.720792,-43.109572],[145.73111,-43.113927],[145.726439,-43.136928],[145.741034,-43.143528],[145.74686,-43.158098],[145.757941,-43.164892],[145.761563,-43.193252],[145.78295,-43.186611],[145.795265,-43.192405],[145.804714,-43.208901],[145.796684,-43.219055],[145.808787,-43.229177],[145.808494,-43.246715],[145.818721,-43.258186],[145.815667,-43.278516],[145.828771,-43.281549],[145.860012,-43.318133],[145.870537,-43.322614],[145.878681,-43.3108],[145.920475,-43.295251],[145.923948,-43.267433],[145.904522,-43.271855],[145.897572,-43.281734],[145.880696,-43.289684],[145.871825,-43.286053],[145.864555,-43.271932],[145.871797,-43.258673],[145.897146,-43.264139],[145.90749,-43.248351],[145.92673,-43.24774],[145.916801,-43.20475],[145.910036,-43.194087],[145.92572,-43.183331],[145.920472,-43.161382],[145.940454,-43.150439],[145.966528,-43.131295],[145.979595,-43.128207],[145.992701,-43.100646],[145.979982,-43.090356],[145.973915,-43.077692],[145.982004,-43.072402],[145.974613,-43.060139],[145.978141,-43.039171],[145.978159,-43.017499],[145.991437,-43.004516],[145.992963,-42.978703],[145.977021,-42.96246],[145.94052,-42.930574],[145.933796,-42.907494],[145.947531,-42.902228],[145.854263,-42.742966],[145.842663,-42.72503],[145.858025,-42.713874],[145.873548,-42.713155],[145.866864,-42.698597],[145.887098,-42.699675],[145.902245,-42.693196],[145.909128,-42.681768],[145.928044,-42.682029],[145.934281,-42.669417],[145.954701,-42.665621],[145.967088,-42.648574],[145.963868,-42.635821],[145.979887,-42.627636],[145.99276,-42.59866],[146.016433,-42.566126],[146.032682,-42.547628],[146.029295,-42.538241],[146.053361,-42.528553],[146.073511,-42.511211],[146.089743,-42.489986],[146.080732,-42.477066],[146.12571,-42.436789],[146.133106,-42.4136],[146.118229,-42.404357],[146.099548,-42.402409],[146.11245,-42.388647],[146.110305,-42.375474],[146.099125,-42.369677],[146.096186,-42.341178],[146.10695,-42.305306],[146.09069,-42.283916],[146.075328,-42.21047],[145.999753,-42.0669],[146.023422,-42.039447],[146.014916,-42.005321],[146.050484,-41.974556],[146.036418,-41.930915],[145.964646,-41.725521],[145.951331,-41.684662],[145.853526,-41.582863],[145.852831,-41.465863],[145.954065,-41.451806],[146.082866,-41.456594],[146.092537,-41.443355],[146.090306,-41.429678],[146.092996,-41.406962],[146.102339,-41.402284],[146.112479,-41.385429],[146.11467,-41.37119],[146.128718,-41.368729],[146.153993,-41.357323],[146.176291,-41.341565],[146.185555,-41.320484],[146.205314,-41.310799],[146.203298,-41.287246],[146.216538,-41.275955],[146.248055,-41.277936],[146.265684,-41.265593],[146.321033,-41.271849],[146.323461,-41.254969],[146.349472,-41.242148],[146.370102,-41.266802],[146.357527,-41.272633],[146.358921,-41.284202],[146.398708,-41.288963],[146.444449,-41.297836],[146.447,-41.315195],[146.459757,-41.319725],[146.459497,-41.344207],[146.479025,-41.360698],[146.484519,-41.375631],[146.494373,-41.37673],[146.528035,-41.365072],[146.54558,-41.367394],[146.557269,-41.357945],[146.589922,-41.361746],[146.583073,-41.353196],[146.589574,-41.334794],[146.617472,-41.3379],[146.619945,-41.324477],[146.703586,-41.33269]]],[[[144.13823,-39.933889],[144.135646,-39.924383],[144.111387,-39.913816],[144.105013,-39.891295],[144.106584,-39.866197],[144.118168,-39.850316],[144.127918,-39.822138],[144.111627,-39.799594],[144.10179,-39.764481],[144.100803,-39.737075],[144.109925,-39.677727],[144.109657,-39.669979],[144.068915,-39.644025],[144.051478,-39.625462],[144.01259,-39.608841],[144.004207,-39.59817],[143.98439,-39.600984],[143.975964,-39.592113],[143.956389,-39.585389],[143.940558,-39.584475],[143.924982,-39.612159],[143.931755,-39.620402],[143.932529,-39.649732],[143.922707,-39.668873],[143.891328,-39.698318],[143.875148,-39.700392],[143.866022,-39.709556],[143.84424,-39.715568],[143.854246,-39.750678],[143.851519,-39.757311],[143.856659,-39.778324],[143.866013,-39.801015],[143.859078,-39.81616],[143.867172,-39.833486],[143.858769,-39.849725],[143.856308,-39.864032],[143.844206,-39.876864],[143.847086,-39.894641],[143.835297,-39.902223],[143.833303,-39.915546],[143.845028,-39.940751],[143.869006,-39.958089],[143.868174,-39.96351],[143.884299,-39.975596],[143.885039,-39.998922],[143.892987,-40.010933],[143.884037,-40.028189],[143.890026,-40.053951],[143.865496,-40.068366],[143.876111,-40.097308],[143.875275,-40.116764],[143.887586,-40.12202],[143.904426,-40.121394],[143.905498,-40.139205],[143.925725,-40.157964],[143.928683,-40.143357],[143.921046,-40.134081],[143.941026,-40.123376],[143.949699,-40.112923],[143.977311,-40.106056],[143.989663,-40.09824],[144.003781,-40.099684],[144.011797,-40.093436],[144.028889,-40.090442],[144.037146,-40.080024],[144.050871,-40.074095],[144.070387,-40.05144],[144.105961,-40.042521],[144.100807,-40.028812],[144.116243,-40.018145],[144.113551,-40.008047],[144.128013,-39.993243],[144.133027,-39.977346],[144.131265,-39.963351],[144.13823,-39.933889]]],[[[145.067883,-40.714494],[145.044316,-40.689174],[145.014638,-40.681837],[144.968174,-40.655458],[144.942744,-40.651955],[144.936302,-40.638497],[144.919365,-40.624943],[144.915109,-40.640646],[144.903128,-40.657129],[144.87183,-40.678599],[144.876441,-40.710768],[144.872801,-40.724955],[144.893737,-40.74048],[144.905784,-40.739463],[144.919415,-40.728478],[144.943067,-40.731348],[144.963864,-40.712192],[144.976938,-40.707686],[145.008309,-40.711415],[145.031189,-40.706038],[145.042145,-40.715909],[145.067883,-40.714494]]],[[[144.792726,-40.417558],[144.774453,-40.4259],[144.765126,-40.453438],[144.772548,-40.464634],[144.755862,-40.485733],[144.730751,-40.489194],[144.72137,-40.481409],[144.710873,-40.492503],[144.718277,-40.500491],[144.719905,-40.513818],[144.733166,-40.550062],[144.725519,-40.566191],[144.735489,-40.592882],[144.757535,-40.605984],[144.767557,-40.596955],[144.776273,-40.575666],[144.76961,-40.555399],[144.771284,-40.533477],[144.78562,-40.520308],[144.791029,-40.507352],[144.786718,-40.499106],[144.792562,-40.479053],[144.788194,-40.427425],[144.792726,-40.417558]]],[[[144.969887,-40.426313],[144.956215,-40.412446],[144.959055,-40.400055],[144.926183,-40.391706],[144.913897,-40.397452],[144.881221,-40.393372],[144.883924,-40.415373],[144.865414,-40.431975],[144.843007,-40.436048],[144.835738,-40.445234],[144.850925,-40.45246],[144.858052,-40.468834],[144.872439,-40.471589],[144.896639,-40.483856],[144.913024,-40.481114],[144.932322,-40.470307],[144.946431,-40.451349],[144.947913,-40.438604],[144.969887,-40.426313]]],[[[145.104473,-40.793431],[145.063229,-40.767121],[145.044247,-40.751168],[145.04007,-40.774177],[145.045964,-40.782596],[145.059712,-40.785353],[145.077657,-40.794962],[145.104473,-40.793431]]],[[[144.949955,-40.62121],[144.934864,-40.595907],[144.938497,-40.589407],[144.927522,-40.577381],[144.919959,-40.613082],[144.931839,-40.618972],[144.935869,-40.62931],[144.949955,-40.62121]]]]},"bbox":[143.833303,-43.322614,146.76206,-39.584475]},
{"properties":{"electorateShortName":"clark","electorateName":"Clark","area":292.264918,"state":"TAS"},"type":"Feature","geometry":{"type":"Polygon","coordinates":[[[147.316069,-42.973681],[147.321578,-42.979526],[147.338563,-42.974427],[147.344532,-42.954768],[147.35585,-42.951108],[147.361953,-42.926069],[147.355722,-42.908636],[147.332239,-42.90022],[147.341468,-42.88224],[147.336789,-42.864589],[147.319663,-42.855131],[147.327849,-42.84461],[147.317326,-42.829185],[147.298018,-42.818736],[147.279306,-42.825996],[147.255959,-42.815145],[147.257206,-42.801509],[147.269359,-42.790785],[147.256845,-42.782797],[147.253576,-42.769487],[147.226904,-42.75042],[147.212892,-42.766963],[147.201103,-42.78666],[147.200835,-42.806465],[147.178795,-42.814609],[147.173858,-42.829746],[147.153641,-42.834332],[147.146491,-42.849228],[147.150353,-42.858481],[147.150368,-42.913351],[147.157296,-42.91969],[147.151538,-42.939133],[147.146155,-42.974447],[147.170752,-42.979051],[147.18111,-42.985523],[147.214393,-42.979999],[147.249082,-42.966519],[147.274267,-42.972343],[147.297007,-42.965192],[147.316069,-42.973681]]]},"bbox":[147.146155,-42.985523,147.361953,-42.75042]},
{"properties":{"electorateShortName":"franklin","electorateName":"Franklin","area":10009.231126,"state":"TAS"},"type":"Feature","geometry":{"type":"MultiPolygon","coordinates":[[[[145.940454,-43.150439],[145.921338,-43.163191],[145.927708,-43.185034],[145.915252,-43.194875],[145.946408,-43.230004],[145.965056,-43.228409],[145.975954,-43.234805],[145.970346,-43.276138],[145.96079,-43.295028],[145.984152,-43.31058],[145.983475,-43.322635],[146.00601,-43.320746],[146.010186,-43.335244],[146.049071,-43.337266],[146.051739,-43.311267],[146.061233,-43.307124],[146.084282,-43.340223],[146.093902,-43.339512],[146.111866,-43.348394],[146.136408,-43.345624],[146.141136,-43.322429],[146.15762,-43.311349],[146.15213,-43.302723],[146.168445,-43.291051],[146.176098,-43.298348],[146.171483,-43.319242],[146.189056,-43.315211],[146.208616,-43.330501],[146.219224,-43.321101],[146.227774,-43.355492],[146.225431,-43.375946],[146.20907,-43.375634],[146.210264,-43.363576],[146.166396,-43.361656],[146.167329,-43.379396],[146.150002,-43.3874],[146.134511,-43.380877],[146.123799,-43.352064],[146.075216,-43.349447],[146.091597,-43.36448],[146.079361,-43.370266],[146.073127,-43.35777],[146.045973,-43.346383],[146.022198,-43.34732],[146.00672,-43.339682],[145.981797,-43.333342],[145.975078,-43.349155],[145.992119,-43.351145],[145.991821,-43.362755],[145.974773,-43.361772],[145.970756,-43.369699],[145.953241,-43.359387],[145.94634,-43.371779],[145.935622,-43.369677],[145.924789,-43.38591],[145.938057,-43.39024],[145.948061,-43.38129],[145.964525,-43.382612],[145.976372,-43.395226],[145.977058,-43.405234],[145.996739,-43.40807],[145.999306,-43.431626],[146.014851,-43.459437],[146.032045,-43.468215],[146.027455,-43.488205],[146.035876,-43.494866],[146.041914,-43.513972],[146.040929,-43.530554],[146.033795,-43.539963],[146.038025,-43.547711],[146.069952,-43.556499],[146.075735,-43.543675],[146.09073,-43.542489],[146.094658,-43.552842],[146.11292,-43.551714],[146.108261,-43.526999],[146.136493,-43.518296],[146.142256,-43.504229],[146.156717,-43.501992],[146.161542,-43.516419],[146.177565,-43.511374],[146.19159,-43.538759],[146.209618,-43.534836],[146.21388,-43.502825],[146.224921,-43.491321],[146.250043,-43.489828],[146.26229,-43.492538],[146.276121,-43.503585],[146.26897,-43.526175],[146.295381,-43.54399],[146.317811,-43.536247],[146.3203,-43.527311],[146.338237,-43.51663],[146.358641,-43.515269],[146.367572,-43.520236],[146.37264,-43.535039],[146.391538,-43.530271],[146.405565,-43.539816],[146.423017,-43.534566],[146.459469,-43.542578],[146.471368,-43.536602],[146.48746,-43.539278],[146.50874,-43.524066],[146.531671,-43.531364],[146.542175,-43.523268],[146.587519,-43.538719],[146.552587,-43.512421],[146.548678,-43.475434],[146.563459,-43.466396],[146.578282,-43.485135],[146.574582,-43.495474],[146.575188,-43.524626],[146.597664,-43.541162],[146.604618,-43.550487],[146.59859,-43.557836],[146.61081,-43.568748],[146.628537,-43.565512],[146.644871,-43.582022],[146.657227,-43.584234],[146.652777,-43.596177],[146.686091,-43.596701],[146.692566,-43.614205],[146.705755,-43.629264],[146.725255,-43.627703],[146.746118,-43.60999],[146.761957,-43.611946],[146.8004,-43.601745],[146.831278,-43.615117],[146.83871,-43.630761],[146.863376,-43.632027],[146.92155,-43.599235],[146.916913,-43.59392],[146.91945,-43.575661],[146.891605,-43.57547],[146.895623,-43.561964],[146.887947,-43.549413],[146.896559,-43.526067],[146.918774,-43.535125],[146.956025,-43.528157],[146.943294,-43.501449],[146.928992,-43.49667],[146.942028,-43.478121],[146.960198,-43.476501],[146.972545,-43.468638],[146.995444,-43.480537],[146.996446,-43.461872],[146.983224,-43.454706],[146.948668,-43.453098],[146.930454,-43.440812],[146.923638,-43.415583],[146.950553,-43.44738],[146.973022,-43.431905],[147.003066,-43.433992],[147.013471,-43.443554],[147.026432,-43.435817],[147.012442,-43.42207],[147.021789,-43.411587],[147.016661,-43.403277],[147.029897,-43.397188],[147.032016,-43.386309],[147.046012,-43.380001],[147.052646,-43.357316],[147.019319,-43.333896],[147.002395,-43.334029],[147.011916,-43.315833],[147.045042,-43.312302],[147.069021,-43.32422],[147.080573,-43.292427],[147.098989,-43.291849],[147.097614,-43.280188],[147.068004,-43.263638],[147.064544,-43.249102],[147.053716,-43.247952],[147.006602,-43.220531],[146.98811,-43.203489],[146.971896,-43.204],[146.967056,-43.17744],[146.98069,-43.158917],[146.98152,-43.131712],[146.993008,-43.128655],[146.991347,-43.118735],[147.021456,-43.076977],[147.029687,-43.058653],[147.041852,-43.059455],[147.021804,-43.091959],[147.018802,-43.11225],[147.011641,-43.117863],[147.006651,-43.137977],[146.997206,-43.146956],[147.000024,-43.154641],[146.994548,-43.173192],[146.984409,-43.189432],[147.024714,-43.200027],[147.027771,-43.209647],[147.045571,-43.212945],[147.059436,-43.220129],[147.075733,-43.208888],[147.071807,-43.202332],[147.100957,-43.187503],[147.105195,-43.203741],[147.114156,-43.210685],[147.092446,-43.218564],[147.095352,-43.241306],[147.10287,-43.252026],[147.123118,-43.242831],[147.138896,-43.24802],[147.142274,-43.265607],[147.152061,-43.276272],[147.167749,-43.283386],[147.188996,-43.276249],[147.219485,-43.281036],[147.242502,-43.268117],[147.240448,-43.256604],[147.255603,-43.238085],[147.260974,-43.223517],[147.257229,-43.200086],[147.242579,-43.182027],[147.238584,-43.154448],[147.247936,-43.14061],[147.249847,-43.128192],[147.269388,-43.121944],[147.274287,-43.104451],[147.285887,-43.103521],[147.300248,-43.092332],[147.300493,-43.084758],[147.279037,-43.074919],[147.258087,-43.069488],[147.268573,-43.054358],[147.267323,-43.044117],[147.279916,-43.026768],[147.26928,-43.021282],[147.285343,-43.009769],[147.290526,-43.026287],[147.314093,-43.059496],[147.333442,-43.058639],[147.345149,-43.049127],[147.330434,-43.010675],[147.32415,-43.006165],[147.33042,-42.989362],[147.316069,-42.973681],[147.297007,-42.965192],[147.274267,-42.972343],[147.249082,-42.966519],[147.214393,-42.979999],[147.18111,-42.985523],[147.170752,-42.979051],[147.146155,-42.974447],[147.151538,-42.939133],[147.157296,-42.91969],[147.150368,-42.913351],[147.051271,-42.900384],[147.044641,-42.909126],[147.02279,-42.90777],[147.010492,-42.901107],[147.009243,-42.888143],[146.990529,-42.885838],[146.970537,-42.888752],[146.955489,-42.882079],[146.940581,-42.885867],[146.925991,-42.895278],[146.937466,-42.928528],[146.916581,-42.933688],[146.879704,-42.935433],[146.880302,-42.948977],[146.873892,-42.95463],[146.855266,-42.939115],[146.846451,-42.908202],[146.805489,-42.894637],[146.797936,-42.903674],[146.780537,-42.898608],[146.776179,-42.88424],[146.765581,-42.874138],[146.739431,-42.871195],[146.723042,-42.858121],[146.697394,-42.857529],[146.675126,-42.849611],[146.65657,-42.847634],[146.647289,-42.853658],[146.646037,-42.865036],[146.652731,-42.876296],[146.658083,-42.903404],[146.648406,-42.921704],[146.458808,-43.087277],[146.222191,-43.118804],[146.08907,-43.053903],[145.978141,-43.039171],[145.974613,-43.060139],[145.982004,-43.072402],[145.973915,-43.077692],[145.979982,-43.090356],[145.992701,-43.100646],[145.979595,-43.128207],[145.966528,-43.131295],[145.940454,-43.150439]]],[[[147.433271,-43.231656],[147.427952,-43.209084],[147.410771,-43.200547],[147.413644,-43.181276],[147.406362,-43.166813],[147.39302,-43.16387],[147.394215,-43.137436],[147.400789,-43.127283],[147.389599,-43.121063],[147.382801,-43.101464],[147.374408,-43.089272],[147.362585,-43.086779],[147.367631,-43.071824],[147.351972,-43.063679],[147.346239,-43.074943],[147.326107,-43.08662],[147.314736,-43.118934],[147.328409,-43.130998],[147.329781,-43.141548],[147.30963,-43.139885],[147.290289,-43.14288],[147.300954,-43.168462],[147.299489,-43.180866],[147.317643,-43.176972],[147.346782,-43.186081],[147.361713,-43.176301],[147.377895,-43.176779],[147.38646,-43.196517],[147.375729,-43.214859],[147.365993,-43.209101],[147.353043,-43.213347],[147.347527,-43.226285],[147.357883,-43.255799],[147.334419,-43.283915],[147.317638,-43.294773],[147.302942,-43.287132],[147.29785,-43.269028],[147.286104,-43.265938],[147.271597,-43.276041],[147.27108,-43.295519],[147.253233,-43.299418],[147.241484,-43.312626],[147.240417,-43.329166],[147.222336,-43.339846],[147.222871,-43.364423],[147.212788,-43.382357],[147.198643,-43.379384],[147.200449,-43.369425],[147.186952,-43.359381],[147.179811,-43.373259],[147.185944,-43.384685],[147.175365,-43.393951],[147.174277,-43.423514],[147.184617,-43.431562],[147.180114,-43.454773],[147.163777,-43.464994],[147.131375,-43.432735],[147.115239,-43.411234],[147.098988,-43.413428],[147.097909,-43.433023],[147.11461,-43.437294],[147.118124,-43.446354],[147.13565,-43.458103],[147.134681,-43.483938],[147.159387,-43.483352],[147.179044,-43.489814],[147.197606,-43.455414],[147.202009,-43.419163],[147.227259,-43.41257],[147.240774,-43.416234],[147.241973,-43.425713],[147.225905,-43.433909],[147.245864,-43.440396],[147.255796,-43.457721],[147.244523,-43.488487],[147.270726,-43.493299],[147.271773,-43.500564],[147.293506,-43.510874],[147.301558,-43.510403],[147.327404,-43.494492],[147.320875,-43.469109],[147.326964,-43.449733],[147.344451,-43.437623],[147.337912,-43.423253],[147.348567,-43.405234],[147.381457,-43.378401],[147.379637,-43.361319],[147.369201,-43.353676],[147.349725,-43.368222],[147.328296,-43.360183],[147.320304,-43.343992],[147.324436,-43.318823],[147.320347,-43.310506],[147.33161,-43.288628],[147.362154,-43.260594],[147.401028,-43.242805],[147.415942,-43.240573],[147.429092,-43.248728],[147.433271,-43.231656]]],[[[147.292566,-42.790883],[147.281926,-42.797003],[147.294137,-42.809418],[147.319935,-42.816675],[147.333777,-42.841081],[147.354622,-42.857453],[147.35094,-42.870474],[147.363062,-42.87863],[147.404691,-42.884291],[147.417327,-42.908852],[147.409231,-42.918964],[147.408057,-42.935199],[147.421401,-42.939748],[147.433419,-42.924363],[147.435069,-42.908677],[147.458487,-42.911718],[147.479007,-42.90631],[147.484269,-42.910388],[147.464751,-42.92345],[147.456313,-42.936679],[147.449326,-42.970179],[147.472935,-42.974281],[147.478482,-42.982108],[147.468829,-42.999289],[147.472811,-43.023309],[147.452226,-43.032634],[147.430092,-43.027571],[147.427736,-43.013002],[147.417537,-43.002823],[147.417869,-42.984372],[147.40407,-42.984539],[147.397036,-43.006683],[147.41271,-43.014469],[147.414661,-43.027422],[147.404125,-43.036945],[147.423026,-43.043283],[147.456651,-43.033598],[147.477069,-43.032643],[147.500455,-43.022061],[147.52137,-43.020832],[147.5288,-43.006036],[147.51331,-42.955415],[147.532867,-42.958348],[147.536449,-42.941586],[147.525226,-42.926031],[147.512554,-42.916173],[147.494968,-42.911283],[147.500809,-42.891742],[147.511077,-42.87607],[147.503627,-42.86429],[147.529161,-42.847302],[147.564561,-42.837869],[147.589138,-42.838209],[147.594934,-42.829823],[147.578578,-42.825114],[147.547155,-42.825146],[147.532302,-42.828035],[147.502556,-42.819075],[147.491197,-42.827953],[147.481186,-42.826779],[147.47466,-42.815752],[147.459344,-42.809132],[147.437463,-42.786244],[147.434128,-42.77554],[147.418517,-42.787745],[147.392172,-42.772515],[147.375254,-42.771226],[147.368526,-42.761214],[147.347579,-42.777447],[147.332586,-42.766641],[147.326189,-42.780478],[147.311656,-42.782187],[147.292566,-42.790883]]],[[[146.377614,-43.596448],[146.37484,-43.586771],[146.337733,-43.590831],[146.341257,-43.602818],[146.35934,-43.606963],[146.377614,-43.596448]]],[[[147.490874,-43.062006],[147.484844,-43.044846],[147.472132,-43.045822],[147.490874,-43.062006]]]]},"bbox":[145.915252,-43.632027,147.594934,-42.761214]},
{"properties":{"electorateShortName":"lyons","electorateName":"Lyons","area":35721.830094,"state":"TAS"},"type":"Feature","geometry":{"type":"MultiPolygon","coordinates":[[[[147.434128,-42.77554],[147.448728,-42.768297],[147.468398,-42.772457],[147.456874,-42.781351],[147.466344,-42.792329],[147.487271,-42.803107],[147.512057,-42.782992],[147.527827,-42.805182],[147.539722,-42.80117],[147.530285,-42.790592],[147.538792,-42.784798],[147.551738,-42.793318],[147.587838,-42.797638],[147.601229,-42.803164],[147.59673,-42.813354],[147.605553,-42.83061],[147.621242,-42.842508],[147.610119,-42.865916],[147.641898,-42.877776],[147.641854,-42.890014],[147.65954,-42.886605],[147.680151,-42.900145],[147.69498,-42.891238],[147.704233,-42.894464],[147.721994,-42.886558],[147.751873,-42.90114],[147.781698,-42.899662],[147.794848,-42.891665],[147.814782,-42.88853],[147.835673,-42.864804],[147.844038,-42.845775],[147.853259,-42.842873],[147.861142,-42.827069],[147.873337,-42.831452],[147.869015,-42.808194],[147.872278,-42.786681],[147.88239,-42.763832],[147.900001,-42.743854],[147.938087,-42.734406],[147.947273,-42.709103],[147.938763,-42.700692],[147.944942,-42.690436],[147.957541,-42.685019],[147.962992,-42.669542],[147.953484,-42.66107],[147.95548,-42.644901],[147.931612,-42.631559],[147.945698,-42.610174],[147.910613,-42.581337],[147.907718,-42.569437],[147.881807,-42.566941],[147.87161,-42.55724],[147.888446,-42.54526],[147.91337,-42.548512],[147.910219,-42.531201],[147.898598,-42.521309],[147.907628,-42.510776],[147.930358,-42.530803],[147.932352,-42.550122],[147.955031,-42.551446],[147.958205,-42.531939],[147.975255,-42.516159],[147.988776,-42.524541],[148.011088,-42.509337],[147.997042,-42.501569],[147.996728,-42.476206],[148.007543,-42.458225],[148.009872,-42.44028],[148.000035,-42.440372],[147.993284,-42.418245],[147.980503,-42.405351],[147.987756,-42.389042],[148.008584,-42.373728],[148.009847,-42.363239],[148.02459,-42.342416],[148.014536,-42.320515],[147.996058,-42.311551],[147.988072,-42.324824],[147.970389,-42.32587],[147.981285,-42.31059],[148.000346,-42.309933],[148.003679,-42.296382],[148.015615,-42.285468],[148.014807,-42.268237],[148.024437,-42.254426],[148.013167,-42.249462],[148.013583,-42.23935],[148.043948,-42.203008],[148.065971,-42.192517],[148.078859,-42.163013],[148.075869,-42.123244],[148.072993,-42.112401],[148.09735,-42.09738],[148.123932,-42.092425],[148.165537,-42.09135],[148.199884,-42.09417],[148.231032,-42.09953],[148.233427,-42.092572],[148.211365,-42.084914],[148.183822,-42.08189],[148.167508,-42.084963],[148.150762,-42.074493],[148.129601,-42.080244],[148.122972,-42.070386],[148.129528,-42.061112],[148.152545,-42.062212],[148.165024,-42.051755],[148.162358,-42.038668],[148.144587,-42.03719],[148.145366,-42.015408],[148.165862,-41.996286],[148.173422,-42.008975],[148.198259,-42.02066],[148.217841,-42.001674],[148.212291,-41.99628],[148.230875,-41.984062],[148.245414,-41.992401],[148.243049,-42.002531],[148.222077,-42.020941],[148.21431,-42.035654],[148.192954,-42.036052],[148.179861,-42.04304],[148.156829,-42.065179],[148.162198,-42.077946],[148.18697,-42.077836],[148.197645,-42.067186],[148.208443,-42.077391],[148.241674,-42.091033],[148.236793,-42.101073],[148.251074,-42.114526],[148.267619,-42.112348],[148.298424,-42.12564],[148.297604,-42.140164],[148.272561,-42.148554],[148.259259,-42.165704],[148.271446,-42.168477],[148.291519,-42.190358],[148.290475,-42.198604],[148.276665,-42.207707],[148.269643,-42.22557],[148.25394,-42.228446],[148.251566,-42.243045],[148.257732,-42.252078],[148.27991,-42.254491],[148.288799,-42.260449],[148.29572,-42.283048],[148.324086,-42.25347],[148.320903,-42.24501],[148.331387,-42.230405],[148.341293,-42.227142],[148.342897,-42.211152],[148.355722,-42.193119],[148.349605,-42.179932],[148.315592,-42.169199],[148.301286,-42.172741],[148.299188,-42.161696],[148.31345,-42.160206],[148.324203,-42.149314],[148.319607,-42.132453],[148.344028,-42.123163],[148.345388,-42.118468],[148.323629,-42.09194],[148.30961,-42.057028],[148.297974,-42.05708],[148.288276,-42.04725],[148.283447,-42.032806],[148.283754,-42.003786],[148.289377,-41.982665],[148.297936,-41.965853],[148.3098,-41.961411],[148.302505,-41.949813],[148.302524,-41.9369],[148.319679,-41.925063],[148.32359,-41.917201],[148.304019,-41.8913],[148.310938,-41.873282],[148.287446,-41.865809],[148.277189,-41.855732],[148.267856,-41.836327],[148.264479,-41.810011],[148.266786,-41.793376],[148.284295,-41.757798],[148.302147,-41.740755],[148.289322,-41.734822],[148.284073,-41.719999],[148.287896,-41.701127],[148.29523,-41.693173],[148.289053,-41.684514],[148.293183,-41.658961],[148.30149,-41.645818],[148.312096,-41.639165],[148.320296,-41.621392],[148.314586,-41.571299],[148.299263,-41.558037],[148.286169,-41.552486],[148.278979,-41.515844],[148.266246,-41.485072],[148.266477,-41.462171],[148.279182,-41.416605],[148.290054,-41.398553],[148.295684,-41.371856],[148.314344,-41.344693],[148.327304,-41.306454],[148.342571,-41.290382],[148.358946,-41.281473],[148.356402,-41.27395],[148.331816,-41.283025],[148.32349,-41.298533],[148.313922,-41.303134],[148.309474,-41.316973],[148.291494,-41.32468],[148.27158,-41.339573],[148.259818,-41.337527],[148.252002,-41.323734],[148.268654,-41.322005],[148.27445,-41.291279],[148.283161,-41.281764],[148.296917,-41.290775],[148.290613,-41.304037],[148.312539,-41.298949],[148.309885,-41.288513],[148.333317,-41.271103],[148.338153,-41.254367],[148.309908,-41.248364],[148.299865,-41.250687],[148.283663,-41.227757],[148.275632,-41.207706],[148.269566,-41.182875],[148.2849,-41.168601],[148.270192,-41.142119],[148.273676,-41.110275],[148.282989,-41.097912],[148.298152,-41.063829],[148.286848,-41.054343],[148.27575,-41.053899],[148.259992,-41.045274],[148.276206,-41.034389],[148.297119,-41.036492],[148.320125,-41.008941],[148.340252,-40.994089],[148.323833,-40.987847],[148.316639,-40.971309],[148.305803,-40.964518],[148.301975,-40.941664],[148.283933,-40.930908],[148.268098,-40.910613],[148.257859,-40.90417],[148.251467,-40.902796],[148.213499,-40.922157],[148.212412,-40.937587],[148.124181,-40.925468],[148.116759,-40.923553],[148.112013,-40.942224],[148.090397,-40.935621],[148.082908,-40.952519],[148.078008,-40.981413],[148.080475,-40.988431],[148.07845,-41.01529],[148.071229,-41.038518],[148.082096,-41.060249],[148.07138,-41.067486],[148.062331,-41.087321],[148.068311,-41.095743],[148.06522,-41.112936],[148.08246,-41.124759],[148.082295,-41.132139],[148.005136,-41.153403],[147.934817,-41.16847],[147.889529,-41.164957],[147.858678,-41.27658],[147.840706,-41.332997],[147.835459,-41.366796],[147.827566,-41.37165],[147.590413,-41.380709],[147.619255,-41.409226],[147.615828,-41.426402],[147.628729,-41.428175],[147.627361,-41.451475],[147.643613,-41.464363],[147.647934,-41.478488],[147.578908,-41.513592],[147.53993,-41.507451],[147.526153,-41.520515],[147.506536,-41.530441],[147.498728,-41.522016],[147.486359,-41.528639],[147.476144,-41.518051],[147.460395,-41.522064],[147.428113,-41.538732],[147.432005,-41.543015],[147.406452,-41.556178],[147.387993,-41.556073],[147.346759,-41.512041],[147.312785,-41.529397],[147.302824,-41.520428],[147.285846,-41.529689],[147.278146,-41.521684],[147.261082,-41.530936],[147.248515,-41.528177],[147.221105,-41.495251],[147.198025,-41.51016],[147.188033,-41.508309],[147.169363,-41.492893],[147.153974,-41.50105],[147.136352,-41.501281],[147.126007,-41.490514],[147.140091,-41.48302],[147.120682,-41.470839],[147.100022,-41.462866],[147.098511,-41.456097],[147.076192,-41.446506],[147.065524,-41.458888],[147.031841,-41.437337],[147.029765,-41.427888],[147.007986,-41.445219],[146.994,-41.443436],[146.996138,-41.43181],[146.972002,-41.429042],[146.934304,-41.408496],[146.92671,-41.388419],[146.910166,-41.377818],[146.89999,-41.386532],[146.872828,-41.39122],[146.825424,-41.383748],[146.802887,-41.37434],[146.798571,-41.380382],[146.770949,-41.375503],[146.697505,-41.35525],[146.703586,-41.33269],[146.619945,-41.324477],[146.617472,-41.3379],[146.589574,-41.334794],[146.583073,-41.353196],[146.589922,-41.361746],[146.557269,-41.357945],[146.54558,-41.367394],[146.528035,-41.365072],[146.494373,-41.37673],[146.484519,-41.375631],[146.479025,-41.360698],[146.459497,-41.344207],[146.459757,-41.319725],[146.447,-41.315195],[146.444449,-41.297836],[146.398708,-41.288963],[146.358921,-41.284202],[146.357527,-41.272633],[146.370102,-41.266802],[146.349472,-41.242148],[146.323461,-41.254969],[146.321033,-41.271849],[146.265684,-41.265593],[146.248055,-41.277936],[146.216538,-41.275955],[146.203298,-41.287246],[146.205314,-41.310799],[146.185555,-41.320484],[146.176291,-41.341565],[146.153993,-41.357323],[146.128718,-41.368729],[146.11467,-41.37119],[146.112479,-41.385429],[146.102339,-41.402284],[146.092996,-41.406962],[146.090306,-41.429678],[146.092537,-41.443355],[146.082866,-41.456594],[145.954065,-41.451806],[145.852831,-41.465863],[145.853526,-41.582863],[145.951331,-41.684662],[145.964646,-41.725521],[146.036418,-41.930915],[146.050484,-41.974556],[146.014916,-42.005321],[146.023422,-42.039447],[145.999753,-42.0669],[146.075328,-42.21047],[146.09069,-42.283916],[146.10695,-42.305306],[146.096186,-42.341178],[146.099125,-42.369677],[146.110305,-42.375474],[146.11245,-42.388647],[146.099548,-42.402409],[146.118229,-42.404357],[146.133106,-42.4136],[146.12571,-42.436789],[146.080732,-42.477066],[146.089743,-42.489986],[146.073511,-42.511211],[146.053361,-42.528553],[146.029295,-42.538241],[146.032682,-42.547628],[146.016433,-42.566126],[145.99276,-42.59866],[145.979887,-42.627636],[145.963868,-42.635821],[145.967088,-42.648574],[145.954701,-42.665621],[145.934281,-42.669417],[145.928044,-42.682029],[145.909128,-42.681768],[145.902245,-42.693196],[145.887098,-42.699675],[145.866864,-42.698597],[145.873548,-42.713155],[145.858025,-42.713874],[145.842663,-42.72503],[145.854263,-42.742966],[145.947531,-42.902228],[145.933796,-42.907494],[145.94052,-42.930574],[145.977021,-42.96246],[145.992963,-42.978703],[145.991437,-43.004516],[145.978159,-43.017499],[145.978141,-43.039171],[146.08907,-43.053903],[146.222191,-43.118804],[146.458808,-43.087277],[146.648406,-42.921704],[146.658083,-42.903404],[146.652731,-42.876296],[146.646037,-42.865036],[146.647289,-42.853658],[146.65657,-42.847634],[146.675126,-42.849611],[146.697394,-42.857529],[146.723042,-42.858121],[146.739431,-42.871195],[146.765581,-42.874138],[146.776179,-42.88424],[146.780537,-42.898608],[146.797936,-42.903674],[146.805489,-42.894637],[146.846451,-42.908202],[146.855266,-42.939115],[146.873892,-42.95463],[146.880302,-42.948977],[146.879704,-42.935433],[146.916581,-42.933688],[146.937466,-42.928528],[146.925991,-42.895278],[146.940581,-42.885867],[146.955489,-42.882079],[146.970537,-42.888752],[146.990529,-42.885838],[147.009243,-42.888143],[147.010492,-42.901107],[147.02279,-42.90777],[147.044641,-42.909126],[147.051271,-42.900384],[147.150368,-42.913351],[147.150353,-42.858481],[147.146491,-42.849228],[147.153641,-42.834332],[147.173858,-42.829746],[147.178795,-42.814609],[147.200835,-42.806465],[147.201103,-42.78666],[147.212892,-42.766963],[147.226904,-42.75042],[147.20834,-42.741108],[147.184099,-42.739253],[147.191446,-42.727361],[147.203873,-42.726579],[147.214594,-42.737002],[147.234957,-42.740915],[147.263649,-42.754279],[147.260522,-42.765294],[147.270837,-42.782239],[147.285786,-42.782488],[147.292566,-42.790883],[147.311656,-42.782187],[147.326189,-42.780478],[147.332586,-42.766641],[147.347579,-42.777447],[147.368526,-42.761214],[147.375254,-42.771226],[147.392172,-42.772515],[147.418517,-42.787745],[147.434128,-42.77554]]],[[[148.011519,-43.221568],[147.992705,-43.215615],[147.972698,-43.203051],[147.963572,-43.18534],[147.979594,-43.168347],[147.983168,-43.156111],[147.997537,-43.146949],[147.982741,-43.135675],[147.954355,-43.136598],[147.977242,-43.118501],[147.981089,-43.107373],[147.970726,-43.102556],[147.966439,-43.084519],[147.946004,-43.060801],[147.954041,-43.05207],[147.953306,-43.041395],[147.929259,-43.029608],[147.927269,-43.014225],[147.935417,-43.006901],[147.95316,-43.001298],[147.964387,-42.982892],[147.976332,-42.983354],[147.99951,-42.964206],[147.996223,-42.954134],[147.983432,-42.94126],[147.995307,-42.929294],[147.998862,-42.914565],[147.984734,-42.900326],[147.98406,-42.890432],[147.960916,-42.88488],[147.973833,-42.870216],[147.968981,-42.866293],[147.939856,-42.877176],[147.920356,-42.861292],[147.918298,-42.848252],[147.891706,-42.842525],[147.87963,-42.853645],[147.871735,-42.87108],[147.903957,-42.882359],[147.904945,-42.893067],[147.884089,-42.894684],[147.876415,-42.888672],[147.816086,-42.8948],[147.822886,-42.918971],[147.818286,-42.933184],[147.833264,-42.934657],[147.841826,-42.957597],[147.825207,-42.976294],[147.853545,-42.986388],[147.841162,-42.993347],[147.838229,-43.002578],[147.861926,-43.014358],[147.872443,-43.023363],[147.863127,-43.035575],[147.835922,-43.041115],[147.845498,-43.054986],[147.840701,-43.0604],[147.813794,-43.06061],[147.806686,-43.046425],[147.773829,-43.054938],[147.759037,-43.044137],[147.749379,-43.043379],[147.745717,-43.023344],[147.721831,-43.01682],[147.708038,-43.003555],[147.729835,-42.970997],[147.725528,-42.949394],[147.713888,-42.955511],[147.699784,-42.9534],[147.699473,-42.944257],[147.678878,-42.934545],[147.666107,-42.938648],[147.665885,-42.94805],[147.675717,-42.956967],[147.668944,-42.963543],[147.683644,-42.974578],[147.679341,-42.991801],[147.66752,-42.999909],[147.652957,-42.992725],[147.627209,-42.998402],[147.619071,-43.006636],[147.618985,-43.017572],[147.628333,-43.040258],[147.622388,-43.051575],[147.627123,-43.073515],[147.641437,-43.075647],[147.650347,-43.083275],[147.676952,-43.091412],[147.684186,-43.102438],[147.700878,-43.097509],[147.734104,-43.110809],[147.735735,-43.118502],[147.703396,-43.122145],[147.689239,-43.140109],[147.701488,-43.160114],[147.694551,-43.167179],[147.701292,-43.176982],[147.715518,-43.178358],[147.711578,-43.194282],[147.750715,-43.209033],[147.761764,-43.206283],[147.782569,-43.220511],[147.781104,-43.232939],[147.79752,-43.239222],[147.796718,-43.220742],[147.822018,-43.197971],[147.844472,-43.187533],[147.849819,-43.196708],[147.866474,-43.197929],[147.872074,-43.190297],[147.852999,-43.179577],[147.86135,-43.164949],[147.845553,-43.154347],[147.85737,-43.145361],[147.850384,-43.124099],[147.859882,-43.11289],[147.871465,-43.13102],[147.886423,-43.123264],[147.888164,-43.142676],[147.896313,-43.178264],[147.894518,-43.188021],[147.916506,-43.189563],[147.93176,-43.198854],[147.94516,-43.19468],[147.948592,-43.211744],[147.95772,-43.217759],[147.979459,-43.222896],[148.011519,-43.221568]]],[[[148.169014,-42.64868],[148.150533,-42.640702],[148.13629,-42.623816],[148.13783,-42.611118],[148.120142,-42.585011],[148.089799,-42.585044],[148.079142,-42.572273],[148.063664,-42.580563],[148.047326,-42.59657],[148.047748,-42.607854],[148.030626,-42.621167],[148.028209,-42.628269],[148.043303,-42.654962],[148.056848,-42.658933],[148.065864,-42.669732],[148.063262,-42.682874],[148.038744,-42.684106],[148.028597,-42.708476],[148.011709,-42.73006],[148.024052,-42.740965],[148.04192,-42.725175],[148.061718,-42.725729],[148.093028,-42.720886],[148.096308,-42.711196],[148.087118,-42.689474],[148.068213,-42.681236],[148.081273,-42.661757],[148.102925,-42.660321],[148.140012,-42.666407],[148.158655,-42.650202],[148.169014,-42.64868]]],[[[148.34606,-42.34138],[148.326331,-42.333767],[148.331715,-42.322622],[148.314394,-42.315349],[148.31933,-42.305872],[148.294424,-42.291862],[148.285008,-42.29974],[148.253975,-42.293475],[148.238925,-42.302294],[148.236565,-42.317678],[148.251987,-42.328576],[148.277068,-42.324644],[148.286632,-42.333194],[148.313913,-42.343485],[148.34606,-42.34138]]]]},"bbox":[145.842663,-43.239222,148.358946,-40.902796]},
{"properties":{"electorateShortName":"adelaide","electorateName":"Adelaide","area":86.38,"state":"SA"},"type":"Feature","geometry":{"type":"Polygon","coordinates":[[[138.626439,-34.964559],[138.623564,-34.927903],[138.615718,-34.92259],[138.612826,-34.909505],[138.618347,-34.895573],[138.635189,-34.887357],[138.626444,-34.879352],[138.637031,-34.869386],[138.63534,-34.846848],[138.564539,-34.849757],[138.546715,-34.850583],[138.548261,-34.889165],[138.552095,-34.904467],[138.548111,-34.913281],[138.55194,-34.924615],[138.554992,-34.967237],[138.585084,-34.951985],[138.59729,-34.96602],[138.626439,-34.964559]]]},"bbox":[138.546715,-34.967237,138.637031,-34.846848]},
{"properties":{"electorateShortName":"barker","electorateName":"Barker","area":65206.36,"state":"SA"},"type":"Feature","geometry":{"type":"Polygon","coordinates":[[[138.886927,-35.558906],[138.890027,-35.563084],[138.951116,-35.591402],[139.031909,-35.635565],[139.102766,-35.679635],[139.153835,-35.713769],[139.211957,-35.754559],[139.268449,-35.798207],[139.33051,-35.850558],[139.37702,-35.892234],[139.413539,-35.927244],[139.484126,-35.999862],[139.52302,-36.043505],[139.5594,-36.087703],[139.593915,-36.132752],[139.64901,-36.212171],[139.709323,-36.312463],[139.787515,-36.468929],[139.801025,-36.50114],[139.831944,-36.587359],[139.845787,-36.629274],[139.861463,-36.688747],[139.863518,-36.718513],[139.862522,-36.760207],[139.859224,-36.785359],[139.850074,-36.824909],[139.836358,-36.849037],[139.818789,-36.868524],[139.799772,-36.880993],[139.779725,-36.898999],[139.73239,-36.916809],[139.717462,-36.929641],[139.696274,-36.94049],[139.675909,-36.942056],[139.670049,-36.958217],[139.684513,-36.974707],[139.721789,-37.000625],[139.740535,-37.021304],[139.743446,-37.02957],[139.739412,-37.056844],[139.743931,-37.07419],[139.768416,-37.081579],[139.782243,-37.095993],[139.795204,-37.125523],[139.793957,-37.146375],[139.781747,-37.164163],[139.743286,-37.160769],[139.739968,-37.181963],[139.757523,-37.194385],[139.783028,-37.231003],[139.81173,-37.280839],[139.837637,-37.310384],[139.836759,-37.314054],[139.865514,-37.335612],[139.890441,-37.375874],[139.910105,-37.388926],[139.924415,-37.405375],[139.930223,-37.41825],[139.946727,-37.42933],[139.973301,-37.460283],[139.996576,-37.476743],[139.997987,-37.487301],[140.016147,-37.490318],[140.015968,-37.480523],[140.032194,-37.474436],[140.060078,-37.484421],[140.077462,-37.503416],[140.095721,-37.512387],[140.118803,-37.528644],[140.129779,-37.543747],[140.128143,-37.56473],[140.112713,-37.578417],[140.144851,-37.594482],[140.178709,-37.617223],[140.203293,-37.639822],[140.24789,-37.686113],[140.27558,-37.720824],[140.29329,-37.7479],[140.328676,-37.807091],[140.342399,-37.834395],[140.361532,-37.863851],[140.363997,-37.877048],[140.375888,-37.897846],[140.388676,-37.901501],[140.397759,-37.918075],[140.412505,-37.925619],[140.454015,-37.935846],[140.466543,-37.949747],[140.491164,-37.96087],[140.508784,-37.984202],[140.548288,-38.004792],[140.560942,-38.006033],[140.572145,-38.014186],[140.579385,-38.029701],[140.590416,-38.024468],[140.617599,-38.032296],[140.620936,-38.040256],[140.642025,-38.041165],[140.663345,-38.059721],[140.696111,-38.056784],[140.717702,-38.051685],[140.768978,-38.057392],[140.782998,-38.04552],[140.807612,-38.049008],[140.819121,-38.042456],[140.837839,-38.041051],[140.862187,-38.045692],[140.873073,-38.051014],[140.900135,-38.04797],[140.917792,-38.052369],[140.938403,-38.052218],[140.965735,-38.055989],[140.966871,-37.998534],[140.968887,-37.875991],[140.972011,-37.730752],[140.973872,-37.462093],[140.973507,-37.411222],[140.973283,-37.358326],[140.97307,-37.34303],[140.971547,-37.178544],[140.971867,-37.091542],[140.971168,-36.970452],[140.969864,-36.848894],[140.968714,-36.694114],[140.968196,-36.551331],[140.96735,-36.373918],[140.965659,-36.17579],[140.963888,-35.996066],[140.963108,-35.748489],[140.965993,-35.415868],[140.965949,-35.237705],[140.965621,-35.008257],[140.965416,-34.869385],[140.964809,-34.637679],[140.964454,-34.502625],[140.964347,-34.438654],[140.962204,-34.150963],[140.9631,-33.990028],[140.963616,-33.980648],[140.965699,-33.980719],[140.969273,-33.997216],[140.980375,-33.999637],[140.980453,-34.016013],[140.985698,-34.027525],[141.002956,-34.021892],[141.002821,-33.853836],[141.002682,-33.678602],[141.00254,-33.498505],[141.002391,-33.31116],[140.373676,-33.310387],[140.374777,-34.004683],[140.2161,-34.005623],[140.215927,-33.945289],[139.857232,-33.943622],[139.857077,-33.875317],[139.699921,-33.875194],[139.699768,-33.800777],[139.575299,-33.801464],[139.355826,-33.803014],[139.35627,-33.970702],[139.35672,-34.126099],[139.358038,-34.175439],[139.351096,-34.209184],[139.350784,-34.319345],[139.26424,-34.319365],[139.264374,-34.295832],[139.215427,-34.310227],[139.199639,-34.312121],[139.191445,-34.320657],[139.162756,-34.327119],[139.155835,-34.3352],[139.105038,-34.330029],[139.113225,-34.319959],[139.127389,-34.315023],[139.034166,-34.306653],[139.048663,-34.267331],[139.048545,-34.244786],[139.030259,-34.242279],[139.004986,-34.244545],[138.997786,-34.255946],[138.978141,-34.252767],[138.972809,-34.218296],[138.965402,-34.19339],[138.926944,-34.198011],[138.909126,-34.197818],[138.902944,-34.187563],[138.864812,-34.188302],[138.864763,-34.193541],[138.838376,-34.193493],[138.835813,-34.212423],[138.839001,-34.231692],[138.827813,-34.241123],[138.83833,-34.266202],[138.840843,-34.284004],[138.837019,-34.300597],[138.779426,-34.298285],[138.786482,-34.317968],[138.784659,-34.341442],[138.774445,-34.350491],[138.75529,-34.374515],[138.749334,-34.429217],[138.744114,-34.445325],[138.753088,-34.513687],[138.747465,-34.558248],[138.758125,-34.56222],[138.775867,-34.560058],[138.790093,-34.562915],[138.798589,-34.551006],[138.807203,-34.560335],[138.820916,-34.561723],[138.824788,-34.590962],[138.800976,-34.609536],[138.816113,-34.639045],[138.809727,-34.649441],[138.795767,-34.653842],[138.790293,-34.661118],[138.836713,-34.673433],[138.847549,-34.680538],[138.859883,-34.702896],[138.887929,-34.700579],[138.896334,-34.707484],[138.909409,-34.708276],[138.917484,-34.725582],[138.926642,-34.73471],[138.928028,-34.755628],[138.948565,-34.765403],[138.948101,-34.773129],[138.972456,-34.773414],[138.989422,-34.76976],[138.988073,-34.781386],[139.00478,-34.794065],[139.004581,-34.79914],[139.043574,-34.817193],[139.037326,-34.823293],[139.001475,-34.834427],[139.00191,-34.850872],[139.009075,-34.863681],[138.980761,-34.882973],[138.975208,-34.8949],[139.034957,-34.928687],[139.020385,-34.948833],[139.027696,-34.963022],[139.041161,-34.976666],[139.031236,-35.001844],[139.037553,-35.013434],[139.031084,-35.033321],[139.029078,-35.060404],[139.039187,-35.089417],[139.04403,-35.111613],[139.027421,-35.13878],[139.066687,-35.165936],[139.066437,-35.214865],[139.086072,-35.216629],[139.107617,-35.232366],[139.158312,-35.253485],[139.144709,-35.471704],[139.046729,-35.500949],[139.03377,-35.51312],[139.006917,-35.512766],[138.981025,-35.518259],[138.96684,-35.529378],[138.962049,-35.546816],[138.933283,-35.561753],[138.920034,-35.561916],[138.904379,-35.554983],[138.886927,-35.558906]]]},"bbox":[138.744114,-38.059721,141.002956,-33.310387]},
{"properties":{"electorateShortName":"boothby","electorateName":"Boothby","area":115.62,"state":"SA"},"type":"Feature","geometry":{"type":"Polygon","coordinates":[[[138.586311,-35.037955],[138.625461,-35.03062],[138.620448,-35.017094],[138.648654,-35.015738],[138.65484,-35.022615],[138.67171,-35.025805],[138.680021,-35.000422],[138.665171,-34.981662],[138.675338,-34.974486],[138.666155,-34.967276],[138.654609,-34.972901],[138.643505,-34.963683],[138.626439,-34.964559],[138.59729,-34.96602],[138.585084,-34.951985],[138.554992,-34.967237],[138.53778,-34.975938],[138.523044,-34.964975],[138.508578,-34.964393],[138.509258,-34.989297],[138.517614,-35.03213],[138.503686,-35.056544],[138.559648,-35.053713],[138.560509,-35.03675],[138.586311,-35.037955]]]},"bbox":[138.503686,-35.056544,138.680021,-34.951985]},
{"properties":{"electorateShortName":"grey","electorateName":"Grey","area":908595.6,"state":"SA"},"type":"Feature","geometry":{"type":"MultiPolygon","coordinates":[[[[141.002391,-33.31116],[141.00142,-32.079475],[141.001316,-31.932267],[141.001129,-31.683869],[141.000594,-31.199968],[141.000634,-30.969827],[141.000568,-30.475266],[141.000444,-30.266084],[141.00033,-30.050624],[141.000216,-29.904013],[141.000084,-29.732442],[140.999883,-29.472053],[140.999596,-29.204811],[140.999475,-28.999095],[140.99931,-28.822833],[140.999071,-28.538648],[140.995702,-28.069183],[140.996891,-27.668511],[140.996906,-27.605864],[140.996764,-27.285229],[140.997507,-26.909189],[140.997943,-26.761622],[140.999439,-26.734048],[140.999446,-26.498488],[140.999435,-26.317537],[140.999425,-26.172187],[140.999394,-25.996376],[140.771946,-25.996409],[140.605287,-25.99646],[140.355301,-25.996521],[139.87258,-25.996524],[139.575405,-25.996587],[139.408747,-25.996619],[139.237398,-25.996652],[138.947799,-25.996713],[138.69781,-25.996743],[138.48863,-25.996773],[138.332371,-25.996804],[138.165712,-25.996835],[137.999054,-25.996867],[137.749197,-25.99708],[137.582539,-25.997212],[137.415882,-25.997353],[137.165896,-25.997557],[136.999238,-25.997699],[136.665922,-25.997982],[136.501274,-25.998114],[136.249275,-25.998325],[136.001736,-25.998526],[135.799278,-25.998528],[135.401282,-25.998533],[134.149291,-25.998546],[133.314855,-25.99857],[132.993367,-25.998573],[132.414689,-25.998578],[132.04498,-25.998582],[131.751301,-25.998563],[131.627043,-25.998587],[131.37152,-25.998617],[131.048379,-25.998592],[130.742971,-25.998594],[130.499313,-25.998576],[130.105316,-25.998578],[129.801317,-25.99858],[129.50332,-25.998584],[129.30723,-25.998609],[129.001838,-25.998606],[129.00134,-31.687068],[129.05281,-31.67418],[129.100609,-31.669119],[129.139519,-31.667898],[129.194738,-31.658687],[129.289207,-31.651796],[129.294907,-31.649406],[129.338017,-31.646147],[129.370176,-31.640286],[129.390346,-31.640956],[129.432785,-31.637215],[129.462965,-31.631775],[129.498544,-31.628245],[129.527784,-31.622684],[129.557574,-31.621734],[129.629646,-31.615719],[129.680916,-31.616728],[129.702386,-31.613848],[129.726106,-31.614118],[129.771931,-31.607901],[129.843095,-31.607747],[129.866125,-31.604046],[129.885975,-31.595616],[129.938354,-31.588626],[129.970389,-31.591079],[130.010664,-31.586125],[130.050594,-31.587944],[130.087334,-31.585824],[130.120404,-31.586414],[130.133784,-31.579794],[130.152187,-31.576538],[130.222166,-31.579797],[130.247395,-31.573767],[130.275063,-31.573662],[130.344975,-31.583645],[130.406772,-31.584821],[130.425992,-31.583541],[130.488804,-31.593044],[130.525303,-31.592364],[130.539983,-31.587414],[130.567923,-31.585733],[130.599381,-31.58868],[130.664322,-31.599683],[130.734472,-31.606052],[130.778712,-31.607591],[130.806132,-31.60563],[130.846111,-31.59776],[130.893409,-31.579768],[130.935358,-31.569298],[130.957278,-31.560277],[131.026398,-31.537626],[131.057558,-31.521546],[131.065548,-31.505795],[131.081798,-31.490898],[131.114897,-31.475818],[131.128507,-31.464717],[131.148637,-31.463654],[131.186866,-31.472014],[131.244776,-31.492277],[131.318466,-31.521666],[131.351846,-31.537406],[131.376305,-31.545223],[131.402456,-31.557795],[131.422455,-31.563893],[131.455075,-31.578823],[131.499555,-31.595993],[131.569966,-31.627603],[131.683006,-31.681452],[131.758577,-31.72026],[131.780087,-31.73398],[131.802787,-31.74487],[131.851927,-31.778919],[131.857897,-31.787463],[131.909417,-31.814288],[131.954138,-31.842323],[132.001397,-31.877384],[132.072997,-31.91774],[132.083252,-31.929519],[132.104111,-31.941497],[132.117337,-31.955363],[132.147673,-31.999372],[132.166219,-32.004709],[132.176409,-32.018313],[132.200614,-32.02728],[132.207342,-32.024124],[132.268746,-32.03173],[132.285618,-32.022479],[132.308296,-32.028358],[132.335197,-32.029089],[132.343188,-32.014498],[132.353234,-32.011586],[132.378096,-32.01192],[132.393408,-32.001747],[132.420956,-31.999789],[132.453242,-32.023981],[132.461607,-32.010634],[132.443966,-32.008414],[132.437884,-31.991074],[132.446417,-31.970725],[132.455038,-31.96073],[132.478447,-31.946285],[132.531329,-31.934945],[132.553675,-31.93281],[132.595204,-31.934328],[132.629952,-31.94153],[132.653237,-31.950171],[132.658286,-31.955212],[132.67697,-31.957635],[132.686927,-31.950662],[132.730623,-31.954152],[132.746588,-31.949342],[132.785066,-31.961922],[132.826487,-31.981566],[132.859991,-32.001844],[132.888418,-32.022476],[132.903772,-32.036233],[132.917556,-32.040537],[132.93481,-32.05454],[132.947243,-32.054273],[132.974205,-32.072532],[132.988736,-32.094759],[133.006622,-32.083401],[133.032808,-32.097983],[133.053543,-32.104131],[133.088342,-32.127021],[133.114449,-32.147911],[133.134177,-32.16826],[133.139956,-32.179967],[133.128337,-32.190762],[133.142966,-32.197661],[133.146617,-32.174835],[133.164662,-32.170052],[133.186907,-32.173758],[133.208564,-32.184255],[133.230029,-32.190844],[133.246391,-32.203956],[133.257771,-32.206469],[133.275245,-32.194901],[133.278238,-32.18353],[133.293048,-32.180927],[133.337894,-32.180096],[133.384793,-32.194011],[133.40832,-32.198548],[133.423492,-32.197973],[133.425612,-32.184688],[133.44624,-32.17852],[133.485784,-32.190314],[133.464309,-32.172158],[133.440328,-32.170814],[133.411208,-32.175758],[133.395475,-32.15956],[133.395346,-32.141272],[133.410381,-32.136083],[133.41889,-32.128341],[133.427924,-32.131817],[133.443108,-32.126678],[133.460438,-32.102912],[133.47369,-32.100288],[133.484445,-32.104332],[133.483421,-32.126494],[133.502225,-32.129746],[133.494074,-32.146034],[133.503446,-32.155012],[133.522105,-32.155301],[133.535611,-32.166269],[133.551356,-32.169811],[133.555852,-32.158998],[133.567147,-32.155201],[133.584683,-32.140992],[133.572514,-32.117454],[133.580433,-32.10783],[133.581652,-32.095929],[133.599931,-32.084522],[133.620964,-32.092133],[133.651368,-32.098669],[133.667538,-32.104416],[133.672632,-32.112243],[133.672083,-32.12824],[133.666945,-32.13856],[133.642718,-32.144576],[133.647765,-32.15217],[133.674713,-32.142638],[133.692908,-32.15524],[133.686926,-32.170781],[133.682984,-32.192923],[133.687567,-32.199363],[133.714932,-32.194992],[133.756726,-32.205846],[133.762215,-32.224313],[133.755353,-32.235325],[133.764322,-32.249057],[133.776163,-32.257314],[133.797112,-32.252664],[133.808231,-32.232854],[133.825536,-32.237563],[133.829045,-32.253911],[133.842866,-32.256313],[133.859776,-32.278425],[133.86936,-32.280505],[133.880096,-32.306173],[133.901989,-32.318217],[133.92325,-32.356547],[133.931014,-32.361804],[133.932709,-32.379879],[133.944977,-32.380604],[133.951946,-32.398885],[133.94693,-32.411577],[133.938174,-32.418982],[133.914004,-32.427631],[133.893757,-32.428839],[133.886749,-32.402351],[133.866818,-32.399186],[133.867482,-32.420449],[133.862592,-32.436711],[133.85062,-32.461417],[133.862406,-32.483536],[133.850708,-32.493147],[133.846992,-32.503696],[133.85712,-32.519484],[133.856664,-32.528847],[133.86687,-32.537251],[133.87665,-32.532654],[133.893695,-32.541219],[133.89619,-32.523342],[133.908794,-32.517545],[133.907426,-32.508794],[133.922739,-32.49485],[133.945577,-32.493276],[133.991564,-32.505353],[133.991541,-32.489202],[134.008738,-32.473839],[134.036977,-32.459813],[134.056751,-32.461031],[134.121275,-32.454073],[134.136257,-32.457698],[134.163101,-32.469053],[134.183915,-32.482583],[134.222641,-32.524616],[134.25632,-32.557717],[134.271977,-32.587166],[134.277802,-32.608656],[134.279388,-32.648207],[134.294307,-32.661955],[134.284816,-32.679637],[134.290382,-32.692865],[134.275754,-32.706702],[134.260472,-32.734768],[134.24095,-32.748056],[134.240726,-32.758014],[134.231398,-32.762398],[134.23184,-32.779634],[134.221859,-32.789845],[134.202751,-32.796938],[134.193003,-32.790648],[134.189241,-32.769701],[134.197189,-32.755889],[134.194119,-32.749105],[134.161049,-32.73482],[134.157576,-32.721506],[134.143322,-32.719474],[134.107069,-32.721285],[134.080595,-32.709573],[134.060323,-32.722498],[134.073186,-32.740017],[134.09772,-32.756492],[134.118901,-32.783386],[134.133299,-32.813045],[134.138375,-32.83209],[134.133645,-32.853861],[134.11686,-32.868108],[134.103222,-32.869478],[134.071527,-32.883815],[134.079515,-32.895404],[134.070384,-32.909397],[134.078659,-32.92303],[134.091333,-32.926307],[134.106442,-32.91238],[134.119181,-32.914597],[134.12927,-32.926433],[134.14406,-32.928168],[134.15648,-32.924461],[134.179044,-32.932247],[134.189083,-32.942369],[134.201879,-32.963783],[134.205271,-32.976906],[134.201505,-33.005709],[134.188988,-33.01572],[134.167286,-33.009282],[134.138526,-33.018087],[134.148588,-33.025929],[134.169285,-33.050347],[134.192038,-33.035167],[134.223168,-33.039683],[134.237057,-33.050873],[134.239208,-33.06815],[134.247858,-33.079124],[134.247206,-33.08727],[134.258979,-33.094518],[134.266773,-33.138511],[134.260225,-33.152631],[134.271636,-33.163335],[134.318363,-33.188569],[134.328367,-33.199477],[134.351334,-33.190301],[134.344535,-33.172129],[134.344837,-33.162215],[134.358013,-33.151004],[134.351329,-33.138978],[134.337567,-33.137673],[134.316547,-33.125254],[134.312594,-33.11201],[134.29347,-33.118685],[134.278566,-33.106733],[134.280159,-33.100728],[134.262837,-33.083371],[134.262433,-33.060006],[134.279565,-33.053327],[134.264024,-33.031615],[134.27756,-33.024449],[134.299682,-33.049216],[134.290041,-33.063768],[134.292566,-33.07592],[134.307047,-33.088982],[134.324366,-33.090625],[134.333523,-33.098535],[134.339653,-33.112641],[134.358474,-33.125341],[134.368885,-33.175899],[134.385493,-33.172993],[134.406815,-33.159539],[134.415463,-33.148863],[134.450885,-33.144657],[134.506204,-33.161407],[134.547666,-33.18987],[134.57349,-33.192009],[134.597106,-33.21107],[134.608976,-33.217629],[134.628952,-33.23979],[134.652224,-33.223117],[134.63553,-33.218793],[134.623148,-33.197901],[134.644509,-33.194984],[134.640753,-33.182719],[134.62554,-33.195113],[134.613473,-33.189094],[134.606564,-33.197393],[134.576362,-33.189315],[134.574732,-33.182111],[134.558351,-33.161347],[134.578484,-33.151832],[134.588166,-33.140573],[134.600402,-33.140735],[134.632418,-33.162198],[134.666654,-33.161002],[134.684782,-33.171249],[134.702148,-33.17467],[134.717775,-33.197762],[134.716764,-33.212911],[134.722438,-33.218774],[134.719097,-33.229984],[134.700244,-33.224926],[134.691346,-33.229487],[134.664107,-33.233312],[134.688007,-33.250199],[134.696622,-33.26348],[134.719308,-33.263939],[134.736774,-33.273849],[134.752011,-33.291382],[134.760683,-33.309046],[134.780764,-33.314906],[134.802047,-33.328782],[134.826569,-33.381793],[134.845066,-33.43649],[134.860613,-33.505368],[134.863402,-33.546591],[134.854236,-33.55853],[134.846692,-33.58396],[134.840466,-33.592965],[134.84383,-33.609958],[134.838907,-33.630656],[134.860762,-33.643979],[134.869998,-33.635314],[134.884863,-33.640039],[134.886704,-33.659551],[134.914419,-33.673801],[134.933766,-33.689193],[134.994691,-33.722361],[135.040271,-33.755003],[135.064527,-33.780005],[135.082236,-33.804127],[135.094919,-33.809739],[135.128976,-33.83588],[135.13469,-33.847567],[135.151461,-33.858413],[135.161747,-33.877516],[135.170374,-33.872562],[135.182152,-33.877771],[135.192123,-33.897764],[135.194027,-33.919801],[135.223626,-33.945571],[135.252174,-33.981334],[135.258752,-33.999814],[135.271551,-34.019591],[135.268974,-34.034934],[135.281119,-34.070257],[135.273069,-34.086444],[135.27507,-34.11532],[135.27295,-34.125843],[135.262095,-34.128251],[135.244041,-34.140787],[135.241237,-34.150131],[135.270972,-34.170092],[135.292251,-34.175068],[135.303512,-34.184088],[135.319984,-34.21055],[135.346224,-34.267559],[135.348961,-34.296213],[135.357666,-34.323737],[135.357365,-34.366161],[135.365597,-34.384994],[135.363744,-34.411379],[135.358934,-34.418703],[135.369095,-34.430591],[135.378198,-34.430822],[135.388359,-34.441275],[135.391331,-34.464451],[135.391065,-34.488117],[135.395769,-34.496803],[135.379026,-34.510362],[135.377574,-34.524828],[135.386678,-34.530167],[135.395273,-34.546682],[135.400238,-34.588697],[135.413637,-34.587853],[135.409652,-34.574154],[135.412748,-34.549649],[135.391444,-34.534024],[135.401089,-34.518766],[135.414586,-34.520801],[135.410348,-34.538834],[135.42034,-34.539237],[135.428658,-34.527388],[135.445784,-34.537188],[135.441746,-34.55486],[135.444031,-34.570027],[135.431694,-34.603432],[135.445852,-34.608954],[135.445331,-34.594713],[135.45807,-34.58644],[135.46725,-34.591778],[135.496148,-34.59969],[135.50804,-34.594986],[135.51676,-34.612968],[135.510428,-34.620955],[135.494016,-34.613292],[135.478671,-34.616585],[135.474023,-34.622819],[135.45492,-34.616116],[135.446209,-34.630909],[135.412028,-34.638063],[135.398972,-34.636925],[135.385699,-34.644052],[135.371909,-34.641971],[135.373848,-34.628932],[135.38997,-34.633169],[135.391139,-34.623034],[135.361623,-34.620736],[135.352254,-34.608299],[135.358063,-34.589184],[135.349744,-34.575429],[135.330582,-34.572305],[135.304448,-34.559996],[135.298999,-34.547153],[135.316249,-34.520659],[135.298912,-34.510193],[135.285139,-34.508214],[135.261322,-34.510119],[135.23897,-34.504967],[135.215398,-34.493916],[135.21164,-34.462453],[135.216472,-34.455585],[135.206319,-34.429307],[135.194978,-34.43406],[135.18658,-34.459933],[135.169012,-34.468805],[135.159564,-34.488896],[135.14631,-34.50171],[135.143601,-34.519773],[135.129869,-34.527798],[135.134241,-34.544351],[135.12329,-34.557401],[135.125345,-34.576533],[135.111941,-34.58155],[135.113806,-34.590096],[135.147643,-34.585997],[135.146638,-34.572924],[135.158611,-34.561757],[135.173727,-34.555002],[135.202692,-34.555321],[135.213633,-34.545468],[135.225242,-34.543618],[135.25243,-34.55187],[135.275219,-34.567233],[135.299015,-34.599999],[135.321377,-34.607997],[135.341687,-34.629108],[135.349558,-34.652926],[135.347275,-34.666046],[135.325807,-34.674766],[135.32941,-34.689214],[135.350491,-34.680472],[135.379698,-34.687117],[135.41378,-34.70279],[135.455182,-34.728989],[135.47434,-34.744108],[135.494402,-34.769246],[135.495893,-34.782583],[135.503079,-34.785148],[135.529277,-34.805137],[135.553746,-34.826657],[135.557845,-34.83604],[135.604502,-34.878667],[135.604931,-34.891673],[135.614456,-34.892725],[135.624044,-34.906359],[135.61834,-34.93278],[135.622462,-34.942069],[135.639995,-34.937125],[135.685876,-34.944856],[135.688404,-34.92331],[135.679212,-34.913706],[135.701045,-34.905184],[135.707748,-34.895219],[135.707776,-34.874376],[135.712711,-34.865101],[135.726848,-34.859687],[135.751833,-34.85615],[135.79209,-34.860956],[135.822865,-34.87033],[135.846229,-34.880453],[135.859329,-34.899352],[135.855831,-34.914947],[135.875737,-34.922559],[135.880156,-34.929137],[135.909569,-34.936769],[135.928877,-34.948295],[135.927514,-34.959604],[135.94134,-34.985684],[135.943382,-35.002954],[135.960935,-35.004769],[135.960257,-34.991911],[135.976579,-34.994656],[135.987209,-34.981705],[136.00263,-34.985854],[135.998299,-34.968282],[135.987292,-34.958681],[135.992985,-34.944914],[135.993163,-34.929897],[135.976117,-34.906378],[135.976902,-34.895316],[135.96267,-34.87545],[135.959953,-34.848601],[135.983578,-34.828894],[135.993522,-34.82779],[136.008128,-34.794774],[136.001927,-34.787262],[136.003416,-34.77537],[136.012735,-34.75301],[136.006531,-34.735939],[135.995092,-34.725326],[135.984179,-34.72692],[135.990826,-34.747083],[135.986513,-34.759233],[135.990068,-34.769453],[135.980602,-34.784618],[135.960864,-34.783816],[135.956746,-34.763711],[135.928895,-34.768824],[135.920544,-34.784459],[135.905333,-34.792419],[135.898036,-34.803834],[135.881113,-34.808302],[135.860612,-34.807459],[135.834373,-34.819008],[135.785731,-34.80933],[135.802801,-34.794014],[135.81128,-34.780649],[135.846373,-34.752882],[135.863448,-34.754873],[135.862835,-34.768995],[135.878678,-34.760403],[135.887185,-34.746834],[135.875553,-34.738238],[135.886191,-34.727897],[135.879513,-34.720349],[135.860699,-34.720775],[135.853858,-34.715497],[135.855712,-34.683115],[135.853962,-34.665381],[135.861765,-34.633575],[135.87229,-34.623986],[135.891144,-34.615732],[135.914489,-34.622059],[135.922938,-34.633362],[135.934684,-34.623364],[135.924552,-34.60779],[135.913887,-34.611309],[135.902127,-34.592584],[135.93231,-34.528521],[135.956754,-34.510666],[135.974127,-34.504699],[135.982632,-34.514009],[135.995438,-34.51399],[136.008306,-34.507749],[136.025663,-34.490279],[136.028212,-34.481921],[136.06206,-34.479838],[136.075462,-34.485414],[136.083515,-34.50052],[136.076466,-34.505706],[136.091281,-34.520841],[136.112519,-34.515817],[136.111887,-34.473657],[136.121769,-34.467421],[136.114089,-34.459054],[136.119468,-34.433758],[136.095256,-34.43271],[136.100048,-34.418901],[136.121869,-34.406815],[136.112863,-34.388876],[136.10378,-34.382528],[136.112245,-34.359384],[136.128167,-34.345361],[136.155891,-34.338916],[136.175192,-34.339936],[136.187841,-34.33484],[136.219901,-34.309171],[136.260573,-34.267704],[136.269713,-34.243829],[136.27014,-34.233818],[136.300451,-34.19611],[136.32439,-34.181602],[136.322586,-34.17183],[136.331378,-34.148126],[136.353927,-34.122392],[136.347966,-34.114588],[136.346688,-34.099496],[136.356005,-34.08871],[136.363136,-34.069349],[136.398722,-34.04157],[136.411207,-34.02874],[136.447739,-34.005028],[136.468157,-34.00213],[136.497478,-33.992615],[136.513962,-33.979503],[136.552454,-33.956532],[136.556089,-33.949714],[136.57475,-33.943438],[136.574634,-33.918036],[136.592684,-33.899562],[136.625217,-33.889052],[136.644747,-33.887327],[136.668362,-33.878689],[136.692099,-33.865494],[136.701694,-33.8555],[136.73046,-33.834978],[136.750278,-33.830884],[136.778484,-33.831012],[136.779599,-33.821962],[136.799629,-33.80333],[136.820301,-33.799965],[136.845577,-33.800875],[136.857218,-33.798387],[136.878538,-33.78611],[136.90068,-33.778593],[136.951489,-33.755299],[136.991674,-33.724793],[137.025511,-33.719722],[137.03728,-33.70801],[137.054214,-33.706377],[137.077399,-33.698145],[137.092582,-33.701326],[137.124328,-33.700746],[137.168508,-33.690294],[137.182092,-33.673153],[137.213306,-33.661082],[137.226923,-33.637158],[137.252397,-33.608277],[137.263916,-33.577687],[137.278372,-33.560429],[137.290986,-33.534499],[137.288012,-33.530804],[137.295283,-33.507413],[137.314614,-33.471529],[137.325385,-33.459486],[137.334587,-33.458282],[137.360521,-33.439166],[137.360741,-33.414838],[137.374934,-33.397787],[137.384211,-33.377503],[137.377221,-33.344211],[137.380558,-33.329036],[137.378747,-33.303623],[137.407967,-33.272206],[137.414345,-33.255504],[137.423684,-33.246892],[137.438881,-33.216556],[137.439064,-33.182824],[137.443224,-33.171691],[137.444135,-33.146523],[137.462027,-33.12868],[137.486076,-33.124658],[137.499752,-33.109622],[137.511552,-33.107787],[137.52632,-33.096752],[137.536023,-33.094818],[137.538685,-33.082123],[137.557292,-33.065908],[137.556534,-33.060461],[137.573364,-33.044855],[137.590553,-33.040896],[137.597294,-33.019704],[137.595198,-32.998551],[137.611458,-32.974561],[137.641418,-32.955318],[137.661043,-32.950959],[137.691496,-32.95956],[137.701772,-32.970272],[137.713268,-32.974483],[137.721268,-32.990512],[137.747826,-32.995359],[137.782426,-32.992908],[137.774207,-32.968888],[137.759609,-32.949529],[137.749516,-32.921517],[137.758283,-32.907355],[137.789289,-32.915205],[137.798263,-32.89354],[137.791768,-32.870953],[137.809943,-32.852871],[137.808602,-32.832901],[137.803198,-32.817919],[137.803563,-32.796932],[137.797533,-32.776929],[137.802153,-32.759214],[137.809507,-32.74859],[137.798451,-32.731968],[137.781324,-32.713734],[137.753152,-32.721238],[137.749226,-32.704486],[137.757119,-32.694254],[137.750393,-32.673305],[137.75363,-32.651835],[137.762695,-32.621851],[137.764897,-32.596744],[137.755932,-32.564617],[137.75877,-32.556249],[137.749653,-32.53156],[137.767734,-32.500149],[137.773694,-32.510261],[137.768551,-32.517704],[137.785277,-32.52852],[137.782259,-32.550341],[137.803294,-32.558358],[137.823014,-32.560252],[137.83577,-32.574669],[137.820728,-32.58289],[137.803128,-32.602472],[137.806371,-32.613369],[137.836291,-32.637649],[137.852028,-32.640869],[137.856629,-32.65576],[137.867648,-32.663933],[137.868763,-32.675109],[137.860025,-32.6894],[137.847241,-32.689318],[137.837571,-32.69581],[137.85856,-32.707399],[137.887464,-32.715447],[137.894499,-32.726243],[137.906756,-32.730868],[137.920411,-32.744515],[137.944458,-32.757655],[137.936655,-32.766652],[137.919595,-32.762205],[137.902857,-32.778302],[137.903498,-32.817304],[137.912322,-32.853486],[137.926426,-32.880233],[137.939804,-32.9472],[137.958338,-32.989433],[137.952082,-33.00601],[137.964303,-33.016481],[137.988809,-33.019084],[138.018784,-33.035621],[138.039986,-33.072555],[138.045017,-33.090859],[138.036705,-33.102965],[138.054408,-33.115096],[138.048044,-33.135837],[138.024231,-33.146584],[138.018263,-33.159353],[138.001337,-33.144027],[137.976892,-33.145412],[137.966584,-33.153041],[137.939986,-33.15815],[137.925484,-33.176496],[137.896351,-33.17627],[137.853601,-33.196834],[137.837982,-33.207238],[137.827472,-33.227162],[137.814524,-33.258539],[137.811416,-33.276631],[137.817427,-33.286669],[137.834756,-33.302565],[137.844915,-33.30467],[137.842526,-33.316505],[137.856436,-33.328842],[137.863391,-33.31732],[137.881243,-33.323158],[137.886971,-33.355541],[137.8755,-33.362386],[137.870496,-33.39654],[137.910663,-33.444433],[137.918807,-33.464257],[137.930481,-33.481706],[137.932892,-33.499684],[137.942401,-33.509941],[137.939426,-33.547918],[137.976338,-33.549774],[137.964795,-33.574318],[137.949976,-33.571922],[137.949084,-33.559599],[137.934861,-33.556155],[137.935597,-33.580101],[137.929249,-33.591286],[137.92752,-33.611452],[137.917547,-33.624978],[137.90159,-33.628898],[137.897239,-33.617485],[137.909812,-33.616334],[137.924238,-33.597412],[137.919659,-33.58733],[137.892462,-33.587902],[137.879023,-33.596782],[137.865313,-33.621918],[137.847046,-33.639345],[137.834527,-33.642457],[137.818828,-33.657921],[137.800547,-33.683113],[137.776311,-33.694961],[137.755144,-33.714222],[137.736431,-33.737836],[137.725471,-33.769922],[137.715723,-33.778625],[137.680778,-33.801419],[137.666536,-33.816215],[137.643791,-33.830437],[137.616207,-33.8658],[137.600358,-33.876794],[137.615099,-33.891011],[137.62546,-33.895162],[137.630705,-33.907806],[137.63064,-33.921822],[137.600263,-33.936313],[137.578611,-33.958268],[137.575722,-33.967168],[137.563706,-33.971636],[137.560967,-33.985517],[137.551243,-33.993357],[137.538706,-33.992451],[137.531789,-34.005452],[137.552323,-34.014424],[137.563689,-34.028749],[137.567396,-34.043611],[137.550414,-34.075003],[137.544527,-34.076127],[137.540154,-34.094783],[137.526001,-34.10829],[137.522273,-34.129251],[137.506757,-34.137625],[137.493379,-34.133626],[137.475,-34.137748],[137.459342,-34.131502],[137.449444,-34.139966],[137.461613,-34.165663],[137.483323,-34.191582],[137.499904,-34.226504],[137.496859,-34.282809],[137.501204,-34.297754],[137.497951,-34.319468],[137.492262,-34.323306],[137.483663,-34.343124],[137.48203,-34.372006],[137.47608,-34.392463],[137.457955,-34.400557],[137.446657,-34.398039],[137.438119,-34.427953],[137.427713,-34.441713],[137.414469,-34.448521],[137.415149,-34.459593],[137.428118,-34.469716],[137.440091,-34.458001],[137.446005,-34.436891],[137.463169,-34.426672],[137.480052,-34.435572],[137.485833,-34.450038],[137.486637,-34.481665],[137.47561,-34.519124],[137.483323,-34.528851],[137.488977,-34.55059],[137.496623,-34.559912],[137.506741,-34.582015],[137.50944,-34.617955],[137.505449,-34.64883],[137.493052,-34.667483],[137.487794,-34.712728],[137.478841,-34.732653],[137.477107,-34.758643],[137.473308,-34.774593],[137.459607,-34.80763],[137.457725,-34.884498],[137.448758,-34.910318],[137.434709,-34.924992],[137.41535,-34.938659],[137.39596,-34.947885],[137.374945,-34.953745],[137.360829,-34.949765],[137.346955,-34.9298],[137.320486,-34.931369],[137.30258,-34.923199],[137.291011,-34.90102],[137.276479,-34.8939],[137.224498,-34.904483],[137.194414,-34.901017],[137.156094,-34.916351],[137.093376,-34.919948],[137.079842,-34.91929],[137.047942,-34.903852],[137.008733,-34.897181],[137.012553,-34.92048],[136.991815,-34.936431],[136.976385,-34.94124],[136.969758,-34.972653],[136.97087,-34.995628],[136.964528,-35.005197],[136.950233,-35.00996],[136.936203,-35.032044],[136.955151,-35.06424],[136.961072,-35.082302],[136.945979,-35.106595],[136.941123,-35.129111],[136.93265,-35.140359],[136.920005,-35.14342],[136.913125,-35.153594],[136.893788,-35.160948],[136.89434,-35.178137],[136.888337,-35.185252],[136.865972,-35.194123],[136.84574,-35.190101],[136.842763,-35.213683],[136.846425,-35.228823],[136.832423,-35.236408],[136.829662,-35.250127],[136.856805,-35.287562],[136.870503,-35.286886],[136.890298,-35.298758],[136.89975,-35.285811],[136.915035,-35.287994],[136.941541,-35.283252],[136.945243,-35.269335],[136.966855,-35.26703],[136.969755,-35.25208],[136.983062,-35.235424],[137.001389,-35.223207],[137.036312,-35.221206],[137.076687,-35.226357],[137.094226,-35.231614],[137.111428,-35.242931],[137.118569,-35.237589],[137.140555,-35.24384],[137.188141,-35.230469],[137.190399,-35.208941],[137.218694,-35.176405],[137.237741,-35.164515],[137.258643,-35.159159],[137.27754,-35.161477],[137.29811,-35.168308],[137.307649,-35.16513],[137.334887,-35.167858],[137.342809,-35.16172],[137.340748,-35.149462],[137.352267,-35.13396],[137.373545,-35.120501],[137.42284,-35.098095],[137.464103,-35.099218],[137.495107,-35.110278],[137.510698,-35.119016],[137.525835,-35.112928],[137.554817,-35.117455],[137.60616,-35.143539],[137.623918,-35.16057],[137.637498,-35.168201],[137.677887,-35.167742],[137.687848,-35.148302],[137.709618,-35.136112],[137.733111,-35.130776],[137.759109,-35.114355],[137.743471,-35.103477],[137.748365,-35.082186],[137.736568,-35.068083],[137.726944,-35.049546],[137.742971,-35.042076],[137.76399,-35.040599],[137.761144,-35.0109],[137.757304,-34.99657],[137.773823,-34.959347],[137.784055,-34.947036],[137.79029,-34.922297],[137.798719,-34.909225],[137.795519,-34.894177],[137.800063,-34.877546],[137.813463,-34.849234],[137.823939,-34.837129],[137.8317,-34.812719],[137.849606,-34.796836],[137.860844,-34.776837],[137.858901,-34.767628],[137.867449,-34.745092],[137.868851,-34.722633],[137.880758,-34.695263],[137.87681,-34.66841],[137.886138,-34.646192],[137.900887,-34.634006],[137.907676,-34.615868],[137.885896,-34.608982],[137.875809,-34.597683],[137.876416,-34.580961],[137.884546,-34.567208],[137.885438,-34.515675],[137.898839,-34.493836],[137.89872,-34.481185],[137.910779,-34.458601],[137.917537,-34.428156],[137.947937,-34.396989],[137.986405,-34.369624],[138.007096,-34.349032],[138.013635,-34.331884],[138.015917,-34.308946],[138.021736,-34.28507],[138.001503,-34.261606],[138.005358,-34.244281],[138.012688,-34.23102],[138.029348,-34.221086],[138.030817,-34.203031],[138.046024,-34.170793],[138.05424,-34.165312],[138.068185,-34.140875],[138.077415,-34.133551],[138.089975,-34.13238],[138.103268,-34.139627],[138.137993,-34.187443],[138.145989,-34.191586],[138.163553,-34.216135],[138.168486,-34.234765],[138.162397,-34.256164],[138.149529,-34.269546],[138.158879,-34.272371],[138.18469,-34.269633],[138.197584,-34.27715],[138.207164,-34.294039],[138.222353,-34.310004],[138.230858,-34.343908],[138.225222,-34.365908],[138.240193,-34.385744],[138.256963,-34.430202],[138.265632,-34.476802],[138.292021,-34.493175],[138.309216,-34.509051],[138.329703,-34.518109],[138.341267,-34.533269],[138.352521,-34.563136],[138.364309,-34.578149],[138.407795,-34.601436],[138.417935,-34.622098],[138.426467,-34.621629],[138.445781,-34.653393],[138.436243,-34.653886],[138.430262,-34.667742],[138.444655,-34.670494],[138.451464,-34.676114],[138.466767,-34.672001],[138.474046,-34.66366],[138.488692,-34.6584],[138.49985,-34.647279],[138.524346,-34.636672],[138.537902,-34.635282],[138.558493,-34.638764],[138.568943,-34.635256],[138.59052,-34.638999],[138.600037,-34.632656],[138.612154,-34.633701],[138.62577,-34.627381],[138.638384,-34.632047],[138.684394,-34.610522],[138.686235,-34.595716],[138.715442,-34.590974],[138.703304,-34.564963],[138.721897,-34.566806],[138.723546,-34.555939],[138.747465,-34.558248],[138.753088,-34.513687],[138.744114,-34.445325],[138.749334,-34.429217],[138.75529,-34.374515],[138.774445,-34.350491],[138.784659,-34.341442],[138.786482,-34.317968],[138.779426,-34.298285],[138.837019,-34.300597],[138.840843,-34.284004],[138.83833,-34.266202],[138.827813,-34.241123],[138.839001,-34.231692],[138.835813,-34.212423],[138.838376,-34.193493],[138.864763,-34.193541],[138.864812,-34.188302],[138.902944,-34.187563],[138.909126,-34.197818],[138.926944,-34.198011],[138.965402,-34.19339],[138.972809,-34.218296],[138.978141,-34.252767],[138.997786,-34.255946],[139.004986,-34.244545],[139.030259,-34.242279],[139.048545,-34.244786],[139.048663,-34.267331],[139.034166,-34.306653],[139.127389,-34.315023],[139.113225,-34.319959],[139.105038,-34.330029],[139.155835,-34.3352],[139.162756,-34.327119],[139.191445,-34.320657],[139.199639,-34.312121],[139.215427,-34.310227],[139.264374,-34.295832],[139.26424,-34.319365],[139.350784,-34.319345],[139.351096,-34.209184],[139.358038,-34.175439],[139.35672,-34.126099],[139.35627,-33.970702],[139.355826,-33.803014],[139.575299,-33.801464],[139.699768,-33.800777],[139.699921,-33.875194],[139.857077,-33.875317],[139.857232,-33.943622],[140.215927,-33.945289],[140.2161,-34.005623],[140.374777,-34.004683],[140.373676,-33.310387],[141.002391,-33.31116]]],[[[136.204543,-35.052982],[136.192501,-35.044324],[136.194769,-35.034638],[136.189614,-35.023191],[136.194451,-35.015869],[136.157768,-34.993564],[136.141471,-34.97883],[136.132835,-34.966136],[136.129531,-34.952374],[136.116818,-34.946345],[136.107292,-34.93245],[136.082766,-34.94543],[136.078739,-34.952161],[136.089563,-34.968856],[136.109902,-34.96874],[136.110501,-34.975601],[136.15347,-35.003159],[136.159193,-35.020844],[136.146785,-35.026593],[136.154128,-35.034776],[136.155786,-35.047198],[136.1679,-35.05881],[136.1894,-35.052299],[136.204543,-35.052982]]],[[[134.547712,-33.721029],[134.537786,-33.712614],[134.527562,-33.677685],[134.483397,-33.694013],[134.468785,-33.694066],[134.466136,-33.7052],[134.467848,-33.733433],[134.461282,-33.740071],[134.446961,-33.772204],[134.463733,-33.767732],[134.506859,-33.731515],[134.517925,-33.717899],[134.547712,-33.721029]]],[[[133.674016,-32.2326],[133.655351,-32.232176],[133.630945,-32.2406],[133.623823,-32.239292],[133.597848,-32.259295],[133.581729,-32.268444],[133.550914,-32.263677],[133.551372,-32.273134],[133.543829,-32.282023],[133.54468,-32.297657],[133.563275,-32.317087],[133.58073,-32.313261],[133.580315,-32.306581],[133.600296,-32.307921],[133.607849,-32.301183],[133.611962,-32.282841],[133.619213,-32.273739],[133.610463,-32.262823],[133.614344,-32.256815],[133.635989,-32.243284],[133.674016,-32.2326]]],[[[137.381767,-34.497301],[137.373221,-34.48247],[137.374861,-34.468847],[137.363493,-34.462455],[137.356576,-34.475597],[137.338346,-34.488509],[137.342033,-34.509108],[137.340983,-34.52633],[137.36523,-34.529483],[137.371478,-34.505908],[137.381767,-34.497301]]],[[[135.953064,-34.723721],[135.939865,-34.711598],[135.942912,-34.6943],[135.931376,-34.681],[135.921373,-34.683079],[135.911382,-34.695469],[135.923401,-34.701869],[135.921194,-34.7132],[135.953064,-34.723721]]],[[[136.494745,-35.166642],[136.493034,-35.159787],[136.461984,-35.142919],[136.441521,-35.148699],[136.441829,-35.157073],[136.453071,-35.166073],[136.463613,-35.162361],[136.491699,-35.175498],[136.494745,-35.166642]]],[[[133.31106,-32.510458],[133.285382,-32.496333],[133.277769,-32.504211],[133.285213,-32.524426],[133.304489,-32.521998],[133.31106,-32.510458]]],[[[133.857517,-32.387572],[133.837098,-32.372551],[133.811239,-32.362603],[133.819651,-32.376303],[133.839277,-32.378961],[133.857517,-32.387572]]],[[[136.359081,-34.663813],[136.35365,-34.653671],[136.335367,-34.650841],[136.329893,-34.658364],[136.342025,-34.673559],[136.359081,-34.663813]]],[[[134.813047,-33.594473],[134.78366,-33.591748],[134.793128,-33.603545],[134.806604,-33.605374],[134.813047,-33.594473]]],[[[133.530754,-32.304941],[133.51499,-32.301266],[133.50487,-32.307017],[133.506674,-32.319192],[133.522203,-32.313005],[133.530754,-32.304941]]],[[[136.014585,-34.882591],[136.012409,-34.866545],[136.000859,-34.872548],[136.014585,-34.882591]]],[[[136.07329,-35.227574],[136.063705,-35.222945],[136.055516,-35.235491],[136.07102,-35.238131],[136.07329,-35.227574]]]]},"bbox":[129.00134,-35.298758,141.002391,-25.996376]},
{"properties":{"electorateShortName":"hindmarsh","electorateName":"Hindmarsh","area":122.42,"state":"SA"},"type":"Feature","geometry":{"type":"MultiPolygon","coordinates":[[[[138.564539,-34.849757],[138.56627,-34.825305],[138.540331,-34.815441],[138.51616,-34.810835],[138.510594,-34.790777],[138.515749,-34.771573],[138.507004,-34.763389],[138.496325,-34.764612],[138.477997,-34.78294],[138.488394,-34.797054],[138.488512,-34.819798],[138.476742,-34.843713],[138.47606,-34.856766],[138.498198,-34.938993],[138.508578,-34.964393],[138.523044,-34.964975],[138.53778,-34.975938],[138.554992,-34.967237],[138.55194,-34.924615],[138.548111,-34.913281],[138.552095,-34.904467],[138.548261,-34.889165],[138.546715,-34.850583],[138.564539,-34.849757]]],[[[138.546309,-34.799042],[138.541282,-34.787312],[138.522502,-34.769668],[138.516103,-34.796182],[138.518591,-34.805594],[138.546309,-34.799042]]]]},"bbox":[138.47606,-34.975938,138.56627,-34.763389]},
{"properties":{"electorateShortName":"kingston","electorateName":"Kingston","area":165.67,"state":"SA"},"type":"Feature","geometry":{"type":"Polygon","coordinates":[[[138.461979,-35.247361],[138.494274,-35.243023],[138.491008,-35.206586],[138.503368,-35.19464],[138.495826,-35.188171],[138.520022,-35.168865],[138.538839,-35.161144],[138.579705,-35.156046],[138.587409,-35.151972],[138.602783,-35.133541],[138.586717,-35.134327],[138.587581,-35.121279],[138.594487,-35.106827],[138.585573,-35.099818],[138.609779,-35.086361],[138.619261,-35.08613],[138.627653,-35.072774],[138.625424,-35.064487],[138.609921,-35.050006],[138.586311,-35.037955],[138.560509,-35.03675],[138.559648,-35.053713],[138.503686,-35.056544],[138.493568,-35.084609],[138.480986,-35.094714],[138.467413,-35.121535],[138.466484,-35.144105],[138.469941,-35.164377],[138.465391,-35.173377],[138.470605,-35.203313],[138.467525,-35.219357],[138.46993,-35.239157],[138.461979,-35.247361]]]},"bbox":[138.461979,-35.247361,138.627653,-35.03675]},
{"properties":{"electorateShortName":"makin","electorateName":"Makin","area":162.4,"state":"SA"},"type":"Feature","geometry":{"type":"Polygon","coordinates":[[[138.78019,-34.767026],[138.769023,-34.756775],[138.77136,-34.745874],[138.755644,-34.744861],[138.730819,-34.736815],[138.720128,-34.755396],[138.705383,-34.752998],[138.680179,-34.755628],[138.647038,-34.791796],[138.607409,-34.767724],[138.596544,-34.769509],[138.592468,-34.779667],[138.575302,-34.788011],[138.550536,-34.786046],[138.553874,-34.797933],[138.547565,-34.809637],[138.56627,-34.825305],[138.564539,-34.849757],[138.63534,-34.846848],[138.705386,-34.842973],[138.729803,-34.837421],[138.747028,-34.840674],[138.753844,-34.823008],[138.750851,-34.806979],[138.761808,-34.793197],[138.758651,-34.785649],[138.78019,-34.767026]]]},"bbox":[138.547565,-34.849757,138.78019,-34.736815]},
{"properties":{"electorateShortName":"mayo","electorateName":"Mayo","area":9135.12,"state":"SA"},"type":"Feature","geometry":{"type":"MultiPolygon","coordinates":[[[[138.886927,-35.558906],[138.904379,-35.554983],[138.920034,-35.561916],[138.933283,-35.561753],[138.962049,-35.546816],[138.96684,-35.529378],[138.981025,-35.518259],[139.006917,-35.512766],[139.03377,-35.51312],[139.046729,-35.500949],[139.144709,-35.471704],[139.158312,-35.253485],[139.107617,-35.232366],[139.086072,-35.216629],[139.066437,-35.214865],[139.066687,-35.165936],[139.027421,-35.13878],[139.04403,-35.111613],[139.039187,-35.089417],[139.029078,-35.060404],[139.031084,-35.033321],[139.037553,-35.013434],[139.031236,-35.001844],[139.041161,-34.976666],[139.027696,-34.963022],[139.020385,-34.948833],[139.034957,-34.928687],[138.975208,-34.8949],[138.980761,-34.882973],[139.009075,-34.863681],[139.00191,-34.850872],[139.001475,-34.834427],[139.037326,-34.823293],[139.043574,-34.817193],[139.004581,-34.79914],[139.00478,-34.794065],[138.988073,-34.781386],[138.989422,-34.76976],[138.972456,-34.773414],[138.948101,-34.773129],[138.948565,-34.765403],[138.928028,-34.755628],[138.926642,-34.73471],[138.917484,-34.725582],[138.909409,-34.708276],[138.896334,-34.707484],[138.887929,-34.700579],[138.859883,-34.702896],[138.847549,-34.680538],[138.839953,-34.700378],[138.811628,-34.742121],[138.814577,-34.763399],[138.810323,-34.775393],[138.78019,-34.767026],[138.758651,-34.785649],[138.761808,-34.793197],[138.750851,-34.806979],[138.753844,-34.823008],[138.747028,-34.840674],[138.7413,-34.860218],[138.723826,-34.864323],[138.706968,-34.881873],[138.705582,-34.900971],[138.690752,-34.895272],[138.689858,-34.912253],[138.697848,-34.921228],[138.685227,-34.9381],[138.671866,-34.942077],[138.672408,-34.951125],[138.685944,-34.974632],[138.675338,-34.974486],[138.665171,-34.981662],[138.680021,-35.000422],[138.67171,-35.025805],[138.65484,-35.022615],[138.648654,-35.015738],[138.620448,-35.017094],[138.625461,-35.03062],[138.586311,-35.037955],[138.609921,-35.050006],[138.625424,-35.064487],[138.627653,-35.072774],[138.619261,-35.08613],[138.609779,-35.086361],[138.585573,-35.099818],[138.594487,-35.106827],[138.587581,-35.121279],[138.586717,-35.134327],[138.602783,-35.133541],[138.587409,-35.151972],[138.579705,-35.156046],[138.538839,-35.161144],[138.520022,-35.168865],[138.495826,-35.188171],[138.503368,-35.19464],[138.491008,-35.206586],[138.494274,-35.243023],[138.461979,-35.247361],[138.460289,-35.261048],[138.443088,-35.27262],[138.446634,-35.301025],[138.446006,-35.337163],[138.440354,-35.351062],[138.410451,-35.366405],[138.381895,-35.370906],[138.36265,-35.378484],[138.341253,-35.392864],[138.330235,-35.405464],[138.326317,-35.417164],[138.304253,-35.45],[138.294318,-35.468183],[138.24454,-35.500848],[138.212903,-35.512759],[138.193862,-35.52365],[138.169201,-35.518345],[138.150778,-35.53696],[138.12743,-35.555371],[138.108686,-35.592452],[138.093913,-35.603403],[138.09553,-35.623871],[138.103302,-35.631569],[138.115344,-35.632607],[138.128585,-35.645389],[138.162849,-35.660613],[138.191358,-35.66509],[138.222378,-35.662078],[138.25555,-35.649555],[138.263399,-35.642231],[138.299992,-35.638204],[138.410026,-35.640576],[138.431096,-35.629274],[138.465779,-35.630263],[138.479629,-35.634785],[138.494522,-35.63353],[138.52236,-35.642968],[138.555695,-35.619159],[138.565936,-35.608529],[138.580769,-35.605781],[138.592269,-35.594548],[138.59822,-35.579469],[138.631381,-35.543926],[138.662407,-35.536439],[138.691072,-35.532875],[138.694132,-35.521804],[138.711492,-35.513428],[138.738273,-35.515953],[138.767892,-35.521781],[138.832371,-35.541428],[138.878082,-35.558589],[138.886927,-35.558906]]],[[[138.134906,-35.841439],[138.128129,-35.838765],[138.119071,-35.819876],[138.124551,-35.811165],[138.089908,-35.804474],[138.072186,-35.790986],[138.066857,-35.780365],[138.06779,-35.759784],[138.058969,-35.751822],[138.033315,-35.742129],[138.029547,-35.737152],[138.005581,-35.726301],[137.973313,-35.719802],[137.94621,-35.721414],[137.906916,-35.716858],[137.893642,-35.728166],[137.892535,-35.757945],[137.881494,-35.765614],[137.852159,-35.79495],[137.822554,-35.800182],[137.800823,-35.795775],[137.780567,-35.784621],[137.778092,-35.796203],[137.762804,-35.798023],[137.770736,-35.814085],[137.798297,-35.810204],[137.814758,-35.822033],[137.796662,-35.834287],[137.768561,-35.828525],[137.74926,-35.834317],[137.743908,-35.811414],[137.746078,-35.800946],[137.790032,-35.765287],[137.803452,-35.757605],[137.780334,-35.723932],[137.76861,-35.722997],[137.732946,-35.735625],[137.708393,-35.738652],[137.667942,-35.739553],[137.626884,-35.731666],[137.596038,-35.735349],[137.577915,-35.725671],[137.579197,-35.709027],[137.603349,-35.692678],[137.605689,-35.678765],[137.621391,-35.665136],[137.64369,-35.654125],[137.638953,-35.641683],[137.616545,-35.63609],[137.589341,-35.643213],[137.569756,-35.63243],[137.574684,-35.612801],[137.598203,-35.595276],[137.615658,-35.589155],[137.630374,-35.5909],[137.634199,-35.565733],[137.621661,-35.561188],[137.613418,-35.568285],[137.598821,-35.571154],[137.585803,-35.568432],[137.564368,-35.571125],[137.545784,-35.587221],[137.518809,-35.595531],[137.507196,-35.593907],[137.490998,-35.579767],[137.481309,-35.586057],[137.465719,-35.588301],[137.446932,-35.596223],[137.41308,-35.588097],[137.384503,-35.590662],[137.372158,-35.585551],[137.351365,-35.587009],[137.32702,-35.578233],[137.309586,-35.58058],[137.302572,-35.589471],[137.268693,-35.603573],[137.239456,-35.604191],[137.224468,-35.616932],[137.211204,-35.616764],[137.203466,-35.624715],[137.181662,-35.622495],[137.16347,-35.633111],[137.142041,-35.630367],[137.127559,-35.63953],[137.12178,-35.651733],[137.093665,-35.658131],[137.069652,-35.669155],[137.054882,-35.666868],[137.009903,-35.673823],[136.998758,-35.671858],[136.939061,-35.676147],[136.891787,-35.688922],[136.871928,-35.687725],[136.86171,-35.693844],[136.846784,-35.692059],[136.824003,-35.699219],[136.783664,-35.700213],[136.778416,-35.71221],[136.758786,-35.722716],[136.732128,-35.723938],[136.720292,-35.720286],[136.711865,-35.731354],[136.697258,-35.739468],[136.671908,-35.744532],[136.652072,-35.744129],[136.629042,-35.749002],[136.616721,-35.745218],[136.587436,-35.748857],[136.573788,-35.76589],[136.579361,-35.792374],[136.565842,-35.809577],[136.568034,-35.821109],[136.560478,-35.828319],[136.564308,-35.842852],[136.561724,-35.852489],[136.541723,-35.85823],[136.532942,-35.876557],[136.53441,-35.886475],[136.550858,-35.887591],[136.550767,-35.90193],[136.555967,-35.910999],[136.579779,-35.930728],[136.581743,-35.950849],[136.59835,-35.961762],[136.625028,-35.954423],[136.629832,-35.960424],[136.652669,-35.965182],[136.66562,-35.975745],[136.689064,-36.004771],[136.708435,-36.036926],[136.709332,-36.056977],[136.727088,-36.045071],[136.753452,-36.046293],[136.75799,-36.049731],[136.781837,-36.031408],[136.812343,-36.035051],[136.824789,-36.031457],[136.831686,-36.019765],[136.854045,-36.016575],[136.891835,-36.029749],[136.915453,-36.043576],[136.928327,-36.0391],[136.942162,-36.026688],[137.010144,-36.019256],[137.028309,-36.026442],[137.044965,-36.026511],[137.069842,-36.020009],[137.092381,-36.025105],[137.102588,-36.018171],[137.122566,-36.026635],[137.130947,-36.033985],[137.145803,-36.020706],[137.176463,-36.010021],[137.184203,-35.996628],[137.180849,-35.983985],[137.192306,-35.976693],[137.20949,-35.973988],[137.246139,-35.982639],[137.257945,-35.982221],[137.277285,-35.992297],[137.296192,-35.990322],[137.323105,-35.995906],[137.352838,-35.994094],[137.371018,-35.998416],[137.383827,-36.015066],[137.407484,-36.03629],[137.420237,-36.041416],[137.463254,-36.072508],[137.492552,-36.054714],[137.504002,-36.055873],[137.519693,-36.03761],[137.535973,-36.025864],[137.58664,-36.019559],[137.602643,-36.00929],[137.620444,-35.978592],[137.605102,-35.964858],[137.598172,-35.942693],[137.601208,-35.929985],[137.611978,-35.913111],[137.630401,-35.899304],[137.660289,-35.884899],[137.701415,-35.876829],[137.726115,-35.876742],[137.73699,-35.863106],[137.736051,-35.855389],[137.755199,-35.85129],[137.798618,-35.853524],[137.803232,-35.850616],[137.835816,-35.855281],[137.868139,-35.863259],[137.883486,-35.87037],[137.904912,-35.861025],[137.93789,-35.864917],[137.980629,-35.884271],[138.006636,-35.89373],[138.02023,-35.902429],[138.040822,-35.904274],[138.05626,-35.895055],[138.059115,-35.887547],[138.078312,-35.874695],[138.090017,-35.862568],[138.110893,-35.848409],[138.12666,-35.848195],[138.134906,-35.841439]]]]},"bbox":[136.532942,-36.072508,139.158312,-34.680538]},
{"properties":{"electorateShortName":"spence","electorateName":"Spence","area":532.15,"state":"SA"},"type":"Feature","geometry":{"type":"Polygon","coordinates":[[[138.78019,-34.767026],[138.810323,-34.775393],[138.814577,-34.763399],[138.811628,-34.742121],[138.839953,-34.700378],[138.847549,-34.680538],[138.836713,-34.673433],[138.790293,-34.661118],[138.795767,-34.653842],[138.809727,-34.649441],[138.816113,-34.639045],[138.800976,-34.609536],[138.824788,-34.590962],[138.820916,-34.561723],[138.807203,-34.560335],[138.798589,-34.551006],[138.790093,-34.562915],[138.775867,-34.560058],[138.758125,-34.56222],[138.747465,-34.558248],[138.723546,-34.555939],[138.721897,-34.566806],[138.703304,-34.564963],[138.715442,-34.590974],[138.686235,-34.595716],[138.684394,-34.610522],[138.638384,-34.632047],[138.62577,-34.627381],[138.612154,-34.633701],[138.600037,-34.632656],[138.59052,-34.638999],[138.568943,-34.635256],[138.558493,-34.638764],[138.537902,-34.635282],[138.524346,-34.636672],[138.49985,-34.647279],[138.488692,-34.6584],[138.474046,-34.66366],[138.466767,-34.672001],[138.451464,-34.676114],[138.444655,-34.670494],[138.437737,-34.674691],[138.466475,-34.695476],[138.475866,-34.698481],[138.491739,-34.721322],[138.506919,-34.725801],[138.525137,-34.737409],[138.541428,-34.752951],[138.546464,-34.765141],[138.543501,-34.774809],[138.550536,-34.786046],[138.575302,-34.788011],[138.592468,-34.779667],[138.596544,-34.769509],[138.607409,-34.767724],[138.647038,-34.791796],[138.680179,-34.755628],[138.705383,-34.752998],[138.720128,-34.755396],[138.730819,-34.736815],[138.755644,-34.744861],[138.77136,-34.745874],[138.769023,-34.756775],[138.78019,-34.767026]]]},"bbox":[138.437737,-34.791796,138.847549,-34.551006]},
{"properties":{"electorateShortName":"sturt","electorateName":"Sturt","area":97.75,"state":"SA"},"type":"Feature","geometry":{"type":"Polygon","coordinates":[[[138.675338,-34.974486],[138.685944,-34.974632],[138.672408,-34.951125],[138.671866,-34.942077],[138.685227,-34.9381],[138.697848,-34.921228],[138.689858,-34.912253],[138.690752,-34.895272],[138.705582,-34.900971],[138.706968,-34.881873],[138.723826,-34.864323],[138.7413,-34.860218],[138.747028,-34.840674],[138.729803,-34.837421],[138.705386,-34.842973],[138.63534,-34.846848],[138.637031,-34.869386],[138.626444,-34.879352],[138.635189,-34.887357],[138.618347,-34.895573],[138.612826,-34.909505],[138.615718,-34.92259],[138.623564,-34.927903],[138.626439,-34.964559],[138.643505,-34.963683],[138.654609,-34.972901],[138.666155,-34.967276],[138.675338,-34.974486]]]},"bbox":[138.612826,-34.974632,138.747028,-34.837421]},
{"properties":{"electorateShortName":"aston","electorateName":"Aston","area":123.67,"state":"VIC"},"type":"Feature","geometry":{"type":"Polygon","coordinates":[[[145.29336,-37.963976],[145.302495,-37.92262],[145.29272,-37.907225],[145.296978,-37.901218],[145.320568,-37.899203],[145.303548,-37.885459],[145.308496,-37.871066],[145.327001,-37.866088],[145.33662,-37.856186],[145.332829,-37.847435],[145.317759,-37.844956],[145.316808,-37.818159],[145.304288,-37.821538],[145.268295,-37.832616],[145.248363,-37.825707],[145.241131,-37.832357],[145.217544,-37.832384],[145.209542,-37.851429],[145.195704,-37.865176],[145.190887,-37.879035],[145.200745,-37.894421],[145.205647,-37.924401],[145.206403,-37.931081],[145.23325,-37.94189],[145.279621,-37.947596],[145.29336,-37.963976]]]},"bbox":[145.190887,-37.963976,145.33662,-37.818159]},
{"properties":{"electorateShortName":"ballarat","electorateName":"Ballarat","area":5322.81,"state":"VIC"},"type":"Feature","geometry":{"type":"Polygon","coordinates":[[[144.415258,-37.382483],[144.419031,-37.360507],[144.392765,-37.358149],[144.394957,-37.332105],[144.38026,-37.329751],[144.369093,-37.32009],[144.340335,-37.309668],[144.3104,-37.292786],[144.321399,-37.277184],[144.325098,-37.257986],[144.337969,-37.245472],[144.343986,-37.226226],[144.361373,-37.20814],[144.376123,-37.202242],[144.360333,-37.194048],[144.362987,-37.1794],[144.37447,-37.173176],[144.292162,-37.16357],[144.284252,-37.208014],[144.275316,-37.205545],[144.185148,-37.195358],[144.190446,-37.166139],[144.121406,-37.158831],[144.122341,-37.153302],[144.074341,-37.14766],[144.069988,-37.162994],[144.064009,-37.202349],[144.067534,-37.210418],[144.060778,-37.236051],[144.0627,-37.25211],[144.051002,-37.250475],[144.037602,-37.263917],[144.017158,-37.263179],[144.002785,-37.255481],[143.991947,-37.233214],[143.970575,-37.228181],[143.958868,-37.220495],[143.948949,-37.197919],[143.934987,-37.19272],[143.875002,-37.186402],[143.867099,-37.195806],[143.860272,-37.234298],[143.836992,-37.232846],[143.820191,-37.23522],[143.766284,-37.228234],[143.753305,-37.230951],[143.744307,-37.221119],[143.727011,-37.213671],[143.713915,-37.230282],[143.703052,-37.22968],[143.665129,-37.236655],[143.624668,-37.437169],[143.613246,-37.500982],[143.600794,-37.520378],[143.606051,-37.534925],[143.625409,-37.529479],[143.648813,-37.536221],[143.668559,-37.538443],[143.65263,-37.624188],[143.651641,-37.647053],[143.641965,-37.650303],[143.595303,-37.644308],[143.586636,-37.653724],[143.536538,-37.648312],[143.529611,-37.66567],[143.494826,-37.660879],[143.477448,-37.651733],[143.465148,-37.654997],[143.440712,-37.784849],[143.440629,-37.806321],[143.447797,-37.8214],[143.444485,-37.851044],[143.440553,-37.859431],[143.452406,-37.873273],[143.443836,-37.887424],[143.44652,-37.9005],[143.480826,-37.930871],[143.47941,-37.94085],[143.59345,-37.954669],[143.619277,-37.96602],[143.624415,-37.978191],[143.648335,-37.98852],[143.655009,-38.011984],[143.633774,-38.012491],[143.629335,-38.023424],[143.672409,-38.0294],[143.707874,-38.026988],[143.735576,-38.027397],[143.768139,-38.019762],[143.829715,-38.022363],[143.823154,-38.055792],[143.858,-38.05978],[143.856907,-38.030336],[143.919609,-38.037673],[143.918973,-38.041879],[143.987868,-38.049108],[144.001121,-38.054906],[144.015751,-38.048219],[144.046016,-38.051564],[144.054581,-38.061741],[144.078337,-38.057646],[144.095631,-38.064297],[144.100989,-38.035959],[144.092621,-38.033612],[144.097165,-38.009768],[144.110988,-38.012749],[144.113334,-38.000157],[144.134143,-38.002604],[144.144124,-37.9894],[144.15996,-37.985069],[144.156975,-37.961358],[144.160043,-37.943025],[144.149692,-37.930405],[144.151584,-37.913072],[144.171919,-37.915968],[144.1825,-37.913493],[144.191424,-37.924566],[144.201979,-37.925398],[144.213431,-37.901447],[144.223793,-37.897328],[144.244126,-37.871819],[144.232553,-37.860951],[144.23381,-37.848391],[144.228973,-37.832837],[144.210676,-37.824994],[144.222446,-37.810201],[144.218273,-37.807005],[144.17639,-37.802879],[144.173236,-37.79266],[144.190341,-37.777852],[144.164531,-37.759904],[144.170161,-37.743159],[144.180515,-37.729525],[144.154193,-37.726714],[144.173122,-37.691273],[144.174858,-37.66435],[144.170947,-37.654817],[144.152598,-37.652769],[144.156046,-37.631592],[144.133417,-37.624445],[144.139001,-37.593221],[144.130125,-37.592258],[144.132388,-37.575816],[144.143657,-37.566651],[144.161809,-37.568695],[144.187025,-37.561627],[144.198075,-37.551673],[144.181702,-37.51646],[144.172523,-37.51288],[144.161557,-37.488444],[144.164657,-37.454915],[144.174134,-37.447435],[144.173933,-37.436052],[144.263533,-37.446291],[144.273034,-37.430179],[144.291254,-37.43695],[144.303393,-37.434404],[144.306833,-37.424163],[144.342047,-37.420649],[144.347276,-37.432138],[144.379278,-37.438789],[144.382586,-37.423725],[144.377801,-37.415917],[144.381967,-37.393327],[144.413816,-37.397089],[144.415258,-37.382483]]]},"bbox":[143.440553,-38.064297,144.419031,-37.14766]},
{"properties":{"electorateShortName":"bendigo","electorateName":"Bendigo","area":6177.84,"state":"VIC"},"type":"Feature","geometry":{"type":"Polygon","coordinates":[[[144.812352,-37.213926],[144.807975,-37.195004],[144.807882,-37.17134],[144.836388,-37.171746],[144.842592,-37.165871],[144.857174,-37.167627],[144.865524,-37.174962],[144.892237,-37.168906],[144.908069,-37.157962],[144.902893,-37.140365],[144.91581,-37.123363],[144.919306,-37.109244],[144.916554,-37.092287],[144.90632,-37.090407],[144.911571,-37.068538],[144.904215,-37.067637],[144.909935,-37.046345],[144.93209,-37.043055],[144.938531,-37.013977],[144.915112,-37.008388],[144.91276,-37.019263],[144.898071,-37.026742],[144.890333,-37.022115],[144.861217,-37.02199],[144.848227,-37.024911],[144.829343,-37.013986],[144.819786,-37.015924],[144.810435,-37.00627],[144.814102,-36.985508],[144.796573,-36.965539],[144.806316,-36.955643],[144.800207,-36.939435],[144.804267,-36.925888],[144.822386,-36.899709],[144.847871,-36.885142],[144.844182,-36.872213],[144.821439,-36.85549],[144.798547,-36.832621],[144.787314,-36.80533],[144.792005,-36.799704],[144.794685,-36.750723],[144.766927,-36.747257],[144.750316,-36.757557],[144.740896,-36.755786],[144.72295,-36.760988],[144.666159,-36.762612],[144.666165,-36.725853],[144.519165,-36.72529],[144.519957,-36.711034],[144.531425,-36.690656],[144.531031,-36.672308],[144.526127,-36.6595],[144.545924,-36.646431],[144.548672,-36.632869],[144.563645,-36.621058],[144.563269,-36.612817],[144.58989,-36.59418],[144.588799,-36.58401],[144.598159,-36.575156],[144.587219,-36.557899],[144.605353,-36.554595],[144.61631,-36.534518],[144.626439,-36.52491],[144.611411,-36.512855],[144.61953,-36.509057],[144.611792,-36.49749],[144.661307,-36.45919],[144.671547,-36.457118],[144.671241,-36.442102],[144.71403,-36.441925],[144.713843,-36.427382],[144.768107,-36.427295],[144.768082,-36.39908],[144.777668,-36.399067],[144.777623,-36.386086],[144.759472,-36.386174],[144.75932,-36.298899],[144.703191,-36.298854],[144.685407,-36.31543],[144.487993,-36.315743],[144.48797,-36.305607],[144.471471,-36.298989],[144.471479,-36.285909],[144.431854,-36.285856],[144.431844,-36.261524],[144.331857,-36.261404],[144.331849,-36.255252],[144.274078,-36.255322],[144.281637,-36.262621],[144.281729,-36.327723],[144.331834,-36.327718],[144.331888,-36.370855],[144.330096,-36.385254],[144.344316,-36.385219],[144.344104,-36.48726],[144.209671,-36.487542],[144.204641,-36.516458],[144.199219,-36.524491],[144.170608,-36.524435],[144.162897,-36.565367],[144.174367,-36.582323],[144.184375,-36.618189],[144.140417,-36.618181],[144.140447,-36.647427],[144.125668,-36.647488],[144.125626,-36.662021],[144.068462,-36.662011],[144.068498,-36.720178],[144.05984,-36.730752],[144.075655,-36.743138],[144.071279,-36.766439],[144.062312,-36.766689],[144.059324,-36.78155],[144.047937,-36.792249],[144.049513,-36.799059],[144.033109,-36.885483],[144.025899,-36.897897],[143.891801,-36.881611],[143.888066,-36.89549],[143.867209,-36.906659],[143.846647,-36.927861],[143.859695,-36.948891],[143.845159,-36.963003],[143.836834,-36.962987],[143.833607,-36.980546],[143.884244,-36.986326],[143.882318,-36.998499],[143.899697,-37.000556],[143.89967,-37.021318],[143.973445,-37.029378],[143.990419,-37.04903],[144.012588,-37.066759],[144.012053,-37.076825],[143.999802,-37.078703],[143.972168,-37.092005],[143.9635,-37.107788],[143.962881,-37.12932],[143.955934,-37.13897],[143.962941,-37.148573],[143.96265,-37.176534],[143.948949,-37.197919],[143.958868,-37.220495],[143.970575,-37.228181],[143.991947,-37.233214],[144.002785,-37.255481],[144.017158,-37.263179],[144.037602,-37.263917],[144.051002,-37.250475],[144.0627,-37.25211],[144.060778,-37.236051],[144.067534,-37.210418],[144.064009,-37.202349],[144.069988,-37.162994],[144.074341,-37.14766],[144.122341,-37.153302],[144.121406,-37.158831],[144.190446,-37.166139],[144.185148,-37.195358],[144.275316,-37.205545],[144.284252,-37.208014],[144.292162,-37.16357],[144.37447,-37.173176],[144.362987,-37.1794],[144.360333,-37.194048],[144.376123,-37.202242],[144.361373,-37.20814],[144.343986,-37.226226],[144.337969,-37.245472],[144.325098,-37.257986],[144.321399,-37.277184],[144.3104,-37.292786],[144.340335,-37.309668],[144.369093,-37.32009],[144.38026,-37.329751],[144.394957,-37.332105],[144.392765,-37.358149],[144.419031,-37.360507],[144.415258,-37.382483],[144.446388,-37.386072],[144.446929,-37.367592],[144.455827,-37.364842],[144.46057,-37.338599],[144.480389,-37.33282],[144.501005,-37.307087],[144.491109,-37.299802],[144.494115,-37.292216],[144.564596,-37.299494],[144.569456,-37.273566],[144.579827,-37.275313],[144.594923,-37.242743],[144.617372,-37.240913],[144.625818,-37.230053],[144.647049,-37.221896],[144.659956,-37.208274],[144.691325,-37.220226],[144.703932,-37.212984],[144.731378,-37.220546],[144.769623,-37.220669],[144.785721,-37.21308],[144.812352,-37.213926]]]},"bbox":[143.833607,-37.386072,144.938531,-36.255252]},
{"properties":{"electorateShortName":"bruce","electorateName":"Bruce","area":141.6,"state":"VIC"},"type":"Feature","geometry":{"type":"Polygon","coordinates":[[[145.332671,-38.089242],[145.341113,-38.045842],[145.360299,-38.053073],[145.375296,-38.052006],[145.365932,-38.038977],[145.385407,-38.013496],[145.375903,-37.990148],[145.379211,-37.975028],[145.357963,-37.971294],[145.29336,-37.963976],[145.279621,-37.947596],[145.23325,-37.94189],[145.206403,-37.931081],[145.205647,-37.924401],[145.195486,-37.923128],[145.1911,-37.959814],[145.194049,-37.966611],[145.21407,-37.984894],[145.225532,-38.000534],[145.251854,-38.003635],[145.248989,-38.017011],[145.286755,-38.021634],[145.286344,-38.035576],[145.30145,-38.05376],[145.295405,-38.084515],[145.332671,-38.089242]]]},"bbox":[145.1911,-38.089242,145.385407,-37.923128]},
{"properties":{"electorateShortName":"calwell","electorateName":"Calwell","area":191.17,"state":"VIC"},"type":"Feature","geometry":{"type":"Polygon","coordinates":[[[144.958535,-37.692181],[144.945262,-37.601835],[144.939473,-37.575563],[144.945469,-37.540114],[144.950008,-37.511274],[144.890031,-37.503921],[144.86685,-37.508123],[144.870505,-37.515536],[144.850536,-37.535888],[144.854234,-37.542314],[144.847961,-37.556473],[144.831873,-37.55603],[144.830244,-37.565228],[144.81903,-37.572779],[144.811356,-37.590563],[144.821559,-37.608063],[144.818376,-37.627622],[144.836363,-37.629605],[144.833918,-37.643988],[144.862811,-37.670485],[144.866336,-37.677922],[144.882268,-37.689121],[144.886588,-37.680508],[144.905434,-37.681206],[144.915281,-37.694428],[144.958535,-37.692181]]]},"bbox":[144.811356,-37.694428,144.958535,-37.503921]},
{"properties":{"electorateShortName":"casey","electorateName":"Casey","area":2623.84,"state":"VIC"},"type":"Feature","geometry":{"type":"Polygon","coordinates":[[[146.191923,-37.58753],[146.190703,-37.571798],[146.18445,-37.560747],[146.186005,-37.534824],[145.889692,-37.532258],[145.879665,-37.525205],[145.866249,-37.531896],[145.847205,-37.527997],[145.820049,-37.534378],[145.816082,-37.556685],[145.809821,-37.563606],[145.780899,-37.566494],[145.766084,-37.573626],[145.748461,-37.573306],[145.736567,-37.568164],[145.731213,-37.585865],[145.737342,-37.593992],[145.675853,-37.624195],[145.659109,-37.617531],[145.65381,-37.601759],[145.63262,-37.587564],[145.618012,-37.572296],[145.601902,-37.567359],[145.578024,-37.572054],[145.573209,-37.586314],[145.55864,-37.590779],[145.537515,-37.562639],[145.524785,-37.565792],[145.507977,-37.555906],[145.480491,-37.561281],[145.469915,-37.557672],[145.459345,-37.54376],[145.43839,-37.543218],[145.417552,-37.526238],[145.405039,-37.526551],[145.402399,-37.53634],[145.386468,-37.543395],[145.368431,-37.545339],[145.332594,-37.5396],[145.330839,-37.54943],[145.310101,-37.562992],[145.312806,-37.583968],[145.28566,-37.583968],[145.280382,-37.594855],[145.268016,-37.602639],[145.262798,-37.62001],[145.254889,-37.624944],[145.241449,-37.642907],[145.251424,-37.664959],[145.265251,-37.678446],[145.266932,-37.695643],[145.263065,-37.708035],[145.24232,-37.728321],[145.241959,-37.73608],[145.256857,-37.755073],[145.258633,-37.765116],[145.278203,-37.761845],[145.2959,-37.7664],[145.305959,-37.779798],[145.309132,-37.795421],[145.304288,-37.821538],[145.316808,-37.818159],[145.317759,-37.844956],[145.332829,-37.847435],[145.33662,-37.856186],[145.327001,-37.866088],[145.308496,-37.871066],[145.303548,-37.885459],[145.320568,-37.899203],[145.296978,-37.901218],[145.29272,-37.907225],[145.302495,-37.92262],[145.29336,-37.963976],[145.357963,-37.971294],[145.379211,-37.975028],[145.388033,-37.970981],[145.382168,-37.941172],[145.419769,-37.93787],[145.419683,-37.926378],[145.428501,-37.913492],[145.442652,-37.907018],[145.468159,-37.910972],[145.469198,-37.928453],[145.491619,-37.926126],[145.489986,-37.919163],[145.507707,-37.899837],[145.525513,-37.887403],[145.5319,-37.866915],[145.5534,-37.873679],[145.575233,-37.899342],[145.604326,-37.898018],[145.62511,-37.916976],[145.642089,-37.918364],[145.657956,-37.90799],[145.670701,-37.907142],[145.671682,-37.893451],[145.693888,-37.886008],[145.721541,-37.885239],[145.730391,-37.903432],[145.747876,-37.907446],[145.758913,-37.900636],[145.767825,-37.879737],[145.792875,-37.877703],[145.805232,-37.870498],[145.811644,-37.855634],[145.804138,-37.849525],[145.811209,-37.836134],[145.795436,-37.814795],[145.815071,-37.807237],[145.828034,-37.812267],[145.845103,-37.797714],[145.857424,-37.801097],[145.868967,-37.810899],[145.894867,-37.825818],[145.907272,-37.816942],[145.914703,-37.826069],[145.93131,-37.821359],[145.92298,-37.807005],[145.928833,-37.797838],[145.918059,-37.786006],[145.923703,-37.771607],[145.936771,-37.771579],[145.943614,-37.758232],[145.963577,-37.76596],[145.990279,-37.768788],[145.999515,-37.765447],[146.021449,-37.774841],[146.044161,-37.774023],[146.097799,-37.758143],[146.103272,-37.768229],[146.124095,-37.789404],[146.133761,-37.788026],[146.14227,-37.771882],[146.158857,-37.761954],[146.163222,-37.747768],[146.159047,-37.730449],[146.150558,-37.715199],[146.138585,-37.710135],[146.136244,-37.697937],[146.142495,-37.69226],[146.133926,-37.679097],[146.130947,-37.643909],[146.150314,-37.623782],[146.165545,-37.61721],[146.158819,-37.600772],[146.168465,-37.599562],[146.176144,-37.584872],[146.191923,-37.58753]]]},"bbox":[145.241449,-37.975028,146.191923,-37.525205]},
{"properties":{"electorateShortName":"chisholm","electorateName":"Chisholm","area":72.7,"state":"VIC"},"type":"Feature","geometry":{"type":"Polygon","coordinates":[[[145.205647,-37.924401],[145.200745,-37.894421],[145.190887,-37.879035],[145.195704,-37.865176],[145.169227,-37.862015],[145.169266,-37.854838],[145.152877,-37.848111],[145.121035,-37.84439],[145.119998,-37.838511],[145.098207,-37.835978],[145.085044,-37.834456],[145.082237,-37.84886],[145.049326,-37.845144],[145.04286,-37.849819],[145.038261,-37.873739],[145.049635,-37.881026],[145.072119,-37.884942],[145.088226,-37.892976],[145.090173,-37.882913],[145.118928,-37.891181],[145.141783,-37.894091],[145.152817,-37.902616],[145.179738,-37.905737],[145.176936,-37.920812],[145.195486,-37.923128],[145.205647,-37.924401]]]},"bbox":[145.038261,-37.924401,145.205647,-37.834456]},
{"properties":{"electorateShortName":"cooper","electorateName":"Cooper","area":61.07,"state":"VIC"},"type":"Feature","geometry":{"type":"Polygon","coordinates":[[[145.040197,-37.784222],[145.027924,-37.76251],[145.036096,-37.746858],[145.03199,-37.73776],[145.038601,-37.727324],[145.060837,-37.729779],[145.074949,-37.708789],[145.051325,-37.708384],[145.058219,-37.699983],[144.972061,-37.690999],[144.982519,-37.702957],[144.9785,-37.719436],[144.969026,-37.721753],[144.981817,-37.752105],[144.984453,-37.771236],[144.995648,-37.786995],[144.985148,-37.793867],[145.001945,-37.796659],[145.040426,-37.789768],[145.040197,-37.784222]]]},"bbox":[144.969026,-37.796659,145.074949,-37.690999]},
{"properties":{"electorateShortName":"corangamite","electorateName":"Corangamite","area":639.9,"state":"VIC"},"type":"Feature","geometry":{"type":"Polygon","coordinates":[[[144.229339,-38.398384],[144.254036,-38.395458],[144.25157,-38.388411],[144.285698,-38.367601],[144.297734,-38.352257],[144.318827,-38.34562],[144.332286,-38.323258],[144.37088,-38.310966],[144.376457,-38.302596],[144.398054,-38.297054],[144.428963,-38.281525],[144.439494,-38.281725],[144.499893,-38.29049],[144.508432,-38.274791],[144.538709,-38.271631],[144.569064,-38.277295],[144.613879,-38.292253],[144.620173,-38.275913],[144.644275,-38.271744],[144.625353,-38.256829],[144.636619,-38.242544],[144.662124,-38.217334],[144.666154,-38.210062],[144.693947,-38.194342],[144.703393,-38.201527],[144.71963,-38.173256],[144.717205,-38.149421],[144.706332,-38.130171],[144.691666,-38.119715],[144.665409,-38.111957],[144.649906,-38.112763],[144.631382,-38.107385],[144.594579,-38.128977],[144.557972,-38.154858],[144.527042,-38.160288],[144.467679,-38.162727],[144.442823,-38.149522],[144.420991,-38.132493],[144.416901,-38.155141],[144.40667,-38.154661],[144.395024,-38.214568],[144.380248,-38.193155],[144.36854,-38.192944],[144.358381,-38.184479],[144.350036,-38.189342],[144.320571,-38.195553],[144.290649,-38.171742],[144.293676,-38.156445],[144.285397,-38.145908],[144.262376,-38.141269],[144.25453,-38.158094],[144.252591,-38.175751],[144.241325,-38.237773],[144.278098,-38.242206],[144.265111,-38.308642],[144.210504,-38.302272],[144.207781,-38.316724],[144.187854,-38.322475],[144.184944,-38.338635],[144.203102,-38.34093],[144.196061,-38.359567],[144.20545,-38.369923],[144.204071,-38.380812],[144.234254,-38.372947],[144.229339,-38.398384]]]},"bbox":[144.184944,-38.398384,144.71963,-38.107385]},
{"properties":{"electorateShortName":"corio","electorateName":"Corio","area":1216.35,"state":"VIC"},"type":"Feature","geometry":{"type":"Polygon","coordinates":[[[144.687889,-37.974337],[144.670527,-37.972087],[144.663091,-37.93543],[144.667696,-37.925606],[144.657505,-37.919951],[144.628103,-37.929967],[144.620742,-37.915839],[144.609414,-37.919003],[144.588514,-37.89696],[144.59073,-37.882222],[144.571459,-37.8804],[144.454269,-37.867244],[144.421646,-37.846218],[144.420317,-37.820586],[144.407834,-37.809191],[144.399119,-37.815232],[144.361988,-37.81083],[144.354938,-37.843099],[144.330448,-37.846289],[144.30521,-37.83657],[144.296016,-37.819565],[144.222446,-37.810201],[144.210676,-37.824994],[144.228973,-37.832837],[144.23381,-37.848391],[144.232553,-37.860951],[144.244126,-37.871819],[144.223793,-37.897328],[144.213431,-37.901447],[144.201979,-37.925398],[144.191424,-37.924566],[144.1825,-37.913493],[144.171919,-37.915968],[144.151584,-37.913072],[144.149692,-37.930405],[144.160043,-37.943025],[144.156975,-37.961358],[144.15996,-37.985069],[144.144124,-37.9894],[144.134143,-38.002604],[144.113334,-38.000157],[144.110988,-38.012749],[144.097165,-38.009768],[144.092621,-38.033612],[144.100989,-38.035959],[144.095631,-38.064297],[144.095248,-38.082179],[144.105711,-38.089296],[144.106566,-38.102921],[144.098785,-38.115291],[144.104107,-38.123992],[144.117155,-38.121798],[144.129186,-38.111034],[144.144172,-38.113488],[144.173089,-38.135003],[144.188068,-38.13536],[144.196952,-38.146593],[144.219371,-38.137749],[144.240958,-38.141492],[144.262376,-38.141269],[144.285397,-38.145908],[144.293676,-38.156445],[144.290649,-38.171742],[144.320571,-38.195553],[144.350036,-38.189342],[144.358381,-38.184479],[144.36854,-38.192944],[144.380248,-38.193155],[144.395024,-38.214568],[144.40667,-38.154661],[144.3848,-38.143255],[144.368573,-38.146523],[144.355617,-38.137201],[144.360078,-38.115209],[144.367352,-38.104775],[144.381575,-38.097352],[144.383197,-38.084083],[144.397943,-38.073816],[144.41352,-38.084488],[144.443259,-38.086266],[144.458759,-38.077241],[144.470912,-38.083542],[144.478739,-38.076697],[144.49448,-38.085023],[144.510226,-38.087795],[144.512013,-38.059008],[144.515692,-38.045604],[144.558663,-38.037541],[144.567493,-38.022783],[144.591578,-38.004446],[144.623074,-38.000136],[144.651639,-38.001638],[144.687889,-37.974337]]]},"bbox":[144.092621,-38.214568,144.687889,-37.809191]},
{"properties":{"electorateShortName":"deakin","electorateName":"Deakin","area":98.38,"state":"VIC"},"type":"Feature","geometry":{"type":"Polygon","coordinates":[[[145.304288,-37.821538],[145.309132,-37.795421],[145.305959,-37.779798],[145.2959,-37.7664],[145.278203,-37.761845],[145.258633,-37.765116],[145.232254,-37.76271],[145.214807,-37.77234],[145.203763,-37.769913],[145.185667,-37.77767],[145.178078,-37.803445],[145.159661,-37.801285],[145.153426,-37.829007],[145.152877,-37.848111],[145.169266,-37.854838],[145.169227,-37.862015],[145.195704,-37.865176],[145.209542,-37.851429],[145.217544,-37.832384],[145.241131,-37.832357],[145.248363,-37.825707],[145.268295,-37.832616],[145.304288,-37.821538]]]},"bbox":[145.152877,-37.865176,145.309132,-37.761845]},
{"properties":{"electorateShortName":"dunkley","electorateName":"Dunkley","area":147.83,"state":"VIC"},"type":"Feature","geometry":{"type":"Polygon","coordinates":[[[145.239583,-38.077677],[145.15027,-38.067299],[145.141821,-38.043226],[145.112848,-38.052151],[145.123873,-38.091401],[145.123209,-38.124116],[145.112255,-38.15212],[145.097905,-38.162404],[145.094796,-38.190753],[145.110461,-38.210386],[145.128944,-38.199996],[145.152387,-38.194479],[145.159062,-38.181571],[145.182029,-38.199097],[145.215767,-38.200652],[145.239583,-38.077677]]]},"bbox":[145.094796,-38.210386,145.239583,-38.043226]},
{"properties":{"electorateShortName":"flinders","electorateName":"Flinders","area":887.31,"state":"VIC"},"type":"Feature","geometry":{"type":"Polygon","coordinates":[[[145.097905,-38.162404],[145.088287,-38.163556],[145.078551,-38.173571],[145.061688,-38.201202],[145.044952,-38.213405],[145.03542,-38.21494],[145.026596,-38.22784],[145.02561,-38.253352],[144.999725,-38.277525],[144.98283,-38.296413],[144.994327,-38.304469],[144.988387,-38.316711],[144.968498,-38.330345],[144.923174,-38.349256],[144.850929,-38.368747],[144.814684,-38.368549],[144.774547,-38.35947],[144.763528,-38.348336],[144.74554,-38.339896],[144.734143,-38.32248],[144.707343,-38.317795],[144.680224,-38.305219],[144.669801,-38.316606],[144.724921,-38.346633],[144.752367,-38.363947],[144.78146,-38.387644],[144.838867,-38.430572],[144.869378,-38.457159],[144.886653,-38.477217],[144.883815,-38.490979],[144.911152,-38.489253],[144.924398,-38.497396],[144.948813,-38.488548],[144.967303,-38.486717],[144.976631,-38.490335],[145.010999,-38.479662],[145.026691,-38.483221],[145.026758,-38.470363],[145.032913,-38.455295],[145.050185,-38.430022],[145.067717,-38.424818],[145.096999,-38.402275],[145.111835,-38.400917],[145.129935,-38.390452],[145.175813,-38.396709],[145.208608,-38.406178],[145.33591,-38.424042],[145.368225,-38.424275],[145.377008,-38.40987],[145.392378,-38.396471],[145.390367,-38.385129],[145.406087,-38.372763],[145.426461,-38.371668],[145.458997,-38.366097],[145.476252,-38.366455],[145.502613,-38.353033],[145.492215,-38.343217],[145.472552,-38.332312],[145.459541,-38.311585],[145.450964,-38.306422],[145.425553,-38.308227],[145.41086,-38.304493],[145.372237,-38.314154],[145.347542,-38.310217],[145.33036,-38.292367],[145.300092,-38.282306],[145.259036,-38.2438],[145.25422,-38.22361],[145.229938,-38.220597],[145.215447,-38.208729],[145.215767,-38.200652],[145.182029,-38.199097],[145.159062,-38.181571],[145.152387,-38.194479],[145.128944,-38.199996],[145.110461,-38.210386],[145.094796,-38.190753],[145.097905,-38.162404]]]},"bbox":[144.669801,-38.497396,145.502613,-38.162404]},
{"properties":{"electorateShortName":"fraser","electorateName":"Fraser","area":97.57,"state":"VIC"},"type":"Feature","geometry":{"type":"Polygon","coordinates":[[[144.906529,-37.821593],[144.906437,-37.80885],[144.916493,-37.798214],[144.902889,-37.790758],[144.895969,-37.772814],[144.884296,-37.760988],[144.87299,-37.761669],[144.871243,-37.772768],[144.852653,-37.773229],[144.846761,-37.747919],[144.839456,-37.747046],[144.830334,-37.726644],[144.815248,-37.729667],[144.782007,-37.727569],[144.769138,-37.812017],[144.826586,-37.816872],[144.838905,-37.825537],[144.867085,-37.824185],[144.893191,-37.839545],[144.895504,-37.848029],[144.898362,-37.841204],[144.897147,-37.83263],[144.906529,-37.821593]]]},"bbox":[144.769138,-37.848029,144.916493,-37.726644]},
{"properties":{"electorateShortName":"gellibrand","electorateName":"Gellibrand","area":144.26,"state":"VIC"},"type":"Feature","geometry":{"type":"Polygon","coordinates":[[[144.74049,-37.941279],[144.761028,-37.937347],[144.773836,-37.929182],[144.79917,-37.92317],[144.797522,-37.906676],[144.807636,-37.891284],[144.807735,-37.880643],[144.819567,-37.872528],[144.840214,-37.871507],[144.850369,-37.863944],[144.868582,-37.858712],[144.878621,-37.868083],[144.903923,-37.861733],[144.895504,-37.848029],[144.893191,-37.839545],[144.867085,-37.824185],[144.838905,-37.825537],[144.826586,-37.816872],[144.769138,-37.812017],[144.708523,-37.806788],[144.702685,-37.834554],[144.711856,-37.85275],[144.731155,-37.863285],[144.73691,-37.873462],[144.715036,-37.879026],[144.709259,-37.885086],[144.716861,-37.896125],[144.713538,-37.914868],[144.728302,-37.927084],[144.742765,-37.928815],[144.74049,-37.941279]]]},"bbox":[144.702685,-37.941279,144.903923,-37.806788]},
{"properties":{"electorateShortName":"gippsland","electorateName":"Gippsland","area":33130.5,"state":"VIC"},"type":"Feature","geometry":{"type":"Polygon","coordinates":[[[146.42636,-38.721348],[146.42664,-38.739211],[146.438635,-38.754542],[146.468046,-38.772193],[146.482637,-38.777852],[146.494509,-38.774759],[146.518897,-38.78084],[146.538867,-38.789978],[146.55875,-38.786467],[146.583893,-38.766776],[146.602828,-38.757758],[146.625876,-38.759302],[146.657551,-38.754863],[146.676192,-38.74196],[146.698127,-38.717846],[146.726405,-38.699354],[146.749979,-38.695032],[146.787473,-38.680732],[146.826177,-38.684738],[146.8685,-38.646304],[146.931966,-38.596016],[146.990134,-38.54096],[147.067248,-38.475119],[147.126098,-38.430193],[147.175621,-38.3893],[147.240034,-38.340385],[147.413644,-38.202928],[147.46063,-38.163933],[147.50836,-38.128009],[147.582687,-38.076001],[147.642131,-38.036875],[147.705882,-37.998174],[147.75127,-37.973341],[147.788216,-37.955322],[147.823321,-37.940386],[147.935016,-37.899735],[147.95521,-37.893175],[147.978764,-37.889735],[148.003523,-37.880338],[148.051889,-37.8672],[148.069638,-37.865332],[148.12018,-37.848323],[148.179178,-37.831635],[148.260492,-37.815057],[148.344892,-37.805556],[148.46034,-37.801436],[148.581396,-37.802004],[148.611081,-37.803733],[148.626577,-37.808219],[148.655775,-37.80315],[148.698125,-37.801589],[148.726232,-37.808838],[148.743233,-37.806237],[148.749187,-37.797037],[148.768468,-37.792326],[148.808733,-37.786417],[148.860797,-37.785001],[148.884151,-37.789958],[148.900715,-37.784547],[148.926358,-37.781403],[149.017898,-37.780975],[149.124226,-37.777287],[149.1757,-37.778201],[149.184214,-37.78013],[149.213458,-37.777487],[149.246711,-37.780474],[149.265928,-37.789319],[149.265391,-37.798457],[149.275498,-37.803777],[149.292448,-37.78746],[149.340379,-37.776913],[149.36635,-37.775024],[149.38578,-37.778023],[149.410689,-37.773205],[149.431022,-37.777377],[149.439085,-37.772055],[149.461888,-37.769302],[149.484958,-37.775441],[149.495556,-37.768225],[149.496934,-37.753367],[149.512486,-37.747382],[149.525501,-37.737284],[149.56629,-37.724577],[149.587974,-37.722526],[149.616596,-37.700613],[149.647169,-37.69091],[149.676489,-37.68413],[149.682392,-37.664158],[149.706531,-37.643525],[149.719232,-37.619373],[149.718381,-37.611745],[149.738748,-37.585037],[149.765416,-37.573855],[149.760994,-37.566909],[149.795527,-37.549758],[149.819715,-37.544829],[149.844884,-37.545671],[149.874016,-37.540254],[149.906609,-37.542865],[149.915934,-37.532285],[149.936035,-37.521259],[149.957638,-37.51517],[149.976192,-37.505159],[149.794194,-37.434454],[149.592094,-37.355679],[149.356271,-37.262765],[149.206151,-37.203617],[148.992556,-37.118474],[148.798383,-37.040901],[148.523569,-36.929898],[148.200705,-36.798637],[148.186027,-36.804421],[148.169968,-36.792916],[148.156117,-36.790075],[148.144328,-36.79579],[148.126509,-36.796679],[148.120152,-36.80608],[148.108821,-36.797001],[148.104716,-36.780508],[148.120915,-36.755905],[148.134465,-36.743739],[147.960215,-36.612428],[147.841554,-36.64808],[147.541888,-36.737568],[147.53569,-36.752565],[147.526719,-36.756283],[147.529527,-36.768575],[147.501256,-36.776234],[147.495838,-36.781576],[147.4714,-36.783069],[147.463877,-36.803166],[147.454809,-36.807239],[147.439217,-36.801276],[147.419829,-36.782998],[147.407457,-36.778949],[147.40763,-36.765318],[147.387757,-36.757495],[147.367151,-36.733889],[147.345183,-36.73899],[147.326327,-36.73877],[147.311728,-36.73133],[147.290455,-36.737782],[147.29031,-36.765552],[147.279848,-36.767632],[147.26839,-36.777562],[147.276099,-36.794404],[147.292645,-36.809521],[147.292052,-36.822575],[147.301875,-36.829969],[147.317743,-36.822811],[147.33672,-36.829889],[147.344745,-36.853574],[147.344897,-36.868623],[147.310418,-36.889098],[147.289767,-36.904404],[147.292773,-36.917022],[147.281139,-36.926434],[147.263295,-37.006705],[147.293792,-37.006991],[147.3109,-37.018293],[147.342576,-37.032003],[147.361636,-37.034521],[147.386047,-37.030111],[147.390458,-37.052455],[147.380339,-37.05871],[147.380515,-37.098713],[147.359213,-37.114342],[147.316397,-37.113864],[147.325499,-37.121957],[147.325061,-37.141465],[147.332631,-37.153769],[147.344837,-37.16135],[147.346548,-37.170264],[147.35866,-37.180586],[147.371044,-37.199656],[147.383132,-37.202098],[147.384783,-37.211592],[147.336985,-37.275538],[147.143683,-37.248464],[146.838348,-37.205027],[146.825498,-37.202635],[146.823382,-37.191714],[146.78787,-37.177635],[146.770975,-37.150649],[146.75807,-37.147113],[146.719139,-37.158937],[146.684891,-37.145174],[146.681384,-37.136978],[146.654998,-37.122268],[146.638386,-37.132508],[146.647211,-37.162791],[146.547102,-37.368753],[146.435836,-37.618044],[146.45415,-37.616351],[146.460826,-37.628515],[146.474474,-37.640852],[146.488624,-37.642319],[146.507561,-37.670709],[146.515964,-37.678783],[146.504747,-37.695143],[146.473313,-37.994692],[146.491118,-37.985473],[146.496781,-37.988899],[146.514789,-37.983417],[146.523207,-37.964227],[146.546985,-37.967518],[146.570282,-37.983718],[146.587259,-37.978101],[146.569508,-38.058099],[146.534787,-38.056958],[146.527911,-38.084253],[146.483669,-38.075472],[146.478977,-38.1038],[146.424409,-38.096541],[146.419037,-38.1105],[146.39788,-38.102481],[146.374382,-38.100073],[146.37656,-38.093511],[146.340831,-38.083549],[146.320908,-38.094101],[146.319168,-38.138475],[146.307004,-38.155508],[146.34001,-38.169907],[146.328474,-38.183037],[146.328085,-38.200756],[146.304084,-38.205869],[146.287154,-38.239553],[146.274694,-38.253227],[146.258234,-38.2648],[146.252297,-38.298638],[146.24013,-38.306168],[146.228567,-38.32389],[146.250515,-38.326651],[146.243482,-38.356223],[146.232875,-38.354381],[146.218034,-38.373819],[146.232719,-38.374839],[146.234541,-38.384946],[146.223298,-38.440052],[146.272185,-38.446422],[146.269265,-38.456953],[146.23718,-38.452907],[146.238424,-38.467969],[146.262567,-38.47099],[146.254758,-38.49611],[146.291694,-38.500076],[146.284338,-38.516574],[146.290388,-38.527856],[146.316498,-38.520253],[146.327389,-38.531358],[146.311223,-38.551312],[146.317294,-38.56193],[146.336851,-38.570716],[146.365454,-38.576814],[146.370593,-38.585068],[146.394112,-38.598457],[146.427667,-38.604984],[146.463128,-38.5985],[146.461553,-38.607385],[146.525602,-38.619309],[146.52835,-38.623066],[146.520416,-38.663544],[146.525857,-38.664176],[146.518226,-38.707452],[146.486445,-38.706831],[146.465169,-38.703575],[146.435299,-38.712196],[146.42636,-38.721348]]]},"bbox":[146.218034,-38.789978,149.976192,-36.612428]},
{"properties":{"electorateShortName":"goldstein","electorateName":"Goldstein","area":56.38,"state":"VIC"},"type":"Feature","geometry":{"type":"Polygon","coordinates":[[[145.061337,-37.93644],[145.053446,-37.905646],[145.043918,-37.90444],[145.044819,-37.889737],[144.992264,-37.883274],[144.98499,-37.891003],[144.985526,-37.926238],[144.999006,-37.939988],[144.993044,-37.943982],[145.010226,-37.96121],[145.009382,-37.969598],[145.030763,-37.994595],[145.038298,-37.996416],[145.051691,-37.98682],[145.061337,-37.93644]]]},"bbox":[144.98499,-37.996416,145.061337,-37.883274]},
{"properties":{"electorateShortName":"gorton","electorateName":"Gorton","area":207.44,"state":"VIC"},"type":"Feature","geometry":{"type":"Polygon","coordinates":[[[144.830334,-37.726644],[144.840307,-37.720577],[144.76267,-37.670863],[144.756405,-37.693418],[144.639118,-37.680186],[144.624479,-37.682272],[144.604728,-37.794696],[144.708523,-37.806788],[144.769138,-37.812017],[144.782007,-37.727569],[144.815248,-37.729667],[144.830334,-37.726644]]]},"bbox":[144.604728,-37.812017,144.840307,-37.670863]},
{"properties":{"electorateShortName":"hawke","electorateName":"Hawke","area":1985.85,"state":"VIC"},"type":"Feature","geometry":{"type":"Polygon","coordinates":[[[144.870505,-37.515536],[144.773118,-37.502919],[144.751939,-37.497018],[144.740515,-37.489306],[144.711111,-37.48237],[144.691676,-37.486694],[144.678858,-37.49953],[144.645029,-37.495044],[144.638052,-37.499502],[144.632409,-37.530122],[144.648957,-37.543795],[144.671646,-37.567722],[144.626207,-37.562907],[144.626752,-37.560014],[144.561176,-37.552417],[144.556225,-37.5589],[144.483698,-37.550821],[144.459283,-37.546397],[144.468257,-37.524001],[144.469781,-37.507463],[144.459315,-37.497101],[144.471553,-37.431109],[144.465224,-37.429068],[144.450203,-37.45065],[144.432614,-37.451117],[144.379278,-37.438789],[144.347276,-37.432138],[144.342047,-37.420649],[144.306833,-37.424163],[144.303393,-37.434404],[144.291254,-37.43695],[144.273034,-37.430179],[144.263533,-37.446291],[144.173933,-37.436052],[144.174134,-37.447435],[144.164657,-37.454915],[144.161557,-37.488444],[144.172523,-37.51288],[144.181702,-37.51646],[144.198075,-37.551673],[144.187025,-37.561627],[144.161809,-37.568695],[144.143657,-37.566651],[144.132388,-37.575816],[144.130125,-37.592258],[144.139001,-37.593221],[144.133417,-37.624445],[144.156046,-37.631592],[144.152598,-37.652769],[144.170947,-37.654817],[144.174858,-37.66435],[144.173122,-37.691273],[144.154193,-37.726714],[144.180515,-37.729525],[144.170161,-37.743159],[144.164531,-37.759904],[144.190341,-37.777852],[144.173236,-37.79266],[144.17639,-37.802879],[144.218273,-37.807005],[144.222446,-37.810201],[144.296016,-37.819565],[144.30521,-37.83657],[144.330448,-37.846289],[144.354938,-37.843099],[144.361988,-37.81083],[144.399119,-37.815232],[144.407834,-37.809191],[144.420317,-37.820586],[144.421646,-37.846218],[144.454269,-37.867244],[144.571459,-37.8804],[144.574023,-37.866713],[144.5946,-37.859447],[144.582499,-37.850883],[144.603592,-37.832743],[144.603814,-37.82756],[144.578362,-37.81499],[144.578186,-37.799399],[144.588763,-37.79313],[144.604728,-37.794696],[144.624479,-37.682272],[144.639118,-37.680186],[144.756405,-37.693418],[144.76267,-37.670863],[144.840307,-37.720577],[144.849571,-37.726335],[144.867854,-37.703665],[144.866336,-37.677922],[144.862811,-37.670485],[144.833918,-37.643988],[144.836363,-37.629605],[144.818376,-37.627622],[144.821559,-37.608063],[144.811356,-37.590563],[144.81903,-37.572779],[144.830244,-37.565228],[144.831873,-37.55603],[144.847961,-37.556473],[144.854234,-37.542314],[144.850536,-37.535888],[144.870505,-37.515536]]]},"bbox":[144.130125,-37.8804,144.870505,-37.420649]},
{"properties":{"electorateShortName":"holt","electorateName":"Holt","area":252.38,"state":"VIC"},"type":"Feature","geometry":{"type":"Polygon","coordinates":[[[145.429965,-38.215171],[145.418316,-38.198491],[145.38886,-38.192516],[145.399316,-38.142977],[145.383508,-38.125745],[145.327163,-38.118743],[145.332671,-38.089242],[145.295405,-38.084515],[145.30145,-38.05376],[145.286344,-38.035576],[145.286755,-38.021634],[145.248989,-38.017011],[145.247225,-38.03641],[145.239583,-38.077677],[145.215767,-38.200652],[145.215447,-38.208729],[145.229938,-38.220597],[145.25422,-38.22361],[145.262894,-38.222079],[145.27858,-38.234076],[145.277306,-38.24593],[145.311429,-38.246337],[145.341337,-38.229565],[145.340206,-38.21874],[145.353378,-38.214725],[145.366722,-38.222339],[145.384366,-38.22097],[145.410917,-38.228048],[145.429965,-38.215171]]]},"bbox":[145.215447,-38.246337,145.429965,-38.017011]},
{"properties":{"electorateShortName":"hotham","electorateName":"Hotham","area":81.06,"state":"VIC"},"type":"Feature","geometry":{"type":"Polygon","coordinates":[[[145.195486,-37.923128],[145.176936,-37.920812],[145.179738,-37.905737],[145.152817,-37.902616],[145.141783,-37.894091],[145.118928,-37.891181],[145.090173,-37.882913],[145.088226,-37.892976],[145.072119,-37.884942],[145.049635,-37.881026],[145.044819,-37.889737],[145.043918,-37.90444],[145.053446,-37.905646],[145.061337,-37.93644],[145.087119,-37.939654],[145.099396,-37.947019],[145.10314,-37.956338],[145.191346,-37.967162],[145.194049,-37.966611],[145.1911,-37.959814],[145.195486,-37.923128]]]},"bbox":[145.043918,-37.967162,145.195486,-37.881026]},
{"properties":{"electorateShortName":"indi","electorateName":"Indi","area":29188.36,"state":"VIC"},"type":"Feature","geometry":{"type":"Polygon","coordinates":[[[148.134465,-36.743739],[148.139094,-36.732214],[148.185114,-36.692218],[148.189755,-36.675353],[148.208187,-36.651287],[148.219547,-36.619558],[148.210891,-36.61248],[148.217444,-36.598853],[148.203575,-36.588771],[148.178467,-36.579762],[148.165121,-36.578229],[148.151766,-36.560975],[148.13341,-36.566921],[148.124448,-36.550981],[148.139815,-36.525604],[148.131882,-36.516415],[148.128393,-36.502796],[148.118994,-36.494449],[148.126234,-36.48437],[148.121358,-36.46131],[148.087713,-36.451949],[148.086902,-36.432071],[148.080323,-36.422371],[148.058426,-36.414135],[148.057913,-36.400622],[148.049675,-36.398852],[148.043791,-36.374693],[148.038261,-36.365556],[148.055269,-36.332807],[148.050285,-36.319026],[148.035118,-36.310834],[148.042727,-36.304063],[148.036595,-36.293632],[148.0329,-36.268288],[148.038283,-36.258347],[148.02884,-36.247044],[148.034773,-36.233561],[148.026941,-36.225979],[148.040606,-36.20686],[148.034802,-36.192554],[148.02547,-36.186007],[148.033504,-36.142742],[148.014061,-36.137431],[148.004366,-36.140092],[148.000679,-36.125731],[147.990779,-36.12067],[147.99599,-36.097674],[147.980362,-36.086353],[147.991305,-36.064108],[147.999193,-36.058482],[147.996108,-36.047982],[147.97155,-36.042771],[147.949299,-36.046142],[147.92337,-36.041852],[147.923816,-36.029052],[147.912058,-36.027094],[147.916911,-36.010845],[147.912789,-35.995511],[147.884694,-35.998792],[147.872714,-35.991009],[147.84944,-35.989599],[147.832105,-35.980063],[147.817498,-35.979741],[147.811199,-35.967299],[147.79644,-35.963833],[147.777034,-35.968628],[147.757541,-35.954842],[147.741292,-35.95649],[147.708414,-35.928545],[147.68933,-35.937725],[147.680009,-35.944439],[147.653714,-35.944149],[147.64229,-35.949978],[147.638341,-35.961612],[147.62011,-35.96778],[147.60546,-35.977376],[147.582327,-35.967786],[147.574885,-35.975159],[147.583884,-35.985671],[147.569283,-35.991339],[147.555245,-36.003209],[147.525896,-35.986192],[147.51523,-35.975987],[147.512367,-35.96232],[147.498602,-35.946642],[147.481252,-35.949017],[147.464072,-35.944137],[147.456156,-35.957779],[147.431041,-35.952994],[147.404264,-35.943562],[147.392717,-35.95406],[147.391587,-35.97393],[147.383679,-35.972352],[147.360761,-35.988997],[147.353257,-36.000376],[147.346068,-36.024247],[147.352244,-36.032293],[147.318012,-36.060321],[147.306669,-36.05719],[147.300282,-36.045277],[147.263604,-36.039264],[147.242226,-36.038531],[147.226105,-36.047803],[147.204328,-36.049889],[147.183891,-36.038357],[147.161588,-36.031054],[147.154914,-36.035702],[147.137173,-36.028625],[147.127863,-36.018578],[147.123129,-35.997317],[147.113583,-36.000574],[147.10473,-36.018735],[147.097214,-36.022613],[147.100295,-36.035767],[147.095444,-36.05271],[147.085088,-36.052465],[147.059515,-36.07404],[147.06302,-36.082492],[147.052277,-36.090543],[147.048679,-36.103795],[147.035284,-36.114914],[147.016177,-36.089497],[146.988983,-36.087066],[146.978369,-36.092685],[146.972589,-36.082113],[146.958912,-36.085164],[146.950574,-36.094491],[146.945682,-36.115517],[146.91202,-36.106241],[146.901931,-36.083048],[146.880556,-36.087524],[146.872952,-36.073681],[146.848713,-36.086605],[146.836347,-36.082188],[146.825463,-36.088817],[146.814468,-36.063948],[146.795648,-36.057436],[146.776922,-36.059994],[146.76021,-36.058168],[146.750628,-36.050572],[146.730519,-36.044629],[146.732358,-36.030981],[146.716628,-36.026506],[146.703433,-36.034052],[146.682653,-36.038985],[146.670222,-36.027913],[146.656852,-36.026428],[146.650336,-36.018411],[146.622249,-35.995307],[146.612864,-35.994714],[146.607993,-35.974706],[146.594545,-35.974378],[146.569591,-35.979283],[146.563412,-35.968881],[146.549581,-35.992457],[146.5316,-35.982155],[146.526564,-35.97042],[146.511963,-35.964179],[146.501034,-35.964774],[146.500431,-35.978239],[146.488434,-35.989957],[146.45664,-35.966665],[146.436366,-35.966703],[146.402962,-35.98878],[146.398316,-36.008021],[146.380858,-36.012572],[146.379593,-36.028127],[146.386841,-36.036842],[146.366896,-36.050099],[146.347215,-36.03835],[146.345825,-36.029383],[146.330924,-36.026673],[146.327027,-36.035358],[146.306049,-36.042575],[146.291056,-36.035452],[146.288234,-36.015356],[146.276391,-36.015839],[146.272762,-36.026643],[146.256313,-36.013278],[146.243982,-36.027784],[146.19808,-36.029929],[146.185976,-36.04207],[146.177275,-36.034041],[146.175238,-36.041756],[146.198098,-36.044443],[146.196351,-36.061181],[146.202245,-36.072878],[146.198396,-36.086429],[146.215234,-36.089042],[146.206763,-36.115944],[146.208502,-36.125907],[146.238734,-36.135767],[146.236246,-36.164891],[146.24529,-36.178805],[146.220983,-36.186711],[146.131052,-36.186791],[146.131425,-36.255122],[146.036903,-36.255063],[146.031198,-36.265443],[146.030938,-36.299009],[145.798509,-36.29897],[145.798504,-36.330831],[145.775229,-36.443786],[145.765319,-36.437311],[145.739833,-36.432417],[145.731316,-36.442633],[145.73187,-36.499036],[145.63156,-36.499046],[145.631723,-36.563298],[145.614728,-36.563293],[145.626266,-36.590056],[145.644505,-36.590785],[145.644547,-36.623091],[145.634655,-36.631734],[145.589376,-36.681939],[145.597024,-36.695214],[145.584771,-36.708923],[145.572181,-36.701565],[145.515939,-36.701648],[145.513473,-36.687044],[145.498172,-36.687049],[145.494195,-36.699973],[145.496032,-36.730223],[145.453244,-36.730375],[145.453097,-36.774061],[145.46176,-36.786377],[145.477539,-36.788714],[145.471322,-36.82001],[145.462634,-36.828708],[145.46983,-36.840079],[145.484315,-36.840287],[145.481825,-36.870357],[145.461238,-36.875528],[145.463844,-36.909814],[145.457564,-36.911587],[145.452787,-36.931588],[145.425438,-36.965827],[145.424135,-36.97758],[145.413063,-36.992423],[145.425709,-36.999019],[145.429474,-37.021674],[145.411083,-37.030559],[145.392793,-37.043635],[145.392731,-37.076286],[145.374743,-37.076176],[145.372209,-37.093919],[145.352816,-37.101393],[145.331517,-37.099683],[145.321037,-37.103798],[145.288296,-37.099599],[145.290829,-37.110828],[145.284608,-37.138546],[145.273373,-37.142007],[145.2571,-37.134989],[145.243202,-37.143928],[145.228562,-37.134631],[145.231721,-37.167534],[145.229488,-37.180062],[145.219437,-37.191084],[145.207534,-37.191117],[145.202165,-37.199842],[145.174878,-37.204911],[145.166323,-37.219877],[145.177204,-37.235936],[145.167774,-37.240246],[145.165887,-37.251673],[145.173129,-37.261161],[145.163003,-37.277628],[145.19555,-37.278296],[145.195382,-37.29412],[145.227314,-37.294262],[145.227443,-37.305096],[145.251861,-37.304952],[145.279329,-37.337825],[145.270067,-37.347207],[145.271372,-37.368061],[145.265812,-37.37325],[145.26562,-37.419354],[145.234841,-37.437998],[145.224764,-37.458158],[145.222272,-37.472599],[145.241036,-37.477723],[145.239319,-37.487739],[145.25671,-37.491981],[145.253858,-37.507272],[145.276305,-37.496489],[145.294389,-37.498582],[145.297063,-37.513695],[145.320573,-37.528166],[145.332594,-37.5396],[145.368431,-37.545339],[145.386468,-37.543395],[145.402399,-37.53634],[145.405039,-37.526551],[145.417552,-37.526238],[145.43839,-37.543218],[145.459345,-37.54376],[145.469915,-37.557672],[145.480491,-37.561281],[145.507977,-37.555906],[145.524785,-37.565792],[145.537515,-37.562639],[145.55864,-37.590779],[145.573209,-37.586314],[145.578024,-37.572054],[145.601902,-37.567359],[145.618012,-37.572296],[145.63262,-37.587564],[145.65381,-37.601759],[145.659109,-37.617531],[145.675853,-37.624195],[145.737342,-37.593992],[145.731213,-37.585865],[145.736567,-37.568164],[145.748461,-37.573306],[145.766084,-37.573626],[145.780899,-37.566494],[145.809821,-37.563606],[145.816082,-37.556685],[145.820049,-37.534378],[145.847205,-37.527997],[145.866249,-37.531896],[145.879665,-37.525205],[145.889692,-37.532258],[146.186005,-37.534824],[146.18445,-37.560747],[146.190703,-37.571798],[146.191923,-37.58753],[146.204433,-37.599147],[146.230272,-37.607936],[146.250088,-37.610403],[146.276237,-37.604879],[146.298792,-37.591075],[146.31962,-37.599116],[146.346652,-37.623587],[146.367643,-37.629321],[146.382641,-37.621977],[146.383439,-37.609666],[146.403203,-37.60403],[146.426415,-37.618575],[146.435836,-37.618044],[146.547102,-37.368753],[146.647211,-37.162791],[146.638386,-37.132508],[146.654998,-37.122268],[146.681384,-37.136978],[146.684891,-37.145174],[146.719139,-37.158937],[146.75807,-37.147113],[146.770975,-37.150649],[146.78787,-37.177635],[146.823382,-37.191714],[146.825498,-37.202635],[146.838348,-37.205027],[147.143683,-37.248464],[147.336985,-37.275538],[147.384783,-37.211592],[147.383132,-37.202098],[147.371044,-37.199656],[147.35866,-37.180586],[147.346548,-37.170264],[147.344837,-37.16135],[147.332631,-37.153769],[147.325061,-37.141465],[147.325499,-37.121957],[147.316397,-37.113864],[147.359213,-37.114342],[147.380515,-37.098713],[147.380339,-37.05871],[147.390458,-37.052455],[147.386047,-37.030111],[147.361636,-37.034521],[147.342576,-37.032003],[147.3109,-37.018293],[147.293792,-37.006991],[147.263295,-37.006705],[147.281139,-36.926434],[147.292773,-36.917022],[147.289767,-36.904404],[147.310418,-36.889098],[147.344897,-36.868623],[147.344745,-36.853574],[147.33672,-36.829889],[147.317743,-36.822811],[147.301875,-36.829969],[147.292052,-36.822575],[147.292645,-36.809521],[147.276099,-36.794404],[147.26839,-36.777562],[147.279848,-36.767632],[147.29031,-36.765552],[147.290455,-36.737782],[147.311728,-36.73133],[147.326327,-36.73877],[147.345183,-36.73899],[147.367151,-36.733889],[147.387757,-36.757495],[147.40763,-36.765318],[147.407457,-36.778949],[147.419829,-36.782998],[147.439217,-36.801276],[147.454809,-36.807239],[147.463877,-36.803166],[147.4714,-36.783069],[147.495838,-36.781576],[147.501256,-36.776234],[147.529527,-36.768575],[147.526719,-36.756283],[147.53569,-36.752565],[147.541888,-36.737568],[147.841554,-36.64808],[147.960215,-36.612428],[148.134465,-36.743739]]]},"bbox":[145.163003,-37.629321,148.219547,-35.928545]},
{"properties":{"electorateShortName":"isaacs","electorateName":"Isaacs","area":158.32,"state":"VIC"},"type":"Feature","geometry":{"type":"Polygon","coordinates":[[[145.248989,-38.017011],[145.251854,-38.003635],[145.225532,-38.000534],[145.21407,-37.984894],[145.194049,-37.966611],[145.191346,-37.967162],[145.10314,-37.956338],[145.099396,-37.947019],[145.087119,-37.939654],[145.061337,-37.93644],[145.051691,-37.98682],[145.069208,-37.995219],[145.090609,-38.014952],[145.112848,-38.052151],[145.141821,-38.043226],[145.15027,-38.067299],[145.239583,-38.077677],[145.247225,-38.03641],[145.248989,-38.017011]]]},"bbox":[145.051691,-38.077677,145.251854,-37.93644]},
{"properties":{"electorateShortName":"jagajaga","electorateName":"Jagajaga","area":137.28,"state":"VIC"},"type":"Feature","geometry":{"type":"Polygon","coordinates":[[[145.241959,-37.73608],[145.24232,-37.728321],[145.263065,-37.708035],[145.266932,-37.695643],[145.265251,-37.678446],[145.251424,-37.664959],[145.22489,-37.663426],[145.21044,-37.656809],[145.20003,-37.666638],[145.198403,-37.682533],[145.178531,-37.691171],[145.142941,-37.686773],[145.118736,-37.679377],[145.112379,-37.682328],[145.084739,-37.679155],[145.069755,-37.678254],[145.058219,-37.699983],[145.051325,-37.708384],[145.074949,-37.708789],[145.060837,-37.729779],[145.038601,-37.727324],[145.03199,-37.73776],[145.036096,-37.746858],[145.027924,-37.76251],[145.040197,-37.784222],[145.067113,-37.780935],[145.077778,-37.754482],[145.107175,-37.754897],[145.121871,-37.751666],[145.133141,-37.742812],[145.15549,-37.733969],[145.176676,-37.735375],[145.21198,-37.729641],[145.206947,-37.741529],[145.236431,-37.731564],[145.241959,-37.73608]]]},"bbox":[145.027924,-37.784222,145.266932,-37.656809]},
{"properties":{"electorateShortName":"kooyong","electorateName":"Kooyong","area":59.18,"state":"VIC"},"type":"Feature","geometry":{"type":"Polygon","coordinates":[[[145.098207,-37.835978],[145.101491,-37.804363],[145.095655,-37.78011],[145.078794,-37.776966],[145.067113,-37.780935],[145.040197,-37.784222],[145.040426,-37.789768],[145.001945,-37.796659],[145.014379,-37.815533],[145.016119,-37.824462],[145.006442,-37.831576],[145.002439,-37.853092],[145.038261,-37.873739],[145.04286,-37.849819],[145.049326,-37.845144],[145.082237,-37.84886],[145.085044,-37.834456],[145.098207,-37.835978]]]},"bbox":[145.001945,-37.873739,145.101491,-37.776966]},
{"properties":{"electorateShortName":"la-trobe","electorateName":"La Trobe","area":1303.16,"state":"VIC"},"type":"Feature","geometry":{"type":"Polygon","coordinates":[[[145.520721,-38.306578],[145.541805,-38.309385],[145.545349,-38.292232],[145.553667,-38.293571],[145.584132,-38.315629],[145.593617,-38.330099],[145.605684,-38.332457],[145.612426,-38.285715],[145.63507,-38.284658],[145.680275,-38.289597],[145.681492,-38.282232],[145.73268,-38.289375],[145.736539,-38.268873],[145.736357,-38.248976],[145.712927,-38.250871],[145.717412,-38.206726],[145.700802,-38.205926],[145.729725,-38.15398],[145.748478,-38.142826],[145.762787,-38.108946],[145.739211,-38.10053],[145.754443,-38.079198],[145.752723,-38.065805],[145.757231,-38.054138],[145.757189,-38.025727],[145.764688,-38.019211],[145.762536,-37.990723],[145.739578,-37.971795],[145.731067,-37.958834],[145.746843,-37.938506],[145.741436,-37.929141],[145.750759,-37.9172],[145.747876,-37.907446],[145.730391,-37.903432],[145.721541,-37.885239],[145.693888,-37.886008],[145.671682,-37.893451],[145.670701,-37.907142],[145.657956,-37.90799],[145.642089,-37.918364],[145.62511,-37.916976],[145.604326,-37.898018],[145.575233,-37.899342],[145.5534,-37.873679],[145.5319,-37.866915],[145.525513,-37.887403],[145.507707,-37.899837],[145.489986,-37.919163],[145.491619,-37.926126],[145.469198,-37.928453],[145.468159,-37.910972],[145.442652,-37.907018],[145.428501,-37.913492],[145.419683,-37.926378],[145.419769,-37.93787],[145.382168,-37.941172],[145.388033,-37.970981],[145.379211,-37.975028],[145.375903,-37.990148],[145.385407,-38.013496],[145.365932,-38.038977],[145.375296,-38.052006],[145.360299,-38.053073],[145.341113,-38.045842],[145.332671,-38.089242],[145.327163,-38.118743],[145.383508,-38.125745],[145.399316,-38.142977],[145.38886,-38.192516],[145.418316,-38.198491],[145.429965,-38.215171],[145.452466,-38.21876],[145.459991,-38.228038],[145.488988,-38.233414],[145.490359,-38.250641],[145.504597,-38.283536],[145.51795,-38.290894],[145.520721,-38.306578]]]},"bbox":[145.327163,-38.332457,145.764688,-37.866915]},
{"properties":{"electorateShortName":"lalor","electorateName":"Lalor","area":179.71,"state":"VIC"},"type":"Feature","geometry":{"type":"Polygon","coordinates":[[[144.74049,-37.941279],[144.742765,-37.928815],[144.728302,-37.927084],[144.713538,-37.914868],[144.716861,-37.896125],[144.709259,-37.885086],[144.715036,-37.879026],[144.73691,-37.873462],[144.731155,-37.863285],[144.711856,-37.85275],[144.702685,-37.834554],[144.708523,-37.806788],[144.604728,-37.794696],[144.588763,-37.79313],[144.578186,-37.799399],[144.578362,-37.81499],[144.603814,-37.82756],[144.603592,-37.832743],[144.582499,-37.850883],[144.5946,-37.859447],[144.574023,-37.866713],[144.571459,-37.8804],[144.59073,-37.882222],[144.588514,-37.89696],[144.609414,-37.919003],[144.620742,-37.915839],[144.628103,-37.929967],[144.657505,-37.919951],[144.667696,-37.925606],[144.663091,-37.93543],[144.670527,-37.972087],[144.687889,-37.974337],[144.701897,-37.971466],[144.723354,-37.951443],[144.74049,-37.941279]]]},"bbox":[144.571459,-37.974337,144.742765,-37.79313]},
{"properties":{"electorateShortName":"macnamara","electorateName":"Macnamara","area":38.39,"state":"VIC"},"type":"Feature","geometry":{"type":"Polygon","coordinates":[[[145.049635,-37.881026],[145.038261,-37.873739],[145.002439,-37.853092],[144.980643,-37.850219],[144.968252,-37.819224],[144.955268,-37.823346],[144.927737,-37.819284],[144.906529,-37.821593],[144.897147,-37.83263],[144.898362,-37.841204],[144.907213,-37.849526],[144.918525,-37.839688],[144.935592,-37.842548],[144.963316,-37.855468],[144.975658,-37.882121],[144.98499,-37.891003],[144.992264,-37.883274],[145.044819,-37.889737],[145.049635,-37.881026]]]},"bbox":[144.897147,-37.891003,145.049635,-37.819224]},
{"properties":{"electorateShortName":"mallee","electorateName":"Mallee","area":83411.73,"state":"VIC"},"type":"Feature","geometry":{"type":"Polygon","coordinates":[[[144.408538,-35.898891],[144.412385,-35.886894],[144.403628,-35.880666],[144.405422,-35.86166],[144.389813,-35.859222],[144.374914,-35.840618],[144.375538,-35.824381],[144.36476,-35.819647],[144.375726,-35.801211],[144.352408,-35.78644],[144.353145,-35.778209],[144.309384,-35.751144],[144.301187,-35.741758],[144.284989,-35.737265],[144.267919,-35.753779],[144.247442,-35.729076],[144.24841,-35.721499],[144.229695,-35.714869],[144.215049,-35.704491],[144.213589,-35.686764],[144.195138,-35.685858],[144.185471,-35.67049],[144.174917,-35.674408],[144.16235,-35.671526],[144.153337,-35.646066],[144.140571,-35.646439],[144.117546,-35.625926],[144.113178,-35.601909],[144.105766,-35.591691],[144.062189,-35.576694],[144.064049,-35.571377],[144.046549,-35.562766],[144.04785,-35.556174],[144.012702,-35.554073],[144.008603,-35.563155],[143.989386,-35.553193],[143.99922,-35.545367],[143.99581,-35.53499],[143.977879,-35.534142],[143.958981,-35.50448],[143.919107,-35.500666],[143.912221,-35.494889],[143.894671,-35.492389],[143.867954,-35.481485],[143.841471,-35.458623],[143.82703,-35.455101],[143.818017,-35.437545],[143.80312,-35.434457],[143.790117,-35.422477],[143.763844,-35.423582],[143.758929,-35.415006],[143.767905,-35.401179],[143.746463,-35.388599],[143.710475,-35.392663],[143.697951,-35.38129],[143.676871,-35.371752],[143.653874,-35.394879],[143.642339,-35.401037],[143.629308,-35.392188],[143.603015,-35.365407],[143.597496,-35.354631],[143.581993,-35.34111],[143.566838,-35.343647],[143.562883,-35.318016],[143.577937,-35.303197],[143.582126,-35.287789],[143.59086,-35.281659],[143.576014,-35.265483],[143.565316,-35.235718],[143.573815,-35.234879],[143.579485,-35.213803],[143.563927,-35.202627],[143.546418,-35.207392],[143.543169,-35.216482],[143.529485,-35.219801],[143.519785,-35.21272],[143.505151,-35.213824],[143.492321,-35.219897],[143.471481,-35.219294],[143.464875,-35.203292],[143.446411,-35.189924],[143.424645,-35.189763],[143.417855,-35.194828],[143.39638,-35.193114],[143.382961,-35.174203],[143.391141,-35.146715],[143.374051,-35.122919],[143.362187,-35.117111],[143.357705,-35.104908],[143.349291,-35.105291],[143.341107,-35.088849],[143.339884,-35.055978],[143.322705,-35.035511],[143.334877,-35.03455],[143.33583,-35.002986],[143.31811,-34.986117],[143.323788,-34.979248],[143.319595,-34.968512],[143.319738,-34.948405],[143.342517,-34.933699],[143.3422,-34.919159],[143.333176,-34.911127],[143.323269,-34.884978],[143.332288,-34.88505],[143.348683,-34.864411],[143.345851,-34.854911],[143.35939,-34.817289],[143.34711,-34.80503],[143.351547,-34.796004],[143.330791,-34.787467],[143.315042,-34.789406],[143.307494,-34.780064],[143.283663,-34.795215],[143.273565,-34.789081],[143.273545,-34.777018],[143.254281,-34.766646],[143.271401,-34.75965],[143.263304,-34.751202],[143.248926,-34.757856],[143.242936,-34.746825],[143.229428,-34.747326],[143.214857,-34.735448],[143.200913,-34.733447],[143.193547,-34.712979],[143.169809,-34.719968],[143.16429,-34.717289],[143.1654,-34.700807],[143.147435,-34.709825],[143.133792,-34.701049],[143.109596,-34.701696],[143.103934,-34.694086],[143.090001,-34.701286],[143.06552,-34.688324],[143.057406,-34.697819],[143.040044,-34.702511],[143.030659,-34.693733],[143.013864,-34.694796],[143.008007,-34.685967],[143.012939,-34.671045],[142.990699,-34.667595],[142.976762,-34.670149],[142.982427,-34.68274],[142.967695,-34.691671],[142.96334,-34.676609],[142.934211,-34.659828],[142.924713,-34.649592],[142.902088,-34.654502],[142.899365,-34.66883],[142.874045,-34.673405],[142.871909,-34.652369],[142.864381,-34.644002],[142.861506,-34.628214],[142.854341,-34.619617],[142.839467,-34.623659],[142.835569,-34.611128],[142.805372,-34.608622],[142.787947,-34.5907],[142.800298,-34.579682],[142.796435,-34.571949],[142.809125,-34.56197],[142.805408,-34.553901],[142.793074,-34.550467],[142.781468,-34.565084],[142.769991,-34.568882],[142.780544,-34.579179],[142.756938,-34.579449],[142.763517,-34.596737],[142.746444,-34.60306],[142.732112,-34.59973],[142.724632,-34.592388],[142.714821,-34.600443],[142.699545,-34.603155],[142.704207,-34.612494],[142.696939,-34.639536],[142.689336,-34.651391],[142.695435,-34.659971],[142.708608,-34.662167],[142.710435,-34.676748],[142.689193,-34.671752],[142.678929,-34.680153],[142.690497,-34.704752],[142.684825,-34.714704],[142.696762,-34.720164],[142.679521,-34.739085],[142.654948,-34.727746],[142.616551,-34.737954],[142.619222,-34.754454],[142.636643,-34.757716],[142.646377,-34.763986],[142.644439,-34.775337],[142.631431,-34.784395],[142.61578,-34.785261],[142.596081,-34.772941],[142.550496,-34.763101],[142.526373,-34.759805],[142.508737,-34.750085],[142.499571,-34.739194],[142.513045,-34.723122],[142.509895,-34.713661],[142.518898,-34.704022],[142.513521,-34.691322],[142.498038,-34.67243],[142.513827,-34.666666],[142.511171,-34.658278],[142.490818,-34.672996],[142.471582,-34.666869],[142.472026,-34.640124],[142.465543,-34.634413],[142.458713,-34.616912],[142.471178,-34.593386],[142.465987,-34.583102],[142.472794,-34.575279],[142.467968,-34.564295],[142.4486,-34.560005],[142.451608,-34.572796],[142.428641,-34.572575],[142.424287,-34.562414],[142.406254,-34.56541],[142.410691,-34.553474],[142.392498,-34.549364],[142.376705,-34.540985],[142.368408,-34.527088],[142.384,-34.523811],[142.376443,-34.511827],[142.392212,-34.49227],[142.361416,-34.487859],[142.374881,-34.476951],[142.371176,-34.471511],[142.35397,-34.470661],[142.365178,-34.447058],[142.352636,-34.419082],[142.351891,-34.394745],[142.370652,-34.38329],[142.368628,-34.369736],[142.391499,-34.360112],[142.384364,-34.347335],[142.396798,-34.338096],[142.365135,-34.32712],[142.348615,-34.336576],[142.32161,-34.336936],[142.313689,-34.329489],[142.292443,-34.323761],[142.280596,-34.315901],[142.2874,-34.306919],[142.272191,-34.30357],[142.238545,-34.30782],[142.232465,-34.296749],[142.248612,-34.286547],[142.244728,-34.276919],[142.249565,-34.266928],[142.235705,-34.248787],[142.2435,-34.24603],[142.24403,-34.232457],[142.235809,-34.222639],[142.24353,-34.216685],[142.238324,-34.204652],[142.229132,-34.207086],[142.228062,-34.189576],[142.220316,-34.181665],[142.19858,-34.183496],[142.183613,-34.175673],[142.175995,-34.184426],[142.16594,-34.182742],[142.159255,-34.171483],[142.165861,-34.152266],[142.147839,-34.14871],[142.138001,-34.160132],[142.118617,-34.159819],[142.120886,-34.174093],[142.103859,-34.177298],[142.082079,-34.172992],[142.078003,-34.158076],[142.066631,-34.152763],[142.075157,-34.141388],[142.074484,-34.130491],[142.051773,-34.125488],[142.03409,-34.129289],[142.032603,-34.113095],[142.013312,-34.105381],[142.013258,-34.125416],[141.983491,-34.112412],[141.969742,-34.119898],[141.971663,-34.13525],[141.964165,-34.13677],[141.947014,-34.119832],[141.939754,-34.12226],[141.93751,-34.137049],[141.922351,-34.114383],[141.903691,-34.111366],[141.885359,-34.114701],[141.887961,-34.126081],[141.877846,-34.13685],[141.86698,-34.128459],[141.842404,-34.132526],[141.825395,-34.127681],[141.802109,-34.115877],[141.787229,-34.111996],[141.774652,-34.11443],[141.745353,-34.103104],[141.729872,-34.105577],[141.717027,-34.11496],[141.704908,-34.095686],[141.689371,-34.102078],[141.67745,-34.101225],[141.653775,-34.117081],[141.635073,-34.12039],[141.632119,-34.140138],[141.61202,-34.156492],[141.599335,-34.156085],[141.602561,-34.168795],[141.589922,-34.175268],[141.582695,-34.19875],[141.567974,-34.19183],[141.545044,-34.200583],[141.532805,-34.211603],[141.517339,-34.206709],[141.506808,-34.190087],[141.510846,-34.177706],[141.49464,-34.154513],[141.472961,-34.15945],[141.466963,-34.16547],[141.4525,-34.161286],[141.444028,-34.167684],[141.432066,-34.158131],[141.431295,-34.145354],[141.411923,-34.149966],[141.403364,-34.127205],[141.391122,-34.134739],[141.383055,-34.123049],[141.362952,-34.11346],[141.349121,-34.111895],[141.346407,-34.124348],[141.331916,-34.131711],[141.313396,-34.124121],[141.312667,-34.111777],[141.283027,-34.103317],[141.268692,-34.09213],[141.26102,-34.078979],[141.242274,-34.080614],[141.236717,-34.070109],[141.207196,-34.061189],[141.179352,-34.089498],[141.167825,-34.082082],[141.152782,-34.079665],[141.153324,-34.064288],[141.135263,-34.05971],[141.120338,-34.064866],[141.107535,-34.061261],[141.097564,-34.050095],[141.088369,-34.054368],[141.097716,-34.068773],[141.092046,-34.076505],[141.06243,-34.054447],[141.04785,-34.061641],[141.039458,-34.05277],[141.008944,-34.044659],[141.001718,-34.037832],[141.002956,-34.021892],[140.985698,-34.027525],[140.980453,-34.016013],[140.980375,-33.999637],[140.969273,-33.997216],[140.965699,-33.980719],[140.963682,-33.98065],[140.962204,-34.150963],[140.964347,-34.438654],[140.964454,-34.502625],[140.964809,-34.637679],[140.965416,-34.869385],[140.965621,-35.008257],[140.965949,-35.237705],[140.965993,-35.415868],[140.963108,-35.748489],[140.963888,-35.996066],[140.965659,-36.17579],[140.96735,-36.373918],[140.968196,-36.551331],[140.968714,-36.694114],[140.969864,-36.848894],[140.971168,-36.970452],[140.971867,-37.091542],[140.971547,-37.178544],[140.97307,-37.34303],[140.973173,-37.358237],[140.973283,-37.358326],[140.99225,-37.374153],[141.00363,-37.377604],[141.023785,-37.39137],[141.046408,-37.40186],[141.095296,-37.445612],[141.0976,-37.449839],[141.168237,-37.41988],[141.261036,-37.429675],[141.268635,-37.422038],[141.279118,-37.393094],[141.274354,-37.385772],[141.248473,-37.369243],[141.220881,-37.364574],[141.221004,-37.348705],[141.43153,-37.372302],[141.431506,-37.297536],[141.531444,-37.297643],[141.524765,-37.289987],[141.523351,-37.274879],[141.510873,-37.260671],[141.492217,-37.250949],[141.491325,-37.220707],[141.528901,-37.204263],[141.542607,-37.202165],[141.576178,-37.188122],[141.599007,-37.161094],[141.612439,-37.165885],[141.634103,-37.164188],[141.668383,-37.155188],[141.671628,-37.161072],[141.692299,-37.164901],[141.707912,-37.184733],[141.731242,-37.180489],[141.746584,-37.173698],[141.763031,-37.174735],[141.786464,-37.16879],[141.809513,-37.177243],[141.832755,-37.172044],[141.842292,-37.166335],[141.837649,-37.153983],[141.88185,-37.145686],[141.8858,-37.138351],[141.909758,-37.132963],[141.903525,-37.124091],[141.909267,-37.113895],[141.923352,-37.121251],[141.928324,-37.145314],[141.924143,-37.15209],[141.934475,-37.166712],[141.930043,-37.179574],[141.911704,-37.189839],[141.937174,-37.206681],[141.989246,-37.212419],[142.002821,-37.224473],[142.052501,-37.222827],[142.06542,-37.218641],[142.079378,-37.223647],[142.088345,-37.20964],[142.084632,-37.20485],[142.092393,-37.170648],[142.108037,-37.164385],[142.108018,-37.12976],[142.114488,-37.112054],[142.141762,-37.11173],[142.164157,-37.105892],[142.181347,-37.110772],[142.191416,-37.108553],[142.201962,-37.095027],[142.211893,-37.090826],[142.215704,-37.111402],[142.232841,-37.123395],[142.239742,-37.147674],[142.259151,-37.157219],[142.27531,-37.169814],[142.334417,-37.205431],[142.369067,-37.228907],[142.39202,-37.231785],[142.40346,-37.237386],[142.42309,-37.260097],[142.455128,-37.265443],[142.465624,-37.281597],[142.501402,-37.292561],[142.516351,-37.293227],[142.592197,-37.290376],[142.581471,-37.270009],[142.597063,-37.261976],[142.593041,-37.240563],[142.600265,-37.234914],[142.595244,-37.217598],[142.58769,-37.214712],[142.577476,-37.197397],[142.542773,-37.157418],[142.717082,-37.1573],[142.717046,-37.142892],[142.735007,-37.14278],[142.740445,-37.148339],[142.768739,-37.142847],[142.768449,-37.154416],[142.781762,-37.157675],[142.783655,-37.168887],[142.823901,-37.171673],[142.837885,-37.191641],[142.876713,-37.195358],[142.883426,-37.199679],[142.953974,-37.207778],[142.961282,-37.167038],[142.972607,-37.174792],[142.994529,-37.177348],[142.993522,-37.183072],[143.04891,-37.18975],[143.052885,-37.170364],[143.062125,-37.171493],[143.066938,-37.147368],[143.083715,-37.148659],[143.090714,-37.155061],[143.113193,-37.157514],[143.131118,-37.174201],[143.152078,-37.171846],[143.164704,-37.17569],[143.180461,-37.188585],[143.191238,-37.181645],[143.202279,-37.161336],[143.224695,-37.153609],[143.242238,-37.173775],[143.263783,-37.18183],[143.270918,-37.197545],[143.282552,-37.19533],[143.293612,-37.210623],[143.317588,-37.203791],[143.336272,-37.20632],[143.338415,-37.22268],[143.390832,-37.230053],[143.405776,-37.233753],[143.439571,-37.251042],[143.446169,-37.260325],[143.46687,-37.269288],[143.474276,-37.264827],[143.467656,-37.251447],[143.472369,-37.241127],[143.474748,-37.212646],[143.484067,-37.169724],[143.489971,-37.172003],[143.585412,-37.184553],[143.582284,-37.201733],[143.640639,-37.208311],[143.6364,-37.230834],[143.665129,-37.236655],[143.703052,-37.22968],[143.713915,-37.230282],[143.727011,-37.213671],[143.744307,-37.221119],[143.753305,-37.230951],[143.766284,-37.228234],[143.820191,-37.23522],[143.836992,-37.232846],[143.860272,-37.234298],[143.867099,-37.195806],[143.875002,-37.186402],[143.934987,-37.19272],[143.948949,-37.197919],[143.96265,-37.176534],[143.962941,-37.148573],[143.955934,-37.13897],[143.962881,-37.12932],[143.9635,-37.107788],[143.972168,-37.092005],[143.999802,-37.078703],[144.012053,-37.076825],[144.012588,-37.066759],[143.990419,-37.04903],[143.973445,-37.029378],[143.89967,-37.021318],[143.899697,-37.000556],[143.882318,-36.998499],[143.884244,-36.986326],[143.833607,-36.980546],[143.836834,-36.962987],[143.845159,-36.963003],[143.859695,-36.948891],[143.846647,-36.927861],[143.867209,-36.906659],[143.888066,-36.89549],[143.891801,-36.881611],[144.025899,-36.897897],[144.033109,-36.885483],[144.049513,-36.799059],[144.047937,-36.792249],[144.059324,-36.78155],[144.062312,-36.766689],[144.071279,-36.766439],[144.075655,-36.743138],[144.05984,-36.730752],[144.068498,-36.720178],[144.068462,-36.662011],[144.125626,-36.662021],[144.125668,-36.647488],[144.140447,-36.647427],[144.140417,-36.618181],[144.184375,-36.618189],[144.174367,-36.582323],[144.162897,-36.565367],[144.170608,-36.524435],[144.199219,-36.524491],[144.204641,-36.516458],[144.209671,-36.487542],[144.344104,-36.48726],[144.344316,-36.385219],[144.330096,-36.385254],[144.331888,-36.370855],[144.331834,-36.327718],[144.281729,-36.327723],[144.281637,-36.262621],[144.274078,-36.255322],[144.270948,-36.24389],[144.272231,-36.202088],[144.27885,-36.194371],[144.281,-36.174224],[144.288785,-36.167145],[144.28557,-36.145005],[144.291465,-36.125661],[144.302259,-36.125433],[144.309053,-36.10537],[144.317969,-36.091068],[144.303933,-36.061304],[144.313833,-36.050545],[144.309157,-36.03692],[144.280171,-36.013572],[144.278302,-35.992737],[144.291402,-35.984427],[144.26005,-35.949007],[144.266472,-35.929307],[144.288564,-35.923655],[144.306199,-35.934155],[144.335568,-35.934197],[144.35341,-35.919533],[144.353907,-35.908449],[144.342414,-35.90739],[144.343562,-35.894326],[144.365358,-35.885459],[144.381896,-35.88437],[144.408538,-35.898891]]]},"bbox":[140.962204,-37.449839,144.412385,-33.98065]},
{"properties":{"electorateShortName":"maribyrnong","electorateName":"Maribyrnong","area":69.92,"state":"VIC"},"type":"Feature","geometry":{"type":"Polygon","coordinates":[[[144.916493,-37.798214],[144.936253,-37.801719],[144.937486,-37.777214],[144.934249,-37.745237],[144.917459,-37.714288],[144.915281,-37.694428],[144.905434,-37.681206],[144.886588,-37.680508],[144.882268,-37.689121],[144.866336,-37.677922],[144.867854,-37.703665],[144.849571,-37.726335],[144.840307,-37.720577],[144.830334,-37.726644],[144.839456,-37.747046],[144.846761,-37.747919],[144.852653,-37.773229],[144.871243,-37.772768],[144.87299,-37.761669],[144.884296,-37.760988],[144.895969,-37.772814],[144.902889,-37.790758],[144.916493,-37.798214]]]},"bbox":[144.830334,-37.801719,144.937486,-37.677922]},
{"properties":{"electorateShortName":"mcewen","electorateName":"McEwen","area":2288,"state":"VIC"},"type":"Feature","geometry":{"type":"Polygon","coordinates":[[[145.332594,-37.5396],[145.320573,-37.528166],[145.297063,-37.513695],[145.294389,-37.498582],[145.276305,-37.496489],[145.253858,-37.507272],[145.25671,-37.491981],[145.239319,-37.487739],[145.241036,-37.477723],[145.222272,-37.472599],[145.224764,-37.458158],[145.234841,-37.437998],[145.26562,-37.419354],[145.265812,-37.37325],[145.271372,-37.368061],[145.270067,-37.347207],[145.279329,-37.337825],[145.251861,-37.304952],[145.227443,-37.305096],[145.227314,-37.294262],[145.195382,-37.29412],[145.125267,-37.293897],[145.117602,-37.263218],[145.056073,-37.263703],[145.053278,-37.3029],[145.047175,-37.317961],[145.030432,-37.329578],[145.005685,-37.330014],[144.981662,-37.341211],[144.932311,-37.335427],[144.917897,-37.347999],[144.892158,-37.345186],[144.864746,-37.324394],[144.849218,-37.322316],[144.855794,-37.285474],[144.845674,-37.290099],[144.825211,-37.284065],[144.822288,-37.271993],[144.829043,-37.235668],[144.816677,-37.230191],[144.82007,-37.219205],[144.812352,-37.213926],[144.785721,-37.21308],[144.769623,-37.220669],[144.731378,-37.220546],[144.703932,-37.212984],[144.691325,-37.220226],[144.659956,-37.208274],[144.647049,-37.221896],[144.625818,-37.230053],[144.617372,-37.240913],[144.594923,-37.242743],[144.579827,-37.275313],[144.569456,-37.273566],[144.564596,-37.299494],[144.494115,-37.292216],[144.491109,-37.299802],[144.501005,-37.307087],[144.480389,-37.33282],[144.46057,-37.338599],[144.455827,-37.364842],[144.446929,-37.367592],[144.446388,-37.386072],[144.415258,-37.382483],[144.413816,-37.397089],[144.381967,-37.393327],[144.377801,-37.415917],[144.382586,-37.423725],[144.379278,-37.438789],[144.432614,-37.451117],[144.450203,-37.45065],[144.465224,-37.429068],[144.471553,-37.431109],[144.459315,-37.497101],[144.469781,-37.507463],[144.468257,-37.524001],[144.459283,-37.546397],[144.483698,-37.550821],[144.556225,-37.5589],[144.561176,-37.552417],[144.626752,-37.560014],[144.626207,-37.562907],[144.671646,-37.567722],[144.648957,-37.543795],[144.632409,-37.530122],[144.638052,-37.499502],[144.645029,-37.495044],[144.678858,-37.49953],[144.691676,-37.486694],[144.711111,-37.48237],[144.740515,-37.489306],[144.751939,-37.497018],[144.773118,-37.502919],[144.870505,-37.515536],[144.86685,-37.508123],[144.890031,-37.503921],[144.950008,-37.511274],[144.945469,-37.540114],[144.960751,-37.556547],[145.015648,-37.562617],[145.040838,-37.57105],[145.060039,-37.572823],[145.063331,-37.591461],[145.053663,-37.591868],[145.050592,-37.610468],[145.11624,-37.617721],[145.119108,-37.627837],[145.109698,-37.63203],[145.103321,-37.661361],[145.087309,-37.667709],[145.084739,-37.679155],[145.112379,-37.682328],[145.118736,-37.679377],[145.142941,-37.686773],[145.178531,-37.691171],[145.198403,-37.682533],[145.20003,-37.666638],[145.21044,-37.656809],[145.22489,-37.663426],[145.251424,-37.664959],[145.241449,-37.642907],[145.254889,-37.624944],[145.262798,-37.62001],[145.268016,-37.602639],[145.280382,-37.594855],[145.28566,-37.583968],[145.312806,-37.583968],[145.310101,-37.562992],[145.330839,-37.54943],[145.332594,-37.5396]]]},"bbox":[144.377801,-37.691171,145.332594,-37.208274]},
{"properties":{"electorateShortName":"melbourne","electorateName":"Melbourne","area":39.37,"state":"VIC"},"type":"Feature","geometry":{"type":"Polygon","coordinates":[[[145.002439,-37.853092],[145.006442,-37.831576],[145.016119,-37.824462],[145.014379,-37.815533],[145.001945,-37.796659],[144.985148,-37.793867],[144.958758,-37.789879],[144.960234,-37.778044],[144.937486,-37.777214],[144.936253,-37.801719],[144.916493,-37.798214],[144.906437,-37.80885],[144.906529,-37.821593],[144.927737,-37.819284],[144.955268,-37.823346],[144.968252,-37.819224],[144.980643,-37.850219],[145.002439,-37.853092]]]},"bbox":[144.906437,-37.853092,145.016119,-37.777214]},
{"properties":{"electorateShortName":"menzies","electorateName":"Menzies","area":102.15,"state":"VIC"},"type":"Feature","geometry":{"type":"Polygon","coordinates":[[[145.258633,-37.765116],[145.256857,-37.755073],[145.241959,-37.73608],[145.236431,-37.731564],[145.206947,-37.741529],[145.21198,-37.729641],[145.176676,-37.735375],[145.15549,-37.733969],[145.133141,-37.742812],[145.121871,-37.751666],[145.107175,-37.754897],[145.077778,-37.754482],[145.067113,-37.780935],[145.078794,-37.776966],[145.095655,-37.78011],[145.101491,-37.804363],[145.098207,-37.835978],[145.119998,-37.838511],[145.121035,-37.84439],[145.152877,-37.848111],[145.153426,-37.829007],[145.159661,-37.801285],[145.178078,-37.803445],[145.185667,-37.77767],[145.203763,-37.769913],[145.214807,-37.77234],[145.232254,-37.76271],[145.258633,-37.765116]]]},"bbox":[145.067113,-37.848111,145.258633,-37.729641]},
{"properties":{"electorateShortName":"monash","electorateName":"Monash","area":8255.11,"state":"VIC"},"type":"Feature","geometry":{"type":"Polygon","coordinates":[[[146.42636,-38.721348],[146.435299,-38.712196],[146.465169,-38.703575],[146.486445,-38.706831],[146.518226,-38.707452],[146.525857,-38.664176],[146.520416,-38.663544],[146.52835,-38.623066],[146.525602,-38.619309],[146.461553,-38.607385],[146.463128,-38.5985],[146.427667,-38.604984],[146.394112,-38.598457],[146.370593,-38.585068],[146.365454,-38.576814],[146.336851,-38.570716],[146.317294,-38.56193],[146.311223,-38.551312],[146.327389,-38.531358],[146.316498,-38.520253],[146.290388,-38.527856],[146.284338,-38.516574],[146.291694,-38.500076],[146.254758,-38.49611],[146.262567,-38.47099],[146.238424,-38.467969],[146.23718,-38.452907],[146.269265,-38.456953],[146.272185,-38.446422],[146.223298,-38.440052],[146.234541,-38.384946],[146.232719,-38.374839],[146.218034,-38.373819],[146.232875,-38.354381],[146.243482,-38.356223],[146.250515,-38.326651],[146.228567,-38.32389],[146.24013,-38.306168],[146.252297,-38.298638],[146.258234,-38.2648],[146.274694,-38.253227],[146.287154,-38.239553],[146.304084,-38.205869],[146.328085,-38.200756],[146.328474,-38.183037],[146.34001,-38.169907],[146.307004,-38.155508],[146.319168,-38.138475],[146.320908,-38.094101],[146.340831,-38.083549],[146.37656,-38.093511],[146.374382,-38.100073],[146.39788,-38.102481],[146.419037,-38.1105],[146.424409,-38.096541],[146.478977,-38.1038],[146.483669,-38.075472],[146.527911,-38.084253],[146.534787,-38.056958],[146.569508,-38.058099],[146.587259,-37.978101],[146.570282,-37.983718],[146.546985,-37.967518],[146.523207,-37.964227],[146.514789,-37.983417],[146.496781,-37.988899],[146.491118,-37.985473],[146.473313,-37.994692],[146.504747,-37.695143],[146.515964,-37.678783],[146.507561,-37.670709],[146.488624,-37.642319],[146.474474,-37.640852],[146.460826,-37.628515],[146.45415,-37.616351],[146.435836,-37.618044],[146.426415,-37.618575],[146.403203,-37.60403],[146.383439,-37.609666],[146.382641,-37.621977],[146.367643,-37.629321],[146.346652,-37.623587],[146.31962,-37.599116],[146.298792,-37.591075],[146.276237,-37.604879],[146.250088,-37.610403],[146.230272,-37.607936],[146.204433,-37.599147],[146.191923,-37.58753],[146.176144,-37.584872],[146.168465,-37.599562],[146.158819,-37.600772],[146.165545,-37.61721],[146.150314,-37.623782],[146.130947,-37.643909],[146.133926,-37.679097],[146.142495,-37.69226],[146.136244,-37.697937],[146.138585,-37.710135],[146.150558,-37.715199],[146.159047,-37.730449],[146.163222,-37.747768],[146.158857,-37.761954],[146.14227,-37.771882],[146.133761,-37.788026],[146.124095,-37.789404],[146.103272,-37.768229],[146.097799,-37.758143],[146.044161,-37.774023],[146.021449,-37.774841],[145.999515,-37.765447],[145.990279,-37.768788],[145.963577,-37.76596],[145.943614,-37.758232],[145.936771,-37.771579],[145.923703,-37.771607],[145.918059,-37.786006],[145.928833,-37.797838],[145.92298,-37.807005],[145.93131,-37.821359],[145.914703,-37.826069],[145.907272,-37.816942],[145.894867,-37.825818],[145.868967,-37.810899],[145.857424,-37.801097],[145.845103,-37.797714],[145.828034,-37.812267],[145.815071,-37.807237],[145.795436,-37.814795],[145.811209,-37.836134],[145.804138,-37.849525],[145.811644,-37.855634],[145.805232,-37.870498],[145.792875,-37.877703],[145.767825,-37.879737],[145.758913,-37.900636],[145.747876,-37.907446],[145.750759,-37.9172],[145.741436,-37.929141],[145.746843,-37.938506],[145.731067,-37.958834],[145.739578,-37.971795],[145.762536,-37.990723],[145.764688,-38.019211],[145.757189,-38.025727],[145.757231,-38.054138],[145.752723,-38.065805],[145.754443,-38.079198],[145.739211,-38.10053],[145.762787,-38.108946],[145.748478,-38.142826],[145.729725,-38.15398],[145.700802,-38.205926],[145.717412,-38.206726],[145.712927,-38.250871],[145.736357,-38.248976],[145.736539,-38.268873],[145.73268,-38.289375],[145.681492,-38.282232],[145.680275,-38.289597],[145.63507,-38.284658],[145.612426,-38.285715],[145.605684,-38.332457],[145.593617,-38.330099],[145.584132,-38.315629],[145.553667,-38.293571],[145.545349,-38.292232],[145.541805,-38.309385],[145.520721,-38.306578],[145.515497,-38.317852],[145.515332,-38.3378],[145.52571,-38.334359],[145.545145,-38.339536],[145.551986,-38.349477],[145.548933,-38.371688],[145.542195,-38.386766],[145.51868,-38.413893],[145.499618,-38.416845],[145.481275,-38.407126],[145.44072,-38.407942],[145.423355,-38.412455],[145.432868,-38.428709],[145.429689,-38.45423],[145.423273,-38.468243],[145.433363,-38.481674],[145.43448,-38.493623],[145.419706,-38.512983],[145.389247,-38.519573],[145.3689,-38.520446],[145.355034,-38.508104],[145.332812,-38.50479],[145.316071,-38.509855],[145.298315,-38.507257],[145.290741,-38.48049],[145.309821,-38.459747],[145.274336,-38.451218],[145.239786,-38.447055],[145.200452,-38.450896],[145.193814,-38.45648],[145.165155,-38.468021],[145.156032,-38.475482],[145.143884,-38.50573],[145.125305,-38.509525],[145.132903,-38.518329],[145.153793,-38.509478],[145.172538,-38.510144],[145.200941,-38.516605],[145.209209,-38.525129],[145.222768,-38.525702],[145.240044,-38.506828],[145.254575,-38.503771],[145.285113,-38.509744],[145.308383,-38.518813],[145.344009,-38.54938],[145.351562,-38.567249],[145.364321,-38.553291],[145.341787,-38.537771],[145.347089,-38.520963],[145.360443,-38.516983],[145.371802,-38.535972],[145.410096,-38.538424],[145.423688,-38.536479],[145.450219,-38.548508],[145.473889,-38.551306],[145.493228,-38.563864],[145.537514,-38.61109],[145.560625,-38.651407],[145.578526,-38.658314],[145.606696,-38.678782],[145.627375,-38.672919],[145.652939,-38.678007],[145.680373,-38.662727],[145.688938,-38.651209],[145.71386,-38.645539],[145.73167,-38.648721],[145.765547,-38.666752],[145.793582,-38.68807],[145.833104,-38.728809],[145.869527,-38.776148],[145.894276,-38.822901],[145.904667,-38.854525],[145.916566,-38.879952],[145.910638,-38.892758],[145.921209,-38.90721],[145.940007,-38.896113],[145.962911,-38.898794],[145.979368,-38.895077],[146.001653,-38.881556],[146.004263,-38.874326],[145.997129,-38.857964],[145.997901,-38.846406],[146.009458,-38.825703],[146.033608,-38.813189],[146.050603,-38.811031],[146.072084,-38.813292],[146.101951,-38.821944],[146.123145,-38.831542],[146.189408,-38.873545],[146.219911,-38.90277],[146.233903,-38.918669],[146.254866,-38.954753],[146.269497,-38.97296],[146.267295,-38.991191],[146.303027,-39.02347],[146.326362,-39.041118],[146.343539,-39.07156],[146.335033,-39.079089],[146.32143,-39.077981],[146.324679,-39.093973],[146.344363,-39.113793],[146.351705,-39.125066],[146.368081,-39.134042],[146.406585,-39.130992],[146.421853,-39.122485],[146.42686,-39.108278],[146.434851,-39.107727],[146.437442,-39.0937],[146.425291,-39.083549],[146.430837,-39.065779],[146.444151,-39.063937],[146.455289,-39.054116],[146.473769,-39.065214],[146.480945,-39.061956],[146.477728,-39.043765],[146.464,-39.028932],[146.461433,-39.019624],[146.445131,-39.017683],[146.446216,-38.998008],[146.43611,-38.981022],[146.450981,-38.947851],[146.474089,-38.916245],[146.48578,-38.908593],[146.48741,-38.894269],[146.469402,-38.877107],[146.468963,-38.860498],[146.474634,-38.84281],[146.470605,-38.831786],[146.478636,-38.79178],[146.467056,-38.780916],[146.449026,-38.780908],[146.438267,-38.785605],[146.435645,-38.795912],[146.42073,-38.803807],[146.421131,-38.833708],[146.414861,-38.852078],[146.393247,-38.850488],[146.382027,-38.85974],[146.36871,-38.86005],[146.352575,-38.868224],[146.335721,-38.88549],[146.323709,-38.903314],[146.299108,-38.906341],[146.287204,-38.894525],[146.293307,-38.878412],[146.286552,-38.866417],[146.270271,-38.86014],[146.263936,-38.823443],[146.268869,-38.817355],[146.263981,-38.805495],[146.240933,-38.811134],[146.227541,-38.800488],[146.222969,-38.778113],[146.203696,-38.765357],[146.192187,-38.743224],[146.19666,-38.718858],[146.210154,-38.716862],[146.226289,-38.705746],[146.231156,-38.695179],[146.242645,-38.688071],[146.252082,-38.695716],[146.267487,-38.68791],[146.291719,-38.695268],[146.330068,-38.686711],[146.351133,-38.672985],[146.360926,-38.680854],[146.381221,-38.686156],[146.379349,-38.701781],[146.384599,-38.719929],[146.42636,-38.721348]]]},"bbox":[145.125305,-39.134042,146.587259,-37.584872]},
{"properties":{"electorateShortName":"nicholls","electorateName":"Nicholls","area":14115.78,"state":"VIC"},"type":"Feature","geometry":{"type":"Polygon","coordinates":[[[145.195382,-37.29412],[145.19555,-37.278296],[145.163003,-37.277628],[145.173129,-37.261161],[145.165887,-37.251673],[145.167774,-37.240246],[145.177204,-37.235936],[145.166323,-37.219877],[145.174878,-37.204911],[145.202165,-37.199842],[145.207534,-37.191117],[145.219437,-37.191084],[145.229488,-37.180062],[145.231721,-37.167534],[145.228562,-37.134631],[145.243202,-37.143928],[145.2571,-37.134989],[145.273373,-37.142007],[145.284608,-37.138546],[145.290829,-37.110828],[145.288296,-37.099599],[145.321037,-37.103798],[145.331517,-37.099683],[145.352816,-37.101393],[145.372209,-37.093919],[145.374743,-37.076176],[145.392731,-37.076286],[145.392793,-37.043635],[145.411083,-37.030559],[145.429474,-37.021674],[145.425709,-36.999019],[145.413063,-36.992423],[145.424135,-36.97758],[145.425438,-36.965827],[145.452787,-36.931588],[145.457564,-36.911587],[145.463844,-36.909814],[145.461238,-36.875528],[145.481825,-36.870357],[145.484315,-36.840287],[145.46983,-36.840079],[145.462634,-36.828708],[145.471322,-36.82001],[145.477539,-36.788714],[145.46176,-36.786377],[145.453097,-36.774061],[145.453244,-36.730375],[145.496032,-36.730223],[145.494195,-36.699973],[145.498172,-36.687049],[145.513473,-36.687044],[145.515939,-36.701648],[145.572181,-36.701565],[145.584771,-36.708923],[145.597024,-36.695214],[145.589376,-36.681939],[145.634655,-36.631734],[145.644547,-36.623091],[145.644505,-36.590785],[145.626266,-36.590056],[145.614728,-36.563293],[145.631723,-36.563298],[145.63156,-36.499046],[145.73187,-36.499036],[145.731316,-36.442633],[145.739833,-36.432417],[145.765319,-36.437311],[145.775229,-36.443786],[145.798504,-36.330831],[145.798509,-36.29897],[146.030938,-36.299009],[146.031198,-36.265443],[146.036903,-36.255063],[146.131425,-36.255122],[146.131052,-36.186791],[146.220983,-36.186711],[146.24529,-36.178805],[146.236246,-36.164891],[146.238734,-36.135767],[146.208502,-36.125907],[146.206763,-36.115944],[146.215234,-36.089042],[146.198396,-36.086429],[146.202245,-36.072878],[146.196351,-36.061181],[146.198098,-36.044443],[146.175238,-36.041756],[146.177275,-36.034041],[146.173874,-36.019726],[146.15468,-36.025159],[146.141672,-36.016598],[146.107678,-36.014369],[146.09554,-36.020293],[146.057723,-36.013044],[146.046726,-36.002882],[146.030717,-35.994849],[146.017319,-36.006358],[146.006762,-36.003395],[145.986695,-36.013257],[145.967772,-36.005838],[145.952516,-35.992491],[145.950694,-35.974942],[145.934625,-35.972692],[145.91489,-35.964542],[145.908007,-35.953565],[145.879855,-35.957726],[145.870564,-35.955476],[145.848998,-35.969258],[145.84426,-35.983005],[145.793445,-35.982817],[145.778211,-35.960244],[145.763966,-35.96535],[145.746964,-35.964157],[145.726301,-35.942312],[145.713028,-35.936987],[145.697709,-35.924741],[145.685362,-35.930692],[145.673865,-35.925893],[145.658834,-35.902649],[145.632215,-35.888655],[145.624984,-35.862166],[145.605401,-35.874273],[145.588695,-35.862565],[145.592459,-35.848861],[145.5824,-35.848499],[145.563703,-35.831635],[145.555842,-35.814555],[145.53239,-35.804858],[145.521322,-35.818651],[145.503544,-35.809894],[145.494301,-35.813983],[145.471522,-35.811322],[145.46021,-35.827212],[145.450332,-35.821679],[145.442293,-35.835642],[145.419874,-35.828174],[145.411242,-35.835465],[145.410328,-35.848783],[145.38715,-35.850142],[145.352396,-35.865795],[145.324755,-35.850767],[145.307473,-35.860464],[145.284146,-35.856572],[145.271516,-35.845274],[145.246515,-35.830412],[145.213105,-35.835798],[145.18282,-35.835103],[145.168352,-35.842476],[145.13423,-35.827608],[145.11031,-35.824018],[145.098615,-35.828399],[145.072862,-35.827757],[145.069007,-35.835033],[145.047102,-35.837093],[145.020321,-35.856001],[145.004784,-35.85472],[144.979344,-35.858355],[144.968179,-35.865842],[144.975001,-35.883433],[144.964745,-35.895903],[144.960997,-35.911863],[144.952877,-35.916534],[144.949012,-35.931999],[144.955293,-35.946613],[144.95625,-35.962092],[144.930904,-35.968554],[144.923616,-35.988951],[144.946451,-36.005122],[144.946338,-36.012795],[144.965626,-36.028529],[144.967808,-36.042078],[144.982057,-36.048278],[144.986877,-36.064296],[144.982405,-36.071558],[144.964728,-36.079335],[144.946483,-36.082332],[144.932614,-36.067049],[144.913623,-36.063051],[144.888575,-36.063568],[144.874824,-36.057628],[144.84204,-36.082885],[144.843371,-36.096736],[144.824151,-36.102563],[144.805787,-36.123842],[144.797083,-36.11365],[144.786868,-36.127681],[144.773574,-36.120814],[144.747587,-36.121229],[144.743472,-36.109001],[144.718402,-36.113565],[144.719131,-36.10068],[144.711636,-36.091425],[144.684781,-36.091486],[144.682496,-36.084961],[144.692392,-36.069351],[144.652922,-36.073876],[144.653191,-36.05324],[144.637464,-36.04764],[144.624999,-36.052081],[144.627637,-36.066618],[144.616754,-36.07666],[144.608914,-36.064948],[144.618703,-36.039635],[144.606073,-36.036373],[144.583275,-36.039025],[144.578053,-36.021128],[144.55677,-36.013647],[144.553573,-36.002946],[144.529754,-35.994404],[144.52039,-35.995961],[144.51424,-35.974182],[144.493353,-35.968218],[144.481258,-35.952831],[144.464427,-35.941173],[144.439135,-35.931164],[144.422781,-35.910236],[144.408538,-35.898891],[144.381896,-35.88437],[144.365358,-35.885459],[144.343562,-35.894326],[144.342414,-35.90739],[144.353907,-35.908449],[144.35341,-35.919533],[144.335568,-35.934197],[144.306199,-35.934155],[144.288564,-35.923655],[144.266472,-35.929307],[144.26005,-35.949007],[144.291402,-35.984427],[144.278302,-35.992737],[144.280171,-36.013572],[144.309157,-36.03692],[144.313833,-36.050545],[144.303933,-36.061304],[144.317969,-36.091068],[144.309053,-36.10537],[144.302259,-36.125433],[144.291465,-36.125661],[144.28557,-36.145005],[144.288785,-36.167145],[144.281,-36.174224],[144.27885,-36.194371],[144.272231,-36.202088],[144.270948,-36.24389],[144.274078,-36.255322],[144.331849,-36.255252],[144.331857,-36.261404],[144.431844,-36.261524],[144.431854,-36.285856],[144.471479,-36.285909],[144.471471,-36.298989],[144.48797,-36.305607],[144.487993,-36.315743],[144.685407,-36.31543],[144.703191,-36.298854],[144.75932,-36.298899],[144.759472,-36.386174],[144.777623,-36.386086],[144.777668,-36.399067],[144.768082,-36.39908],[144.768107,-36.427295],[144.713843,-36.427382],[144.71403,-36.441925],[144.671241,-36.442102],[144.671547,-36.457118],[144.661307,-36.45919],[144.611792,-36.49749],[144.61953,-36.509057],[144.611411,-36.512855],[144.626439,-36.52491],[144.61631,-36.534518],[144.605353,-36.554595],[144.587219,-36.557899],[144.598159,-36.575156],[144.588799,-36.58401],[144.58989,-36.59418],[144.563269,-36.612817],[144.563645,-36.621058],[144.548672,-36.632869],[144.545924,-36.646431],[144.526127,-36.6595],[144.531031,-36.672308],[144.531425,-36.690656],[144.519957,-36.711034],[144.519165,-36.72529],[144.666165,-36.725853],[144.666159,-36.762612],[144.72295,-36.760988],[144.740896,-36.755786],[144.750316,-36.757557],[144.766927,-36.747257],[144.794685,-36.750723],[144.792005,-36.799704],[144.787314,-36.80533],[144.798547,-36.832621],[144.821439,-36.85549],[144.844182,-36.872213],[144.847871,-36.885142],[144.822386,-36.899709],[144.804267,-36.925888],[144.800207,-36.939435],[144.806316,-36.955643],[144.796573,-36.965539],[144.814102,-36.985508],[144.810435,-37.00627],[144.819786,-37.015924],[144.829343,-37.013986],[144.848227,-37.024911],[144.861217,-37.02199],[144.890333,-37.022115],[144.898071,-37.026742],[144.91276,-37.019263],[144.915112,-37.008388],[144.938531,-37.013977],[144.93209,-37.043055],[144.909935,-37.046345],[144.904215,-37.067637],[144.911571,-37.068538],[144.90632,-37.090407],[144.916554,-37.092287],[144.919306,-37.109244],[144.91581,-37.123363],[144.902893,-37.140365],[144.908069,-37.157962],[144.892237,-37.168906],[144.865524,-37.174962],[144.857174,-37.167627],[144.842592,-37.165871],[144.836388,-37.171746],[144.807882,-37.17134],[144.807975,-37.195004],[144.812352,-37.213926],[144.82007,-37.219205],[144.816677,-37.230191],[144.829043,-37.235668],[144.822288,-37.271993],[144.825211,-37.284065],[144.845674,-37.290099],[144.855794,-37.285474],[144.849218,-37.322316],[144.864746,-37.324394],[144.892158,-37.345186],[144.917897,-37.347999],[144.932311,-37.335427],[144.981662,-37.341211],[145.005685,-37.330014],[145.030432,-37.329578],[145.047175,-37.317961],[145.053278,-37.3029],[145.056073,-37.263703],[145.117602,-37.263218],[145.125267,-37.293897],[145.195382,-37.29412]]]},"bbox":[144.26005,-37.347999,146.24529,-35.804858]},
{"properties":{"electorateShortName":"scullin","electorateName":"Scullin","area":173.82,"state":"VIC"},"type":"Feature","geometry":{"type":"Polygon","coordinates":[[[145.084739,-37.679155],[145.087309,-37.667709],[145.103321,-37.661361],[145.109698,-37.63203],[145.119108,-37.627837],[145.11624,-37.617721],[145.050592,-37.610468],[145.053663,-37.591868],[145.063331,-37.591461],[145.060039,-37.572823],[145.040838,-37.57105],[145.015648,-37.562617],[144.960751,-37.556547],[144.945469,-37.540114],[144.939473,-37.575563],[144.945262,-37.601835],[144.958535,-37.692181],[144.972061,-37.690999],[145.058219,-37.699983],[145.069755,-37.678254],[145.084739,-37.679155]]]},"bbox":[144.939473,-37.699983,145.119108,-37.540114]},
{"properties":{"electorateShortName":"wannon","electorateName":"Wannon","area":34269.68,"state":"VIC"},"type":"Feature","geometry":{"type":"Polygon","coordinates":[[[144.229339,-38.398384],[144.234254,-38.372947],[144.204071,-38.380812],[144.20545,-38.369923],[144.196061,-38.359567],[144.203102,-38.34093],[144.184944,-38.338635],[144.187854,-38.322475],[144.207781,-38.316724],[144.210504,-38.302272],[144.265111,-38.308642],[144.278098,-38.242206],[144.241325,-38.237773],[144.252591,-38.175751],[144.25453,-38.158094],[144.262376,-38.141269],[144.240958,-38.141492],[144.219371,-38.137749],[144.196952,-38.146593],[144.188068,-38.13536],[144.173089,-38.135003],[144.144172,-38.113488],[144.129186,-38.111034],[144.117155,-38.121798],[144.104107,-38.123992],[144.098785,-38.115291],[144.106566,-38.102921],[144.105711,-38.089296],[144.095248,-38.082179],[144.095631,-38.064297],[144.078337,-38.057646],[144.054581,-38.061741],[144.046016,-38.051564],[144.015751,-38.048219],[144.001121,-38.054906],[143.987868,-38.049108],[143.918973,-38.041879],[143.919609,-38.037673],[143.856907,-38.030336],[143.858,-38.05978],[143.823154,-38.055792],[143.829715,-38.022363],[143.768139,-38.019762],[143.735576,-38.027397],[143.707874,-38.026988],[143.672409,-38.0294],[143.629335,-38.023424],[143.633774,-38.012491],[143.655009,-38.011984],[143.648335,-37.98852],[143.624415,-37.978191],[143.619277,-37.96602],[143.59345,-37.954669],[143.47941,-37.94085],[143.480826,-37.930871],[143.44652,-37.9005],[143.443836,-37.887424],[143.452406,-37.873273],[143.440553,-37.859431],[143.444485,-37.851044],[143.447797,-37.8214],[143.440629,-37.806321],[143.440712,-37.784849],[143.465148,-37.654997],[143.477448,-37.651733],[143.494826,-37.660879],[143.529611,-37.66567],[143.536538,-37.648312],[143.586636,-37.653724],[143.595303,-37.644308],[143.641965,-37.650303],[143.651641,-37.647053],[143.65263,-37.624188],[143.668559,-37.538443],[143.648813,-37.536221],[143.625409,-37.529479],[143.606051,-37.534925],[143.600794,-37.520378],[143.613246,-37.500982],[143.624668,-37.437169],[143.665129,-37.236655],[143.6364,-37.230834],[143.640639,-37.208311],[143.582284,-37.201733],[143.585412,-37.184553],[143.489971,-37.172003],[143.484067,-37.169724],[143.474748,-37.212646],[143.472369,-37.241127],[143.467656,-37.251447],[143.474276,-37.264827],[143.46687,-37.269288],[143.446169,-37.260325],[143.439571,-37.251042],[143.405776,-37.233753],[143.390832,-37.230053],[143.338415,-37.22268],[143.336272,-37.20632],[143.317588,-37.203791],[143.293612,-37.210623],[143.282552,-37.19533],[143.270918,-37.197545],[143.263783,-37.18183],[143.242238,-37.173775],[143.224695,-37.153609],[143.202279,-37.161336],[143.191238,-37.181645],[143.180461,-37.188585],[143.164704,-37.17569],[143.152078,-37.171846],[143.131118,-37.174201],[143.113193,-37.157514],[143.090714,-37.155061],[143.083715,-37.148659],[143.066938,-37.147368],[143.062125,-37.171493],[143.052885,-37.170364],[143.04891,-37.18975],[142.993522,-37.183072],[142.994529,-37.177348],[142.972607,-37.174792],[142.961282,-37.167038],[142.953974,-37.207778],[142.883426,-37.199679],[142.876713,-37.195358],[142.837885,-37.191641],[142.823901,-37.171673],[142.783655,-37.168887],[142.781762,-37.157675],[142.768449,-37.154416],[142.768739,-37.142847],[142.740445,-37.148339],[142.735007,-37.14278],[142.717046,-37.142892],[142.717082,-37.1573],[142.542773,-37.157418],[142.577476,-37.197397],[142.58769,-37.214712],[142.595244,-37.217598],[142.600265,-37.234914],[142.593041,-37.240563],[142.597063,-37.261976],[142.581471,-37.270009],[142.592197,-37.290376],[142.516351,-37.293227],[142.501402,-37.292561],[142.465624,-37.281597],[142.455128,-37.265443],[142.42309,-37.260097],[142.40346,-37.237386],[142.39202,-37.231785],[142.369067,-37.228907],[142.334417,-37.205431],[142.27531,-37.169814],[142.259151,-37.157219],[142.239742,-37.147674],[142.232841,-37.123395],[142.215704,-37.111402],[142.211893,-37.090826],[142.201962,-37.095027],[142.191416,-37.108553],[142.181347,-37.110772],[142.164157,-37.105892],[142.141762,-37.11173],[142.114488,-37.112054],[142.108018,-37.12976],[142.108037,-37.164385],[142.092393,-37.170648],[142.084632,-37.20485],[142.088345,-37.20964],[142.079378,-37.223647],[142.06542,-37.218641],[142.052501,-37.222827],[142.002821,-37.224473],[141.989246,-37.212419],[141.937174,-37.206681],[141.911704,-37.189839],[141.930043,-37.179574],[141.934475,-37.166712],[141.924143,-37.15209],[141.928324,-37.145314],[141.923352,-37.121251],[141.909267,-37.113895],[141.903525,-37.124091],[141.909758,-37.132963],[141.8858,-37.138351],[141.88185,-37.145686],[141.837649,-37.153983],[141.842292,-37.166335],[141.832755,-37.172044],[141.809513,-37.177243],[141.786464,-37.16879],[141.763031,-37.174735],[141.746584,-37.173698],[141.731242,-37.180489],[141.707912,-37.184733],[141.692299,-37.164901],[141.671628,-37.161072],[141.668383,-37.155188],[141.634103,-37.164188],[141.612439,-37.165885],[141.599007,-37.161094],[141.576178,-37.188122],[141.542607,-37.202165],[141.528901,-37.204263],[141.491325,-37.220707],[141.492217,-37.250949],[141.510873,-37.260671],[141.523351,-37.274879],[141.524765,-37.289987],[141.531444,-37.297643],[141.431506,-37.297536],[141.43153,-37.372302],[141.221004,-37.348705],[141.220881,-37.364574],[141.248473,-37.369243],[141.274354,-37.385772],[141.279118,-37.393094],[141.268635,-37.422038],[141.261036,-37.429675],[141.168237,-37.41988],[141.0976,-37.449839],[141.095296,-37.445612],[141.046408,-37.40186],[141.023785,-37.39137],[141.00363,-37.377604],[140.99225,-37.374153],[140.973283,-37.358326],[140.973173,-37.358237],[140.973507,-37.411222],[140.973872,-37.462093],[140.972011,-37.730752],[140.968887,-37.875991],[140.966871,-37.998534],[140.965796,-38.055998],[140.990804,-38.059799],[141.034168,-38.073843],[141.086916,-38.096975],[141.100559,-38.105497],[141.128368,-38.11625],[141.184425,-38.144919],[141.227776,-38.170649],[141.26201,-38.19454],[141.322372,-38.243226],[141.35761,-38.274759],[141.387304,-38.311209],[141.397702,-38.335976],[141.39014,-38.346881],[141.371639,-38.357118],[141.364091,-38.377011],[141.374319,-38.386757],[141.389162,-38.387271],[141.413232,-38.396287],[141.407068,-38.369077],[141.418813,-38.363405],[141.447329,-38.359666],[141.46102,-38.362096],[141.499203,-38.378465],[141.519235,-38.390029],[141.528466,-38.404854],[141.521222,-38.411026],[141.526249,-38.423141],[141.542787,-38.432968],[141.555861,-38.42627],[141.557894,-38.405684],[141.579269,-38.38784],[141.614846,-38.39302],[141.650257,-38.393048],[141.634154,-38.375386],[141.621082,-38.354187],[141.623594,-38.341701],[141.607931,-38.342272],[141.60981,-38.332772],[141.59922,-38.321074],[141.611232,-38.304841],[141.637442,-38.292845],[141.663604,-38.275561],[141.704748,-38.258015],[141.742014,-38.253109],[141.769645,-38.253559],[141.804004,-38.258812],[141.845274,-38.261408],[141.903504,-38.269872],[141.929505,-38.278215],[141.97036,-38.29455],[142.00267,-38.310335],[142.073813,-38.355897],[142.136453,-38.380713],[142.147231,-38.389581],[142.180334,-38.390286],[142.197634,-38.395125],[142.233573,-38.392431],[142.244905,-38.396468],[142.244323,-38.378032],[142.261528,-38.364586],[142.309371,-38.356322],[142.316959,-38.359978],[142.343942,-38.351327],[142.372518,-38.349483],[142.420745,-38.370795],[142.472772,-38.401661],[142.492181,-38.393871],[142.509027,-38.403355],[142.527525,-38.406023],[142.563319,-38.422004],[142.603201,-38.448286],[142.615115,-38.452688],[142.690181,-38.499983],[142.690559,-38.50341],[142.720624,-38.520696],[142.776154,-38.561504],[142.79147,-38.571292],[142.807602,-38.571536],[142.82519,-38.58473],[142.8399,-38.587402],[142.871848,-38.604997],[142.888778,-38.610824],[142.90065,-38.610166],[142.910988,-38.618392],[142.929846,-38.624073],[142.947884,-38.619768],[142.974874,-38.625363],[142.987085,-38.621868],[143.01345,-38.624138],[143.036665,-38.631748],[143.038226,-38.63681],[143.069975,-38.646625],[143.112149,-38.669307],[143.163109,-38.71053],[143.185605,-38.733816],[143.215322,-38.758393],[143.233065,-38.766477],[143.257632,-38.770702],[143.267548,-38.763007],[143.296397,-38.755329],[143.303419,-38.75008],[143.326224,-38.757042],[143.356471,-38.753943],[143.396236,-38.771898],[143.408288,-38.782763],[143.429177,-38.783691],[143.433444,-38.789215],[143.464115,-38.80886],[143.492038,-38.83625],[143.492826,-38.843893],[143.51134,-38.857693],[143.543612,-38.853436],[143.554703,-38.855492],[143.579608,-38.835984],[143.585652,-38.821825],[143.616031,-38.795509],[143.645004,-38.791716],[143.661742,-38.782651],[143.671376,-38.756825],[143.671353,-38.748526],[143.685371,-38.73536],[143.728555,-38.717798],[143.749989,-38.713156],[143.810282,-38.69305],[143.840412,-38.690993],[143.842062,-38.679079],[143.866226,-38.671668],[143.86487,-38.66148],[143.873173,-38.652196],[143.894276,-38.641497],[143.891448,-38.635151],[143.908154,-38.625866],[143.921579,-38.60147],[143.923066,-38.593108],[143.948661,-38.576691],[143.960157,-38.575683],[143.971968,-38.566854],[143.986836,-38.548451],[143.977136,-38.542552],[143.979728,-38.532276],[144.01231,-38.497273],[144.03327,-38.485029],[144.036497,-38.475775],[144.066507,-38.468769],[144.104758,-38.469255],[144.117618,-38.457955],[144.119998,-38.449005],[144.132302,-38.4353],[144.147794,-38.430383],[144.184016,-38.428699],[144.180115,-38.419565],[144.200022,-38.406675],[144.229339,-38.398384]]]},"bbox":[140.965796,-38.857693,144.278098,-37.090826]},
{"properties":{"electorateShortName":"wills","electorateName":"Wills","area":47.14,"state":"VIC"},"type":"Feature","geometry":{"type":"Polygon","coordinates":[[[144.985148,-37.793867],[144.995648,-37.786995],[144.984453,-37.771236],[144.981817,-37.752105],[144.969026,-37.721753],[144.9785,-37.719436],[144.982519,-37.702957],[144.972061,-37.690999],[144.958535,-37.692181],[144.915281,-37.694428],[144.917459,-37.714288],[144.934249,-37.745237],[144.937486,-37.777214],[144.960234,-37.778044],[144.958758,-37.789879],[144.985148,-37.793867]]]},"bbox":[144.915281,-37.793867,144.995648,-37.690999]},
{"properties":{"electorateShortName":"blair","electorateName":"Blair","area":6472.04186,"state":"QLD"},"type":"Feature","geometry":{"type":"Polygon","coordinates":[[[152.927745,-27.685328],[152.91509,-27.685682],[152.892916,-27.667715],[152.876065,-27.666763],[152.871629,-27.646639],[152.856419,-27.644506],[152.854983,-27.636885],[152.860306,-27.598022],[152.849693,-27.565837],[152.852999,-27.541706],[152.841179,-27.515698],[152.842256,-27.495533],[152.828979,-27.490793],[152.813051,-27.477849],[152.80679,-27.492879],[152.79526,-27.497085],[152.767394,-27.488307],[152.748793,-27.495279],[152.737839,-27.464647],[152.744119,-27.460133],[152.747202,-27.443026],[152.74272,-27.436379],[152.747525,-27.423266],[152.74361,-27.394694],[152.737133,-27.392764],[152.736847,-27.373346],[152.72201,-27.365085],[152.723898,-27.353974],[152.707818,-27.351805],[152.690506,-27.370119],[152.679693,-27.372265],[152.684185,-27.348788],[152.710194,-27.332553],[152.719551,-27.323462],[152.739167,-27.323338],[152.748503,-27.318755],[152.755955,-27.309791],[152.752239,-27.295442],[152.735071,-27.296989],[152.707174,-27.292227],[152.704612,-27.276974],[152.683571,-27.271608],[152.681754,-27.254029],[152.700217,-27.230227],[152.703542,-27.199205],[152.733396,-27.170662],[152.729063,-27.163772],[152.739334,-27.150934],[152.730528,-27.125867],[152.733514,-27.107431],[152.707961,-27.096277],[152.676139,-27.089025],[152.686287,-27.083222],[152.681869,-27.057197],[152.702502,-27.030798],[152.700802,-27.018279],[152.692763,-27.012456],[152.683276,-26.992162],[152.686968,-26.981351],[152.667724,-26.959074],[152.663073,-26.948173],[152.669575,-26.928163],[152.682187,-26.915165],[152.666678,-26.906261],[152.667396,-26.896242],[152.688433,-26.8969],[152.686637,-26.877573],[152.670009,-26.854815],[152.667209,-26.836027],[152.678469,-26.830364],[152.679196,-26.799965],[152.668978,-26.789814],[152.667303,-26.773009],[152.653191,-26.768669],[152.645682,-26.773659],[152.63249,-26.764392],[152.602456,-26.75788],[152.600099,-26.751798],[152.583307,-26.740432],[152.58682,-26.733463],[152.579365,-26.7162],[152.565078,-26.707218],[152.552933,-26.706037],[152.55744,-26.69189],[152.555738,-26.6805],[152.583203,-26.645384],[152.587784,-26.613991],[152.581473,-26.599678],[152.574012,-26.595474],[152.575195,-26.584007],[152.560405,-26.581838],[152.553989,-26.572576],[152.51149,-26.567389],[152.519817,-26.588308],[152.456971,-26.580891],[152.449059,-26.569788],[152.450857,-26.55842],[152.440343,-26.557075],[152.4431,-26.544445],[152.436135,-26.537588],[152.435708,-26.523785],[152.444132,-26.505895],[152.444737,-26.487111],[152.438608,-26.486246],[152.442847,-26.460453],[152.412067,-26.46449],[152.402705,-26.474046],[152.390065,-26.476111],[152.376622,-26.472418],[152.370763,-26.462442],[152.340519,-26.469829],[152.319366,-26.478005],[152.296741,-26.46474],[152.283717,-26.452212],[152.27318,-26.454072],[152.271306,-26.464931],[152.258847,-26.470152],[152.253135,-26.484574],[152.233257,-26.491897],[152.23124,-26.507415],[152.2063,-26.508644],[152.195163,-26.495239],[152.167652,-26.475419],[152.149888,-26.482675],[152.135867,-26.480062],[152.136728,-26.493722],[152.125717,-26.50656],[152.126421,-26.531617],[152.135963,-26.566372],[152.130947,-26.574919],[152.137204,-26.582683],[152.137788,-26.596578],[152.130321,-26.600406],[152.13585,-26.614219],[152.126748,-26.637973],[152.098647,-26.653751],[152.081061,-26.657986],[152.073393,-26.66841],[152.076002,-26.685856],[152.088977,-26.699799],[152.112249,-26.706196],[152.134298,-26.730599],[152.152989,-26.727605],[152.150971,-26.740517],[152.163898,-26.742123],[152.155643,-26.754269],[152.155782,-26.76882],[152.176618,-26.779782],[152.170741,-26.796468],[152.176386,-26.809059],[152.174117,-26.821439],[152.190081,-26.823612],[152.187702,-26.837936],[152.181029,-26.846573],[152.184226,-26.871014],[152.170568,-26.867411],[152.146979,-26.879117],[152.138715,-26.894653],[152.14987,-26.904617],[152.143715,-26.911229],[152.143012,-26.924869],[152.128066,-26.944418],[152.125438,-26.954225],[152.138717,-26.96477],[152.150392,-26.966065],[152.168667,-26.977794],[152.182664,-26.97723],[152.188751,-26.993928],[152.186586,-27.006662],[152.198108,-27.008236],[152.220958,-27.022207],[152.199179,-27.027755],[152.194896,-27.056745],[152.227387,-27.060991],[152.214305,-27.075087],[152.191318,-27.072344],[152.174357,-27.097601],[152.141842,-27.126549],[152.134036,-27.141624],[152.188492,-27.169149],[152.185497,-27.176236],[152.161754,-27.189325],[152.158854,-27.206431],[152.174034,-27.211087],[152.179789,-27.205384],[152.215077,-27.208955],[152.220465,-27.201307],[152.236149,-27.203708],[152.232916,-27.222364],[152.218414,-27.232553],[152.190906,-27.242078],[152.182029,-27.252194],[152.158259,-27.259283],[152.151987,-27.269404],[152.170448,-27.286666],[152.182785,-27.273575],[152.194461,-27.275415],[152.206186,-27.292046],[152.192367,-27.311241],[152.201485,-27.322022],[152.19148,-27.365797],[152.198344,-27.377657],[152.191723,-27.386849],[152.208739,-27.390122],[152.227584,-27.388151],[152.260969,-27.392627],[152.258174,-27.409055],[152.262864,-27.416149],[152.291301,-27.400216],[152.294252,-27.427353],[152.310355,-27.4293],[152.315421,-27.39879],[152.373374,-27.40198],[152.401603,-27.414978],[152.399496,-27.428407],[152.435551,-27.441566],[152.435751,-27.457892],[152.457613,-27.464453],[152.472109,-27.472978],[152.480304,-27.482996],[152.474862,-27.508147],[152.499344,-27.511697],[152.492425,-27.551174],[152.518658,-27.55202],[152.512467,-27.574398],[152.497013,-27.582952],[152.504438,-27.595918],[152.487956,-27.603311],[152.472369,-27.626758],[152.465415,-27.647256],[152.454721,-27.66096],[152.448002,-27.654929],[152.430862,-27.651199],[152.411128,-27.681393],[152.396486,-27.68639],[152.390738,-27.697781],[152.413491,-27.70095],[152.40512,-27.749128],[152.39187,-27.75685],[152.389499,-27.769572],[152.395397,-27.781917],[152.40876,-27.796118],[152.407051,-27.805512],[152.393344,-27.809737],[152.391951,-27.817693],[152.40235,-27.863703],[152.440491,-27.859868],[152.451324,-27.802114],[152.462144,-27.803649],[152.467491,-27.783239],[152.494497,-27.783426],[152.499085,-27.758374],[152.519312,-27.761203],[152.522957,-27.726932],[152.52928,-27.717604],[152.598213,-27.726267],[152.607643,-27.737099],[152.638217,-27.741605],[152.655971,-27.738306],[152.663456,-27.749382],[152.684323,-27.752489],[152.68639,-27.746861],[152.704356,-27.749604],[152.707541,-27.758344],[152.757806,-27.767276],[152.760611,-27.785257],[152.784822,-27.788828],[152.79089,-27.793757],[152.8033,-27.785586],[152.808032,-27.758656],[152.835997,-27.755743],[152.856789,-27.757269],[152.882789,-27.747358],[152.890651,-27.70359],[152.922871,-27.708124],[152.927745,-27.685328]]]},"bbox":[152.073393,-27.863703,152.927745,-26.452212]},
{"properties":{"electorateShortName":"bonner","electorateName":"Bonner","area":371.337195,"state":"QLD"},"type":"Feature","geometry":{"type":"Polygon","coordinates":[[[153.453271,-27.388101],[153.429513,-27.364644],[153.437221,-27.34178],[153.43445,-27.317881],[153.42342,-27.301981],[153.417941,-27.276896],[153.416614,-27.256256],[153.418166,-27.216567],[153.427924,-27.154869],[153.451298,-27.072266],[153.46821,-27.027783],[153.454743,-27.023715],[153.436797,-27.031987],[153.403674,-27.033263],[153.361762,-27.060281],[153.166192,-27.365349],[153.153136,-27.397989],[153.144016,-27.415491],[153.099932,-27.445258],[153.095588,-27.481659],[153.101867,-27.491458],[153.094751,-27.53073],[153.083738,-27.521747],[153.071656,-27.529366],[153.055774,-27.525627],[153.060743,-27.542815],[153.078403,-27.562525],[153.098291,-27.574891],[153.111147,-27.593945],[153.123314,-27.587311],[153.1562,-27.591814],[153.175711,-27.606616],[153.171846,-27.591092],[153.177625,-27.586712],[153.181914,-27.562327],[153.191323,-27.560891],[153.183336,-27.544731],[153.172345,-27.535069],[153.188827,-27.517948],[153.201296,-27.514038],[153.184486,-27.502503],[153.188111,-27.484049],[153.196521,-27.481567],[153.201,-27.468066],[153.216586,-27.468238],[153.21773,-27.448402],[153.444361,-27.389399],[153.453271,-27.388101]]]},"bbox":[153.055774,-27.606616,153.46821,-27.023715]},
{"properties":{"electorateShortName":"bowman","electorateName":"Bowman","area":536.307046,"state":"QLD"},"type":"Feature","geometry":{"type":"Polygon","coordinates":[[[153.449354,-27.732333],[153.453997,-27.728758],[153.45353,-27.705997],[153.458708,-27.67062],[153.470604,-27.615842],[153.480873,-27.580785],[153.511863,-27.498172],[153.539325,-27.441352],[153.542992,-27.424928],[153.527412,-27.425895],[153.483166,-27.415556],[153.453271,-27.388101],[153.444361,-27.389399],[153.21773,-27.448402],[153.216586,-27.468238],[153.201,-27.468066],[153.196521,-27.481567],[153.188111,-27.484049],[153.184486,-27.502503],[153.201296,-27.514038],[153.188827,-27.517948],[153.172345,-27.535069],[153.183336,-27.544731],[153.191323,-27.560891],[153.181914,-27.562327],[153.177625,-27.586712],[153.171846,-27.591092],[153.175711,-27.606616],[153.183562,-27.612825],[153.173817,-27.634432],[153.187473,-27.640744],[153.238942,-27.649332],[153.254954,-27.649582],[153.26292,-27.656074],[153.279926,-27.658455],[153.280976,-27.683177],[153.286842,-27.693992],[153.298606,-27.707077],[153.308392,-27.709089],[153.358758,-27.690982],[153.36534,-27.704792],[153.385366,-27.709591],[153.401383,-27.717705],[153.40566,-27.733184],[153.418063,-27.741407],[153.449354,-27.732333]]]},"bbox":[153.171846,-27.741407,153.542992,-27.388101]},
{"properties":{"electorateShortName":"brisbane","electorateName":"Brisbane","area":54.785102,"state":"QLD"},"type":"Feature","geometry":{"type":"Polygon","coordinates":[[[153.099932,-27.445258],[153.095832,-27.436421],[153.083152,-27.433196],[153.074746,-27.406965],[153.059643,-27.410424],[153.050679,-27.404299],[153.033503,-27.412687],[152.99082,-27.407275],[152.992407,-27.412612],[152.987742,-27.438726],[152.976127,-27.437076],[152.97752,-27.450486],[152.997212,-27.466273],[153.003899,-27.47611],[153.006586,-27.473604],[153.015912,-27.468639],[153.026922,-27.479797],[153.054538,-27.472002],[153.048416,-27.444306],[153.062773,-27.441445],[153.080142,-27.446423],[153.099932,-27.445258]]]},"bbox":[152.976127,-27.479797,153.099932,-27.404299]},
{"properties":{"electorateShortName":"capricornia","electorateName":"Capricornia","area":90898.086034,"state":"QLD"},"type":"Feature","geometry":{"type":"Polygon","coordinates":[[[152.908736,-23.165072],[152.720898,-22.364034],[152.73368,-22.344849],[152.738246,-22.31902],[152.738751,-22.287197],[152.757182,-22.267981],[152.766709,-22.242979],[152.762254,-22.210215],[152.76611,-22.198916],[152.764061,-22.178801],[152.766439,-22.145206],[152.75172,-22.116014],[152.74995,-22.090844],[152.739897,-22.049667],[152.734028,-22.014541],[152.734242,-21.999951],[152.67615,-21.900725],[152.658427,-21.856311],[152.652276,-21.816026],[152.619402,-21.76716],[152.603968,-21.753499],[152.58582,-21.718717],[152.575739,-21.705636],[152.560039,-21.667342],[152.554383,-21.557566],[152.567229,-21.537375],[152.567754,-21.50913],[152.565013,-21.492993],[152.577039,-21.482367],[152.585945,-21.439556],[152.589327,-21.394643],[152.586776,-21.33615],[152.588945,-21.315206],[152.600659,-21.291989],[152.613952,-21.279534],[152.653539,-21.236472],[151.836784,-21.24469],[150.09178,-21.248983],[149.751162,-21.247711],[149.257767,-21.224197],[149.235018,-21.238868],[149.201734,-21.278373],[149.199274,-21.268113],[149.214069,-21.241534],[149.210054,-21.231603],[149.186144,-21.216353],[149.185474,-21.204513],[149.173235,-21.197688],[149.149293,-21.196304],[149.154522,-21.160487],[149.147331,-21.144351],[149.13992,-21.143072],[149.1123,-21.147827],[149.09557,-21.148255],[149.07788,-21.141986],[149.05673,-21.138986],[149.026608,-21.141368],[148.990512,-21.13737],[148.967314,-21.126525],[148.951967,-21.125082],[148.953244,-21.113187],[148.929596,-21.105133],[148.923271,-21.092807],[148.904624,-21.090331],[148.902354,-21.076469],[148.880367,-21.076331],[148.862778,-21.069355],[148.860803,-21.082968],[148.829561,-21.077537],[148.828615,-21.084781],[148.812887,-21.084758],[148.816263,-21.070072],[148.781871,-21.066458],[148.780437,-21.077488],[148.765274,-21.067315],[148.753539,-21.079717],[148.739124,-21.078645],[148.731344,-21.068693],[148.721154,-21.071859],[148.692769,-21.068385],[148.581507,-21.058324],[148.580276,-21.050716],[148.600415,-21.033006],[148.597084,-21.016505],[148.625928,-21.007527],[148.62651,-21.023817],[148.643049,-21.008182],[148.641945,-20.986547],[148.636295,-20.96821],[148.639722,-20.952162],[148.627123,-20.950316],[148.61417,-20.925358],[148.599894,-20.916632],[148.595588,-20.88466],[148.597311,-20.872619],[148.587606,-20.853965],[148.573073,-20.83649],[148.561274,-20.837871],[148.540553,-20.822161],[148.525003,-20.815071],[148.517223,-20.795441],[148.504534,-20.804411],[148.497604,-20.799141],[148.484294,-20.803051],[148.464585,-20.773176],[148.47007,-20.759859],[148.46519,-20.745445],[148.440341,-20.725863],[148.44059,-20.718046],[148.431718,-20.705945],[148.419323,-20.707844],[148.399016,-20.695411],[148.375074,-20.7025],[148.367965,-20.693458],[148.373589,-20.673767],[148.364023,-20.653445],[148.33742,-20.625649],[148.329506,-20.606616],[148.315441,-20.599449],[148.295547,-20.595361],[148.29287,-20.584749],[148.294304,-20.566267],[148.277646,-20.559037],[148.273199,-20.570593],[148.259156,-20.577293],[148.242768,-20.573124],[148.22731,-20.558863],[148.218869,-20.564618],[148.210203,-20.561423],[148.194687,-20.568431],[148.187811,-20.554009],[148.170655,-20.554611],[148.165026,-20.542684],[148.152612,-20.531724],[148.132721,-20.52958],[148.117213,-20.536867],[148.124328,-20.560798],[148.116351,-20.57326],[148.101027,-20.564314],[148.095293,-20.548192],[148.07901,-20.536465],[148.062848,-20.517741],[148.059037,-20.507459],[148.043177,-20.517632],[148.026245,-20.522066],[148.016668,-20.541554],[147.991579,-20.532791],[147.985429,-20.51192],[147.987332,-20.493415],[147.967738,-20.491265],[147.951026,-20.47423],[147.936097,-20.469194],[147.935957,-20.451847],[147.922817,-20.447337],[147.920478,-20.436747],[147.907458,-20.425239],[147.895346,-20.426306],[147.868277,-20.403765],[147.856063,-20.406477],[147.848389,-20.430966],[147.848677,-20.442434],[147.83915,-20.452127],[147.819529,-20.437105],[147.809306,-20.419108],[147.800006,-20.414246],[147.797407,-20.405061],[147.784598,-20.390191],[147.780147,-20.366209],[147.761553,-20.356765],[147.747463,-20.338001],[147.750782,-20.328704],[147.736846,-20.316094],[147.722445,-20.30853],[147.731084,-20.298853],[147.714118,-20.295254],[147.704006,-20.305238],[147.686413,-20.300252],[147.663253,-20.309362],[147.651543,-20.302866],[147.638212,-20.302557],[147.610655,-20.313428],[147.603094,-20.33064],[147.574466,-20.334256],[147.559754,-20.349643],[147.564551,-20.363824],[147.552523,-20.38],[147.467416,-20.374603],[147.456961,-20.465184],[147.432579,-20.453514],[147.400392,-20.453648],[147.389015,-20.442909],[147.390574,-20.428599],[147.397251,-20.409653],[147.361077,-20.402988],[147.343212,-20.389059],[147.347632,-20.400586],[147.338812,-20.426919],[147.30857,-20.43836],[147.297819,-20.447431],[147.290542,-20.472727],[147.300924,-20.497261],[147.299247,-20.508054],[147.284816,-20.524583],[147.279528,-20.55239],[147.267014,-20.557942],[147.241376,-20.584451],[147.214552,-20.57674],[147.209544,-20.587112],[147.19377,-20.599124],[147.178723,-20.606456],[147.16312,-20.643046],[147.148618,-20.651831],[147.124199,-20.637689],[147.105707,-20.636785],[147.08636,-20.652185],[147.073275,-20.648893],[147.065078,-20.630402],[147.036322,-20.629317],[147.026154,-20.622756],[147.021208,-20.609497],[147.011894,-20.606059],[146.976003,-20.619695],[146.973242,-20.634717],[146.985755,-20.658402],[146.982736,-20.669359],[146.964839,-20.676053],[146.960867,-20.68867],[146.965605,-20.714441],[146.960118,-20.74182],[146.943984,-20.752055],[146.92041,-20.757406],[146.909893,-20.78672],[146.888177,-20.791301],[146.876226,-20.801247],[146.861594,-20.79648],[146.851807,-20.812892],[146.862806,-20.847301],[146.856398,-20.871136],[146.865953,-20.885978],[146.863054,-20.902203],[146.853461,-20.919202],[146.863547,-20.938592],[146.866887,-20.955189],[146.876428,-20.978025],[146.882281,-21.005834],[146.860353,-21.03119],[146.86304,-21.047917],[146.861149,-21.064179],[146.848807,-21.100944],[146.86171,-21.11889],[146.862635,-21.137782],[146.872026,-21.150948],[146.882208,-21.173331],[146.868005,-21.183451],[146.866992,-21.193895],[146.885653,-21.217748],[146.926582,-21.232164],[146.93203,-21.238425],[146.949719,-21.239578],[146.960507,-21.252098],[146.959742,-21.262605],[146.966126,-21.278745],[146.963275,-21.294753],[146.946676,-21.30451],[146.928585,-21.32168],[146.917828,-21.325454],[146.904631,-21.350322],[146.882787,-21.36212],[146.882242,-21.37327],[146.873668,-21.393704],[146.882212,-21.4111],[146.895904,-21.424785],[146.898439,-21.434759],[146.909744,-21.441144],[146.911818,-21.453846],[146.905182,-21.468615],[146.882739,-21.489017],[146.865919,-21.512341],[146.870072,-21.526673],[146.851795,-21.545481],[146.845178,-21.563752],[146.834724,-21.574405],[146.838687,-21.587345],[146.833158,-21.599937],[146.833884,-21.643224],[146.756055,-21.636697],[146.728523,-21.631193],[146.717501,-21.625571],[146.703072,-21.625194],[146.692326,-21.620268],[146.651612,-21.609274],[146.649231,-21.599442],[146.656718,-21.582545],[146.492307,-21.566479],[146.492922,-21.588661],[146.488435,-21.646931],[146.483889,-21.680292],[146.446651,-21.668095],[146.395972,-21.66319],[146.340708,-21.570118],[146.346695,-21.518123],[146.150511,-21.500057],[146.132293,-21.514031],[146.093438,-21.509941],[146.084063,-21.609594],[146.069187,-21.808809],[146.126718,-21.813565],[146.118452,-21.900853],[146.211379,-21.908495],[146.201384,-22.007584],[146.072068,-21.997239],[146.06699,-22.026532],[146.039479,-22.02335],[146.031455,-22.104814],[146.06606,-22.116209],[146.074055,-22.123377],[146.064585,-22.185761],[146.070664,-22.226622],[146.052132,-22.338502],[146.122071,-22.347422],[146.108921,-22.445663],[146.113263,-22.446842],[146.283188,-22.463379],[146.269482,-22.507225],[146.289756,-22.497751],[146.311092,-22.493311],[146.335271,-22.495551],[146.347122,-22.500006],[146.372382,-22.519444],[146.387628,-22.519329],[146.413661,-22.503222],[146.428595,-22.487942],[146.436728,-22.487078],[146.451774,-22.499313],[146.439324,-22.548865],[146.423746,-22.547344],[146.40076,-22.756239],[146.548767,-22.768926],[146.539913,-22.789057],[146.524223,-22.800287],[146.525953,-22.812137],[146.546013,-22.838656],[146.553413,-22.868696],[146.560753,-22.880536],[146.577053,-22.889976],[146.594432,-22.887576],[146.609782,-22.881316],[146.624072,-22.887046],[146.641811,-22.883376],[146.661821,-22.906146],[146.669181,-22.918326],[146.664201,-22.924106],[146.694941,-22.957006],[146.697041,-22.964685],[146.713521,-22.966096],[146.73491,-22.975516],[146.74496,-22.986556],[146.75474,-22.990256],[146.7727,-23.017586],[146.78604,-23.033826],[146.78765,-23.047155],[146.78169,-23.055065],[146.78625,-23.076065],[146.778111,-23.092115],[146.785341,-23.103735],[146.789791,-23.129925],[146.798861,-23.143125],[146.815011,-23.155065],[146.84666,-23.163575],[146.86293,-23.173925],[146.87424,-23.198635],[146.87147,-23.210385],[146.88446,-23.224925],[146.87495,-23.275315],[146.863481,-23.280875],[146.855179,-23.292957],[146.854617,-23.304626],[146.932611,-23.315527],[146.939911,-23.260153],[146.976317,-23.263559],[147.079057,-23.279834],[147.074733,-23.307149],[147.158239,-23.326392],[147.161732,-23.339787],[147.286615,-23.351236],[147.283115,-23.331396],[147.293292,-23.323829],[147.290057,-23.313957],[147.279112,-23.302727],[147.278358,-23.29447],[147.287288,-23.278636],[147.271377,-23.267638],[147.270374,-23.25594],[147.260676,-23.244019],[147.260559,-23.209974],[147.269586,-23.206854],[147.277843,-23.196115],[147.315009,-23.193149],[147.339918,-23.182564],[147.351258,-23.186534],[147.371093,-23.17578],[147.383367,-23.16536],[147.394779,-23.147322],[147.411592,-23.134398],[147.42843,-23.129117],[147.441575,-23.119549],[147.446895,-23.107122],[147.464149,-23.092223],[147.476561,-23.092949],[147.486973,-23.078755],[147.484001,-23.046347],[147.498497,-23.039308],[147.506366,-23.030419],[147.519762,-23.028142],[147.497045,-23.000881],[147.50429,-22.985964],[147.553108,-23.009011],[147.555036,-22.977293],[147.568241,-22.961692],[147.582373,-22.962449],[147.58792,-22.922221],[147.596864,-22.923426],[147.598908,-22.90895],[147.617631,-22.89372],[147.619219,-22.906575],[147.626125,-22.918959],[147.640496,-22.926223],[147.661686,-22.920591],[147.662237,-22.914873],[147.69977,-22.908772],[147.702627,-22.886115],[147.737358,-22.861511],[147.756222,-22.854843],[147.773247,-22.826673],[147.784139,-22.819204],[147.794069,-22.800503],[147.820954,-22.782927],[147.844495,-22.78507],[147.876535,-22.764766],[147.895114,-22.761733],[147.907405,-22.749165],[147.919614,-22.717394],[147.928745,-22.718856],[147.955322,-22.706716],[147.975888,-22.701857],[147.984757,-22.70469],[147.993769,-22.693531],[147.99369,-22.677014],[148.009675,-22.660182],[148.022936,-22.693102],[148.050534,-22.699222],[148.060759,-22.709873],[148.063937,-22.739495],[148.087103,-22.751387],[148.109514,-22.766599],[148.132147,-22.768739],[148.14254,-22.764804],[148.148841,-22.779533],[148.184026,-22.789166],[148.19584,-22.781126],[148.212514,-22.782072],[148.230347,-22.777506],[148.234736,-22.772183],[148.238785,-22.739685],[148.263391,-22.738935],[148.280993,-22.730122],[148.297807,-22.732239],[148.32985,-22.724914],[148.343011,-22.725732],[148.370675,-22.765725],[148.373922,-22.767502],[148.368287,-22.794957],[148.352854,-22.808912],[148.345352,-22.807286],[148.331633,-22.817241],[148.329712,-22.826973],[148.296629,-22.854645],[148.290148,-22.866935],[148.27661,-22.873844],[148.279797,-22.885739],[148.297722,-22.909496],[148.324751,-22.949829],[148.458237,-22.867753],[148.541899,-22.877303],[148.541127,-22.919718],[148.552636,-22.942195],[148.542686,-22.950795],[148.550302,-22.957235],[148.554187,-22.974479],[148.57252,-22.969438],[148.561538,-22.998657],[148.585171,-22.999113],[148.603569,-22.999462],[148.584836,-23.070544],[148.585139,-23.076009],[148.562155,-23.116055],[148.578928,-23.117772],[148.624114,-23.149483],[148.565081,-23.222276],[148.582211,-23.234164],[148.511934,-23.289072],[148.502448,-23.330441],[148.550276,-23.347229],[148.570388,-23.379695],[148.550304,-23.407284],[148.572936,-23.469349],[148.522676,-23.505379],[148.525498,-23.550323],[148.537486,-23.555964],[148.569267,-23.552874],[148.57783,-23.532457],[148.592378,-23.543155],[148.618668,-23.535828],[148.634147,-23.509707],[148.633973,-23.478616],[148.654241,-23.476079],[148.678514,-23.449371],[148.699681,-23.440988],[148.704675,-23.431413],[148.674954,-23.42469],[148.680399,-23.406066],[148.695249,-23.401828],[148.711363,-23.387594],[148.704689,-23.364297],[148.711838,-23.353753],[148.736709,-23.348453],[148.747531,-23.37911],[148.764571,-23.380672],[148.77641,-23.372193],[148.777653,-23.352668],[148.796833,-23.352398],[148.799646,-23.362369],[148.817214,-23.371193],[148.824323,-23.379128],[148.851148,-23.368026],[148.868587,-23.351642],[148.869953,-23.32656],[148.867048,-23.315448],[148.856416,-23.309963],[148.84566,-23.2906],[148.852647,-23.281698],[148.855769,-23.265929],[148.880456,-23.247974],[148.886918,-23.255945],[148.909598,-23.264566],[148.925088,-23.261956],[148.921254,-23.251523],[148.927227,-23.244349],[148.947205,-23.242221],[148.952595,-23.224652],[148.947262,-23.21789],[148.967848,-23.195813],[148.98544,-23.194509],[148.997986,-23.174236],[149.006485,-23.166331],[149.005738,-23.15022],[148.987109,-23.142809],[148.990547,-23.129709],[148.973236,-23.124038],[148.97722,-23.113087],[148.97158,-23.106768],[148.977966,-23.093157],[149.025361,-23.081416],[149.039604,-23.061738],[149.0545,-23.058417],[149.081592,-23.061475],[149.111424,-23.056046],[149.125102,-23.062709],[149.147294,-23.058683],[149.179074,-23.048273],[149.192807,-23.050537],[149.202604,-23.046849],[149.214422,-23.022698],[149.229082,-23.002999],[149.234149,-22.982527],[149.240807,-22.972953],[149.250483,-22.974464],[149.285372,-22.958352],[149.287868,-22.938071],[149.301817,-22.928257],[149.314709,-22.904784],[149.328987,-22.89735],[149.329556,-22.875714],[149.346716,-22.878761],[149.367615,-22.877834],[149.382735,-22.895325],[149.401138,-22.896322],[149.414914,-22.91801],[149.421529,-22.961987],[149.411298,-22.988103],[149.416215,-22.999399],[149.427861,-23.005262],[149.42915,-23.020364],[149.442494,-23.033423],[149.485786,-23.057813],[149.491892,-23.084097],[149.490555,-23.095824],[149.480475,-23.098972],[149.481568,-23.113155],[149.502879,-23.124087],[149.617037,-23.093423],[149.621895,-23.084759],[149.636915,-23.074261],[149.672626,-23.082061],[149.719493,-23.060742],[149.719603,-23.041537],[149.731223,-23.025897],[149.744843,-23.019737],[149.778463,-23.014497],[149.802532,-22.992307],[149.826492,-22.981597],[149.833882,-22.996797],[149.846622,-22.998437],[149.850642,-22.986797],[149.866282,-22.994056],[149.877832,-22.988136],[149.891032,-22.995976],[149.902251,-22.997046],[149.910211,-23.008126],[149.920502,-23.006785],[149.933171,-23.013746],[149.927271,-23.024166],[149.932408,-23.035964],[149.925217,-23.055259],[149.93567,-23.06422],[149.964649,-23.078344],[149.985631,-23.080996],[150.001067,-23.086839],[150.010888,-23.077764],[150.02508,-23.071369],[150.032639,-23.044771],[150.064782,-23.035044],[150.077267,-23.045378],[150.077034,-23.053731],[150.067263,-23.074729],[150.067954,-23.086117],[150.097723,-23.09306],[150.122531,-23.090106],[150.13869,-23.103092],[150.134046,-23.122298],[150.142901,-23.13428],[150.163031,-23.145759],[150.188006,-23.132028],[150.207542,-23.111505],[150.215837,-23.108256],[150.250265,-23.112568],[150.274949,-23.128773],[150.296553,-23.137715],[150.368642,-23.146861],[150.382558,-23.141938],[150.392683,-23.161213],[150.382429,-23.168845],[150.386856,-23.182952],[150.401814,-23.190435],[150.392114,-23.202162],[150.380008,-23.206863],[150.355146,-23.233579],[150.341632,-23.244011],[150.356224,-23.262722],[150.373049,-23.26507],[150.381417,-23.252189],[150.393224,-23.243064],[150.408512,-23.240311],[150.420477,-23.244466],[150.42666,-23.253756],[150.433781,-23.285142],[150.447603,-23.305879],[150.452186,-23.322015],[150.447225,-23.331299],[150.460435,-23.337474],[150.47158,-23.32114],[150.481878,-23.319102],[150.491649,-23.333471],[150.493211,-23.358567],[150.467131,-23.378679],[150.451142,-23.384803],[150.435293,-23.371741],[150.433543,-23.405685],[150.458966,-23.41783],[150.46756,-23.426791],[150.50713,-23.432698],[150.519704,-23.42846],[150.536465,-23.445141],[150.546269,-23.44399],[150.544677,-23.425671],[150.530656,-23.394851],[150.541112,-23.390787],[150.55191,-23.377622],[150.561889,-23.385213],[150.578168,-23.410054],[150.594655,-23.425536],[150.603912,-23.445167],[150.620024,-23.451237],[150.626539,-23.458715],[150.627122,-23.472147],[150.639665,-23.486206],[150.65765,-23.488056],[150.661709,-23.50066],[150.640846,-23.505791],[150.63618,-23.516102],[150.654211,-23.516699],[150.681333,-23.498796],[150.706387,-23.505102],[150.727288,-23.491587],[150.743427,-23.49526],[150.772133,-23.506496],[150.79062,-23.506043],[150.816658,-23.509731],[150.842783,-23.509906],[150.867505,-23.503244],[150.920631,-23.502718],[150.968222,-23.49908],[150.977573,-23.474061],[151.001072,-23.431756],[151.251067,-23.165086],[151.647842,-23.166157],[152.048,-23.167255],[152.908736,-23.165072]]]},"bbox":[146.031455,-23.555964,152.908736,-20.295254]},
{"properties":{"electorateShortName":"dawson","electorateName":"Dawson","area":14630.465763,"state":"QLD"},"type":"Feature","geometry":{"type":"Polygon","coordinates":[[[152.653539,-21.236472],[152.662913,-21.216967],[152.677731,-21.153252],[152.676092,-21.119807],[152.663187,-21.087317],[152.652336,-21.065051],[152.638703,-21.044181],[152.595882,-21.026707],[152.549466,-21.01959],[152.400514,-21.004694],[152.309262,-20.982665],[152.236059,-20.962154],[152.183572,-20.936822],[152.147874,-20.904788],[152.117298,-20.879928],[152.090603,-20.854642],[152.055224,-20.865047],[152.042772,-20.890872],[152.039481,-20.931428],[152.040733,-20.985157],[152.050958,-21.014795],[152.072728,-21.054461],[152.09363,-21.086842],[152.116129,-21.126482],[152.120479,-21.160226],[152.095694,-21.187665],[152.042812,-21.208432],[151.996262,-21.213449],[151.945985,-21.210569],[151.891318,-21.201131],[151.85008,-21.175458],[151.830886,-21.139021],[151.807632,-21.110299],[151.768538,-21.067626],[151.729186,-21.044862],[151.683663,-21.03051],[151.636577,-21.008539],[151.598111,-20.993025],[151.528072,-20.93461],[151.49236,-20.914034],[151.44184,-20.894054],[151.400166,-20.874562],[151.361411,-20.840725],[151.284867,-20.784623],[151.189336,-20.728798],[151.03451,-20.665884],[150.962199,-20.619837],[150.927415,-20.604753],[150.889026,-20.584066],[150.851665,-20.560696],[150.821592,-20.528904],[150.800406,-20.50163],[150.76426,-20.462268],[150.691918,-20.367485],[150.630365,-20.298852],[150.602488,-20.252733],[150.562316,-20.166267],[150.519964,-20.122961],[150.446507,-20.068666],[150.40491,-20.024149],[150.401244,-19.994868],[150.383609,-19.949484],[150.370161,-19.944531],[150.348754,-19.923701],[150.330166,-19.919843],[150.300787,-19.891863],[150.291292,-19.873006],[150.26966,-19.866994],[150.258659,-19.856978],[150.247028,-19.857591],[150.229628,-19.845085],[150.226426,-19.833322],[150.213907,-19.827457],[150.198476,-19.807298],[150.19216,-19.787775],[150.184976,-19.788304],[150.165692,-19.776224],[150.14678,-19.77215],[150.129824,-19.75629],[150.111934,-19.749041],[150.052424,-19.712541],[150.036863,-19.712569],[150.012355,-19.703077],[149.983542,-19.684575],[149.950158,-19.648231],[149.87934,-19.623475],[149.861522,-19.607919],[149.652063,-19.461582],[149.642486,-19.457799],[149.420921,-19.333748],[149.325557,-19.298439],[148.001086,-19.298446],[147.426822,-19.298856],[147.167765,-19.298449],[147.119438,-19.411172],[147.11145,-19.39804],[147.113942,-19.388493],[147.1084,-19.38051],[147.082312,-19.360119],[147.067506,-19.343022],[147.047326,-19.298722],[147.04105,-19.29405],[147.04466,-19.27841],[147.060017,-19.273025],[147.06064,-19.25735],[147.04331,-19.23187],[147.045049,-19.225392],[147.038645,-19.205509],[147.01753,-19.19148],[147.023003,-19.212683],[147.00802,-19.22555],[147.004933,-19.241384],[146.978881,-19.283182],[146.960511,-19.293305],[146.928431,-19.297928],[146.896415,-19.30567],[146.87533,-19.29936],[146.85216,-19.27615],[146.834547,-19.270282],[146.826166,-19.281424],[146.803622,-19.287775],[146.809948,-19.300658],[146.803046,-19.305005],[146.789185,-19.300194],[146.768495,-19.317784],[146.808384,-19.31899],[146.805946,-19.34159],[146.825423,-19.343408],[146.831326,-19.336204],[146.842936,-19.364885],[146.865888,-19.361912],[146.874619,-19.356463],[146.908602,-19.379121],[146.917203,-19.381066],[146.915185,-19.400775],[146.942942,-19.430153],[146.951196,-19.424319],[146.952849,-19.409377],[146.949612,-19.396297],[146.961761,-19.389337],[146.976806,-19.388202],[147.023476,-19.396521],[147.033782,-19.410806],[147.032579,-19.422199],[147.043234,-19.429503],[147.036494,-19.471958],[147.026041,-19.47624],[147.012582,-19.474867],[147.010651,-19.491758],[147.024552,-19.504526],[147.030879,-19.520669],[147.030651,-19.552333],[147.021111,-19.578558],[147.003329,-19.596522],[147.019518,-19.610897],[147.018268,-19.625108],[147.029461,-19.632313],[147.020675,-19.714562],[147.050406,-19.704152],[147.076291,-19.725963],[147.157621,-19.791812],[147.214695,-19.836035],[147.216691,-19.817667],[147.230408,-19.81892],[147.237071,-19.859808],[147.229943,-19.879942],[147.226943,-19.897265],[147.219007,-19.913374],[147.229755,-19.939822],[147.243688,-19.949416],[147.254112,-19.969274],[147.257539,-19.997128],[147.262328,-20.009348],[147.285306,-20.046061],[147.293904,-20.064716],[147.292717,-20.075468],[147.28439,-20.089027],[147.275208,-20.114703],[147.274799,-20.125817],[147.294549,-20.16115],[147.308361,-20.215475],[147.311331,-20.2621],[147.308254,-20.286064],[147.300056,-20.305442],[147.300575,-20.321708],[147.314394,-20.360324],[147.320838,-20.371466],[147.343212,-20.389059],[147.361077,-20.402988],[147.397251,-20.409653],[147.390574,-20.428599],[147.389015,-20.442909],[147.400392,-20.453648],[147.432579,-20.453514],[147.456961,-20.465184],[147.467416,-20.374603],[147.552523,-20.38],[147.564551,-20.363824],[147.559754,-20.349643],[147.574466,-20.334256],[147.603094,-20.33064],[147.610655,-20.313428],[147.638212,-20.302557],[147.651543,-20.302866],[147.663253,-20.309362],[147.686413,-20.300252],[147.704006,-20.305238],[147.714118,-20.295254],[147.731084,-20.298853],[147.722445,-20.30853],[147.736846,-20.316094],[147.750782,-20.328704],[147.747463,-20.338001],[147.761553,-20.356765],[147.780147,-20.366209],[147.784598,-20.390191],[147.797407,-20.405061],[147.800006,-20.414246],[147.809306,-20.419108],[147.819529,-20.437105],[147.83915,-20.452127],[147.848677,-20.442434],[147.848389,-20.430966],[147.856063,-20.406477],[147.868277,-20.403765],[147.895346,-20.426306],[147.907458,-20.425239],[147.920478,-20.436747],[147.922817,-20.447337],[147.935957,-20.451847],[147.936097,-20.469194],[147.951026,-20.47423],[147.967738,-20.491265],[147.987332,-20.493415],[147.985429,-20.51192],[147.991579,-20.532791],[148.016668,-20.541554],[148.026245,-20.522066],[148.043177,-20.517632],[148.059037,-20.507459],[148.062848,-20.517741],[148.07901,-20.536465],[148.095293,-20.548192],[148.101027,-20.564314],[148.116351,-20.57326],[148.124328,-20.560798],[148.117213,-20.536867],[148.132721,-20.52958],[148.152612,-20.531724],[148.165026,-20.542684],[148.170655,-20.554611],[148.187811,-20.554009],[148.194687,-20.568431],[148.210203,-20.561423],[148.218869,-20.564618],[148.22731,-20.558863],[148.242768,-20.573124],[148.259156,-20.577293],[148.273199,-20.570593],[148.277646,-20.559037],[148.294304,-20.566267],[148.29287,-20.584749],[148.295547,-20.595361],[148.315441,-20.599449],[148.329506,-20.606616],[148.33742,-20.625649],[148.364023,-20.653445],[148.373589,-20.673767],[148.367965,-20.693458],[148.375074,-20.7025],[148.399016,-20.695411],[148.419323,-20.707844],[148.431718,-20.705945],[148.44059,-20.718046],[148.440341,-20.725863],[148.46519,-20.745445],[148.47007,-20.759859],[148.464585,-20.773176],[148.484294,-20.803051],[148.497604,-20.799141],[148.504534,-20.804411],[148.517223,-20.795441],[148.525003,-20.815071],[148.540553,-20.822161],[148.561274,-20.837871],[148.573073,-20.83649],[148.587606,-20.853965],[148.597311,-20.872619],[148.595588,-20.88466],[148.599894,-20.916632],[148.61417,-20.925358],[148.627123,-20.950316],[148.639722,-20.952162],[148.636295,-20.96821],[148.641945,-20.986547],[148.643049,-21.008182],[148.62651,-21.023817],[148.625928,-21.007527],[148.597084,-21.016505],[148.600415,-21.033006],[148.580276,-21.050716],[148.581507,-21.058324],[148.692769,-21.068385],[148.721154,-21.071859],[148.731344,-21.068693],[148.739124,-21.078645],[148.753539,-21.079717],[148.765274,-21.067315],[148.780437,-21.077488],[148.781871,-21.066458],[148.816263,-21.070072],[148.812887,-21.084758],[148.828615,-21.084781],[148.829561,-21.077537],[148.860803,-21.082968],[148.862778,-21.069355],[148.880367,-21.076331],[148.902354,-21.076469],[148.904624,-21.090331],[148.923271,-21.092807],[148.929596,-21.105133],[148.953244,-21.113187],[148.951967,-21.125082],[148.967314,-21.126525],[148.990512,-21.13737],[149.026608,-21.141368],[149.05673,-21.138986],[149.07788,-21.141986],[149.09557,-21.148255],[149.1123,-21.147827],[149.13992,-21.143072],[149.147331,-21.144351],[149.154522,-21.160487],[149.149293,-21.196304],[149.173235,-21.197688],[149.185474,-21.204513],[149.186144,-21.216353],[149.210054,-21.231603],[149.214069,-21.241534],[149.199274,-21.268113],[149.201734,-21.278373],[149.235018,-21.238868],[149.257767,-21.224197],[149.751162,-21.247711],[150.09178,-21.248983],[151.836784,-21.24469],[152.653539,-21.236472]]]},"bbox":[146.768495,-21.278373,152.677731,-19.19148]},
{"properties":{"electorateShortName":"dickson","electorateName":"Dickson","area":724.2756,"state":"QLD"},"type":"Feature","geometry":{"type":"Polygon","coordinates":[[[152.999425,-27.357035],[152.979151,-27.347755],[152.994092,-27.33396],[153.002537,-27.316819],[152.996983,-27.302554],[153.007163,-27.301165],[153.020339,-27.28244],[153.017541,-27.273253],[153.018277,-27.249316],[153.009433,-27.242859],[152.992652,-27.240485],[152.975573,-27.243397],[152.976753,-27.233465],[152.962625,-27.204719],[152.945766,-27.197649],[152.887349,-27.189182],[152.862381,-27.189422],[152.863477,-27.182449],[152.844535,-27.182806],[152.8511,-27.139664],[152.828644,-27.130746],[152.828929,-27.115855],[152.807294,-27.108099],[152.801032,-27.097452],[152.783596,-27.08641],[152.780251,-27.104155],[152.766858,-27.102155],[152.765361,-27.110854],[152.733514,-27.107431],[152.730528,-27.125867],[152.739334,-27.150934],[152.729063,-27.163772],[152.733396,-27.170662],[152.703542,-27.199205],[152.700217,-27.230227],[152.681754,-27.254029],[152.683571,-27.271608],[152.704612,-27.276974],[152.707174,-27.292227],[152.735071,-27.296989],[152.752239,-27.295442],[152.755955,-27.309791],[152.748503,-27.318755],[152.748845,-27.332301],[152.76759,-27.334987],[152.771761,-27.35005],[152.762898,-27.354608],[152.762318,-27.371757],[152.775638,-27.389108],[152.775615,-27.401686],[152.798652,-27.405106],[152.814194,-27.402181],[152.820849,-27.410698],[152.836792,-27.418856],[152.861148,-27.422375],[152.872683,-27.413756],[152.897229,-27.41728],[152.899311,-27.403572],[152.91504,-27.40572],[152.92519,-27.393334],[152.944568,-27.406007],[152.965853,-27.396862],[152.976999,-27.400782],[152.975216,-27.392025],[152.986275,-27.375665],[152.997816,-27.3682],[152.999425,-27.357035]]]},"bbox":[152.681754,-27.422375,153.020339,-27.08641]},
{"properties":{"electorateShortName":"fadden","electorateName":"Fadden","area":387.399781,"state":"QLD"},"type":"Feature","geometry":{"type":"Polygon","coordinates":[[[153.449354,-27.732333],[153.418063,-27.741407],[153.40566,-27.733184],[153.401383,-27.717705],[153.385366,-27.709591],[153.36534,-27.704792],[153.358758,-27.690982],[153.308392,-27.709089],[153.298606,-27.707077],[153.286842,-27.693992],[153.273455,-27.697999],[153.256511,-27.691889],[153.243282,-27.698319],[153.226476,-27.715363],[153.220885,-27.726323],[153.239354,-27.756074],[153.247923,-27.764123],[153.252497,-27.779661],[153.267887,-27.808414],[153.299156,-27.827599],[153.312451,-27.865686],[153.314623,-27.876927],[153.296,-27.885739],[153.285617,-27.896617],[153.292184,-27.903982],[153.29307,-27.914009],[153.307078,-27.91605],[153.300777,-27.926659],[153.304698,-27.940473],[153.299348,-27.953586],[153.317956,-27.956341],[153.32178,-27.96819],[153.336927,-27.970413],[153.344164,-27.9768],[153.347026,-27.960762],[153.376538,-27.964772],[153.383803,-27.954014],[153.413165,-27.958244],[153.421285,-27.948964],[153.424358,-27.936692],[153.433728,-27.933812],[153.425243,-27.91029],[153.425998,-27.881689],[153.435009,-27.812718],[153.449354,-27.732333]]]},"bbox":[153.220885,-27.9768,153.449354,-27.690982]},
{"properties":{"electorateShortName":"fairfax","electorateName":"Fairfax","area":1004.1651,"state":"QLD"},"type":"Feature","geometry":{"type":"Polygon","coordinates":[[[152.58682,-26.733463],[152.611242,-26.7287],[152.616396,-26.716645],[152.630375,-26.702976],[152.63256,-26.694224],[152.649181,-26.691822],[152.656133,-26.699085],[152.660514,-26.669988],[152.651254,-26.672871],[152.624837,-26.672761],[152.629273,-26.659245],[152.645868,-26.648618],[152.647953,-26.635944],[152.665685,-26.616254],[152.682285,-26.622328],[152.69685,-26.622601],[152.700627,-26.63338],[152.7154,-26.635074],[152.730289,-26.659675],[152.738007,-26.653097],[152.746419,-26.636899],[152.794331,-26.64532],[152.796203,-26.670854],[152.791759,-26.67758],[152.814341,-26.680421],[152.815748,-26.672783],[152.845007,-26.677339],[152.854471,-26.668668],[152.879169,-26.671926],[152.885818,-26.660536],[152.900028,-26.662995],[152.908083,-26.653329],[152.941586,-26.654936],[152.96339,-26.67141],[152.980912,-26.679397],[153.002534,-26.680511],[153.005067,-26.690788],[153.025585,-26.713578],[153.042548,-26.721399],[153.050112,-26.714654],[153.064635,-26.710989],[153.105437,-26.715636],[153.113254,-26.713975],[153.115195,-26.69781],[153.094747,-26.673119],[153.106091,-26.664574],[153.101272,-26.63903],[153.102043,-26.616525],[153.097864,-26.600281],[153.097805,-26.576994],[153.102645,-26.546541],[153.0927,-26.531839],[153.095559,-26.498572],[153.081046,-26.493854],[153.082978,-26.482574],[153.05675,-26.477345],[153.038591,-26.463126],[153.030792,-26.443104],[153.007481,-26.440016],[153.00602,-26.43515],[152.966381,-26.432044],[152.964466,-26.439619],[152.946255,-26.437176],[152.945017,-26.4446],[152.921839,-26.443048],[152.91721,-26.449316],[152.892404,-26.455],[152.869335,-26.474206],[152.843807,-26.484049],[152.814092,-26.498097],[152.813186,-26.488879],[152.80319,-26.477411],[152.78861,-26.473046],[152.757618,-26.468445],[152.765607,-26.482028],[152.744811,-26.499361],[152.743706,-26.508173],[152.762079,-26.510649],[152.759691,-26.525015],[152.767154,-26.537338],[152.75273,-26.549767],[152.745131,-26.549627],[152.728448,-26.536977],[152.714697,-26.546348],[152.710558,-26.556582],[152.694935,-26.567879],[152.681006,-26.583942],[152.680487,-26.597709],[152.66026,-26.597107],[152.643663,-26.58625],[152.625629,-26.581981],[152.595498,-26.584102],[152.587941,-26.579747],[152.575195,-26.584007],[152.574012,-26.595474],[152.581473,-26.599678],[152.587784,-26.613991],[152.583203,-26.645384],[152.555738,-26.6805],[152.55744,-26.69189],[152.552933,-26.706037],[152.565078,-26.707218],[152.579365,-26.7162],[152.58682,-26.733463]]]},"bbox":[152.552933,-26.733463,153.115195,-26.432044]},
{"properties":{"electorateShortName":"fisher","electorateName":"Fisher","area":1198.357598,"state":"QLD"},"type":"Feature","geometry":{"type":"Polygon","coordinates":[[[153.133218,-26.812357],[153.148634,-26.791311],[153.141755,-26.787971],[153.136998,-26.773419],[153.134576,-26.729017],[153.136756,-26.68737],[153.108823,-26.670734],[153.106091,-26.664574],[153.094747,-26.673119],[153.115195,-26.69781],[153.113254,-26.713975],[153.105437,-26.715636],[153.064635,-26.710989],[153.050112,-26.714654],[153.042548,-26.721399],[153.025585,-26.713578],[153.005067,-26.690788],[153.002534,-26.680511],[152.980912,-26.679397],[152.96339,-26.67141],[152.941586,-26.654936],[152.908083,-26.653329],[152.900028,-26.662995],[152.885818,-26.660536],[152.879169,-26.671926],[152.854471,-26.668668],[152.845007,-26.677339],[152.815748,-26.672783],[152.814341,-26.680421],[152.791759,-26.67758],[152.796203,-26.670854],[152.794331,-26.64532],[152.746419,-26.636899],[152.738007,-26.653097],[152.730289,-26.659675],[152.7154,-26.635074],[152.700627,-26.63338],[152.69685,-26.622601],[152.682285,-26.622328],[152.665685,-26.616254],[152.647953,-26.635944],[152.645868,-26.648618],[152.629273,-26.659245],[152.624837,-26.672761],[152.651254,-26.672871],[152.660514,-26.669988],[152.656133,-26.699085],[152.649181,-26.691822],[152.63256,-26.694224],[152.630375,-26.702976],[152.616396,-26.716645],[152.611242,-26.7287],[152.58682,-26.733463],[152.583307,-26.740432],[152.600099,-26.751798],[152.602456,-26.75788],[152.63249,-26.764392],[152.645682,-26.773659],[152.653191,-26.768669],[152.667303,-26.773009],[152.668978,-26.789814],[152.679196,-26.799965],[152.698897,-26.803125],[152.708969,-26.811278],[152.720856,-26.808614],[152.732814,-26.81502],[152.739007,-26.80804],[152.749585,-26.815718],[152.753116,-26.797351],[152.761087,-26.792358],[152.779476,-26.797172],[152.777257,-26.809402],[152.788671,-26.813024],[152.792019,-26.827076],[152.812677,-26.828735],[152.82449,-26.849442],[152.832278,-26.856175],[152.848006,-26.858126],[152.857393,-26.87128],[152.869478,-26.872874],[152.866791,-26.888918],[152.855462,-26.88739],[152.859462,-26.911304],[152.875446,-26.913522],[152.872496,-26.930514],[152.861199,-26.936303],[152.858011,-26.956217],[152.891155,-26.96075],[152.903713,-26.953895],[152.917262,-26.954706],[152.927018,-26.961421],[152.953335,-26.968382],[152.966643,-26.978793],[152.975006,-26.974382],[152.985178,-26.984685],[153.003063,-26.984837],[153.017939,-26.978328],[153.018454,-26.966399],[153.042842,-26.969481],[153.066317,-26.98369],[153.074407,-26.971339],[153.069566,-26.955194],[153.079277,-26.935736],[153.07295,-26.922915],[153.077112,-26.905598],[153.109405,-26.89089],[153.114533,-26.884498],[153.121698,-26.859069],[153.11952,-26.843826],[153.128161,-26.814745],[153.133218,-26.812357]]]},"bbox":[152.583307,-26.984837,153.148634,-26.616254]},
{"properties":{"electorateShortName":"flynn","electorateName":"Flynn","area":132829.463413,"state":"QLD"},"type":"Feature","geometry":{"type":"Polygon","coordinates":[[[153.264621,-24.697089],[153.225558,-24.515998],[152.908736,-23.165072],[152.048,-23.167255],[151.647842,-23.166157],[151.251067,-23.165086],[151.001072,-23.431756],[150.977573,-23.474061],[150.968222,-23.49908],[150.920631,-23.502718],[150.867505,-23.503244],[150.842783,-23.509906],[150.816658,-23.509731],[150.79062,-23.506043],[150.772133,-23.506496],[150.743427,-23.49526],[150.727288,-23.491587],[150.706387,-23.505102],[150.681333,-23.498796],[150.654211,-23.516699],[150.63618,-23.516102],[150.640846,-23.505791],[150.661709,-23.50066],[150.65765,-23.488056],[150.639665,-23.486206],[150.627122,-23.472147],[150.626539,-23.458715],[150.620024,-23.451237],[150.603912,-23.445167],[150.594655,-23.425536],[150.578168,-23.410054],[150.561889,-23.385213],[150.55191,-23.377622],[150.541112,-23.390787],[150.530656,-23.394851],[150.544677,-23.425671],[150.546269,-23.44399],[150.536465,-23.445141],[150.519704,-23.42846],[150.50713,-23.432698],[150.46756,-23.426791],[150.458966,-23.41783],[150.433543,-23.405685],[150.435293,-23.371741],[150.451142,-23.384803],[150.467131,-23.378679],[150.493211,-23.358567],[150.491649,-23.333471],[150.481878,-23.319102],[150.47158,-23.32114],[150.460435,-23.337474],[150.447225,-23.331299],[150.452186,-23.322015],[150.447603,-23.305879],[150.433781,-23.285142],[150.42666,-23.253756],[150.420477,-23.244466],[150.408512,-23.240311],[150.393224,-23.243064],[150.381417,-23.252189],[150.373049,-23.26507],[150.356224,-23.262722],[150.341632,-23.244011],[150.355146,-23.233579],[150.380008,-23.206863],[150.392114,-23.202162],[150.401814,-23.190435],[150.386856,-23.182952],[150.382429,-23.168845],[150.392683,-23.161213],[150.382558,-23.141938],[150.368642,-23.146861],[150.296553,-23.137715],[150.274949,-23.128773],[150.250265,-23.112568],[150.215837,-23.108256],[150.207542,-23.111505],[150.188006,-23.132028],[150.163031,-23.145759],[150.142901,-23.13428],[150.134046,-23.122298],[150.13869,-23.103092],[150.122531,-23.090106],[150.097723,-23.09306],[150.067954,-23.086117],[150.067263,-23.074729],[150.077034,-23.053731],[150.077267,-23.045378],[150.064782,-23.035044],[150.032639,-23.044771],[150.02508,-23.071369],[150.010888,-23.077764],[150.001067,-23.086839],[149.985631,-23.080996],[149.964649,-23.078344],[149.93567,-23.06422],[149.925217,-23.055259],[149.932408,-23.035964],[149.927271,-23.024166],[149.933171,-23.013746],[149.920502,-23.006785],[149.910211,-23.008126],[149.902251,-22.997046],[149.891032,-22.995976],[149.877832,-22.988136],[149.866282,-22.994056],[149.850642,-22.986797],[149.846622,-22.998437],[149.833882,-22.996797],[149.826492,-22.981597],[149.802532,-22.992307],[149.778463,-23.014497],[149.744843,-23.019737],[149.731223,-23.025897],[149.719603,-23.041537],[149.719493,-23.060742],[149.672626,-23.082061],[149.636915,-23.074261],[149.621895,-23.084759],[149.617037,-23.093423],[149.502879,-23.124087],[149.481568,-23.113155],[149.480475,-23.098972],[149.490555,-23.095824],[149.491892,-23.084097],[149.485786,-23.057813],[149.442494,-23.033423],[149.42915,-23.020364],[149.427861,-23.005262],[149.416215,-22.999399],[149.411298,-22.988103],[149.421529,-22.961987],[149.414914,-22.91801],[149.401138,-22.896322],[149.382735,-22.895325],[149.367615,-22.877834],[149.346716,-22.878761],[149.329556,-22.875714],[149.328987,-22.89735],[149.314709,-22.904784],[149.301817,-22.928257],[149.287868,-22.938071],[149.285372,-22.958352],[149.250483,-22.974464],[149.240807,-22.972953],[149.234149,-22.982527],[149.229082,-23.002999],[149.214422,-23.022698],[149.202604,-23.046849],[149.192807,-23.050537],[149.179074,-23.048273],[149.147294,-23.058683],[149.125102,-23.062709],[149.111424,-23.056046],[149.081592,-23.061475],[149.0545,-23.058417],[149.039604,-23.061738],[149.025361,-23.081416],[148.977966,-23.093157],[148.97158,-23.106768],[148.97722,-23.113087],[148.973236,-23.124038],[148.990547,-23.129709],[148.987109,-23.142809],[149.005738,-23.15022],[149.006485,-23.166331],[148.997986,-23.174236],[148.98544,-23.194509],[148.967848,-23.195813],[148.947262,-23.21789],[148.952595,-23.224652],[148.947205,-23.242221],[148.927227,-23.244349],[148.921254,-23.251523],[148.925088,-23.261956],[148.909598,-23.264566],[148.886918,-23.255945],[148.880456,-23.247974],[148.855769,-23.265929],[148.852647,-23.281698],[148.84566,-23.2906],[148.856416,-23.309963],[148.867048,-23.315448],[148.869953,-23.32656],[148.868587,-23.351642],[148.851148,-23.368026],[148.824323,-23.379128],[148.817214,-23.371193],[148.799646,-23.362369],[148.796833,-23.352398],[148.777653,-23.352668],[148.77641,-23.372193],[148.764571,-23.380672],[148.747531,-23.37911],[148.736709,-23.348453],[148.711838,-23.353753],[148.704689,-23.364297],[148.711363,-23.387594],[148.695249,-23.401828],[148.680399,-23.406066],[148.674954,-23.42469],[148.704675,-23.431413],[148.699681,-23.440988],[148.678514,-23.449371],[148.654241,-23.476079],[148.633973,-23.478616],[148.634147,-23.509707],[148.618668,-23.535828],[148.592378,-23.543155],[148.57783,-23.532457],[148.569267,-23.552874],[148.537486,-23.555964],[148.525498,-23.550323],[148.522676,-23.505379],[148.572936,-23.469349],[148.550304,-23.407284],[148.570388,-23.379695],[148.550276,-23.347229],[148.502448,-23.330441],[148.511934,-23.289072],[148.582211,-23.234164],[148.565081,-23.222276],[148.624114,-23.149483],[148.578928,-23.117772],[148.562155,-23.116055],[148.585139,-23.076009],[148.584836,-23.070544],[148.603569,-22.999462],[148.585171,-22.999113],[148.561538,-22.998657],[148.57252,-22.969438],[148.554187,-22.974479],[148.550302,-22.957235],[148.542686,-22.950795],[148.552636,-22.942195],[148.541127,-22.919718],[148.541899,-22.877303],[148.458237,-22.867753],[148.324751,-22.949829],[148.297722,-22.909496],[148.279797,-22.885739],[148.27661,-22.873844],[148.290148,-22.866935],[148.296629,-22.854645],[148.329712,-22.826973],[148.331633,-22.817241],[148.345352,-22.807286],[148.352854,-22.808912],[148.368287,-22.794957],[148.373922,-22.767502],[148.370675,-22.765725],[148.343011,-22.725732],[148.32985,-22.724914],[148.297807,-22.732239],[148.280993,-22.730122],[148.263391,-22.738935],[148.238785,-22.739685],[148.234736,-22.772183],[148.230347,-22.777506],[148.212514,-22.782072],[148.19584,-22.781126],[148.184026,-22.789166],[148.148841,-22.779533],[148.14254,-22.764804],[148.132147,-22.768739],[148.109514,-22.766599],[148.087103,-22.751387],[148.063937,-22.739495],[148.060759,-22.709873],[148.050534,-22.699222],[148.022936,-22.693102],[148.009675,-22.660182],[147.99369,-22.677014],[147.993769,-22.693531],[147.984757,-22.70469],[147.975888,-22.701857],[147.955322,-22.706716],[147.928745,-22.718856],[147.919614,-22.717394],[147.907405,-22.749165],[147.895114,-22.761733],[147.876535,-22.764766],[147.844495,-22.78507],[147.820954,-22.782927],[147.794069,-22.800503],[147.784139,-22.819204],[147.773247,-22.826673],[147.756222,-22.854843],[147.737358,-22.861511],[147.702627,-22.886115],[147.69977,-22.908772],[147.662237,-22.914873],[147.661686,-22.920591],[147.640496,-22.926223],[147.626125,-22.918959],[147.619219,-22.906575],[147.617631,-22.89372],[147.598908,-22.90895],[147.596864,-22.923426],[147.58792,-22.922221],[147.582373,-22.962449],[147.568241,-22.961692],[147.555036,-22.977293],[147.553108,-23.009011],[147.50429,-22.985964],[147.497045,-23.000881],[147.519762,-23.028142],[147.506366,-23.030419],[147.498497,-23.039308],[147.484001,-23.046347],[147.486973,-23.078755],[147.476561,-23.092949],[147.464149,-23.092223],[147.446895,-23.107122],[147.441575,-23.119549],[147.42843,-23.129117],[147.411592,-23.134398],[147.394779,-23.147322],[147.383367,-23.16536],[147.371093,-23.17578],[147.351258,-23.186534],[147.339918,-23.182564],[147.315009,-23.193149],[147.277843,-23.196115],[147.269586,-23.206854],[147.260559,-23.209974],[147.260676,-23.244019],[147.270374,-23.25594],[147.271377,-23.267638],[147.287288,-23.278636],[147.278358,-23.29447],[147.279112,-23.302727],[147.290057,-23.313957],[147.293292,-23.323829],[147.283115,-23.331396],[147.286615,-23.351236],[147.265016,-23.384165],[147.264544,-23.413066],[147.259839,-23.43807],[147.250642,-23.447251],[147.251142,-23.45896],[147.260362,-23.469494],[147.273294,-23.469267],[147.280316,-23.484984],[147.282114,-23.500569],[147.278297,-23.513459],[147.283772,-23.524784],[147.274621,-23.535167],[147.2344,-23.551871],[147.221399,-23.550461],[147.21837,-23.57016],[147.212164,-23.576067],[147.220467,-23.588366],[147.218235,-23.59567],[147.199904,-23.606229],[147.203296,-23.631319],[147.211324,-23.636607],[147.20057,-23.654615],[147.20953,-23.675934],[147.195719,-23.6845],[147.197611,-23.708672],[147.193689,-23.718214],[147.200708,-23.727129],[147.195132,-23.745572],[147.200177,-23.754928],[147.199777,-23.773309],[147.229553,-23.787489],[147.230148,-23.797974],[147.237201,-23.810399],[147.22769,-23.832112],[147.236497,-23.847964],[147.238932,-23.862297],[147.233507,-23.881347],[147.241147,-23.9032],[147.234311,-23.912074],[147.215018,-23.924264],[147.203283,-23.93982],[147.180954,-23.941598],[147.168985,-23.955351],[147.163928,-23.975614],[147.173364,-23.978058],[147.183679,-24.006618],[147.179174,-24.019096],[147.18663,-24.036053],[147.176102,-24.050369],[147.174172,-24.060048],[147.18275,-24.073443],[147.183316,-24.085741],[147.15635,-24.09253],[147.141514,-24.085622],[147.121788,-24.094461],[147.110288,-24.093341],[147.089536,-24.104416],[147.073689,-24.117696],[147.05046,-24.118549],[147.037413,-24.125697],[147.028548,-24.140537],[146.989859,-24.161312],[146.973663,-24.160118],[146.957122,-24.16999],[146.949734,-24.18836],[146.953418,-24.206858],[146.940287,-24.219268],[146.943701,-24.229177],[146.928097,-24.253624],[146.926852,-24.278986],[146.935123,-24.290589],[146.923093,-24.29469],[146.913001,-24.31269],[146.899735,-24.328556],[146.88475,-24.330746],[146.873699,-24.337689],[146.874662,-24.347985],[146.864237,-24.368793],[146.847672,-24.368715],[146.814357,-24.376709],[146.812185,-24.394305],[146.805026,-24.405198],[146.790866,-24.409955],[146.778052,-24.404992],[146.759519,-24.403674],[146.74717,-24.406922],[146.729701,-24.418552],[146.721313,-24.39688],[146.721926,-24.384701],[146.712721,-24.377528],[146.690512,-24.374888],[146.679657,-24.388242],[146.669372,-24.390463],[146.663448,-24.401214],[146.641718,-24.39916],[146.627134,-24.403218],[146.61781,-24.411821],[146.595864,-24.417187],[146.581126,-24.411553],[146.573966,-24.416709],[146.589085,-24.432009],[146.589662,-24.443562],[146.596051,-24.453012],[146.611238,-24.458387],[146.620081,-24.467147],[146.626085,-24.49376],[146.639924,-24.500211],[146.648209,-24.518063],[146.645882,-24.523343],[146.664048,-24.54805],[146.667476,-24.562208],[146.680792,-24.578937],[146.666809,-24.590814],[146.682175,-24.600126],[146.682499,-24.605848],[146.699274,-24.615734],[146.713536,-24.618884],[146.721442,-24.626028],[146.737509,-24.627758],[146.740507,-24.65034],[146.750486,-24.652368],[146.75791,-24.663359],[146.774156,-24.662766],[146.779787,-24.636176],[146.787417,-24.62629],[146.800113,-24.620586],[146.807024,-24.637142],[146.819052,-24.626023],[146.833941,-24.624339],[146.848677,-24.608736],[146.856982,-24.593744],[146.868483,-24.593368],[146.883106,-24.600802],[146.894756,-24.628826],[146.899302,-24.646346],[146.908935,-24.647888],[146.912528,-24.658513],[146.934754,-24.677537],[146.942012,-24.704363],[146.920875,-24.716637],[146.909466,-24.74383],[146.900543,-24.745328],[146.893944,-24.758234],[146.882273,-24.762487],[146.880282,-24.773406],[146.889122,-24.778912],[146.903382,-24.805192],[147.001883,-24.809328],[147.091547,-24.814128],[147.089424,-24.846467],[147.138836,-24.848994],[147.136624,-24.882882],[147.290593,-24.894532],[147.297574,-24.883012],[147.308683,-24.882558],[147.322085,-24.87119],[147.341116,-24.871829],[147.349652,-24.876141],[147.369188,-24.877165],[147.380706,-24.871307],[147.419719,-24.88137],[147.476435,-24.878219],[147.485925,-24.875806],[147.49628,-24.849419],[147.505086,-24.841111],[147.505664,-24.825257],[147.520939,-24.829447],[147.543749,-24.81937],[147.558219,-24.818967],[147.566163,-24.829848],[147.576793,-24.833525],[147.587065,-24.828069],[147.611467,-24.807107],[147.634397,-24.803417],[147.642127,-24.797774],[147.644387,-24.774714],[147.66884,-24.769896],[147.681902,-24.772074],[147.69005,-24.763101],[147.712052,-24.751736],[147.733282,-24.731673],[147.762347,-24.729086],[147.775095,-24.739011],[147.784249,-24.734415],[147.821369,-24.735648],[147.828371,-24.749721],[147.848125,-24.766079],[147.852788,-24.781262],[147.889132,-24.798736],[147.900084,-24.807224],[147.903776,-24.816302],[147.915253,-24.822824],[147.915622,-24.842755],[147.939056,-24.859309],[147.952765,-24.881346],[147.973222,-24.881534],[147.995082,-24.899475],[148.013503,-24.898707],[148.029651,-24.911364],[148.044644,-24.909362],[148.057673,-24.915533],[148.066023,-24.935653],[148.075298,-24.943078],[148.073043,-24.956188],[148.075886,-24.976045],[148.085083,-25.002144],[148.098979,-25.018357],[148.116388,-25.02281],[148.121614,-25.042014],[148.134456,-25.043304],[148.145176,-25.061298],[148.150139,-25.061389],[148.160584,-25.084169],[148.175078,-25.084523],[148.181264,-25.07952],[148.213308,-25.08643],[148.234682,-25.100669],[148.236228,-25.114301],[148.261051,-25.135671],[148.27605,-25.153144],[148.294549,-25.1661],[148.292904,-25.181889],[148.306379,-25.204066],[148.305572,-25.212303],[148.326226,-25.210295],[148.34773,-25.220138],[148.352036,-25.229107],[148.376371,-25.234822],[148.380386,-25.241719],[148.400128,-25.246001],[148.409583,-25.259148],[148.420843,-25.250882],[148.453218,-25.254457],[148.476272,-25.245362],[148.502911,-25.246491],[148.518532,-25.243475],[148.538315,-25.24569],[148.554345,-25.254106],[148.566588,-25.24953],[148.592818,-25.26283],[148.600075,-25.272868],[148.643114,-25.284136],[148.653065,-25.298329],[148.666599,-25.310976],[148.679855,-25.295357],[148.682278,-25.283279],[148.699852,-25.284574],[148.708365,-25.277527],[148.727484,-25.287947],[148.74525,-25.279734],[148.759154,-25.310734],[148.747048,-25.318666],[148.726672,-25.342565],[148.718974,-25.386964],[148.725886,-25.400862],[148.744135,-25.413272],[148.761774,-25.417387],[148.775942,-25.434953],[148.79808,-25.445424],[148.810919,-25.441037],[148.814899,-25.452006],[148.833436,-25.459963],[148.863728,-25.46478],[148.876847,-25.469783],[148.90043,-25.472469],[148.919056,-25.467506],[148.938047,-25.458588],[149.024318,-25.559799],[148.983717,-25.588673],[148.994982,-25.601044],[149.019693,-25.604013],[149.027865,-25.620187],[149.038265,-25.631533],[149.047453,-25.623382],[149.060299,-25.632182],[149.050497,-25.638531],[149.049901,-25.648835],[149.059655,-25.652623],[149.053383,-25.665666],[149.040483,-25.675832],[149.031884,-25.672849],[149.016196,-25.682242],[149.008598,-25.695076],[148.996296,-25.697735],[148.973513,-25.713302],[148.957567,-25.693105],[148.942382,-25.685517],[148.928704,-25.708197],[148.92186,-25.725384],[148.924079,-25.740139],[148.90072,-25.760089],[148.911223,-25.767597],[148.94469,-25.770998],[148.961161,-25.789761],[148.977436,-25.787133],[149.012135,-25.776826],[149.02135,-25.770085],[149.031609,-25.77551],[149.025279,-25.798982],[149.043739,-25.8218],[149.068032,-25.842485],[149.075631,-25.842944],[149.084498,-25.853487],[149.104513,-25.866319],[149.110591,-25.876186],[149.093618,-25.895215],[149.091086,-25.906677],[149.079935,-25.924558],[149.085523,-25.941109],[149.124564,-25.951124],[149.138019,-25.945806],[149.22596,-25.957228],[149.3028,-25.966084],[149.327807,-25.92525],[149.342262,-25.920837],[149.363258,-25.904752],[149.365015,-25.898102],[149.382728,-25.888896],[149.398148,-25.876256],[149.401643,-25.882506],[149.483531,-25.891873],[149.476835,-25.933506],[149.575487,-25.944165],[149.584433,-25.886328],[149.649194,-25.894488],[149.681889,-25.872281],[149.736105,-25.849599],[149.767274,-25.904813],[149.783034,-25.890701],[149.766316,-25.859459],[149.770882,-25.852357],[149.787085,-25.857877],[149.797982,-25.848834],[149.813292,-25.852539],[149.822804,-25.849289],[149.823579,-25.828294],[149.838505,-25.837059],[149.850809,-25.837479],[149.882488,-25.829441],[149.906387,-25.817171],[149.927651,-25.832033],[149.931975,-25.839416],[149.95037,-25.839685],[149.961425,-25.850654],[149.990059,-25.847095],[150.013432,-25.857475],[150.021739,-25.865207],[150.030907,-25.836421],[150.051829,-25.837825],[150.055946,-25.81313],[150.085198,-25.812072],[150.09695,-25.794654],[150.104469,-25.795509],[150.114818,-25.810922],[150.141622,-25.822944],[150.159005,-25.819161],[150.18076,-25.805691],[150.174418,-25.780444],[150.236742,-25.788791],[150.257854,-25.788433],[150.279111,-25.796265],[150.28193,-25.778848],[150.295095,-25.780245],[150.336669,-25.790407],[150.341134,-25.814928],[150.361141,-25.818391],[150.388757,-25.814523],[150.386739,-25.80581],[150.404484,-25.790466],[150.417908,-25.789101],[150.426022,-25.773976],[150.42959,-25.737068],[150.434148,-25.733632],[150.422019,-25.694231],[150.418493,-25.67516],[150.436464,-25.661415],[150.442553,-25.621755],[150.436743,-25.606392],[150.446097,-25.598841],[150.484028,-25.60619],[150.495408,-25.628432],[150.50416,-25.63594],[150.524548,-25.644978],[150.537597,-25.641505],[150.57042,-25.638485],[150.58512,-25.643812],[150.591014,-25.652642],[150.654161,-25.659782],[150.655598,-25.672033],[150.663587,-25.68464],[150.646661,-25.705599],[150.643073,-25.715981],[150.649808,-25.726643],[150.664613,-25.733239],[150.660423,-25.773318],[150.650464,-25.774524],[150.644419,-25.785264],[150.657653,-25.800906],[150.659397,-25.814732],[150.67117,-25.821439],[150.697017,-25.850809],[150.693544,-25.871996],[150.680602,-25.882853],[150.678524,-25.891504],[150.684554,-25.90198],[150.684773,-25.914505],[150.679619,-25.92866],[150.669187,-25.942882],[150.674705,-25.963125],[150.672548,-25.969765],[150.701622,-25.974081],[150.714149,-25.984854],[150.72529,-25.980871],[150.763333,-25.98145],[150.773554,-25.998309],[150.775761,-26.012212],[150.78598,-26.018657],[150.780915,-26.028494],[150.789811,-26.048923],[150.849566,-26.056405],[150.903927,-26.019397],[150.905964,-26.008324],[150.920428,-26.005017],[150.933085,-26.013221],[150.949807,-26.010038],[150.96216,-26.013861],[150.983982,-26.007806],[150.993893,-26.031208],[151.003024,-26.04327],[151.009113,-26.068061],[151.015886,-26.07722],[151.040198,-26.087752],[151.067346,-26.0854],[151.073864,-26.095345],[151.097814,-26.110762],[151.126275,-26.114524],[151.134437,-26.105301],[151.149868,-26.105434],[151.159527,-26.120812],[151.156537,-26.133744],[151.161997,-26.149537],[151.150042,-26.159662],[151.13928,-26.159197],[151.125689,-26.151452],[151.115863,-26.140878],[151.098696,-26.149895],[151.099823,-26.160292],[151.076422,-26.161856],[151.073262,-26.172779],[151.02286,-26.19499],[151.013243,-26.191929],[151.016714,-26.256222],[151.065901,-26.254601],[151.135653,-26.263126],[151.133333,-26.272512],[151.114728,-26.379598],[151.076653,-26.462794],[151.207725,-26.478767],[151.200421,-26.460622],[151.200782,-26.449264],[151.284892,-26.393278],[151.306596,-26.403988],[151.319517,-26.399944],[151.333441,-26.405346],[151.365461,-26.400957],[151.390164,-26.383228],[151.427375,-26.433828],[151.441376,-26.422229],[151.483858,-26.393493],[151.484065,-26.382817],[151.507509,-26.375876],[151.529666,-26.382224],[151.537849,-26.376519],[151.671495,-26.394187],[151.678422,-26.403054],[151.689134,-26.395779],[151.699503,-26.39734],[151.717181,-26.389136],[151.719493,-26.374012],[151.768169,-26.380314],[151.766939,-26.388021],[151.783287,-26.390141],[151.785529,-26.375273],[151.830478,-26.381047],[151.824243,-26.392736],[151.829004,-26.400354],[151.855269,-26.40113],[151.87052,-26.390943],[151.891556,-26.390819],[151.902167,-26.402367],[151.922648,-26.417634],[151.963203,-26.422662],[151.972949,-26.431256],[151.995889,-26.432648],[152.017899,-26.419201],[152.036555,-26.39955],[152.024788,-26.388057],[152.011059,-26.385124],[152.011798,-26.375274],[152.001176,-26.363489],[152.008945,-26.349807],[151.976569,-26.34617],[151.981362,-26.313347],[151.887749,-26.302294],[151.898704,-26.292026],[151.90072,-26.27996],[151.91769,-26.273954],[151.907515,-26.260096],[151.893311,-26.258234],[151.894463,-26.237798],[151.884838,-26.220517],[151.872218,-26.210447],[151.879868,-26.200527],[151.869118,-26.194747],[151.851089,-26.198447],[151.848449,-26.203637],[151.829549,-26.203487],[151.824158,-26.177689],[151.809869,-26.167207],[151.797959,-26.176107],[151.786219,-26.167727],[151.7584,-26.139207],[151.74563,-26.143588],[151.74407,-26.122128],[151.72369,-26.118918],[151.72536,-26.104468],[151.72065,-26.092598],[151.734661,-26.067384],[151.726321,-26.063467],[151.722655,-26.047354],[151.741932,-26.042285],[151.752566,-26.034705],[151.742071,-26.02045],[151.747883,-25.995871],[151.748131,-25.962301],[151.756208,-25.952814],[151.762977,-25.933098],[151.779773,-25.918549],[151.77645,-25.906423],[151.780763,-25.896673],[151.774274,-25.885075],[151.772839,-25.852184],[151.764944,-25.82768],[151.774541,-25.814303],[151.765987,-25.811131],[151.762195,-25.799748],[151.76842,-25.787998],[151.780541,-25.786844],[151.778267,-25.774487],[151.789831,-25.77171],[151.789786,-25.760914],[151.800312,-25.757007],[151.810575,-25.763555],[151.813737,-25.780079],[151.829022,-25.794416],[151.853211,-25.806568],[151.863018,-25.805697],[151.892811,-25.848651],[151.892421,-25.858635],[151.901243,-25.869509],[151.912883,-25.872474],[151.928602,-25.867609],[151.937907,-25.856158],[151.948406,-25.850825],[151.959502,-25.83317],[151.978909,-25.8137],[151.986207,-25.801285],[151.986326,-25.778887],[151.997389,-25.771044],[151.995299,-25.736844],[151.980272,-25.732958],[151.982369,-25.714891],[151.996997,-25.711224],[152.003286,-25.717589],[152.015502,-25.703861],[152.017406,-25.680358],[152.010987,-25.667617],[152.027238,-25.64931],[152.038053,-25.642759],[152.041155,-25.619681],[152.07317,-25.624364],[152.080261,-25.63101],[152.092612,-25.632195],[152.112134,-25.62701],[152.115812,-25.615454],[152.111252,-25.59843],[152.124061,-25.595915],[152.129338,-25.587721],[152.151829,-25.584177],[152.164418,-25.574584],[152.165411,-25.547505],[152.179166,-25.529428],[152.193459,-25.519325],[152.215758,-25.520186],[152.214937,-25.512918],[152.24629,-25.516507],[152.251173,-25.521076],[152.26976,-25.521904],[152.268637,-25.5035],[152.27339,-25.483131],[152.262079,-25.47656],[152.260376,-25.461914],[152.273093,-25.432342],[152.27154,-25.419186],[152.253485,-25.402966],[152.233737,-25.401213],[152.216721,-25.391081],[152.199077,-25.395714],[152.169257,-25.366076],[152.17308,-25.360334],[152.167045,-25.336592],[152.151401,-25.337725],[152.132877,-25.334584],[152.124188,-25.32733],[152.106041,-25.328066],[152.090606,-25.313338],[152.075865,-25.321897],[152.059262,-25.308325],[152.048529,-25.287816],[152.025245,-25.273542],[152.012554,-25.274073],[152.006375,-25.248895],[152.01166,-25.237236],[152.011938,-25.219118],[152.004595,-25.198058],[151.990953,-25.171858],[151.982125,-25.133269],[151.995136,-25.083818],[152.004062,-25.073874],[152.029016,-25.087791],[152.043705,-25.084247],[152.027031,-25.065394],[152.027389,-25.06078],[152.058436,-25.038644],[152.072093,-25.037045],[152.087391,-25.056153],[152.101789,-25.045909],[152.108631,-25.026496],[152.092808,-24.996335],[152.089369,-24.974872],[152.106997,-24.96686],[152.142289,-24.967046],[152.156489,-24.978377],[152.167676,-24.994735],[152.179002,-24.992928],[152.177402,-24.977092],[152.196971,-24.972131],[152.193783,-24.957445],[152.1821,-24.952671],[152.187305,-24.939535],[152.207912,-24.940403],[152.221651,-24.946151],[152.248525,-24.944357],[152.256223,-24.938709],[152.253118,-24.929132],[152.238398,-24.917802],[152.233655,-24.908748],[152.240159,-24.890983],[152.257679,-24.887614],[152.273934,-24.896354],[152.283479,-24.89698],[152.294274,-24.872531],[152.317401,-24.858767],[152.315728,-24.845941],[152.341909,-24.843661],[152.344448,-24.831136],[152.37127,-24.832667],[152.361749,-24.816556],[152.359354,-24.804104],[152.364968,-24.798306],[152.378068,-24.800663],[152.382998,-24.790996],[152.38111,-24.773377],[152.38217,-24.763004],[152.399561,-24.748098],[152.819303,-24.747662],[153.171305,-24.747295],[153.212125,-24.715944],[153.249611,-24.69767],[153.264621,-24.697089]]]},"bbox":[146.573966,-26.478767,153.264621,-22.660182]},
{"properties":{"electorateShortName":"forde","electorateName":"Forde","area":417.687441,"state":"QLD"},"type":"Feature","geometry":{"type":"Polygon","coordinates":[[[153.292184,-27.903982],[153.285617,-27.896617],[153.296,-27.885739],[153.314623,-27.876927],[153.312451,-27.865686],[153.299156,-27.827599],[153.267887,-27.808414],[153.252497,-27.779661],[153.247923,-27.764123],[153.239354,-27.756074],[153.220885,-27.726323],[153.226476,-27.715363],[153.243282,-27.698319],[153.256511,-27.691889],[153.273455,-27.697999],[153.286842,-27.693992],[153.280976,-27.683177],[153.279926,-27.658455],[153.26292,-27.656074],[153.254954,-27.649582],[153.238942,-27.649332],[153.187473,-27.640744],[153.173817,-27.634432],[153.163214,-27.639792],[153.163543,-27.654838],[153.155392,-27.667041],[153.1383,-27.66538],[153.125298,-27.668146],[153.121548,-27.677134],[153.107597,-27.685545],[153.099301,-27.700167],[153.077668,-27.694063],[153.031658,-27.686601],[153.016596,-27.678932],[153.006149,-27.686779],[153.002367,-27.707205],[152.987116,-27.720468],[153.030239,-27.725726],[153.025355,-27.752565],[153.0126,-27.777425],[153.018153,-27.788382],[153.02955,-27.778236],[153.035463,-27.761783],[153.043787,-27.774472],[153.051914,-27.768059],[153.057844,-27.752946],[153.075651,-27.766723],[153.08568,-27.770095],[153.119709,-27.743978],[153.138328,-27.752629],[153.1389,-27.763586],[153.158532,-27.76934],[153.155757,-27.786607],[153.162763,-27.787652],[153.159667,-27.804962],[153.175742,-27.808042],[153.183308,-27.820082],[153.172902,-27.834416],[153.180507,-27.840872],[153.181072,-27.85393],[153.18894,-27.855104],[153.186268,-27.88124],[153.180683,-27.895079],[153.212092,-27.900125],[153.244033,-27.897263],[153.267795,-27.919121],[153.292184,-27.903982]]]},"bbox":[152.987116,-27.919121,153.314623,-27.634432]},
{"properties":{"electorateShortName":"griffith","electorateName":"Griffith","area":53.912333,"state":"QLD"},"type":"Feature","geometry":{"type":"Polygon","coordinates":[[[153.055774,-27.525627],[153.071656,-27.529366],[153.083738,-27.521747],[153.094751,-27.53073],[153.101867,-27.491458],[153.095588,-27.481659],[153.099932,-27.445258],[153.080142,-27.446423],[153.062773,-27.441445],[153.048416,-27.444306],[153.054538,-27.472002],[153.026922,-27.479797],[153.015912,-27.468639],[153.006586,-27.473604],[153.003037,-27.476914],[152.998404,-27.490956],[153.016333,-27.492451],[153.021748,-27.500406],[153.039557,-27.501745],[153.041764,-27.51382],[153.055774,-27.525627]]]},"bbox":[152.998404,-27.53073,153.101867,-27.441445]},
{"properties":{"electorateShortName":"groom","electorateName":"Groom","area":5585.819013,"state":"QLD"},"type":"Feature","geometry":{"type":"Polygon","coordinates":[[[152.148272,-27.862854],[152.151635,-27.834216],[152.139585,-27.821262],[152.140029,-27.807292],[152.147384,-27.799067],[152.139359,-27.779706],[152.131541,-27.771666],[152.101253,-27.765203],[152.104764,-27.745642],[152.096454,-27.744469],[152.086637,-27.757258],[152.07399,-27.731172],[152.048812,-27.718189],[152.031828,-27.716262],[152.034048,-27.702933],[152.010483,-27.699779],[151.992031,-27.673378],[151.985241,-27.64869],[151.971927,-27.644311],[151.956116,-27.649607],[151.942079,-27.632077],[151.948144,-27.617572],[151.978014,-27.621227],[151.974244,-27.609262],[151.989393,-27.608061],[151.99489,-27.599562],[152.000524,-27.55692],[151.988238,-27.535978],[151.998367,-27.525833],[151.955189,-27.514264],[151.967905,-27.503047],[151.963701,-27.480417],[151.966858,-27.473577],[151.991597,-27.460284],[152.003934,-27.462002],[152.006251,-27.44693],[152.019457,-27.44871],[152.029058,-27.416256],[152.038499,-27.409741],[152.054796,-27.412586],[152.056657,-27.402324],[152.070838,-27.402759],[152.073671,-27.384886],[152.079533,-27.381094],[152.068669,-27.358184],[152.070788,-27.345018],[152.062329,-27.32839],[152.036431,-27.297562],[152.028276,-27.300951],[152.022039,-27.312416],[152.001932,-27.319024],[152.000068,-27.33299],[151.992904,-27.334223],[151.989037,-27.355141],[151.962482,-27.367044],[151.945522,-27.350946],[151.944931,-27.320815],[151.917937,-27.321033],[151.915407,-27.316282],[151.932792,-27.276023],[151.951814,-27.271393],[151.958045,-27.240978],[151.94389,-27.247857],[151.9353,-27.24695],[151.922472,-27.255063],[151.905626,-27.24582],[151.891728,-27.228763],[151.881714,-27.223721],[151.873394,-27.19531],[151.861845,-27.190536],[151.861711,-27.180245],[151.852695,-27.168106],[151.813489,-27.154896],[151.792632,-27.132693],[151.792247,-27.108284],[151.773565,-27.082272],[151.761824,-27.074402],[151.762304,-27.05084],[151.779856,-27.025672],[151.768303,-27.017921],[151.772878,-26.989885],[151.758822,-26.983484],[151.753744,-26.973725],[151.716607,-26.968889],[151.69397,-26.969204],[151.681396,-26.981195],[151.6711,-26.98201],[151.664422,-26.99004],[151.638287,-26.996773],[151.627521,-27.002613],[151.623086,-27.03013],[151.600858,-27.030506],[151.59674,-27.058012],[151.58118,-27.055961],[151.576154,-27.087776],[151.576371,-27.09983],[151.568505,-27.124785],[151.556053,-27.12312],[151.546229,-27.115295],[151.525483,-27.125519],[151.49677,-27.121952],[151.481231,-27.124368],[151.483027,-27.113216],[151.464934,-27.110822],[151.469702,-27.136181],[151.458041,-27.145909],[151.450389,-27.201142],[151.460382,-27.202634],[151.453694,-27.241573],[151.456788,-27.242104],[151.450784,-27.278638],[151.33763,-27.207551],[151.317652,-27.33141],[151.311716,-27.33623],[151.308622,-27.413824],[151.192732,-27.398747],[151.197416,-27.384022],[151.177774,-27.381609],[151.165789,-27.383608],[151.112741,-27.377044],[151.087625,-27.376222],[151.076586,-27.451121],[151.077486,-27.481163],[151.08169,-27.493381],[151.201819,-27.510589],[151.204617,-27.493607],[151.221848,-27.486475],[151.230082,-27.509202],[151.26605,-27.530075],[151.259747,-27.540566],[151.274526,-27.566073],[151.286558,-27.578436],[151.296947,-27.601269],[151.310429,-27.603411],[151.320833,-27.61365],[151.327465,-27.629251],[151.323111,-27.641956],[151.333396,-27.669564],[151.350404,-27.670446],[151.362768,-27.694373],[151.361344,-27.709305],[151.379611,-27.719969],[151.384569,-27.735852],[151.405193,-27.742525],[151.404509,-27.750379],[151.416915,-27.76606],[151.416556,-27.778568],[151.433397,-27.791676],[151.45715,-27.800613],[151.461527,-27.790559],[151.473438,-27.796217],[151.510663,-27.825269],[151.519448,-27.825519],[151.524262,-27.836289],[151.557337,-27.851469],[151.568591,-27.851829],[151.579891,-27.859109],[151.573479,-27.903493],[151.602142,-27.907245],[151.623829,-27.906668],[151.652166,-27.887388],[151.65957,-27.858542],[151.682587,-27.845047],[151.693594,-27.84985],[151.711682,-27.842889],[151.728385,-27.826953],[151.760196,-27.822867],[151.826588,-27.832157],[151.83248,-27.842653],[151.8662,-27.832223],[151.894547,-27.848601],[151.909055,-27.845068],[151.941678,-27.849462],[151.965443,-27.845122],[151.977704,-27.850626],[151.983865,-27.83585],[151.99902,-27.840218],[152.013697,-27.834761],[152.023957,-27.844847],[152.041512,-27.850364],[152.0472,-27.857231],[152.071888,-27.860228],[152.073749,-27.849809],[152.133075,-27.858233],[152.148272,-27.862854]]]},"bbox":[151.076586,-27.907245,152.151635,-26.968889]},
{"properties":{"electorateShortName":"herbert","electorateName":"Herbert","area":943.701716,"state":"QLD"},"type":"Feature","geometry":{"type":"Polygon","coordinates":[[[149.325557,-19.298439],[149.097628,-19.214047],[149.030584,-19.200603],[149.019101,-19.192393],[148.966427,-19.182911],[148.96308,-19.179557],[148.923305,-19.115125],[148.91591,-19.106576],[148.700877,-19.071529],[148.435854,-18.980579],[148.420803,-18.969763],[148.379778,-18.950435],[148.345125,-18.928127],[148.163831,-18.850971],[148.117469,-18.835125],[148.066351,-18.837661],[148.030891,-18.813985],[147.984005,-18.794765],[147.95466,-18.765048],[147.949909,-18.751814],[147.928792,-18.741812],[147.869915,-18.694894],[147.854034,-18.689229],[147.724735,-18.654575],[147.615122,-18.609304],[147.599399,-18.581784],[147.281279,-18.582022],[147.001096,-18.581787],[147.001095,-18.498454],[146.851143,-18.498637],[146.634491,-18.498801],[146.484849,-18.498739],[146.396973,-18.501504],[146.33591,-18.501345],[146.34152,-18.52622],[146.33617,-18.53129],[146.34494,-18.55416],[146.3413,-18.56817],[146.337642,-18.612157],[146.319278,-18.645407],[146.32932,-18.64346],[146.301843,-18.705106],[146.28898,-18.74779],[146.28744,-18.76223],[146.276724,-18.80579],[146.27639,-18.85458],[146.28911,-18.890641],[146.29852,-18.90227],[146.316014,-18.917036],[146.331029,-18.939695],[146.33456,-18.954206],[146.35493,-18.960764],[146.36374,-18.96725],[146.36893,-18.98189],[146.37873,-18.99577],[146.396268,-18.998504],[146.405258,-19.007574],[146.43643,-19.05246],[146.456628,-19.075064],[146.469458,-19.074644],[146.48149,-19.0868],[146.49961,-19.09859],[146.514364,-19.098853],[146.5289,-19.10995],[146.516133,-19.142499],[146.513882,-19.176641],[146.498892,-19.180115],[146.468773,-19.200005],[146.420443,-19.200935],[146.420854,-19.220668],[146.403588,-19.235251],[146.408619,-19.240344],[146.400447,-19.251468],[146.413146,-19.258392],[146.421933,-19.277731],[146.410433,-19.283394],[146.414269,-19.293061],[146.425521,-19.299903],[146.437007,-19.299428],[146.443812,-19.310167],[146.459617,-19.31903],[146.444332,-19.329656],[146.444654,-19.335735],[146.461751,-19.342374],[146.45918,-19.355153],[146.469852,-19.371804],[146.484612,-19.378189],[146.499148,-19.376551],[146.506077,-19.387815],[146.513991,-19.389227],[146.517751,-19.401992],[146.528837,-19.39458],[146.553709,-19.416314],[146.564167,-19.406522],[146.582004,-19.402494],[146.583572,-19.383463],[146.587724,-19.379216],[146.589912,-19.354755],[146.587676,-19.337758],[146.596195,-19.315833],[146.619442,-19.322896],[146.639475,-19.320303],[146.653655,-19.315251],[146.673737,-19.318356],[146.702107,-19.319262],[146.704327,-19.333416],[146.709958,-19.33823],[146.715199,-19.357531],[146.714061,-19.367515],[146.702381,-19.378857],[146.703168,-19.410263],[146.733266,-19.413073],[146.730237,-19.39344],[146.737294,-19.381186],[146.728822,-19.329729],[146.741957,-19.330952],[146.749937,-19.346849],[146.804303,-19.357299],[146.805946,-19.34159],[146.808384,-19.31899],[146.768495,-19.317784],[146.789185,-19.300194],[146.803046,-19.305005],[146.809948,-19.300658],[146.803622,-19.287775],[146.826166,-19.281424],[146.834547,-19.270282],[146.85216,-19.27615],[146.87533,-19.29936],[146.896415,-19.30567],[146.928431,-19.297928],[146.960511,-19.293305],[146.978881,-19.283182],[147.004933,-19.241384],[147.00802,-19.22555],[147.023003,-19.212683],[147.01753,-19.19148],[147.038645,-19.205509],[147.045049,-19.225392],[147.04331,-19.23187],[147.06064,-19.25735],[147.060017,-19.273025],[147.04466,-19.27841],[147.04105,-19.29405],[147.047326,-19.298722],[147.067506,-19.343022],[147.082312,-19.360119],[147.1084,-19.38051],[147.113942,-19.388493],[147.11145,-19.39804],[147.119438,-19.411172],[147.167765,-19.298449],[147.426822,-19.298856],[148.001086,-19.298446],[149.325557,-19.298439]]]},"bbox":[146.27639,-19.416314,149.325557,-18.498454]},
{"properties":{"electorateShortName":"hinkler","electorateName":"Hinkler","area":3818.461553,"state":"QLD"},"type":"Feature","geometry":{"type":"Polygon","coordinates":[[[152.273093,-25.432342],[152.298613,-25.410233],[152.319957,-25.407976],[152.327752,-25.401749],[152.364258,-25.406171],[152.389752,-25.400716],[152.395735,-25.409031],[152.416121,-25.412754],[152.410968,-25.438373],[152.404295,-25.44301],[152.401014,-25.46491],[152.405511,-25.483303],[152.421987,-25.476112],[152.450228,-25.480766],[152.464365,-25.467713],[152.492847,-25.464471],[152.497553,-25.455667],[152.573972,-25.467412],[152.602675,-25.481144],[152.613819,-25.480326],[152.627476,-25.473294],[152.638943,-25.46073],[152.650137,-25.467095],[152.672727,-25.467953],[152.684247,-25.474088],[152.702776,-25.471412],[152.726347,-25.473973],[152.741707,-25.469153],[152.751773,-25.501069],[152.764228,-25.509739],[152.77349,-25.510504],[152.787014,-25.50417],[152.791579,-25.496191],[152.805881,-25.487352],[152.823736,-25.494003],[152.83661,-25.486142],[152.848902,-25.485972],[152.854298,-25.472753],[152.86587,-25.460501],[152.86885,-25.447048],[152.896387,-25.433779],[152.906341,-25.419618],[152.92243,-25.431514],[152.938394,-25.424003],[153.034165,-25.384709],[153.046385,-25.359734],[153.05005,-25.34258],[153.04786,-25.31468],[153.04198,-25.29815],[153.046135,-25.291607],[153.0397,-25.27404],[153.050075,-25.262659],[153.04424,-25.2381],[153.03739,-25.22392],[153.02593,-25.223076],[153.01704,-25.23034],[152.99793,-25.22855],[152.9906,-25.22394],[152.999518,-25.208491],[153.030724,-25.175517],[153.056929,-25.165237],[153.072756,-25.155583],[153.124827,-25.116297],[153.161351,-25.082543],[153.199759,-25.032335],[153.22341,-24.99022],[153.23322,-24.93945],[153.22932,-24.91878],[153.19706,-24.86752],[153.17464,-24.83856],[153.14483,-24.81764],[153.13117,-24.814263],[153.12048,-24.80628],[153.13055,-24.79291],[153.15536,-24.76913],[153.16444,-24.75558],[153.16997,-24.74997],[153.17086,-24.74852],[153.171304,-24.747295],[152.819303,-24.747662],[152.399561,-24.748098],[152.38217,-24.763004],[152.38111,-24.773377],[152.382998,-24.790996],[152.378068,-24.800663],[152.364968,-24.798306],[152.359354,-24.804104],[152.361749,-24.816556],[152.37127,-24.832667],[152.344448,-24.831136],[152.341909,-24.843661],[152.315728,-24.845941],[152.317401,-24.858767],[152.294274,-24.872531],[152.283479,-24.89698],[152.273934,-24.896354],[152.257679,-24.887614],[152.240159,-24.890983],[152.233655,-24.908748],[152.238398,-24.917802],[152.253118,-24.929132],[152.256223,-24.938709],[152.248525,-24.944357],[152.221651,-24.946151],[152.207912,-24.940403],[152.187305,-24.939535],[152.1821,-24.952671],[152.193783,-24.957445],[152.196971,-24.972131],[152.177402,-24.977092],[152.179002,-24.992928],[152.167676,-24.994735],[152.156489,-24.978377],[152.142289,-24.967046],[152.106997,-24.96686],[152.089369,-24.974872],[152.092808,-24.996335],[152.108631,-25.026496],[152.101789,-25.045909],[152.087391,-25.056153],[152.072093,-25.037045],[152.058436,-25.038644],[152.027389,-25.06078],[152.027031,-25.065394],[152.043705,-25.084247],[152.029016,-25.087791],[152.004062,-25.073874],[151.995136,-25.083818],[151.982125,-25.133269],[151.990953,-25.171858],[152.004595,-25.198058],[152.011938,-25.219118],[152.01166,-25.237236],[152.006375,-25.248895],[152.012554,-25.274073],[152.025245,-25.273542],[152.048529,-25.287816],[152.059262,-25.308325],[152.075865,-25.321897],[152.090606,-25.313338],[152.106041,-25.328066],[152.124188,-25.32733],[152.132877,-25.334584],[152.151401,-25.337725],[152.167045,-25.336592],[152.17308,-25.360334],[152.169257,-25.366076],[152.199077,-25.395714],[152.216721,-25.391081],[152.233737,-25.401213],[152.253485,-25.402966],[152.27154,-25.419186],[152.273093,-25.432342]]]},"bbox":[151.982125,-25.510504,153.23322,-24.747295]},
{"properties":{"electorateShortName":"kennedy","electorateName":"Kennedy","area":567375.198104,"state":"QLD"},"type":"Feature","geometry":{"type":"Polygon","coordinates":[[[147.599399,-18.581784],[147.556966,-18.484249],[147.552284,-18.46091],[147.530668,-18.434918],[147.462564,-18.40471],[147.394812,-18.261489],[147.38289,-18.258163],[147.042177,-18.184452],[146.982749,-18.13448],[146.902188,-18.056428],[146.891387,-18.054431],[146.885598,-18.044],[146.867247,-18.023015],[146.849869,-18.010693],[146.843284,-17.993212],[146.796774,-17.921401],[146.744292,-17.86659],[146.680394,-17.769167],[146.682836,-17.760891],[146.720017,-17.67761],[146.718796,-17.66873],[146.684261,-17.581],[146.559654,-17.436346],[146.550247,-17.422262],[146.556766,-17.410687],[146.564996,-17.382002],[146.562503,-17.362272],[146.554704,-17.361494],[146.540039,-17.344946],[146.539398,-17.320749],[146.555628,-17.305027],[146.547908,-17.280507],[146.547044,-17.266265],[146.540315,-17.25959],[146.545086,-17.207861],[146.55106,-17.193141],[146.541976,-17.177607],[146.514307,-17.097194],[146.473433,-17.048456],[146.473531,-17.03524],[146.52679,-16.993898],[146.525833,-16.990034],[146.484389,-16.970815],[146.453464,-16.941245],[146.448296,-16.928222],[146.397194,-16.870217],[146.356127,-16.855323],[145.927408,-16.865119],[145.90903,-16.8877],[145.884721,-16.906559],[145.86405,-16.9041],[145.863241,-16.890959],[145.853743,-16.87977],[145.839422,-16.87807],[145.825319,-16.889469],[145.820851,-16.900429],[145.810041,-16.90844],[145.792437,-16.911435],[145.783848,-16.92282],[145.780956,-16.936711],[145.767945,-16.960972],[145.776205,-16.974889],[145.771441,-16.985598],[145.733942,-17.003697],[145.727424,-16.99548],[145.706501,-16.998019],[145.704183,-17.020313],[145.689058,-17.031516],[145.689174,-17.045015],[145.667718,-17.03803],[145.659678,-17.029114],[145.634705,-17.018359],[145.630325,-17.004644],[145.639662,-16.985717],[145.651351,-16.977446],[145.649867,-16.956861],[145.633634,-16.944612],[145.617419,-16.936715],[145.599857,-16.938328],[145.604564,-16.923791],[145.601007,-16.915689],[145.579302,-16.923891],[145.568803,-16.912942],[145.557163,-16.908849],[145.546523,-16.892147],[145.549757,-16.882124],[145.531463,-16.858379],[145.534937,-16.843855],[145.521129,-16.838627],[145.51273,-16.821286],[145.530897,-16.817476],[145.542155,-16.80954],[145.549226,-16.793583],[145.538531,-16.77787],[145.515469,-16.759268],[145.504554,-16.740805],[145.512057,-16.725389],[145.538708,-16.706799],[145.514688,-16.690109],[145.518087,-16.673271],[145.513726,-16.664672],[145.52377,-16.646429],[145.522682,-16.623083],[145.501768,-16.64059],[145.487434,-16.641718],[145.458781,-16.648852],[145.447162,-16.643543],[145.449096,-16.599373],[145.439402,-16.570169],[145.431909,-16.569465],[145.433212,-16.551974],[145.40414,-16.512267],[145.385373,-16.510364],[145.376753,-16.519428],[145.372174,-16.532986],[145.354645,-16.556411],[145.34561,-16.547474],[145.336388,-16.54665],[145.307132,-16.531165],[145.2982,-16.538075],[145.286612,-16.522879],[145.271806,-16.509523],[145.269456,-16.490122],[145.258444,-16.484579],[145.265755,-16.471866],[145.244289,-16.457474],[145.240401,-16.445595],[145.228567,-16.44208],[145.225614,-16.431078],[145.20852,-16.416927],[145.180861,-16.429352],[145.184082,-16.440111],[145.178573,-16.450511],[145.162063,-16.454471],[145.152123,-16.464801],[145.142653,-16.454531],[145.135013,-16.460801],[145.119074,-16.460682],[145.108955,-16.454575],[145.095652,-16.437393],[145.084394,-16.432983],[145.081033,-16.412819],[145.061377,-16.400595],[145.045538,-16.415909],[145.027635,-16.446972],[145.025165,-16.461212],[145.013231,-16.485832],[144.998642,-16.503586],[144.962837,-16.506073],[144.938676,-16.512762],[144.924863,-16.502031],[144.917262,-16.512932],[144.923187,-16.534712],[144.919607,-16.542752],[144.899977,-16.543612],[144.890237,-16.554332],[144.891067,-16.563502],[144.88025,-16.575418],[144.85986,-16.574492],[144.856494,-16.590607],[144.846753,-16.596967],[144.823633,-16.578679],[144.80874,-16.575549],[144.789574,-16.583857],[144.774034,-16.581538],[144.771075,-16.561716],[144.760905,-16.563761],[144.73114,-16.577801],[144.705298,-16.57187],[144.683357,-16.578655],[144.668191,-16.578533],[144.663136,-16.592523],[144.667182,-16.609384],[144.665142,-16.619921],[144.648916,-16.625992],[144.641442,-16.637493],[144.641265,-16.660662],[144.63779,-16.674893],[144.63121,-16.680413],[144.61625,-16.666463],[144.61374,-16.644763],[144.6057,-16.631633],[144.598328,-16.611844],[144.58949,-16.609093],[144.573151,-16.624073],[144.563181,-16.613423],[144.540511,-16.611883],[144.527651,-16.603263],[144.503459,-16.600685],[144.495941,-16.596423],[144.485681,-16.579163],[144.484411,-16.557303],[144.478221,-16.540833],[144.465941,-16.535023],[144.453182,-16.535433],[144.443842,-16.526813],[144.445051,-16.516763],[144.436082,-16.505543],[144.426152,-16.503673],[144.386052,-16.513724],[144.370682,-16.493444],[144.340032,-16.490154],[144.333312,-16.474494],[144.319402,-16.468944],[144.300605,-16.466083],[144.287653,-16.473214],[144.268693,-16.474614],[144.249703,-16.479954],[144.238443,-16.460694],[144.223133,-16.456224],[144.212229,-16.458761],[144.195743,-16.480844],[144.179444,-16.485844],[144.161824,-16.497514],[144.152344,-16.496794],[144.139404,-16.488705],[144.127314,-16.494745],[144.109984,-16.488265],[144.091574,-16.486545],[144.082734,-16.470685],[144.055175,-16.459969],[144.050031,-16.450342],[144.053574,-16.434265],[144.043385,-16.416365],[144.035325,-16.394855],[144.0012,-16.381905],[143.978822,-16.376579],[143.969573,-16.364772],[143.935562,-16.360989],[143.924628,-16.362765],[143.911229,-16.373087],[143.898977,-16.373672],[143.890782,-16.380395],[143.863158,-16.383468],[143.848046,-16.374189],[143.814045,-16.399689],[143.803781,-16.425431],[143.797302,-16.432087],[143.764924,-16.450141],[143.764562,-16.468858],[143.758062,-16.476513],[143.729853,-16.473486],[143.717648,-16.480867],[143.711583,-16.502877],[143.696762,-16.508998],[143.6961,-16.531783],[143.679665,-16.53479],[143.666566,-16.524],[143.633733,-16.518233],[143.623043,-16.512021],[143.605225,-16.510145],[143.594359,-16.523205],[143.582958,-16.528822],[143.550301,-16.532877],[143.539619,-16.528078],[143.526693,-16.530425],[143.514411,-16.521676],[143.515753,-16.513775],[143.502288,-16.509219],[143.481601,-16.517518],[143.470721,-16.513108],[143.454025,-16.496914],[143.443075,-16.491237],[143.435665,-16.495634],[143.43523,-16.514768],[143.430933,-16.521964],[143.409479,-16.50575],[143.397145,-16.485405],[143.379969,-16.480373],[143.368131,-16.488791],[143.356643,-16.488701],[143.328352,-16.464269],[143.308299,-16.46193],[143.283116,-16.448642],[143.270436,-16.431021],[143.24789,-16.447183],[143.239299,-16.446936],[143.231984,-16.433222],[143.21539,-16.426851],[143.185023,-16.430228],[143.168538,-16.416708],[143.160505,-16.415321],[143.148111,-16.400609],[143.131044,-16.389],[143.111568,-16.385335],[143.08713,-16.374176],[143.064595,-16.360467],[143.054496,-16.321205],[143.030458,-16.307229],[143.014046,-16.303508],[143.009423,-16.291136],[143.007763,-16.270008],[142.969673,-16.222416],[142.954745,-16.214672],[142.912404,-16.198586],[142.843876,-16.174545],[142.828372,-16.155688],[142.820627,-16.138067],[142.809547,-16.132177],[142.790588,-16.131559],[142.772872,-16.135556],[142.759272,-16.125189],[142.757346,-16.118784],[142.736406,-16.105123],[142.709802,-16.071667],[142.694912,-16.06782],[142.682805,-16.070623],[142.66748,-16.067656],[142.647265,-16.052236],[142.634253,-16.02244],[142.623956,-16.013222],[142.467759,-15.962075],[142.380496,-15.963124],[142.368497,-15.90122],[142.235421,-16.005092],[142.09471,-16.005092],[141.925639,-15.866596],[141.904914,-15.903319],[141.854738,-15.88863],[141.74675,-15.895974],[141.615856,-15.867645],[141.532956,-15.881285],[141.516594,-15.842464],[141.415748,-15.837752],[141.40931,-15.87128],[141.39646,-15.90015],[141.397567,-15.909621],[141.380879,-15.911742],[141.373379,-15.916912],[141.392669,-15.951202],[141.404471,-16.0],[141.0,-16.0],[137.99166,-16.0],[138.00118,-16.544509],[138.001197,-18.646506],[137.996616,-18.868219],[137.995957,-18.998506],[137.996076,-19.293339],[137.996233,-19.602172],[137.996355,-19.852127],[137.996436,-20.006387],[137.996578,-20.224427],[137.996748,-20.506366],[137.996893,-20.745111],[137.997011,-20.939976],[137.997153,-21.173006],[137.997305,-21.422996],[137.997366,-21.506326],[137.997568,-21.839646],[137.997667,-22.001867],[137.997914,-22.418519],[137.998004,-22.579239],[137.99812,-22.767528],[137.998262,-22.999868],[137.998372,-23.416527],[137.998246,-23.520895],[138.464389,-23.555056],[138.592055,-23.46253],[138.642334,-23.51223],[138.736465,-23.611343],[138.870578,-23.512372],[138.921104,-23.476494],[138.899454,-23.448333],[139.076354,-23.306816],[139.122701,-23.352076],[139.174868,-23.309969],[139.338996,-23.473871],[139.295422,-23.509979],[139.475759,-23.520779],[139.463728,-23.671293],[139.635934,-23.679174],[139.892609,-23.693644],[139.888662,-23.676735],[139.877508,-23.671806],[139.874933,-23.655038],[139.865377,-23.644234],[139.862623,-23.629454],[139.889422,-23.613962],[139.936229,-23.577092],[139.939169,-23.550016],[139.929379,-23.549112],[139.936208,-23.485855],[140.064409,-23.497836],[140.154496,-23.505643],[140.355569,-23.525775],[140.341912,-23.418267],[140.413234,-23.34621],[140.572649,-23.231406],[140.621458,-23.192128],[140.662341,-23.157725],[140.667108,-23.158375],[140.719362,-23.188629],[140.759621,-23.223156],[140.829373,-23.170192],[140.82219,-23.161545],[140.946999,-23.067769],[140.924565,-23.044439],[140.979163,-22.999813],[141.046356,-22.947653],[141.021423,-22.921876],[140.985717,-22.911558],[140.98674,-22.899036],[141.00055,-22.90027],[141.122257,-22.804494],[141.11446,-22.774505],[141.122864,-22.749199],[141.117252,-22.702695],[141.102775,-22.690069],[141.094922,-22.641932],[141.089639,-22.628174],[141.090848,-22.618233],[141.133889,-22.621264],[141.145629,-22.633357],[141.198923,-22.597559],[141.07972,-22.465648],[141.154704,-22.406495],[141.245778,-22.335434],[141.253487,-22.321365],[141.228483,-22.297977],[141.18285,-22.249626],[141.198634,-22.055173],[141.294338,-22.061885],[141.290221,-22.045083],[141.290838,-22.023905],[141.284196,-22.009975],[141.284543,-21.988843],[141.304782,-21.949605],[141.481129,-21.964069],[141.50783,-21.750468],[141.583156,-21.755977],[141.580015,-21.793194],[141.738616,-21.806277],[141.740814,-21.79098],[142.048748,-21.815048],[142.065725,-21.693617],[142.071999,-21.540753],[142.161278,-21.542844],[142.231842,-21.550869],[142.228163,-21.596278],[142.335189,-21.607104],[142.33155,-21.636171],[142.491224,-21.644184],[142.495176,-21.597057],[142.656514,-21.610361],[142.651366,-21.667494],[142.718468,-21.614949],[142.693958,-21.587863],[142.815399,-21.493135],[142.862092,-21.54506],[142.942412,-21.481655],[142.953327,-21.493758],[143.000105,-21.454505],[143.18803,-21.308656],[143.23664,-21.31119],[143.35953,-21.322011],[143.339756,-21.506428],[143.331812,-21.576881],[143.329875,-21.611515],[143.358027,-21.616028],[143.448393,-21.624526],[143.450086,-21.622855],[143.649256,-21.641178],[143.642348,-21.705214],[143.630837,-21.797422],[143.709006,-21.805498],[143.781834,-21.81408],[143.782066,-21.811122],[143.929446,-21.819981],[143.934226,-21.822113],[144.044621,-21.830302],[144.038846,-21.894713],[144.05743,-21.898341],[144.092446,-21.898958],[144.111406,-21.906335],[144.185983,-21.913747],[144.180328,-21.989558],[144.263322,-21.996823],[144.270074,-22.032609],[144.26849,-22.047868],[144.417213,-22.061724],[144.413307,-22.098162],[144.402806,-22.113301],[144.397776,-22.157051],[144.501776,-22.165143],[144.500514,-22.185662],[144.637413,-22.195466],[144.717224,-22.2038],[144.723526,-22.202108],[144.737391,-22.210655],[144.742046,-22.163815],[144.746299,-22.148137],[144.752102,-22.094483],[144.796083,-22.098446],[144.800893,-22.045529],[144.943048,-22.059149],[144.956305,-21.930311],[145.082206,-21.942606],[145.08434,-21.910258],[145.074247,-21.899753],[145.075195,-21.891442],[145.152964,-21.898926],[145.166068,-21.784894],[145.243999,-21.792608],[145.258353,-21.829973],[145.262042,-21.828722],[145.418234,-21.846247],[145.434731,-21.692052],[145.529402,-21.701941],[145.532833,-21.658254],[145.678477,-21.668189],[145.673239,-21.716015],[145.661823,-21.724312],[145.64578,-21.797513],[145.640624,-21.893986],[145.630165,-21.892921],[145.627197,-21.926724],[145.668263,-21.932034],[145.661171,-22.041156],[145.770078,-22.04853],[145.76961,-22.06659],[145.880557,-22.080412],[145.880312,-22.08468],[146.002047,-22.100217],[146.031455,-22.104814],[146.039479,-22.02335],[146.06699,-22.026532],[146.072068,-21.997239],[146.201384,-22.007584],[146.211379,-21.908495],[146.118452,-21.900853],[146.126718,-21.813565],[146.069187,-21.808809],[146.084063,-21.609594],[146.093438,-21.509941],[146.132293,-21.514031],[146.150511,-21.500057],[146.346695,-21.518123],[146.340708,-21.570118],[146.395972,-21.66319],[146.446651,-21.668095],[146.483889,-21.680292],[146.488435,-21.646931],[146.492922,-21.588661],[146.492307,-21.566479],[146.656718,-21.582545],[146.649231,-21.599442],[146.651612,-21.609274],[146.692326,-21.620268],[146.703072,-21.625194],[146.717501,-21.625571],[146.728523,-21.631193],[146.756055,-21.636697],[146.833884,-21.643224],[146.833158,-21.599937],[146.838687,-21.587345],[146.834724,-21.574405],[146.845178,-21.563752],[146.851795,-21.545481],[146.870072,-21.526673],[146.865919,-21.512341],[146.882739,-21.489017],[146.905182,-21.468615],[146.911818,-21.453846],[146.909744,-21.441144],[146.898439,-21.434759],[146.895904,-21.424785],[146.882212,-21.4111],[146.873668,-21.393704],[146.882242,-21.37327],[146.882787,-21.36212],[146.904631,-21.350322],[146.917828,-21.325454],[146.928585,-21.32168],[146.946676,-21.30451],[146.963275,-21.294753],[146.966126,-21.278745],[146.959742,-21.262605],[146.960507,-21.252098],[146.949719,-21.239578],[146.93203,-21.238425],[146.926582,-21.232164],[146.885653,-21.217748],[146.866992,-21.193895],[146.868005,-21.183451],[146.882208,-21.173331],[146.872026,-21.150948],[146.862635,-21.137782],[146.86171,-21.11889],[146.848807,-21.100944],[146.861149,-21.064179],[146.86304,-21.047917],[146.860353,-21.03119],[146.882281,-21.005834],[146.876428,-20.978025],[146.866887,-20.955189],[146.863547,-20.938592],[146.853461,-20.919202],[146.863054,-20.902203],[146.865953,-20.885978],[146.856398,-20.871136],[146.862806,-20.847301],[146.851807,-20.812892],[146.861594,-20.79648],[146.876226,-20.801247],[146.888177,-20.791301],[146.909893,-20.78672],[146.92041,-20.757406],[146.943984,-20.752055],[146.960118,-20.74182],[146.965605,-20.714441],[146.960867,-20.68867],[146.964839,-20.676053],[146.982736,-20.669359],[146.985755,-20.658402],[146.973242,-20.634717],[146.976003,-20.619695],[147.011894,-20.606059],[147.021208,-20.609497],[147.026154,-20.622756],[147.036322,-20.629317],[147.065078,-20.630402],[147.073275,-20.648893],[147.08636,-20.652185],[147.105707,-20.636785],[147.124199,-20.637689],[147.148618,-20.651831],[147.16312,-20.643046],[147.178723,-20.606456],[147.19377,-20.599124],[147.209544,-20.587112],[147.214552,-20.57674],[147.241376,-20.584451],[147.267014,-20.557942],[147.279528,-20.55239],[147.284816,-20.524583],[147.299247,-20.508054],[147.300924,-20.497261],[147.290542,-20.472727],[147.297819,-20.447431],[147.30857,-20.43836],[147.338812,-20.426919],[147.347632,-20.400586],[147.343212,-20.389059],[147.320838,-20.371466],[147.314394,-20.360324],[147.300575,-20.321708],[147.300056,-20.305442],[147.308254,-20.286064],[147.311331,-20.2621],[147.308361,-20.215475],[147.294549,-20.16115],[147.274799,-20.125817],[147.275208,-20.114703],[147.28439,-20.089027],[147.292717,-20.075468],[147.293904,-20.064716],[147.285306,-20.046061],[147.262328,-20.009348],[147.257539,-19.997128],[147.254112,-19.969274],[147.243688,-19.949416],[147.229755,-19.939822],[147.219007,-19.913374],[147.226943,-19.897265],[147.229943,-19.879942],[147.237071,-19.859808],[147.230408,-19.81892],[147.216691,-19.817667],[147.214695,-19.836035],[147.157621,-19.791812],[147.076291,-19.725963],[147.050406,-19.704152],[147.020675,-19.714562],[147.029461,-19.632313],[147.018268,-19.625108],[147.019518,-19.610897],[147.003329,-19.596522],[147.021111,-19.578558],[147.030651,-19.552333],[147.030879,-19.520669],[147.024552,-19.504526],[147.010651,-19.491758],[147.012582,-19.474867],[147.026041,-19.47624],[147.036494,-19.471958],[147.043234,-19.429503],[147.032579,-19.422199],[147.033782,-19.410806],[147.023476,-19.396521],[146.976806,-19.388202],[146.961761,-19.389337],[146.949612,-19.396297],[146.952849,-19.409377],[146.951196,-19.424319],[146.942942,-19.430153],[146.915185,-19.400775],[146.917203,-19.381066],[146.908602,-19.379121],[146.874619,-19.356463],[146.865888,-19.361912],[146.842936,-19.364885],[146.831326,-19.336204],[146.825423,-19.343408],[146.805946,-19.34159],[146.804303,-19.357299],[146.749937,-19.346849],[146.741957,-19.330952],[146.728822,-19.329729],[146.737294,-19.381186],[146.730237,-19.39344],[146.733266,-19.413073],[146.703168,-19.410263],[146.702381,-19.378857],[146.714061,-19.367515],[146.715199,-19.357531],[146.709958,-19.33823],[146.704327,-19.333416],[146.702107,-19.319262],[146.673737,-19.318356],[146.653655,-19.315251],[146.639475,-19.320303],[146.619442,-19.322896],[146.596195,-19.315833],[146.587676,-19.337758],[146.589912,-19.354755],[146.587724,-19.379216],[146.583572,-19.383463],[146.582004,-19.402494],[146.564167,-19.406522],[146.553709,-19.416314],[146.528837,-19.39458],[146.517751,-19.401992],[146.513991,-19.389227],[146.506077,-19.387815],[146.499148,-19.376551],[146.484612,-19.378189],[146.469852,-19.371804],[146.45918,-19.355153],[146.461751,-19.342374],[146.444654,-19.335735],[146.444332,-19.329656],[146.459617,-19.31903],[146.443812,-19.310167],[146.437007,-19.299428],[146.425521,-19.299903],[146.414269,-19.293061],[146.410433,-19.283394],[146.421933,-19.277731],[146.413146,-19.258392],[146.400447,-19.251468],[146.408619,-19.240344],[146.403588,-19.235251],[146.420854,-19.220668],[146.420443,-19.200935],[146.468773,-19.200005],[146.498892,-19.180115],[146.513882,-19.176641],[146.516133,-19.142499],[146.5289,-19.10995],[146.514364,-19.098853],[146.49961,-19.09859],[146.48149,-19.0868],[146.469458,-19.074644],[146.456628,-19.075064],[146.43643,-19.05246],[146.405258,-19.007574],[146.396268,-18.998504],[146.37873,-18.99577],[146.36893,-18.98189],[146.36374,-18.96725],[146.35493,-18.960764],[146.33456,-18.954206],[146.331029,-18.939695],[146.316014,-18.917036],[146.29852,-18.90227],[146.28911,-18.890641],[146.27639,-18.85458],[146.276724,-18.80579],[146.28744,-18.76223],[146.28898,-18.74779],[146.301843,-18.705106],[146.32932,-18.64346],[146.319278,-18.645407],[146.337642,-18.612157],[146.3413,-18.56817],[146.34494,-18.55416],[146.33617,-18.53129],[146.34152,-18.52622],[146.33591,-18.501345],[146.396973,-18.501504],[146.484849,-18.498739],[146.634491,-18.498801],[146.851143,-18.498637],[147.001095,-18.498454],[147.001096,-18.581787],[147.281279,-18.582022],[147.599399,-18.581784]]]},"bbox":[137.99166,-23.693644,147.599399,-15.837752]},
{"properties":{"electorateShortName":"leichhardt","electorateName":"Leichhardt","area":148559.30333,"state":"QLD"},"type":"Feature","geometry":{"type":"Polygon","coordinates":[[[145.927408,-16.865119],[146.356127,-16.855322],[146.35253,-16.848835],[146.362085,-16.814913],[146.355719,-16.802973],[146.287607,-16.784414],[146.280371,-16.776823],[146.281096,-16.732841],[146.273027,-16.72456],[146.255716,-16.687658],[146.163729,-16.605942],[146.136251,-16.536295],[146.133745,-16.526834],[146.104055,-16.491886],[146.082781,-16.423641],[146.050589,-16.389975],[146.04516,-16.389133],[145.92132,-16.337231],[145.891882,-16.247614],[145.907869,-16.225916],[145.911364,-16.205154],[145.907717,-16.187717],[145.894491,-16.178455],[145.863066,-16.113964],[145.866587,-16.096411],[145.862967,-16.088137],[145.866735,-16.040174],[145.844831,-16.008856],[145.828287,-15.954857],[145.830278,-15.941965],[145.818136,-15.881279],[145.817099,-15.857512],[145.828417,-15.830732],[145.822908,-15.81456],[145.816774,-15.781874],[145.796606,-15.754381],[145.796465,-15.738894],[145.806246,-15.729219],[145.806143,-15.70784],[145.815523,-15.656782],[145.815496,-15.636784],[145.797033,-15.612139],[145.793356,-15.595554],[145.782457,-15.576452],[145.79471,-15.544752],[145.787134,-15.52301],[145.796789,-15.504768],[145.802359,-15.47101],[145.794085,-15.445444],[145.795942,-15.419891],[145.785822,-15.400578],[145.77725,-15.338604],[145.763292,-15.312231],[145.753283,-15.285278],[145.752615,-15.274988],[145.743662,-15.2558],[145.744627,-15.218569],[145.748529,-15.203953],[145.738997,-15.198772],[145.734545,-15.187126],[145.738836,-15.170658],[145.730028,-15.154722],[145.733126,-15.141661],[145.723135,-15.11544],[145.726831,-15.094536],[145.73493,-15.080524],[145.734289,-15.068659],[145.72719,-15.053141],[145.728075,-15.044895],[145.716135,-15.033504],[145.713346,-15.01405],[145.71697,-15.002388],[145.729933,-14.984537],[145.714037,-14.954462],[145.726416,-14.922337],[145.734346,-14.913418],[145.742727,-14.883995],[145.741667,-14.853893],[145.737223,-14.827639],[145.724264,-14.768734],[145.721548,-14.746775],[145.714396,-14.740883],[145.714231,-14.726374],[145.705225,-14.700642],[145.691256,-14.691099],[145.688501,-14.678238],[145.677752,-14.673721],[145.675482,-14.66114],[145.663652,-14.64823],[145.65703,-14.626783],[145.647326,-14.62467],[145.638239,-14.6089],[145.636244,-14.583706],[145.620409,-14.56872],[145.619642,-14.557732],[145.609663,-14.541628],[145.602583,-14.540459],[145.596022,-14.526728],[145.584051,-14.515421],[145.578726,-14.517115],[145.557226,-14.492819],[145.554354,-14.483761],[145.534575,-14.463242],[145.503508,-14.452734],[145.480761,-14.428331],[145.468958,-14.425549],[145.42824,-14.427387],[145.421427,-14.422859],[145.40822,-14.390997],[145.40629,-14.378113],[145.397188,-14.371788],[145.372561,-14.36248],[145.36867,-14.355789],[145.350351,-14.348421],[145.337904,-14.339716],[145.323618,-14.342316],[145.296499,-14.339312],[145.290392,-14.329559],[145.279974,-14.330233],[145.269011,-14.320906],[145.260836,-14.305683],[145.248205,-14.297264],[145.199045,-14.286348],[145.16371,-14.271795],[145.140894,-14.269911],[145.114931,-14.252724],[145.089094,-14.246107],[145.079611,-14.236563],[145.061506,-14.225922],[145.050303,-14.228142],[145.004751,-14.217194],[144.970682,-14.218065],[144.964735,-14.215523],[144.951735,-14.195805],[144.938379,-14.187994],[144.921011,-14.192598],[144.913874,-14.185553],[144.888288,-14.185875],[144.867846,-14.170502],[144.844446,-14.134977],[144.815069,-14.119051],[144.795248,-14.085819],[144.780855,-14.04793],[144.784697,-14.028193],[144.792273,-14.016867],[144.781828,-14.002203],[144.764917,-14.001654],[144.742918,-13.994669],[144.736017,-13.986635],[144.724428,-13.987301],[144.697859,-13.982164],[144.697313,-13.971228],[144.677519,-13.954027],[144.675974,-13.943623],[144.665621,-13.934076],[144.655176,-13.916874],[144.608683,-13.912622],[144.59128,-13.926664],[144.573931,-13.954527],[144.568838,-13.958853],[144.537157,-13.97106],[144.469851,-13.971397],[144.420946,-13.944101],[144.41337,-13.934637],[144.376875,-13.92944],[144.368227,-13.891338],[144.348269,-13.857376],[144.320936,-13.831856],[144.314795,-13.808788],[144.298628,-13.794796],[144.279024,-13.791941],[144.275103,-13.779202],[144.262716,-13.757631],[144.262392,-13.740931],[144.251398,-13.731756],[144.212934,-13.709286],[144.184431,-13.678715],[144.170668,-13.670345],[144.162474,-13.643663],[144.118361,-13.616606],[144.106256,-13.602324],[144.112062,-13.582233],[144.110556,-13.569321],[144.119478,-13.550203],[144.116907,-13.538956],[144.103125,-13.543213],[144.093012,-13.534094],[144.095118,-13.508783],[144.059584,-13.492796],[144.057718,-13.481031],[144.066381,-13.471649],[144.067614,-13.454817],[144.008734,-13.469568],[143.978632,-13.441265],[143.987627,-13.416466],[143.978785,-13.390537],[143.968027,-13.375221],[143.966688,-13.359119],[143.979441,-13.331896],[143.991011,-13.321701],[143.979017,-13.306677],[143.980707,-13.300594],[143.963648,-13.283644],[143.953222,-13.280935],[143.948572,-13.260895],[143.959917,-13.249052],[143.973246,-13.243422],[143.979029,-13.22838],[143.971239,-13.220331],[143.964544,-13.205456],[143.965807,-13.193586],[143.956575,-13.177402],[143.955778,-13.165541],[143.948427,-13.146715],[143.970362,-13.119339],[143.979021,-13.101131],[143.963793,-13.085546],[143.966574,-13.069487],[143.963579,-13.051443],[143.953215,-13.049767],[143.89451,-13.065035],[143.876852,-13.044188],[143.867441,-13.025599],[143.861475,-12.998455],[143.838919,-12.970314],[143.8351,-12.953049],[143.826536,-12.933407],[143.829206,-12.921858],[143.82617,-12.902468],[143.820658,-12.891579],[143.821337,-12.870821],[143.825533,-12.85111],[143.8402,-12.84841],[143.853045,-12.828955],[143.845606,-12.80765],[143.815248,-12.784019],[143.808134,-12.775196],[143.813002,-12.744045],[143.828779,-12.734152],[143.818892,-12.726469],[143.811602,-12.709707],[143.810392,-12.697742],[143.822271,-12.689619],[143.848364,-12.684767],[143.857054,-12.67025],[143.843973,-12.656975],[143.839087,-12.616301],[143.819841,-12.601048],[143.811605,-12.585089],[143.787619,-12.55855],[143.784918,-12.549454],[143.784784,-12.510347],[143.776621,-12.488811],[143.767046,-12.480856],[143.748095,-12.452795],[143.738825,-12.432907],[143.736807,-12.416542],[143.755308,-12.409475],[143.768175,-12.393145],[143.767889,-12.376005],[143.780653,-12.36923],[143.782236,-12.362438],[143.797178,-12.35146],[143.818594,-12.341909],[143.820684,-12.332775],[143.830317,-12.330875],[143.849253,-12.339275],[143.862768,-12.339504],[143.861528,-12.320171],[143.875231,-12.313068],[143.869085,-12.296518],[143.8869,-12.298597],[143.888124,-12.288761],[143.917742,-12.258892],[143.909807,-12.237268],[143.915407,-12.218454],[143.925661,-12.2145],[143.924593,-12.205372],[143.956514,-12.104027],[143.963346,-12.098299],[143.955687,-12.08115],[143.964769,-12.077234],[143.968203,-12.065145],[143.961584,-12.048759],[143.969294,-12.036169],[143.984804,-11.977427],[143.99962,-11.962355],[143.993578,-11.953438],[144.020739,-11.84919],[144.026999,-11.845501],[144.065516,-11.843409],[144.076204,-11.837282],[144.079092,-11.828844],[144.068777,-11.817474],[144.06988,-11.804417],[144.059092,-11.786366],[144.051146,-11.780254],[144.048594,-11.761238],[144.054834,-11.752483],[144.075876,-11.75243],[144.094984,-11.759384],[144.101095,-11.752068],[144.088282,-11.722429],[144.066614,-11.712402],[144.044161,-11.712214],[144.027449,-11.70718],[144.021276,-11.699701],[144.020483,-11.681332],[144.012877,-11.669237],[144.041117,-11.599421],[144.048582,-11.5254],[144.06558,-11.516735],[144.067652,-11.495375],[144.057657,-11.461422],[144.057173,-11.452946],[144.023836,-11.434334],[144.009909,-11.423386],[144.001471,-11.410069],[143.958406,-11.377285],[143.95899,-11.3487],[143.949503,-11.336933],[143.967993,-11.295685],[143.992975,-11.285572],[144.002527,-11.270702],[144.013277,-11.272211],[144.025801,-11.282421],[144.047323,-11.294373],[144.068522,-11.261705],[144.073381,-11.238892],[144.0721,-11.211687],[144.059942,-11.179598],[144.066671,-11.156546],[144.080248,-11.140747],[144.055841,-11.117807],[144.061583,-11.09688],[144.051077,-11.07366],[144.045996,-11.045267],[144.034384,-11.023485],[144.014322,-11.012672],[144.020197,-11.000166],[144.039499,-11.000872],[144.039007,-10.982994],[144.029913,-10.94401],[144.028467,-10.908426],[144.010195,-10.84392],[144.003805,-10.826599],[143.993326,-10.782141],[143.986944,-10.768585],[143.977098,-10.761429],[143.933634,-10.702456],[143.928053,-10.676916],[143.936029,-10.67005],[143.938219,-10.658178],[143.934504,-10.646666],[143.939695,-10.631935],[143.934702,-10.609818],[143.92705,-10.594893],[143.924372,-10.573223],[143.92771,-10.552908],[143.924212,-10.522688],[143.92592,-10.491991],[143.923948,-10.481159],[143.927519,-10.462782],[143.938265,-10.449753],[143.941027,-10.433546],[143.937891,-10.419975],[143.947016,-10.406263],[143.948378,-10.372721],[143.958418,-10.353191],[143.955393,-10.324564],[143.958841,-10.297745],[143.956755,-10.29159],[143.965395,-10.250731],[143.978201,-10.223547],[143.978296,-10.189777],[143.986715,-10.175842],[143.993055,-10.154608],[143.988085,-10.148802],[143.994299,-10.113878],[144.000761,-10.105536],[144.033194,-10.074772],[144.065954,-10.033737],[144.07575,-10.006449],[144.094316,-9.984728],[144.106318,-9.977169],[144.125799,-9.946663],[144.13188,-9.908205],[144.151464,-9.872225],[144.15827,-9.866617],[144.175467,-9.865776],[144.194395,-9.871428],[144.211912,-9.850277],[144.206469,-9.830215],[144.210958,-9.821653],[144.203447,-9.808556],[144.206087,-9.794632],[144.218073,-9.78536],[144.243536,-9.756094],[144.247335,-9.748783],[144.256624,-9.388212],[143.873629,-9.115517],[142.707472,-9.322136],[142.638308,-9.340181],[142.60111,-9.340364],[142.563887,-9.348831],[142.51819,-9.33486],[142.306173,-9.232561],[142.280512,-9.217476],[142.266027,-9.205534],[142.240923,-9.175974],[142.136553,-9.178541],[142.089243,-9.204185],[142.053896,-9.233189],[141.955011,-9.230844],[141.004118,-9.697512],[141.001123,-11.002754],[140.995581,-11.958494],[141.001143,-14.765165],[141.0,-16.0],[141.404471,-16.0],[141.392669,-15.951202],[141.373379,-15.916912],[141.380879,-15.911742],[141.397567,-15.909621],[141.39646,-15.90015],[141.40931,-15.87128],[141.415748,-15.837752],[141.516594,-15.842464],[141.532956,-15.881285],[141.615856,-15.867645],[141.74675,-15.895974],[141.854738,-15.88863],[141.904914,-15.903319],[141.925639,-15.866596],[142.09471,-16.005092],[142.235421,-16.005092],[142.368497,-15.90122],[142.380496,-15.963124],[142.467759,-15.962075],[142.623956,-16.013222],[142.634253,-16.02244],[142.647265,-16.052236],[142.66748,-16.067656],[142.682805,-16.070623],[142.694912,-16.06782],[142.709802,-16.071667],[142.736406,-16.105123],[142.757346,-16.118784],[142.759272,-16.125189],[142.772872,-16.135556],[142.790588,-16.131559],[142.809547,-16.132177],[142.820627,-16.138067],[142.828372,-16.155688],[142.843876,-16.174545],[142.912404,-16.198586],[142.954745,-16.214672],[142.969673,-16.222416],[143.007763,-16.270008],[143.009423,-16.291136],[143.014046,-16.303508],[143.030458,-16.307229],[143.054496,-16.321205],[143.064595,-16.360467],[143.08713,-16.374176],[143.111568,-16.385335],[143.131044,-16.389],[143.148111,-16.400609],[143.160505,-16.415321],[143.168538,-16.416708],[143.185023,-16.430228],[143.21539,-16.426851],[143.231984,-16.433222],[143.239299,-16.446936],[143.24789,-16.447183],[143.270436,-16.431021],[143.283116,-16.448642],[143.308299,-16.46193],[143.328352,-16.464269],[143.356643,-16.488701],[143.368131,-16.488791],[143.379969,-16.480373],[143.397145,-16.485405],[143.409479,-16.50575],[143.430933,-16.521964],[143.43523,-16.514768],[143.435665,-16.495634],[143.443075,-16.491237],[143.454025,-16.496914],[143.470721,-16.513108],[143.481601,-16.517518],[143.502288,-16.509219],[143.515753,-16.513775],[143.514411,-16.521676],[143.526693,-16.530425],[143.539619,-16.528078],[143.550301,-16.532877],[143.582958,-16.528822],[143.594359,-16.523205],[143.605225,-16.510145],[143.623043,-16.512021],[143.633733,-16.518233],[143.666566,-16.524],[143.679665,-16.53479],[143.6961,-16.531783],[143.696762,-16.508998],[143.711583,-16.502877],[143.717648,-16.480867],[143.729853,-16.473486],[143.758062,-16.476513],[143.764562,-16.468858],[143.764924,-16.450141],[143.797302,-16.432087],[143.803781,-16.425431],[143.814045,-16.399689],[143.848046,-16.374189],[143.863158,-16.383468],[143.890782,-16.380395],[143.898977,-16.373672],[143.911229,-16.373087],[143.924628,-16.362765],[143.935562,-16.360989],[143.969573,-16.364772],[143.978822,-16.376579],[144.0012,-16.381905],[144.035325,-16.394855],[144.043385,-16.416365],[144.053574,-16.434265],[144.050031,-16.450342],[144.055175,-16.459969],[144.082734,-16.470685],[144.091574,-16.486545],[144.109984,-16.488265],[144.127314,-16.494745],[144.139404,-16.488705],[144.152344,-16.496794],[144.161824,-16.497514],[144.179444,-16.485844],[144.195743,-16.480844],[144.212229,-16.458761],[144.223133,-16.456224],[144.238443,-16.460694],[144.249703,-16.479954],[144.268693,-16.474614],[144.287653,-16.473214],[144.300605,-16.466083],[144.319402,-16.468944],[144.333312,-16.474494],[144.340032,-16.490154],[144.370682,-16.493444],[144.386052,-16.513724],[144.426152,-16.503673],[144.436082,-16.505543],[144.445051,-16.516763],[144.443842,-16.526813],[144.453182,-16.535433],[144.465941,-16.535023],[144.478221,-16.540833],[144.484411,-16.557303],[144.485681,-16.579163],[144.495941,-16.596423],[144.503459,-16.600685],[144.527651,-16.603263],[144.540511,-16.611883],[144.563181,-16.613423],[144.573151,-16.624073],[144.58949,-16.609093],[144.598328,-16.611844],[144.6057,-16.631633],[144.61374,-16.644763],[144.61625,-16.666463],[144.63121,-16.680413],[144.63779,-16.674893],[144.641265,-16.660662],[144.641442,-16.637493],[144.648916,-16.625992],[144.665142,-16.619921],[144.667182,-16.609384],[144.663136,-16.592523],[144.668191,-16.578533],[144.683357,-16.578655],[144.705298,-16.57187],[144.73114,-16.577801],[144.760905,-16.563761],[144.771075,-16.561716],[144.774034,-16.581538],[144.789574,-16.583857],[144.80874,-16.575549],[144.823633,-16.578679],[144.846753,-16.596967],[144.856494,-16.590607],[144.85986,-16.574492],[144.88025,-16.575418],[144.891067,-16.563502],[144.890237,-16.554332],[144.899977,-16.543612],[144.919607,-16.542752],[144.923187,-16.534712],[144.917262,-16.512932],[144.924863,-16.502031],[144.938676,-16.512762],[144.962837,-16.506073],[144.998642,-16.503586],[145.013231,-16.485832],[145.025165,-16.461212],[145.027635,-16.446972],[145.045538,-16.415909],[145.061377,-16.400595],[145.081033,-16.412819],[145.084394,-16.432983],[145.095652,-16.437393],[145.108955,-16.454575],[145.119074,-16.460682],[145.135013,-16.460801],[145.142653,-16.454531],[145.152123,-16.464801],[145.162063,-16.454471],[145.178573,-16.450511],[145.184082,-16.440111],[145.180861,-16.429352],[145.20852,-16.416927],[145.225614,-16.431078],[145.228567,-16.44208],[145.240401,-16.445595],[145.244289,-16.457474],[145.265755,-16.471866],[145.258444,-16.484579],[145.269456,-16.490122],[145.271806,-16.509523],[145.286612,-16.522879],[145.2982,-16.538075],[145.307132,-16.531165],[145.336388,-16.54665],[145.34561,-16.547474],[145.354645,-16.556411],[145.372174,-16.532986],[145.376753,-16.519428],[145.385373,-16.510364],[145.40414,-16.512267],[145.433212,-16.551974],[145.431909,-16.569465],[145.439402,-16.570169],[145.449096,-16.599373],[145.447162,-16.643543],[145.458781,-16.648852],[145.487434,-16.641718],[145.501768,-16.64059],[145.522682,-16.623083],[145.52377,-16.646429],[145.513726,-16.664672],[145.518087,-16.673271],[145.514688,-16.690109],[145.538708,-16.706799],[145.512057,-16.725389],[145.504554,-16.740805],[145.515469,-16.759268],[145.538531,-16.77787],[145.549226,-16.793583],[145.542155,-16.80954],[145.530897,-16.817476],[145.51273,-16.821286],[145.521129,-16.838627],[145.534937,-16.843855],[145.531463,-16.858379],[145.549757,-16.882124],[145.546523,-16.892147],[145.557163,-16.908849],[145.568803,-16.912942],[145.579302,-16.923891],[145.601007,-16.915689],[145.604564,-16.923791],[145.599857,-16.938328],[145.617419,-16.936715],[145.633634,-16.944612],[145.649867,-16.956861],[145.651351,-16.977446],[145.639662,-16.985717],[145.630325,-17.004644],[145.634705,-17.018359],[145.659678,-17.029114],[145.667718,-17.03803],[145.689174,-17.045015],[145.689058,-17.031516],[145.704183,-17.020313],[145.706501,-16.998019],[145.727424,-16.99548],[145.733942,-17.003697],[145.771441,-16.985598],[145.776205,-16.974889],[145.767945,-16.960972],[145.780956,-16.936711],[145.783848,-16.92282],[145.792437,-16.911435],[145.810041,-16.90844],[145.820851,-16.900429],[145.825319,-16.889469],[145.839422,-16.87807],[145.853743,-16.87977],[145.863241,-16.890959],[145.86405,-16.9041],[145.884721,-16.906559],[145.90903,-16.8877],[145.927408,-16.865119]]]},"bbox":[140.995581,-17.045015,146.362085,-9.115517]},
{"properties":{"electorateShortName":"lilley","electorateName":"Lilley","area":140.734819,"state":"QLD"},"type":"Feature","geometry":{"type":"Polygon","coordinates":[[[153.153136,-27.397989],[153.146237,-27.387932],[153.160439,-27.377929],[153.156138,-27.363349],[153.138618,-27.361152],[153.109327,-27.349004],[153.082602,-27.333821],[153.083676,-27.322248],[153.073538,-27.318831],[153.065041,-27.301931],[153.064933,-27.285593],[153.069523,-27.276801],[153.049898,-27.278044],[153.048373,-27.293732],[153.042375,-27.302863],[153.051177,-27.329583],[153.038857,-27.338967],[153.026437,-27.365258],[153.008877,-27.362769],[152.999425,-27.357035],[152.997816,-27.3682],[152.986275,-27.375665],[152.975216,-27.392025],[152.976999,-27.400782],[152.992407,-27.412612],[152.99082,-27.407275],[153.033503,-27.412687],[153.050679,-27.404299],[153.059643,-27.410424],[153.074746,-27.406965],[153.083152,-27.433196],[153.095832,-27.436421],[153.099932,-27.445258],[153.144016,-27.415491],[153.153136,-27.397989]]]},"bbox":[152.975216,-27.445258,153.160439,-27.276801]},
{"properties":{"electorateShortName":"longman","electorateName":"Longman","area":1236.825099,"state":"QLD"},"type":"Feature","geometry":{"type":"Polygon","coordinates":[[[153.034908,-27.163521],[153.048431,-27.144569],[153.063807,-27.113975],[153.097734,-27.09328],[153.118213,-27.084936],[153.133021,-27.085939],[153.166167,-27.099679],[153.197319,-27.096589],[153.207397,-27.08292],[153.202672,-27.063265],[153.180153,-27.027614],[153.161384,-26.98512],[153.13865,-26.908253],[153.130523,-26.872422],[153.128855,-26.845645],[153.133218,-26.812357],[153.128161,-26.814745],[153.11952,-26.843826],[153.121698,-26.859069],[153.114533,-26.884498],[153.109405,-26.89089],[153.077112,-26.905598],[153.07295,-26.922915],[153.079277,-26.935736],[153.069566,-26.955194],[153.074407,-26.971339],[153.066317,-26.98369],[153.042842,-26.969481],[153.018454,-26.966399],[153.017939,-26.978328],[153.003063,-26.984837],[152.985178,-26.984685],[152.975006,-26.974382],[152.966643,-26.978793],[152.953335,-26.968382],[152.927018,-26.961421],[152.917262,-26.954706],[152.903713,-26.953895],[152.891155,-26.96075],[152.858011,-26.956217],[152.861199,-26.936303],[152.872496,-26.930514],[152.875446,-26.913522],[152.859462,-26.911304],[152.855462,-26.88739],[152.866791,-26.888918],[152.869478,-26.872874],[152.857393,-26.87128],[152.848006,-26.858126],[152.832278,-26.856175],[152.82449,-26.849442],[152.812677,-26.828735],[152.792019,-26.827076],[152.788671,-26.813024],[152.777257,-26.809402],[152.779476,-26.797172],[152.761087,-26.792358],[152.753116,-26.797351],[152.749585,-26.815718],[152.739007,-26.80804],[152.732814,-26.81502],[152.720856,-26.808614],[152.708969,-26.811278],[152.698897,-26.803125],[152.679196,-26.799965],[152.678469,-26.830364],[152.667209,-26.836027],[152.670009,-26.854815],[152.686637,-26.877573],[152.688433,-26.8969],[152.667396,-26.896242],[152.666678,-26.906261],[152.682187,-26.915165],[152.669575,-26.928163],[152.663073,-26.948173],[152.667724,-26.959074],[152.686968,-26.981351],[152.683276,-26.992162],[152.692763,-27.012456],[152.700802,-27.018279],[152.702502,-27.030798],[152.681869,-27.057197],[152.686287,-27.083222],[152.676139,-27.089025],[152.707961,-27.096277],[152.733514,-27.107431],[152.765361,-27.110854],[152.766858,-27.102155],[152.780251,-27.104155],[152.783596,-27.08641],[152.801032,-27.097452],[152.807294,-27.108099],[152.828929,-27.115855],[152.828644,-27.130746],[152.8511,-27.139664],[152.844535,-27.182806],[152.863477,-27.182449],[152.862381,-27.189422],[152.887349,-27.189182],[152.945766,-27.197649],[152.962625,-27.204719],[152.976753,-27.233465],[152.975573,-27.243397],[152.992652,-27.240485],[153.009433,-27.242859],[153.018277,-27.249316],[153.007286,-27.238928],[152.99163,-27.211176],[152.978741,-27.161834],[152.97767,-27.152091],[152.994728,-27.14954],[153.032094,-27.153008],[153.034908,-27.163521]]]},"bbox":[152.663073,-27.249316,153.207397,-26.792358]},
{"properties":{"electorateShortName":"maranoa","electorateName":"Maranoa","area":729896.590691,"state":"QLD"},"type":"Feature","geometry":{"type":"Polygon","coordinates":[[[152.487617,-28.253908],[152.48764,-28.253379],[152.487704,-28.2526],[152.486992,-28.247982],[152.492287,-28.243468],[152.482353,-28.229506],[152.458952,-28.226581],[152.473234,-28.20436],[152.470858,-28.194963],[152.455831,-28.195629],[152.442049,-28.176017],[152.446688,-28.166427],[152.435536,-28.156308],[152.426143,-28.1291],[152.411431,-28.112637],[152.409408,-28.095775],[152.418451,-28.088486],[152.41631,-28.069754],[152.389954,-28.059093],[152.395034,-28.04899],[152.390311,-28.030865],[152.374893,-28.012336],[152.378003,-27.990558],[152.38776,-27.971873],[152.382276,-27.965632],[152.343058,-27.961016],[152.327654,-27.96661],[152.308386,-27.962841],[152.298687,-27.956378],[152.276931,-27.969723],[152.256571,-27.960783],[152.254436,-27.956114],[152.2149,-27.945139],[152.216011,-27.938764],[152.203453,-27.927042],[152.188454,-27.924176],[152.184809,-27.912513],[152.175651,-27.904488],[152.171109,-27.887217],[152.152404,-27.872686],[152.148272,-27.862854],[152.133075,-27.858233],[152.073749,-27.849809],[152.071888,-27.860228],[152.0472,-27.857231],[152.041512,-27.850364],[152.023957,-27.844847],[152.013697,-27.834761],[151.99902,-27.840218],[151.983865,-27.83585],[151.977704,-27.850626],[151.965443,-27.845122],[151.941678,-27.849462],[151.909055,-27.845068],[151.894547,-27.848601],[151.8662,-27.832223],[151.83248,-27.842653],[151.826588,-27.832157],[151.760196,-27.822867],[151.728385,-27.826953],[151.711682,-27.842889],[151.693594,-27.84985],[151.682587,-27.845047],[151.65957,-27.858542],[151.652166,-27.887388],[151.623829,-27.906668],[151.602142,-27.907245],[151.573479,-27.903493],[151.579891,-27.859109],[151.568591,-27.851829],[151.557337,-27.851469],[151.524262,-27.836289],[151.519448,-27.825519],[151.510663,-27.825269],[151.473438,-27.796217],[151.461527,-27.790559],[151.45715,-27.800613],[151.433397,-27.791676],[151.416556,-27.778568],[151.416915,-27.76606],[151.404509,-27.750379],[151.405193,-27.742525],[151.384569,-27.735852],[151.379611,-27.719969],[151.361344,-27.709305],[151.362768,-27.694373],[151.350404,-27.670446],[151.333396,-27.669564],[151.323111,-27.641956],[151.327465,-27.629251],[151.320833,-27.61365],[151.310429,-27.603411],[151.296947,-27.601269],[151.286558,-27.578436],[151.274526,-27.566073],[151.259747,-27.540566],[151.26605,-27.530075],[151.230082,-27.509202],[151.221848,-27.486475],[151.204617,-27.493607],[151.201819,-27.510589],[151.08169,-27.493381],[151.077486,-27.481163],[151.076586,-27.451121],[151.087625,-27.376222],[151.112741,-27.377044],[151.165789,-27.383608],[151.177774,-27.381609],[151.197416,-27.384022],[151.192732,-27.398747],[151.308622,-27.413824],[151.311716,-27.33623],[151.317652,-27.33141],[151.33763,-27.207551],[151.450784,-27.278638],[151.456788,-27.242104],[151.453694,-27.241573],[151.460382,-27.202634],[151.450389,-27.201142],[151.458041,-27.145909],[151.469702,-27.136181],[151.464934,-27.110822],[151.483027,-27.113216],[151.481231,-27.124368],[151.49677,-27.121952],[151.525483,-27.125519],[151.546229,-27.115295],[151.556053,-27.12312],[151.568505,-27.124785],[151.576371,-27.09983],[151.576154,-27.087776],[151.58118,-27.055961],[151.59674,-27.058012],[151.600858,-27.030506],[151.623086,-27.03013],[151.627521,-27.002613],[151.638287,-26.996773],[151.664422,-26.99004],[151.6711,-26.98201],[151.681396,-26.981195],[151.69397,-26.969204],[151.716607,-26.968889],[151.753744,-26.973725],[151.758822,-26.983484],[151.772878,-26.989885],[151.768303,-27.017921],[151.779856,-27.025672],[151.762304,-27.05084],[151.761824,-27.074402],[151.773565,-27.082272],[151.792247,-27.108284],[151.792632,-27.132693],[151.813489,-27.154896],[151.852695,-27.168106],[151.861711,-27.180245],[151.861845,-27.190536],[151.873394,-27.19531],[151.881714,-27.223721],[151.891728,-27.228763],[151.905626,-27.24582],[151.922472,-27.255063],[151.9353,-27.24695],[151.94389,-27.247857],[151.958045,-27.240978],[151.951814,-27.271393],[151.932792,-27.276023],[151.915407,-27.316282],[151.917937,-27.321033],[151.944931,-27.320815],[151.945522,-27.350946],[151.962482,-27.367044],[151.989037,-27.355141],[151.992904,-27.334223],[152.000068,-27.33299],[152.001932,-27.319024],[152.022039,-27.312416],[152.028276,-27.300951],[152.036431,-27.297562],[152.062329,-27.32839],[152.070788,-27.345018],[152.068669,-27.358184],[152.079533,-27.381094],[152.073671,-27.384886],[152.070838,-27.402759],[152.093985,-27.401106],[152.099625,-27.411863],[152.136975,-27.423638],[152.147967,-27.437285],[152.156303,-27.438489],[152.164533,-27.425698],[152.177275,-27.420898],[152.179524,-27.407605],[152.196014,-27.406138],[152.191723,-27.386849],[152.198344,-27.377657],[152.19148,-27.365797],[152.201485,-27.322022],[152.192367,-27.311241],[152.206186,-27.292046],[152.194461,-27.275415],[152.182785,-27.273575],[152.170448,-27.286666],[152.151987,-27.269404],[152.158259,-27.259283],[152.182029,-27.252194],[152.190906,-27.242078],[152.218414,-27.232553],[152.232916,-27.222364],[152.236149,-27.203708],[152.220465,-27.201307],[152.215077,-27.208955],[152.179789,-27.205384],[152.174034,-27.211087],[152.158854,-27.206431],[152.161754,-27.189325],[152.185497,-27.176236],[152.188492,-27.169149],[152.134036,-27.141624],[152.141842,-27.126549],[152.174357,-27.097601],[152.191318,-27.072344],[152.214305,-27.075087],[152.227387,-27.060991],[152.194896,-27.056745],[152.199179,-27.027755],[152.220958,-27.022207],[152.198108,-27.008236],[152.186586,-27.006662],[152.188751,-26.993928],[152.182664,-26.97723],[152.168667,-26.977794],[152.150392,-26.966065],[152.138717,-26.96477],[152.125438,-26.954225],[152.128066,-26.944418],[152.143012,-26.924869],[152.143715,-26.911229],[152.14987,-26.904617],[152.138715,-26.894653],[152.146979,-26.879117],[152.170568,-26.867411],[152.184226,-26.871014],[152.181029,-26.846573],[152.187702,-26.837936],[152.190081,-26.823612],[152.174117,-26.821439],[152.176386,-26.809059],[152.170741,-26.796468],[152.176618,-26.779782],[152.155782,-26.76882],[152.155643,-26.754269],[152.163898,-26.742123],[152.150971,-26.740517],[152.152989,-26.727605],[152.134298,-26.730599],[152.112249,-26.706196],[152.088977,-26.699799],[152.076002,-26.685856],[152.073393,-26.66841],[152.081061,-26.657986],[152.098647,-26.653751],[152.126748,-26.637973],[152.13585,-26.614219],[152.130321,-26.600406],[152.137788,-26.596578],[152.137204,-26.582683],[152.130947,-26.574919],[152.135963,-26.566372],[152.126421,-26.531617],[152.125717,-26.50656],[152.136728,-26.493722],[152.135867,-26.480062],[152.149888,-26.482675],[152.167652,-26.475419],[152.173777,-26.438091],[152.16719,-26.416696],[152.159427,-26.415523],[152.148731,-26.401357],[152.140217,-26.401569],[152.121249,-26.392641],[152.120144,-26.378695],[152.096439,-26.373543],[152.088317,-26.365849],[152.072527,-26.359419],[152.066278,-26.381612],[152.011798,-26.375274],[152.011059,-26.385124],[152.024788,-26.388057],[152.036555,-26.39955],[152.017899,-26.419201],[151.995889,-26.432648],[151.972949,-26.431256],[151.963203,-26.422662],[151.922648,-26.417634],[151.902167,-26.402367],[151.891556,-26.390819],[151.87052,-26.390943],[151.855269,-26.40113],[151.829004,-26.400354],[151.824243,-26.392736],[151.830478,-26.381047],[151.785529,-26.375273],[151.783287,-26.390141],[151.766939,-26.388021],[151.768169,-26.380314],[151.719493,-26.374012],[151.717181,-26.389136],[151.699503,-26.39734],[151.689134,-26.395779],[151.678422,-26.403054],[151.671495,-26.394187],[151.537849,-26.376519],[151.529666,-26.382224],[151.507509,-26.375876],[151.484065,-26.382817],[151.483858,-26.393493],[151.441376,-26.422229],[151.427375,-26.433828],[151.390164,-26.383228],[151.365461,-26.400957],[151.333441,-26.405346],[151.319517,-26.399944],[151.306596,-26.403988],[151.284892,-26.393278],[151.200782,-26.449264],[151.200421,-26.460622],[151.207725,-26.478767],[151.076653,-26.462794],[151.114728,-26.379598],[151.133333,-26.272512],[151.135653,-26.263126],[151.065901,-26.254601],[151.016714,-26.256222],[151.013243,-26.191929],[151.02286,-26.19499],[151.073262,-26.172779],[151.076422,-26.161856],[151.099823,-26.160292],[151.098696,-26.149895],[151.115863,-26.140878],[151.125689,-26.151452],[151.13928,-26.159197],[151.150042,-26.159662],[151.161997,-26.149537],[151.156537,-26.133744],[151.159527,-26.120812],[151.149868,-26.105434],[151.134437,-26.105301],[151.126275,-26.114524],[151.097814,-26.110762],[151.073864,-26.095345],[151.067346,-26.0854],[151.040198,-26.087752],[151.015886,-26.07722],[151.009113,-26.068061],[151.003024,-26.04327],[150.993893,-26.031208],[150.983982,-26.007806],[150.96216,-26.013861],[150.949807,-26.010038],[150.933085,-26.013221],[150.920428,-26.005017],[150.905964,-26.008324],[150.903927,-26.019397],[150.849566,-26.056405],[150.789811,-26.048923],[150.780915,-26.028494],[150.78598,-26.018657],[150.775761,-26.012212],[150.773554,-25.998309],[150.763333,-25.98145],[150.72529,-25.980871],[150.714149,-25.984854],[150.701622,-25.974081],[150.672548,-25.969765],[150.674705,-25.963125],[150.669187,-25.942882],[150.679619,-25.92866],[150.684773,-25.914505],[150.684554,-25.90198],[150.678524,-25.891504],[150.680602,-25.882853],[150.693544,-25.871996],[150.697017,-25.850809],[150.67117,-25.821439],[150.659397,-25.814732],[150.657653,-25.800906],[150.644419,-25.785264],[150.650464,-25.774524],[150.660423,-25.773318],[150.664613,-25.733239],[150.649808,-25.726643],[150.643073,-25.715981],[150.646661,-25.705599],[150.663587,-25.68464],[150.655598,-25.672033],[150.654161,-25.659782],[150.591014,-25.652642],[150.58512,-25.643812],[150.57042,-25.638485],[150.537597,-25.641505],[150.524548,-25.644978],[150.50416,-25.63594],[150.495408,-25.628432],[150.484028,-25.60619],[150.446097,-25.598841],[150.436743,-25.606392],[150.442553,-25.621755],[150.436464,-25.661415],[150.418493,-25.67516],[150.422019,-25.694231],[150.434148,-25.733632],[150.42959,-25.737068],[150.426022,-25.773976],[150.417908,-25.789101],[150.404484,-25.790466],[150.386739,-25.80581],[150.388757,-25.814523],[150.361141,-25.818391],[150.341134,-25.814928],[150.336669,-25.790407],[150.295095,-25.780245],[150.28193,-25.778848],[150.279111,-25.796265],[150.257854,-25.788433],[150.236742,-25.788791],[150.174418,-25.780444],[150.18076,-25.805691],[150.159005,-25.819161],[150.141622,-25.822944],[150.114818,-25.810922],[150.104469,-25.795509],[150.09695,-25.794654],[150.085198,-25.812072],[150.055946,-25.81313],[150.051829,-25.837825],[150.030907,-25.836421],[150.021739,-25.865207],[150.013432,-25.857475],[149.990059,-25.847095],[149.961425,-25.850654],[149.95037,-25.839685],[149.931975,-25.839416],[149.927651,-25.832033],[149.906387,-25.817171],[149.882488,-25.829441],[149.850809,-25.837479],[149.838505,-25.837059],[149.823579,-25.828294],[149.822804,-25.849289],[149.813292,-25.852539],[149.797982,-25.848834],[149.787085,-25.857877],[149.770882,-25.852357],[149.766316,-25.859459],[149.783034,-25.890701],[149.767274,-25.904813],[149.736105,-25.849599],[149.681889,-25.872281],[149.649194,-25.894488],[149.584433,-25.886328],[149.575487,-25.944165],[149.476835,-25.933506],[149.483531,-25.891873],[149.401643,-25.882506],[149.398148,-25.876256],[149.382728,-25.888896],[149.365015,-25.898102],[149.363258,-25.904752],[149.342262,-25.920837],[149.327807,-25.92525],[149.3028,-25.966084],[149.22596,-25.957228],[149.138019,-25.945806],[149.124564,-25.951124],[149.085523,-25.941109],[149.079935,-25.924558],[149.091086,-25.906677],[149.093618,-25.895215],[149.110591,-25.876186],[149.104513,-25.866319],[149.084498,-25.853487],[149.075631,-25.842944],[149.068032,-25.842485],[149.043739,-25.8218],[149.025279,-25.798982],[149.031609,-25.77551],[149.02135,-25.770085],[149.012135,-25.776826],[148.977436,-25.787133],[148.961161,-25.789761],[148.94469,-25.770998],[148.911223,-25.767597],[148.90072,-25.760089],[148.924079,-25.740139],[148.92186,-25.725384],[148.928704,-25.708197],[148.942382,-25.685517],[148.957567,-25.693105],[148.973513,-25.713302],[148.996296,-25.697735],[149.008598,-25.695076],[149.016196,-25.682242],[149.031884,-25.672849],[149.040483,-25.675832],[149.053383,-25.665666],[149.059655,-25.652623],[149.049901,-25.648835],[149.050497,-25.638531],[149.060299,-25.632182],[149.047453,-25.623382],[149.038265,-25.631533],[149.027865,-25.620187],[149.019693,-25.604013],[148.994982,-25.601044],[148.983717,-25.588673],[149.024318,-25.559799],[148.938047,-25.458588],[148.919056,-25.467506],[148.90043,-25.472469],[148.876847,-25.469783],[148.863728,-25.46478],[148.833436,-25.459963],[148.814899,-25.452006],[148.810919,-25.441037],[148.79808,-25.445424],[148.775942,-25.434953],[148.761774,-25.417387],[148.744135,-25.413272],[148.725886,-25.400862],[148.718974,-25.386964],[148.726672,-25.342565],[148.747048,-25.318666],[148.759154,-25.310734],[148.74525,-25.279734],[148.727484,-25.287947],[148.708365,-25.277527],[148.699852,-25.284574],[148.682278,-25.283279],[148.679855,-25.295357],[148.666599,-25.310976],[148.653065,-25.298329],[148.643114,-25.284136],[148.600075,-25.272868],[148.592818,-25.26283],[148.566588,-25.24953],[148.554345,-25.254106],[148.538315,-25.24569],[148.518532,-25.243475],[148.502911,-25.246491],[148.476272,-25.245362],[148.453218,-25.254457],[148.420843,-25.250882],[148.409583,-25.259148],[148.400128,-25.246001],[148.380386,-25.241719],[148.376371,-25.234822],[148.352036,-25.229107],[148.34773,-25.220138],[148.326226,-25.210295],[148.305572,-25.212303],[148.306379,-25.204066],[148.292904,-25.181889],[148.294549,-25.1661],[148.27605,-25.153144],[148.261051,-25.135671],[148.236228,-25.114301],[148.234682,-25.100669],[148.213308,-25.08643],[148.181264,-25.07952],[148.175078,-25.084523],[148.160584,-25.084169],[148.150139,-25.061389],[148.145176,-25.061298],[148.134456,-25.043304],[148.121614,-25.042014],[148.116388,-25.02281],[148.098979,-25.018357],[148.085083,-25.002144],[148.075886,-24.976045],[148.073043,-24.956188],[148.075298,-24.943078],[148.066023,-24.935653],[148.057673,-24.915533],[148.044644,-24.909362],[148.029651,-24.911364],[148.013503,-24.898707],[147.995082,-24.899475],[147.973222,-24.881534],[147.952765,-24.881346],[147.939056,-24.859309],[147.915622,-24.842755],[147.915253,-24.822824],[147.903776,-24.816302],[147.900084,-24.807224],[147.889132,-24.798736],[147.852788,-24.781262],[147.848125,-24.766079],[147.828371,-24.749721],[147.821369,-24.735648],[147.784249,-24.734415],[147.775095,-24.739011],[147.762347,-24.729086],[147.733282,-24.731673],[147.712052,-24.751736],[147.69005,-24.763101],[147.681902,-24.772074],[147.66884,-24.769896],[147.644387,-24.774714],[147.642127,-24.797774],[147.634397,-24.803417],[147.611467,-24.807107],[147.587065,-24.828069],[147.576793,-24.833525],[147.566163,-24.829848],[147.558219,-24.818967],[147.543749,-24.81937],[147.520939,-24.829447],[147.505664,-24.825257],[147.505086,-24.841111],[147.49628,-24.849419],[147.485925,-24.875806],[147.476435,-24.878219],[147.419719,-24.88137],[147.380706,-24.871307],[147.369188,-24.877165],[147.349652,-24.876141],[147.341116,-24.871829],[147.322085,-24.87119],[147.308683,-24.882558],[147.297574,-24.883012],[147.290593,-24.894532],[147.136624,-24.882882],[147.138836,-24.848994],[147.089424,-24.846467],[147.091547,-24.814128],[147.001883,-24.809328],[146.903382,-24.805192],[146.889122,-24.778912],[146.880282,-24.773406],[146.882273,-24.762487],[146.893944,-24.758234],[146.900543,-24.745328],[146.909466,-24.74383],[146.920875,-24.716637],[146.942012,-24.704363],[146.934754,-24.677537],[146.912528,-24.658513],[146.908935,-24.647888],[146.899302,-24.646346],[146.894756,-24.628826],[146.883106,-24.600802],[146.868483,-24.593368],[146.856982,-24.593744],[146.848677,-24.608736],[146.833941,-24.624339],[146.819052,-24.626023],[146.807024,-24.637142],[146.800113,-24.620586],[146.787417,-24.62629],[146.779787,-24.636176],[146.774156,-24.662766],[146.75791,-24.663359],[146.750486,-24.652368],[146.740507,-24.65034],[146.737509,-24.627758],[146.721442,-24.626028],[146.713536,-24.618884],[146.699274,-24.615734],[146.682499,-24.605848],[146.682175,-24.600126],[146.666809,-24.590814],[146.680792,-24.578937],[146.667476,-24.562208],[146.664048,-24.54805],[146.645882,-24.523343],[146.648209,-24.518063],[146.639924,-24.500211],[146.626085,-24.49376],[146.620081,-24.467147],[146.611238,-24.458387],[146.596051,-24.453012],[146.589662,-24.443562],[146.589085,-24.432009],[146.573966,-24.416709],[146.581126,-24.411553],[146.595864,-24.417187],[146.61781,-24.411821],[146.627134,-24.403218],[146.641718,-24.39916],[146.663448,-24.401214],[146.669372,-24.390463],[146.679657,-24.388242],[146.690512,-24.374888],[146.712721,-24.377528],[146.721926,-24.384701],[146.721313,-24.39688],[146.729701,-24.418552],[146.74717,-24.406922],[146.759519,-24.403674],[146.778052,-24.404992],[146.790866,-24.409955],[146.805026,-24.405198],[146.812185,-24.394305],[146.814357,-24.376709],[146.847672,-24.368715],[146.864237,-24.368793],[146.874662,-24.347985],[146.873699,-24.337689],[146.88475,-24.330746],[146.899735,-24.328556],[146.913001,-24.31269],[146.923093,-24.29469],[146.935123,-24.290589],[146.926852,-24.278986],[146.928097,-24.253624],[146.943701,-24.229177],[146.940287,-24.219268],[146.953418,-24.206858],[146.949734,-24.18836],[146.957122,-24.16999],[146.973663,-24.160118],[146.989859,-24.161312],[147.028548,-24.140537],[147.037413,-24.125697],[147.05046,-24.118549],[147.073689,-24.117696],[147.089536,-24.104416],[147.110288,-24.093341],[147.121788,-24.094461],[147.141514,-24.085622],[147.15635,-24.09253],[147.183316,-24.085741],[147.18275,-24.073443],[147.174172,-24.060048],[147.176102,-24.050369],[147.18663,-24.036053],[147.179174,-24.019096],[147.183679,-24.006618],[147.173364,-23.978058],[147.163928,-23.975614],[147.168985,-23.955351],[147.180954,-23.941598],[147.203283,-23.93982],[147.215018,-23.924264],[147.234311,-23.912074],[147.241147,-23.9032],[147.233507,-23.881347],[147.238932,-23.862297],[147.236497,-23.847964],[147.22769,-23.832112],[147.237201,-23.810399],[147.230148,-23.797974],[147.229553,-23.787489],[147.199777,-23.773309],[147.200177,-23.754928],[147.195132,-23.745572],[147.200708,-23.727129],[147.193689,-23.718214],[147.197611,-23.708672],[147.195719,-23.6845],[147.20953,-23.675934],[147.20057,-23.654615],[147.211324,-23.636607],[147.203296,-23.631319],[147.199904,-23.606229],[147.218235,-23.59567],[147.220467,-23.588366],[147.212164,-23.576067],[147.21837,-23.57016],[147.221399,-23.550461],[147.2344,-23.551871],[147.274621,-23.535167],[147.283772,-23.524784],[147.278297,-23.513459],[147.282114,-23.500569],[147.280316,-23.484984],[147.273294,-23.469267],[147.260362,-23.469494],[147.251142,-23.45896],[147.250642,-23.447251],[147.259839,-23.43807],[147.264544,-23.413066],[147.265016,-23.384165],[147.286615,-23.351236],[147.161732,-23.339787],[147.158239,-23.326392],[147.074733,-23.307149],[147.079057,-23.279834],[146.976317,-23.263559],[146.939911,-23.260153],[146.932611,-23.315527],[146.854617,-23.304626],[146.855179,-23.292957],[146.863481,-23.280875],[146.87495,-23.275315],[146.88446,-23.224925],[146.87147,-23.210385],[146.87424,-23.198635],[146.86293,-23.173925],[146.84666,-23.163575],[146.815011,-23.155065],[146.798861,-23.143125],[146.789791,-23.129925],[146.785341,-23.103735],[146.778111,-23.092115],[146.78625,-23.076065],[146.78169,-23.055065],[146.78765,-23.047155],[146.78604,-23.033826],[146.7727,-23.017586],[146.75474,-22.990256],[146.74496,-22.986556],[146.73491,-22.975516],[146.713521,-22.966096],[146.697041,-22.964685],[146.694941,-22.957006],[146.664201,-22.924106],[146.669181,-22.918326],[146.661821,-22.906146],[146.641811,-22.883376],[146.624072,-22.887046],[146.609782,-22.881316],[146.594432,-22.887576],[146.577053,-22.889976],[146.560753,-22.880536],[146.553413,-22.868696],[146.546013,-22.838656],[146.525953,-22.812137],[146.524223,-22.800287],[146.539913,-22.789057],[146.548767,-22.768926],[146.40076,-22.756239],[146.423746,-22.547344],[146.439324,-22.548865],[146.451774,-22.499313],[146.436728,-22.487078],[146.428595,-22.487942],[146.413661,-22.503222],[146.387628,-22.519329],[146.372382,-22.519444],[146.347122,-22.500006],[146.335271,-22.495551],[146.311092,-22.493311],[146.289756,-22.497751],[146.269482,-22.507225],[146.283188,-22.463379],[146.113263,-22.446842],[146.108921,-22.445663],[146.122071,-22.347422],[146.052132,-22.338502],[146.070664,-22.226622],[146.064585,-22.185761],[146.074055,-22.123377],[146.06606,-22.116209],[146.031455,-22.104814],[146.002047,-22.100217],[145.880312,-22.08468],[145.880557,-22.080412],[145.76961,-22.06659],[145.770078,-22.04853],[145.661171,-22.041156],[145.668263,-21.932034],[145.627197,-21.926724],[145.630165,-21.892921],[145.640624,-21.893986],[145.64578,-21.797513],[145.661823,-21.724312],[145.673239,-21.716015],[145.678477,-21.668189],[145.532833,-21.658254],[145.529402,-21.701941],[145.434731,-21.692052],[145.418234,-21.846247],[145.262042,-21.828722],[145.258353,-21.829973],[145.243999,-21.792608],[145.166068,-21.784894],[145.152964,-21.898926],[145.075195,-21.891442],[145.074247,-21.899753],[145.08434,-21.910258],[145.082206,-21.942606],[144.956305,-21.930311],[144.943048,-22.059149],[144.800893,-22.045529],[144.796083,-22.098446],[144.752102,-22.094483],[144.746299,-22.148137],[144.742046,-22.163815],[144.737391,-22.210655],[144.723526,-22.202108],[144.717224,-22.2038],[144.637413,-22.195466],[144.500514,-22.185662],[144.501776,-22.165143],[144.397776,-22.157051],[144.402806,-22.113301],[144.413307,-22.098162],[144.417213,-22.061724],[144.26849,-22.047868],[144.270074,-22.032609],[144.263322,-21.996823],[144.180328,-21.989558],[144.185983,-21.913747],[144.111406,-21.906335],[144.092446,-21.898958],[144.05743,-21.898341],[144.038846,-21.894713],[144.044621,-21.830302],[143.934226,-21.822113],[143.929446,-21.819981],[143.782066,-21.811122],[143.781834,-21.81408],[143.709006,-21.805498],[143.630837,-21.797422],[143.642348,-21.705214],[143.649256,-21.641178],[143.450086,-21.622855],[143.448393,-21.624526],[143.358027,-21.616028],[143.329875,-21.611515],[143.331812,-21.576881],[143.339756,-21.506428],[143.35953,-21.322011],[143.23664,-21.31119],[143.18803,-21.308656],[143.000105,-21.454505],[142.953327,-21.493758],[142.942412,-21.481655],[142.862092,-21.54506],[142.815399,-21.493135],[142.693958,-21.587863],[142.718468,-21.614949],[142.651366,-21.667494],[142.656514,-21.610361],[142.495176,-21.597057],[142.491224,-21.644184],[142.33155,-21.636171],[142.335189,-21.607104],[142.228163,-21.596278],[142.231842,-21.550869],[142.161278,-21.542844],[142.071999,-21.540753],[142.065725,-21.693617],[142.048748,-21.815048],[141.740814,-21.79098],[141.738616,-21.806277],[141.580015,-21.793194],[141.583156,-21.755977],[141.50783,-21.750468],[141.481129,-21.964069],[141.304782,-21.949605],[141.284543,-21.988843],[141.284196,-22.009975],[141.290838,-22.023905],[141.290221,-22.045083],[141.294338,-22.061885],[141.198634,-22.055173],[141.18285,-22.249626],[141.228483,-22.297977],[141.253487,-22.321365],[141.245778,-22.335434],[141.154704,-22.406495],[141.07972,-22.465648],[141.198923,-22.597559],[141.145629,-22.633357],[141.133889,-22.621264],[141.090848,-22.618233],[141.089639,-22.628174],[141.094922,-22.641932],[141.102775,-22.690069],[141.117252,-22.702695],[141.122864,-22.749199],[141.11446,-22.774505],[141.122257,-22.804494],[141.00055,-22.90027],[140.98674,-22.899036],[140.985717,-22.911558],[141.021423,-22.921876],[141.046356,-22.947653],[140.979163,-22.999813],[140.924565,-23.044439],[140.946999,-23.067769],[140.82219,-23.161545],[140.829373,-23.170192],[140.759621,-23.223156],[140.719362,-23.188629],[140.667108,-23.158375],[140.662341,-23.157725],[140.621458,-23.192128],[140.572649,-23.231406],[140.413234,-23.34621],[140.341912,-23.418267],[140.355569,-23.525775],[140.154496,-23.505643],[140.064409,-23.497836],[139.936208,-23.485855],[139.929379,-23.549112],[139.939169,-23.550016],[139.936229,-23.577092],[139.889422,-23.613962],[139.862623,-23.629454],[139.865377,-23.644234],[139.874933,-23.655038],[139.877508,-23.671806],[139.888662,-23.676735],[139.892609,-23.693644],[139.635934,-23.679174],[139.463728,-23.671293],[139.475759,-23.520779],[139.295422,-23.509979],[139.338996,-23.473871],[139.174868,-23.309969],[139.122701,-23.352076],[139.076354,-23.306816],[138.899454,-23.448333],[138.921104,-23.476494],[138.870578,-23.512372],[138.736465,-23.611343],[138.642334,-23.51223],[138.592055,-23.46253],[138.464389,-23.555056],[137.998246,-23.520895],[137.998486,-23.833178],[137.998507,-23.916508],[137.998569,-24.166498],[137.9986,-24.249828],[137.998745,-24.833129],[137.998776,-24.916459],[137.99894,-25.583107],[137.998971,-25.666437],[137.999054,-25.996867],[138.165712,-25.996835],[138.332371,-25.996804],[138.48863,-25.996773],[138.69781,-25.996743],[138.947799,-25.996713],[139.237398,-25.996652],[139.408747,-25.996619],[139.575405,-25.996587],[139.87258,-25.996524],[140.355301,-25.996521],[140.605287,-25.99646],[140.771946,-25.996409],[140.999394,-25.996376],[140.999425,-26.172187],[140.999435,-26.317537],[140.999446,-26.498488],[140.999439,-26.734048],[140.997943,-26.761622],[140.997507,-26.909189],[140.996764,-27.285229],[140.996906,-27.605864],[140.996891,-27.668511],[140.995702,-28.069183],[140.999071,-28.538648],[140.99931,-28.822833],[140.999475,-28.999095],[142.200593,-28.998988],[142.363938,-28.997796],[142.602575,-28.999048],[144.41535,-28.99909],[148.958309,-28.999065],[148.965924,-28.993375],[148.964244,-28.991446],[148.967276,-28.991009],[148.969379,-28.987822],[148.966652,-28.98608],[148.971078,-28.985324],[148.971965,-28.980556],[148.976321,-28.976413],[148.981264,-28.975594],[148.984301,-28.976717],[148.986892,-28.974319],[148.990859,-28.976191],[148.991291,-28.971684],[148.998297,-28.972645],[149.00423,-28.967614],[149.004994,-28.960671],[149.027847,-28.954529],[149.032686,-28.955958],[149.034921,-28.945903],[149.03988,-28.942418],[149.038946,-28.939036],[149.04293,-28.939231],[149.043948,-28.934823],[149.045294,-28.934515],[149.04526,-28.931473],[149.04313,-28.92698],[149.047274,-28.924839],[149.04832,-28.916989],[149.050999,-28.917622],[149.05486,-28.912071],[149.058652,-28.910358],[149.055979,-28.900787],[149.060261,-28.894842],[149.058118,-28.893649],[149.059047,-28.891861],[149.063984,-28.888645],[149.059534,-28.886211],[149.055347,-28.886921],[149.055338,-28.884099],[149.059106,-28.879687],[149.063634,-28.878167],[149.070072,-28.871938],[149.072521,-28.864013],[149.075727,-28.859384],[149.080061,-28.858362],[149.080762,-28.841801],[149.093157,-28.8338],[149.096384,-28.834275],[149.097078,-28.83168],[149.099079,-28.834168],[149.102764,-28.833372],[149.103225,-28.838124],[149.108822,-28.833405],[149.112155,-28.834132],[149.113262,-28.831671],[149.11929,-28.829415],[149.122057,-28.831754],[149.122431,-28.834566],[149.124659,-28.833265],[149.128192,-28.835262],[149.131061,-28.829568],[149.138908,-28.827812],[149.138965,-28.825471],[149.142444,-28.818927],[149.139757,-28.807197],[149.160386,-28.810739],[149.162536,-28.805946],[149.166714,-28.80868],[149.175863,-28.802663],[149.179183,-28.802996],[149.179933,-28.798703],[149.186969,-28.794063],[149.184118,-28.790145],[149.186766,-28.786496],[149.186484,-28.782048],[149.19236,-28.7806],[149.188805,-28.775118],[149.193775,-28.773916],[149.19479,-28.771068],[149.207476,-28.769488],[149.207333,-28.765852],[149.210306,-28.768246],[149.214126,-28.763662],[149.224974,-28.764462],[149.224223,-28.762599],[149.225819,-28.762946],[149.22631,-28.761075],[149.228455,-28.761857],[149.227991,-28.759183],[149.230224,-28.758351],[149.231872,-28.755928],[149.230523,-28.751208],[149.232275,-28.75168],[149.233158,-28.749325],[149.23684,-28.750624],[149.240167,-28.746722],[149.242959,-28.747136],[149.241173,-28.745575],[149.246912,-28.738899],[149.249174,-28.74155],[149.251733,-28.739996],[149.253764,-28.742235],[149.25454,-28.738852],[149.257019,-28.739479],[149.257462,-28.737104],[149.262342,-28.734297],[149.2654,-28.735795],[149.263561,-28.73975],[149.266365,-28.742825],[149.269197,-28.743452],[149.273776,-28.737107],[149.287424,-28.726308],[149.293455,-28.712012],[149.297081,-28.709947],[149.302526,-28.709137],[149.310222,-28.712141],[149.318898,-28.711621],[149.336087,-28.698295],[149.345837,-28.694456],[149.347704,-28.691188],[149.351359,-28.692666],[149.352613,-28.688508],[149.358975,-28.68433],[149.363507,-28.689868],[149.36935,-28.687788],[149.375848,-28.692621],[149.379323,-28.690572],[149.384963,-28.691494],[149.385521,-28.694777],[149.387389,-28.695803],[149.391305,-28.69188],[149.394167,-28.685725],[149.393867,-28.677292],[149.396665,-28.677435],[149.399148,-28.674869],[149.40203,-28.6761],[149.405469,-28.675241],[149.404691,-28.673318],[149.414237,-28.666888],[149.413694,-28.665349],[149.410701,-28.667374],[149.410581,-28.663728],[149.41568,-28.662762],[149.417151,-28.660985],[149.417015,-28.655002],[149.423022,-28.655209],[149.422895,-28.653758],[149.418298,-28.653653],[149.417037,-28.651315],[149.430569,-28.642874],[149.429017,-28.632224],[149.442976,-28.620323],[149.439051,-28.615778],[149.444233,-28.606455],[149.451812,-28.604093],[149.453705,-28.599216],[149.452554,-28.594867],[149.455671,-28.595997],[149.455768,-28.592989],[149.458763,-28.594066],[149.461616,-28.591554],[149.467185,-28.596368],[149.4716,-28.592694],[149.474862,-28.593894],[149.477324,-28.58793],[149.47929,-28.59118],[149.480842,-28.589813],[149.482508,-28.586191],[149.481514,-28.582818],[149.485493,-28.582526],[149.490205,-28.584502],[149.492418,-28.580934],[149.499038,-28.57797],[149.502704,-28.580399],[149.502977,-28.574351],[149.509787,-28.577127],[149.512177,-28.576094],[149.51545,-28.579331],[149.518255,-28.579025],[149.519401,-28.5811],[149.521711,-28.579138],[149.524845,-28.57936],[149.528925,-28.57422],[149.535797,-28.574444],[149.553629,-28.577364],[149.561804,-28.573937],[149.567052,-28.573655],[149.568553,-28.571079],[149.580467,-28.572525],[149.58419,-28.574373],[149.587938,-28.572815],[149.590131,-28.575669],[149.598314,-28.57928],[149.599314,-28.583558],[149.606681,-28.593788],[149.605119,-28.597879],[149.610493,-28.597399],[149.610654,-28.60088],[149.618393,-28.598606],[149.619401,-28.596097],[149.623909,-28.595279],[149.625491,-28.593342],[149.627408,-28.596006],[149.630956,-28.595231],[149.634597,-28.59544],[149.636348,-28.599621],[149.639043,-28.598016],[149.642282,-28.599207],[149.64559,-28.60379],[149.647886,-28.61211],[149.660712,-28.609311],[149.664264,-28.612387],[149.664485,-28.618378],[149.668235,-28.619248],[149.671208,-28.62111],[149.674008,-28.624156],[149.671799,-28.629213],[149.666654,-28.631859],[149.670336,-28.632547],[149.6724,-28.630267],[149.672426,-28.633442],[149.676387,-28.6312],[149.678117,-28.634522],[149.678571,-28.632655],[149.680878,-28.633888],[149.682288,-28.631393],[149.687989,-28.632323],[149.687835,-28.629185],[149.689807,-28.628191],[149.69126,-28.633651],[149.693079,-28.631845],[149.694436,-28.633008],[149.696282,-28.630778],[149.698193,-28.632708],[149.703104,-28.633712],[149.703544,-28.625403],[149.705552,-28.622034],[149.703137,-28.619301],[149.705886,-28.617819],[149.708538,-28.613359],[149.721169,-28.609183],[149.733025,-28.614308],[149.735335,-28.617432],[149.741585,-28.613086],[149.743714,-28.615355],[149.746135,-28.611953],[149.750307,-28.612112],[149.751087,-28.610788],[149.753291,-28.61067],[149.754943,-28.609441],[149.760026,-28.615048],[149.764905,-28.612704],[149.767774,-28.614061],[149.767492,-28.611029],[149.772386,-28.614164],[149.775912,-28.613087],[149.779673,-28.609804],[149.781266,-28.612348],[149.786738,-28.61125],[149.797716,-28.610177],[149.800623,-28.60791],[149.80359,-28.607281],[149.809787,-28.607438],[149.811439,-28.605773],[149.813085,-28.608315],[149.814927,-28.608284],[149.819292,-28.615843],[149.821932,-28.608961],[149.826509,-28.608765],[149.83036,-28.603748],[149.839625,-28.603661],[149.844852,-28.610477],[149.854586,-28.604269],[149.860284,-28.606866],[149.87433,-28.603354],[149.882885,-28.60938],[149.884006,-28.612128],[149.890944,-28.612711],[149.887122,-28.615574],[149.889815,-28.618768],[149.893975,-28.615919],[149.899141,-28.621909],[149.899112,-28.619651],[149.90515,-28.618845],[149.902947,-28.615503],[149.908436,-28.610307],[149.917404,-28.608056],[149.925285,-28.608948],[149.937246,-28.614581],[149.941892,-28.617922],[149.94282,-28.613865],[149.949056,-28.612742],[149.948013,-28.610887],[149.950561,-28.60804],[149.952955,-28.609497],[149.957531,-28.610087],[149.962199,-28.612062],[149.961557,-28.608478],[149.964376,-28.608113],[149.970141,-28.609844],[149.97158,-28.607665],[149.977001,-28.610814],[149.994482,-28.59392],[150.016091,-28.580656],[150.022758,-28.582868],[150.026725,-28.579175],[150.0313,-28.580975],[150.031022,-28.5837],[150.034356,-28.583532],[150.03628,-28.585802],[150.040147,-28.583074],[150.045166,-28.586827],[150.04874,-28.589196],[150.051271,-28.585359],[150.056549,-28.586378],[150.055551,-28.584611],[150.057626,-28.583415],[150.057296,-28.579955],[150.059394,-28.578451],[150.067904,-28.577774],[150.073281,-28.576562],[150.072567,-28.580124],[150.075092,-28.58023],[150.075761,-28.582149],[150.079904,-28.584396],[150.082607,-28.582652],[150.079824,-28.581633],[150.081605,-28.577473],[150.084465,-28.580389],[150.087386,-28.580732],[150.088126,-28.577631],[150.085176,-28.575843],[150.090443,-28.575497],[150.090427,-28.578846],[150.092923,-28.578618],[150.093634,-28.574009],[150.097152,-28.563369],[150.101589,-28.565915],[150.105191,-28.56535],[150.105653,-28.567746],[150.110908,-28.570297],[150.111804,-28.568144],[150.115516,-28.567914],[150.112885,-28.563041],[150.116783,-28.563967],[150.116974,-28.561657],[150.120913,-28.562448],[150.121475,-28.559734],[150.124418,-28.56116],[150.126394,-28.564865],[150.128017,-28.562401],[150.130734,-28.562688],[150.131617,-28.563496],[150.133062,-28.561672],[150.136794,-28.560141],[150.141293,-28.559879],[150.143682,-28.557528],[150.148163,-28.558294],[150.147836,-28.552713],[150.15228,-28.55021],[150.154104,-28.551015],[150.155057,-28.554804],[150.163422,-28.5557],[150.166572,-28.551051],[150.169233,-28.550587],[150.170186,-28.55461],[150.167777,-28.555527],[150.169758,-28.557208],[150.171551,-28.56389],[150.171875,-28.559992],[150.173594,-28.558277],[150.17693,-28.558982],[150.182694,-28.556287],[150.184067,-28.558642],[150.17789,-28.563474],[150.186598,-28.565211],[150.187552,-28.569053],[150.192465,-28.566742],[150.20116,-28.568803],[150.204226,-28.573415],[150.207564,-28.572675],[150.212287,-28.574181],[150.213696,-28.572933],[150.212298,-28.569405],[150.213149,-28.567549],[150.21851,-28.568318],[150.219983,-28.566728],[150.226225,-28.568782],[150.229074,-28.567687],[150.233491,-28.561074],[150.228929,-28.558576],[150.230399,-28.555713],[150.238805,-28.559711],[150.238197,-28.557261],[150.23525,-28.556234],[150.236053,-28.55381],[150.243227,-28.552357],[150.244736,-28.554577],[150.249043,-28.552242],[150.253124,-28.547008],[150.262192,-28.544869],[150.269541,-28.539786],[150.272201,-28.539275],[150.289648,-28.537157],[150.295979,-28.53967],[150.300536,-28.548467],[150.309109,-28.550592],[150.320591,-28.557182],[150.322731,-28.565588],[150.327556,-28.571045],[150.342672,-28.575283],[150.3513,-28.575348],[150.349343,-28.581921],[150.352542,-28.587759],[150.356447,-28.589807],[150.363344,-28.589484],[150.369675,-28.598511],[150.363767,-28.60751],[150.37595,-28.622436],[150.385375,-28.631512],[150.387879,-28.633924],[150.390865,-28.634144],[150.397551,-28.628636],[150.401823,-28.627281],[150.408798,-28.63389],[150.413973,-28.633892],[150.416337,-28.635887],[150.415999,-28.646585],[150.415222,-28.650834],[150.429277,-28.651122],[150.437649,-28.661581],[150.445551,-28.665141],[150.453469,-28.665639],[150.456598,-28.663736],[150.460085,-28.668912],[150.470803,-28.662883],[150.47278,-28.660118],[150.481727,-28.663777],[150.487084,-28.657421],[150.493143,-28.659391],[150.51481,-28.661759],[150.520856,-28.6555],[150.525002,-28.654311],[150.537428,-28.657106],[150.5392,-28.660519],[150.538095,-28.662076],[150.532246,-28.662046],[150.525682,-28.665566],[150.527008,-28.668879],[150.535145,-28.67203],[150.544079,-28.671524],[150.550566,-28.670145],[150.556657,-28.654512],[150.561392,-28.661817],[150.580641,-28.655465],[150.600217,-28.665111],[150.600191,-28.670758],[150.606229,-28.67063],[150.617553,-28.673514],[150.620514,-28.668632],[150.632541,-28.676572],[150.641159,-28.665133],[150.6734,-28.65018],[150.681695,-28.661351],[150.692406,-28.653411],[150.708625,-28.651951],[150.708589,-28.64745],[150.710529,-28.644643],[150.728255,-28.63449],[150.752343,-28.633464],[150.78135,-28.644149],[150.795757,-28.655236],[150.804297,-28.653216],[150.818847,-28.657336],[150.819025,-28.659833],[150.816427,-28.663177],[150.819279,-28.666631],[150.829882,-28.666992],[150.848417,-28.673119],[150.852071,-28.677101],[150.85282,-28.680266],[150.863196,-28.687359],[150.870263,-28.686087],[150.874008,-28.693797],[150.880567,-28.68859],[150.884394,-28.690452],[150.88524,-28.695367],[150.890643,-28.694558],[150.893944,-28.688242],[150.899648,-28.686977],[150.906384,-28.687706],[150.914506,-28.697514],[150.924063,-28.698455],[150.930908,-28.705519],[150.932122,-28.722079],[150.937708,-28.725427],[150.938189,-28.730938],[150.945211,-28.728717],[150.948417,-28.734381],[150.954483,-28.736417],[150.960805,-28.735102],[150.96304,-28.737169],[150.970383,-28.731625],[150.980176,-28.732307],[150.983459,-28.735621],[151.01065,-28.740805],[151.025092,-28.753374],[151.028963,-28.770497],[151.024763,-28.793127],[151.03369,-28.793926],[151.041903,-28.799153],[151.042095,-28.815027],[151.037641,-28.819087],[151.037362,-28.827649],[151.041416,-28.830521],[151.042867,-28.834358],[151.039228,-28.838577],[151.044323,-28.840488],[151.045321,-28.844482],[151.052146,-28.843864],[151.059889,-28.845935],[151.067935,-28.844546],[151.083206,-28.83438],[151.102759,-28.836369],[151.1044,-28.844291],[151.10855,-28.842831],[151.115599,-28.850394],[151.124959,-28.851409],[151.132965,-28.860242],[151.13933,-28.861746],[151.144698,-28.860955],[151.151498,-28.865058],[151.161334,-28.865471],[151.174018,-28.879974],[151.185065,-28.878682],[151.200196,-28.884349],[151.206606,-28.892281],[151.208752,-28.90147],[151.228042,-28.908491],[151.231203,-28.907885],[151.234722,-28.904656],[151.238465,-28.908929],[151.240756,-28.919872],[151.243908,-28.924297],[151.258674,-28.932145],[151.265194,-28.933147],[151.267819,-28.936373],[151.274808,-28.938926],[151.281591,-28.948893],[151.28234,-28.95408],[151.2804,-28.961006],[151.272148,-28.973172],[151.282556,-28.980593],[151.276414,-28.986967],[151.278083,-28.995432],[151.283956,-29.005871],[151.281856,-29.019131],[151.274384,-29.024135],[151.271058,-29.030275],[151.275759,-29.035274],[151.284865,-29.037356],[151.288861,-29.050251],[151.284284,-29.059148],[151.284284,-29.065537],[151.275509,-29.077791],[151.279467,-29.089451],[151.27782,-29.093728],[151.279649,-29.100769],[151.281721,-29.104393],[151.289685,-29.111253],[151.297195,-29.112786],[151.302964,-29.11603],[151.304643,-29.121989],[151.315471,-29.134499],[151.31611,-29.138309],[151.309922,-29.144221],[151.308844,-29.147526],[151.312035,-29.161519],[151.33931,-29.177266],[151.347385,-29.176966],[151.36005,-29.172819],[151.376561,-29.176842],[151.393784,-29.177893],[151.401753,-29.171049],[151.402782,-29.166084],[151.410638,-29.152566],[151.416458,-29.14935],[151.428307,-29.147477],[151.433762,-29.139534],[151.451744,-29.126859],[151.457638,-29.11712],[151.463025,-29.098943],[151.475913,-29.09184],[151.486066,-29.088818],[151.491416,-29.077597],[151.495813,-29.073117],[151.502292,-29.070805],[151.502501,-29.066099],[151.497123,-29.062902],[151.49149,-29.056244],[151.497117,-29.042233],[151.495335,-29.034907],[151.49823,-29.019909],[151.499686,-29.01741],[151.502341,-29.016533],[151.504745,-29.011129],[151.515706,-28.998214],[151.522036,-28.996096],[151.52467,-28.98876],[151.536094,-28.980619],[151.537616,-28.973745],[151.544681,-28.96119],[151.545566,-28.952998],[151.54908,-28.952484],[151.566806,-28.941731],[151.570471,-28.944128],[151.575134,-28.943469],[151.577091,-28.945031],[151.583959,-28.939152],[151.588361,-28.931922],[151.609616,-28.923279],[151.616835,-28.926122],[151.651449,-28.917029],[151.666316,-28.905359],[151.674758,-28.907595],[151.688425,-28.886915],[151.695686,-28.888407],[151.695537,-28.884391],[151.702131,-28.882271],[151.706536,-28.871784],[151.711267,-28.871335],[151.713612,-28.87537],[151.716797,-28.874869],[151.722596,-28.870284],[151.72288,-28.868534],[151.726628,-28.866876],[151.73386,-28.871578],[151.733761,-28.878384],[151.731799,-28.882695],[151.736957,-28.895653],[151.740854,-28.897458],[151.740065,-28.902194],[151.746341,-28.913842],[151.745287,-28.917661],[151.743471,-28.918646],[151.759359,-28.926435],[151.757978,-28.929941],[151.762362,-28.934138],[151.772735,-28.938251],[151.770227,-28.955846],[151.77828,-28.958047],[151.789909,-28.953663],[151.793825,-28.949658],[151.806394,-28.944636],[151.815,-28.950786],[151.813804,-28.959374],[151.825579,-28.963333],[151.834235,-28.957209],[151.839557,-28.942665],[151.836361,-28.936848],[151.834783,-28.932275],[151.836109,-28.930859],[151.837909,-28.916547],[151.84139,-28.911551],[151.849363,-28.90785],[151.859105,-28.907213],[151.868312,-28.913884],[151.871322,-28.914457],[151.878015,-28.915003],[151.881636,-28.911884],[151.89576,-28.913727],[151.91338,-28.920595],[151.91674,-28.925127],[151.916048,-28.929307],[151.922386,-28.928444],[151.927347,-28.925411],[151.951819,-28.919221],[151.95623,-28.916793],[151.961287,-28.91879],[151.968198,-28.916567],[151.974055,-28.90911],[151.981843,-28.908926],[151.99694,-28.897953],[152.00109,-28.90973],[152.004034,-28.910065],[152.009703,-28.907663],[152.012501,-28.900925],[152.016322,-28.897094],[152.016715,-28.892531],[152.024479,-28.88991],[152.024022,-28.886755],[152.028386,-28.876781],[152.031466,-28.874253],[152.030867,-28.869488],[152.038126,-28.864696],[152.035874,-28.858658],[152.039547,-28.854623],[152.036909,-28.851794],[152.02953,-28.854572],[152.022897,-28.854696],[152.015536,-28.852027],[152.015064,-28.850626],[152.01831,-28.845822],[152.017057,-28.838514],[152.020046,-28.837891],[152.023168,-28.831587],[152.02799,-28.832381],[152.03273,-28.829004],[152.037291,-28.819231],[152.034743,-28.79071],[152.036326,-28.756992],[152.040984,-28.753681],[152.041636,-28.746317],[152.043845,-28.746091],[152.047714,-28.740329],[152.046331,-28.7342],[152.042726,-28.731623],[152.053866,-28.72543],[152.062101,-28.718202],[152.071199,-28.714861],[152.076049,-28.708175],[152.066079,-28.697454],[152.064588,-28.690609],[152.068045,-28.684912],[152.066354,-28.680968],[152.061969,-28.67915],[152.052567,-28.68194],[152.03915,-28.664448],[152.02051,-28.66377],[152.013854,-28.665753],[152.010168,-28.664951],[152.011418,-28.661752],[152.005792,-28.651335],[152.00203,-28.650129],[152.001794,-28.63993],[151.990804,-28.6244],[151.993912,-28.611297],[151.99178,-28.594703],[151.988368,-28.59176],[151.985979,-28.581498],[151.976436,-28.573009],[151.957677,-28.563409],[151.953867,-28.539913],[151.958747,-28.527218],[151.955645,-28.518904],[151.964826,-28.514516],[151.978447,-28.503184],[151.982893,-28.503395],[151.98586,-28.509833],[151.984428,-28.51651],[151.988951,-28.525613],[151.992074,-28.524695],[151.995154,-28.526805],[151.999468,-28.528516],[152.016864,-28.525281],[152.020099,-28.521049],[152.018973,-28.51781],[152.02428,-28.513143],[152.027046,-28.5129],[152.035945,-28.507253],[152.045672,-28.494966],[152.055382,-28.490016],[152.05964,-28.490651],[152.067033,-28.48559],[152.066914,-28.47933],[152.0702,-28.468003],[152.072683,-28.468876],[152.07472,-28.467722],[152.076064,-28.469556],[152.079589,-28.470167],[152.094093,-28.469047],[152.102816,-28.463025],[152.111504,-28.463862],[152.121134,-28.462669],[152.127902,-28.453683],[152.135179,-28.452083],[152.142038,-28.442236],[152.146635,-28.439131],[152.154614,-28.437947],[152.156671,-28.434382],[152.160504,-28.433123],[152.164947,-28.432626],[152.174712,-28.434786],[152.184519,-28.438872],[152.190266,-28.433948],[152.204648,-28.438247],[152.207305,-28.44541],[152.213873,-28.446106],[152.217189,-28.449236],[152.221671,-28.444888],[152.222021,-28.441954],[152.225596,-28.43721],[152.228544,-28.436965],[152.230609,-28.429826],[152.237884,-28.423436],[152.239263,-28.417583],[152.252211,-28.410416],[152.252482,-28.407427],[152.260698,-28.400421],[152.267606,-28.390047],[152.27708,-28.392961],[152.288432,-28.393151],[152.290697,-28.382471],[152.302194,-28.374554],[152.304919,-28.372005],[152.309659,-28.363168],[152.320781,-28.367186],[152.326859,-28.366609],[152.331321,-28.368087],[152.336055,-28.366448],[152.341582,-28.36786],[152.355946,-28.361197],[152.364758,-28.366106],[152.37739,-28.365822],[152.38616,-28.368554],[152.393073,-28.360535],[152.400126,-28.347594],[152.409321,-28.341797],[152.417259,-28.333089],[152.417218,-28.330099],[152.411223,-28.321056],[152.409517,-28.315734],[152.410671,-28.310248],[152.413441,-28.307504],[152.412754,-28.301853],[152.414625,-28.298037],[152.417165,-28.296784],[152.424119,-28.299424],[152.428042,-28.297727],[152.444831,-28.298822],[152.442877,-28.290442],[152.448252,-28.281026],[152.454982,-28.277769],[152.457726,-28.272539],[152.461456,-28.269626],[152.459753,-28.266174],[152.461791,-28.260594],[152.471174,-28.257003],[152.48237,-28.257887],[152.487617,-28.253908]]]},"bbox":[137.998246,-29.177893,152.492287,-21.308656]},
{"properties":{"electorateShortName":"mcpherson","electorateName":"McPherson","area":229.41645,"state":"QLD"},"type":"Feature","geometry":{"type":"Polygon","coordinates":[[[153.296863,-28.234233],[153.304239,-28.239667],[153.311776,-28.237482],[153.316685,-28.238717],[153.324189,-28.236483],[153.330213,-28.237064],[153.33958,-28.250311],[153.346223,-28.248172],[153.356812,-28.249619],[153.369669,-28.245229],[153.389527,-28.234935],[153.390412,-28.228892],[153.40661,-28.210415],[153.4356,-28.187207],[153.457134,-28.18054],[153.468504,-28.162512],[153.476931,-28.15702],[153.482617,-28.158431],[153.485949,-28.157028],[153.534643,-28.17763],[153.552171,-28.164408],[153.523277,-28.166121],[153.500411,-28.147743],[153.488613,-28.131105],[153.473484,-28.120061],[153.447581,-28.076061],[153.424535,-28.072587],[153.406935,-28.047412],[153.408801,-28.03519],[153.395781,-28.030988],[153.37936,-28.035274],[153.368455,-28.046136],[153.355703,-28.0495],[153.353015,-28.087664],[153.363423,-28.086206],[153.370122,-28.106398],[153.360592,-28.125727],[153.365224,-28.132919],[153.358489,-28.157291],[153.319658,-28.187666],[153.317285,-28.207015],[153.294263,-28.230486],[153.296863,-28.234233]]]},"bbox":[153.294263,-28.250311,153.552171,-28.030988]},
{"properties":{"electorateShortName":"moncrieff","electorateName":"Moncrieff","area":99.922918,"state":"QLD"},"type":"Feature","geometry":{"type":"Polygon","coordinates":[[[153.447581,-28.076061],[153.437734,-28.040372],[153.431074,-27.998905],[153.429127,-27.938144],[153.433728,-27.933812],[153.424358,-27.936692],[153.421285,-27.948964],[153.413165,-27.958244],[153.383803,-27.954014],[153.376538,-27.964772],[153.347026,-27.960762],[153.344164,-27.9768],[153.332663,-27.986056],[153.322889,-27.982192],[153.316512,-27.990357],[153.285815,-28.01028],[153.324398,-28.013614],[153.32395,-28.022228],[153.338298,-28.022589],[153.351808,-28.031335],[153.355703,-28.0495],[153.368455,-28.046136],[153.37936,-28.035274],[153.395781,-28.030988],[153.408801,-28.03519],[153.406935,-28.047412],[153.424535,-28.072587],[153.447581,-28.076061]]]},"bbox":[153.285815,-28.076061,153.447581,-27.933812]},
{"properties":{"electorateShortName":"moreton","electorateName":"Moreton","area":107.858002,"state":"QLD"},"type":"Feature","geometry":{"type":"Polygon","coordinates":[[[153.111147,-27.593945],[153.098291,-27.574891],[153.078403,-27.562525],[153.060743,-27.542815],[153.055774,-27.525627],[153.041764,-27.51382],[153.039557,-27.501745],[153.021748,-27.500406],[153.001051,-27.507774],[152.991004,-27.519947],[152.974399,-27.505852],[152.966998,-27.512579],[152.973568,-27.543756],[152.965154,-27.543654],[152.963216,-27.560038],[152.977442,-27.557203],[152.98926,-27.583133],[152.998315,-27.594638],[152.992192,-27.606143],[153.025181,-27.613062],[153.039823,-27.599102],[153.05113,-27.61124],[153.066301,-27.6111],[153.101045,-27.618228],[153.105836,-27.593184],[153.111147,-27.593945]]]},"bbox":[152.963216,-27.618228,153.111147,-27.500406]},
{"properties":{"electorateShortName":"oxley","electorateName":"Oxley","area":156.849526,"state":"QLD"},"type":"Feature","geometry":{"type":"Polygon","coordinates":[[[153.025181,-27.613062],[152.992192,-27.606143],[152.998315,-27.594638],[152.98926,-27.583133],[152.977442,-27.557203],[152.963216,-27.560038],[152.965154,-27.543654],[152.94987,-27.528116],[152.927121,-27.530466],[152.923776,-27.541945],[152.908562,-27.543216],[152.90669,-27.554483],[152.894941,-27.560522],[152.896096,-27.585351],[152.905734,-27.597889],[152.895538,-27.601032],[152.890042,-27.59139],[152.876341,-27.579947],[152.869357,-27.581936],[152.860306,-27.598022],[152.854983,-27.636885],[152.856419,-27.644506],[152.871629,-27.646639],[152.876065,-27.666763],[152.892916,-27.667715],[152.91509,-27.685682],[152.927745,-27.685328],[152.931556,-27.666146],[152.924719,-27.657731],[152.935829,-27.645403],[152.940729,-27.628657],[152.973372,-27.639051],[152.978697,-27.646284],[152.997202,-27.654362],[153.019347,-27.657394],[153.015103,-27.644131],[153.025181,-27.613062]]]},"bbox":[152.854983,-27.685682,153.025181,-27.528116]},
{"properties":{"electorateShortName":"petrie","electorateName":"Petrie","area":148.665588,"state":"QLD"},"type":"Feature","geometry":{"type":"Polygon","coordinates":[[[153.069523,-27.276801],[153.084115,-27.258294],[153.0931,-27.25594],[153.108013,-27.261472],[153.115863,-27.234065],[153.116631,-27.19826],[153.089077,-27.204795],[153.048153,-27.194122],[153.038025,-27.196934],[153.029344,-27.180823],[153.034908,-27.163521],[153.032094,-27.153008],[152.994728,-27.14954],[152.97767,-27.152091],[152.978741,-27.161834],[152.99163,-27.211176],[153.007286,-27.238928],[153.018277,-27.249316],[153.017541,-27.273253],[153.020339,-27.28244],[153.007163,-27.301165],[152.996983,-27.302554],[153.002537,-27.316819],[152.994092,-27.33396],[152.979151,-27.347755],[152.999425,-27.357035],[153.008877,-27.362769],[153.026437,-27.365258],[153.038857,-27.338967],[153.051177,-27.329583],[153.042375,-27.302863],[153.048373,-27.293732],[153.049898,-27.278044],[153.069523,-27.276801]]]},"bbox":[152.97767,-27.365258,153.116631,-27.14954]},
{"properties":{"electorateShortName":"rankin","electorateName":"Rankin","area":131.052285,"state":"QLD"},"type":"Feature","geometry":{"type":"Polygon","coordinates":[[[153.173817,-27.634432],[153.183562,-27.612825],[153.175711,-27.606616],[153.1562,-27.591814],[153.123314,-27.587311],[153.111147,-27.593945],[153.105836,-27.593184],[153.101045,-27.618228],[153.066301,-27.6111],[153.05113,-27.61124],[153.039823,-27.599102],[153.025181,-27.613062],[153.015103,-27.644131],[153.019347,-27.657394],[153.016596,-27.678932],[153.031658,-27.686601],[153.077668,-27.694063],[153.099301,-27.700167],[153.107597,-27.685545],[153.121548,-27.677134],[153.125298,-27.668146],[153.1383,-27.66538],[153.155392,-27.667041],[153.163543,-27.654838],[153.163214,-27.639792],[153.173817,-27.634432]]]},"bbox":[153.015103,-27.700167,153.183562,-27.587311]},
{"properties":{"electorateShortName":"ryan","electorateName":"Ryan","area":365.801962,"state":"QLD"},"type":"Feature","geometry":{"type":"Polygon","coordinates":[[[153.021748,-27.500406],[153.016333,-27.492451],[152.998404,-27.490956],[153.003037,-27.476914],[153.003899,-27.47611],[152.997212,-27.466273],[152.97752,-27.450486],[152.976127,-27.437076],[152.987742,-27.438726],[152.992407,-27.412612],[152.976999,-27.400782],[152.965853,-27.396862],[152.944568,-27.406007],[152.92519,-27.393334],[152.91504,-27.40572],[152.899311,-27.403572],[152.897229,-27.41728],[152.872683,-27.413756],[152.861148,-27.422375],[152.836792,-27.418856],[152.820849,-27.410698],[152.814194,-27.402181],[152.798652,-27.405106],[152.775615,-27.401686],[152.775638,-27.389108],[152.762318,-27.371757],[152.762898,-27.354608],[152.771761,-27.35005],[152.76759,-27.334987],[152.748845,-27.332301],[152.748503,-27.318755],[152.739167,-27.323338],[152.719551,-27.323462],[152.710194,-27.332553],[152.684185,-27.348788],[152.679693,-27.372265],[152.690506,-27.370119],[152.707818,-27.351805],[152.723898,-27.353974],[152.72201,-27.365085],[152.736847,-27.373346],[152.737133,-27.392764],[152.74361,-27.394694],[152.747525,-27.423266],[152.74272,-27.436379],[152.747202,-27.443026],[152.744119,-27.460133],[152.737839,-27.464647],[152.748793,-27.495279],[152.767394,-27.488307],[152.79526,-27.497085],[152.80679,-27.492879],[152.813051,-27.477849],[152.828979,-27.490793],[152.842256,-27.495533],[152.841179,-27.515698],[152.852999,-27.541706],[152.849693,-27.565837],[152.860306,-27.598022],[152.869357,-27.581936],[152.876341,-27.579947],[152.890042,-27.59139],[152.895538,-27.601032],[152.905734,-27.597889],[152.896096,-27.585351],[152.894941,-27.560522],[152.90669,-27.554483],[152.908562,-27.543216],[152.923776,-27.541945],[152.927121,-27.530466],[152.94987,-27.528116],[152.965154,-27.543654],[152.973568,-27.543756],[152.966998,-27.512579],[152.974399,-27.505852],[152.991004,-27.519947],[153.001051,-27.507774],[153.021748,-27.500406]]]},"bbox":[152.679693,-27.601032,153.021748,-27.318755]},
{"properties":{"electorateShortName":"wide-bay","electorateName":"Wide Bay","area":14226.66495,"state":"QLD"},"type":"Feature","geometry":{"type":"Polygon","coordinates":[[[153.095559,-26.498572],[153.102535,-26.45121],[153.114533,-26.39812],[153.116775,-26.380122],[153.100736,-26.379296],[153.093458,-26.386251],[153.079365,-26.380509],[153.066094,-26.355249],[153.061293,-26.330499],[153.061367,-26.313167],[153.066389,-26.271765],[153.074788,-26.232052],[153.086322,-26.187939],[153.113189,-26.10351],[153.134892,-26.046591],[153.152157,-26.006326],[153.185404,-25.938954],[153.17692,-25.945318],[153.155631,-25.949424],[153.137977,-25.944868],[153.113226,-25.927567],[153.091306,-25.899029],[153.085906,-25.888748],[153.077777,-25.859826],[153.072996,-25.81403],[153.076161,-25.793678],[153.089358,-25.757713],[153.078467,-25.710373],[153.077191,-25.680149],[153.080423,-25.655766],[153.089213,-25.617477],[153.098901,-25.585052],[153.115547,-25.539959],[153.142124,-25.475521],[153.212031,-25.319322],[153.266602,-25.207921],[153.325039,-25.080732],[153.350539,-25.031741],[153.357926,-25.008795],[153.352266,-24.999593],[153.349239,-24.964839],[153.324778,-24.963771],[153.299818,-24.945941],[153.285148,-24.926539],[153.267913,-24.886388],[153.26168,-24.855684],[153.259634,-24.823713],[153.262094,-24.76701],[153.266924,-24.708307],[153.264621,-24.697089],[153.249611,-24.69767],[153.212125,-24.715944],[153.171305,-24.747295],[153.171304,-24.747295],[153.17086,-24.74852],[153.16997,-24.74997],[153.16444,-24.75558],[153.15536,-24.76913],[153.13055,-24.79291],[153.12048,-24.80628],[153.13117,-24.814263],[153.14483,-24.81764],[153.17464,-24.83856],[153.19706,-24.86752],[153.22932,-24.91878],[153.23322,-24.93945],[153.22341,-24.99022],[153.199759,-25.032335],[153.161351,-25.082543],[153.124827,-25.116297],[153.072756,-25.155583],[153.056929,-25.165237],[153.030724,-25.175517],[152.999518,-25.208491],[152.9906,-25.22394],[152.99793,-25.22855],[153.01704,-25.23034],[153.02593,-25.223076],[153.03739,-25.22392],[153.04424,-25.2381],[153.050075,-25.262659],[153.0397,-25.27404],[153.046135,-25.291607],[153.04198,-25.29815],[153.04786,-25.31468],[153.05005,-25.34258],[153.046385,-25.359734],[153.034165,-25.384709],[152.938394,-25.424003],[152.92243,-25.431514],[152.906341,-25.419618],[152.896387,-25.433779],[152.86885,-25.447048],[152.86587,-25.460501],[152.854298,-25.472753],[152.848902,-25.485972],[152.83661,-25.486142],[152.823736,-25.494003],[152.805881,-25.487352],[152.791579,-25.496191],[152.787014,-25.50417],[152.77349,-25.510504],[152.764228,-25.509739],[152.751773,-25.501069],[152.741707,-25.469153],[152.726347,-25.473973],[152.702776,-25.471412],[152.684247,-25.474088],[152.672727,-25.467953],[152.650137,-25.467095],[152.638943,-25.46073],[152.627476,-25.473294],[152.613819,-25.480326],[152.602675,-25.481144],[152.573972,-25.467412],[152.497553,-25.455667],[152.492847,-25.464471],[152.464365,-25.467713],[152.450228,-25.480766],[152.421987,-25.476112],[152.405511,-25.483303],[152.401014,-25.46491],[152.404295,-25.44301],[152.410968,-25.438373],[152.416121,-25.412754],[152.395735,-25.409031],[152.389752,-25.400716],[152.364258,-25.406171],[152.327752,-25.401749],[152.319957,-25.407976],[152.298613,-25.410233],[152.273093,-25.432342],[152.260376,-25.461914],[152.262079,-25.47656],[152.27339,-25.483131],[152.268637,-25.5035],[152.26976,-25.521904],[152.251173,-25.521076],[152.24629,-25.516507],[152.214937,-25.512918],[152.215758,-25.520186],[152.193459,-25.519325],[152.179166,-25.529428],[152.165411,-25.547505],[152.164418,-25.574584],[152.151829,-25.584177],[152.129338,-25.587721],[152.124061,-25.595915],[152.111252,-25.59843],[152.115812,-25.615454],[152.112134,-25.62701],[152.092612,-25.632195],[152.080261,-25.63101],[152.07317,-25.624364],[152.041155,-25.619681],[152.038053,-25.642759],[152.027238,-25.64931],[152.010987,-25.667617],[152.017406,-25.680358],[152.015502,-25.703861],[152.003286,-25.717589],[151.996997,-25.711224],[151.982369,-25.714891],[151.980272,-25.732958],[151.995299,-25.736844],[151.997389,-25.771044],[151.986326,-25.778887],[151.986207,-25.801285],[151.978909,-25.8137],[151.959502,-25.83317],[151.948406,-25.850825],[151.937907,-25.856158],[151.928602,-25.867609],[151.912883,-25.872474],[151.901243,-25.869509],[151.892421,-25.858635],[151.892811,-25.848651],[151.863018,-25.805697],[151.853211,-25.806568],[151.829022,-25.794416],[151.813737,-25.780079],[151.810575,-25.763555],[151.800312,-25.757007],[151.789786,-25.760914],[151.789831,-25.77171],[151.778267,-25.774487],[151.780541,-25.786844],[151.76842,-25.787998],[151.762195,-25.799748],[151.765987,-25.811131],[151.774541,-25.814303],[151.764944,-25.82768],[151.772839,-25.852184],[151.774274,-25.885075],[151.780763,-25.896673],[151.77645,-25.906423],[151.779773,-25.918549],[151.762977,-25.933098],[151.756208,-25.952814],[151.748131,-25.962301],[151.747883,-25.995871],[151.742071,-26.02045],[151.752566,-26.034705],[151.741932,-26.042285],[151.722655,-26.047354],[151.726321,-26.063467],[151.734661,-26.067384],[151.72065,-26.092598],[151.72536,-26.104468],[151.72369,-26.118918],[151.74407,-26.122128],[151.74563,-26.143588],[151.7584,-26.139207],[151.786219,-26.167727],[151.797959,-26.176107],[151.809869,-26.167207],[151.824158,-26.177689],[151.829549,-26.203487],[151.848449,-26.203637],[151.851089,-26.198447],[151.869118,-26.194747],[151.879868,-26.200527],[151.872218,-26.210447],[151.884838,-26.220517],[151.894463,-26.237798],[151.893311,-26.258234],[151.907515,-26.260096],[151.91769,-26.273954],[151.90072,-26.27996],[151.898704,-26.292026],[151.887749,-26.302294],[151.981362,-26.313347],[151.976569,-26.34617],[152.008945,-26.349807],[152.001176,-26.363489],[152.011798,-26.375274],[152.066278,-26.381612],[152.072527,-26.359419],[152.088317,-26.365849],[152.096439,-26.373543],[152.120144,-26.378695],[152.121249,-26.392641],[152.140217,-26.401569],[152.148731,-26.401357],[152.159427,-26.415523],[152.16719,-26.416696],[152.173777,-26.438091],[152.167652,-26.475419],[152.195163,-26.495239],[152.2063,-26.508644],[152.23124,-26.507415],[152.233257,-26.491897],[152.253135,-26.484574],[152.258847,-26.470152],[152.271306,-26.464931],[152.27318,-26.454072],[152.283717,-26.452212],[152.296741,-26.46474],[152.319366,-26.478005],[152.340519,-26.469829],[152.370763,-26.462442],[152.376622,-26.472418],[152.390065,-26.476111],[152.402705,-26.474046],[152.412067,-26.46449],[152.442847,-26.460453],[152.438608,-26.486246],[152.444737,-26.487111],[152.444132,-26.505895],[152.435708,-26.523785],[152.436135,-26.537588],[152.4431,-26.544445],[152.440343,-26.557075],[152.450857,-26.55842],[152.449059,-26.569788],[152.456971,-26.580891],[152.519817,-26.588308],[152.51149,-26.567389],[152.553989,-26.572576],[152.560405,-26.581838],[152.575195,-26.584007],[152.587941,-26.579747],[152.595498,-26.584102],[152.625629,-26.581981],[152.643663,-26.58625],[152.66026,-26.597107],[152.680487,-26.597709],[152.681006,-26.583942],[152.694935,-26.567879],[152.710558,-26.556582],[152.714697,-26.546348],[152.728448,-26.536977],[152.745131,-26.549627],[152.75273,-26.549767],[152.767154,-26.537338],[152.759691,-26.525015],[152.762079,-26.510649],[152.743706,-26.508173],[152.744811,-26.499361],[152.765607,-26.482028],[152.757618,-26.468445],[152.78861,-26.473046],[152.80319,-26.477411],[152.813186,-26.488879],[152.814092,-26.498097],[152.843807,-26.484049],[152.869335,-26.474206],[152.892404,-26.455],[152.91721,-26.449316],[152.921839,-26.443048],[152.945017,-26.4446],[152.946255,-26.437176],[152.964466,-26.439619],[152.966381,-26.432044],[153.00602,-26.43515],[153.007481,-26.440016],[153.030792,-26.443104],[153.038591,-26.463126],[153.05675,-26.477345],[153.082978,-26.482574],[153.081046,-26.493854],[153.095559,-26.498572]]]},"bbox":[151.72065,-26.597709,153.357926,-24.697089]},
{"properties":{"electorateShortName":"wright","electorateName":"Wright","area":7576.982814,"state":"QLD"},"type":"Feature","geometry":{"type":"Polygon","coordinates":[[[153.296863,-28.234233],[153.294263,-28.230486],[153.317285,-28.207015],[153.319658,-28.187666],[153.358489,-28.157291],[153.365224,-28.132919],[153.360592,-28.125727],[153.370122,-28.106398],[153.363423,-28.086206],[153.353015,-28.087664],[153.355703,-28.0495],[153.351808,-28.031335],[153.338298,-28.022589],[153.32395,-28.022228],[153.324398,-28.013614],[153.285815,-28.01028],[153.316512,-27.990357],[153.322889,-27.982192],[153.332663,-27.986056],[153.344164,-27.9768],[153.336927,-27.970413],[153.32178,-27.96819],[153.317956,-27.956341],[153.299348,-27.953586],[153.304698,-27.940473],[153.300777,-27.926659],[153.307078,-27.91605],[153.29307,-27.914009],[153.292184,-27.903982],[153.267795,-27.919121],[153.244033,-27.897263],[153.212092,-27.900125],[153.180683,-27.895079],[153.186268,-27.88124],[153.18894,-27.855104],[153.181072,-27.85393],[153.180507,-27.840872],[153.172902,-27.834416],[153.183308,-27.820082],[153.175742,-27.808042],[153.159667,-27.804962],[153.162763,-27.787652],[153.155757,-27.786607],[153.158532,-27.76934],[153.1389,-27.763586],[153.138328,-27.752629],[153.119709,-27.743978],[153.08568,-27.770095],[153.075651,-27.766723],[153.057844,-27.752946],[153.051914,-27.768059],[153.043787,-27.774472],[153.035463,-27.761783],[153.02955,-27.778236],[153.018153,-27.788382],[153.0126,-27.777425],[153.025355,-27.752565],[153.030239,-27.725726],[152.987116,-27.720468],[153.002367,-27.707205],[153.006149,-27.686779],[153.016596,-27.678932],[153.019347,-27.657394],[152.997202,-27.654362],[152.978697,-27.646284],[152.973372,-27.639051],[152.940729,-27.628657],[152.935829,-27.645403],[152.924719,-27.657731],[152.931556,-27.666146],[152.927745,-27.685328],[152.922871,-27.708124],[152.890651,-27.70359],[152.882789,-27.747358],[152.856789,-27.757269],[152.835997,-27.755743],[152.808032,-27.758656],[152.8033,-27.785586],[152.79089,-27.793757],[152.784822,-27.788828],[152.760611,-27.785257],[152.757806,-27.767276],[152.707541,-27.758344],[152.704356,-27.749604],[152.68639,-27.746861],[152.684323,-27.752489],[152.663456,-27.749382],[152.655971,-27.738306],[152.638217,-27.741605],[152.607643,-27.737099],[152.598213,-27.726267],[152.52928,-27.717604],[152.522957,-27.726932],[152.519312,-27.761203],[152.499085,-27.758374],[152.494497,-27.783426],[152.467491,-27.783239],[152.462144,-27.803649],[152.451324,-27.802114],[152.440491,-27.859868],[152.40235,-27.863703],[152.391951,-27.817693],[152.393344,-27.809737],[152.407051,-27.805512],[152.40876,-27.796118],[152.395397,-27.781917],[152.389499,-27.769572],[152.39187,-27.75685],[152.40512,-27.749128],[152.413491,-27.70095],[152.390738,-27.697781],[152.396486,-27.68639],[152.411128,-27.681393],[152.430862,-27.651199],[152.448002,-27.654929],[152.454721,-27.66096],[152.465415,-27.647256],[152.472369,-27.626758],[152.487956,-27.603311],[152.504438,-27.595918],[152.497013,-27.582952],[152.512467,-27.574398],[152.518658,-27.55202],[152.492425,-27.551174],[152.499344,-27.511697],[152.474862,-27.508147],[152.480304,-27.482996],[152.472109,-27.472978],[152.457613,-27.464453],[152.435751,-27.457892],[152.435551,-27.441566],[152.399496,-27.428407],[152.401603,-27.414978],[152.373374,-27.40198],[152.315421,-27.39879],[152.310355,-27.4293],[152.294252,-27.427353],[152.291301,-27.400216],[152.262864,-27.416149],[152.258174,-27.409055],[152.260969,-27.392627],[152.227584,-27.388151],[152.208739,-27.390122],[152.191723,-27.386849],[152.196014,-27.406138],[152.179524,-27.407605],[152.177275,-27.420898],[152.164533,-27.425698],[152.156303,-27.438489],[152.147967,-27.437285],[152.136975,-27.423638],[152.099625,-27.411863],[152.093985,-27.401106],[152.070838,-27.402759],[152.056657,-27.402324],[152.054796,-27.412586],[152.038499,-27.409741],[152.029058,-27.416256],[152.019457,-27.44871],[152.006251,-27.44693],[152.003934,-27.462002],[151.991597,-27.460284],[151.966858,-27.473577],[151.963701,-27.480417],[151.967905,-27.503047],[151.955189,-27.514264],[151.998367,-27.525833],[151.988238,-27.535978],[152.000524,-27.55692],[151.99489,-27.599562],[151.989393,-27.608061],[151.974244,-27.609262],[151.978014,-27.621227],[151.948144,-27.617572],[151.942079,-27.632077],[151.956116,-27.649607],[151.971927,-27.644311],[151.985241,-27.64869],[151.992031,-27.673378],[152.010483,-27.699779],[152.034048,-27.702933],[152.031828,-27.716262],[152.048812,-27.718189],[152.07399,-27.731172],[152.086637,-27.757258],[152.096454,-27.744469],[152.104764,-27.745642],[152.101253,-27.765203],[152.131541,-27.771666],[152.139359,-27.779706],[152.147384,-27.799067],[152.140029,-27.807292],[152.139585,-27.821262],[152.151635,-27.834216],[152.148272,-27.862854],[152.152404,-27.872686],[152.171109,-27.887217],[152.175651,-27.904488],[152.184809,-27.912513],[152.188454,-27.924176],[152.203453,-27.927042],[152.216011,-27.938764],[152.2149,-27.945139],[152.254436,-27.956114],[152.256571,-27.960783],[152.276931,-27.969723],[152.298687,-27.956378],[152.308386,-27.962841],[152.327654,-27.96661],[152.343058,-27.961016],[152.382276,-27.965632],[152.38776,-27.971873],[152.378003,-27.990558],[152.374893,-28.012336],[152.390311,-28.030865],[152.395034,-28.04899],[152.389954,-28.059093],[152.41631,-28.069754],[152.418451,-28.088486],[152.409408,-28.095775],[152.411431,-28.112637],[152.426143,-28.1291],[152.435536,-28.156308],[152.446688,-28.166427],[152.442049,-28.176017],[152.455831,-28.195629],[152.470858,-28.194963],[152.473234,-28.20436],[152.458952,-28.226581],[152.482353,-28.229506],[152.492287,-28.243468],[152.486992,-28.247982],[152.487704,-28.2526],[152.48764,-28.253379],[152.487617,-28.253908],[152.497673,-28.25379],[152.508643,-28.249249],[152.515661,-28.25182],[152.5161,-28.256845],[152.518726,-28.256831],[152.52211,-28.260992],[152.534221,-28.262631],[152.533192,-28.279307],[152.528997,-28.287],[152.529013,-28.298687],[152.525022,-28.302471],[152.525981,-28.30625],[152.543554,-28.318452],[152.548142,-28.321019],[152.551598,-28.320446],[152.55526,-28.316795],[152.556437,-28.323355],[152.568635,-28.323575],[152.572472,-28.326185],[152.574388,-28.333393],[152.57879,-28.338821],[152.582968,-28.334696],[152.585055,-28.329201],[152.592422,-28.323998],[152.597846,-28.314779],[152.597642,-28.314618],[152.597362,-28.312818],[152.6017,-28.307381],[152.597996,-28.292048],[152.600225,-28.284023],[152.614517,-28.269555],[152.617661,-28.277491],[152.617501,-28.282861],[152.62103,-28.284249],[152.623046,-28.287392],[152.622818,-28.29428],[152.624513,-28.298204],[152.627857,-28.303031],[152.634355,-28.306184],[152.638288,-28.310997],[152.656128,-28.309697],[152.667228,-28.311752],[152.673641,-28.325981],[152.679339,-28.330416],[152.686418,-28.329075],[152.688551,-28.334678],[152.692385,-28.336667],[152.699344,-28.335469],[152.707351,-28.343675],[152.712679,-28.341471],[152.72288,-28.344096],[152.730435,-28.352464],[152.736809,-28.354795],[152.740972,-28.360123],[152.747508,-28.361057],[152.751062,-28.363914],[152.758139,-28.362872],[152.761584,-28.359815],[152.762535,-28.357797],[152.758764,-28.354459],[152.760338,-28.352235],[152.775455,-28.346625],[152.782472,-28.347456],[152.787386,-28.351626],[152.793451,-28.353987],[152.804226,-28.353594],[152.808546,-28.350216],[152.808904,-28.342765],[152.817713,-28.335876],[152.831138,-28.320265],[152.838957,-28.32206],[152.841695,-28.321025],[152.847433,-28.315972],[152.849593,-28.311214],[152.866337,-28.313036],[152.882507,-28.312472],[152.893361,-28.31779],[152.899532,-28.325214],[152.909002,-28.326605],[152.923628,-28.331766],[152.933971,-28.338335],[152.941254,-28.334525],[152.94542,-28.335632],[152.963474,-28.331925],[152.972614,-28.331853],[152.978385,-28.33376],[152.98371,-28.338167],[152.98917,-28.336675],[152.996234,-28.339964],[153.008199,-28.341717],[153.021147,-28.338638],[153.038472,-28.343247],[153.049015,-28.342055],[153.051421,-28.341229],[153.053737,-28.343118],[153.065283,-28.344234],[153.074607,-28.352296],[153.080537,-28.354162],[153.089615,-28.353487],[153.101349,-28.357843],[153.1094,-28.35744],[153.113064,-28.353483],[153.116927,-28.343028],[153.124161,-28.339771],[153.12989,-28.330665],[153.124253,-28.322914],[153.124665,-28.318641],[153.13331,-28.316801],[153.135447,-28.311987],[153.143405,-28.311993],[153.142654,-28.305302],[153.15227,-28.301878],[153.154794,-28.295691],[153.164098,-28.297666],[153.168773,-28.29262],[153.165639,-28.284725],[153.161067,-28.279824],[153.174911,-28.274777],[153.171691,-28.260516],[153.177674,-28.247667],[153.185558,-28.246449],[153.197766,-28.256209],[153.202002,-28.256036],[153.207189,-28.253342],[153.217328,-28.26228],[153.232793,-28.265143],[153.235582,-28.256693],[153.243881,-28.247515],[153.264137,-28.243548],[153.269065,-28.23862],[153.274442,-28.238056],[153.278679,-28.233676],[153.286626,-28.235248],[153.296863,-28.234233]]]},"bbox":[151.942079,-28.363914,153.370122,-27.386849]},
{"properties":{"electorateShortName":"lingiari","electorateName":"Lingiari","area":1348053.47,"state":"NT"},"type":"Feature","geometry":{"type":"MultiPolygon","coordinates":[[[[130.955869,-12.534051],[130.953479,-12.542111],[130.934248,-12.532211],[130.922618,-12.509251],[130.910408,-12.517461],[130.903608,-12.513291],[130.884878,-12.520781],[130.861168,-12.509751],[130.862118,-12.526251],[130.873858,-12.528031],[130.877819,-12.552431],[130.884649,-12.574792],[130.902599,-12.578932],[130.907459,-12.572842],[130.923079,-12.579912],[130.956169,-12.619542],[130.954699,-12.636982],[130.945289,-12.637862],[130.932929,-12.611102],[130.916579,-12.606242],[130.882289,-12.606202],[130.882789,-12.624612],[130.870469,-12.620912],[130.868019,-12.601482],[130.859819,-12.586242],[130.849799,-12.578922],[130.842759,-12.567292],[130.841469,-12.555322],[130.816059,-12.558182],[130.810159,-12.539891],[130.799919,-12.539342],[130.786829,-12.554162],[130.794449,-12.572342],[130.782869,-12.593032],[130.780979,-12.561972],[130.767629,-12.559612],[130.774039,-12.542202],[130.769419,-12.527071],[130.777229,-12.520391],[130.778479,-12.509551],[130.771439,-12.493851],[130.777048,-12.479041],[130.757389,-12.482231],[130.759548,-12.464041],[130.767338,-12.443129],[130.752948,-12.428801],[130.726038,-12.427931],[130.711659,-12.423421],[130.705669,-12.414051],[130.683829,-12.416111],[130.654259,-12.393992],[130.63827,-12.389032],[130.61735,-12.387023],[130.6116,-12.393123],[130.59149,-12.403873],[130.5785,-12.405353],[130.58725,-12.425232],[130.61221,-12.431772],[130.61763,-12.443742],[130.58096,-12.462642],[130.59109,-12.479922],[130.6041,-12.487932],[130.60576,-12.501452],[130.5887,-12.501273],[130.58284,-12.512803],[130.57803,-12.534843],[130.565861,-12.566713],[130.566791,-12.581523],[130.572321,-12.596543],[130.584511,-12.590653],[130.605931,-12.604993],[130.604671,-12.614483],[130.582821,-12.622974],[130.559572,-12.626494],[130.551072,-12.635544],[130.573402,-12.652244],[130.573303,-12.663544],[130.585863,-12.684445],[130.597243,-12.670764],[130.612103,-12.676624],[130.622452,-12.672324],[130.633402,-12.686324],[130.655392,-12.692284],[130.679132,-12.713504],[130.695252,-12.719814],[130.687143,-12.727954],[130.669133,-12.724025],[130.660603,-12.714655],[130.641143,-12.712415],[130.622154,-12.718305],[130.636324,-12.727105],[130.639344,-12.743715],[130.630934,-12.745305],[130.629534,-12.727795],[130.618714,-12.726675],[130.604544,-12.718215],[130.580735,-12.733936],[130.583254,-12.719245],[130.572654,-12.707725],[130.554504,-12.702495],[130.535885,-12.713406],[130.520625,-12.703496],[130.518415,-12.680875],[130.508854,-12.664375],[130.490945,-12.661976],[130.471715,-12.650466],[130.460885,-12.639176],[130.446616,-12.643026],[130.440046,-12.634216],[130.420267,-12.645427],[130.412797,-12.655607],[130.393578,-12.662287],[130.396468,-12.680147],[130.407248,-12.693027],[130.404108,-12.701477],[130.389678,-12.685017],[130.378858,-12.677677],[130.364698,-12.677677],[130.352719,-12.669547],[130.347669,-12.688547],[130.346309,-12.715227],[130.356219,-12.734777],[130.351979,-12.763157],[130.356009,-12.775357],[130.352799,-12.795377],[130.358339,-12.807237],[130.34754,-12.848167],[130.33316,-12.881077],[130.33824,-12.890117],[130.31451,-12.902457],[130.302881,-12.916587],[130.279501,-12.932537],[130.245622,-12.946457],[130.221412,-12.949348],[130.203333,-12.940808],[130.186053,-12.914347],[130.175793,-12.910277],[130.159093,-12.929228],[130.141114,-12.933458],[130.139264,-12.950408],[130.129234,-12.966578],[130.128314,-12.979129],[130.137994,-12.985349],[130.141194,-13.000669],[130.130194,-13.028719],[130.128395,-13.04964],[130.122085,-13.06796],[130.120285,-13.089769],[130.133935,-13.104549],[130.128195,-13.120039],[130.118885,-13.133399],[130.116176,-13.164139],[130.130515,-13.176539],[130.153815,-13.173659],[130.163055,-13.176919],[130.198585,-13.219088],[130.211584,-13.231418],[130.225204,-13.249197],[130.230564,-13.269747],[130.239288,-13.281964],[130.190815,-13.394209],[130.182226,-13.408637],[130.157506,-13.442717],[130.141607,-13.457117],[130.125227,-13.466197],[130.117257,-13.465877],[130.106367,-13.456308],[130.071958,-13.490378],[130.058688,-13.499448],[130.042429,-13.515528],[130.008369,-13.533339],[129.98406,-13.533239],[129.95684,-13.535809],[129.928631,-13.528279],[129.924111,-13.521279],[129.909891,-13.51434],[129.900511,-13.4986],[129.901471,-13.47021],[129.891541,-13.44313],[129.878391,-13.46021],[129.869401,-13.47977],[129.875431,-13.49773],[129.854411,-13.50759],[129.831192,-13.51147],[129.827732,-13.51814],[129.832282,-13.55667],[129.828032,-13.57962],[129.814313,-13.61614],[129.790163,-13.66691],[129.785833,-13.69291],[129.784004,-13.72015],[129.791423,-13.73178],[129.785094,-13.768179],[129.794013,-13.779239],[129.773894,-13.796099],[129.762344,-13.811369],[129.740024,-13.82687],[129.722565,-13.84791],[129.715525,-13.87888],[129.719355,-13.89764],[129.735105,-13.8972],[129.747495,-13.920669],[129.745905,-13.946999],[129.752395,-13.952199],[129.740025,-13.982609],[129.731586,-13.99233],[129.718866,-14.0149],[129.707286,-14.01454],[129.655587,-14.04304],[129.640877,-14.0472],[129.628717,-14.04593],[129.596098,-14.025971],[129.590638,-14.032861],[129.611678,-14.053581],[129.609288,-14.069591],[129.594868,-14.091231],[129.572492,-14.081499],[129.558792,-14.095489],[129.554812,-14.111869],[129.556712,-14.142159],[129.541991,-14.144528],[129.529963,-14.134409],[129.530482,-14.114189],[129.536542,-14.097919],[129.535072,-14.081419],[129.538582,-14.070459],[129.533862,-14.056889],[129.514142,-14.070399],[129.498062,-14.060639],[129.486482,-14.05835],[129.490153,-14.075659],[129.501482,-14.083139],[129.502473,-14.102019],[129.496383,-14.127889],[129.487893,-14.141879],[129.463853,-14.19368],[129.448803,-14.1975],[129.441804,-14.2132],[129.422164,-14.2327],[129.409294,-14.23594],[129.412574,-14.26364],[129.410524,-14.28827],[129.393515,-14.31682],[129.381905,-14.32176],[129.366655,-14.33968],[129.373895,-14.35473],[129.360725,-14.3825],[129.361715,-14.39833],[129.355625,-14.41877],[129.388565,-14.42158],[129.406855,-14.43271],[129.420725,-14.44993],[129.418155,-14.45874],[129.434455,-14.47879],[129.443155,-14.47859],[129.451605,-14.48731],[129.453185,-14.50506],[129.474455,-14.49099],[129.482675,-14.50095],[129.494495,-14.507649],[129.496675,-14.514659],[129.514285,-14.530079],[129.521435,-14.546819],[129.552161,-14.551439],[129.566761,-14.562549],[129.594491,-14.567689],[129.61016,-14.568059],[129.65379,-14.579699],[129.66934,-14.580489],[129.70106,-14.563589],[129.762609,-14.544579],[129.772469,-14.550009],[129.7412,-14.579129],[129.73029,-14.577869],[129.71891,-14.582829],[129.71298,-14.592089],[129.69238,-14.612789],[129.63678,-14.610609],[129.607751,-14.615079],[129.585135,-14.613829],[129.580675,-14.637929],[129.589191,-14.661259],[129.597761,-14.674389],[129.619276,-14.679653],[129.636721,-14.705318],[129.653771,-14.722418],[129.664664,-14.72606],[129.662211,-14.746158],[129.672401,-14.763468],[129.709901,-14.778788],[129.724641,-14.791468],[129.734401,-14.793968],[129.751491,-14.787438],[129.77473,-14.783058],[129.77603,-14.771298],[129.79823,-14.757318],[129.79147,-14.774488],[129.77681,-14.795378],[129.754141,-14.803038],[129.748901,-14.814328],[129.758411,-14.824628],[129.768981,-14.828028],[129.784561,-14.827108],[129.800841,-14.818908],[129.821181,-14.818248],[129.835941,-14.813298],[129.83734,-14.804258],[129.86835,-14.776208],[129.88989,-14.770278],[129.90283,-14.773218],[129.87627,-14.806888],[129.885561,-14.813898],[129.846151,-14.829688],[129.853461,-14.841108],[129.821491,-14.853518],[129.802541,-14.858017],[129.763501,-14.844297],[129.743621,-14.850037],[129.71096,-14.852357],[129.684911,-14.848817],[129.658331,-14.836347],[129.632051,-14.843867],[129.617561,-14.825537],[129.582886,-14.799559],[129.574046,-14.806769],[129.586151,-14.839377],[129.599371,-14.856127],[129.617131,-14.869497],[129.618031,-14.881587],[129.592117,-14.891009],[129.570007,-14.847559],[129.533837,-14.806799],[129.506217,-14.788769],[129.500257,-14.803219],[129.514397,-14.819979],[129.536277,-14.855859],[129.536477,-14.869029],[129.545527,-14.878709],[129.570557,-14.918089],[129.583877,-14.942079],[129.590227,-14.962089],[129.608492,-14.947687],[129.623012,-14.953257],[129.624612,-14.971457],[129.621082,-14.998587],[129.640532,-15.042167],[129.641612,-15.079027],[129.652392,-15.099347],[129.668893,-15.117897],[129.685663,-15.131027],[129.684983,-15.142667],[129.670853,-15.148547],[129.656723,-15.139507],[129.640443,-15.136556],[129.626233,-15.138026],[129.611663,-15.153736],[129.578933,-15.155626],[129.563584,-15.179916],[129.557244,-15.170536],[129.560193,-15.155136],[129.585803,-15.142006],[129.602213,-15.128906],[129.603903,-15.108006],[129.571103,-15.064226],[129.556113,-15.048727],[129.537622,-15.033877],[129.524778,-15.028089],[129.522298,-15.005689],[129.506338,-14.978979],[129.496138,-14.96652],[129.482478,-14.94106],[129.474928,-14.93663],[129.431247,-14.921831],[129.401617,-14.916662],[129.392217,-14.909062],[129.380477,-14.909032],[129.367257,-14.903172],[129.359967,-14.885352],[129.350127,-14.873682],[129.317387,-14.859452],[129.290197,-14.857332],[129.267091,-14.864886],[129.257278,-14.865012],[129.262907,-14.850112],[129.243858,-14.845302],[129.237728,-14.839182],[129.225278,-14.840603],[129.221738,-14.855403],[129.228898,-14.869663],[129.232048,-14.896353],[129.241818,-14.910693],[129.234888,-14.914103],[129.232989,-14.957163],[129.240819,-14.980353],[129.236349,-15.013633],[129.251139,-15.019113],[129.265129,-15.032903],[129.254119,-15.039693],[129.251469,-15.055972],[129.236489,-15.06779],[129.247269,-15.095585],[129.235149,-15.108587],[129.238089,-15.128741],[129.227429,-15.134632],[129.215479,-15.153844],[129.226919,-15.161754],[129.2256,-15.177233],[129.20622,-15.158953],[129.19563,-15.159303],[129.17114,-15.195692],[129.15819,-15.197602],[129.15752,-15.184362],[129.17492,-15.168373],[129.17467,-15.147453],[129.18544,-15.142133],[129.194579,-15.1256],[129.200549,-15.12261],[129.195399,-15.102657],[129.181039,-15.08443],[129.180419,-15.076401],[129.169509,-15.051533],[129.169669,-15.035823],[129.179909,-15.024843],[129.182059,-15.009043],[129.188919,-14.987173],[129.1757,-14.976843],[129.15085,-14.965783],[129.13069,-14.948973],[129.11028,-14.960764],[129.11272,-14.934444],[129.101291,-14.915063],[129.076962,-14.896313],[129.065942,-14.891074],[129.043912,-14.901824],[129.031662,-14.886404],[129.001242,-14.879473],[129.00044,-15.387439],[129.000483,-19.018525],[129.000535,-23.440312],[129.000587,-25.998614],[129.001838,-25.998606],[129.30723,-25.998609],[129.50332,-25.998584],[129.801317,-25.99858],[130.105316,-25.998578],[130.499313,-25.998576],[130.742971,-25.998594],[131.048379,-25.998592],[131.37152,-25.998617],[131.627043,-25.998587],[131.751301,-25.998563],[132.04498,-25.998582],[132.414689,-25.998578],[132.993367,-25.998573],[133.314855,-25.99857],[134.149291,-25.998546],[135.401282,-25.998533],[135.799278,-25.998528],[136.001736,-25.998526],[136.249275,-25.998325],[136.501274,-25.998114],[136.665922,-25.997982],[136.999238,-25.997699],[137.165896,-25.997557],[137.415882,-25.997353],[137.582539,-25.997212],[137.749197,-25.99708],[137.999054,-25.996867],[137.998971,-25.666437],[137.99894,-25.583107],[137.996879,-25.137999],[137.998776,-24.916459],[137.998745,-24.833129],[137.9986,-24.249828],[137.998569,-24.166498],[137.998507,-23.916508],[137.998486,-23.833178],[137.998246,-23.520895],[137.998372,-23.416527],[137.998262,-22.999868],[137.99812,-22.767528],[137.998004,-22.579239],[137.997914,-22.418519],[137.997667,-22.001867],[137.997568,-21.839646],[137.997366,-21.506326],[137.997305,-21.422996],[137.997153,-21.173006],[137.997011,-20.939976],[137.996893,-20.745111],[137.996748,-20.506366],[137.996578,-20.224427],[137.996436,-20.006387],[137.996355,-19.852127],[137.996233,-19.602172],[137.996076,-19.293339],[137.995957,-18.998506],[137.996616,-18.868219],[137.994325,-17.452575],[137.9946,-16.53826],[137.98072,-16.52539],[137.95642,-16.50793],[137.936721,-16.48179],[137.885701,-16.44515],[137.862021,-16.42271],[137.847821,-16.402671],[137.829801,-16.371781],[137.814061,-16.358171],[137.804541,-16.340291],[137.789851,-16.326001],[137.768851,-16.285721],[137.749411,-16.264971],[137.740891,-16.261771],[137.739551,-16.247541],[137.729671,-16.232252],[137.680621,-16.222322],[137.653441,-16.207632],[137.620892,-16.195612],[137.604922,-16.186392],[137.573772,-16.174823],[137.551472,-16.168953],[137.545692,-16.175003],[137.507313,-16.164763],[137.500594,-16.168367],[137.454084,-16.146537],[137.425724,-16.139258],[137.409194,-16.144318],[137.388394,-16.126618],[137.371094,-16.127638],[137.354344,-16.114999],[137.337084,-16.108339],[137.308455,-16.090089],[137.307804,-16.08161],[137.277404,-16.05046],[137.266444,-16.03387],[137.267274,-16.02735],[137.254414,-16.01235],[137.245564,-16.008],[137.204085,-15.999341],[137.157935,-15.969461],[137.119525,-15.953432],[137.110166,-15.955162],[137.083575,-15.944162],[137.045755,-15.918412],[137.021845,-15.891633],[137.000606,-15.878973],[136.987306,-15.875133],[136.981836,-15.853553],[136.972266,-15.852533],[136.966306,-15.861563],[136.970386,-15.874893],[136.955676,-15.873973],[136.930926,-15.885134],[136.912706,-15.899684],[136.918756,-15.917084],[136.940686,-15.934044],[136.918737,-15.935824],[136.896917,-15.929025],[136.887817,-15.922355],[136.871707,-15.923575],[136.868097,-15.914655],[136.853517,-15.906505],[136.835187,-15.908286],[136.822947,-15.899236],[136.808937,-15.900236],[136.783597,-15.906746],[136.769497,-15.889666],[136.759207,-15.899247],[136.737567,-15.925637],[136.729497,-15.932397],[136.715947,-15.934518],[136.706377,-15.931228],[136.690797,-15.903408],[136.698527,-15.890098],[136.709977,-15.886057],[136.714657,-15.877257],[136.713767,-15.856807],[136.695617,-15.831587],[136.676867,-15.814837],[136.678637,-15.805237],[136.670497,-15.794147],[136.660467,-15.790407],[136.648027,-15.772307],[136.682667,-15.777916],[136.689117,-15.759406],[136.713917,-15.726366],[136.724127,-15.696345],[136.704537,-15.696756],[136.701877,-15.687715],[136.668787,-15.676576],[136.648957,-15.676186],[136.644067,-15.672446],[136.630717,-15.697717],[136.606537,-15.709407],[136.584917,-15.725048],[136.575947,-15.722768],[136.559367,-15.727578],[136.563997,-15.741938],[136.543698,-15.741088],[136.536848,-15.730118],[136.511938,-15.712988],[136.509968,-15.708458],[136.468909,-15.666438],[136.453899,-15.654568],[136.434599,-15.646568],[136.42307,-15.632528],[136.41207,-15.626158],[136.39132,-15.627088],[136.37608,-15.615778],[136.356031,-15.616368],[136.338281,-15.611399],[136.320761,-15.601689],[136.317261,-15.589609],[136.290291,-15.572359],[136.277072,-15.552359],[136.264582,-15.517519],[136.263172,-15.496728],[136.253762,-15.483798],[136.241542,-15.448618],[136.239712,-15.416088],[136.215172,-15.402558],[136.201012,-15.391119],[136.183303,-15.390879],[136.170283,-15.394569],[136.145733,-15.378889],[136.129694,-15.36429],[136.097865,-15.35297],[136.071565,-15.33917],[136.053636,-15.32592],[136.049786,-15.31679],[136.032416,-15.312021],[135.994817,-15.291191],[135.981527,-15.286991],[135.966667,-15.272451],[135.925168,-15.249212],[135.912719,-15.235752],[135.899599,-15.215802],[135.883229,-15.198812],[135.86279,-15.182743],[135.799711,-15.150783],[135.760761,-15.127434],[135.748971,-15.116514],[135.738601,-15.113384],[135.724142,-15.116294],[135.716812,-15.103634],[135.703882,-15.096674],[135.701872,-15.087524],[135.689852,-15.078075],[135.669832,-15.071585],[135.669332,-15.063115],[135.657323,-15.052535],[135.639733,-15.044445],[135.612313,-15.051995],[135.579954,-15.045305],[135.575634,-15.037865],[135.547554,-15.020085],[135.530984,-15.017185],[135.502914,-14.988426],[135.484425,-14.975536],[135.470465,-14.970226],[135.455815,-14.948966],[135.440235,-14.919336],[135.431135,-14.910706],[135.433035,-14.901357],[135.409095,-14.862457],[135.412355,-14.848547],[135.396215,-14.810997],[135.393785,-14.771877],[135.386935,-14.751518],[135.382075,-14.725738],[135.393335,-14.719188],[135.405295,-14.736597],[135.416335,-14.735027],[135.426095,-14.726317],[135.447695,-14.693427],[135.465005,-14.675787],[135.484865,-14.667087],[135.494494,-14.674997],[135.516674,-14.656007],[135.524804,-14.652727],[135.534674,-14.657807],[135.539544,-14.642547],[135.527444,-14.640947],[135.521664,-14.622197],[135.526294,-14.588727],[135.536614,-14.561138],[135.555184,-14.536258],[135.568524,-14.533768],[135.563874,-14.522238],[135.575244,-14.509228],[135.589514,-14.505147],[135.588904,-14.488148],[135.598653,-14.456868],[135.607923,-14.440238],[135.618363,-14.428708],[135.656283,-14.418397],[135.666843,-14.427547],[135.672513,-14.414657],[135.667743,-14.399167],[135.677593,-14.388867],[135.681643,-14.377787],[135.712562,-14.334907],[135.713362,-14.323717],[135.730142,-14.296677],[135.721432,-14.282328],[135.736252,-14.281947],[135.748271,-14.276852],[135.766152,-14.260687],[135.783621,-14.234997],[135.802961,-14.227737],[135.815821,-14.228967],[135.835501,-14.210967],[135.86594,-14.189097],[135.88145,-14.181277],[135.87877,-14.166827],[135.88364,-14.154827],[135.8921,-14.113417],[135.89114,-14.094317],[135.90524,-14.074617],[135.9103,-14.058097],[135.91533,-14.022587],[135.91496,-14.008567],[135.908819,-13.998558],[135.917549,-13.977928],[135.938809,-13.958597],[135.955749,-13.949297],[135.956259,-13.939587],[135.963579,-13.931597],[135.969909,-13.913667],[135.989078,-13.896127],[135.993668,-13.876947],[135.991678,-13.857847],[136.013758,-13.833197],[136.015538,-13.821347],[136.006418,-13.791598],[136.013418,-13.777398],[136.013488,-13.762818],[136.019947,-13.752768],[136.035167,-13.746757],[136.037887,-13.732088],[136.034257,-13.716478],[136.044377,-13.702407],[136.055387,-13.694657],[136.054867,-13.680647],[136.078846,-13.666737],[136.075996,-13.657457],[136.051416,-13.644778],[136.031607,-13.660548],[136.029477,-13.672628],[136.033597,-13.682478],[136.020037,-13.691338],[136.009047,-13.707448],[135.988247,-13.717468],[135.978168,-13.731618],[135.956238,-13.743358],[135.931828,-13.746078],[135.916338,-13.745099],[135.899098,-13.737929],[135.889348,-13.728269],[135.879388,-13.712039],[135.877828,-13.700399],[135.889108,-13.688029],[135.906368,-13.678289],[135.913468,-13.669849],[135.907397,-13.658179],[135.892898,-13.669459],[135.880628,-13.669089],[135.871228,-13.656649],[135.871197,-13.640379],[135.865167,-13.622269],[135.843037,-13.612979],[135.841257,-13.597189],[135.835287,-13.59083],[135.841227,-13.58148],[135.839737,-13.56636],[135.854867,-13.566789],[135.865957,-13.555739],[135.866737,-13.537999],[135.855046,-13.51998],[135.862336,-13.49449],[135.857666,-13.48226],[135.864086,-13.46885],[135.857576,-13.45537],[135.862895,-13.43517],[135.882835,-13.42468],[135.894325,-13.42517],[135.897275,-13.43557],[135.912706,-13.44401],[135.919546,-13.462459],[135.931246,-13.466819],[135.935726,-13.458239],[135.927336,-13.450179],[135.936645,-13.436549],[135.949575,-13.436949],[135.951826,-13.448149],[135.961075,-13.445589],[135.969155,-13.421339],[135.965165,-13.410479],[135.926455,-13.417749],[135.919085,-13.40444],[135.925635,-13.39628],[135.920897,-13.378114],[135.910933,-13.380867],[135.891678,-13.371926],[135.879897,-13.362142],[135.8833,-13.332052],[135.893385,-13.312084],[135.90869,-13.301443],[135.911624,-13.28064],[135.918715,-13.269899],[135.947996,-13.252193],[135.958479,-13.283856],[135.975782,-13.248529],[135.976103,-13.23246],[135.984373,-13.222721],[136.003706,-13.212175],[136.016691,-13.217665],[136.023465,-13.237326],[136.030363,-13.243809],[136.032377,-13.260997],[136.041578,-13.289984],[136.036146,-13.299718],[136.043668,-13.311238],[136.053434,-13.301374],[136.051969,-13.282995],[136.059323,-13.256701],[136.050153,-13.249268],[136.055615,-13.230526],[136.067289,-13.227167],[136.080777,-13.235197],[136.084988,-13.225192],[136.077374,-13.216119],[136.078107,-13.208088],[136.087811,-13.197894],[136.094555,-13.183877],[136.105206,-13.176666],[136.097439,-13.161185],[136.108776,-13.148487],[136.120723,-13.144805],[136.125438,-13.133458],[136.142757,-13.124364],[136.152553,-13.143423],[136.148479,-13.172027],[136.150356,-13.183307],[136.139858,-13.201523],[136.137035,-13.212548],[136.14793,-13.220037],[136.14561,-13.235286],[136.152264,-13.246708],[136.152828,-13.260646],[136.159466,-13.271081],[136.167019,-13.264484],[136.159481,-13.252252],[136.162197,-13.241993],[136.175502,-13.233034],[136.185467,-13.244765],[136.200878,-13.247184],[136.213604,-13.233185],[136.210857,-13.226305],[136.214641,-13.208825],[136.221583,-13.202496],[136.23788,-13.204538],[136.235865,-13.169287],[136.231318,-13.155473],[136.220561,-13.150866],[136.2178,-13.141877],[136.225123,-13.135323],[136.236034,-13.145365],[136.243404,-13.137418],[136.254267,-13.140665],[136.254542,-13.151358],[136.270579,-13.158596],[136.281687,-13.155506],[136.282862,-13.168246],[136.308588,-13.166703],[136.316186,-13.159394],[136.307032,-13.144145],[136.319849,-13.128896],[136.321406,-13.119884],[136.31138,-13.108547],[136.293054,-13.106681],[136.296945,-13.097926],[136.306879,-13.093595],[136.308542,-13.07248],[136.313043,-13.065467],[136.335077,-13.044689],[136.35618,-13.052066],[136.368478,-13.061326],[136.371422,-13.078681],[136.363732,-13.092822],[136.370385,-13.106704],[136.363977,-13.113853],[136.362024,-13.129104],[136.371363,-13.139767],[136.356256,-13.147903],[136.36976,-13.167367],[136.370293,-13.182654],[136.366372,-13.196617],[136.378503,-13.205178],[136.387261,-13.222353],[136.385858,-13.234689],[136.368082,-13.252528],[136.35795,-13.254419],[136.350702,-13.246004],[136.333566,-13.250386],[136.338038,-13.277427],[136.331904,-13.290252],[136.31985,-13.294873],[136.322978,-13.309073],[136.33169,-13.31189],[136.330806,-13.324168],[136.343897,-13.325726],[136.358591,-13.309375],[136.363413,-13.298868],[136.373667,-13.291389],[136.390634,-13.256691],[136.403497,-13.240242],[136.427973,-13.230993],[136.434457,-13.231979],[136.439585,-13.21791],[136.454232,-13.22449],[136.446786,-13.248462],[136.455683,-13.255021],[136.46876,-13.247143],[136.475947,-13.234405],[136.473276,-13.206388],[136.481332,-13.183503],[136.479638,-13.169196],[136.492761,-13.14959],[136.501641,-13.141685],[136.518274,-13.141905],[136.521492,-13.15186],[136.53338,-13.140348],[136.539925,-13.109175],[136.551506,-13.08339],[136.567055,-13.059166],[136.548943,-13.054836],[136.541938,-13.057805],[136.530617,-13.04414],[136.529548,-13.022611],[136.508172,-13.010431],[136.507759,-12.996338],[136.496406,-12.993841],[136.479896,-12.998223],[136.453697,-12.991757],[136.453956,-12.979222],[136.463325,-12.973263],[136.492363,-12.992245],[136.50132,-12.982438],[136.519478,-12.976303],[136.523796,-12.985777],[136.536919,-12.979294],[136.539009,-12.969893],[136.556282,-12.964043],[136.564963,-12.980422],[136.557593,-12.987573],[136.569221,-12.99868],[136.564217,-13.010534],[136.584342,-13.018493],[136.581839,-12.998606],[136.598045,-12.989715],[136.60076,-12.97451],[136.620795,-12.967776],[136.627921,-12.974518],[136.627112,-12.994249],[136.635184,-13.002443],[136.633323,-13.013585],[136.641639,-13.017546],[136.655127,-13.015773],[136.665274,-13.002582],[136.655355,-12.992831],[136.645499,-12.990943],[136.641181,-12.982397],[136.635291,-12.95244],[136.625342,-12.952885],[136.61164,-12.936801],[136.604346,-12.9381],[136.572547,-12.919312],[136.546805,-12.916149],[136.542868,-12.90495],[136.543891,-12.891714],[136.538963,-12.881216],[136.509696,-12.867509],[136.5055,-12.850824],[136.497383,-12.851192],[136.482519,-12.843085],[136.477852,-12.828036],[136.488471,-12.801343],[136.468757,-12.794611],[136.471121,-12.774103],[136.484122,-12.768492],[136.510764,-12.795142],[136.519294,-12.807405],[136.53118,-12.800603],[136.535391,-12.792067],[136.52616,-12.774388],[136.525123,-12.758178],[136.5335,-12.744291],[136.550604,-12.740078],[136.552772,-12.750638],[136.563284,-12.754373],[136.566764,-12.762921],[136.58396,-12.773343],[136.585257,-12.785371],[136.580741,-12.798635],[136.585119,-12.818083],[136.595007,-12.826489],[136.612906,-12.832284],[136.608863,-12.814846],[136.61431,-12.792522],[136.625006,-12.772387],[136.620718,-12.756741],[136.602576,-12.746655],[136.600988,-12.738905],[136.606298,-12.722542],[136.621267,-12.705532],[136.632909,-12.699096],[136.648657,-12.702541],[136.652364,-12.711637],[136.662739,-12.711847],[136.676946,-12.704043],[136.681294,-12.710428],[136.694447,-12.710618],[136.695653,-12.700466],[136.681264,-12.687584],[136.678426,-12.668087],[136.682896,-12.650755],[136.692906,-12.627853],[136.70383,-12.609671],[136.728901,-12.584343],[136.747547,-12.574025],[136.754047,-12.565093],[136.747272,-12.551031],[136.739014,-12.568674],[136.715774,-12.571905],[136.697144,-12.569165],[136.697934,-12.580235],[136.691584,-12.590605],[136.676855,-12.593625],[136.679064,-12.581885],[136.693084,-12.586205],[136.692544,-12.570845],[136.703144,-12.562855],[136.714294,-12.566265],[136.720064,-12.553845],[136.738514,-12.553796],[136.739337,-12.510404],[136.726368,-12.503227],[136.722126,-12.491996],[136.72951,-12.481865],[136.758013,-12.467572],[136.781497,-12.448716],[136.793765,-12.451884],[136.796389,-12.478601],[136.795428,-12.492716],[136.775638,-12.496205],[136.774554,-12.510504],[136.760851,-12.525832],[136.768863,-12.542709],[136.782016,-12.521522],[136.797687,-12.510736],[136.849642,-12.446241],[136.870393,-12.425113],[136.890229,-12.413433],[136.893021,-12.401697],[136.902482,-12.390026],[136.945679,-12.369163],[136.96135,-12.368998],[136.965302,-12.358555],[136.978576,-12.342246],[136.964997,-12.340064],[136.965729,-12.349284],[136.954423,-12.357289],[136.937806,-12.356316],[136.928269,-12.348895],[136.908336,-12.355214],[136.915118,-12.340937],[136.926534,-12.341939],[136.935567,-12.320997],[136.926796,-12.28069],[136.912153,-12.282656],[136.901186,-12.279503],[136.900696,-12.249845],[136.885446,-12.24665],[136.880265,-12.22944],[136.8723,-12.218589],[136.849198,-12.21018],[136.84166,-12.213919],[136.812837,-12.207329],[136.796327,-12.185903],[136.790635,-12.185563],[136.786708,-12.164184],[136.782075,-12.15861],[136.770018,-12.164078],[136.751237,-12.163741],[136.743014,-12.170466],[136.727586,-12.171806],[136.725999,-12.181366],[136.711348,-12.186767],[136.683815,-12.182505],[136.679278,-12.19403],[136.698888,-12.189701],[136.716319,-12.200416],[136.731255,-12.219623],[136.749374,-12.21548],[136.750643,-12.232843],[136.76201,-12.233202],[136.762652,-12.245729],[136.755114,-12.248643],[136.741762,-12.272275],[136.726443,-12.275678],[136.707339,-12.288166],[136.698596,-12.2854],[136.691913,-12.275356],[136.682848,-12.280553],[136.648807,-12.270139],[136.645465,-12.262842],[136.646396,-12.235279],[136.62482,-12.224607],[136.602588,-12.205976],[136.596897,-12.185286],[136.585392,-12.167941],[136.577471,-12.145527],[136.580752,-12.131406],[136.586687,-12.126058],[136.581607,-12.106884],[136.590518,-12.094636],[136.586826,-12.08408],[136.571398,-12.086827],[136.562426,-12.078738],[136.5544,-12.063375],[136.546771,-12.038418],[136.541215,-12.030908],[136.531007,-11.991369],[136.511553,-11.989032],[136.505572,-12.003387],[136.495134,-12.010532],[136.499133,-12.02548],[136.489565,-12.024895],[136.47565,-12.015786],[136.47336,-12.008086],[136.455874,-12.006177],[136.449267,-11.985375],[136.46358,-11.982219],[136.47156,-11.961395],[136.495241,-11.959047],[136.511903,-11.952525],[136.534243,-11.947688],[136.555391,-11.937321],[136.582079,-11.913786],[136.573854,-11.902006],[136.561616,-11.917757],[136.548265,-11.92342],[136.544588,-11.917472],[136.524965,-11.923921],[136.523775,-11.939277],[136.49074,-11.95295],[136.463457,-11.949615],[136.451114,-11.939868],[136.445696,-11.955787],[136.431338,-11.970994],[136.425815,-11.958488],[136.415453,-11.957785],[136.407153,-11.972086],[136.399082,-11.976356],[136.390552,-11.990286],[136.379139,-12.020348],[136.369694,-12.028308],[136.358113,-12.026686],[136.348301,-12.035956],[136.349171,-12.043867],[136.331471,-12.052961],[136.312123,-12.053266],[136.302235,-12.049029],[136.264623,-12.066947],[136.266958,-12.072963],[136.24735,-12.09995],[136.24175,-12.115645],[136.232214,-12.116838],[136.228415,-12.128411],[136.212118,-12.13233],[136.217489,-12.151617],[136.206519,-12.15194],[136.197303,-12.162228],[136.172309,-12.158867],[136.174856,-12.174316],[136.168433,-12.177823],[136.169974,-12.19213],[136.190452,-12.196326],[136.208547,-12.185077],[136.216269,-12.185637],[136.226919,-12.199856],[136.228918,-12.214391],[136.277929,-12.210041],[136.292791,-12.20531],[136.315602,-12.21138],[136.33199,-12.20263],[136.351079,-12.213382],[136.358495,-12.230218],[136.363592,-12.257041],[136.34705,-12.259668],[136.344121,-12.268255],[136.353948,-12.274425],[136.352102,-12.286825],[136.342794,-12.301347],[136.324896,-12.306811],[136.333868,-12.32321],[136.32575,-12.344234],[136.310827,-12.36205],[136.303778,-12.376997],[136.311362,-12.38163],[136.304114,-12.400218],[136.284964,-12.419775],[136.268409,-12.433363],[136.23606,-12.454344],[136.229179,-12.470536],[136.218529,-12.461414],[136.196373,-12.467978],[136.170586,-12.466361],[136.160408,-12.462601],[136.160179,-12.446706],[136.151131,-12.435839],[136.132302,-12.446764],[136.115914,-12.448248],[136.104074,-12.454317],[136.080513,-12.456618],[136.073235,-12.447066],[136.076515,-12.438745],[136.062645,-12.435274],[136.046991,-12.454221],[136.046334,-12.471086],[136.030847,-12.474626],[136.021723,-12.485615],[136.016092,-12.480266],[136.017755,-12.460248],[136.004678,-12.455676],[135.996226,-12.443511],[136.000955,-12.42591],[136.008386,-12.419538],[136.01481,-12.396621],[135.999369,-12.400641],[135.986321,-12.39488],[135.975015,-12.397373],[135.972787,-12.37714],[135.98559,-12.360535],[135.995798,-12.360398],[136.001931,-12.350773],[136.008111,-12.331078],[136.017266,-12.320172],[136.019098,-12.308342],[136.007089,-12.297101],[136.011681,-12.288235],[136.023736,-12.295675],[136.031976,-12.283339],[136.033303,-12.271557],[136.042825,-12.266534],[136.053917,-12.269471],[136.061043,-12.24107],[136.048652,-12.232113],[136.026833,-12.240497],[136.00985,-12.242784],[136.005348,-12.261571],[135.994745,-12.271426],[135.968927,-12.274019],[135.954599,-12.26083],[135.956216,-12.249112],[135.933603,-12.23774],[135.928369,-12.223923],[135.942788,-12.199188],[135.956674,-12.195117],[135.957237,-12.183399],[135.973519,-12.186112],[135.976815,-12.165478],[135.983208,-12.152391],[135.990196,-12.148127],[136.001823,-12.129527],[136.011619,-12.124348],[136.019508,-12.111349],[136.03112,-12.076801],[136.003365,-12.084447],[135.997169,-12.092992],[136.00248,-12.115751],[135.977745,-12.134117],[135.963601,-12.141058],[135.963677,-12.146922],[135.943185,-12.152847],[135.928995,-12.162564],[135.922266,-12.149565],[135.912072,-12.150567],[135.900994,-12.165739],[135.896097,-12.186433],[135.889841,-12.188908],[135.884103,-12.161078],[135.878885,-12.153931],[135.866724,-12.157883],[135.869455,-12.169098],[135.853846,-12.182712],[135.836817,-12.190584],[135.818232,-12.190678],[135.816889,-12.201161],[135.803065,-12.207605],[135.778957,-12.224708],[135.780451,-12.245696],[135.776698,-12.261118],[135.760066,-12.254765],[135.746074,-12.26327],[135.73286,-12.290267],[135.722149,-12.28753],[135.709393,-12.261837],[135.691387,-12.254461],[135.665554,-12.226962],[135.651928,-12.201707],[135.65002,-12.16938],[135.660122,-12.149984],[135.669505,-12.150233],[135.686168,-12.13315],[135.700602,-12.126607],[135.714381,-12.104328],[135.724788,-12.100615],[135.731043,-12.091261],[135.74412,-12.091338],[135.746455,-12.081406],[135.755656,-12.078548],[135.758707,-12.068293],[135.772928,-12.044539],[135.79983,-12.030359],[135.807519,-12.019048],[135.821207,-12.007024],[135.832987,-12.001246],[135.82699,-11.990243],[135.8359,-11.98219],[135.86036,-11.981518],[135.86982,-11.976012],[135.87719,-11.986512],[135.91259,-11.959433],[135.901772,-11.955721],[135.88572,-11.966187],[135.863458,-11.96767],[135.834955,-11.978072],[135.808831,-11.981514],[135.782083,-11.992543],[135.76536,-12.003714],[135.751323,-12.009455],[135.727076,-12.009674],[135.709193,-12.022138],[135.693385,-12.024847],[135.686076,-12.034144],[135.654338,-12.03931],[135.635814,-12.061431],[135.611202,-12.072454],[135.598766,-12.082359],[135.569531,-12.100654],[135.544964,-12.088158],[135.538693,-12.06506],[135.518964,-12.065156],[135.507428,-12.086661],[135.469373,-12.110227],[135.452726,-12.11486],[135.415663,-12.115354],[135.406492,-12.101226],[135.422407,-12.083441],[135.39726,-12.082557],[135.384215,-12.093639],[135.366223,-12.085251],[135.356641,-12.094175],[135.351424,-12.107415],[135.327223,-12.112925],[135.305448,-12.124772],[135.304029,-12.136396],[135.317518,-12.146951],[135.305327,-12.161565],[135.291548,-12.166953],[135.284209,-12.164467],[135.269057,-12.180057],[135.235594,-12.182635],[135.24951,-12.20529],[135.272277,-12.207252],[135.286208,-12.227133],[135.314253,-12.242504],[135.331023,-12.240597],[135.346953,-12.230911],[135.342727,-12.246656],[135.312835,-12.258238],[135.283599,-12.254092],[135.266296,-12.224927],[135.253219,-12.224281],[135.236404,-12.229989],[135.20938,-12.23484],[135.175446,-12.225919],[135.170425,-12.231133],[135.186661,-12.246364],[135.182693,-12.25445],[135.200683,-12.26301],[135.218459,-12.288879],[135.212785,-12.295997],[135.198655,-12.290257],[135.197053,-12.284455],[135.182099,-12.275989],[135.17476,-12.267537],[135.164078,-12.265089],[135.159516,-12.249531],[135.124314,-12.237664],[135.116868,-12.244947],[135.105898,-12.24494],[135.087846,-12.250974],[135.083773,-12.25694],[135.066943,-12.257601],[135.055834,-12.26231],[135.038362,-12.240735],[135.00554,-12.214905],[134.997254,-12.202426],[134.984956,-12.172794],[134.970567,-12.158584],[134.947725,-12.146588],[134.929308,-12.143547],[134.90555,-12.152111],[134.884478,-12.135444],[134.855746,-12.132186],[134.842029,-12.113837],[134.840838,-12.086538],[134.844423,-12.078452],[134.843447,-12.061255],[134.824267,-12.056951],[134.811251,-12.049564],[134.79851,-12.049443],[134.790149,-12.033875],[134.779651,-12.004183],[134.764941,-12.000914],[134.770633,-11.978725],[134.767443,-11.967657],[134.772143,-11.959468],[134.759585,-11.951373],[134.746188,-11.949182],[134.744967,-11.95766],[134.720279,-11.959804],[134.708758,-11.966403],[134.69289,-11.965196],[134.683445,-11.974787],[134.667438,-12.002003],[134.65717,-12.01568],[134.642429,-12.026665],[134.604527,-12.050489],[134.569631,-12.05581],[134.527273,-12.068119],[134.495566,-12.072666],[134.470984,-12.072305],[134.466574,-12.065242],[134.44094,-12.067627],[134.419501,-12.065957],[134.400382,-12.059944],[134.395666,-12.052615],[134.371634,-12.048658],[134.347678,-12.039644],[134.307792,-12.010196],[134.286262,-11.983338],[134.246604,-11.990716],[134.253929,-12.015432],[134.251229,-12.036959],[134.227349,-12.041454],[134.205331,-12.066029],[134.193627,-12.075158],[134.193246,-12.090994],[134.189065,-12.104388],[134.17225,-12.124199],[134.162331,-12.101059],[134.17875,-12.070886],[134.181344,-12.05136],[134.194253,-12.029587],[134.186821,-12.024248],[134.173272,-12.00267],[134.156228,-11.993507],[134.151132,-11.984591],[134.153177,-11.968273],[134.170067,-11.972007],[134.173577,-11.960896],[134.150384,-11.938367],[134.13575,-11.914119],[134.131554,-11.900059],[134.103906,-11.913753],[134.102166,-11.924381],[134.085626,-11.926772],[134.072244,-11.933916],[134.068857,-11.917487],[134.080804,-11.904621],[134.063547,-11.891704],[134.064279,-11.869947],[134.038888,-11.855317],[134.005427,-11.863942],[133.985484,-11.894962],[133.938304,-11.913278],[133.932215,-11.918838],[133.904171,-11.907134],[133.880733,-11.912544],[133.877315,-11.90122],[133.859126,-11.878253],[133.843029,-11.88036],[133.835415,-11.869593],[133.831081,-11.853072],[133.823223,-11.841308],[133.834468,-11.833455],[133.84727,-11.813586],[133.867579,-11.805594],[133.883631,-11.81179],[133.900996,-11.807678],[133.905817,-11.78572],[133.928522,-11.765301],[133.916391,-11.743393],[133.898997,-11.755257],[133.8679,-11.755087],[133.85673,-11.75178],[133.842859,-11.737622],[133.837199,-11.72344],[133.814586,-11.730944],[133.79452,-11.728073],[133.777996,-11.740772],[133.779476,-11.755215],[133.773495,-11.762725],[133.739543,-11.783144],[133.691358,-11.783682],[133.679151,-11.789176],[133.661602,-11.811914],[133.663938,-11.81935],[133.650021,-11.826232],[133.638684,-11.826121],[133.630689,-11.837152],[133.604185,-11.83946],[133.601316,-11.830932],[133.607221,-11.817401],[133.604947,-11.8111],[133.569166,-11.807278],[133.563383,-11.808454],[133.55023,-11.827646],[133.538405,-11.83707],[133.535856,-11.850023],[133.52632,-11.871133],[133.517683,-11.877051],[133.51309,-11.863229],[133.529356,-11.842409],[133.524382,-11.822244],[133.532652,-11.811066],[133.532774,-11.787889],[133.539686,-11.770465],[133.534345,-11.761001],[133.501524,-11.782056],[133.479613,-11.781996],[133.477309,-11.7905],[133.461714,-11.802018],[133.446913,-11.790554],[133.447585,-11.779162],[133.436935,-11.774711],[133.408538,-11.780303],[133.398147,-11.768586],[133.397933,-11.757685],[133.412185,-11.759602],[133.409454,-11.747442],[133.415267,-11.740633],[133.401885,-11.73275],[133.389709,-11.742886],[133.382934,-11.754561],[133.368591,-11.758335],[133.375961,-11.768513],[133.369583,-11.777107],[133.357254,-11.77735],[133.352432,-11.765284],[133.322876,-11.771137],[133.31044,-11.759492],[133.307373,-11.742247],[133.316467,-11.725225],[133.334442,-11.724727],[133.353576,-11.719466],[133.349944,-11.701699],[133.339858,-11.693996],[133.327239,-11.695657],[133.302917,-11.704413],[133.295059,-11.703061],[133.283584,-11.718071],[133.262207,-11.729657],[133.249253,-11.732881],[133.228943,-11.73303],[133.191194,-11.725567],[133.170426,-11.717914],[133.152833,-11.706956],[133.144639,-11.689059],[133.131639,-11.674496],[133.130449,-11.663741],[133.105607,-11.634568],[133.10251,-11.613239],[133.092881,-11.598146],[133.093843,-11.592566],[133.080766,-11.575663],[133.070894,-11.555537],[133.068986,-11.544629],[133.07715,-11.524999],[133.06984,-11.515456],[133.059175,-11.514739],[133.046052,-11.504501],[133.031328,-11.477998],[133.021364,-11.465233],[133.007234,-11.43325],[132.980119,-11.420094],[132.968873,-11.417693],[132.961336,-11.401968],[132.949479,-11.385452],[132.945634,-11.368837],[132.934008,-11.36458],[132.925249,-11.338428],[132.91826,-11.332258],[132.898027,-11.34063],[132.872393,-11.330138],[132.865053,-11.340171],[132.880449,-11.347928],[132.890261,-11.358565],[132.893129,-11.371495],[132.90233,-11.374973],[132.909075,-11.386525],[132.899874,-11.403108],[132.903063,-11.419345],[132.891329,-11.429617],[132.882922,-11.42972],[132.873614,-11.417615],[132.864321,-11.41744],[132.848956,-11.392599],[132.82358,-11.404176],[132.82709,-11.413209],[132.819766,-11.429369],[132.80791,-11.441807],[132.787799,-11.447122],[132.778446,-11.469997],[132.766209,-11.479713],[132.764332,-11.487725],[132.751484,-11.492665],[132.734135,-11.518125],[132.718144,-11.524016],[132.703709,-11.520771],[132.6937,-11.514228],[132.684148,-11.518709],[132.668385,-11.516245],[132.655675,-11.505637],[132.639592,-11.481584],[132.634038,-11.462354],[132.635976,-11.440575],[132.630132,-11.423063],[132.618382,-11.408224],[132.600331,-11.40591],[132.585744,-11.395382],[132.570928,-11.373518],[132.557195,-11.365758],[132.547674,-11.34269],[132.532811,-11.339745],[132.520345,-11.3455],[132.512563,-11.330742],[132.501852,-11.330219],[132.505727,-11.308289],[132.511235,-11.300099],[132.492529,-11.291265],[132.50385,-11.283656],[132.506917,-11.272298],[132.477697,-11.259425],[132.473562,-11.248378],[132.450979,-11.21789],[132.436483,-11.211584],[132.422323,-11.223385],[132.414388,-11.239041],[132.422094,-11.249679],[132.423193,-11.261828],[132.414663,-11.270703],[132.402609,-11.272277],[132.403876,-11.289959],[132.395895,-11.298132],[132.373465,-11.295056],[132.380225,-11.276903],[132.376745,-11.260672],[132.380423,-11.24817],[132.379691,-11.232178],[132.383032,-11.208249],[132.365484,-11.194046],[132.359747,-11.178219],[132.352774,-11.143408],[132.344748,-11.138251],[132.322989,-11.164887],[132.310324,-11.174039],[132.29415,-11.166641],[132.265723,-11.176191],[132.269461,-11.193298],[132.274955,-11.19936],[132.265525,-11.21467],[132.282279,-11.232546],[132.278357,-11.2459],[132.288306,-11.263389],[132.282264,-11.274888],[132.267081,-11.26515],[132.247322,-11.224152],[132.241111,-11.220084],[132.244285,-11.197781],[132.228172,-11.194696],[132.207344,-11.179983],[132.195137,-11.163832],[132.19413,-11.143442],[132.183403,-11.128483],[132.162636,-11.130401],[132.150963,-11.12384],[132.1446,-11.134347],[132.141823,-11.154922],[132.155479,-11.156133],[132.164421,-11.167933],[132.161781,-11.184966],[132.170998,-11.186359],[132.186134,-11.204548],[132.192711,-11.205589],[132.200279,-11.224481],[132.19056,-11.24113],[132.191872,-11.258536],[132.198525,-11.267983],[132.191704,-11.28125],[132.194023,-11.296613],[132.211708,-11.30827],[132.215263,-11.315619],[132.227836,-11.321857],[132.237633,-11.341689],[132.231835,-11.351063],[132.232582,-11.363805],[132.22033,-11.370089],[132.191063,-11.351868],[132.183571,-11.365667],[132.188912,-11.380519],[132.198647,-11.380784],[132.198799,-11.398066],[132.208992,-11.400502],[132.207467,-11.410732],[132.179849,-11.403628],[132.181863,-11.416231],[132.167184,-11.414006],[132.158105,-11.396864],[132.158151,-11.381962],[132.14779,-11.384728],[132.154671,-11.366322],[132.146142,-11.35637],[132.149895,-11.333572],[132.156915,-11.322976],[132.141228,-11.315403],[132.140862,-11.302881],[132.132622,-11.300774],[132.125878,-11.313082],[132.123894,-11.346068],[132.113412,-11.339414],[132.109567,-11.328644],[132.106134,-11.290089],[132.114434,-11.28815],[132.117425,-11.274093],[132.100289,-11.274408],[132.096612,-11.262724],[132.106225,-11.256798],[132.107949,-11.244461],[132.114907,-11.234499],[132.1092,-11.218131],[132.096185,-11.234306],[132.086434,-11.2327],[132.083169,-11.219169],[132.076058,-11.210698],[132.081185,-11.196881],[132.068963,-11.195842],[132.067208,-11.184868],[132.046578,-11.199684],[132.038186,-11.193483],[132.017862,-11.152737],[132.018365,-11.146076],[132.009515,-11.130873],[131.994241,-11.125109],[131.981637,-11.131142],[131.977518,-11.142239],[131.988702,-11.157573],[131.990106,-11.176689],[131.982965,-11.181096],[131.970514,-11.171465],[131.961923,-11.1793],[131.971765,-11.191117],[131.971033,-11.200509],[131.980691,-11.206049],[131.987482,-11.219583],[131.980951,-11.231192],[131.965235,-11.245819],[131.955378,-11.247381],[131.928919,-11.259187],[131.932062,-11.244089],[131.907008,-11.221084],[131.909357,-11.209192],[131.902705,-11.196032],[131.889979,-11.186608],[131.879053,-11.185584],[131.87762,-11.201858],[131.886896,-11.20838],[131.876017,-11.234935],[131.868678,-11.21983],[131.85699,-11.219671],[131.83961,-11.227425],[131.822551,-11.206991],[131.815288,-11.212931],[131.818355,-11.22199],[131.829448,-11.233267],[131.837276,-11.248098],[131.848857,-11.253516],[131.847301,-11.262474],[131.857081,-11.273599],[131.844051,-11.285287],[131.825511,-11.279593],[131.810604,-11.266075],[131.794979,-11.268707],[131.805568,-11.279023],[131.805599,-11.293928],[131.799114,-11.298723],[131.780483,-11.291889],[131.777233,-11.301405],[131.759426,-11.300704],[131.763867,-11.316807],[131.771527,-11.324983],[131.790905,-11.324105],[131.821437,-11.318711],[131.843288,-11.312051],[131.851604,-11.29815],[131.860072,-11.293733],[131.885005,-11.303734],[131.891628,-11.312558],[131.900965,-11.313171],[131.915095,-11.325344],[131.931071,-11.324897],[131.916865,-11.354367],[131.923503,-11.363732],[131.940654,-11.349741],[131.950572,-11.352794],[131.956385,-11.343116],[131.973948,-11.345496],[131.974742,-11.358576],[131.968104,-11.369301],[131.984004,-11.376249],[131.97935,-11.384633],[131.959925,-11.381406],[131.940821,-11.392283],[131.940257,-11.39695],[131.962382,-11.411297],[131.986079,-11.402232],[131.9947,-11.404537],[131.986338,-11.422552],[131.993327,-11.429309],[132.011744,-11.431233],[132.04281,-11.421293],[132.060526,-11.436101],[132.059259,-11.44716],[132.049066,-11.45974],[132.031214,-11.459944],[132.034815,-11.48301],[132.04188,-11.491417],[132.056651,-11.49754],[132.059397,-11.513768],[132.066095,-11.523858],[132.083445,-11.531459],[132.106256,-11.531361],[132.115885,-11.54046],[132.132455,-11.522193],[132.14602,-11.517133],[132.151483,-11.503952],[132.162408,-11.50032],[132.172616,-11.490068],[132.194925,-11.490826],[132.211068,-11.469788],[132.237877,-11.455983],[132.253075,-11.455706],[132.272621,-11.463379],[132.303917,-11.465673],[132.341469,-11.445525],[132.355033,-11.441369],[132.385154,-11.451722],[132.401725,-11.45496],[132.415931,-11.452321],[132.456991,-11.457291],[132.466879,-11.465019],[132.473853,-11.477657],[132.484228,-11.485604],[132.498587,-11.489414],[132.495703,-11.498449],[132.502676,-11.51244],[132.513006,-11.519899],[132.530569,-11.521564],[132.524328,-11.543956],[132.538367,-11.5547],[132.554693,-11.555439],[132.545202,-11.577745],[132.536215,-11.580328],[132.550085,-11.611349],[132.56658,-11.618268],[132.597891,-11.641295],[132.597174,-11.654194],[132.585532,-11.658059],[132.574713,-11.655567],[132.5586,-11.637333],[132.533393,-11.638971],[132.505744,-11.636718],[132.501044,-11.646877],[132.502616,-11.667],[132.49958,-11.680416],[132.51905,-11.687635],[132.530738,-11.709419],[132.541098,-11.718996],[132.592826,-11.730004],[132.625342,-11.724042],[132.634253,-11.718314],[132.644842,-11.728009],[132.623434,-11.746967],[132.619757,-11.758803],[132.596564,-11.768214],[132.582877,-11.780456],[132.580451,-11.787536],[132.591697,-11.802867],[132.606284,-11.809118],[132.618857,-11.808344],[132.636176,-11.821139],[132.649222,-11.858928],[132.645575,-11.87386],[132.655323,-11.889815],[132.64379,-11.896179],[132.638694,-11.919019],[132.638251,-11.945202],[132.631233,-11.966063],[132.62046,-12.013746],[132.618751,-12.015086],[132.625664,-12.054443],[132.622581,-12.072852],[132.62896,-12.086905],[132.577172,-12.105866],[132.563851,-12.092957],[132.555852,-12.095144],[132.533102,-12.113074],[132.513032,-12.124144],[132.482783,-12.137503],[132.442013,-12.146473],[132.433253,-12.166903],[132.417583,-12.195333],[132.417113,-12.222413],[132.389393,-12.236413],[132.368963,-12.219403],[132.353164,-12.198823],[132.333983,-12.201602],[132.315123,-12.211052],[132.278463,-12.224211],[132.264283,-12.203021],[132.264913,-12.182931],[132.261723,-12.173431],[132.232442,-12.176181],[132.224352,-12.194571],[132.196652,-12.20884],[132.173223,-12.21171],[132.168253,-12.22197],[132.147633,-12.24585],[132.130823,-12.25924],[132.111384,-12.27081],[132.073894,-12.28898],[132.069714,-12.30354],[132.049975,-12.29952],[132.021165,-12.29672],[131.996546,-12.2865],[131.967707,-12.282371],[131.939408,-12.272931],[131.917488,-12.255891],[131.915819,-12.244501],[131.903589,-12.232831],[131.904229,-12.224351],[131.891779,-12.215281],[131.871229,-12.216401],[131.830099,-12.245261],[131.8154,-12.251921],[131.78754,-12.259391],[131.77277,-12.267711],[131.75454,-12.273901],[131.71012,-12.277501],[131.67834,-12.284191],[131.60162,-12.283412],[131.548072,-12.278212],[131.504454,-12.283702],[131.472295,-12.283712],[131.445176,-12.280312],[131.396175,-12.264111],[131.366815,-12.24502],[131.349415,-12.22915],[131.334315,-12.211469],[131.322765,-12.193429],[131.314065,-12.167479],[131.322835,-12.147239],[131.312905,-12.132449],[131.321835,-12.122619],[131.313885,-12.112699],[131.320925,-12.089869],[131.299506,-12.070169],[131.303356,-12.052989],[131.297126,-12.042609],[131.288306,-12.049299],[131.266356,-12.076929],[131.270696,-12.107419],[131.250816,-12.135939],[131.255805,-12.153209],[131.246235,-12.178989],[131.232735,-12.195069],[131.231075,-12.214389],[131.246815,-12.215239],[131.245765,-12.224359],[131.222045,-12.227179],[131.208006,-12.219879],[131.202696,-12.211189],[131.175956,-12.192099],[131.169535,-12.183609],[131.170085,-12.174009],[131.157555,-12.168839],[131.148286,-12.180389],[131.125436,-12.182589],[131.116446,-12.171319],[131.113196,-12.155059],[131.087576,-12.153769],[131.065336,-12.166809],[131.051766,-12.158259],[131.045296,-12.142679],[131.030606,-12.146439],[131.004567,-12.159489],[130.995967,-12.168649],[130.994627,-12.186059],[131.004677,-12.209079],[131.021577,-12.216269],[131.029187,-12.226759],[131.031167,-12.238509],[131.027437,-12.265059],[131.012507,-12.316539],[131.040177,-12.357769],[131.020427,-12.3602],[130.982797,-12.34187],[130.954197,-12.34678],[130.936876,-12.342998],[130.938488,-12.365505],[130.938213,-12.409601],[130.923421,-12.409646],[130.923422,-12.433098],[130.950977,-12.443369],[130.973124,-12.460946],[130.989055,-12.479981],[131.000654,-12.488903],[130.999199,-12.502248],[130.992512,-12.514959],[130.981308,-12.521742],[130.976844,-12.541256],[130.96695,-12.53465],[130.955869,-12.534051]]],[[[131.543685,-11.452924],[131.535308,-11.437889],[131.538131,-11.415601],[131.528258,-11.399233],[131.503768,-11.385356],[131.48912,-11.386754],[131.48355,-11.39853],[131.46559,-11.386031],[131.464187,-11.376501],[131.471511,-11.370584],[131.46202,-11.361176],[131.455367,-11.34025],[131.462684,-11.328011],[131.444808,-11.312904],[131.434127,-11.311537],[131.429549,-11.295463],[131.442885,-11.287709],[131.437102,-11.266928],[131.410384,-11.256203],[131.395965,-11.266784],[131.403396,-11.281417],[131.396148,-11.295247],[131.383895,-11.295184],[131.372588,-11.288506],[131.375076,-11.264349],[131.363067,-11.260867],[131.358779,-11.252551],[131.343261,-11.249095],[131.328644,-11.256313],[131.323471,-11.274789],[131.303299,-11.273753],[131.295944,-11.267358],[131.300095,-11.250896],[131.316025,-11.228921],[131.299805,-11.206111],[131.271271,-11.198151],[131.259964,-11.190311],[131.250656,-11.194014],[131.24707,-11.218876],[131.236023,-11.225466],[131.218934,-11.224997],[131.204301,-11.236547],[131.207642,-11.242216],[131.198991,-11.253668],[131.197776,-11.269554],[131.203187,-11.284545],[131.191239,-11.296509],[131.214707,-11.304848],[131.221329,-11.31483],[131.215608,-11.322247],[131.202561,-11.310686],[131.186706,-11.330713],[131.166906,-11.307803],[131.172166,-11.286364],[131.163736,-11.278084],[131.16591,-11.266111],[131.148327,-11.249875],[131.139909,-11.256268],[131.125551,-11.254148],[131.115419,-11.266042],[131.106944,-11.286153],[131.082577,-11.302164],[131.072939,-11.303489],[131.063769,-11.312067],[131.040468,-11.318628],[131.040744,-11.326923],[131.051959,-11.341975],[131.047305,-11.35345],[131.032538,-11.367248],[131.019857,-11.360563],[130.990832,-11.35503],[130.988742,-11.340022],[130.963522,-11.333005],[130.918338,-11.314185],[130.899341,-11.309318],[130.887958,-11.316116],[130.884724,-11.326224],[130.86623,-11.337785],[130.86385,-11.344091],[130.83334,-11.359173],[130.786763,-11.365459],[130.772271,-11.364398],[130.763614,-11.375028],[130.725469,-11.383651],[130.712057,-11.383088],[130.700414,-11.394003],[130.698598,-11.421839],[130.721182,-11.419809],[130.733328,-11.426897],[130.740141,-11.442487],[130.754949,-11.447216],[130.755514,-11.458811],[130.772283,-11.467189],[130.766973,-11.472301],[130.767614,-11.486083],[130.79079,-11.494665],[130.812299,-11.517164],[130.810353,-11.527384],[130.795502,-11.511083],[130.782294,-11.508741],[130.756,-11.491166],[130.75639,-11.480666],[130.737371,-11.477044],[130.722311,-11.469757],[130.715765,-11.489511],[130.695074,-11.466445],[130.700063,-11.454754],[130.682892,-11.439858],[130.675801,-11.41919],[130.657232,-11.400054],[130.662527,-11.392105],[130.655615,-11.376685],[130.66213,-11.372038],[130.657888,-11.361539],[130.66213,-11.34357],[130.641638,-11.35551],[130.637686,-11.374941],[130.619513,-11.387355],[130.600912,-11.386363],[130.585684,-11.40078],[130.569266,-11.398042],[130.557532,-11.385086],[130.554831,-11.36183],[130.567679,-11.340118],[130.587149,-11.342392],[130.595734,-11.324581],[130.603903,-11.321111],[130.600088,-11.306314],[130.60346,-11.300112],[130.595922,-11.289467],[130.576224,-11.282195],[130.554358,-11.266146],[130.543082,-11.283074],[130.531546,-11.284599],[130.516136,-11.280063],[130.49816,-11.268966],[130.472922,-11.244248],[130.44477,-11.205274],[130.420478,-11.184333],[130.401771,-11.165661],[130.391074,-11.169725],[130.372627,-11.170895],[130.372444,-11.190371],[130.36869,-11.221581],[130.363271,-11.248168],[130.37043,-11.264863],[130.389595,-11.274593],[130.391838,-11.283045],[130.409981,-11.305201],[130.408791,-11.317421],[130.398705,-11.317514],[130.394676,-11.335435],[130.389168,-11.344575],[130.390312,-11.365889],[130.410255,-11.364564],[130.407938,-11.382064],[130.41494,-11.397018],[130.411372,-11.408288],[130.426689,-11.427339],[130.422341,-11.437884],[130.421135,-11.459697],[130.429894,-11.463397],[130.434304,-11.475689],[130.432411,-11.503473],[130.452324,-11.51689],[130.460122,-11.534798],[130.475716,-11.54036],[130.487648,-11.548942],[130.493507,-11.566487],[130.478524,-11.594157],[130.476738,-11.620637],[130.492625,-11.654929],[130.511071,-11.670328],[130.532082,-11.680577],[130.541954,-11.672442],[130.557259,-11.674294],[130.568184,-11.685497],[130.571831,-11.701354],[130.579903,-11.696699],[130.593315,-11.705249],[130.597543,-11.717226],[130.623183,-11.724516],[130.635262,-11.735775],[130.640462,-11.746885],[130.672001,-11.762794],[130.677452,-11.785206],[130.687156,-11.796548],[130.711128,-11.798836],[130.725242,-11.802765],[130.758186,-11.824475],[130.77999,-11.831932],[130.801888,-11.845062],[130.829444,-11.850545],[130.852957,-11.850446],[130.862448,-11.854885],[130.887381,-11.8757],[130.921576,-11.90075],[130.936315,-11.920715],[130.938375,-11.931439],[130.949225,-11.939933],[130.961999,-11.939788],[130.982687,-11.928111],[131.00121,-11.904011],[131.018529,-11.886489],[131.031346,-11.881652],[131.049138,-11.881686],[131.059895,-11.863116],[131.075474,-11.84695],[131.082326,-11.835756],[131.106998,-11.830178],[131.146549,-11.805426],[131.160678,-11.803376],[131.182483,-11.791759],[131.20296,-11.771638],[131.220843,-11.757572],[131.233798,-11.75194],[131.244494,-11.740795],[131.26549,-11.732604],[131.281298,-11.74007],[131.289415,-11.723738],[131.30057,-11.715245],[131.309206,-11.702704],[131.332582,-11.682562],[131.341981,-11.659063],[131.358766,-11.63675],[131.371034,-11.610733],[131.371705,-11.600209],[131.387071,-11.589239],[131.404892,-11.589959],[131.418808,-11.608168],[131.432144,-11.605562],[131.44423,-11.611098],[131.465622,-11.61097],[131.472992,-11.604347],[131.470962,-11.586907],[131.460129,-11.586575],[131.46524,-11.566734],[131.456665,-11.560572],[131.455643,-11.544045],[131.46144,-11.514042],[131.471817,-11.495602],[131.483626,-11.488833],[131.498412,-11.46881],[131.511779,-11.464946],[131.515059,-11.473818],[131.527449,-11.476638],[131.543685,-11.452924]]],[[[136.9636,-14.283603],[136.94732,-14.277175],[136.940971,-14.256679],[136.952141,-14.243305],[136.945106,-14.226714],[136.950996,-14.220483],[136.93615,-14.213718],[136.933357,-14.20577],[136.941063,-14.189178],[136.952277,-14.195043],[136.957573,-14.165237],[136.940987,-14.161407],[136.923501,-14.162751],[136.915733,-14.137753],[136.908409,-14.15278],[136.915809,-14.160523],[136.915168,-14.17106],[136.904091,-14.18199],[136.89576,-14.201579],[136.880486,-14.209779],[136.863824,-14.211747],[136.854013,-14.208521],[136.842415,-14.183608],[136.812371,-14.166158],[136.796593,-14.152021],[136.78312,-14.149295],[136.781518,-14.165033],[136.769662,-14.170325],[136.781045,-14.183038],[136.784143,-14.194299],[136.762979,-14.196731],[136.752908,-14.187212],[136.74,-14.186214],[136.729197,-14.191122],[136.706462,-14.16983],[136.704203,-14.163534],[136.713358,-14.15322],[136.704753,-14.141191],[136.698795,-14.122706],[136.7017,-14.107475],[136.713388,-14.099474],[136.720453,-14.070249],[136.736871,-14.067263],[136.737192,-14.079899],[136.745629,-14.087052],[136.752236,-14.07848],[136.747109,-14.069085],[136.750481,-14.059738],[136.766031,-14.044169],[136.777413,-14.05189],[136.786431,-14.039187],[136.796348,-14.042425],[136.806359,-14.037688],[136.805519,-14.021744],[136.778039,-14.024939],[136.770119,-14.019186],[136.762322,-14.002712],[136.762259,-13.985737],[136.770889,-13.951127],[136.778908,-13.934017],[136.790978,-13.916387],[136.812587,-13.904137],[136.821807,-13.908617],[136.844476,-13.907556],[136.851956,-13.912926],[136.859526,-13.906436],[136.858486,-13.893216],[136.883996,-13.842807],[136.900496,-13.818987],[136.912026,-13.807557],[136.924406,-13.806527],[136.914026,-13.789497],[136.913306,-13.779557],[136.905216,-13.764127],[136.888657,-13.753938],[136.870947,-13.756618],[136.836919,-13.748318],[136.839928,-13.761788],[136.839308,-13.780308],[136.833119,-13.788508],[136.814739,-13.801918],[136.824769,-13.805158],[136.837278,-13.802438],[136.845278,-13.813578],[136.844728,-13.823968],[136.837318,-13.842907],[136.828128,-13.849868],[136.810805,-13.856143],[136.800704,-13.855611],[136.793529,-13.847948],[136.77816,-13.846798],[136.754461,-13.832359],[136.723742,-13.840909],[136.721612,-13.833889],[136.729142,-13.81972],[136.716843,-13.8108],[136.712493,-13.79381],[136.721373,-13.78361],[136.717973,-13.77578],[136.697054,-13.77492],[136.689524,-13.7639],[136.682808,-13.730606],[136.694389,-13.728628],[136.707328,-13.715253],[136.719596,-13.709092],[136.731192,-13.686449],[136.725029,-13.655198],[136.718559,-13.665723],[136.696297,-13.663047],[136.67852,-13.680581],[136.675255,-13.698712],[136.66526,-13.696396],[136.640175,-13.703447],[136.624749,-13.717759],[136.617775,-13.705057],[136.631905,-13.692661],[136.608986,-13.683969],[136.586358,-13.683411],[136.590417,-13.693469],[136.58941,-13.724927],[136.61126,-13.732378],[136.617714,-13.742647],[136.61506,-13.760563],[136.631081,-13.766147],[136.631463,-13.789252],[136.617303,-13.789237],[136.605951,-13.784862],[136.594097,-13.787031],[136.600945,-13.805939],[136.574045,-13.809098],[136.554418,-13.819842],[136.541508,-13.816212],[136.537528,-13.808722],[136.542578,-13.789102],[136.530829,-13.785042],[136.523819,-13.791532],[136.524569,-13.821482],[136.513147,-13.831501],[136.494975,-13.837956],[136.481959,-13.832882],[136.462871,-13.834194],[136.457131,-13.819233],[136.440451,-13.831393],[136.434711,-13.815113],[136.422572,-13.815643],[136.408882,-13.831763],[136.408042,-13.845313],[136.418192,-13.855283],[136.433391,-13.877683],[136.436141,-13.890793],[136.432851,-13.908512],[136.420831,-13.950272],[136.408151,-13.976332],[136.41817,-13.996012],[136.41565,-14.015272],[136.42191,-14.046572],[136.41802,-14.058002],[136.429439,-14.076381],[136.429629,-14.094241],[136.442218,-14.113641],[136.442608,-14.123471],[136.431399,-14.130871],[136.418729,-14.147081],[136.422119,-14.154981],[136.411409,-14.169491],[136.397999,-14.177901],[136.344,-14.201841],[136.324461,-14.213321],[136.3247,-14.246111],[136.35658,-14.220111],[136.395549,-14.202331],[136.421478,-14.19613],[136.437348,-14.1963],[136.453617,-14.20788],[136.455507,-14.21805],[136.47122,-14.228467],[136.479306,-14.229029],[136.49159,-14.237843],[136.522992,-14.234391],[136.539471,-14.254784],[136.549694,-14.253418],[136.566311,-14.26134],[136.583096,-14.259601],[136.608547,-14.264797],[136.618542,-14.264081],[136.632884,-14.270428],[136.633708,-14.284639],[136.645076,-14.286667],[136.648814,-14.296791],[136.664255,-14.287891],[136.674785,-14.29786],[136.683422,-14.283972],[136.693034,-14.276681],[136.705058,-14.276649],[136.727351,-14.263204],[136.751398,-14.259064],[136.772059,-14.26358],[136.782327,-14.260849],[136.805643,-14.269731],[136.812281,-14.278946],[136.828836,-14.278166],[136.838662,-14.289695],[136.857415,-14.278609],[136.889413,-14.30845],[136.901131,-14.305916],[136.897881,-14.296933],[136.906411,-14.286785],[136.926278,-14.294377],[136.934746,-14.282708],[136.945718,-14.27844],[136.9636,-14.283603]]],[[[130.641149,-11.756259],[130.617383,-11.733966],[130.610713,-11.737086],[130.592293,-11.730516],[130.589683,-11.715412],[130.563774,-11.706171],[130.553444,-11.691148],[130.534127,-11.694733],[130.516015,-11.691077],[130.510704,-11.684108],[130.485039,-11.669731],[130.468957,-11.666731],[130.463891,-11.647283],[130.465234,-11.629041],[130.460564,-11.620503],[130.464623,-11.57611],[130.443871,-11.56211],[130.429055,-11.548622],[130.40046,-11.540145],[130.376214,-11.507595],[130.381372,-11.49428],[130.377953,-11.483338],[130.389016,-11.470863],[130.397942,-11.452594],[130.403755,-11.448172],[130.398766,-11.430294],[130.400612,-11.424092],[130.388069,-11.413095],[130.383568,-11.403677],[130.371819,-11.396083],[130.361992,-11.374538],[130.353768,-11.347443],[130.353905,-11.339043],[130.338631,-11.318009],[130.319726,-11.329704],[130.28521,-11.344657],[130.263925,-11.341883],[130.252176,-11.345613],[130.247766,-11.353823],[130.25321,-11.376321],[130.246496,-11.391694],[130.234262,-11.397236],[130.226343,-11.411699],[130.207071,-11.41715],[130.195826,-11.425008],[130.179895,-11.429359],[130.169978,-11.462329],[130.148264,-11.481675],[130.151271,-11.490018],[130.186015,-11.484616],[130.194254,-11.494456],[130.199366,-11.508757],[130.214348,-11.509888],[130.224123,-11.497695],[130.238005,-11.504381],[130.235662,-11.520151],[130.255243,-11.527852],[130.254506,-11.533063],[130.231075,-11.525677],[130.225304,-11.503522],[130.218033,-11.512033],[130.195277,-11.517237],[130.192225,-11.537377],[130.184809,-11.539686],[130.174983,-11.558433],[130.186717,-11.572717],[130.194956,-11.571435],[130.201136,-11.586274],[130.197184,-11.616508],[130.190913,-11.64035],[130.210017,-11.642983],[130.214351,-11.638679],[130.229823,-11.642465],[130.236971,-11.661794],[130.2503,-11.666843],[130.252238,-11.681754],[130.260722,-11.69772],[130.239558,-11.688165],[130.223231,-11.670441],[130.218135,-11.671954],[130.211785,-11.695707],[130.204097,-11.687005],[130.210719,-11.678839],[130.214564,-11.66423],[130.202311,-11.649434],[130.186641,-11.670802],[130.156505,-11.704941],[130.125896,-11.703435],[130.118725,-11.700099],[130.10693,-11.685389],[130.085796,-11.669194],[130.07391,-11.671463],[130.069012,-11.686509],[130.071957,-11.722956],[130.062512,-11.754349],[130.056882,-11.766251],[130.043896,-11.755394],[130.033445,-11.755758],[130.021771,-11.772835],[130.026654,-11.798533],[130.049497,-11.824003],[130.065503,-11.818355],[130.084592,-11.825064],[130.099057,-11.820443],[130.11868,-11.827211],[130.159939,-11.816358],[130.174997,-11.809991],[130.202953,-11.805654],[130.242976,-11.79116],[130.25471,-11.789698],[130.278666,-11.781292],[130.295726,-11.778122],[130.313471,-11.770718],[130.33134,-11.776222],[130.357783,-11.780862],[130.374674,-11.788439],[130.392298,-11.801047],[130.423822,-11.805501],[130.444147,-11.816953],[130.456415,-11.814015],[130.49949,-11.82963],[130.511163,-11.830391],[130.546075,-11.819418],[130.568261,-11.820797],[130.582574,-11.827027],[130.607842,-11.826071],[130.618798,-11.809629],[130.621529,-11.796215],[130.63131,-11.782988],[130.641149,-11.756259]]],[[[132.631535,-11.186848],[132.624637,-11.1773],[132.607334,-11.171145],[132.58997,-11.178712],[132.580243,-11.162234],[132.589678,-11.139638],[132.603062,-11.143402],[132.61388,-11.128847],[132.603138,-11.120201],[132.604022,-11.106487],[132.596912,-11.08859],[132.598102,-11.07684],[132.587283,-11.057831],[132.58588,-11.029186],[132.579318,-11.005278],[132.583164,-10.990888],[132.590472,-10.9897],[132.58681,-10.974595],[132.569537,-10.973923],[132.557239,-10.993558],[132.56197,-11.006719],[132.561908,-11.027095],[132.554859,-11.03718],[132.542561,-11.044402],[132.527592,-11.042871],[132.52129,-11.054103],[132.502812,-11.058769],[132.484074,-11.048748],[132.467854,-11.032782],[132.470753,-11.059103],[132.478398,-11.063556],[132.485402,-11.078688],[132.493992,-11.076476],[132.513462,-11.090902],[132.50449,-11.125467],[132.511815,-11.135132],[132.501759,-11.150281],[132.477681,-11.159617],[132.490285,-11.175116],[132.500676,-11.204968],[132.511388,-11.211893],[132.518636,-11.225449],[132.527791,-11.233719],[132.530767,-11.244372],[132.544682,-11.254886],[132.545384,-11.275714],[132.549657,-11.284591],[132.556432,-11.313597],[132.565694,-11.328904],[132.591465,-11.335082],[132.600117,-11.300348],[132.610219,-11.28747],[132.619618,-11.286841],[132.619786,-11.272152],[132.613056,-11.223677],[132.604786,-11.219806],[132.60329,-11.202284],[132.615604,-11.186446],[132.631535,-11.186848]]],[[[135.938392,-11.804449],[135.925346,-11.772054],[135.91024,-11.768794],[135.899757,-11.758574],[135.889915,-11.762892],[135.87722,-11.755717],[135.864067,-11.773113],[135.866127,-11.783789],[135.87397,-11.791469],[135.885933,-11.792364],[135.883217,-11.804683],[135.870857,-11.834243],[135.856804,-11.846542],[135.847771,-11.849008],[135.835854,-11.840798],[135.831948,-11.860793],[135.782174,-11.909536],[135.75828,-11.914749],[135.7577,-11.920829],[135.733606,-11.939389],[135.715189,-11.932445],[135.69433,-11.939334],[135.677333,-11.933018],[135.656153,-11.965903],[135.630992,-11.974914],[135.614329,-11.969629],[135.594631,-11.954913],[135.588207,-11.965186],[135.585689,-11.978809],[135.564373,-12.004129],[135.563635,-12.031975],[135.553814,-12.049134],[135.564373,-12.056983],[135.571728,-12.068791],[135.581173,-12.055435],[135.590054,-12.057309],[135.594769,-12.04411],[135.605937,-12.033023],[135.624172,-12.029668],[135.636593,-12.018299],[135.656932,-12.012771],[135.692179,-12.00754],[135.702586,-12.003282],[135.73588,-12.002003],[135.74264,-11.975232],[135.758722,-11.971015],[135.776422,-11.976283],[135.797814,-11.964235],[135.828195,-11.929264],[135.839562,-11.903076],[135.851982,-11.890232],[135.865257,-11.871635],[135.886742,-11.857949],[135.900826,-11.852484],[135.905922,-11.842595],[135.908225,-11.823971],[135.921013,-11.810372],[135.938392,-11.804449]]],[[[137.106234,-15.774001],[137.091194,-15.767561],[137.077084,-15.755141],[137.083034,-15.747911],[137.079544,-15.726001],[137.085494,-15.712911],[137.077574,-15.683771],[137.081194,-15.674171],[137.081664,-15.655771],[137.073034,-15.649441],[137.063104,-15.652701],[137.054504,-15.640401],[137.033644,-15.635191],[137.029804,-15.620171],[137.023754,-15.613961],[137.019914,-15.594871],[137.008854,-15.586731],[136.991374,-15.584462],[136.999964,-15.622862],[136.985854,-15.634142],[136.976764,-15.634472],[136.980475,-15.655032],[136.994454,-15.664532],[136.990724,-15.672882],[136.974525,-15.661122],[136.961025,-15.640102],[136.946895,-15.661552],[136.947925,-15.676002],[136.936605,-15.687283],[136.934495,-15.703663],[136.947655,-15.717673],[136.968405,-15.725372],[136.975295,-15.712842],[136.982825,-15.723572],[136.974575,-15.737572],[136.983775,-15.758132],[136.989375,-15.760622],[136.990055,-15.781062],[137.000425,-15.793832],[137.016285,-15.805582],[137.026625,-15.797662],[137.035655,-15.798032],[137.044045,-15.817232],[137.039255,-15.834392],[137.060845,-15.838472],[137.072865,-15.834402],[137.088494,-15.815661],[137.097714,-15.812051],[137.102734,-15.781231],[137.106234,-15.774001]]],[[[136.301969,-13.734865],[136.292493,-13.716789],[136.292996,-13.708004],[136.273892,-13.704961],[136.26518,-13.692363],[136.25282,-13.69367],[136.253277,-13.677246],[136.221036,-13.66205],[136.200467,-13.665291],[136.189192,-13.674086],[136.19084,-13.692624],[136.185011,-13.702581],[136.173765,-13.707084],[136.180922,-13.718171],[136.173475,-13.727098],[136.180845,-13.734066],[136.171812,-13.749073],[136.161055,-13.750699],[136.144286,-13.746599],[136.128478,-13.736364],[136.118956,-13.722927],[136.109298,-13.742039],[136.109954,-13.763626],[136.120558,-13.78733],[136.11711,-13.797874],[136.105544,-13.815228],[136.118378,-13.830031],[136.127887,-13.835816],[136.16786,-13.83458],[136.169226,-13.820606],[136.160353,-13.821323],[136.158889,-13.805867],[136.151763,-13.789204],[136.144911,-13.785318],[136.168425,-13.769429],[136.184568,-13.767942],[136.192006,-13.789166],[136.189147,-13.795372],[136.204817,-13.809903],[136.210783,-13.828017],[136.197967,-13.848858],[136.20027,-13.855254],[136.238249,-13.846982],[136.254635,-13.832085],[136.254325,-13.821245],[136.260068,-13.807286],[136.258986,-13.78829],[136.264722,-13.783766],[136.279538,-13.792365],[136.270399,-13.756674],[136.25749,-13.76037],[136.253004,-13.749496],[136.266202,-13.737489],[136.280179,-13.738439],[136.301969,-13.734865]]],[[[136.767268,-11.032731],[136.758328,-11.024766],[136.746974,-11.026834],[136.741206,-11.035859],[136.721646,-11.043796],[136.722866,-11.055709],[136.734386,-11.061833],[136.737392,-11.077986],[136.731533,-11.082738],[136.716351,-11.125025],[136.705853,-11.121664],[136.703763,-11.16002],[136.706723,-11.168732],[136.692746,-11.182545],[136.686979,-11.193636],[136.671903,-11.197415],[136.664624,-11.184922],[136.656674,-11.185566],[136.644224,-11.20987],[136.622266,-11.213744],[136.624876,-11.228863],[136.609602,-11.247545],[136.599653,-11.266099],[136.58824,-11.279283],[136.583892,-11.30025],[136.576842,-11.316615],[136.581221,-11.323965],[136.570067,-11.334335],[136.562224,-11.348307],[136.544799,-11.367282],[136.5381,-11.368513],[136.515747,-11.393095],[136.499878,-11.397818],[136.494873,-11.407664],[136.501205,-11.421192],[136.494476,-11.438206],[136.474014,-11.449158],[136.493225,-11.461431],[136.498673,-11.442745],[136.518416,-11.431811],[136.5224,-11.445129],[136.538162,-11.440487],[136.538132,-11.42617],[136.548782,-11.423624],[136.562667,-11.40814],[136.572524,-11.391271],[136.594466,-11.372008],[136.604048,-11.346078],[136.616042,-11.329254],[136.624495,-11.326882],[136.634108,-11.294935],[136.62602,-11.284291],[136.645673,-11.281683],[136.648878,-11.263985],[136.662839,-11.264502],[136.669935,-11.247654],[136.677564,-11.245385],[136.672086,-11.22063],[136.696011,-11.215499],[136.709378,-11.207726],[136.71156,-11.195662],[136.719845,-11.194693],[136.715115,-11.176773],[136.719602,-11.171276],[136.722546,-11.149391],[136.736004,-11.130713],[136.7402,-11.099551],[136.744808,-11.097729],[136.749874,-11.080354],[136.74757,-11.073312],[136.757946,-11.044503],[136.767268,-11.032731]]],[[[105.712597,-10.466971],[105.70537,-10.46123],[105.709317,-10.441823],[105.699765,-10.412356],[105.686031,-10.416476],[105.674449,-10.414195],[105.671017,-10.428076],[105.661801,-10.428302],[105.661184,-10.439083],[105.650384,-10.449382],[105.632314,-10.459905],[105.606063,-10.467134],[105.582832,-10.462648],[105.567702,-10.455786],[105.552081,-10.441833],[105.548248,-10.456764],[105.558244,-10.475743],[105.552388,-10.490985],[105.539997,-10.499286],[105.533377,-10.508994],[105.547609,-10.513178],[105.556523,-10.50394],[105.584488,-10.504766],[105.592471,-10.511839],[105.603076,-10.510858],[105.624283,-10.515119],[105.634602,-10.527409],[105.63728,-10.5533],[105.641033,-10.564728],[105.648518,-10.570192],[105.664912,-10.56842],[105.669068,-10.532715],[105.677702,-10.517857],[105.674267,-10.50175],[105.687409,-10.488284],[105.695999,-10.474018],[105.712597,-10.466971]]],[[[136.617327,-15.555366],[136.610417,-15.523836],[136.582947,-15.513936],[136.566817,-15.530606],[136.525657,-15.538397],[136.511068,-15.544567],[136.522077,-15.563017],[136.517128,-15.581188],[136.504508,-15.592098],[136.511698,-15.605208],[136.510928,-15.626348],[136.494948,-15.639708],[136.505478,-15.643488],[136.513878,-15.652788],[136.539177,-15.653768],[136.550887,-15.639868],[136.571727,-15.646178],[136.589687,-15.645317],[136.594287,-15.626017],[136.600127,-15.622187],[136.600767,-15.601867],[136.595327,-15.588747],[136.604837,-15.560876],[136.617327,-15.555366]]],[[[136.377733,-11.584211],[136.369462,-11.581004],[136.371629,-11.563744],[136.365587,-11.554269],[136.345064,-11.564512],[136.340777,-11.57777],[136.322665,-11.587135],[136.307314,-11.575749],[136.295459,-11.579873],[136.296999,-11.592894],[136.313998,-11.592812],[136.316912,-11.604783],[136.300937,-11.600253],[136.287921,-11.605951],[136.278537,-11.598344],[136.280017,-11.583415],[136.269503,-11.585305],[136.264437,-11.572256],[136.252536,-11.590751],[136.239199,-11.600522],[136.24602,-11.61053],[136.243412,-11.619599],[136.23209,-11.623171],[136.230762,-11.645799],[136.209506,-11.64155],[136.20731,-11.656912],[136.192188,-11.646448],[136.165944,-11.649592],[136.17992,-11.672433],[136.179066,-11.679924],[136.16129,-11.68151],[136.163319,-11.692889],[136.181202,-11.688866],[136.191654,-11.676564],[136.2076,-11.671395],[136.213322,-11.65905],[136.227665,-11.6527],[136.23064,-11.668371],[136.242771,-11.661861],[136.266208,-11.658663],[136.266361,-11.644503],[136.271594,-11.632109],[136.26224,-11.622283],[136.289111,-11.625847],[136.300433,-11.634912],[136.316927,-11.617645],[136.338549,-11.616895],[136.337344,-11.60664],[136.360674,-11.595139],[136.364824,-11.599359],[136.377733,-11.584211]]],[[[136.837146,-15.687274],[136.831666,-15.685914],[136.823076,-15.658794],[136.815506,-15.659234],[136.794656,-15.644974],[136.780196,-15.648224],[136.758756,-15.640725],[136.754786,-15.645355],[136.734606,-15.648925],[136.735166,-15.660785],[136.740996,-15.672875],[136.736837,-15.697155],[136.751267,-15.712775],[136.743217,-15.717385],[136.728487,-15.734745],[136.727647,-15.747175],[136.732167,-15.758026],[136.740337,-15.759505],[136.746187,-15.749915],[136.764037,-15.745545],[136.776517,-15.746355],[136.791477,-15.728655],[136.804436,-15.723814],[136.793736,-15.702564],[136.779516,-15.701305],[136.791066,-15.684344],[136.804966,-15.686884],[136.801796,-15.695124],[136.813806,-15.700344],[136.824196,-15.688274],[136.837146,-15.687274]]],[[[136.31728,-11.992759],[136.30962,-11.991058],[136.301426,-11.972872],[136.291539,-11.978292],[136.282703,-11.974322],[136.270557,-12.003336],[136.243398,-12.017573],[136.236593,-12.025192],[136.223928,-12.026824],[136.221487,-12.034213],[136.208288,-12.03074],[136.198369,-12.018581],[136.192678,-12.028092],[136.172751,-12.018794],[136.17182,-12.031648],[136.15946,-12.040928],[136.146384,-12.038383],[136.146002,-12.02769],[136.132666,-12.02612],[136.13085,-12.040389],[136.140264,-12.038998],[136.148825,-12.056951],[136.142843,-12.060687],[136.126838,-12.058262],[136.128181,-12.074471],[136.160604,-12.066101],[136.177297,-12.07726],[136.19367,-12.077131],[136.19599,-12.06416],[136.206319,-12.057266],[136.219274,-12.057818],[136.241308,-12.043832],[136.259968,-12.03952],[136.310597,-12.010859],[136.31728,-11.992759]]],[[[136.206005,-13.455665],[136.198788,-13.454463],[136.177212,-13.43823],[136.174801,-13.42132],[136.162488,-13.418727],[136.145123,-13.388531],[136.135693,-13.375716],[136.1266,-13.374626],[136.133725,-13.406104],[136.141431,-13.419094],[136.129957,-13.428858],[136.127958,-13.439322],[136.135769,-13.45247],[136.131131,-13.465138],[136.123396,-13.472497],[136.130796,-13.500931],[136.143704,-13.500122],[136.150418,-13.512779],[136.142148,-13.521331],[136.140318,-13.533065],[136.126722,-13.543432],[136.136686,-13.549674],[136.135267,-13.557275],[136.146116,-13.56254],[136.146086,-13.544537],[136.149533,-13.524773],[136.168089,-13.510152],[136.16293,-13.497909],[136.151105,-13.49542],[136.142743,-13.485261],[136.141736,-13.470896],[136.166638,-13.474951],[136.177121,-13.465034],[136.1954,-13.47232],[136.206005,-13.455665]]],[[[133.481428,-11.619003],[133.4727,-11.595854],[133.453581,-11.592543],[133.446958,-11.594846],[133.433683,-11.587456],[133.408064,-11.585251],[133.392165,-11.604361],[133.373717,-11.615275],[133.348357,-11.624183],[133.351943,-11.633806],[133.364485,-11.64342],[133.35797,-11.6654],[133.369094,-11.682124],[133.389296,-11.67166],[133.401687,-11.661585],[133.386141,-11.641599],[133.41107,-11.625943],[133.417631,-11.635691],[133.434156,-11.629872],[133.446333,-11.618005],[133.463316,-11.620917],[133.481428,-11.619003]]],[[[136.904895,-15.588552],[136.890685,-15.579613],[136.888255,-15.565712],[136.880475,-15.546282],[136.873765,-15.516342],[136.862585,-15.512373],[136.860455,-15.532703],[136.843315,-15.539673],[136.841655,-15.557403],[136.852595,-15.569843],[136.855835,-15.581823],[136.839046,-15.591623],[136.839476,-15.613423],[136.847026,-15.630373],[136.844326,-15.641323],[136.867416,-15.639883],[136.882115,-15.631093],[136.875365,-15.617193],[136.861975,-15.607353],[136.884825,-15.604783],[136.904895,-15.588552]]],[[[136.055013,-11.653443],[136.047933,-11.643811],[136.033956,-11.64684],[136.024572,-11.638574],[136.008779,-11.649604],[135.986991,-11.658022],[135.953055,-11.679462],[135.950583,-11.696993],[135.958808,-11.70537],[135.979224,-11.715182],[136.00205,-11.709942],[136.020514,-11.688293],[136.029256,-11.686192],[136.031255,-11.675824],[136.050985,-11.653561],[136.055013,-11.653443]]],[[[134.929445,-12.09351],[134.918688,-12.076201],[134.909929,-12.068397],[134.880708,-12.063222],[134.854265,-12.042379],[134.847094,-12.045356],[134.855456,-12.06273],[134.865877,-12.070763],[134.863055,-12.087634],[134.869494,-12.118241],[134.868945,-12.126973],[134.887408,-12.132241],[134.899752,-12.140068],[134.915148,-12.127428],[134.929445,-12.09351]]],[[[136.541392,-13.771501],[136.534342,-13.753271],[136.538629,-13.738918],[136.529169,-13.706043],[136.517759,-13.702433],[136.515513,-13.717321],[136.50706,-13.720953],[136.498424,-13.715519],[136.471357,-13.72072],[136.466315,-13.737624],[136.473507,-13.751311],[136.483073,-13.754501],[136.492916,-13.765022],[136.494304,-13.775424],[136.506267,-13.787718],[136.519099,-13.791918],[136.541392,-13.771501]]],[[[132.421983,-12.116853],[132.415343,-12.105433],[132.414793,-12.092223],[132.401394,-12.076163],[132.377534,-12.072953],[132.360874,-12.083083],[132.339754,-12.081463],[132.339154,-12.093313],[132.350944,-12.108923],[132.361614,-12.114033],[132.366414,-12.123973],[132.387504,-12.138923],[132.400583,-12.141543],[132.411263,-12.138293],[132.421983,-12.116853]]],[[[136.474183,-11.468902],[136.46582,-11.469539],[136.446762,-11.48591],[136.444611,-11.495306],[136.435044,-11.495462],[136.421358,-11.508654],[136.415529,-11.518881],[136.385697,-11.525423],[136.387102,-11.531553],[136.377596,-11.547159],[136.367005,-11.552258],[136.374285,-11.566602],[136.405214,-11.55609],[136.414109,-11.543415],[136.42563,-11.547363],[136.426941,-11.536624],[136.445099,-11.535771],[136.466736,-11.507613],[136.461243,-11.499401],[136.47261,-11.48442],[136.474183,-11.468902]]],[[[133.492505,-11.515026],[133.491284,-11.504602],[133.480771,-11.496513],[133.474363,-11.471803],[133.465604,-11.464732],[133.453794,-11.470666],[133.447599,-11.47958],[133.424757,-11.490471],[133.404356,-11.49079],[133.391081,-11.495437],[133.401243,-11.507594],[133.398405,-11.522924],[133.416472,-11.527412],[133.424253,-11.512385],[133.439192,-11.505898],[133.452833,-11.516494],[133.492505,-11.515026]]],[[[135.768471,-14.880515],[135.765541,-14.860955],[135.759322,-14.847655],[135.747502,-14.836555],[135.730532,-14.836796],[135.719502,-14.841896],[135.710572,-14.857056],[135.721002,-14.860435],[135.716892,-14.882165],[135.709672,-14.882615],[135.700382,-14.893585],[135.698182,-14.905005],[135.707962,-14.912915],[135.716432,-14.902395],[135.732112,-14.892195],[135.738862,-14.898865],[135.753152,-14.895905],[135.764091,-14.901775],[135.768471,-14.880515]]],[[[130.544335,-12.704475],[130.539024,-12.692385],[130.541664,-12.679845],[130.530144,-12.667755],[130.529794,-12.659055],[130.517824,-12.650585],[130.515963,-12.632845],[130.503633,-12.604264],[130.522372,-12.573074],[130.508112,-12.574204],[130.485333,-12.585225],[130.492823,-12.590865],[130.494793,-12.605115],[130.486644,-12.623655],[130.499214,-12.645465],[130.515294,-12.652855],[130.524044,-12.661775],[130.527054,-12.684705],[130.525565,-12.702116],[130.535585,-12.709786],[130.544335,-12.704475]]],[[[134.990647,-12.036603],[134.981766,-12.035571],[134.965119,-12.025706],[134.954819,-12.015552],[134.928468,-12.022008],[134.90851,-12.024223],[134.910265,-12.034697],[134.93155,-12.044637],[134.940309,-12.062376],[134.961701,-12.065363],[134.963013,-12.052288],[134.990647,-12.036603]]],[[[136.628036,-11.74137],[136.614701,-11.738571],[136.612564,-11.750522],[136.595368,-11.745027],[136.588135,-11.750925],[136.587876,-11.764594],[136.578812,-11.766111],[136.572709,-11.77824],[136.543535,-11.77927],[136.516328,-11.786678],[136.520814,-11.801676],[136.548067,-11.79231],[136.568391,-11.792691],[136.584595,-11.786687],[136.584641,-11.775194],[136.592392,-11.763809],[136.614899,-11.753321],[136.628036,-11.74137]]],[[[136.500078,-11.81756],[136.490648,-11.803132],[136.478136,-11.811063],[136.476061,-11.825663],[136.468584,-11.828409],[136.470399,-11.847598],[136.460207,-11.866972],[136.464449,-11.877788],[136.459399,-11.891112],[136.463823,-11.904481],[136.478228,-11.899422],[136.485857,-11.886245],[136.483507,-11.858062],[136.479159,-11.850049],[136.48224,-11.839236],[136.495225,-11.826967],[136.500078,-11.81756]]],[[[135.122192,-11.927416],[135.102187,-11.919287],[135.082351,-11.915211],[135.066482,-11.921897],[135.052429,-11.920482],[135.046143,-11.939314],[135.05568,-11.953961],[135.06456,-11.949514],[135.080199,-11.948914],[135.090453,-11.940171],[135.100859,-11.942347],[135.116408,-11.935449],[135.122192,-11.927416]]],[[[130.075006,-13.17124],[130.057656,-13.15206],[130.034587,-13.15482],[130.020837,-13.14072],[130.024717,-13.1198],[130.016867,-13.11405],[130.020437,-13.17982],[130.041097,-13.18317],[130.054127,-13.17727],[130.068106,-13.18244],[130.075006,-13.17124]]],[[[131.071968,-12.117139],[131.064776,-12.104932],[131.043835,-12.093681],[131.023474,-12.099158],[131.015252,-12.109526],[131.001912,-12.117385],[131.010853,-12.123283],[131.032658,-12.130107],[131.058807,-12.126644],[131.071968,-12.117139]]],[[[132.149942,-11.606804],[132.138788,-11.590435],[132.135431,-11.569158],[132.122782,-11.564906],[132.117365,-11.57386],[132.121653,-11.589402],[132.116648,-11.605992],[132.109705,-11.612262],[132.112345,-11.62243],[132.132639,-11.628098],[132.141046,-11.622173],[132.149942,-11.606804]]],[[[136.827835,-12.135047],[136.821731,-12.12066],[136.823211,-12.078558],[136.810089,-12.078427],[136.796982,-12.088436],[136.801055,-12.093836],[136.796325,-12.11383],[136.806381,-12.133666],[136.815094,-12.141587],[136.827835,-12.135047]]],[[[136.840575,-15.577173],[136.833155,-15.555473],[136.826035,-15.560543],[136.807516,-15.558143],[136.793056,-15.560034],[136.801646,-15.582414],[136.835676,-15.584843],[136.840575,-15.577173]]],[[[131.064796,-12.037579],[131.052726,-12.030819],[131.039416,-12.031979],[131.012566,-12.041189],[131.001917,-12.052389],[131.032466,-12.058319],[131.062866,-12.046839],[131.064796,-12.037579]]],[[[132.920411,-11.169687],[132.914399,-11.158801],[132.914613,-11.143295],[132.895967,-11.140334],[132.878404,-11.147213],[132.86136,-11.140583],[132.85724,-11.149553],[132.871476,-11.155362],[132.876298,-11.170786],[132.901475,-11.160116],[132.920411,-11.169687]]],[[[136.432848,-11.880403],[136.426745,-11.871043],[136.410251,-11.87872],[136.398258,-11.890119],[136.381106,-11.898657],[136.398715,-11.904376],[136.408816,-11.893608],[136.431216,-11.894238],[136.432848,-11.880403]]],[[[136.155799,-12.19013],[136.150778,-12.176425],[136.138831,-12.169579],[136.131095,-12.177646],[136.121742,-12.168353],[136.110907,-12.17746],[136.104285,-12.18996],[136.10807,-12.198348],[136.128852,-12.195393],[136.15058,-12.195465],[136.155799,-12.19013]]],[[[131.127076,-12.062619],[131.123836,-12.055289],[131.098346,-12.052749],[131.064976,-12.066039],[131.070846,-12.073029],[131.099896,-12.076019],[131.119866,-12.071899],[131.127076,-12.062619]]],[[[129.732061,-14.804138],[129.701411,-14.789168],[129.673651,-14.783138],[129.671191,-14.789348],[129.698121,-14.809508],[129.719851,-14.813268],[129.732061,-14.804138]]],[[[136.373053,-13.825564],[136.367083,-13.811544],[136.352743,-13.812174],[136.335833,-13.834254],[136.335423,-13.843754],[136.368853,-13.841814],[136.373053,-13.825564]]],[[[135.978415,-11.73894],[135.955222,-11.732404],[135.952612,-11.742833],[135.941214,-11.741405],[135.937552,-11.750207],[135.940467,-11.765648],[135.960654,-11.761139],[135.968924,-11.74581],[135.978415,-11.73894]]],[[[134.865785,-12.028385],[134.864794,-12.022142],[134.839007,-12.007699],[134.829699,-12.014743],[134.829073,-12.029066],[134.847918,-12.038463],[134.865785,-12.028385]]],[[[131.135481,-12.014671],[131.127138,-12.000961],[131.083883,-12.014536],[131.100006,-12.022929],[131.111884,-12.023833],[131.135481,-12.014671]]],[[[135.993246,-11.852173],[135.982932,-11.848414],[135.966422,-11.866858],[135.957282,-11.869114],[135.941688,-11.880233],[135.951744,-11.904667],[135.975303,-11.870635],[135.98043,-11.857421],[135.993246,-11.852173]]],[[[133.016998,-11.067959],[132.989364,-11.054538],[132.993957,-11.088297],[133.005722,-11.087284],[133.016998,-11.067959]]],[[[132.324913,-11.581762],[132.322167,-11.575391],[132.304405,-11.563676],[132.296319,-11.587344],[132.300103,-11.59438],[132.314232,-11.60025],[132.324913,-11.581762]]],[[[130.396427,-12.626567],[130.377777,-12.616737],[130.364898,-12.624997],[130.370548,-12.643427],[130.386428,-12.643077],[130.396427,-12.626567]]],[[[136.155202,-11.698686],[136.145726,-11.684073],[136.140659,-11.697488],[136.124867,-11.711011],[136.130926,-11.725522],[136.14185,-11.719573],[136.155202,-11.698686]]],[[[136.047035,-12.101865],[136.03521,-12.093284],[136.027229,-12.099217],[136.028633,-12.117718],[136.025703,-12.144637],[136.039711,-12.131733],[136.041206,-12.10574],[136.047035,-12.101865]]],[[[136.1089,-13.465286],[136.096159,-13.455141],[136.077512,-13.450128],[136.075742,-13.46196],[136.081388,-13.47273],[136.105772,-13.471813],[136.1089,-13.465286]]],[[[136.819326,-15.604463],[136.813156,-15.596103],[136.791256,-15.590644],[136.778986,-15.609144],[136.801126,-15.609064],[136.819326,-15.604463]]],[[[130.434365,-12.579846],[130.429405,-12.568426],[130.420655,-12.563576],[130.410875,-12.567086],[130.405886,-12.578686],[130.416766,-12.592066],[130.434365,-12.579846]]],[[[135.630353,-14.496197],[135.624893,-14.488407],[135.603083,-14.490337],[135.601233,-14.503297],[135.612033,-14.518257],[135.630353,-14.496197]]],[[[132.682422,-11.188545],[132.671695,-11.184064],[132.653049,-11.193789],[132.656238,-11.207805],[132.682422,-11.188545]]],[[[134.831713,-12.046328],[134.815463,-12.031772],[134.811282,-12.019079],[134.796724,-12.020903],[134.798922,-12.035016],[134.812914,-12.042626],[134.831713,-12.046328]]],[[[96.863817,-12.199688],[96.846724,-12.205866],[96.830377,-12.182093],[96.827382,-12.187507],[96.839892,-12.20415],[96.848841,-12.206831],[96.863817,-12.199688]]],[[[130.109726,-13.221449],[130.101936,-13.194009],[130.090966,-13.192789],[130.087776,-13.212679],[130.097606,-13.221249],[130.109726,-13.221449]]],[[[135.002168,-12.093365],[134.998032,-12.073668],[134.982652,-12.066775],[134.980882,-12.074534],[134.98964,-12.095643],[135.002168,-12.093365]]],[[[136.248746,-13.595243],[136.245633,-13.584193],[136.232754,-13.579209],[136.225644,-13.600514],[136.235302,-13.6028],[136.248746,-13.595243]]],[[[136.682305,-13.658586],[136.668801,-13.663608],[136.661279,-13.674077],[136.66546,-13.684729],[136.677056,-13.677389],[136.682305,-13.658586]]],[[[136.681306,-15.605335],[136.666526,-15.595136],[136.654756,-15.593636],[136.649016,-15.604236],[136.662056,-15.610596],[136.681306,-15.605335]]],[[[136.273037,-13.460934],[136.259396,-13.447272],[136.241833,-13.439171],[136.24255,-13.458533],[136.252606,-13.454202],[136.26524,-13.462435],[136.273037,-13.460934]]],[[[132.360224,-12.170493],[132.358414,-12.160213],[132.350384,-12.157713],[132.344494,-12.172152],[132.345844,-12.184242],[132.358704,-12.184493],[132.360224,-12.170493]]],[[[130.416196,-12.595006],[130.409516,-12.584046],[130.397086,-12.581796],[130.391797,-12.587107],[130.400667,-12.601807],[130.416196,-12.595006]]],[[[136.963645,-13.628326],[136.949164,-13.634028],[136.933692,-13.634086],[136.926749,-13.646556],[136.949576,-13.643185],[136.963645,-13.628326]]],[[[136.459276,-11.899407],[136.445422,-11.90366],[136.435885,-11.912824],[136.439883,-11.920937],[136.458636,-11.912919],[136.459276,-11.899407]]],[[[136.829616,-15.730744],[136.818776,-15.723844],[136.799176,-15.729115],[136.807077,-15.746075],[136.817716,-15.730614],[136.829616,-15.730744]]],[[[136.070838,-12.278516],[136.060876,-12.284261],[136.047584,-12.285611],[136.043511,-12.30049],[136.05462,-12.30533],[136.055946,-12.292085],[136.065483,-12.289386],[136.070838,-12.278516]]],[[[134.185174,-12.095695],[134.17257,-12.090129],[134.164819,-12.101274],[134.171777,-12.113082],[134.185174,-12.095695]]],[[[134.959489,-12.084955],[134.95453,-12.073823],[134.942507,-12.071813],[134.951493,-12.094396],[134.959489,-12.084955]]],[[[132.877518,-11.047972],[132.856721,-11.046515],[132.852617,-11.059779],[132.869355,-11.061199],[132.877518,-11.047972]]],[[[136.210529,-11.635635],[136.206043,-11.617102],[136.192813,-11.613519],[136.192692,-11.623443],[136.201786,-11.637462],[136.210529,-11.635635]]],[[[136.837735,-11.665245],[136.833784,-11.657249],[136.814222,-11.670068],[136.825163,-11.67651],[136.837735,-11.665245]]],[[[136.602787,-13.657922],[136.586297,-13.653812],[136.575547,-13.667042],[136.591257,-13.667532],[136.602787,-13.657922]]],[[[132.802981,-11.388785],[132.780673,-11.374145],[132.780155,-11.39046],[132.788028,-11.388725],[132.798084,-11.39559],[132.802981,-11.388785]]],[[[136.712505,-12.216345],[136.709174,-12.203139],[136.695804,-12.209418],[136.701412,-12.23113],[136.712505,-12.216345]]],[[[135.169431,-11.703292],[135.161787,-11.698149],[135.156706,-11.685881],[135.149549,-11.686863],[135.155225,-11.704768],[135.169431,-11.703292]]],[[[136.688537,-11.82276],[136.651931,-11.835119],[136.667923,-11.837895],[136.688537,-11.82276]]],[[[136.09686,-13.302602],[136.094723,-13.297292],[136.077664,-13.297698],[136.083326,-13.310049],[136.09686,-13.302602]]],[[[136.090352,-11.585555],[136.076772,-11.586527],[136.085515,-11.601299],[136.090352,-11.585555]]],[[[136.401332,-13.714523],[136.392086,-13.699059],[136.384273,-13.71141],[136.401332,-13.714523]]],[[[136.420052,-13.632435],[136.417072,-13.621805],[136.398473,-13.622545],[136.402952,-13.631715],[136.420052,-13.632435]]],[[[130.408387,-12.608127],[130.391687,-12.600787],[130.388017,-12.610857],[130.401827,-12.615137],[130.408387,-12.608127]]],[[[136.762706,-11.005743],[136.748576,-11.010329],[136.754222,-11.018496],[136.762706,-11.005743]]],[[[136.050496,-11.786159],[136.04064,-11.783162],[136.032461,-11.806679],[136.038459,-11.806602],[136.050496,-11.786159]]],[[[131.964961,-11.484442],[131.953303,-11.472475],[131.948878,-11.480758],[131.959789,-11.488722],[131.964961,-11.484442]]],[[[135.976774,-13.343076],[135.972334,-13.327255],[135.962035,-13.329947],[135.976774,-13.343076]]]]},"bbox":[96.827382,-25.998617,137.999054,-10.412356]},
{"properties":{"electorateShortName":"solomon","electorateName":"Solomon","area":190.74,"state":"NT"},"type":"Feature","geometry":{"type":"Polygon","coordinates":[[[130.955869,-12.534051],[130.96695,-12.53465],[130.976844,-12.541256],[130.981308,-12.521742],[130.992512,-12.514959],[130.999199,-12.502248],[131.000654,-12.488903],[130.989055,-12.479981],[130.973124,-12.460946],[130.950977,-12.443369],[130.923422,-12.433098],[130.923421,-12.409646],[130.938213,-12.409601],[130.938488,-12.365505],[130.936876,-12.342998],[130.924077,-12.34277],[130.896927,-12.33006],[130.870537,-12.35541],[130.861147,-12.37578],[130.852934,-12.373968],[130.841139,-12.380913],[130.848725,-12.390553],[130.845843,-12.402603],[130.837721,-12.411611],[130.828218,-12.41163],[130.83556,-12.427287],[130.827876,-12.449318],[130.844301,-12.473711],[130.851921,-12.470534],[130.849204,-12.44535],[130.881898,-12.46453],[130.891918,-12.472761],[130.893088,-12.481901],[130.902178,-12.487761],[130.908838,-12.480861],[130.925858,-12.482971],[130.940858,-12.504291],[130.941928,-12.521801],[130.955869,-12.534051]]]},"bbox":[130.827876,-12.541256,131.000654,-12.33006]},
{"properties":{"electorateShortName":"banks","electorateName":"Banks","area":61.16,"state":"NSW"},"type":"Feature","geometry":{"type":"Polygon","coordinates":[[[151.07327,-33.99586],[151.099878,-33.995687],[151.113701,-34.003189],[151.121979,-33.987708],[151.099673,-33.966234],[151.094384,-33.965427],[151.078815,-33.947256],[151.072388,-33.929428],[151.026504,-33.934021],[151.017983,-33.938396],[150.998038,-33.931445],[150.97899,-33.929267],[150.968598,-33.931074],[150.966197,-33.943616],[150.982912,-33.956534],[150.998147,-33.975126],[151.012091,-33.9836],[151.019352,-33.977704],[151.034746,-33.976646],[151.034708,-33.991575],[151.051917,-33.992936],[151.058495,-33.987158],[151.07327,-33.99586]]]},"bbox":[150.966197,-34.003189,151.121979,-33.929267]},
{"properties":{"electorateShortName":"barton","electorateName":"Barton","area":41.86,"state":"NSW"},"type":"Feature","geometry":{"type":"Polygon","coordinates":[[[151.143823,-33.985272],[151.142642,-33.965101],[151.159903,-33.943429],[151.160519,-33.933998],[151.155241,-33.924108],[151.141048,-33.92279],[151.117138,-33.91335],[151.072388,-33.929428],[151.078815,-33.947256],[151.094384,-33.965427],[151.099673,-33.966234],[151.121979,-33.987708],[151.130336,-33.983031],[151.143823,-33.985272]]]},"bbox":[151.072388,-33.987708,151.160519,-33.91335]},
{"properties":{"electorateShortName":"bennelong","electorateName":"Bennelong","area":60.27,"state":"NSW"},"type":"Feature","geometry":{"type":"Polygon","coordinates":[[[151.19826,-33.825088],[151.187499,-33.823897],[151.175513,-33.811878],[151.177998,-33.796098],[151.159758,-33.794161],[151.144734,-33.785473],[151.140132,-33.776637],[151.12198,-33.770095],[151.118856,-33.762505],[151.105367,-33.761185],[151.096971,-33.766929],[151.091376,-33.780952],[151.073789,-33.782273],[151.065727,-33.79089],[151.071641,-33.819693],[151.093708,-33.823032],[151.108484,-33.837229],[151.131424,-33.842188],[151.15172,-33.840804],[151.159279,-33.845383],[151.187207,-33.844913],[151.189155,-33.831219],[151.19826,-33.825088]]]},"bbox":[151.065727,-33.845383,151.19826,-33.761185]},
{"properties":{"electorateShortName":"berowra","electorateName":"Berowra","area":750.67,"state":"NSW"},"type":"Feature","geometry":{"type":"Polygon","coordinates":[[[151.284798,-33.572214],[151.260413,-33.579351],[151.251151,-33.577001],[151.239819,-33.560895],[151.24875,-33.541251],[151.2305,-33.535448],[151.207769,-33.540864],[151.194585,-33.538259],[151.186379,-33.510212],[151.17654,-33.506317],[151.16873,-33.521295],[151.158792,-33.517262],[151.157741,-33.496559],[151.145295,-33.472193],[151.124807,-33.464472],[151.114089,-33.467592],[151.103296,-33.482514],[151.093559,-33.48074],[151.086202,-33.469627],[151.08229,-33.451135],[151.071362,-33.461391],[151.063987,-33.454504],[151.062181,-33.442013],[151.05257,-33.44112],[151.045882,-33.431075],[151.03233,-33.427343],[151.032748,-33.406351],[151.01766,-33.400094],[151.0026,-33.401579],[150.993367,-33.397455],[150.988457,-33.379232],[150.976652,-33.400233],[150.96106,-33.412259],[150.951743,-33.413756],[150.943673,-33.424896],[150.934273,-33.4165],[150.903575,-33.419493],[150.887353,-33.437201],[150.884608,-33.456488],[150.898251,-33.451749],[150.904842,-33.466797],[150.896116,-33.474744],[150.876553,-33.470806],[150.878734,-33.490145],[150.890205,-33.486066],[150.900901,-33.489371],[150.910294,-33.49996],[150.926583,-33.508451],[150.914559,-33.517305],[150.899585,-33.515352],[150.900538,-33.526885],[150.88933,-33.542181],[150.889073,-33.555299],[150.915946,-33.554714],[150.935653,-33.564909],[150.904352,-33.611808],[150.936636,-33.623191],[150.927854,-33.636523],[150.935792,-33.641505],[150.932899,-33.659754],[150.949119,-33.673934],[150.96206,-33.679846],[150.969687,-33.693746],[150.988761,-33.703407],[151.002089,-33.714615],[151.019071,-33.717193],[151.016831,-33.730682],[151.046947,-33.743364],[151.048939,-33.758638],[151.065997,-33.758983],[151.073789,-33.782273],[151.091376,-33.780952],[151.096971,-33.766929],[151.105367,-33.761185],[151.09079,-33.744555],[151.090964,-33.733974],[151.106559,-33.72758],[151.11712,-33.708308],[151.123726,-33.688952],[151.134878,-33.685044],[151.161505,-33.659605],[151.165104,-33.639403],[151.175919,-33.627211],[151.196143,-33.622227],[151.215461,-33.612847],[151.226685,-33.598772],[151.254334,-33.603694],[151.25021,-33.587935],[151.272277,-33.586237],[151.284798,-33.572214]]]},"bbox":[150.876553,-33.782273,151.284798,-33.379232]},
{"properties":{"electorateShortName":"blaxland","electorateName":"Blaxland","area":59.4,"state":"NSW"},"type":"Feature","geometry":{"type":"Polygon","coordinates":[[[151.068876,-33.884497],[151.065551,-33.872251],[151.056728,-33.864561],[151.042283,-33.862014],[151.037245,-33.851238],[151.044101,-33.842738],[151.02999,-33.835206],[151.015763,-33.827832],[150.994821,-33.827473],[150.976605,-33.81725],[150.963514,-33.816181],[150.954751,-33.855588],[150.961326,-33.86758],[150.985518,-33.870492],[150.973326,-33.889429],[150.986888,-33.893462],[151.001676,-33.903873],[151.011422,-33.896285],[151.035036,-33.898755],[151.039409,-33.887699],[151.068876,-33.884497]]]},"bbox":[150.954751,-33.903873,151.068876,-33.816181]},
{"properties":{"electorateShortName":"bradfield","electorateName":"Bradfield","area":104.92,"state":"NSW"},"type":"Feature","geometry":{"type":"Polygon","coordinates":[[[151.19826,-33.825088],[151.214088,-33.815751],[151.234028,-33.814165],[151.230948,-33.784291],[151.213645,-33.782764],[151.203599,-33.773133],[151.193976,-33.750466],[151.18035,-33.740095],[151.187522,-33.728208],[151.191417,-33.702699],[151.176324,-33.697875],[151.165852,-33.686067],[151.171846,-33.677542],[151.161505,-33.659605],[151.134878,-33.685044],[151.123726,-33.688952],[151.11712,-33.708308],[151.106559,-33.72758],[151.090964,-33.733974],[151.09079,-33.744555],[151.105367,-33.761185],[151.118856,-33.762505],[151.12198,-33.770095],[151.140132,-33.776637],[151.144734,-33.785473],[151.159758,-33.794161],[151.177998,-33.796098],[151.175513,-33.811878],[151.187499,-33.823897],[151.19826,-33.825088]]]},"bbox":[151.09079,-33.825088,151.234028,-33.659605]},
{"properties":{"electorateShortName":"calare","electorateName":"Calare","area":32647.93,"state":"NSW"},"type":"Feature","geometry":{"type":"Polygon","coordinates":[[[150.186093,-33.88118],[150.166036,-33.864556],[150.185295,-33.838119],[150.169176,-33.826616],[150.180411,-33.805847],[150.171948,-33.798754],[150.177912,-33.778027],[150.190419,-33.774913],[150.19551,-33.757427],[150.179646,-33.743476],[150.198909,-33.728766],[150.210142,-33.725839],[150.206317,-33.714092],[150.195512,-33.71289],[150.181753,-33.722527],[150.181602,-33.704467],[150.207621,-33.708514],[150.214826,-33.674875],[150.228915,-33.675998],[150.240504,-33.638576],[150.261918,-33.641664],[150.266463,-33.622346],[150.260282,-33.610715],[150.249016,-33.609112],[150.236942,-33.593271],[150.239418,-33.58181],[150.225521,-33.571677],[150.226118,-33.560516],[150.250674,-33.558046],[150.25767,-33.51874],[150.256814,-33.494305],[150.27679,-33.49918],[150.314668,-33.504414],[150.311912,-33.52015],[150.332084,-33.522197],[150.335619,-33.511948],[150.364006,-33.489175],[150.384153,-33.479874],[150.39308,-33.487081],[150.402519,-33.476926],[150.422948,-33.48233],[150.4474,-33.481423],[150.451186,-33.458985],[150.472755,-33.438565],[150.480221,-33.408536],[150.475923,-33.399445],[150.487725,-33.386328],[150.489808,-33.377476],[150.509062,-33.37915],[150.542538,-33.364039],[150.550972,-33.368615],[150.574088,-33.357999],[150.580997,-33.351442],[150.585587,-33.325331],[150.554153,-33.318294],[150.566799,-33.30573],[150.552368,-33.271817],[150.562852,-33.26403],[150.555318,-33.254255],[150.543929,-33.255993],[150.53315,-33.240176],[150.534081,-33.211498],[150.527999,-33.194059],[150.552354,-33.183727],[150.554055,-33.162686],[150.581126,-33.168448],[150.589786,-33.160277],[150.586393,-33.1517],[150.604485,-33.1473],[150.610509,-33.135035],[150.59865,-33.124654],[150.611668,-33.119417],[150.616785,-33.103606],[150.610914,-33.098752],[150.610687,-33.066137],[150.603766,-33.069697],[150.572197,-33.058909],[150.552877,-33.059622],[150.544665,-33.042484],[150.53359,-33.042216],[150.520464,-33.035048],[150.496685,-33.03574],[150.488448,-33.048124],[150.464638,-33.045876],[150.448336,-33.035378],[150.430974,-33.035636],[150.425313,-33.028713],[150.405019,-33.024502],[150.392913,-33.03412],[150.371672,-33.015457],[150.376302,-32.990227],[150.366606,-32.971648],[150.376637,-32.961748],[150.367779,-32.954011],[150.366455,-32.936634],[150.355203,-32.917654],[150.346616,-32.895492],[150.336322,-32.884549],[150.340685,-32.87098],[150.361758,-32.867377],[150.362598,-32.845913],[150.356219,-32.840729],[150.349214,-32.817999],[150.33854,-32.808963],[150.337975,-32.790387],[150.317335,-32.784304],[150.288566,-32.765054],[150.275476,-32.747621],[150.277383,-32.732025],[150.290842,-32.72089],[150.29694,-32.691551],[150.3081,-32.66522],[150.319289,-32.660848],[150.320162,-32.647922],[150.311343,-32.646919],[150.236447,-32.608444],[150.239685,-32.601556],[150.25947,-32.597717],[150.266043,-32.577718],[150.236833,-32.574043],[150.247538,-32.549987],[150.241839,-32.538423],[150.24714,-32.519241],[150.241115,-32.509881],[150.240483,-32.494422],[150.24592,-32.480509],[150.226655,-32.462928],[150.234448,-32.454258],[150.246977,-32.460298],[150.267406,-32.44944],[150.279603,-32.422298],[150.299748,-32.419382],[150.317714,-32.409655],[150.314548,-32.394704],[150.304179,-32.373515],[150.295695,-32.384213],[150.287422,-32.378052],[150.276674,-32.381121],[150.266698,-32.375736],[150.260377,-32.345878],[150.26078,-32.317813],[150.235107,-32.308823],[150.222278,-32.314542],[150.217873,-32.336569],[150.205217,-32.333366],[150.187925,-32.334637],[150.164314,-32.320185],[150.142133,-32.341593],[150.133246,-32.336956],[150.102236,-32.34281],[150.08648,-32.342172],[150.054166,-32.351038],[150.031963,-32.316378],[150.021827,-32.305597],[150.028126,-32.291394],[150.042813,-32.284617],[150.041874,-32.262327],[150.053208,-32.25836],[150.063026,-32.245722],[150.055302,-32.238879],[150.060244,-32.22725],[150.049508,-32.225449],[150.051395,-32.21388],[150.062718,-32.208113],[150.065847,-32.196602],[150.062069,-32.184882],[150.034803,-32.195905],[150.028746,-32.187263],[150.008146,-32.176603],[150.00946,-32.162659],[149.990684,-32.163682],[149.982621,-32.184721],[149.960754,-32.181876],[149.964628,-32.160154],[149.939343,-32.157041],[149.947996,-32.134952],[149.930319,-32.131107],[149.921931,-32.123016],[149.893982,-32.119893],[149.892267,-32.11267],[149.81943,-32.103624],[149.820768,-32.096376],[149.803022,-32.089331],[149.791608,-32.079359],[149.795665,-32.05809],[149.778478,-32.07755],[149.777619,-32.091553],[149.762869,-32.089301],[149.751833,-32.099561],[149.750811,-32.119822],[149.692944,-32.112395],[149.679061,-32.114819],[149.671618,-32.121922],[149.638067,-32.112778],[149.618603,-32.117761],[149.602701,-32.126936],[149.577915,-32.106025],[149.573847,-32.086985],[149.561371,-32.084299],[149.552231,-32.088937],[149.532813,-32.089463],[149.520216,-32.085583],[149.510176,-32.07462],[149.500301,-32.073225],[149.494803,-32.102092],[149.479716,-32.108794],[149.470718,-32.103526],[149.446976,-32.100632],[149.432506,-32.095033],[149.415023,-32.095554],[149.412256,-32.10611],[149.428251,-32.124041],[149.427939,-32.137201],[149.411783,-32.138195],[149.417288,-32.153064],[149.413277,-32.175537],[149.396757,-32.176834],[149.384681,-32.193166],[149.373105,-32.189919],[149.373717,-32.215765],[149.361011,-32.220394],[149.356421,-32.234832],[149.346378,-32.238059],[149.339784,-32.256435],[149.326494,-32.260376],[149.327897,-32.274684],[149.305892,-32.304507],[149.29333,-32.302698],[149.284998,-32.288772],[149.273224,-32.294852],[149.253305,-32.295055],[149.238575,-32.299269],[149.227829,-32.295411],[149.189159,-32.290575],[149.203018,-32.213612],[149.196513,-32.202271],[149.198763,-32.186752],[149.220152,-32.180984],[149.209829,-32.161974],[149.211095,-32.149912],[149.198393,-32.142506],[149.193756,-32.104421],[149.166007,-32.108991],[149.171136,-32.124813],[149.138685,-32.117212],[149.121258,-32.106614],[149.100358,-32.115175],[149.093141,-32.108653],[149.059265,-32.096665],[149.045465,-32.103574],[149.032917,-32.099845],[149.025633,-32.10885],[149.012024,-32.106866],[149.004028,-32.122088],[149.00078,-32.139631],[148.990911,-32.138475],[148.98716,-32.15001],[148.968396,-32.167622],[148.959971,-32.161548],[148.944185,-32.174016],[148.938574,-32.189759],[148.939146,-32.210435],[148.927247,-32.271664],[148.89617,-32.291159],[148.8873,-32.290286],[148.883545,-32.312008],[148.851192,-32.31338],[148.850666,-32.332466],[148.841028,-32.331261],[148.805097,-32.367108],[148.790523,-32.359617],[148.768123,-32.343124],[148.754109,-32.419051],[148.724161,-32.421029],[148.710111,-32.407473],[148.704409,-32.420476],[148.703837,-32.434946],[148.717157,-32.436744],[148.716681,-32.446327],[148.725946,-32.462179],[148.72766,-32.472939],[148.714604,-32.491885],[148.700407,-32.496936],[148.699642,-32.523412],[148.712669,-32.531306],[148.701208,-32.554063],[148.714699,-32.552531],[148.719957,-32.575391],[148.700857,-32.576506],[148.708254,-32.58926],[148.692833,-32.597355],[148.697775,-32.615316],[148.686155,-32.612737],[148.669562,-32.624041],[148.66492,-32.639621],[148.635718,-32.64026],[148.614429,-32.653617],[148.605154,-32.652179],[148.501184,-32.614117],[148.475148,-32.627842],[148.459516,-32.60721],[148.435418,-32.620599],[148.401477,-32.62371],[148.391421,-32.621925],[148.369629,-32.628854],[148.361775,-32.621947],[148.349499,-32.636824],[148.342801,-32.664758],[148.34687,-32.676862],[148.33496,-32.679034],[148.329513,-32.701025],[148.331923,-32.746568],[148.33533,-32.781608],[148.328315,-32.798687],[148.329377,-32.810831],[148.34251,-32.81081],[148.359092,-32.823698],[148.378164,-32.833103],[148.383295,-32.851975],[148.384572,-32.874917],[148.381257,-32.914022],[148.372514,-32.929172],[148.381831,-32.93455],[148.372179,-32.971583],[148.389388,-32.974236],[148.399352,-32.959165],[148.418644,-32.973569],[148.430165,-32.969942],[148.464864,-33.014495],[148.481055,-33.016377],[148.503737,-33.046861],[148.505455,-33.062037],[148.497275,-33.096367],[148.486567,-33.123236],[148.502386,-33.140386],[148.505521,-33.165857],[148.493043,-33.179705],[148.495895,-33.190869],[148.475002,-33.198769],[148.46668,-33.208771],[148.44755,-33.202623],[148.42834,-33.202387],[148.432654,-33.225572],[148.428194,-33.239169],[148.401701,-33.259592],[148.397185,-33.269909],[148.402028,-33.2997],[148.412717,-33.313462],[148.415671,-33.32703],[148.403079,-33.328935],[148.385485,-33.351008],[148.40316,-33.368909],[148.41474,-33.370297],[148.418223,-33.385],[148.403638,-33.392221],[148.388437,-33.412704],[148.367931,-33.410824],[148.367724,-33.420889],[148.345935,-33.420913],[148.344338,-33.429496],[148.365145,-33.435299],[148.359315,-33.449418],[148.346915,-33.450031],[148.33306,-33.444235],[148.329322,-33.455928],[148.313524,-33.453189],[148.307341,-33.465745],[148.293234,-33.478291],[148.290651,-33.491909],[148.308506,-33.494466],[148.314945,-33.499899],[148.328952,-33.490636],[148.351789,-33.49463],[148.357113,-33.510524],[148.392772,-33.518727],[148.400175,-33.535056],[148.390233,-33.540161],[148.396593,-33.55387],[148.421274,-33.55957],[148.422681,-33.568616],[148.390459,-33.567654],[148.388833,-33.57999],[148.414106,-33.596161],[148.413815,-33.604347],[148.442462,-33.60816],[148.446819,-33.613971],[148.468423,-33.602253],[148.483455,-33.581299],[148.524169,-33.577287],[148.535451,-33.584013],[148.54324,-33.599913],[148.557937,-33.602925],[148.594851,-33.591607],[148.621066,-33.591714],[148.623599,-33.581425],[148.635899,-33.567008],[148.648553,-33.562975],[148.658306,-33.566439],[148.652535,-33.577102],[148.676146,-33.580518],[148.682814,-33.586415],[148.695827,-33.577216],[148.712026,-33.573728],[148.73031,-33.555292],[148.738927,-33.53792],[148.754102,-33.529633],[148.775941,-33.525513],[148.787796,-33.529269],[148.80386,-33.550029],[148.818127,-33.557162],[148.82321,-33.56568],[148.844712,-33.568755],[148.84572,-33.5759],[148.881997,-33.582885],[148.899391,-33.579247],[148.910574,-33.585067],[148.910857,-33.594303],[148.922397,-33.599333],[148.913954,-33.629673],[148.907469,-33.673053],[148.91167,-33.683487],[148.929318,-33.688066],[148.937798,-33.682912],[148.9569,-33.688042],[148.962624,-33.707824],[148.99366,-33.720609],[148.993027,-33.726778],[148.978388,-33.737606],[148.974557,-33.756454],[148.984829,-33.758045],[148.981954,-33.772288],[148.988919,-33.781096],[149.009881,-33.784013],[149.007704,-33.794905],[149.018633,-33.79644],[149.041283,-33.809334],[149.064589,-33.812386],[149.067175,-33.790083],[149.091597,-33.793688],[149.088345,-33.781192],[149.091447,-33.765415],[149.108198,-33.761111],[149.130187,-33.764289],[149.133245,-33.74988],[149.149353,-33.730395],[149.17209,-33.72628],[149.214839,-33.732635],[149.225046,-33.726275],[149.236403,-33.738028],[149.257743,-33.740656],[149.241403,-33.760501],[149.235259,-33.759881],[149.219734,-33.791776],[149.207277,-33.800436],[149.186778,-33.797594],[149.180823,-33.806141],[149.181968,-33.831284],[149.174789,-33.844937],[149.177606,-33.858023],[149.15605,-33.852226],[149.144842,-33.855113],[149.118462,-33.872095],[149.120491,-33.888395],[149.139193,-33.903069],[149.155178,-33.92836],[149.152833,-33.93688],[149.140377,-33.945533],[149.152632,-33.967033],[149.17308,-33.976718],[149.179345,-33.984677],[149.197738,-33.984896],[149.202786,-33.969087],[149.216848,-33.964086],[149.243941,-33.969786],[149.274113,-33.959584],[149.279321,-33.948523],[149.314838,-33.956678],[149.332981,-33.950973],[149.347778,-33.953299],[149.375804,-33.984377],[149.401223,-33.998257],[149.434733,-34.022927],[149.455889,-34.024425],[149.464058,-34.010741],[149.480219,-34.015379],[149.518399,-34.041295],[149.527706,-34.061089],[149.545629,-34.073809],[149.547501,-34.085569],[149.569676,-34.091002],[149.583209,-34.107362],[149.596607,-34.111807],[149.606797,-34.122804],[149.614532,-34.10965],[149.629447,-34.114099],[149.657469,-34.159257],[149.665066,-34.166058],[149.681688,-34.191454],[149.705337,-34.198646],[149.71313,-34.194604],[149.73345,-34.197126],[149.748868,-34.189037],[149.771602,-34.192614],[149.78143,-34.197984],[149.804704,-34.20262],[149.818419,-34.200888],[149.828649,-34.192833],[149.849901,-34.183698],[149.87332,-34.188374],[149.886127,-34.183297],[149.920374,-34.181677],[149.937549,-34.168544],[149.93816,-34.151464],[149.949395,-34.124609],[149.931818,-34.11674],[149.932543,-34.090534],[149.944877,-34.09165],[149.959636,-34.079137],[150.007292,-34.085287],[150.002646,-34.096347],[150.011735,-34.109711],[150.037434,-34.121378],[150.071402,-34.131429],[150.085456,-34.120564],[150.09054,-34.133366],[150.105241,-34.138496],[150.112814,-34.126764],[150.104817,-34.109399],[150.118481,-34.090976],[150.115857,-34.080292],[150.131673,-34.072795],[150.145656,-34.071363],[150.140766,-34.051246],[150.153086,-34.043159],[150.165229,-34.023469],[150.209036,-33.997793],[150.23206,-33.968057],[150.2412,-33.952033],[150.217023,-33.947822],[150.209977,-33.937432],[150.189058,-33.950622],[150.175556,-33.945178],[150.165069,-33.912438],[150.170067,-33.902425],[150.155908,-33.89309],[150.186093,-33.88118]]]},"bbox":[148.290651,-34.20262,150.616785,-32.05809]},
{"properties":{"electorateShortName":"chifley","electorateName":"Chifley","area":112.67,"state":"NSW"},"type":"Feature","geometry":{"type":"Polygon","coordinates":[[[150.904637,-33.76798],[150.898058,-33.738421],[150.881822,-33.722403],[150.853272,-33.663229],[150.851042,-33.650138],[150.827172,-33.657267],[150.813439,-33.667572],[150.812394,-33.677614],[150.799339,-33.675604],[150.789749,-33.689908],[150.765994,-33.705777],[150.767748,-33.713497],[150.761788,-33.735201],[150.783785,-33.740777],[150.803381,-33.776811],[150.856452,-33.789224],[150.856436,-33.777081],[150.847853,-33.770536],[150.86852,-33.763956],[150.904637,-33.76798]]]},"bbox":[150.761788,-33.789224,150.904637,-33.650138]},
{"properties":{"electorateShortName":"cook","electorateName":"Cook","area":67.17,"state":"NSW"},"type":"Feature","geometry":{"type":"Polygon","coordinates":[[[151.231926,-34.016739],[151.221147,-34.001613],[151.163887,-34.000746],[151.149176,-33.994409],[151.143823,-33.985272],[151.130336,-33.983031],[151.121979,-33.987708],[151.113701,-34.003189],[151.099878,-33.995687],[151.07327,-33.99586],[151.065352,-34.010686],[151.065255,-34.042275],[151.075595,-34.049722],[151.072235,-34.063154],[151.086989,-34.066603],[151.096354,-34.056368],[151.112757,-34.075693],[151.131975,-34.070467],[151.138089,-34.077436],[151.152001,-34.077811],[151.162586,-34.072444],[151.154915,-34.055118],[151.16529,-34.040893],[151.185918,-34.034563],[151.198776,-34.041682],[151.220659,-34.039339],[151.231926,-34.016739]]]},"bbox":[151.065255,-34.077811,151.231926,-33.983031]},
{"properties":{"electorateShortName":"cowper","electorateName":"Cowper","area":7271.18,"state":"NSW"},"type":"Feature","geometry":{"type":"Polygon","coordinates":[[[152.915196,-31.492814],[152.938449,-31.472927],[152.923912,-31.430142],[152.914747,-31.42373],[152.917846,-31.398803],[152.926162,-31.380203],[152.944161,-31.351373],[152.971419,-31.320303],[152.964537,-31.30634],[152.970611,-31.261072],[152.962094,-31.249701],[152.961352,-31.228513],[152.974418,-31.197795],[152.982477,-31.192452],[152.975547,-31.179434],[152.989217,-31.146896],[153.006635,-31.123408],[153.04925,-31.079172],[153.05995,-31.059596],[153.042042,-31.043417],[153.037643,-31.027349],[153.039757,-30.999138],[153.047178,-30.977959],[153.05734,-30.958407],[153.079782,-30.930921],[153.089288,-30.923973],[153.081609,-30.905726],[153.084223,-30.897525],[153.076483,-30.889125],[153.037184,-30.882482],[153.022509,-30.872758],[153.011463,-30.856409],[153.00502,-30.838266],[153.000911,-30.801073],[152.997264,-30.786115],[153.001682,-30.748759],[152.99059,-30.740378],[152.988718,-30.717562],[152.997705,-30.678396],[153.012058,-30.651544],[153.019183,-30.649375],[153.010114,-30.615465],[153.014517,-30.595788],[153.012376,-30.581591],[153.017103,-30.564111],[153.02959,-30.546964],[153.025013,-30.533623],[153.036029,-30.485721],[153.04919,-30.462434],[153.076319,-30.43189],[153.072085,-30.425023],[153.081203,-30.399806],[153.100156,-30.376029],[153.109789,-30.35632],[153.113451,-30.340617],[153.13202,-30.319282],[153.148992,-30.313694],[153.154572,-30.305148],[153.139025,-30.296585],[153.143465,-30.275998],[153.138428,-30.262793],[153.127555,-30.268214],[153.096454,-30.261703],[153.085653,-30.263382],[153.084884,-30.27267],[153.069036,-30.279087],[153.063319,-30.287125],[153.047405,-30.280003],[153.046471,-30.271946],[153.020376,-30.267484],[153.010696,-30.248775],[152.99494,-30.24676],[152.99908,-30.221404],[152.98726,-30.222288],[152.982412,-30.213909],[152.966118,-30.222588],[152.952152,-30.215507],[152.937008,-30.218641],[152.927924,-30.227114],[152.911059,-30.228489],[152.873489,-30.220503],[152.868435,-30.210215],[152.82954,-30.222078],[152.80927,-30.200639],[152.803453,-30.189567],[152.767521,-30.184706],[152.755184,-30.180789],[152.750763,-30.196616],[152.692987,-30.189015],[152.698602,-30.200212],[152.694852,-30.209951],[152.697823,-30.223335],[152.670631,-30.239541],[152.655376,-30.255316],[152.635409,-30.25166],[152.625973,-30.258376],[152.603012,-30.252486],[152.586725,-30.24099],[152.559647,-30.243719],[152.551689,-30.259172],[152.55721,-30.262152],[152.547091,-30.28865],[152.529328,-30.301111],[152.527107,-30.309438],[152.506245,-30.320598],[152.490477,-30.337341],[152.480573,-30.333043],[152.474912,-30.356637],[152.478585,-30.396994],[152.44109,-30.398902],[152.430484,-30.406173],[152.428078,-30.418897],[152.41753,-30.436503],[152.401805,-30.435009],[152.39205,-30.442917],[152.389645,-30.453052],[152.395074,-30.468166],[152.394568,-30.479499],[152.408423,-30.489261],[152.400253,-30.500942],[152.385807,-30.505194],[152.382551,-30.519325],[152.386854,-30.528965],[152.376388,-30.540287],[152.363655,-30.546112],[152.361994,-30.555286],[152.335809,-30.567038],[152.329911,-30.584223],[152.317728,-30.593425],[152.316055,-30.602971],[152.321906,-30.615829],[152.333149,-30.620307],[152.331578,-30.628318],[152.369291,-30.658905],[152.364359,-30.663496],[152.358405,-30.684213],[152.369327,-30.698688],[152.365915,-30.702985],[152.37586,-30.731802],[152.375309,-30.745347],[152.351956,-30.769156],[152.343857,-30.791901],[152.333339,-30.789489],[152.315673,-30.793799],[152.298103,-30.823219],[152.291453,-30.823737],[152.28454,-30.841506],[152.28951,-30.844152],[152.299116,-30.868431],[152.290613,-30.882266],[152.289493,-30.900382],[152.294739,-30.910623],[152.291013,-30.924718],[152.296107,-30.930719],[152.284306,-30.949125],[152.290658,-30.961333],[152.29117,-30.975444],[152.269825,-30.999147],[152.275066,-31.008692],[152.285222,-31.010356],[152.307849,-31.025194],[152.340341,-31.036442],[152.34517,-31.050618],[152.331474,-31.05557],[152.340634,-31.06821],[152.334987,-31.096198],[152.338112,-31.106029],[152.349587,-31.117004],[152.368173,-31.136362],[152.36943,-31.156354],[152.385897,-31.166653],[152.412845,-31.165378],[152.431331,-31.158611],[152.449824,-31.159897],[152.455832,-31.155831],[152.470766,-31.166289],[152.49118,-31.168036],[152.505574,-31.163125],[152.513884,-31.167638],[152.539697,-31.162886],[152.541162,-31.152034],[152.555966,-31.148409],[152.561495,-31.129865],[152.574175,-31.131573],[152.597606,-31.123699],[152.614845,-31.136131],[152.631646,-31.138326],[152.64048,-31.14974],[152.657781,-31.149226],[152.671742,-31.153149],[152.681127,-31.140929],[152.693307,-31.141455],[152.706943,-31.151512],[152.709376,-31.163456],[152.705956,-31.180721],[152.740383,-31.187278],[152.751654,-31.194713],[152.746399,-31.21646],[152.726882,-31.213217],[152.724094,-31.206176],[152.705219,-31.207461],[152.679693,-31.227203],[152.674271,-31.253765],[152.69005,-31.262699],[152.711973,-31.301117],[152.735387,-31.319015],[152.732222,-31.325718],[152.736674,-31.340141],[152.744183,-31.345726],[152.759192,-31.34064],[152.785939,-31.343094],[152.793948,-31.355012],[152.804653,-31.382577],[152.824844,-31.413747],[152.823998,-31.446452],[152.81498,-31.476781],[152.839538,-31.475982],[152.843392,-31.479562],[152.874346,-31.488122],[152.915196,-31.492814]]]},"bbox":[152.269825,-31.492814,153.154572,-30.180789]},
{"properties":{"electorateShortName":"cunningham","electorateName":"Cunningham","area":535.54,"state":"NSW"},"type":"Feature","geometry":{"type":"Polygon","coordinates":[[[151.066158,-34.172329],[151.015923,-34.16644],[151.01889,-34.15595],[150.991107,-34.146034],[150.979872,-34.13841],[150.922732,-34.130009],[150.914114,-34.159257],[150.907085,-34.164498],[150.903908,-34.185063],[150.899355,-34.189613],[150.859526,-34.181048],[150.857451,-34.192529],[150.873469,-34.199343],[150.890517,-34.214076],[150.891236,-34.228438],[150.876359,-34.25966],[150.852796,-34.279952],[150.817033,-34.269794],[150.80519,-34.27134],[150.815836,-34.29591],[150.81676,-34.306375],[150.791745,-34.307086],[150.750861,-34.301926],[150.745677,-34.337416],[150.689634,-34.441706],[150.701766,-34.443988],[150.717595,-34.45478],[150.747162,-34.461249],[150.760032,-34.449966],[150.78477,-34.448065],[150.798363,-34.450307],[150.814883,-34.461801],[150.830634,-34.463523],[150.831977,-34.473542],[150.823834,-34.480531],[150.830966,-34.490359],[150.856149,-34.484348],[150.870808,-34.492025],[150.873367,-34.499017],[150.868822,-34.525597],[150.874841,-34.542305],[150.877995,-34.525865],[150.891364,-34.506365],[150.90884,-34.49317],[150.913669,-34.481025],[150.913644,-34.4648],[150.901876,-34.46205],[150.899948,-34.44525],[150.907179,-34.423381],[150.902211,-34.417201],[150.903812,-34.401143],[150.925308,-34.367648],[150.919416,-34.358597],[150.925568,-34.34013],[150.92639,-34.319425],[150.958781,-34.274473],[150.967967,-34.267245],[150.977149,-34.245157],[150.993284,-34.227982],[151.01083,-34.218945],[151.021278,-34.204055],[151.054813,-34.185158],[151.066158,-34.172329]]]},"bbox":[150.689634,-34.542305,151.066158,-34.130009]},
{"properties":{"electorateShortName":"dobell","electorateName":"Dobell","area":675,"state":"NSW"},"type":"Feature","geometry":{"type":"Polygon","coordinates":[[[151.449605,-33.429352],[151.468196,-33.410269],[151.485003,-33.398629],[151.483409,-33.384339],[151.489404,-33.371634],[151.499447,-33.364883],[151.502814,-33.344011],[151.509143,-33.331355],[151.527994,-33.312872],[151.570336,-33.289529],[151.561813,-33.262433],[151.565085,-33.247326],[151.549461,-33.240454],[151.527986,-33.244476],[151.508896,-33.216175],[151.5227,-33.199574],[151.51218,-33.194307],[151.490526,-33.186818],[151.464382,-33.193886],[151.455115,-33.202843],[151.438643,-33.195382],[151.398625,-33.185747],[151.397477,-33.165259],[151.383068,-33.139816],[151.37894,-33.099711],[151.363189,-33.093981],[151.35748,-33.083085],[151.333025,-33.069337],[151.315283,-33.048252],[151.305915,-33.043917],[151.296928,-33.054257],[151.266703,-33.058556],[151.260164,-33.100473],[151.25077,-33.099827],[151.225718,-33.117494],[151.207311,-33.13327],[151.209288,-33.14745],[151.224534,-33.163825],[151.223056,-33.189733],[151.215835,-33.188713],[151.208269,-33.203652],[151.239802,-33.215164],[151.258392,-33.219318],[151.254989,-33.235193],[151.28351,-33.238654],[151.286766,-33.253126],[151.299131,-33.262361],[151.252651,-33.258596],[151.26309,-33.275289],[151.264766,-33.285505],[151.282875,-33.29596],[151.279948,-33.319933],[151.296322,-33.322193],[151.302527,-33.328444],[151.295728,-33.351467],[151.302593,-33.36238],[151.329939,-33.364503],[151.376638,-33.371292],[151.371765,-33.38088],[151.354362,-33.383311],[151.343542,-33.395501],[151.34508,-33.412419],[151.390708,-33.422519],[151.39507,-33.427578],[151.414406,-33.427199],[151.438677,-33.422679],[151.449605,-33.429352]]]},"bbox":[151.207311,-33.429352,151.570336,-33.043917]},
{"properties":{"electorateShortName":"eden-monaro","electorateName":"Eden-Monaro","area":31913.08,"state":"NSW"},"type":"Feature","geometry":{"type":"Polygon","coordinates":[[[150.33353,-34.752388],[150.325621,-34.744171],[150.301885,-34.733907],[150.29312,-34.736438],[150.270408,-34.732832],[150.256727,-34.741415],[150.216106,-34.747265],[150.202535,-34.757018],[150.194342,-34.751262],[150.180369,-34.764717],[150.169182,-34.769189],[150.178459,-34.728125],[150.170697,-34.719616],[150.141094,-34.715296],[150.143399,-34.702748],[150.116738,-34.699591],[150.112608,-34.68363],[150.092571,-34.680435],[150.098483,-34.655064],[150.081541,-34.649351],[150.078388,-34.639572],[150.099629,-34.627263],[150.091331,-34.615387],[150.097481,-34.597398],[150.082942,-34.582311],[150.089062,-34.59609],[150.081995,-34.602529],[150.066254,-34.602894],[150.063435,-34.616134],[150.008403,-34.618891],[149.991419,-34.623433],[149.984211,-34.631041],[149.94944,-34.63015],[149.940273,-34.62531],[149.896544,-34.619348],[149.885995,-34.623835],[149.859981,-34.60619],[149.827614,-34.601038],[149.82406,-34.618624],[149.860189,-34.61572],[149.855028,-34.643461],[149.819989,-34.638517],[149.817195,-34.6532],[149.793149,-34.650146],[149.810618,-34.620978],[149.813741,-34.605102],[149.779074,-34.602766],[149.751725,-34.596673],[149.761389,-34.57731],[149.756725,-34.569223],[149.72337,-34.568247],[149.726021,-34.556946],[149.69959,-34.548699],[149.697639,-34.563399],[149.68646,-34.559147],[149.660748,-34.558604],[149.655421,-34.585867],[149.637022,-34.591515],[149.633537,-34.606201],[149.622309,-34.620513],[149.618056,-34.644725],[149.605307,-34.64304],[149.603768,-34.629523],[149.589059,-34.627271],[149.588338,-34.613099],[149.570104,-34.6107],[149.557194,-34.604548],[149.548586,-34.625704],[149.520353,-34.645136],[149.523659,-34.663518],[149.507006,-34.662066],[149.495332,-34.668034],[149.504738,-34.679872],[149.515888,-34.681115],[149.525556,-34.695678],[149.529658,-34.712179],[149.520222,-34.711752],[149.516096,-34.733149],[149.508237,-34.736149],[149.498749,-34.790411],[149.503251,-34.828133],[149.489413,-34.848722],[149.472058,-34.849357],[149.470466,-34.858319],[149.487368,-34.858049],[149.497958,-34.851416],[149.504845,-34.865541],[149.52229,-34.868065],[149.536311,-34.875744],[149.523385,-34.892922],[149.521342,-34.907129],[149.490968,-34.902197],[149.488522,-34.916068],[149.455029,-34.911692],[149.447813,-34.927857],[149.428791,-34.926166],[149.422659,-34.929875],[149.406654,-34.962493],[149.38799,-34.979272],[149.379915,-35.007109],[149.373419,-35.062902],[149.376162,-35.095307],[149.363387,-35.112627],[149.347879,-35.11941],[149.328084,-35.154215],[149.294466,-35.175134],[149.272422,-35.176775],[149.254565,-35.181838],[149.231572,-35.183564],[149.213205,-35.200548],[149.200702,-35.205411],[149.205895,-35.211567],[149.207621,-35.215875],[149.205028,-35.219863],[149.204986,-35.2291],[149.213784,-35.219606],[149.227037,-35.219844],[149.237105,-35.222363],[149.240728,-35.225046],[149.246794,-35.22915],[149.23489,-35.243419],[149.262261,-35.257395],[149.273179,-35.259179],[149.273461,-35.266102],[149.27236,-35.269429],[149.271808,-35.273485],[149.276381,-35.273082],[149.282976,-35.272059],[149.28752,-35.274128],[149.301643,-35.272894],[149.305417,-35.275532],[149.311697,-35.277525],[149.32127,-35.28522],[149.324581,-35.286388],[149.335757,-35.287382],[149.342838,-35.290187],[149.345034,-35.292206],[149.350421,-35.298166],[149.353713,-35.299731],[149.36584,-35.308526],[149.381897,-35.306266],[149.383697,-35.306471],[149.386579,-35.303418],[149.393416,-35.302924],[149.396428,-35.30968],[149.398036,-35.325252],[149.385354,-35.332516],[149.366417,-35.340285],[149.363893,-35.348106],[149.351447,-35.351251],[149.347522,-35.350241],[149.337533,-35.34009],[149.318915,-35.336781],[149.311959,-35.335847],[149.291264,-35.334205],[149.274513,-35.335999],[149.249529,-35.330125],[149.231257,-35.342381],[149.216186,-35.342191],[149.205116,-35.346928],[149.190824,-35.368854],[149.176683,-35.386268],[149.157323,-35.407171],[149.147043,-35.414385],[149.144065,-35.424241],[149.138203,-35.429194],[149.140591,-35.434105],[149.15244,-35.443415],[149.135092,-35.454034],[149.138601,-35.468311],[149.144669,-35.475913],[149.15161,-35.4932],[149.150652,-35.509819],[149.131454,-35.553603],[149.135749,-35.570902],[149.135848,-35.571256],[149.142682,-35.592789],[149.108345,-35.58398],[149.084614,-35.580815],[149.078148,-35.586417],[149.080424,-35.608997],[149.085926,-35.625371],[149.095629,-35.640335],[149.097271,-35.673605],[149.109418,-35.696586],[149.099349,-35.714659],[149.104099,-35.724982],[149.099098,-35.729288],[149.100686,-35.736304],[149.096228,-35.74365],[149.09071,-35.765617],[149.093142,-35.78319],[149.093476,-35.78723],[149.096124,-35.787215],[149.100323,-35.790309],[149.100195,-35.794062],[149.096759,-35.79818],[149.099832,-35.803272],[149.101504,-35.803653],[149.098263,-35.807936],[149.100478,-35.810023],[149.1006,-35.814703],[149.095921,-35.817586],[149.093572,-35.824112],[149.094558,-35.830764],[149.092046,-35.83538],[149.095384,-35.839119],[149.095687,-35.845637],[149.084204,-35.850202],[149.061711,-35.879879],[149.060433,-35.889338],[149.058578,-35.894666],[149.057245,-35.907332],[149.05487,-35.913943],[149.048449,-35.920291],[149.046381,-35.92053],[149.044067,-35.916293],[149.039965,-35.913871],[149.034033,-35.911029],[149.027769,-35.912736],[149.00882,-35.901306],[149.003487,-35.901203],[148.997398,-35.900995],[148.975656,-35.892176],[148.958367,-35.891716],[148.940549,-35.875802],[148.93216,-35.872902],[148.930346,-35.868136],[148.909446,-35.853074],[148.896604,-35.817905],[148.886679,-35.810064],[148.893154,-35.79932],[148.897777,-35.794659],[148.894994,-35.784663],[148.894863,-35.771878],[148.902299,-35.763292],[148.90332,-35.757937],[148.894098,-35.751339],[148.890913,-35.740678],[148.888073,-35.737059],[148.888375,-35.733696],[148.892473,-35.730467],[148.892306,-35.728422],[148.886705,-35.719239],[148.877714,-35.714962],[148.872486,-35.721428],[148.86073,-35.75285],[148.83863,-35.744237],[148.83765,-35.743509],[148.823575,-35.724213],[148.820684,-35.719515],[148.804147,-35.714019],[148.803349,-35.714606],[148.802251,-35.718344],[148.801854,-35.722765],[148.793995,-35.724071],[148.782028,-35.736648],[148.766595,-35.702813],[148.757547,-35.69916],[148.753532,-35.687802],[148.740895,-35.68419],[148.719968,-35.667395],[148.677681,-35.656378],[148.667952,-35.66048],[148.6447,-35.652666],[148.624153,-35.638908],[148.609707,-35.616867],[148.592532,-35.616407],[148.580057,-35.621815],[148.586204,-35.633015],[148.58035,-35.640017],[148.580657,-35.659032],[148.569175,-35.66538],[148.566902,-35.686746],[148.551615,-35.69261],[148.547461,-35.713501],[148.530082,-35.72118],[148.51719,-35.753651],[148.508025,-35.761959],[148.503496,-35.778028],[148.494329,-35.779586],[148.479691,-35.792745],[148.468934,-35.815583],[148.452427,-35.842814],[148.450618,-35.871962],[148.440163,-35.887266],[148.438312,-35.898899],[148.444844,-35.904969],[148.462812,-35.907689],[148.471353,-35.915032],[148.470495,-35.937421],[148.494255,-35.958787],[148.498165,-35.968517],[148.514408,-35.97359],[148.538488,-35.999434],[148.557869,-35.999778],[148.560988,-36.005056],[148.55381,-36.041185],[148.570366,-36.065712],[148.55342,-36.083223],[148.565282,-36.089966],[148.561789,-36.104808],[148.5381,-36.099459],[148.526006,-36.08797],[148.512948,-36.087699],[148.476891,-36.106218],[148.478908,-36.113604],[148.454005,-36.125948],[148.460979,-36.144911],[148.452712,-36.149204],[148.440714,-36.172287],[148.428095,-36.177259],[148.438333,-36.186849],[148.434948,-36.202408],[148.425739,-36.204249],[148.427469,-36.233884],[148.43416,-36.238619],[148.428411,-36.260512],[148.415849,-36.263482],[148.410075,-36.277841],[148.396416,-36.290599],[148.372406,-36.288895],[148.368952,-36.30074],[148.374589,-36.309292],[148.373379,-36.32472],[148.357424,-36.340509],[148.351074,-36.357731],[148.342753,-36.368045],[148.332404,-36.369959],[148.328746,-36.383258],[148.289314,-36.410161],[148.270621,-36.438983],[148.26243,-36.456368],[148.273006,-36.461848],[148.259987,-36.49013],[148.259065,-36.500124],[148.247015,-36.510224],[148.261028,-36.528292],[148.250414,-36.542795],[148.268376,-36.548767],[148.270899,-36.5588],[148.28762,-36.568869],[148.303837,-36.599133],[148.304327,-36.609708],[148.289791,-36.609321],[148.275419,-36.618605],[148.257173,-36.616842],[148.249953,-36.625519],[148.245966,-36.648638],[148.239101,-36.664088],[148.246961,-36.667814],[148.254457,-36.69157],[148.251369,-36.706035],[148.238451,-36.706868],[148.235875,-36.724299],[148.240473,-36.730247],[148.231818,-36.746952],[148.211187,-36.752174],[148.201841,-36.771679],[148.200705,-36.798637],[148.523569,-36.929898],[148.798383,-37.040901],[148.992556,-37.118474],[149.206151,-37.203617],[149.356271,-37.262765],[149.592094,-37.355679],[149.794194,-37.434454],[149.976192,-37.505159],[149.977295,-37.493278],[149.972893,-37.468817],[149.97541,-37.44545],[149.956554,-37.423509],[149.953872,-37.409552],[149.955242,-37.387617],[149.951181,-37.366104],[149.957081,-37.351221],[149.972162,-37.328523],[149.967462,-37.309075],[149.942936,-37.282524],[149.952408,-37.263619],[149.966025,-37.249843],[149.98687,-37.23995],[150.01009,-37.249914],[150.013111,-37.255496],[150.040152,-37.259206],[150.046698,-37.254073],[150.035602,-37.243842],[150.027834,-37.222515],[150.021337,-37.218882],[150.017718,-37.190948],[150.02095,-37.185432],[150.002736,-37.163914],[150.00955,-37.161268],[150.004599,-37.14645],[149.938309,-37.09858],[149.929726,-37.110113],[149.886502,-37.103689],[149.872759,-37.093308],[149.872514,-37.083208],[149.901876,-37.069158],[149.923414,-37.046306],[149.944593,-37.049025],[149.939397,-37.038901],[149.943234,-37.018731],[149.930788,-37.007831],[149.926665,-36.99206],[149.927898,-36.977168],[149.939062,-36.950893],[149.928804,-36.941873],[149.920394,-36.947689],[149.908606,-36.939094],[149.903966,-36.922997],[149.910042,-36.903386],[149.929592,-36.894714],[149.930172,-36.873988],[149.939116,-36.857512],[149.934352,-36.844126],[149.940621,-36.811683],[149.953738,-36.792314],[149.967162,-36.78743],[149.980161,-36.75814],[149.987596,-36.735025],[149.979306,-36.722228],[149.982757,-36.702281],[149.99116,-36.697576],[149.999881,-36.665002],[150.031384,-36.610623],[150.058028,-36.579313],[150.055295,-36.575357],[150.065877,-36.547563],[150.057277,-36.543901],[150.06049,-36.525384],[150.055037,-36.495297],[150.056758,-36.480614],[150.074011,-36.456964],[150.07238,-36.4442],[150.082699,-36.422783],[150.067383,-36.41891],[150.068941,-36.393006],[150.083311,-36.372919],[150.079326,-36.369259],[150.093005,-36.34995],[150.120489,-36.322894],[150.131203,-36.316547],[150.136439,-36.305905],[150.130755,-36.288952],[150.145811,-36.267901],[150.143496,-36.249566],[150.147542,-36.237994],[150.132015,-36.206964],[150.133898,-36.179073],[150.125418,-36.16014],[150.124334,-36.141924],[150.128798,-36.119013],[150.137539,-36.097026],[150.132475,-36.080872],[150.14129,-36.050883],[150.128419,-36.044872],[150.123989,-36.031596],[150.10484,-36.019871],[150.085026,-36.022247],[150.085094,-36.009695],[150.074777,-36.008335],[150.05356,-36.020138],[150.052638,-36.041306],[150.014268,-36.035793],[150.004167,-36.027329],[149.971933,-36.009169],[149.966665,-36.010489],[149.855705,-35.809015],[149.859796,-35.795142],[149.837634,-35.786406],[149.826941,-35.778131],[149.824958,-35.763239],[149.817232,-35.753041],[149.830246,-35.721324],[149.840917,-35.7148],[149.856847,-35.719476],[149.875458,-35.688275],[149.908399,-35.637019],[149.922055,-35.634334],[149.920079,-35.623145],[149.934096,-35.61165],[149.936329,-35.59496],[149.929019,-35.578612],[149.929853,-35.565592],[149.949419,-35.553218],[149.949323,-35.529432],[149.957434,-35.53073],[149.964045,-35.500787],[149.979007,-35.50246],[149.9774,-35.490247],[149.998742,-35.478744],[150.00586,-35.460507],[150.007436,-35.430683],[150.023195,-35.411063],[150.038056,-35.406213],[150.041956,-35.383131],[150.037014,-35.36742],[150.046721,-35.347397],[150.03804,-35.331635],[150.053093,-35.309068],[150.067782,-35.309166],[150.087254,-35.30093],[150.106661,-35.285429],[150.113762,-35.290943],[150.147838,-35.27008],[150.16437,-35.269778],[150.161001,-35.257476],[150.172095,-35.248615],[150.169962,-35.238724],[150.197489,-35.230222],[150.186318,-35.199841],[150.208309,-35.203745],[150.214686,-35.194311],[150.204326,-35.177566],[150.187879,-35.166018],[150.175798,-35.165427],[150.170401,-35.149334],[150.150828,-35.143184],[150.141643,-35.14446],[150.139542,-35.118163],[150.129059,-35.112935],[150.129401,-35.09779],[150.103221,-35.082239],[150.105934,-35.071545],[150.088819,-35.067617],[150.087768,-35.059964],[150.071681,-35.049501],[150.064212,-35.021789],[150.0526,-35.018163],[150.049832,-35.008711],[150.066042,-35.00462],[150.08431,-34.991209],[150.077951,-34.975538],[150.05552,-34.965285],[150.068376,-34.93595],[150.088242,-34.924887],[150.086993,-34.912088],[150.079661,-34.896507],[150.053563,-34.882432],[150.051559,-34.870293],[150.040608,-34.8602],[150.037447,-34.843872],[150.043756,-34.827779],[150.036388,-34.807472],[150.040306,-34.79555],[150.067381,-34.778912],[150.07422,-34.768097],[150.105446,-34.78885],[150.110133,-34.799142],[150.125277,-34.807969],[150.127115,-34.817387],[150.156572,-34.822593],[150.177659,-34.818223],[150.193709,-34.819725],[150.209564,-34.814495],[150.21836,-34.804617],[150.231571,-34.801705],[150.236136,-34.794164],[150.257641,-34.790168],[150.267865,-34.774374],[150.28782,-34.764691],[150.310168,-34.772091],[150.330255,-34.759229],[150.33353,-34.752388]]]},"bbox":[148.200705,-37.505159,150.33353,-34.548699]},
{"properties":{"electorateShortName":"farrer","electorateName":"Farrer","area":126562.92,"state":"NSW"},"type":"Feature","geometry":{"type":"Polygon","coordinates":[[[147.68933,-35.937725],[147.693528,-35.930877],[147.687408,-35.918169],[147.696419,-35.911994],[147.691175,-35.886085],[147.707661,-35.879104],[147.702677,-35.85558],[147.714259,-35.838507],[147.740138,-35.833926],[147.760588,-35.839756],[147.761631,-35.830996],[147.774158,-35.818821],[147.772424,-35.807024],[147.786954,-35.804549],[147.801045,-35.790542],[147.812585,-35.771236],[147.813854,-35.754279],[147.819657,-35.744114],[147.807815,-35.720898],[147.813475,-35.711886],[147.804491,-35.703656],[147.801663,-35.678005],[147.821428,-35.649327],[147.833648,-35.641585],[147.87593,-35.633769],[147.884944,-35.63541],[147.89396,-35.62422],[147.88467,-35.613079],[147.872577,-35.586756],[147.855324,-35.559898],[147.845391,-35.554599],[147.812125,-35.549421],[147.79159,-35.55146],[147.754375,-35.544684],[147.755718,-35.533462],[147.736915,-35.531022],[147.738286,-35.541082],[147.685594,-35.534198],[147.681189,-35.556669],[147.666595,-35.545982],[147.645953,-35.538789],[147.63176,-35.547102],[147.607787,-35.539571],[147.600213,-35.528844],[147.581315,-35.515544],[147.556535,-35.505655],[147.553328,-35.498601],[147.535372,-35.491722],[147.525087,-35.483406],[147.518147,-35.496963],[147.498231,-35.513771],[147.501735,-35.522092],[147.488405,-35.5408],[147.480995,-35.54516],[147.456277,-35.530956],[147.438399,-35.537211],[147.419431,-35.533527],[147.395214,-35.554942],[147.382318,-35.550764],[147.387917,-35.53793],[147.383966,-35.529828],[147.363804,-35.513871],[147.341398,-35.509225],[147.303027,-35.495596],[147.283199,-35.500123],[147.279422,-35.493703],[147.263197,-35.488551],[147.246758,-35.488113],[147.238204,-35.47101],[147.226524,-35.473668],[147.195453,-35.46609],[147.194093,-35.454699],[147.184978,-35.448477],[147.16624,-35.456831],[147.157792,-35.46916],[147.124671,-35.462578],[147.121813,-35.456215],[147.087341,-35.450465],[147.073065,-35.452919],[147.071242,-35.460598],[147.016605,-35.493886],[146.993901,-35.489287],[146.991181,-35.51684],[146.970767,-35.51943],[146.953062,-35.528029],[146.910234,-35.554649],[146.890907,-35.560482],[146.888378,-35.573241],[146.871365,-35.57586],[146.798401,-35.566387],[146.796881,-35.574699],[146.701943,-35.561181],[146.672963,-35.555276],[146.662323,-35.547763],[146.669769,-35.520279],[146.554291,-35.494367],[146.540094,-35.487174],[146.491178,-35.480714],[146.470028,-35.476339],[146.428237,-35.471405],[146.374573,-35.404905],[146.364495,-35.389009],[146.354226,-35.387797],[146.364032,-35.337739],[146.372944,-35.321002],[146.388761,-35.322851],[146.392465,-35.302996],[146.403804,-35.304452],[146.413658,-35.250545],[146.386399,-35.247397],[146.389251,-35.231731],[146.451315,-35.191178],[146.535133,-35.138242],[146.563727,-35.119126],[146.615161,-35.114348],[146.634513,-35.096349],[146.662039,-35.089024],[146.688478,-35.067979],[146.761524,-35.076441],[146.778785,-35.098405],[146.784221,-35.070069],[146.7942,-35.058208],[146.807657,-34.986944],[146.804343,-34.969337],[146.779606,-34.947042],[146.784477,-34.924058],[146.813658,-34.913318],[146.84358,-34.899125],[146.831065,-34.880911],[146.835375,-34.860049],[146.846616,-34.842743],[146.843266,-34.83723],[146.876409,-34.66252],[146.888326,-34.605114],[146.911568,-34.482591],[146.835253,-34.472721],[146.795492,-34.470798],[146.823028,-34.310851],[146.718745,-34.298111],[146.729043,-34.236768],[146.623872,-34.224735],[146.635404,-34.151187],[146.458206,-34.13293],[146.471543,-34.056649],[146.492809,-33.919657],[146.417433,-33.910635],[146.437185,-33.794499],[146.317227,-33.780549],[146.0703,-33.753534],[146.074577,-33.731759],[146.095141,-33.603131],[146.053962,-33.475767],[146.0671,-33.370964],[146.066897,-33.359114],[146.076061,-33.338914],[146.083297,-33.334511],[146.087751,-33.320942],[146.081561,-33.309145],[146.087068,-33.289565],[146.095088,-33.276178],[146.058892,-33.211808],[146.093631,-33.189083],[146.03166,-33.093579],[145.905331,-33.087748],[145.906825,-33.078623],[145.872639,-33.0748],[145.87087,-33.086311],[145.754709,-33.082677],[145.686333,-33.082059],[145.645258,-33.080312],[145.668529,-32.935871],[145.651787,-32.935351],[145.671923,-32.805722],[145.586515,-32.796236],[145.595723,-32.737769],[145.556637,-32.733284],[145.552592,-32.755852],[145.569099,-32.757875],[145.560599,-32.781409],[145.550822,-32.791615],[145.537932,-32.783255],[145.544859,-32.775372],[145.504348,-32.770092],[145.510436,-32.727862],[145.467462,-32.722507],[145.414944,-32.761412],[145.412631,-32.775949],[145.330563,-32.766674],[145.344278,-32.682486],[145.257279,-32.671254],[145.249374,-32.724393],[145.164993,-32.71483],[145.15955,-32.747169],[145.127254,-32.954686],[145.118833,-32.953708],[145.107556,-33.033712],[145.027698,-33.021923],[145.010266,-33.024449],[145.007975,-33.035543],[144.991731,-33.033662],[144.987542,-33.026363],[144.979402,-33.083791],[144.96278,-33.087289],[144.941139,-33.084777],[144.942311,-33.078304],[144.908865,-33.074448],[144.913078,-33.049131],[144.798235,-33.036219],[144.777974,-33.163461],[144.760138,-33.156815],[144.747612,-33.161452],[144.741889,-33.173591],[144.733424,-33.231398],[144.645681,-33.222352],[144.642648,-33.241122],[144.61222,-33.237804],[144.609422,-33.256341],[144.598011,-33.255087],[144.595668,-33.270038],[144.58018,-33.268377],[144.577529,-33.288666],[144.549233,-33.28552],[144.546947,-33.300011],[144.530284,-33.296625],[144.491092,-33.292975],[144.488676,-33.300463],[144.471793,-33.29897],[144.471702,-33.291203],[144.433578,-33.287676],[144.433489,-33.280482],[144.416202,-33.279072],[144.414163,-33.286491],[144.262641,-33.272906],[144.264268,-33.263015],[144.277778,-33.254216],[144.236255,-33.249829],[144.251426,-33.15507],[144.07974,-33.135369],[143.905907,-33.115708],[143.898192,-33.161392],[143.839023,-33.15459],[143.816663,-33.137446],[143.789876,-33.148866],[143.720951,-33.140453],[143.714801,-33.154611],[143.674028,-33.170711],[143.66485,-33.178855],[143.648475,-33.15901],[143.637288,-33.149916],[143.55246,-33.140481],[143.57281,-33.012429],[143.602799,-33.007104],[143.653413,-33.012413],[143.661538,-32.955298],[143.671807,-32.940764],[143.585153,-32.93103],[143.591987,-32.885141],[143.505852,-32.876004],[143.499566,-32.918349],[143.438317,-32.9112],[143.416969,-32.907493],[143.432435,-32.808446],[143.269614,-32.791387],[143.271212,-32.780229],[143.071628,-32.759322],[142.964638,-32.748537],[142.94435,-32.890533],[142.705129,-32.866688],[142.515536,-32.847454],[142.549908,-32.991416],[142.547987,-33.01714],[142.424469,-33.005226],[142.428011,-32.979027],[142.376475,-32.973676],[142.374359,-32.989311],[142.382492,-33.005539],[142.362969,-33.025362],[142.334034,-33.046291],[142.314154,-33.049337],[142.311348,-33.067128],[142.28965,-33.081676],[142.296702,-33.101595],[142.29338,-33.116597],[142.273788,-33.115048],[142.27428,-33.123423],[142.244604,-33.119457],[142.242827,-33.130873],[142.226627,-33.126217],[142.224487,-33.120035],[142.178229,-33.115346],[142.168599,-33.116529],[142.105679,-33.11242],[142.107802,-33.090131],[142.022933,-33.0848],[142.038355,-33.143941],[141.755369,-33.115945],[141.560773,-33.096293],[141.573204,-33.005572],[141.40258,-32.98766],[141.388322,-33.081312],[141.348003,-33.366658],[141.30584,-33.362454],[141.308721,-33.341403],[141.266626,-33.337241],[141.263992,-33.355755],[141.167885,-33.345854],[141.002405,-33.329023],[141.00254,-33.498505],[141.002682,-33.678602],[141.002821,-33.853836],[141.002956,-34.021892],[141.001718,-34.037832],[141.008944,-34.044659],[141.039458,-34.05277],[141.04785,-34.061641],[141.06243,-34.054447],[141.092046,-34.076505],[141.097716,-34.068773],[141.088369,-34.054368],[141.097564,-34.050095],[141.107535,-34.061261],[141.120338,-34.064866],[141.135263,-34.05971],[141.153324,-34.064288],[141.152782,-34.079665],[141.167825,-34.082082],[141.179352,-34.089498],[141.207196,-34.061189],[141.236717,-34.070109],[141.242274,-34.080614],[141.26102,-34.078979],[141.268692,-34.09213],[141.283027,-34.103317],[141.312667,-34.111777],[141.313396,-34.124121],[141.331916,-34.131711],[141.346407,-34.124348],[141.349121,-34.111895],[141.362952,-34.11346],[141.383055,-34.123049],[141.391122,-34.134739],[141.403364,-34.127205],[141.411923,-34.149966],[141.431295,-34.145354],[141.432066,-34.158131],[141.444028,-34.167684],[141.4525,-34.161286],[141.466963,-34.16547],[141.472961,-34.15945],[141.49464,-34.154513],[141.510846,-34.177706],[141.506808,-34.190087],[141.517339,-34.206709],[141.532805,-34.211603],[141.545044,-34.200583],[141.567974,-34.19183],[141.582695,-34.19875],[141.589922,-34.175268],[141.602561,-34.168795],[141.599335,-34.156085],[141.61202,-34.156492],[141.632119,-34.140138],[141.635073,-34.12039],[141.653775,-34.117081],[141.67745,-34.101225],[141.689371,-34.102078],[141.704908,-34.095686],[141.717027,-34.11496],[141.729872,-34.105577],[141.745353,-34.103104],[141.774652,-34.11443],[141.787229,-34.111996],[141.802109,-34.115877],[141.825395,-34.127681],[141.842404,-34.132526],[141.86698,-34.128459],[141.877846,-34.13685],[141.887961,-34.126081],[141.885359,-34.114701],[141.903691,-34.111366],[141.922351,-34.114383],[141.93751,-34.137049],[141.939754,-34.12226],[141.947014,-34.119832],[141.964165,-34.13677],[141.971663,-34.13525],[141.969742,-34.119898],[141.983491,-34.112412],[142.013258,-34.125416],[142.013312,-34.105381],[142.032603,-34.113095],[142.03409,-34.129289],[142.051773,-34.125488],[142.074484,-34.130491],[142.075157,-34.141388],[142.066631,-34.152763],[142.078003,-34.158076],[142.082079,-34.172992],[142.103859,-34.177298],[142.120886,-34.174093],[142.118617,-34.159819],[142.138001,-34.160132],[142.147839,-34.14871],[142.165861,-34.152266],[142.159255,-34.171483],[142.16594,-34.182742],[142.175995,-34.184426],[142.183613,-34.175673],[142.19858,-34.183496],[142.220316,-34.181665],[142.228062,-34.189576],[142.229132,-34.207086],[142.238324,-34.204652],[142.24353,-34.216685],[142.235809,-34.222639],[142.24403,-34.232457],[142.2435,-34.24603],[142.235705,-34.248787],[142.249565,-34.266928],[142.244728,-34.276919],[142.248612,-34.286547],[142.232465,-34.296749],[142.238545,-34.30782],[142.272191,-34.30357],[142.2874,-34.306919],[142.280596,-34.315901],[142.292443,-34.323761],[142.313689,-34.329489],[142.32161,-34.336936],[142.348615,-34.336576],[142.365135,-34.32712],[142.396798,-34.338096],[142.384364,-34.347335],[142.391499,-34.360112],[142.368628,-34.369736],[142.370652,-34.38329],[142.351891,-34.394745],[142.352636,-34.419082],[142.365178,-34.447058],[142.35397,-34.470661],[142.371176,-34.471511],[142.374881,-34.476951],[142.361416,-34.487859],[142.392212,-34.49227],[142.376443,-34.511827],[142.384,-34.523811],[142.368408,-34.527088],[142.376705,-34.540985],[142.392498,-34.549364],[142.410691,-34.553474],[142.406254,-34.56541],[142.424287,-34.562414],[142.428641,-34.572575],[142.451608,-34.572796],[142.4486,-34.560005],[142.467968,-34.564295],[142.472794,-34.575279],[142.465987,-34.583102],[142.471178,-34.593386],[142.458713,-34.616912],[142.465543,-34.634413],[142.472026,-34.640124],[142.471582,-34.666869],[142.490818,-34.672996],[142.511171,-34.658278],[142.513827,-34.666666],[142.498038,-34.67243],[142.513521,-34.691322],[142.518898,-34.704022],[142.509895,-34.713661],[142.513045,-34.723122],[142.499571,-34.739194],[142.508737,-34.750085],[142.526373,-34.759805],[142.550496,-34.763101],[142.596081,-34.772941],[142.61578,-34.785261],[142.631431,-34.784395],[142.644439,-34.775337],[142.646377,-34.763986],[142.636643,-34.757716],[142.619222,-34.754454],[142.616551,-34.737954],[142.654948,-34.727746],[142.679521,-34.739085],[142.696762,-34.720164],[142.684825,-34.714704],[142.690497,-34.704752],[142.678929,-34.680153],[142.689193,-34.671752],[142.710435,-34.676748],[142.708608,-34.662167],[142.695435,-34.659971],[142.689336,-34.651391],[142.696939,-34.639536],[142.704207,-34.612494],[142.699545,-34.603155],[142.714821,-34.600443],[142.724632,-34.592388],[142.732112,-34.59973],[142.746444,-34.60306],[142.763517,-34.596737],[142.756938,-34.579449],[142.780544,-34.579179],[142.769991,-34.568882],[142.781468,-34.565084],[142.793074,-34.550467],[142.805408,-34.553901],[142.809125,-34.56197],[142.796435,-34.571949],[142.800298,-34.579682],[142.787947,-34.5907],[142.805372,-34.608622],[142.835569,-34.611128],[142.839467,-34.623659],[142.854341,-34.619617],[142.861506,-34.628214],[142.864381,-34.644002],[142.871909,-34.652369],[142.874045,-34.673405],[142.899365,-34.66883],[142.902088,-34.654502],[142.924713,-34.649592],[142.934211,-34.659828],[142.96334,-34.676609],[142.967695,-34.691671],[142.982427,-34.68274],[142.976762,-34.670149],[142.990699,-34.667595],[143.012939,-34.671045],[143.008007,-34.685967],[143.013864,-34.694796],[143.030659,-34.693733],[143.040044,-34.702511],[143.057406,-34.697819],[143.06552,-34.688324],[143.090001,-34.701286],[143.103934,-34.694086],[143.109596,-34.701696],[143.133792,-34.701049],[143.147435,-34.709825],[143.1654,-34.700807],[143.16429,-34.717289],[143.169809,-34.719968],[143.193547,-34.712979],[143.200913,-34.733447],[143.214857,-34.735448],[143.229428,-34.747326],[143.242936,-34.746825],[143.248926,-34.757856],[143.263304,-34.751202],[143.271401,-34.75965],[143.254281,-34.766646],[143.273545,-34.777018],[143.273565,-34.789081],[143.283663,-34.795215],[143.307494,-34.780064],[143.315042,-34.789406],[143.330791,-34.787467],[143.351547,-34.796004],[143.34711,-34.80503],[143.35939,-34.817289],[143.345851,-34.854911],[143.348683,-34.864411],[143.332288,-34.88505],[143.323269,-34.884978],[143.333176,-34.911127],[143.3422,-34.919159],[143.342517,-34.933699],[143.319738,-34.948405],[143.319595,-34.968512],[143.323788,-34.979248],[143.31811,-34.986117],[143.33583,-35.002986],[143.334877,-35.03455],[143.322705,-35.035511],[143.339884,-35.055978],[143.341107,-35.088849],[143.349291,-35.105291],[143.357705,-35.104908],[143.362187,-35.117111],[143.374051,-35.122919],[143.391141,-35.146715],[143.382961,-35.174203],[143.39638,-35.193114],[143.417855,-35.194828],[143.424645,-35.189763],[143.446411,-35.189924],[143.464875,-35.203292],[143.471481,-35.219294],[143.492321,-35.219897],[143.505151,-35.213824],[143.519785,-35.21272],[143.529485,-35.219801],[143.543169,-35.216482],[143.546418,-35.207392],[143.563927,-35.202627],[143.579485,-35.213803],[143.573815,-35.234879],[143.565316,-35.235718],[143.576014,-35.265483],[143.59086,-35.281659],[143.582126,-35.287789],[143.577937,-35.303197],[143.562883,-35.318016],[143.566838,-35.343647],[143.581993,-35.34111],[143.597496,-35.354631],[143.603015,-35.365407],[143.629308,-35.392188],[143.642339,-35.401037],[143.653874,-35.394879],[143.676871,-35.371752],[143.697951,-35.38129],[143.710475,-35.392663],[143.746463,-35.388599],[143.767905,-35.401179],[143.758929,-35.415006],[143.763844,-35.423582],[143.790117,-35.422477],[143.80312,-35.434457],[143.818017,-35.437545],[143.82703,-35.455101],[143.841471,-35.458623],[143.867954,-35.481485],[143.894671,-35.492389],[143.912221,-35.494889],[143.919107,-35.500666],[143.958981,-35.50448],[143.977879,-35.534142],[143.99581,-35.53499],[143.99922,-35.545367],[143.989386,-35.553193],[144.008603,-35.563155],[144.012702,-35.554073],[144.04785,-35.556174],[144.046549,-35.562766],[144.064049,-35.571377],[144.062189,-35.576694],[144.105766,-35.591691],[144.113178,-35.601909],[144.117546,-35.625926],[144.140571,-35.646439],[144.153337,-35.646066],[144.16235,-35.671526],[144.174917,-35.674408],[144.185471,-35.67049],[144.195138,-35.685858],[144.213589,-35.686764],[144.215049,-35.704491],[144.229695,-35.714869],[144.24841,-35.721499],[144.247442,-35.729076],[144.267919,-35.753779],[144.284989,-35.737265],[144.301187,-35.741758],[144.309384,-35.751144],[144.353145,-35.778209],[144.352408,-35.78644],[144.375726,-35.801211],[144.36476,-35.819647],[144.375538,-35.824381],[144.374914,-35.840618],[144.389813,-35.859222],[144.405422,-35.86166],[144.403628,-35.880666],[144.412385,-35.886894],[144.408538,-35.898891],[144.422781,-35.910236],[144.439135,-35.931164],[144.464427,-35.941173],[144.481258,-35.952831],[144.493353,-35.968218],[144.51424,-35.974182],[144.52039,-35.995961],[144.529754,-35.994404],[144.553573,-36.002946],[144.55677,-36.013647],[144.578053,-36.021128],[144.583275,-36.039025],[144.606073,-36.036373],[144.618703,-36.039635],[144.608914,-36.064948],[144.616754,-36.07666],[144.627637,-36.066618],[144.624999,-36.052081],[144.637464,-36.04764],[144.653191,-36.05324],[144.652922,-36.073876],[144.692392,-36.069351],[144.682496,-36.084961],[144.684781,-36.091486],[144.711636,-36.091425],[144.719131,-36.10068],[144.718402,-36.113565],[144.743472,-36.109001],[144.747587,-36.121229],[144.773574,-36.120814],[144.786868,-36.127681],[144.797083,-36.11365],[144.805787,-36.123842],[144.824151,-36.102563],[144.843371,-36.096736],[144.84204,-36.082885],[144.874824,-36.057628],[144.888575,-36.063568],[144.913623,-36.063051],[144.932614,-36.067049],[144.946483,-36.082332],[144.964728,-36.079335],[144.982405,-36.071558],[144.986877,-36.064296],[144.982057,-36.048278],[144.967808,-36.042078],[144.965626,-36.028529],[144.946338,-36.012795],[144.946451,-36.005122],[144.923616,-35.988951],[144.930904,-35.968554],[144.95625,-35.962092],[144.955293,-35.946613],[144.949012,-35.931999],[144.952877,-35.916534],[144.960997,-35.911863],[144.964745,-35.895903],[144.975001,-35.883433],[144.968179,-35.865842],[144.979344,-35.858355],[145.004784,-35.85472],[145.020321,-35.856001],[145.047102,-35.837093],[145.069007,-35.835033],[145.072862,-35.827757],[145.098615,-35.828399],[145.11031,-35.824018],[145.13423,-35.827608],[145.168352,-35.842476],[145.18282,-35.835103],[145.213105,-35.835798],[145.246515,-35.830412],[145.271516,-35.845274],[145.284146,-35.856572],[145.307473,-35.860464],[145.324755,-35.850767],[145.352396,-35.865795],[145.38715,-35.850142],[145.410328,-35.848783],[145.411242,-35.835465],[145.419874,-35.828174],[145.442293,-35.835642],[145.450332,-35.821679],[145.46021,-35.827212],[145.471522,-35.811322],[145.494301,-35.813983],[145.503544,-35.809894],[145.521322,-35.818651],[145.53239,-35.804858],[145.555842,-35.814555],[145.563703,-35.831635],[145.5824,-35.848499],[145.592459,-35.848861],[145.588695,-35.862565],[145.605401,-35.874273],[145.624984,-35.862166],[145.632215,-35.888655],[145.658834,-35.902649],[145.673865,-35.925893],[145.685362,-35.930692],[145.697709,-35.924741],[145.713028,-35.936987],[145.726301,-35.942312],[145.746964,-35.964157],[145.763966,-35.96535],[145.778211,-35.960244],[145.793445,-35.982817],[145.84426,-35.983005],[145.848998,-35.969258],[145.870564,-35.955476],[145.879855,-35.957726],[145.908007,-35.953565],[145.91489,-35.964542],[145.934625,-35.972692],[145.950694,-35.974942],[145.952516,-35.992491],[145.967772,-36.005838],[145.986695,-36.013257],[146.006762,-36.003395],[146.017319,-36.006358],[146.030717,-35.994849],[146.046726,-36.002882],[146.057723,-36.013044],[146.09554,-36.020293],[146.107678,-36.014369],[146.141672,-36.016598],[146.15468,-36.025159],[146.173874,-36.019726],[146.177275,-36.034041],[146.185976,-36.04207],[146.19808,-36.029929],[146.243982,-36.027784],[146.256313,-36.013278],[146.272762,-36.026643],[146.276391,-36.015839],[146.288234,-36.015356],[146.291056,-36.035452],[146.306049,-36.042575],[146.327027,-36.035358],[146.330924,-36.026673],[146.345825,-36.029383],[146.347215,-36.03835],[146.366896,-36.050099],[146.386841,-36.036842],[146.379593,-36.028127],[146.380858,-36.012572],[146.398316,-36.008021],[146.402962,-35.98878],[146.436366,-35.966703],[146.45664,-35.966665],[146.488434,-35.989957],[146.500431,-35.978239],[146.501034,-35.964774],[146.511963,-35.964179],[146.526564,-35.97042],[146.5316,-35.982155],[146.549581,-35.992457],[146.563412,-35.968881],[146.569591,-35.979283],[146.594545,-35.974378],[146.607993,-35.974706],[146.612864,-35.994714],[146.622249,-35.995307],[146.650336,-36.018411],[146.656852,-36.026428],[146.670222,-36.027913],[146.682653,-36.038985],[146.703433,-36.034052],[146.716628,-36.026506],[146.732358,-36.030981],[146.730519,-36.044629],[146.750628,-36.050572],[146.76021,-36.058168],[146.776922,-36.059994],[146.795648,-36.057436],[146.814468,-36.063948],[146.825463,-36.088817],[146.836347,-36.082188],[146.848713,-36.086605],[146.872952,-36.073681],[146.880556,-36.087524],[146.901931,-36.083048],[146.91202,-36.106241],[146.945682,-36.115517],[146.950574,-36.094491],[146.958912,-36.085164],[146.972589,-36.082113],[146.978369,-36.092685],[146.988983,-36.087066],[147.016177,-36.089497],[147.035284,-36.114914],[147.048679,-36.103795],[147.052277,-36.090543],[147.06302,-36.082492],[147.059515,-36.07404],[147.085088,-36.052465],[147.095444,-36.05271],[147.100295,-36.035767],[147.097214,-36.022613],[147.10473,-36.018735],[147.113583,-36.000574],[147.123129,-35.997317],[147.127863,-36.018578],[147.137173,-36.028625],[147.154914,-36.035702],[147.161588,-36.031054],[147.183891,-36.038357],[147.204328,-36.049889],[147.226105,-36.047803],[147.242226,-36.038531],[147.263604,-36.039264],[147.300282,-36.045277],[147.306669,-36.05719],[147.318012,-36.060321],[147.352244,-36.032293],[147.346068,-36.024247],[147.353257,-36.000376],[147.360761,-35.988997],[147.383679,-35.972352],[147.391587,-35.97393],[147.392717,-35.95406],[147.404264,-35.943562],[147.431041,-35.952994],[147.456156,-35.957779],[147.464072,-35.944137],[147.481252,-35.949017],[147.498602,-35.946642],[147.512367,-35.96232],[147.51523,-35.975987],[147.525896,-35.986192],[147.555245,-36.003209],[147.569283,-35.991339],[147.583884,-35.985671],[147.574885,-35.975159],[147.582327,-35.967786],[147.60546,-35.977376],[147.62011,-35.96778],[147.638341,-35.961612],[147.64229,-35.949978],[147.653714,-35.944149],[147.680009,-35.944439],[147.68933,-35.937725]]]},"bbox":[141.001718,-36.127681,147.89396,-32.671254]},
{"properties":{"electorateShortName":"fowler","electorateName":"Fowler","area":62.45,"state":"NSW"},"type":"Feature","geometry":{"type":"Polygon","coordinates":[[[150.973326,-33.889429],[150.985518,-33.870492],[150.961326,-33.86758],[150.959541,-33.881462],[150.945003,-33.885677],[150.925953,-33.874439],[150.916567,-33.874458],[150.918341,-33.848264],[150.886286,-33.853183],[150.875878,-33.852024],[150.869703,-33.865388],[150.853667,-33.863161],[150.842448,-33.876249],[150.853868,-33.88378],[150.881878,-33.888583],[150.894981,-33.898969],[150.904129,-33.915252],[150.904292,-33.938185],[150.918369,-33.939036],[150.928113,-33.926893],[150.936296,-33.929969],[150.968598,-33.931074],[150.97899,-33.929267],[150.973705,-33.916751],[150.979445,-33.906353],[150.968663,-33.896735],[150.973326,-33.889429]]]},"bbox":[150.842448,-33.939036,150.985518,-33.848264]},
{"properties":{"electorateShortName":"gilmore","electorateName":"Gilmore","area":6322.13,"state":"NSW"},"type":"Feature","geometry":{"type":"Polygon","coordinates":[[[150.14129,-36.050883],[150.14422,-36.03946],[150.160261,-36.013824],[150.151067,-35.97886],[150.160404,-35.953897],[150.155057,-35.945862],[150.161225,-35.93316],[150.158459,-35.911911],[150.149676,-35.895409],[150.160203,-35.871273],[150.181443,-35.856484],[150.177428,-35.84883],[150.187121,-35.832865],[150.199136,-35.828596],[150.217544,-35.830701],[150.227112,-35.822133],[150.227479,-35.803291],[150.233451,-35.7973],[150.234944,-35.771762],[150.225988,-35.771437],[150.211957,-35.760122],[150.216781,-35.745726],[150.204531,-35.7319],[150.199194,-35.719221],[150.17981,-35.708735],[150.198951,-35.701359],[150.228811,-35.70256],[150.262428,-35.717863],[150.279032,-35.716788],[150.280941,-35.703348],[150.29702,-35.686061],[150.304419,-35.670557],[150.29743,-35.663088],[150.299254,-35.647388],[150.313561,-35.635562],[150.326048,-35.637215],[150.325369,-35.617946],[150.334119,-35.611107],[150.34917,-35.58829],[150.364873,-35.570642],[150.376802,-35.571802],[150.387488,-35.559065],[150.385042,-35.546132],[150.396202,-35.53312],[150.407619,-35.529497],[150.393661,-35.505663],[150.389433,-35.48864],[150.395711,-35.479957],[150.392847,-35.464609],[150.410629,-35.441504],[150.423084,-35.420975],[150.43751,-35.409891],[150.447303,-35.394922],[150.466447,-35.37643],[150.490589,-35.361434],[150.474882,-35.356554],[150.475899,-35.330281],[150.483144,-35.322305],[150.471901,-35.316547],[150.478024,-35.291824],[150.489199,-35.28071],[150.541494,-35.245711],[150.533043,-35.243838],[150.530686,-35.231685],[150.539507,-35.216614],[150.572751,-35.193035],[150.593971,-35.185018],[150.592407,-35.175336],[150.6016,-35.170423],[150.606165,-35.155343],[150.603545,-35.151969],[150.596026,-35.151559],[150.593969,-35.143836],[150.599637,-35.146319],[150.608059,-35.143609],[150.613394,-35.147384],[150.615391,-35.144781],[150.614989,-35.148425],[150.621482,-35.147461],[150.627577,-35.150033],[150.633225,-35.149115],[150.638248,-35.145859],[150.651131,-35.131817],[150.65729,-35.129457],[150.660214,-35.125825],[150.66135,-35.11782],[150.701604,-35.122862],[150.695,-35.111113],[150.694448,-35.092163],[150.688889,-35.072156],[150.674287,-35.061513],[150.677648,-35.042719],[150.67113,-35.037153],[150.678123,-35.025228],[150.692998,-35.013584],[150.709141,-35.007434],[150.728397,-35.007549],[150.72703,-34.996149],[150.753894,-34.991007],[150.778271,-35.002448],[150.767252,-35.015173],[150.775304,-35.026707],[150.785012,-35.030788],[150.773507,-35.065335],[150.773462,-35.079261],[150.793643,-35.076603],[150.799512,-35.09063],[150.81794,-35.084963],[150.830542,-35.076373],[150.840569,-35.060413],[150.834573,-35.04321],[150.835267,-35.032089],[150.846587,-35.008384],[150.835194,-35.003091],[150.821614,-35.014616],[150.79805,-35.003854],[150.78765,-34.990697],[150.779433,-34.973075],[150.776324,-34.949941],[150.78001,-34.934466],[150.768621,-34.926048],[150.760049,-34.900442],[150.750217,-34.887528],[150.749607,-34.854716],[150.762336,-34.817197],[150.776622,-34.797234],[150.792111,-34.782536],[150.80983,-34.773346],[150.822899,-34.773159],[150.834113,-34.75492],[150.833299,-34.738644],[150.846035,-34.725446],[150.856019,-34.700538],[150.858825,-34.686322],[150.854737,-34.662747],[150.863163,-34.653961],[150.855795,-34.642622],[150.860886,-34.627883],[150.835945,-34.632892],[150.832741,-34.6389],[150.807979,-34.642745],[150.796952,-34.641328],[150.793003,-34.628734],[150.795873,-34.614609],[150.790172,-34.602266],[150.768286,-34.598949],[150.758131,-34.613022],[150.700452,-34.604969],[150.666625,-34.611709],[150.654761,-34.624469],[150.642787,-34.624886],[150.623283,-34.644297],[150.590467,-34.658718],[150.576376,-34.669631],[150.579649,-34.693488],[150.568456,-34.69652],[150.56211,-34.681942],[150.566207,-34.674203],[150.562864,-34.651618],[150.548328,-34.650451],[150.504252,-34.666829],[150.498253,-34.681892],[150.469216,-34.678192],[150.451792,-34.691769],[150.433291,-34.68976],[150.424718,-34.697764],[150.405853,-34.701211],[150.388709,-34.714101],[150.37784,-34.736644],[150.35873,-34.748311],[150.338408,-34.748354],[150.33353,-34.752388],[150.330255,-34.759229],[150.310168,-34.772091],[150.28782,-34.764691],[150.267865,-34.774374],[150.257641,-34.790168],[150.236136,-34.794164],[150.231571,-34.801705],[150.21836,-34.804617],[150.209564,-34.814495],[150.193709,-34.819725],[150.177659,-34.818223],[150.156572,-34.822593],[150.127115,-34.817387],[150.125277,-34.807969],[150.110133,-34.799142],[150.105446,-34.78885],[150.07422,-34.768097],[150.067381,-34.778912],[150.040306,-34.79555],[150.036388,-34.807472],[150.043756,-34.827779],[150.037447,-34.843872],[150.040608,-34.8602],[150.051559,-34.870293],[150.053563,-34.882432],[150.079661,-34.896507],[150.086993,-34.912088],[150.088242,-34.924887],[150.068376,-34.93595],[150.05552,-34.965285],[150.077951,-34.975538],[150.08431,-34.991209],[150.066042,-35.00462],[150.049832,-35.008711],[150.0526,-35.018163],[150.064212,-35.021789],[150.071681,-35.049501],[150.087768,-35.059964],[150.088819,-35.067617],[150.105934,-35.071545],[150.103221,-35.082239],[150.129401,-35.09779],[150.129059,-35.112935],[150.139542,-35.118163],[150.141643,-35.14446],[150.150828,-35.143184],[150.170401,-35.149334],[150.175798,-35.165427],[150.187879,-35.166018],[150.204326,-35.177566],[150.214686,-35.194311],[150.208309,-35.203745],[150.186318,-35.199841],[150.197489,-35.230222],[150.169962,-35.238724],[150.172095,-35.248615],[150.161001,-35.257476],[150.16437,-35.269778],[150.147838,-35.27008],[150.113762,-35.290943],[150.106661,-35.285429],[150.087254,-35.30093],[150.067782,-35.309166],[150.053093,-35.309068],[150.03804,-35.331635],[150.046721,-35.347397],[150.037014,-35.36742],[150.041956,-35.383131],[150.038056,-35.406213],[150.023195,-35.411063],[150.007436,-35.430683],[150.00586,-35.460507],[149.998742,-35.478744],[149.9774,-35.490247],[149.979007,-35.50246],[149.964045,-35.500787],[149.957434,-35.53073],[149.949323,-35.529432],[149.949419,-35.553218],[149.929853,-35.565592],[149.929019,-35.578612],[149.936329,-35.59496],[149.934096,-35.61165],[149.920079,-35.623145],[149.922055,-35.634334],[149.908399,-35.637019],[149.875458,-35.688275],[149.856847,-35.719476],[149.840917,-35.7148],[149.830246,-35.721324],[149.817232,-35.753041],[149.824958,-35.763239],[149.826941,-35.778131],[149.837634,-35.786406],[149.859796,-35.795142],[149.855705,-35.809015],[149.966665,-36.010489],[149.971933,-36.009169],[150.004167,-36.027329],[150.014268,-36.035793],[150.052638,-36.041306],[150.05356,-36.020138],[150.074777,-36.008335],[150.085094,-36.009695],[150.085026,-36.022247],[150.10484,-36.019871],[150.123989,-36.031596],[150.128419,-36.044872],[150.14129,-36.050883]]]},"bbox":[149.817232,-36.050883,150.863163,-34.598949]},
{"properties":{"electorateShortName":"grayndler","electorateName":"Grayndler","area":34.21,"state":"NSW"},"type":"Feature","geometry":{"type":"Polygon","coordinates":[[[151.180834,-33.919165],[151.181554,-33.906851],[151.171947,-33.894771],[151.174978,-33.872667],[151.152122,-33.874781],[151.142072,-33.870421],[151.122424,-33.880907],[151.117504,-33.888516],[151.091508,-33.887654],[151.089427,-33.900708],[151.109992,-33.903214],[151.117138,-33.91335],[151.141048,-33.92279],[151.155241,-33.924108],[151.160519,-33.933998],[151.180834,-33.919165]]]},"bbox":[151.089427,-33.933998,151.181554,-33.870421]},
{"properties":{"electorateShortName":"greenway","electorateName":"Greenway","area":89.62,"state":"NSW"},"type":"Feature","geometry":{"type":"Polygon","coordinates":[[[150.958354,-33.765616],[150.927492,-33.696814],[150.935128,-33.668822],[150.932899,-33.659754],[150.935792,-33.641505],[150.927854,-33.636523],[150.936636,-33.623191],[150.904352,-33.611808],[150.874039,-33.656671],[150.85874,-33.646317],[150.851042,-33.650138],[150.853272,-33.663229],[150.881822,-33.722403],[150.898058,-33.738421],[150.904637,-33.76798],[150.922056,-33.774324],[150.935266,-33.774243],[150.958354,-33.765616]]]},"bbox":[150.851042,-33.774324,150.958354,-33.611808]},
{"properties":{"electorateShortName":"hughes","electorateName":"Hughes","area":379.92,"state":"NSW"},"type":"Feature","geometry":{"type":"Polygon","coordinates":[[[151.066158,-34.172329],[151.081098,-34.166807],[151.127882,-34.137919],[151.141154,-34.116251],[151.151846,-34.109708],[151.171761,-34.086503],[151.162586,-34.072444],[151.152001,-34.077811],[151.138089,-34.077436],[151.131975,-34.070467],[151.112757,-34.075693],[151.096354,-34.056368],[151.086989,-34.066603],[151.072235,-34.063154],[151.075595,-34.049722],[151.065255,-34.042275],[151.065352,-34.010686],[151.07327,-33.99586],[151.058495,-33.987158],[151.051917,-33.992936],[151.034708,-33.991575],[151.034746,-33.976646],[151.019352,-33.977704],[151.012091,-33.9836],[150.998147,-33.975126],[150.982912,-33.956534],[150.966197,-33.943616],[150.968598,-33.931074],[150.936296,-33.929969],[150.928113,-33.926893],[150.918369,-33.939036],[150.908638,-33.958394],[150.898727,-33.966366],[150.88008,-33.963815],[150.856473,-33.97473],[150.856868,-33.98557],[150.828677,-34.010694],[150.859494,-34.015632],[150.886481,-34.024934],[150.886657,-34.032115],[150.940791,-34.040033],[150.934371,-34.05897],[150.936889,-34.075705],[150.92531,-34.093351],[150.936595,-34.095129],[150.933527,-34.109405],[150.922732,-34.130009],[150.979872,-34.13841],[150.991107,-34.146034],[151.01889,-34.15595],[151.015923,-34.16644],[151.066158,-34.172329]]]},"bbox":[150.828677,-34.172329,151.171761,-33.926893]},
{"properties":{"electorateShortName":"hume","electorateName":"Hume","area":2673.89,"state":"NSW"},"type":"Feature","geometry":{"type":"Polygon","coordinates":[[[150.745677,-34.337416],[150.750861,-34.301926],[150.791745,-34.307086],[150.81676,-34.306375],[150.815836,-34.29591],[150.80519,-34.27134],[150.817033,-34.269794],[150.852796,-34.279952],[150.876359,-34.25966],[150.891236,-34.228438],[150.890517,-34.214076],[150.873469,-34.199343],[150.857451,-34.192529],[150.859526,-34.181048],[150.840897,-34.176524],[150.752063,-34.163864],[150.74978,-34.1521],[150.756249,-34.141331],[150.750125,-34.132286],[150.752606,-34.117205],[150.736991,-34.112839],[150.742134,-34.080727],[150.766419,-34.078065],[150.78093,-34.059678],[150.745626,-34.036846],[150.763999,-34.015696],[150.799098,-33.982218],[150.811413,-33.973526],[150.822564,-33.951998],[150.758915,-33.944075],[150.752163,-33.9364],[150.756669,-33.927487],[150.755458,-33.911155],[150.771098,-33.896412],[150.767908,-33.875728],[150.718105,-33.869001],[150.698269,-33.864047],[150.688377,-33.848169],[150.672337,-33.842403],[150.634846,-33.855101],[150.628615,-33.861895],[150.612793,-33.861847],[150.611705,-33.872692],[150.596457,-33.884144],[150.56062,-33.904117],[150.523615,-33.921497],[150.494532,-33.94966],[150.470564,-33.963447],[150.457422,-33.950937],[150.436642,-33.950538],[150.427624,-33.944076],[150.404275,-33.940691],[150.385992,-33.910944],[150.36882,-33.908175],[150.363137,-33.892891],[150.340653,-33.900687],[150.33843,-33.885095],[150.332376,-33.877094],[150.326633,-33.85673],[150.304233,-33.844842],[150.290642,-33.851765],[150.280855,-33.85066],[150.26485,-33.865542],[150.232966,-33.884501],[150.197074,-33.877805],[150.186093,-33.88118],[150.155908,-33.89309],[150.170067,-33.902425],[150.165069,-33.912438],[150.175556,-33.945178],[150.189058,-33.950622],[150.209977,-33.937432],[150.217023,-33.947822],[150.2412,-33.952033],[150.23206,-33.968057],[150.209036,-33.997793],[150.165229,-34.023469],[150.153086,-34.043159],[150.140766,-34.051246],[150.145656,-34.071363],[150.131673,-34.072795],[150.115857,-34.080292],[150.118481,-34.090976],[150.104817,-34.109399],[150.112814,-34.126764],[150.105241,-34.138496],[150.09054,-34.133366],[150.085456,-34.120564],[150.071402,-34.131429],[150.037434,-34.121378],[150.021618,-34.129193],[150.017203,-34.145475],[150.031093,-34.14473],[150.046585,-34.149997],[150.047338,-34.16093],[150.063413,-34.183089],[150.066039,-34.195339],[150.059711,-34.217399],[150.051501,-34.225439],[150.061532,-34.238664],[150.058035,-34.246924],[150.059231,-34.267018],[150.080206,-34.272141],[150.091336,-34.266435],[150.096241,-34.277043],[150.117145,-34.282811],[150.126532,-34.293122],[150.140897,-34.299334],[150.153057,-34.2975],[150.156949,-34.305789],[150.178057,-34.307803],[150.197015,-34.304104],[150.208248,-34.29412],[150.213026,-34.279251],[150.222686,-34.274638],[150.230708,-34.246921],[150.232692,-34.229037],[150.25405,-34.225259],[150.260959,-34.215134],[150.271555,-34.2227],[150.352941,-34.234731],[150.357227,-34.236925],[150.442084,-34.24843],[150.509642,-34.25943],[150.547994,-34.264424],[150.551371,-34.2669],[150.541769,-34.29449],[150.563079,-34.297483],[150.565677,-34.323408],[150.581021,-34.317478],[150.601549,-34.314359],[150.745677,-34.337416]]]},"bbox":[150.017203,-34.337416,150.891236,-33.842403]},
{"properties":{"electorateShortName":"hunter","electorateName":"Hunter","area":7252.97,"state":"NSW"},"type":"Feature","geometry":{"type":"Polygon","coordinates":[[[151.640251,-32.919863],[151.639099,-32.907005],[151.61948,-32.902353],[151.600846,-32.88926],[151.565617,-32.875075],[151.562861,-32.866781],[151.54584,-32.852006],[151.533302,-32.831153],[151.509157,-32.823056],[151.498267,-32.807257],[151.474282,-32.796368],[151.446311,-32.765872],[151.434447,-32.758971],[151.421343,-32.734594],[151.423423,-32.723477],[151.412011,-32.717728],[151.400589,-32.702881],[151.407184,-32.679147],[151.403078,-32.661303],[151.424383,-32.646217],[151.432792,-32.627337],[151.434772,-32.613621],[151.470816,-32.618177],[151.477057,-32.593755],[151.473945,-32.586517],[151.479718,-32.555213],[151.496068,-32.557305],[151.502072,-32.529277],[151.49508,-32.524045],[151.500727,-32.504188],[151.456798,-32.472384],[151.454025,-32.463714],[151.468152,-32.448745],[151.468051,-32.420665],[151.446149,-32.407075],[151.428382,-32.376962],[151.428128,-32.370042],[151.410765,-32.349036],[151.395901,-32.339514],[151.393668,-32.325601],[151.382997,-32.324113],[151.371487,-32.291598],[151.361307,-32.289213],[151.339229,-32.262123],[151.342958,-32.249068],[151.33714,-32.237322],[151.348127,-32.219063],[151.348728,-32.203724],[151.341902,-32.175586],[151.327214,-32.171672],[151.327894,-32.15462],[151.309698,-32.138984],[151.29484,-32.169154],[151.284939,-32.178413],[151.269863,-32.183694],[151.246256,-32.209568],[151.238403,-32.207745],[151.208815,-32.220166],[151.196823,-32.23366],[151.186215,-32.228198],[151.174018,-32.211807],[151.159242,-32.211122],[151.159927,-32.229238],[151.169039,-32.243566],[151.155948,-32.266688],[151.140776,-32.271259],[151.129091,-32.269651],[151.126307,-32.283977],[151.109563,-32.281652],[151.108309,-32.290881],[151.095871,-32.312058],[151.101452,-32.324328],[151.099023,-32.335295],[151.073495,-32.33586],[151.048094,-32.332335],[151.045525,-32.346769],[151.028602,-32.344626],[151.017862,-32.402065],[150.984204,-32.397603],[150.976696,-32.40783],[150.914908,-32.400567],[150.898029,-32.397086],[150.893218,-32.414368],[150.883068,-32.470205],[150.852744,-32.451088],[150.846795,-32.45871],[150.84305,-32.480091],[150.83349,-32.486456],[150.817495,-32.472639],[150.798642,-32.466028],[150.778138,-32.473783],[150.776458,-32.482391],[150.799883,-32.501657],[150.773575,-32.498261],[150.744565,-32.641325],[150.681978,-32.632525],[150.67129,-32.698479],[150.660799,-32.706861],[150.652217,-32.700667],[150.634164,-32.702287],[150.622867,-32.71335],[150.603086,-32.71812],[150.581546,-32.747072],[150.556609,-32.758462],[150.54106,-32.754256],[150.526978,-32.759688],[150.518173,-32.749337],[150.494135,-32.751937],[150.492341,-32.765301],[150.464503,-32.780318],[150.461168,-32.794695],[150.444698,-32.792363],[150.432361,-32.801027],[150.429555,-32.810938],[150.412753,-32.824092],[150.388886,-32.826471],[150.385959,-32.839508],[150.362598,-32.845913],[150.361758,-32.867377],[150.340685,-32.87098],[150.336322,-32.884549],[150.346616,-32.895492],[150.355203,-32.917654],[150.366455,-32.936634],[150.367779,-32.954011],[150.376637,-32.961748],[150.366606,-32.971648],[150.376302,-32.990227],[150.371672,-33.015457],[150.392913,-33.03412],[150.405019,-33.024502],[150.425313,-33.028713],[150.430974,-33.035636],[150.448336,-33.035378],[150.464638,-33.045876],[150.488448,-33.048124],[150.496685,-33.03574],[150.520464,-33.035048],[150.53359,-33.042216],[150.544665,-33.042484],[150.552877,-33.059622],[150.572197,-33.058909],[150.603766,-33.069697],[150.610687,-33.066137],[150.630238,-33.058586],[150.718059,-33.068653],[150.707381,-33.058849],[150.705568,-33.044748],[150.682095,-33.044743],[150.681888,-33.031523],[150.67242,-33.02681],[150.677184,-33.013276],[150.693956,-32.996069],[150.702842,-33.010244],[150.723449,-33.012633],[150.745841,-33.021913],[150.761057,-33.014783],[150.763832,-33.000322],[150.804787,-33.006045],[150.81839,-33.023162],[150.831585,-33.033358],[150.848965,-33.033835],[150.855141,-33.056316],[150.84836,-33.074533],[150.848251,-33.092812],[150.858132,-33.093936],[150.872455,-33.104345],[150.873389,-33.114236],[150.899991,-33.121177],[150.916385,-33.11161],[150.931398,-33.113125],[150.94198,-33.123217],[150.973962,-33.129606],[150.993615,-33.122566],[151.012796,-33.12184],[151.024394,-33.125715],[151.035356,-33.117464],[151.041789,-33.091328],[151.052491,-33.07994],[151.063019,-33.081342],[151.083942,-33.075248],[151.103972,-33.076969],[151.109066,-33.086038],[151.129802,-33.094739],[151.135527,-33.110401],[151.151993,-33.114222],[151.162,-33.123812],[151.202626,-33.13886],[151.207311,-33.13327],[151.225718,-33.117494],[151.25077,-33.099827],[151.260164,-33.100473],[151.266703,-33.058556],[151.296928,-33.054257],[151.305915,-33.043917],[151.315283,-33.048252],[151.333025,-33.069337],[151.35748,-33.083085],[151.363189,-33.093981],[151.37894,-33.099711],[151.383068,-33.139816],[151.397477,-33.165259],[151.398625,-33.185747],[151.438643,-33.195382],[151.455115,-33.202843],[151.464382,-33.193886],[151.490526,-33.186818],[151.51218,-33.194307],[151.51551,-33.18395],[151.527571,-33.180086],[151.526221,-33.157532],[151.532684,-33.140792],[151.555294,-33.126872],[151.572767,-33.122132],[151.575208,-33.090243],[151.589725,-33.081409],[151.613877,-33.090566],[151.6221,-33.081948],[151.621714,-33.065788],[151.63212,-33.051244],[151.633277,-33.041009],[151.622999,-33.029697],[151.618502,-33.013429],[151.628266,-33.00341],[151.624284,-32.991715],[151.630643,-32.981747],[151.615194,-32.966738],[151.614129,-32.955406],[151.624562,-32.931353],[151.640251,-32.919863]]]},"bbox":[150.336322,-33.202843,151.640251,-32.138984]},
{"properties":{"electorateShortName":"kingsford-smith","electorateName":"Kingsford Smith","area":60.99,"state":"NSW"},"type":"Feature","geometry":{"type":"Polygon","coordinates":[[[151.231926,-34.016739],[151.24988,-34.001238],[151.262961,-33.961215],[151.256967,-33.951596],[151.265683,-33.94154],[151.257621,-33.922461],[151.262396,-33.916745],[151.236526,-33.912005],[151.215031,-33.900896],[151.211162,-33.923502],[151.180834,-33.919165],[151.160519,-33.933998],[151.159903,-33.943429],[151.142642,-33.965101],[151.143823,-33.985272],[151.149176,-33.994409],[151.163887,-34.000746],[151.221147,-34.001613],[151.231926,-34.016739]]]},"bbox":[151.142642,-34.016739,151.265683,-33.900896]},
{"properties":{"electorateShortName":"lindsay","electorateName":"Lindsay","area":325.19,"state":"NSW"},"type":"Feature","geometry":{"type":"Polygon","coordinates":[[[150.812394,-33.677614],[150.796438,-33.660184],[150.782148,-33.637517],[150.708442,-33.61346],[150.681494,-33.625074],[150.666241,-33.654087],[150.667144,-33.666432],[150.657889,-33.677031],[150.657963,-33.713722],[150.653335,-33.719559],[150.660017,-33.732803],[150.674195,-33.734573],[150.685291,-33.741316],[150.679686,-33.749593],[150.64244,-33.778703],[150.619689,-33.814068],[150.599826,-33.826015],[150.588042,-33.844933],[150.591947,-33.85464],[150.612793,-33.861847],[150.628615,-33.861895],[150.634846,-33.855101],[150.672337,-33.842403],[150.688377,-33.848169],[150.698269,-33.864047],[150.718105,-33.869001],[150.767908,-33.875728],[150.768791,-33.836438],[150.763756,-33.796769],[150.765151,-33.783428],[150.811485,-33.791122],[150.803381,-33.776811],[150.783785,-33.740777],[150.761788,-33.735201],[150.767748,-33.713497],[150.765994,-33.705777],[150.789749,-33.689908],[150.799339,-33.675604],[150.812394,-33.677614]]]},"bbox":[150.588042,-33.875728,150.812394,-33.61346]},
{"properties":{"electorateShortName":"lyne","electorateName":"Lyne","area":16040.73,"state":"NSW"},"type":"Feature","geometry":{"type":"Polygon","coordinates":[[[152.915196,-31.492814],[152.874346,-31.488122],[152.843392,-31.479562],[152.839538,-31.475982],[152.81498,-31.476781],[152.823998,-31.446452],[152.824844,-31.413747],[152.804653,-31.382577],[152.793948,-31.355012],[152.785939,-31.343094],[152.759192,-31.34064],[152.744183,-31.345726],[152.736674,-31.340141],[152.732222,-31.325718],[152.735387,-31.319015],[152.711973,-31.301117],[152.69005,-31.262699],[152.674271,-31.253765],[152.679693,-31.227203],[152.705219,-31.207461],[152.724094,-31.206176],[152.726882,-31.213217],[152.746399,-31.21646],[152.751654,-31.194713],[152.740383,-31.187278],[152.705956,-31.180721],[152.709376,-31.163456],[152.706943,-31.151512],[152.693307,-31.141455],[152.681127,-31.140929],[152.671742,-31.153149],[152.657781,-31.149226],[152.64048,-31.14974],[152.631646,-31.138326],[152.614845,-31.136131],[152.597606,-31.123699],[152.574175,-31.131573],[152.561495,-31.129865],[152.555966,-31.148409],[152.541162,-31.152034],[152.539697,-31.162886],[152.513884,-31.167638],[152.505574,-31.163125],[152.49118,-31.168036],[152.470766,-31.166289],[152.455832,-31.155831],[152.449824,-31.159897],[152.431331,-31.158611],[152.412845,-31.165378],[152.385897,-31.166653],[152.36943,-31.156354],[152.368173,-31.136362],[152.349587,-31.117004],[152.336641,-31.116269],[152.330897,-31.127464],[152.316572,-31.202936],[152.254681,-31.194535],[152.253103,-31.205393],[152.223397,-31.207902],[152.199673,-31.193581],[152.175595,-31.19851],[152.170211,-31.190611],[152.157201,-31.186285],[152.14755,-31.196017],[152.154124,-31.209319],[152.149626,-31.223774],[152.160655,-31.230368],[152.160941,-31.240885],[152.1475,-31.279899],[152.137785,-31.284686],[152.123679,-31.278729],[152.09976,-31.392027],[152.087244,-31.391719],[152.065575,-31.409145],[152.061895,-31.429235],[152.064663,-31.438591],[152.085306,-31.449821],[152.079653,-31.46276],[152.083657,-31.500485],[151.91277,-31.4767],[151.915755,-31.510067],[151.84458,-31.499475],[151.842759,-31.509038],[151.802351,-31.505003],[151.789327,-31.514938],[151.761575,-31.511185],[151.753741,-31.524385],[151.763901,-31.540943],[151.787466,-31.549545],[151.788201,-31.559293],[151.802497,-31.573861],[151.757149,-31.601741],[151.756867,-31.638158],[151.740025,-31.6359],[151.733097,-31.628452],[151.710995,-31.623573],[151.690203,-31.622344],[151.681943,-31.608751],[151.659977,-31.61219],[151.652578,-31.60266],[151.643779,-31.611317],[151.61184,-31.606796],[151.60098,-31.595677],[151.584911,-31.604352],[151.561148,-31.60625],[151.557171,-31.60081],[151.536255,-31.598101],[151.521103,-31.675951],[151.532389,-31.697316],[151.517871,-31.768467],[151.540731,-31.775763],[151.55445,-31.787303],[151.594022,-31.78969],[151.585374,-31.81926],[151.584899,-31.837576],[151.57678,-31.85484],[151.556248,-31.861963],[151.556427,-31.849326],[151.535463,-31.84554],[151.516642,-31.852535],[151.515154,-31.865728],[151.491173,-31.878161],[151.484698,-31.892795],[151.469467,-31.896611],[151.469226,-31.906085],[151.455799,-31.923058],[151.450361,-31.944195],[151.442452,-31.949366],[151.448739,-31.961657],[151.446091,-31.970044],[151.454726,-31.995979],[151.433128,-32.016711],[151.408589,-32.032685],[151.406738,-32.058774],[151.394632,-32.069713],[151.387447,-32.083526],[151.352109,-32.080392],[151.335448,-32.082403],[151.312247,-32.111336],[151.309698,-32.138984],[151.327894,-32.15462],[151.327214,-32.171672],[151.341902,-32.175586],[151.348728,-32.203724],[151.348127,-32.219063],[151.33714,-32.237322],[151.342958,-32.249068],[151.339229,-32.262123],[151.361307,-32.289213],[151.371487,-32.291598],[151.382997,-32.324113],[151.393668,-32.325601],[151.395901,-32.339514],[151.410765,-32.349036],[151.428128,-32.370042],[151.428382,-32.376962],[151.446149,-32.407075],[151.468051,-32.420665],[151.468152,-32.448745],[151.454025,-32.463714],[151.456798,-32.472384],[151.500727,-32.504188],[151.49508,-32.524045],[151.502072,-32.529277],[151.496068,-32.557305],[151.479718,-32.555213],[151.473945,-32.586517],[151.477057,-32.593755],[151.470816,-32.618177],[151.434772,-32.613621],[151.432792,-32.627337],[151.424383,-32.646217],[151.403078,-32.661303],[151.407184,-32.679147],[151.424995,-32.691366],[151.438599,-32.68217],[151.437698,-32.671561],[151.451577,-32.670754],[151.453371,-32.656502],[151.471345,-32.662503],[151.484052,-32.637074],[151.496875,-32.638999],[151.510743,-32.66365],[151.509915,-32.687487],[151.518456,-32.693278],[151.535393,-32.679101],[151.543176,-32.687608],[151.566236,-32.688561],[151.569049,-32.697386],[151.554002,-32.728486],[151.582331,-32.736703],[151.590326,-32.720842],[151.612901,-32.714914],[151.619945,-32.722822],[151.641298,-32.71886],[151.654059,-32.724982],[151.665226,-32.739649],[151.673875,-32.741315],[151.686176,-32.727182],[151.714642,-32.736929],[151.727015,-32.751268],[151.743356,-32.746645],[151.734006,-32.736067],[151.747545,-32.720581],[151.744122,-32.713501],[151.753831,-32.700754],[151.749351,-32.687152],[151.756003,-32.678348],[151.809842,-32.686222],[151.844219,-32.661604],[151.894875,-32.668889],[151.896241,-32.658999],[151.932013,-32.661416],[151.940611,-32.673964],[151.976222,-32.684583],[152.039421,-32.692282],[152.05231,-32.688083],[152.124656,-32.699981],[152.187855,-32.70488],[152.194486,-32.707671],[152.209158,-32.696684],[152.191883,-32.694347],[152.187085,-32.686966],[152.18698,-32.669451],[152.195678,-32.647922],[152.214414,-32.627575],[152.244665,-32.608921],[152.285026,-32.594775],[152.302933,-32.559295],[152.317373,-32.542737],[152.33563,-32.527079],[152.36423,-32.508746],[152.406847,-32.490264],[152.418854,-32.482549],[152.479054,-32.460889],[152.499522,-32.457621],[152.533347,-32.44304],[152.519552,-32.428291],[152.516316,-32.408505],[152.522735,-32.388081],[152.532087,-32.378525],[152.534505,-32.35565],[152.545767,-32.3371],[152.523441,-32.311726],[152.526786,-32.280044],[152.536688,-32.259276],[152.551115,-32.239944],[152.566357,-32.229514],[152.56751,-32.211487],[152.543249,-32.201587],[152.536228,-32.182798],[152.512869,-32.177632],[152.506396,-32.165553],[152.505288,-32.151301],[152.508752,-32.129038],[152.51686,-32.107986],[152.526417,-32.093818],[152.548008,-32.073271],[152.548239,-32.058236],[152.541753,-32.048143],[152.54381,-32.036093],[152.555169,-32.018379],[152.564547,-32.010515],[152.577946,-31.985801],[152.596368,-31.967604],[152.608795,-31.94714],[152.633525,-31.922438],[152.657126,-31.903104],[152.685399,-31.883555],[152.700944,-31.875801],[152.714469,-31.863855],[152.745085,-31.845878],[152.734537,-31.831985],[152.733526,-31.820665],[152.747952,-31.789103],[152.765099,-31.76752],[152.797657,-31.733566],[152.803959,-31.722581],[152.795297,-31.717153],[152.793334,-31.705666],[152.807534,-31.678414],[152.842205,-31.642064],[152.833956,-31.629019],[152.839818,-31.610133],[152.847861,-31.598227],[152.840123,-31.58938],[152.844584,-31.574441],[152.863337,-31.54493],[152.893286,-31.513089],[152.915196,-31.492814]]]},"bbox":[151.309698,-32.751268,152.915196,-31.116269]},
{"properties":{"electorateShortName":"macarthur","electorateName":"Macarthur","area":306.87,"state":"NSW"},"type":"Feature","geometry":{"type":"Polygon","coordinates":[[[150.922732,-34.130009],[150.933527,-34.109405],[150.936595,-34.095129],[150.92531,-34.093351],[150.936889,-34.075705],[150.934371,-34.05897],[150.940791,-34.040033],[150.886657,-34.032115],[150.886481,-34.024934],[150.859494,-34.015632],[150.828677,-34.010694],[150.856868,-33.98557],[150.856473,-33.97473],[150.849889,-33.977316],[150.841261,-33.956162],[150.822564,-33.951998],[150.811413,-33.973526],[150.799098,-33.982218],[150.763999,-34.015696],[150.745626,-34.036846],[150.78093,-34.059678],[150.766419,-34.078065],[150.742134,-34.080727],[150.736991,-34.112839],[150.752606,-34.117205],[150.750125,-34.132286],[150.756249,-34.141331],[150.74978,-34.1521],[150.752063,-34.163864],[150.840897,-34.176524],[150.859526,-34.181048],[150.899355,-34.189613],[150.903908,-34.185063],[150.907085,-34.164498],[150.914114,-34.159257],[150.922732,-34.130009]]]},"bbox":[150.736991,-34.189613,150.940791,-33.951998]},
{"properties":{"electorateShortName":"mackellar","electorateName":"Mackellar","area":221.56,"state":"NSW"},"type":"Feature","geometry":{"type":"Polygon","coordinates":[[[151.299538,-33.767132],[151.298077,-33.751803],[151.306896,-33.738127],[151.300238,-33.717914],[151.310706,-33.697815],[151.308895,-33.689026],[151.331914,-33.636464],[151.343021,-33.624508],[151.33358,-33.616319],[151.326445,-33.588515],[151.3352,-33.5822],[151.328127,-33.578163],[151.310802,-33.579452],[151.302304,-33.573509],[151.284798,-33.572214],[151.272277,-33.586237],[151.25021,-33.587935],[151.254334,-33.603694],[151.226685,-33.598772],[151.215461,-33.612847],[151.196143,-33.622227],[151.175919,-33.627211],[151.165104,-33.639403],[151.161505,-33.659605],[151.171846,-33.677542],[151.165852,-33.686067],[151.176324,-33.697875],[151.191417,-33.702699],[151.187522,-33.728208],[151.18035,-33.740095],[151.193976,-33.750466],[151.203599,-33.773133],[151.213645,-33.782764],[151.230948,-33.784291],[151.2383,-33.778678],[151.232842,-33.764364],[151.234471,-33.752223],[151.274556,-33.755306],[151.279336,-33.765735],[151.299538,-33.767132]]]},"bbox":[151.161505,-33.784291,151.343021,-33.572214]},
{"properties":{"electorateShortName":"macquarie","electorateName":"Macquarie","area":4387.29,"state":"NSW"},"type":"Feature","geometry":{"type":"Polygon","coordinates":[[[151.135527,-33.110401],[151.129802,-33.094739],[151.109066,-33.086038],[151.103972,-33.076969],[151.083942,-33.075248],[151.063019,-33.081342],[151.052491,-33.07994],[151.041789,-33.091328],[151.035356,-33.117464],[151.024394,-33.125715],[151.012796,-33.12184],[150.993615,-33.122566],[150.973962,-33.129606],[150.94198,-33.123217],[150.931398,-33.113125],[150.916385,-33.11161],[150.899991,-33.121177],[150.873389,-33.114236],[150.872455,-33.104345],[150.858132,-33.093936],[150.848251,-33.092812],[150.84836,-33.074533],[150.855141,-33.056316],[150.848965,-33.033835],[150.831585,-33.033358],[150.81839,-33.023162],[150.804787,-33.006045],[150.763832,-33.000322],[150.761057,-33.014783],[150.745841,-33.021913],[150.723449,-33.012633],[150.702842,-33.010244],[150.693956,-32.996069],[150.677184,-33.013276],[150.67242,-33.02681],[150.681888,-33.031523],[150.682095,-33.044743],[150.705568,-33.044748],[150.707381,-33.058849],[150.718059,-33.068653],[150.630238,-33.058586],[150.610687,-33.066137],[150.610914,-33.098752],[150.616785,-33.103606],[150.611668,-33.119417],[150.59865,-33.124654],[150.610509,-33.135035],[150.604485,-33.1473],[150.586393,-33.1517],[150.589786,-33.160277],[150.581126,-33.168448],[150.554055,-33.162686],[150.552354,-33.183727],[150.527999,-33.194059],[150.534081,-33.211498],[150.53315,-33.240176],[150.543929,-33.255993],[150.555318,-33.254255],[150.562852,-33.26403],[150.552368,-33.271817],[150.566799,-33.30573],[150.554153,-33.318294],[150.585587,-33.325331],[150.580997,-33.351442],[150.574088,-33.357999],[150.550972,-33.368615],[150.542538,-33.364039],[150.509062,-33.37915],[150.489808,-33.377476],[150.487725,-33.386328],[150.475923,-33.399445],[150.480221,-33.408536],[150.472755,-33.438565],[150.451186,-33.458985],[150.4474,-33.481423],[150.422948,-33.48233],[150.402519,-33.476926],[150.39308,-33.487081],[150.384153,-33.479874],[150.364006,-33.489175],[150.335619,-33.511948],[150.332084,-33.522197],[150.311912,-33.52015],[150.314668,-33.504414],[150.27679,-33.49918],[150.256814,-33.494305],[150.25767,-33.51874],[150.250674,-33.558046],[150.226118,-33.560516],[150.225521,-33.571677],[150.239418,-33.58181],[150.236942,-33.593271],[150.249016,-33.609112],[150.260282,-33.610715],[150.266463,-33.622346],[150.261918,-33.641664],[150.240504,-33.638576],[150.228915,-33.675998],[150.214826,-33.674875],[150.207621,-33.708514],[150.181602,-33.704467],[150.181753,-33.722527],[150.195512,-33.71289],[150.206317,-33.714092],[150.210142,-33.725839],[150.198909,-33.728766],[150.179646,-33.743476],[150.19551,-33.757427],[150.190419,-33.774913],[150.177912,-33.778027],[150.171948,-33.798754],[150.180411,-33.805847],[150.169176,-33.826616],[150.185295,-33.838119],[150.166036,-33.864556],[150.186093,-33.88118],[150.197074,-33.877805],[150.232966,-33.884501],[150.26485,-33.865542],[150.280855,-33.85066],[150.290642,-33.851765],[150.304233,-33.844842],[150.326633,-33.85673],[150.332376,-33.877094],[150.33843,-33.885095],[150.340653,-33.900687],[150.363137,-33.892891],[150.36882,-33.908175],[150.385992,-33.910944],[150.404275,-33.940691],[150.427624,-33.944076],[150.436642,-33.950538],[150.457422,-33.950937],[150.470564,-33.963447],[150.494532,-33.94966],[150.523615,-33.921497],[150.56062,-33.904117],[150.596457,-33.884144],[150.611705,-33.872692],[150.612793,-33.861847],[150.591947,-33.85464],[150.588042,-33.844933],[150.599826,-33.826015],[150.619689,-33.814068],[150.64244,-33.778703],[150.679686,-33.749593],[150.685291,-33.741316],[150.674195,-33.734573],[150.660017,-33.732803],[150.653335,-33.719559],[150.657963,-33.713722],[150.657889,-33.677031],[150.667144,-33.666432],[150.666241,-33.654087],[150.681494,-33.625074],[150.708442,-33.61346],[150.782148,-33.637517],[150.796438,-33.660184],[150.812394,-33.677614],[150.813439,-33.667572],[150.827172,-33.657267],[150.851042,-33.650138],[150.85874,-33.646317],[150.874039,-33.656671],[150.904352,-33.611808],[150.935653,-33.564909],[150.915946,-33.554714],[150.889073,-33.555299],[150.88933,-33.542181],[150.900538,-33.526885],[150.899585,-33.515352],[150.914559,-33.517305],[150.926583,-33.508451],[150.910294,-33.49996],[150.900901,-33.489371],[150.890205,-33.486066],[150.878734,-33.490145],[150.876553,-33.470806],[150.896116,-33.474744],[150.904842,-33.466797],[150.898251,-33.451749],[150.884608,-33.456488],[150.887353,-33.437201],[150.903575,-33.419493],[150.934273,-33.4165],[150.943673,-33.424896],[150.951743,-33.413756],[150.96106,-33.412259],[150.976652,-33.400233],[150.988457,-33.379232],[150.984146,-33.371598],[150.999641,-33.351156],[151.018358,-33.3536],[151.051469,-33.34089],[151.064369,-33.341887],[151.069965,-33.332963],[151.081096,-33.334326],[151.090244,-33.324986],[151.095188,-33.303085],[151.089995,-33.268492],[151.098213,-33.257092],[151.106299,-33.22835],[151.098677,-33.22073],[151.096711,-33.193462],[151.100964,-33.162629],[151.10582,-33.151514],[151.099671,-33.144458],[151.107692,-33.127955],[151.116986,-33.124815],[151.135527,-33.110401]]]},"bbox":[150.166036,-33.963447,151.135527,-32.996069]},
{"properties":{"electorateShortName":"mcmahon","electorateName":"McMahon","area":178.57,"state":"NSW"},"type":"Feature","geometry":{"type":"Polygon","coordinates":[[[150.842448,-33.876249],[150.853667,-33.863161],[150.869703,-33.865388],[150.875878,-33.852024],[150.886286,-33.853183],[150.918341,-33.848264],[150.916567,-33.874458],[150.925953,-33.874439],[150.945003,-33.885677],[150.959541,-33.881462],[150.961326,-33.86758],[150.954751,-33.855588],[150.963514,-33.816181],[150.932601,-33.807698],[150.938051,-33.793913],[150.950638,-33.785066],[150.935266,-33.774243],[150.922056,-33.774324],[150.904637,-33.76798],[150.86852,-33.763956],[150.847853,-33.770536],[150.856436,-33.777081],[150.856452,-33.789224],[150.803381,-33.776811],[150.811485,-33.791122],[150.765151,-33.783428],[150.763756,-33.796769],[150.768791,-33.836438],[150.767908,-33.875728],[150.795419,-33.880866],[150.821465,-33.880394],[150.842448,-33.876249]]]},"bbox":[150.763756,-33.885677,150.963514,-33.763956]},
{"properties":{"electorateShortName":"mitchell","electorateName":"Mitchell","area":79.39,"state":"NSW"},"type":"Feature","geometry":{"type":"Polygon","coordinates":[[[151.048939,-33.758638],[151.046947,-33.743364],[151.016831,-33.730682],[151.019071,-33.717193],[151.002089,-33.714615],[150.988761,-33.703407],[150.969687,-33.693746],[150.96206,-33.679846],[150.949119,-33.673934],[150.932899,-33.659754],[150.935128,-33.668822],[150.927492,-33.696814],[150.958354,-33.765616],[150.97008,-33.784236],[150.987451,-33.796571],[151.007594,-33.787602],[151.012275,-33.777723],[151.025167,-33.775124],[151.030383,-33.765401],[151.048939,-33.758638]]]},"bbox":[150.927492,-33.796571,151.048939,-33.659754]},
{"properties":{"electorateShortName":"new-england","electorateName":"New England","area":75236.55,"state":"NSW"},"type":"Feature","geometry":{"type":"Polygon","coordinates":[[[152.428078,-30.418897],[152.387531,-30.383159],[152.389916,-30.374706],[152.38192,-30.362628],[152.364574,-30.360976],[152.35178,-30.355359],[152.354768,-30.34037],[152.345622,-30.33295],[152.342286,-30.313618],[152.348253,-30.290701],[152.337677,-30.26243],[152.337896,-30.251819],[152.346551,-30.24216],[152.34513,-30.227531],[152.315421,-30.208575],[152.310012,-30.195352],[152.312588,-30.183776],[152.303203,-30.179112],[152.309928,-30.168312],[152.304407,-30.159898],[152.309672,-30.147907],[152.303507,-30.1385],[152.297236,-30.115096],[152.287509,-30.109716],[152.280721,-30.087436],[152.291227,-30.085056],[152.298392,-30.071752],[152.293161,-30.060241],[152.296979,-30.038795],[152.313319,-30.030123],[152.316419,-30.000565],[152.309674,-29.996191],[152.308005,-29.980175],[152.292028,-29.976949],[152.275042,-29.960416],[152.26983,-29.932062],[152.279945,-29.929209],[152.277896,-29.918786],[152.285582,-29.907048],[152.280753,-29.895718],[152.284955,-29.884581],[152.28171,-29.85646],[152.267689,-29.847868],[152.251091,-29.864976],[152.240422,-29.863228],[152.216357,-29.871362],[152.209077,-29.866124],[152.197742,-29.875924],[152.168757,-29.869874],[152.170423,-29.841246],[152.177321,-29.82989],[152.17596,-29.817476],[152.192641,-29.791943],[152.202949,-29.786103],[152.205433,-29.771754],[152.217284,-29.760508],[152.230372,-29.754887],[152.246677,-29.756398],[152.264365,-29.750938],[152.255628,-29.732701],[152.265797,-29.725395],[152.261801,-29.701512],[152.276473,-29.68154],[152.280708,-29.665904],[152.295227,-29.66876],[152.312214,-29.663098],[152.336123,-29.640777],[152.354492,-29.545471],[152.389782,-29.52199],[152.40543,-29.516645],[152.412456,-29.50688],[152.388785,-29.445316],[152.397171,-29.431767],[152.404317,-29.432778],[152.410052,-29.400771],[152.429492,-29.391941],[152.451081,-29.358053],[152.331517,-29.341837],[152.331189,-29.32889],[152.310687,-29.32254],[152.298279,-29.307447],[152.314656,-29.298519],[152.306473,-29.283097],[152.320994,-29.277583],[152.32318,-29.269926],[152.33886,-29.261859],[152.351323,-29.249123],[152.394086,-29.24125],[152.412805,-29.230414],[152.405201,-29.212154],[152.424963,-29.178626],[152.414465,-29.165374],[152.41689,-29.153095],[152.444231,-29.144175],[152.455006,-29.089027],[152.421006,-29.084096],[152.43111,-29.071963],[152.430571,-29.064585],[152.441565,-29.052136],[152.443897,-29.039755],[152.424203,-29.036863],[152.454072,-29.024549],[152.46464,-29.008025],[152.46552,-28.99043],[152.476205,-28.990648],[152.467109,-28.973664],[152.486653,-28.969974],[152.509573,-28.973254],[152.516572,-28.983581],[152.558516,-28.990078],[152.560612,-28.986331],[152.553601,-28.955808],[152.545781,-28.942359],[152.548638,-28.932364],[152.565936,-28.926074],[152.580988,-28.928604],[152.580107,-28.911484],[152.557145,-28.89375],[152.564307,-28.887482],[152.573306,-28.86365],[152.567877,-28.858052],[152.544747,-28.85373],[152.537174,-28.847035],[152.556973,-28.824527],[152.55488,-28.817862],[152.540304,-28.816032],[152.537034,-28.803606],[152.543678,-28.787938],[152.530992,-28.781374],[152.521678,-28.793089],[152.480325,-28.780262],[152.490174,-28.768841],[152.488846,-28.758949],[152.498235,-28.74483],[152.492334,-28.735588],[152.477743,-28.746271],[152.465277,-28.735837],[152.426474,-28.724078],[152.421238,-28.718079],[152.407664,-28.723407],[152.404789,-28.710113],[152.375208,-28.699883],[152.373705,-28.687903],[152.384483,-28.686102],[152.389091,-28.665769],[152.402465,-28.659427],[152.399648,-28.645827],[152.407829,-28.642945],[152.408765,-28.628211],[152.422079,-28.606845],[152.434765,-28.602244],[152.441811,-28.592688],[152.441062,-28.574986],[152.451841,-28.562728],[152.442458,-28.556841],[152.447754,-28.527473],[152.500138,-28.528526],[152.503236,-28.511599],[152.518968,-28.51032],[152.533191,-28.513812],[152.536924,-28.499767],[152.527376,-28.497501],[152.561765,-28.455342],[152.567384,-28.437925],[152.577038,-28.437617],[152.583561,-28.41709],[152.594641,-28.408597],[152.593233,-28.401257],[152.60488,-28.391985],[152.615639,-28.352387],[152.627689,-28.347076],[152.627861,-28.327548],[152.617767,-28.320421],[152.597846,-28.314779],[152.597642,-28.314618],[152.597572,-28.314551],[152.585233,-28.328411],[152.579506,-28.339198],[152.57462,-28.334094],[152.572299,-28.326754],[152.564036,-28.323534],[152.556799,-28.324022],[152.554675,-28.325536],[152.554946,-28.31897],[152.549056,-28.321269],[152.547013,-28.320487],[152.544048,-28.31894],[152.543248,-28.315922],[152.538879,-28.311349],[152.533545,-28.310727],[152.525919,-28.305978],[152.525593,-28.301795],[152.529298,-28.297945],[152.528879,-28.286644],[152.532802,-28.279583],[152.533975,-28.262694],[152.521699,-28.260734],[152.516065,-28.256825],[152.515812,-28.251799],[152.507531,-28.249],[152.497194,-28.25335],[152.487893,-28.253199],[152.482866,-28.258017],[152.468237,-28.257757],[152.461331,-28.260935],[152.459494,-28.266686],[152.461228,-28.269753],[152.457959,-28.27238],[152.455141,-28.278408],[152.449262,-28.280688],[152.443162,-28.288923],[152.444181,-28.297245],[152.440457,-28.2976],[152.435654,-28.299493],[152.425391,-28.299614],[152.416744,-28.296816],[152.415173,-28.298073],[152.413216,-28.301582],[152.413889,-28.307139],[152.4107,-28.310447],[152.410571,-28.320408],[152.417299,-28.329874],[152.416362,-28.335003],[152.41024,-28.341494],[152.401119,-28.347069],[152.387971,-28.367464],[152.383425,-28.368848],[152.365173,-28.366149],[152.356632,-28.361187],[152.341853,-28.36797],[152.33194,-28.36829],[152.320358,-28.36695],[152.312827,-28.362494],[152.309367,-28.36284],[152.307341,-28.36904],[152.291754,-28.381265],[152.288609,-28.391503],[152.268244,-28.389531],[152.266677,-28.390742],[152.26038,-28.40077],[152.252449,-28.40728],[152.252075,-28.410599],[152.239161,-28.417868],[152.238062,-28.423477],[152.230983,-28.429585],[152.228676,-28.437025],[152.225691,-28.43724],[152.219625,-28.447797],[152.217235,-28.449114],[152.213976,-28.44599],[152.207271,-28.44523],[152.204702,-28.438071],[152.190219,-28.43404],[152.184266,-28.439044],[152.164688,-28.432592],[152.156414,-28.434585],[152.154493,-28.438027],[152.141966,-28.442435],[152.135412,-28.452164],[152.121239,-28.462649],[152.111776,-28.464346],[152.102805,-28.463302],[152.093821,-28.469739],[152.079795,-28.470625],[152.075588,-28.469966],[152.07408,-28.46803],[152.069682,-28.468535],[152.0687,-28.476477],[152.066817,-28.478727],[152.067119,-28.485152],[152.059663,-28.490847],[152.045553,-28.495219],[152.043769,-28.499314],[152.035733,-28.507459],[152.026935,-28.512917],[152.024266,-28.51294],[152.019602,-28.517319],[152.02002,-28.521201],[152.016708,-28.525233],[152.000453,-28.528124],[151.991759,-28.524752],[151.988794,-28.525617],[151.984457,-28.516901],[151.985591,-28.509941],[151.982626,-28.503328],[151.977801,-28.503068],[151.964092,-28.514544],[151.958186,-28.515945],[151.955352,-28.519191],[151.953223,-28.539938],[151.957333,-28.564747],[151.976088,-28.573541],[151.985938,-28.582131],[151.988309,-28.591981],[151.992118,-28.594874],[151.994006,-28.611945],[151.990987,-28.624585],[152.002412,-28.640299],[152.002042,-28.65064],[152.005934,-28.651735],[152.008903,-28.659218],[152.011596,-28.661847],[152.010495,-28.664987],[152.014193,-28.665777],[152.039056,-28.664577],[152.052543,-28.682229],[152.062002,-28.679389],[152.066446,-28.681191],[152.068052,-28.685124],[152.06466,-28.690654],[152.066075,-28.697586],[152.076035,-28.708345],[152.071329,-28.714959],[152.062127,-28.718238],[152.053881,-28.725549],[152.042291,-28.731828],[152.046097,-28.733854],[152.047698,-28.740431],[152.043767,-28.746043],[152.040872,-28.747511],[152.036073,-28.757271],[152.033967,-28.791124],[152.035223,-28.803652],[152.036498,-28.810729],[152.034593,-28.815157],[152.036603,-28.817792],[152.034126,-28.820023],[152.03338,-28.82807],[152.027762,-28.831651],[152.022937,-28.830948],[152.016925,-28.837932],[152.014915,-28.850232],[152.015359,-28.851704],[152.017637,-28.851473],[152.023088,-28.854668],[152.037562,-28.851641],[152.039002,-28.854602],[152.035504,-28.858437],[152.037544,-28.864355],[152.030141,-28.869945],[152.031384,-28.873921],[152.028202,-28.876566],[152.026391,-28.883193],[152.023854,-28.886384],[152.024364,-28.889636],[152.016432,-28.892693],[152.016253,-28.896796],[152.010697,-28.906685],[152.004766,-28.909063],[152.001616,-28.908491],[151.999685,-28.903503],[152.001299,-28.899752],[151.996311,-28.89479],[151.994803,-28.89874],[151.98073,-28.909169],[151.974485,-28.908562],[151.968491,-28.916683],[151.961012,-28.919116],[151.956236,-28.917151],[151.951703,-28.919524],[151.937128,-28.921876],[151.922854,-28.928165],[151.916316,-28.929342],[151.915588,-28.926812],[151.917058,-28.924821],[151.913691,-28.92012],[151.89558,-28.913451],[151.881543,-28.911492],[151.871595,-28.914295],[151.859768,-28.90681],[151.849775,-28.907624],[151.841344,-28.911473],[151.838224,-28.916363],[151.835152,-28.932077],[151.836518,-28.9367],[151.839829,-28.939497],[151.839903,-28.942779],[151.835554,-28.956773],[151.825738,-28.963974],[151.813315,-28.959812],[151.8069,-28.945298],[151.793431,-28.949471],[151.777397,-28.957172],[151.773339,-28.938076],[151.76283,-28.935097],[151.761766,-28.932354],[151.758294,-28.930027],[151.759752,-28.926208],[151.745964,-28.91532],[151.739453,-28.901337],[151.74092,-28.89752],[151.73643,-28.89195],[151.731755,-28.882422],[151.733663,-28.878503],[151.733862,-28.871455],[151.726416,-28.866955],[151.72262,-28.868464],[151.722611,-28.870168],[151.716492,-28.874952],[151.713207,-28.875476],[151.71104,-28.871185],[151.706368,-28.871719],[151.702067,-28.882137],[151.69565,-28.884453],[151.695847,-28.888458],[151.688609,-28.88696],[151.674772,-28.907749],[151.666013,-28.905613],[151.651541,-28.917295],[151.616952,-28.926333],[151.609782,-28.923458],[151.588469,-28.932062],[151.57894,-28.94412],[151.572047,-28.944727],[151.566706,-28.941837],[151.548109,-28.952947],[151.544829,-28.953286],[151.541801,-28.968718],[151.537289,-28.979804],[151.531697,-28.98541],[151.52364,-28.989001],[151.50607,-29.006767],[151.50278,-29.015802],[151.500164,-29.016937],[151.497799,-29.02088],[151.494912,-29.032914],[151.497256,-29.042233],[151.490092,-29.056575],[151.502375,-29.065521],[151.502776,-29.069867],[151.499897,-29.072683],[151.496739,-29.070394],[151.493429,-29.071771],[151.494431,-29.074631],[151.485341,-29.089335],[151.476729,-29.091305],[151.462942,-29.098313],[151.457829,-29.117142],[151.452744,-29.126252],[151.432354,-29.140094],[151.428579,-29.147122],[151.423627,-29.149276],[151.416468,-29.149166],[151.409894,-29.153933],[151.402117,-29.171349],[151.394116,-29.178028],[151.387552,-29.175145],[151.376945,-29.176801],[151.363017,-29.172349],[151.35847,-29.172279],[151.353201,-29.17572],[151.338428,-29.179266],[151.312067,-29.161927],[151.309311,-29.146588],[151.318009,-29.138057],[151.30426,-29.121138],[151.303493,-29.116651],[151.301073,-29.114013],[151.297829,-29.112604],[151.290347,-29.113887],[151.28647,-29.107269],[151.280468,-29.102157],[151.278225,-29.092653],[151.279192,-29.086534],[151.274628,-29.081833],[151.275132,-29.076424],[151.28551,-29.065447],[151.285421,-29.058162],[151.290545,-29.051096],[151.285791,-29.047397],[151.28651,-29.036742],[151.283694,-29.035391],[151.276381,-29.03571],[151.271676,-29.030392],[151.273984,-29.024654],[151.283506,-29.017495],[151.284103,-29.006822],[151.283161,-29.002701],[151.278693,-28.99686],[151.276392,-28.987063],[151.276623,-28.984709],[151.282087,-28.98096],[151.271939,-28.972733],[151.273318,-28.967698],[151.280424,-28.964971],[151.281528,-28.958492],[151.281613,-28.949009],[151.275861,-28.942717],[151.274167,-28.937912],[151.266156,-28.935446],[151.264264,-28.93211],[151.257813,-28.932061],[151.25014,-28.92619],[151.242318,-28.923373],[151.238629,-28.909303],[151.234642,-28.904803],[151.229385,-28.908803],[151.214966,-28.904299],[151.207008,-28.898337],[151.19959,-28.884255],[151.184,-28.87822],[151.178443,-28.880449],[151.172985,-28.880302],[151.163027,-28.870328],[151.161066,-28.86538],[151.143574,-28.860149],[151.139792,-28.863091],[151.131898,-28.860063],[151.12515,-28.850556],[151.115349,-28.850528],[151.108624,-28.842729],[151.104492,-28.844069],[151.103329,-28.836584],[151.099626,-28.836498],[151.09684,-28.838391],[151.090408,-28.835299],[151.082664,-28.834515],[151.07217,-28.840705],[151.071491,-28.844912],[151.058844,-28.846251],[151.053691,-28.849818],[151.053018,-28.844923],[151.050248,-28.843548],[151.046884,-28.845351],[151.044403,-28.843892],[151.038916,-28.838305],[151.03922,-28.83653],[151.042683,-28.835243],[151.042994,-28.833079],[151.03657,-28.825693],[151.037586,-28.818435],[151.04226,-28.815764],[151.042704,-28.801597],[151.041089,-28.797634],[151.037699,-28.797602],[151.033281,-28.793931],[151.024087,-28.793484],[151.028534,-28.770532],[151.024567,-28.753062],[151.012,-28.744525],[151.009923,-28.740947],[151.002891,-28.740702],[150.989548,-28.73607],[150.98342,-28.736168],[150.97949,-28.732628],[150.970428,-28.732074],[150.963344,-28.737839],[150.95244,-28.736701],[150.94746,-28.733797],[150.94592,-28.728823],[150.943014,-28.728642],[150.938421,-28.731247],[150.938182,-28.725656],[150.932405,-28.722346],[150.930615,-28.705109],[150.924764,-28.699019],[150.919848,-28.700701],[150.915416,-28.698518],[150.911384,-28.695399],[150.907437,-28.688525],[150.9043,-28.68732],[150.894726,-28.688474],[150.890934,-28.695005],[150.885897,-28.695844],[150.884423,-28.695033],[150.880253,-28.689051],[150.874065,-28.694394],[150.870051,-28.686264],[150.863498,-28.688262],[150.852186,-28.680187],[150.849048,-28.673719],[150.839294,-28.672514],[150.828523,-28.667188],[150.818775,-28.666694],[150.81635,-28.662485],[150.818978,-28.659848],[150.804498,-28.653704],[150.796334,-28.656128],[150.782486,-28.645526],[150.751259,-28.63425],[150.727285,-28.635564],[150.724245,-28.640969],[150.71027,-28.645515],[150.709552,-28.652157],[150.692013,-28.653895],[150.681372,-28.661674],[150.673421,-28.650462],[150.64152,-28.665359],[150.63223,-28.67709],[150.600452,-28.671328],[150.599945,-28.665075],[150.580625,-28.655833],[150.55442,-28.664272],[150.551024,-28.6716],[150.537986,-28.670896],[150.534972,-28.672449],[150.527466,-28.669331],[150.525559,-28.665553],[150.532405,-28.66181],[150.536934,-28.662547],[150.539286,-28.660048],[150.537733,-28.657241],[150.530694,-28.655323],[150.521782,-28.65531],[150.518786,-28.66077],[150.513845,-28.662307],[150.486323,-28.657359],[150.483832,-28.662259],[150.420939,-28.751976],[150.383723,-28.789905],[150.343964,-28.827542],[150.169218,-28.876344],[150.148546,-28.889263],[150.259498,-29.013903],[150.252614,-29.051194],[150.25007,-29.076044],[150.244334,-29.088651],[150.239673,-29.114568],[150.24578,-29.116176],[150.230161,-29.195738],[150.183563,-29.437825],[150.175322,-29.462575],[150.169228,-29.495984],[150.192619,-29.49395],[150.205956,-29.483191],[150.219462,-29.497948],[150.194526,-29.518855],[150.211639,-29.529801],[150.194619,-29.620235],[150.215942,-29.648851],[150.218816,-29.659719],[150.23183,-29.66296],[150.262893,-29.679026],[150.272589,-29.691971],[150.272068,-29.704023],[150.280958,-29.70647],[150.287829,-29.721939],[150.302529,-29.731788],[150.298058,-29.744221],[150.28796,-29.749832],[150.293233,-29.763954],[150.290127,-29.774071],[150.29072,-29.802698],[150.298251,-29.808285],[150.301779,-29.840026],[150.294081,-29.846606],[150.293831,-29.870525],[150.301511,-29.873729],[150.312409,-29.892556],[150.312038,-29.90691],[150.300511,-29.920914],[150.301924,-29.957239],[150.292467,-29.963772],[150.292859,-29.990531],[150.278474,-29.995908],[150.272628,-29.989392],[150.248852,-29.99348],[150.248841,-30.010267],[150.236102,-30.012698],[150.197512,-30.062574],[150.188487,-30.065706],[150.171956,-30.062964],[150.162812,-30.078139],[150.139505,-30.086488],[150.124153,-30.070046],[150.113319,-30.080521],[150.102979,-30.081962],[150.083633,-30.097049],[150.07566,-30.107363],[150.074402,-30.137122],[150.080728,-30.140085],[150.088669,-30.158066],[150.089365,-30.171677],[150.102263,-30.191946],[150.125231,-30.19599],[150.129844,-30.203072],[150.144859,-30.202355],[150.146369,-30.215644],[150.167062,-30.228544],[150.17393,-30.248429],[150.175503,-30.265359],[150.169036,-30.274894],[150.181347,-30.279575],[150.186723,-30.290665],[150.182964,-30.299506],[150.194998,-30.321087],[150.195547,-30.345626],[150.188295,-30.359725],[150.203418,-30.375046],[150.224023,-30.370921],[150.237671,-30.384604],[150.225751,-30.399298],[150.239201,-30.40157],[150.25277,-30.413992],[150.274604,-30.421448],[150.283241,-30.430848],[150.300528,-30.432724],[150.314174,-30.429023],[150.322614,-30.419724],[150.319713,-30.411142],[150.328624,-30.402452],[150.338779,-30.41508],[150.351488,-30.418184],[150.362791,-30.433258],[150.360984,-30.454077],[150.351826,-30.457706],[150.350862,-30.472987],[150.367582,-30.470081],[150.358849,-30.519138],[150.368537,-30.530077],[150.366127,-30.543415],[150.388654,-30.551035],[150.390702,-30.56932],[150.372742,-30.566742],[150.36502,-30.583433],[150.378269,-30.602705],[150.394623,-30.602644],[150.396077,-30.593689],[150.410649,-30.589852],[150.430031,-30.60087],[150.454351,-30.607517],[150.456351,-30.619198],[150.468508,-30.628335],[150.475413,-30.626218],[150.499184,-30.638655],[150.509647,-30.660088],[150.457961,-30.690158],[150.453462,-30.715383],[150.464497,-30.717095],[150.467178,-30.745206],[150.452613,-30.757233],[150.456319,-30.772761],[150.463393,-30.778957],[150.490387,-30.783325],[150.487268,-30.798984],[150.520149,-30.800458],[150.54384,-30.813422],[150.559266,-30.810814],[150.555997,-30.844956],[150.54661,-30.858757],[150.521061,-30.854963],[150.530401,-30.875117],[150.530215,-30.903012],[150.52454,-30.906436],[150.499366,-30.908822],[150.49177,-30.92138],[150.510418,-30.921303],[150.523233,-30.928141],[150.533062,-30.9405],[150.527741,-30.968574],[150.539871,-30.986252],[150.551811,-31.011416],[150.575263,-31.020065],[150.599399,-31.046846],[150.579729,-31.147056],[150.572125,-31.206047],[150.586718,-31.210359],[150.580167,-31.222317],[150.569044,-31.220816],[150.562324,-31.235923],[150.583751,-31.228476],[150.575295,-31.273798],[150.548416,-31.264927],[150.546033,-31.277541],[150.550514,-31.289523],[150.546135,-31.3292],[150.537653,-31.328101],[150.534605,-31.343092],[150.549846,-31.343969],[150.543292,-31.36287],[150.507647,-31.356856],[150.498841,-31.350986],[150.484234,-31.356201],[150.469625,-31.346978],[150.419482,-31.34003],[150.433278,-31.36388],[150.429634,-31.384383],[150.417667,-31.397631],[150.382465,-31.392679],[150.383718,-31.386122],[150.351856,-31.384543],[150.33888,-31.386238],[150.303409,-31.381349],[150.285905,-31.373839],[150.200263,-31.362883],[150.191955,-31.358432],[150.160961,-31.354959],[150.156807,-31.328574],[150.15936,-31.313773],[150.148646,-31.303841],[150.157848,-31.252418],[150.158496,-31.237667],[150.144799,-31.236738],[150.134651,-31.244313],[150.103379,-31.240018],[150.091357,-31.297896],[150.086472,-31.297257],[150.078838,-31.338094],[150.039868,-31.332773],[150.041308,-31.325018],[150.006557,-31.320806],[149.986677,-31.329315],[149.99871,-31.344639],[149.999201,-31.361647],[149.98813,-31.427367],[150.004391,-31.429592],[150.002257,-31.445629],[149.986349,-31.45443],[149.968049,-31.45813],[149.93685,-31.45683],[149.89765,-31.45113],[149.882911,-31.451994],[149.866949,-31.537269],[149.875955,-31.534964],[149.904408,-31.536897],[149.903174,-31.54531],[149.911777,-31.552989],[149.911314,-31.572789],[149.89291,-31.592553],[149.898799,-31.617178],[149.887255,-31.621153],[149.840889,-31.616108],[149.851432,-31.628732],[149.864563,-31.636342],[149.866465,-31.651505],[149.863574,-31.669611],[149.878832,-31.691837],[149.897302,-31.698558],[149.904783,-31.706764],[149.919362,-31.706317],[149.930174,-31.698388],[149.93933,-31.706498],[149.965541,-31.700973],[149.980844,-31.718763],[149.993737,-31.721789],[150.013668,-31.697585],[150.030212,-31.69088],[150.052178,-31.698507],[150.044686,-31.710931],[150.057577,-31.719709],[150.075072,-31.739869],[150.099944,-31.748999],[150.069755,-31.76552],[150.068656,-31.772915],[150.049893,-31.786316],[150.034337,-31.816898],[150.023983,-31.828752],[149.992219,-31.843498],[149.968322,-31.861497],[149.959059,-31.863238],[149.941452,-31.878752],[149.919587,-31.886679],[149.919454,-31.893978],[149.897359,-31.912621],[149.898585,-31.918615],[149.883297,-31.937943],[149.873155,-31.943996],[149.866099,-31.961503],[149.851323,-31.970932],[149.839116,-31.987378],[149.857806,-31.989533],[149.858932,-31.982647],[149.875564,-31.984515],[149.879703,-31.999875],[149.869721,-32.023779],[149.849875,-32.025559],[149.825749,-32.037255],[149.80816,-32.039277],[149.805267,-32.055177],[149.795665,-32.05809],[149.791608,-32.079359],[149.803022,-32.089331],[149.820768,-32.096376],[149.81943,-32.103624],[149.892267,-32.11267],[149.893982,-32.119893],[149.921931,-32.123016],[149.930319,-32.131107],[149.947996,-32.134952],[149.939343,-32.157041],[149.964628,-32.160154],[149.960754,-32.181876],[149.982621,-32.184721],[149.990684,-32.163682],[150.00946,-32.162659],[150.008146,-32.176603],[150.028746,-32.187263],[150.034803,-32.195905],[150.062069,-32.184882],[150.065847,-32.196602],[150.062718,-32.208113],[150.051395,-32.21388],[150.049508,-32.225449],[150.060244,-32.22725],[150.055302,-32.238879],[150.063026,-32.245722],[150.053208,-32.25836],[150.041874,-32.262327],[150.042813,-32.284617],[150.028126,-32.291394],[150.021827,-32.305597],[150.031963,-32.316378],[150.054166,-32.351038],[150.08648,-32.342172],[150.102236,-32.34281],[150.133246,-32.336956],[150.142133,-32.341593],[150.164314,-32.320185],[150.187925,-32.334637],[150.205217,-32.333366],[150.217873,-32.336569],[150.222278,-32.314542],[150.235107,-32.308823],[150.26078,-32.317813],[150.260377,-32.345878],[150.266698,-32.375736],[150.276674,-32.381121],[150.287422,-32.378052],[150.295695,-32.384213],[150.304179,-32.373515],[150.314548,-32.394704],[150.317714,-32.409655],[150.299748,-32.419382],[150.279603,-32.422298],[150.267406,-32.44944],[150.246977,-32.460298],[150.234448,-32.454258],[150.226655,-32.462928],[150.24592,-32.480509],[150.240483,-32.494422],[150.241115,-32.509881],[150.24714,-32.519241],[150.241839,-32.538423],[150.247538,-32.549987],[150.236833,-32.574043],[150.266043,-32.577718],[150.25947,-32.597717],[150.239685,-32.601556],[150.236447,-32.608444],[150.311343,-32.646919],[150.320162,-32.647922],[150.319289,-32.660848],[150.3081,-32.66522],[150.29694,-32.691551],[150.290842,-32.72089],[150.277383,-32.732025],[150.275476,-32.747621],[150.288566,-32.765054],[150.317335,-32.784304],[150.337975,-32.790387],[150.33854,-32.808963],[150.349214,-32.817999],[150.356219,-32.840729],[150.362598,-32.845913],[150.385959,-32.839508],[150.388886,-32.826471],[150.412753,-32.824092],[150.429555,-32.810938],[150.432361,-32.801027],[150.444698,-32.792363],[150.461168,-32.794695],[150.464503,-32.780318],[150.492341,-32.765301],[150.494135,-32.751937],[150.518173,-32.749337],[150.526978,-32.759688],[150.54106,-32.754256],[150.556609,-32.758462],[150.581546,-32.747072],[150.603086,-32.71812],[150.622867,-32.71335],[150.634164,-32.702287],[150.652217,-32.700667],[150.660799,-32.706861],[150.67129,-32.698479],[150.681978,-32.632525],[150.744565,-32.641325],[150.773575,-32.498261],[150.799883,-32.501657],[150.776458,-32.482391],[150.778138,-32.473783],[150.798642,-32.466028],[150.817495,-32.472639],[150.83349,-32.486456],[150.84305,-32.480091],[150.846795,-32.45871],[150.852744,-32.451088],[150.883068,-32.470205],[150.893218,-32.414368],[150.898029,-32.397086],[150.914908,-32.400567],[150.976696,-32.40783],[150.984204,-32.397603],[151.017862,-32.402065],[151.028602,-32.344626],[151.045525,-32.346769],[151.048094,-32.332335],[151.073495,-32.33586],[151.099023,-32.335295],[151.101452,-32.324328],[151.095871,-32.312058],[151.108309,-32.290881],[151.109563,-32.281652],[151.126307,-32.283977],[151.129091,-32.269651],[151.140776,-32.271259],[151.155948,-32.266688],[151.169039,-32.243566],[151.159927,-32.229238],[151.159242,-32.211122],[151.174018,-32.211807],[151.186215,-32.228198],[151.196823,-32.23366],[151.208815,-32.220166],[151.238403,-32.207745],[151.246256,-32.209568],[151.269863,-32.183694],[151.284939,-32.178413],[151.29484,-32.169154],[151.309698,-32.138984],[151.312247,-32.111336],[151.335448,-32.082403],[151.352109,-32.080392],[151.387447,-32.083526],[151.394632,-32.069713],[151.406738,-32.058774],[151.408589,-32.032685],[151.433128,-32.016711],[151.454726,-31.995979],[151.446091,-31.970044],[151.448739,-31.961657],[151.442452,-31.949366],[151.450361,-31.944195],[151.455799,-31.923058],[151.469226,-31.906085],[151.469467,-31.896611],[151.484698,-31.892795],[151.491173,-31.878161],[151.515154,-31.865728],[151.516642,-31.852535],[151.535463,-31.84554],[151.556427,-31.849326],[151.556248,-31.861963],[151.57678,-31.85484],[151.584899,-31.837576],[151.585374,-31.81926],[151.594022,-31.78969],[151.55445,-31.787303],[151.540731,-31.775763],[151.517871,-31.768467],[151.532389,-31.697316],[151.521103,-31.675951],[151.536255,-31.598101],[151.557171,-31.60081],[151.561148,-31.60625],[151.584911,-31.604352],[151.60098,-31.595677],[151.61184,-31.606796],[151.643779,-31.611317],[151.652578,-31.60266],[151.659977,-31.61219],[151.681943,-31.608751],[151.690203,-31.622344],[151.710995,-31.623573],[151.733097,-31.628452],[151.740025,-31.6359],[151.756867,-31.638158],[151.757149,-31.601741],[151.802497,-31.573861],[151.788201,-31.559293],[151.787466,-31.549545],[151.763901,-31.540943],[151.753741,-31.524385],[151.761575,-31.511185],[151.789327,-31.514938],[151.802351,-31.505003],[151.842759,-31.509038],[151.84458,-31.499475],[151.915755,-31.510067],[151.91277,-31.4767],[152.083657,-31.500485],[152.079653,-31.46276],[152.085306,-31.449821],[152.064663,-31.438591],[152.061895,-31.429235],[152.065575,-31.409145],[152.087244,-31.391719],[152.09976,-31.392027],[152.123679,-31.278729],[152.137785,-31.284686],[152.1475,-31.279899],[152.160941,-31.240885],[152.160655,-31.230368],[152.149626,-31.223774],[152.154124,-31.209319],[152.14755,-31.196017],[152.157201,-31.186285],[152.170211,-31.190611],[152.175595,-31.19851],[152.199673,-31.193581],[152.223397,-31.207902],[152.253103,-31.205393],[152.254681,-31.194535],[152.316572,-31.202936],[152.330897,-31.127464],[152.336641,-31.116269],[152.349587,-31.117004],[152.338112,-31.106029],[152.334987,-31.096198],[152.340634,-31.06821],[152.331474,-31.05557],[152.34517,-31.050618],[152.340341,-31.036442],[152.307849,-31.025194],[152.285222,-31.010356],[152.275066,-31.008692],[152.269825,-30.999147],[152.29117,-30.975444],[152.290658,-30.961333],[152.284306,-30.949125],[152.296107,-30.930719],[152.291013,-30.924718],[152.294739,-30.910623],[152.289493,-30.900382],[152.290613,-30.882266],[152.299116,-30.868431],[152.28951,-30.844152],[152.28454,-30.841506],[152.291453,-30.823737],[152.298103,-30.823219],[152.315673,-30.793799],[152.333339,-30.789489],[152.343857,-30.791901],[152.351956,-30.769156],[152.375309,-30.745347],[152.37586,-30.731802],[152.365915,-30.702985],[152.369327,-30.698688],[152.358405,-30.684213],[152.364359,-30.663496],[152.369291,-30.658905],[152.331578,-30.628318],[152.333149,-30.620307],[152.321906,-30.615829],[152.316055,-30.602971],[152.317728,-30.593425],[152.329911,-30.584223],[152.335809,-30.567038],[152.361994,-30.555286],[152.363655,-30.546112],[152.376388,-30.540287],[152.386854,-30.528965],[152.382551,-30.519325],[152.385807,-30.505194],[152.400253,-30.500942],[152.408423,-30.489261],[152.394568,-30.479499],[152.395074,-30.468166],[152.389645,-30.453052],[152.39205,-30.442917],[152.401805,-30.435009],[152.41753,-30.436503],[152.428078,-30.418897]]]},"bbox":[149.791608,-32.845913,152.627861,-28.249]},
{"properties":{"electorateShortName":"newcastle","electorateName":"Newcastle","area":159.36,"state":"NSW"},"type":"Feature","geometry":{"type":"Polygon","coordinates":[[[151.81011,-32.87822],[151.786362,-32.87521],[151.777455,-32.85653],[151.736322,-32.847836],[151.72725,-32.837075],[151.6951,-32.830312],[151.685972,-32.823141],[151.672974,-32.829504],[151.635341,-32.860248],[151.614151,-32.856826],[151.60937,-32.880272],[151.600846,-32.88926],[151.61948,-32.902353],[151.639099,-32.907005],[151.640251,-32.919863],[151.659364,-32.925125],[151.671396,-32.935354],[151.684951,-32.938301],[151.684621,-32.948468],[151.729059,-32.955082],[151.737915,-32.962947],[151.771558,-32.939154],[151.779388,-32.937162],[151.792983,-32.922815],[151.788615,-32.902716],[151.795393,-32.890876],[151.81011,-32.87822]]]},"bbox":[151.600846,-32.962947,151.81011,-32.823141]},
{"properties":{"electorateShortName":"page","electorateName":"Page","area":19335.11,"state":"NSW"},"type":"Feature","geometry":{"type":"Polygon","coordinates":[[[153.544475,-28.917804],[153.518517,-28.918317],[153.507797,-28.912851],[153.497254,-28.921028],[153.475801,-28.924591],[153.486858,-28.864848],[153.476547,-28.855464],[153.478138,-28.847961],[153.465035,-28.840742],[153.451238,-28.838635],[153.45253,-28.830749],[153.441382,-28.823097],[153.450663,-28.781638],[153.442291,-28.762701],[153.448133,-28.746851],[153.422106,-28.742678],[153.40682,-28.742889],[153.409153,-28.707793],[153.408046,-28.69353],[153.424239,-28.692997],[153.418182,-28.677922],[153.412627,-28.618563],[153.373087,-28.613976],[153.379084,-28.582456],[153.351798,-28.567264],[153.346171,-28.558012],[153.32783,-28.542733],[153.291318,-28.541378],[153.273306,-28.522004],[153.254768,-28.527109],[153.247732,-28.515887],[153.226422,-28.517733],[153.219644,-28.522855],[153.197746,-28.526987],[153.186001,-28.521294],[153.160263,-28.524129],[153.149796,-28.502963],[153.153674,-28.484325],[153.141014,-28.470775],[153.135998,-28.457227],[153.143132,-28.448875],[153.142127,-28.436139],[153.124034,-28.430592],[153.1277,-28.405931],[153.110781,-28.388469],[153.112955,-28.361311],[153.1094,-28.35744],[153.108548,-28.356328],[153.107655,-28.358494],[153.098334,-28.356964],[153.089175,-28.353318],[153.080675,-28.354407],[153.074175,-28.352198],[153.065302,-28.344239],[153.053254,-28.343149],[153.044902,-28.339012],[153.038075,-28.34345],[153.032596,-28.341957],[153.030483,-28.339714],[153.022228,-28.338045],[153.010062,-28.341295],[152.996092,-28.339965],[152.98982,-28.336627],[152.983597,-28.338108],[152.97318,-28.331822],[152.950745,-28.333643],[152.945141,-28.335669],[152.939167,-28.334753],[152.934266,-28.337655],[152.923368,-28.331594],[152.908531,-28.326342],[152.899915,-28.325378],[152.893429,-28.317929],[152.882688,-28.313321],[152.865772,-28.313577],[152.859596,-28.31147],[152.849424,-28.311186],[152.847419,-28.315454],[152.840206,-28.321612],[152.831369,-28.31967],[152.80931,-28.34208],[152.809072,-28.350635],[152.804259,-28.35357],[152.793378,-28.354043],[152.781735,-28.346686],[152.777385,-28.345967],[152.759798,-28.35246],[152.758216,-28.355079],[152.761853,-28.358278],[152.761045,-28.360161],[152.756969,-28.363596],[152.750949,-28.36388],[152.746532,-28.360675],[152.740324,-28.359187],[152.734097,-28.353385],[152.731107,-28.353949],[152.723053,-28.344132],[152.712855,-28.341368],[152.707637,-28.344287],[152.698575,-28.335668],[152.692407,-28.336801],[152.688397,-28.334837],[152.686374,-28.329145],[152.679494,-28.330585],[152.673962,-28.326287],[152.673551,-28.317971],[152.667517,-28.311703],[152.659116,-28.309879],[152.648477,-28.313376],[152.639747,-28.312186],[152.628435,-28.303561],[152.62695,-28.300108],[152.624124,-28.298298],[152.622146,-28.293183],[152.623511,-28.288885],[152.620921,-28.284017],[152.617525,-28.282572],[152.616095,-28.271843],[152.614242,-28.269477],[152.610656,-28.274448],[152.603276,-28.279246],[152.599624,-28.283681],[152.597326,-28.291288],[152.601822,-28.30731],[152.599077,-28.309578],[152.596783,-28.313553],[152.597572,-28.314551],[152.597642,-28.314618],[152.597846,-28.314779],[152.617767,-28.320421],[152.627861,-28.327548],[152.627689,-28.347076],[152.615639,-28.352387],[152.60488,-28.391985],[152.593233,-28.401257],[152.594641,-28.408597],[152.583561,-28.41709],[152.577038,-28.437617],[152.567384,-28.437925],[152.561765,-28.455342],[152.527376,-28.497501],[152.536924,-28.499767],[152.533191,-28.513812],[152.518968,-28.51032],[152.503236,-28.511599],[152.500138,-28.528526],[152.447754,-28.527473],[152.442458,-28.556841],[152.451841,-28.562728],[152.441062,-28.574986],[152.441811,-28.592688],[152.434765,-28.602244],[152.422079,-28.606845],[152.408765,-28.628211],[152.407829,-28.642945],[152.399648,-28.645827],[152.402465,-28.659427],[152.389091,-28.665769],[152.384483,-28.686102],[152.373705,-28.687903],[152.375208,-28.699883],[152.404789,-28.710113],[152.407664,-28.723407],[152.421238,-28.718079],[152.426474,-28.724078],[152.465277,-28.735837],[152.477743,-28.746271],[152.492334,-28.735588],[152.498235,-28.74483],[152.488846,-28.758949],[152.490174,-28.768841],[152.480325,-28.780262],[152.521678,-28.793089],[152.530992,-28.781374],[152.543678,-28.787938],[152.537034,-28.803606],[152.540304,-28.816032],[152.55488,-28.817862],[152.556973,-28.824527],[152.537174,-28.847035],[152.544747,-28.85373],[152.567877,-28.858052],[152.573306,-28.86365],[152.564307,-28.887482],[152.557145,-28.89375],[152.580107,-28.911484],[152.580988,-28.928604],[152.565936,-28.926074],[152.548638,-28.932364],[152.545781,-28.942359],[152.553601,-28.955808],[152.560612,-28.986331],[152.558516,-28.990078],[152.516572,-28.983581],[152.509573,-28.973254],[152.486653,-28.969974],[152.467109,-28.973664],[152.476205,-28.990648],[152.46552,-28.99043],[152.46464,-29.008025],[152.454072,-29.024549],[152.424203,-29.036863],[152.443897,-29.039755],[152.441565,-29.052136],[152.430571,-29.064585],[152.43111,-29.071963],[152.421006,-29.084096],[152.455006,-29.089027],[152.444231,-29.144175],[152.41689,-29.153095],[152.414465,-29.165374],[152.424963,-29.178626],[152.405201,-29.212154],[152.412805,-29.230414],[152.394086,-29.24125],[152.351323,-29.249123],[152.33886,-29.261859],[152.32318,-29.269926],[152.320994,-29.277583],[152.306473,-29.283097],[152.314656,-29.298519],[152.298279,-29.307447],[152.310687,-29.32254],[152.331189,-29.32889],[152.331517,-29.341837],[152.451081,-29.358053],[152.429492,-29.391941],[152.410052,-29.400771],[152.404317,-29.432778],[152.397171,-29.431767],[152.388785,-29.445316],[152.412456,-29.50688],[152.40543,-29.516645],[152.389782,-29.52199],[152.354492,-29.545471],[152.336123,-29.640777],[152.312214,-29.663098],[152.295227,-29.66876],[152.280708,-29.665904],[152.276473,-29.68154],[152.261801,-29.701512],[152.265797,-29.725395],[152.255628,-29.732701],[152.264365,-29.750938],[152.246677,-29.756398],[152.230372,-29.754887],[152.217284,-29.760508],[152.205433,-29.771754],[152.202949,-29.786103],[152.192641,-29.791943],[152.17596,-29.817476],[152.177321,-29.82989],[152.170423,-29.841246],[152.168757,-29.869874],[152.197742,-29.875924],[152.209077,-29.866124],[152.216357,-29.871362],[152.240422,-29.863228],[152.251091,-29.864976],[152.267689,-29.847868],[152.28171,-29.85646],[152.284955,-29.884581],[152.280753,-29.895718],[152.285582,-29.907048],[152.277896,-29.918786],[152.279945,-29.929209],[152.26983,-29.932062],[152.275042,-29.960416],[152.292028,-29.976949],[152.308005,-29.980175],[152.309674,-29.996191],[152.316419,-30.000565],[152.313319,-30.030123],[152.296979,-30.038795],[152.293161,-30.060241],[152.298392,-30.071752],[152.291227,-30.085056],[152.280721,-30.087436],[152.287509,-30.109716],[152.297236,-30.115096],[152.303507,-30.1385],[152.309672,-30.147907],[152.304407,-30.159898],[152.309928,-30.168312],[152.303203,-30.179112],[152.312588,-30.183776],[152.310012,-30.195352],[152.315421,-30.208575],[152.34513,-30.227531],[152.346551,-30.24216],[152.337896,-30.251819],[152.337677,-30.26243],[152.348253,-30.290701],[152.342286,-30.313618],[152.345622,-30.33295],[152.354768,-30.34037],[152.35178,-30.355359],[152.364574,-30.360976],[152.38192,-30.362628],[152.389916,-30.374706],[152.387531,-30.383159],[152.428078,-30.418897],[152.430484,-30.406173],[152.44109,-30.398902],[152.478585,-30.396994],[152.474912,-30.356637],[152.480573,-30.333043],[152.490477,-30.337341],[152.506245,-30.320598],[152.527107,-30.309438],[152.529328,-30.301111],[152.547091,-30.28865],[152.55721,-30.262152],[152.551689,-30.259172],[152.559647,-30.243719],[152.586725,-30.24099],[152.603012,-30.252486],[152.625973,-30.258376],[152.635409,-30.25166],[152.655376,-30.255316],[152.670631,-30.239541],[152.697823,-30.223335],[152.694852,-30.209951],[152.698602,-30.200212],[152.692987,-30.189015],[152.750763,-30.196616],[152.755184,-30.180789],[152.767521,-30.184706],[152.803453,-30.189567],[152.80927,-30.200639],[152.82954,-30.222078],[152.868435,-30.210215],[152.873489,-30.220503],[152.911059,-30.228489],[152.927924,-30.227114],[152.937008,-30.218641],[152.952152,-30.215507],[152.966118,-30.222588],[152.982412,-30.213909],[152.98726,-30.222288],[152.99908,-30.221404],[152.99494,-30.24676],[153.010696,-30.248775],[153.020376,-30.267484],[153.046471,-30.271946],[153.047405,-30.280003],[153.063319,-30.287125],[153.069036,-30.279087],[153.084884,-30.27267],[153.085653,-30.263382],[153.096454,-30.261703],[153.127555,-30.268214],[153.138428,-30.262793],[153.143361,-30.248623],[153.155198,-30.23394],[153.154539,-30.228094],[153.166987,-30.198029],[153.20109,-30.157596],[153.199564,-30.141272],[153.208976,-30.11299],[153.199641,-30.103902],[153.20335,-30.060621],[153.19634,-30.054904],[153.197084,-30.040577],[153.233366,-29.979753],[153.261773,-29.939942],[153.261147,-29.930649],[153.272656,-29.917179],[153.274574,-29.8947],[153.267554,-29.885679],[153.267648,-29.86525],[153.282471,-29.83383],[153.294417,-29.82508],[153.287327,-29.805609],[153.294966,-29.785067],[153.302914,-29.779179],[153.29201,-29.755913],[153.295891,-29.737114],[153.305161,-29.715407],[153.333974,-29.674551],[153.322897,-29.670529],[153.322947,-29.644035],[153.330051,-29.625802],[153.341218,-29.612667],[153.33178,-29.595787],[153.338523,-29.564386],[153.358717,-29.524101],[153.363183,-29.504372],[153.358735,-29.496081],[153.365846,-29.483818],[153.358416,-29.465843],[153.368235,-29.438365],[153.363282,-29.421572],[153.369915,-29.399321],[153.368219,-29.389796],[153.375511,-29.366632],[153.353928,-29.357709],[153.344441,-29.344446],[153.340263,-29.320414],[153.344322,-29.296579],[153.358856,-29.264965],[153.386588,-29.226418],[153.400519,-29.201378],[153.418788,-29.177667],[153.446484,-29.152556],[153.453325,-29.141867],[153.448568,-29.133389],[153.451312,-29.118746],[153.435487,-29.113259],[153.433862,-29.091555],[153.441451,-29.065288],[153.452966,-29.039249],[153.473336,-29.004791],[153.499213,-28.969924],[153.544475,-28.917804]]]},"bbox":[152.168757,-30.418897,153.544475,-28.269477]},
{"properties":{"electorateShortName":"parkes","electorateName":"Parkes","area":406754.54,"state":"NSW"},"type":"Feature","geometry":{"type":"Polygon","coordinates":[[[149.795665,-32.05809],[149.805267,-32.055177],[149.80816,-32.039277],[149.825749,-32.037255],[149.849875,-32.025559],[149.869721,-32.023779],[149.879703,-31.999875],[149.875564,-31.984515],[149.858932,-31.982647],[149.857806,-31.989533],[149.839116,-31.987378],[149.851323,-31.970932],[149.866099,-31.961503],[149.873155,-31.943996],[149.883297,-31.937943],[149.898585,-31.918615],[149.897359,-31.912621],[149.919454,-31.893978],[149.919587,-31.886679],[149.941452,-31.878752],[149.959059,-31.863238],[149.968322,-31.861497],[149.992219,-31.843498],[150.023983,-31.828752],[150.034337,-31.816898],[150.049893,-31.786316],[150.068656,-31.772915],[150.069755,-31.76552],[150.099944,-31.748999],[150.075072,-31.739869],[150.057577,-31.719709],[150.044686,-31.710931],[150.052178,-31.698507],[150.030212,-31.69088],[150.013668,-31.697585],[149.993737,-31.721789],[149.980844,-31.718763],[149.965541,-31.700973],[149.93933,-31.706498],[149.930174,-31.698388],[149.919362,-31.706317],[149.904783,-31.706764],[149.897302,-31.698558],[149.878832,-31.691837],[149.863574,-31.669611],[149.866465,-31.651505],[149.864563,-31.636342],[149.851432,-31.628732],[149.840889,-31.616108],[149.887255,-31.621153],[149.898799,-31.617178],[149.89291,-31.592553],[149.911314,-31.572789],[149.911777,-31.552989],[149.903174,-31.54531],[149.904408,-31.536897],[149.875955,-31.534964],[149.866949,-31.537269],[149.882911,-31.451994],[149.89765,-31.45113],[149.93685,-31.45683],[149.968049,-31.45813],[149.986349,-31.45443],[150.002257,-31.445629],[150.004391,-31.429592],[149.98813,-31.427367],[149.999201,-31.361647],[149.99871,-31.344639],[149.986677,-31.329315],[150.006557,-31.320806],[150.041308,-31.325018],[150.039868,-31.332773],[150.078838,-31.338094],[150.086472,-31.297257],[150.091357,-31.297896],[150.103379,-31.240018],[150.134651,-31.244313],[150.144799,-31.236738],[150.158496,-31.237667],[150.157848,-31.252418],[150.148646,-31.303841],[150.15936,-31.313773],[150.156807,-31.328574],[150.160961,-31.354959],[150.191955,-31.358432],[150.200263,-31.362883],[150.285905,-31.373839],[150.303409,-31.381349],[150.33888,-31.386238],[150.351856,-31.384543],[150.383718,-31.386122],[150.382465,-31.392679],[150.417667,-31.397631],[150.429634,-31.384383],[150.433278,-31.36388],[150.419482,-31.34003],[150.469625,-31.346978],[150.484234,-31.356201],[150.498841,-31.350986],[150.507647,-31.356856],[150.543292,-31.36287],[150.549846,-31.343969],[150.534605,-31.343092],[150.537653,-31.328101],[150.546135,-31.3292],[150.550514,-31.289523],[150.546033,-31.277541],[150.548416,-31.264927],[150.575295,-31.273798],[150.583751,-31.228476],[150.562324,-31.235923],[150.569044,-31.220816],[150.580167,-31.222317],[150.586718,-31.210359],[150.572125,-31.206047],[150.579729,-31.147056],[150.599399,-31.046846],[150.575263,-31.020065],[150.551811,-31.011416],[150.539871,-30.986252],[150.527741,-30.968574],[150.533062,-30.9405],[150.523233,-30.928141],[150.510418,-30.921303],[150.49177,-30.92138],[150.499366,-30.908822],[150.52454,-30.906436],[150.530215,-30.903012],[150.530401,-30.875117],[150.521061,-30.854963],[150.54661,-30.858757],[150.555997,-30.844956],[150.559266,-30.810814],[150.54384,-30.813422],[150.520149,-30.800458],[150.487268,-30.798984],[150.490387,-30.783325],[150.463393,-30.778957],[150.456319,-30.772761],[150.452613,-30.757233],[150.467178,-30.745206],[150.464497,-30.717095],[150.453462,-30.715383],[150.457961,-30.690158],[150.509647,-30.660088],[150.499184,-30.638655],[150.475413,-30.626218],[150.468508,-30.628335],[150.456351,-30.619198],[150.454351,-30.607517],[150.430031,-30.60087],[150.410649,-30.589852],[150.396077,-30.593689],[150.394623,-30.602644],[150.378269,-30.602705],[150.36502,-30.583433],[150.372742,-30.566742],[150.390702,-30.56932],[150.388654,-30.551035],[150.366127,-30.543415],[150.368537,-30.530077],[150.358849,-30.519138],[150.367582,-30.470081],[150.350862,-30.472987],[150.351826,-30.457706],[150.360984,-30.454077],[150.362791,-30.433258],[150.351488,-30.418184],[150.338779,-30.41508],[150.328624,-30.402452],[150.319713,-30.411142],[150.322614,-30.419724],[150.314174,-30.429023],[150.300528,-30.432724],[150.283241,-30.430848],[150.274604,-30.421448],[150.25277,-30.413992],[150.239201,-30.40157],[150.225751,-30.399298],[150.237671,-30.384604],[150.224023,-30.370921],[150.203418,-30.375046],[150.188295,-30.359725],[150.195547,-30.345626],[150.194998,-30.321087],[150.182964,-30.299506],[150.186723,-30.290665],[150.181347,-30.279575],[150.169036,-30.274894],[150.175503,-30.265359],[150.17393,-30.248429],[150.167062,-30.228544],[150.146369,-30.215644],[150.144859,-30.202355],[150.129844,-30.203072],[150.125231,-30.19599],[150.102263,-30.191946],[150.089365,-30.171677],[150.088669,-30.158066],[150.080728,-30.140085],[150.074402,-30.137122],[150.07566,-30.107363],[150.083633,-30.097049],[150.102979,-30.081962],[150.113319,-30.080521],[150.124153,-30.070046],[150.139505,-30.086488],[150.162812,-30.078139],[150.171956,-30.062964],[150.188487,-30.065706],[150.197512,-30.062574],[150.236102,-30.012698],[150.248841,-30.010267],[150.248852,-29.99348],[150.272628,-29.989392],[150.278474,-29.995908],[150.292859,-29.990531],[150.292467,-29.963772],[150.301924,-29.957239],[150.300511,-29.920914],[150.312038,-29.90691],[150.312409,-29.892556],[150.301511,-29.873729],[150.293831,-29.870525],[150.294081,-29.846606],[150.301779,-29.840026],[150.298251,-29.808285],[150.29072,-29.802698],[150.290127,-29.774071],[150.293233,-29.763954],[150.28796,-29.749832],[150.298058,-29.744221],[150.302529,-29.731788],[150.287829,-29.721939],[150.280958,-29.70647],[150.272068,-29.704023],[150.272589,-29.691971],[150.262893,-29.679026],[150.23183,-29.66296],[150.218816,-29.659719],[150.215942,-29.648851],[150.194619,-29.620235],[150.211639,-29.529801],[150.194526,-29.518855],[150.219462,-29.497948],[150.205956,-29.483191],[150.192619,-29.49395],[150.169228,-29.495984],[150.175322,-29.462575],[150.183563,-29.437825],[150.230161,-29.195738],[150.24578,-29.116176],[150.239673,-29.114568],[150.244334,-29.088651],[150.25007,-29.076044],[150.252614,-29.051194],[150.259498,-29.013903],[150.148546,-28.889263],[150.169218,-28.876344],[150.343964,-28.827542],[150.383723,-28.789905],[150.420939,-28.751976],[150.483832,-28.662259],[150.479703,-28.664082],[150.473288,-28.660699],[150.465757,-28.666289],[150.458926,-28.66896],[150.452329,-28.665985],[150.440447,-28.663651],[150.432853,-28.655719],[150.424627,-28.650626],[150.41438,-28.651998],[150.411972,-28.648226],[150.415814,-28.64542],[150.415311,-28.634621],[150.40885,-28.634023],[150.401606,-28.627177],[150.396891,-28.62897],[150.391682,-28.634032],[150.387518,-28.633807],[150.384826,-28.631648],[150.370146,-28.621136],[150.363306,-28.607381],[150.368229,-28.598276],[150.354907,-28.589269],[150.351527,-28.586745],[150.349079,-28.58115],[150.350575,-28.575056],[150.341635,-28.574991],[150.327873,-28.571109],[150.323091,-28.566602],[150.320157,-28.556956],[150.300532,-28.548497],[150.295781,-28.539665],[150.287965,-28.537777],[150.282112,-28.542814],[150.270252,-28.539584],[150.26127,-28.544867],[150.253851,-28.546443],[150.248469,-28.552635],[150.243965,-28.554772],[150.242312,-28.552446],[150.239523,-28.554185],[150.235621,-28.553926],[150.23543,-28.555693],[150.239287,-28.557668],[150.238577,-28.559976],[150.229938,-28.555735],[150.229767,-28.558779],[150.233721,-28.56078],[150.228453,-28.567761],[150.226628,-28.568653],[150.2195,-28.566645],[150.217802,-28.56878],[150.213728,-28.567235],[150.212442,-28.568305],[150.213646,-28.572902],[150.212587,-28.574299],[150.208204,-28.572604],[150.203548,-28.573248],[150.186775,-28.568911],[150.185844,-28.565108],[150.183333,-28.56567],[150.177311,-28.563382],[150.180278,-28.56249],[150.183149,-28.558453],[150.182573,-28.556472],[150.176544,-28.559231],[150.173951,-28.557932],[150.171806,-28.559841],[150.172095,-28.562856],[150.170488,-28.563512],[150.16919,-28.556643],[150.167098,-28.555428],[150.169907,-28.554185],[150.168652,-28.550595],[150.16633,-28.551211],[150.163255,-28.555763],[150.157861,-28.554321],[150.154083,-28.555321],[150.151551,-28.555451],[150.152322,-28.553445],[150.154311,-28.553094],[150.152532,-28.550196],[150.147392,-28.553069],[150.132853,-28.561513],[150.132021,-28.563565],[150.134323,-28.564582],[150.131617,-28.565642],[150.125987,-28.564943],[150.121579,-28.559644],[150.120693,-28.562746],[150.116188,-28.561764],[150.117058,-28.563407],[150.115852,-28.56415],[150.115837,-28.566567],[150.114926,-28.568478],[150.111144,-28.570344],[150.105212,-28.567745],[150.104143,-28.564945],[150.101111,-28.56602],[150.097069,-28.563309],[150.091014,-28.568655],[150.092764,-28.578428],[150.089806,-28.578709],[150.088003,-28.577282],[150.087383,-28.580379],[150.085231,-28.580909],[150.08089,-28.577459],[150.079789,-28.581724],[150.080043,-28.58428],[150.076975,-28.58349],[150.074732,-28.580026],[150.07222,-28.58011],[150.069684,-28.578239],[150.070272,-28.580237],[150.06904,-28.581107],[150.068358,-28.578408],[150.066369,-28.577707],[150.065042,-28.579193],[150.063818,-28.577508],[150.058099,-28.578983],[150.057374,-28.583848],[150.055415,-28.584488],[150.056537,-28.586496],[150.051166,-28.585278],[150.048832,-28.589445],[150.044204,-28.586495],[150.036198,-28.586162],[150.034167,-28.583417],[150.031024,-28.583784],[150.029771,-28.582243],[150.030624,-28.58028],[150.026874,-28.579017],[150.021861,-28.582714],[150.012934,-28.583572],[149.994972,-28.593909],[149.97725,-28.613565],[149.972243,-28.608123],[149.970692,-28.608492],[149.970876,-28.61024],[149.968361,-28.608686],[149.96471,-28.610892],[149.962715,-28.610402],[149.962734,-28.612542],[149.957024,-28.610074],[149.953113,-28.609948],[149.950915,-28.608329],[149.948619,-28.610785],[149.949592,-28.613036],[149.943264,-28.613889],[149.942093,-28.618388],[149.925011,-28.609009],[149.917332,-28.608143],[149.903151,-28.615566],[149.905719,-28.618388],[149.903521,-28.619909],[149.899346,-28.619672],[149.899645,-28.622202],[149.897382,-28.621621],[149.89745,-28.619286],[149.894947,-28.618828],[149.89379,-28.615968],[149.889547,-28.618929],[149.886704,-28.615169],[149.8905,-28.612691],[149.883754,-28.612343],[149.88219,-28.609823],[149.860646,-28.607161],[149.854427,-28.604385],[149.844939,-28.61059],[149.839253,-28.603942],[149.831406,-28.60381],[149.827069,-28.609037],[149.822192,-28.609092],[149.819376,-28.616828],[149.81167,-28.606068],[149.809935,-28.607682],[149.803312,-28.607651],[149.801649,-28.609878],[149.800061,-28.608053],[149.793807,-28.611516],[149.786583,-28.611808],[149.783758,-28.614428],[149.780866,-28.612519],[149.779795,-28.610189],[149.775672,-28.613288],[149.772584,-28.614518],[149.764166,-28.614703],[149.761888,-28.613908],[149.759882,-28.615484],[149.759243,-28.613478],[149.755533,-28.611658],[149.754296,-28.612931],[149.751045,-28.61113],[149.750535,-28.612774],[149.749318,-28.611459],[149.746478,-28.612026],[149.744085,-28.615538],[149.746357,-28.616463],[149.74499,-28.618723],[149.741808,-28.615602],[149.741773,-28.613441],[149.735192,-28.617645],[149.718572,-28.611655],[149.71388,-28.616725],[149.709827,-28.613055],[149.707112,-28.614763],[149.705912,-28.617992],[149.703487,-28.619452],[149.705922,-28.621908],[149.707164,-28.627486],[149.703965,-28.633913],[149.698423,-28.633322],[149.696052,-28.631184],[149.694494,-28.633604],[149.693041,-28.632057],[149.691121,-28.63432],[149.690444,-28.630912],[149.688843,-28.630439],[149.690469,-28.629244],[149.689466,-28.628391],[149.687824,-28.629415],[149.687978,-28.632832],[149.685364,-28.629482],[149.683352,-28.631496],[149.680564,-28.630619],[149.679993,-28.633222],[149.676842,-28.631406],[149.674166,-28.631738],[149.672618,-28.633954],[149.671612,-28.632564],[149.669511,-28.633162],[149.66673,-28.632132],[149.666161,-28.630709],[149.669413,-28.630681],[149.671582,-28.628621],[149.670928,-28.627333],[149.668352,-28.628234],[149.668313,-28.626364],[149.672845,-28.62675],[149.671009,-28.621139],[149.663492,-28.617642],[149.660087,-28.609521],[149.647561,-28.612296],[149.64544,-28.603921],[149.642088,-28.599199],[149.640617,-28.60057],[149.639627,-28.598189],[149.635904,-28.599546],[149.634869,-28.595452],[149.630944,-28.598158],[149.630674,-28.595248],[149.627171,-28.596274],[149.624261,-28.595223],[149.619682,-28.596178],[149.618628,-28.598878],[149.610963,-28.60109],[149.609483,-28.599521],[149.610312,-28.597418],[149.604921,-28.597658],[149.606573,-28.593968],[149.602303,-28.587792],[149.597739,-28.588888],[149.598328,-28.579849],[149.587242,-28.573377],[149.584421,-28.574634],[149.579751,-28.572637],[149.568366,-28.571592],[149.567167,-28.574017],[149.562258,-28.574109],[149.55768,-28.576673],[149.552909,-28.577613],[149.529446,-28.574401],[149.52514,-28.579551],[149.521947,-28.579243],[149.519534,-28.581348],[149.517626,-28.579005],[149.513758,-28.581936],[149.510146,-28.57757],[149.503651,-28.574286],[149.502852,-28.580725],[149.499169,-28.577737],[149.493236,-28.580226],[149.485971,-28.582255],[149.481209,-28.582722],[149.482573,-28.586592],[149.480888,-28.589871],[149.479448,-28.591402],[149.475353,-28.593775],[149.471512,-28.59236],[149.466846,-28.593984],[149.461821,-28.591436],[149.4588,-28.594257],[149.455797,-28.592705],[149.455552,-28.595991],[149.452485,-28.594856],[149.453998,-28.599057],[149.452215,-28.60021],[149.451813,-28.604213],[149.443994,-28.60625],[149.439033,-28.61166],[149.430148,-28.626187],[149.428503,-28.631735],[149.428238,-28.643509],[149.416816,-28.651332],[149.416011,-28.658265],[149.417529,-28.659846],[149.416147,-28.662882],[149.412971,-28.662271],[149.41019,-28.663928],[149.410709,-28.667537],[149.413565,-28.665015],[149.414264,-28.667085],[149.404307,-28.673428],[149.40538,-28.675405],[149.401874,-28.676202],[149.398962,-28.674705],[149.396417,-28.677693],[149.393821,-28.67749],[149.394339,-28.680296],[149.39281,-28.682265],[149.393951,-28.686572],[149.387492,-28.696172],[149.385337,-28.694909],[149.38543,-28.692707],[149.385178,-28.691387],[149.380923,-28.689793],[149.368946,-28.687418],[149.363324,-28.689239],[149.36162,-28.684442],[149.358576,-28.684066],[149.354766,-28.687947],[149.352122,-28.688473],[149.351271,-28.692667],[149.347687,-28.690926],[149.345572,-28.694212],[149.340124,-28.694955],[149.32284,-28.707807],[149.315492,-28.710209],[149.311285,-28.710537],[149.310139,-28.712231],[149.300751,-28.710096],[149.29675,-28.709748],[149.29368,-28.711283],[149.290603,-28.71704],[149.280448,-28.730658],[149.275552,-28.73345],[149.269319,-28.743262],[149.266331,-28.743257],[149.265348,-28.740135],[149.262936,-28.740187],[149.264586,-28.738911],[149.262088,-28.734125],[149.251905,-28.739649],[149.249665,-28.739906],[149.249399,-28.741596],[149.247271,-28.739796],[149.244645,-28.743247],[149.240749,-28.745643],[149.243188,-28.747131],[149.240561,-28.746318],[149.239413,-28.748793],[149.236604,-28.748554],[149.236356,-28.750759],[149.232797,-28.748946],[149.230422,-28.750691],[149.231786,-28.755627],[149.230606,-28.756469],[149.228569,-28.755074],[149.228668,-28.757575],[149.227702,-28.759039],[149.22861,-28.761886],[149.225481,-28.761007],[149.214203,-28.763417],[149.211885,-28.765024],[149.210203,-28.7684],[149.207484,-28.76942],[149.204939,-28.768584],[149.194536,-28.770931],[149.193588,-28.773917],[149.188619,-28.775114],[149.188412,-28.777057],[149.186095,-28.782011],[149.186962,-28.786312],[149.183988,-28.790512],[149.186842,-28.79405],[149.179582,-28.79867],[149.179194,-28.803031],[149.17564,-28.802486],[149.169399,-28.808044],[149.166578,-28.808759],[149.162454,-28.805865],[149.158525,-28.80909],[149.139568,-28.806734],[149.14215,-28.819075],[149.138547,-28.825612],[149.138949,-28.827954],[149.13105,-28.82941],[149.127799,-28.831619],[149.127874,-28.835535],[149.124346,-28.833041],[149.123034,-28.832932],[149.12142,-28.831567],[149.119252,-28.829472],[149.113179,-28.832026],[149.111933,-28.83426],[149.109049,-28.83316],[149.103224,-28.83859],[149.102694,-28.833399],[149.099154,-28.834158],[149.096781,-28.831563],[149.09626,-28.834329],[149.093379,-28.833639],[149.090224,-28.8372],[149.086855,-28.83838],[149.086113,-28.841992],[149.082328,-28.843134],[149.080529,-28.841999],[149.081171,-28.846955],[149.079115,-28.851735],[149.080039,-28.858173],[149.075324,-28.85925],[149.072317,-28.863821],[149.070576,-28.871627],[149.063535,-28.878467],[149.059173,-28.879373],[149.055021,-28.884385],[149.05487,-28.886445],[149.063383,-28.886992],[149.064032,-28.889114],[149.060819,-28.890085],[149.057663,-28.893636],[149.060615,-28.894384],[149.055697,-28.901436],[149.054976,-28.911932],[149.050778,-28.91771],[149.048533,-28.916188],[149.047516,-28.919861],[149.047264,-28.924545],[149.042621,-28.9269],[149.043459,-28.934563],[149.043016,-28.939452],[149.040124,-28.942368],[149.034631,-28.945538],[149.027802,-28.954488],[149.004707,-28.960608],[149.004036,-28.967285],[148.997125,-28.972752],[148.991226,-28.971384],[148.990723,-28.975903],[148.986356,-28.974135],[148.983865,-28.976567],[148.97797,-28.975475],[148.971717,-28.978291],[148.971112,-28.985329],[148.965996,-28.985851],[148.969027,-28.988032],[148.967365,-28.991214],[148.963411,-28.991686],[148.965577,-28.993643],[148.958089,-28.999064],[144.41535,-28.99909],[140.999265,-28.9991],[140.999596,-29.204811],[140.999883,-29.472053],[141.000084,-29.732442],[141.000216,-29.904013],[141.00033,-30.050624],[141.000444,-30.266084],[141.000568,-30.475266],[141.000634,-30.969827],[141.000594,-31.199968],[141.001129,-31.683869],[141.001316,-31.932267],[141.00142,-32.079475],[141.002405,-33.329023],[141.167885,-33.345854],[141.263992,-33.355755],[141.266626,-33.337241],[141.308721,-33.341403],[141.30584,-33.362454],[141.348003,-33.366658],[141.388322,-33.081312],[141.40258,-32.98766],[141.573204,-33.005572],[141.560773,-33.096293],[141.755369,-33.115945],[142.038355,-33.143941],[142.022933,-33.0848],[142.107802,-33.090131],[142.105679,-33.11242],[142.168599,-33.116529],[142.178229,-33.115346],[142.224487,-33.120035],[142.226627,-33.126217],[142.242827,-33.130873],[142.244604,-33.119457],[142.27428,-33.123423],[142.273788,-33.115048],[142.29338,-33.116597],[142.296702,-33.101595],[142.28965,-33.081676],[142.311348,-33.067128],[142.314154,-33.049337],[142.334034,-33.046291],[142.362969,-33.025362],[142.382492,-33.005539],[142.374359,-32.989311],[142.376475,-32.973676],[142.428011,-32.979027],[142.424469,-33.005226],[142.547987,-33.01714],[142.549908,-32.991416],[142.515536,-32.847454],[142.705129,-32.866688],[142.94435,-32.890533],[142.964638,-32.748537],[143.071628,-32.759322],[143.271212,-32.780229],[143.269614,-32.791387],[143.432435,-32.808446],[143.416969,-32.907493],[143.438317,-32.9112],[143.499566,-32.918349],[143.505852,-32.876004],[143.591987,-32.885141],[143.585153,-32.93103],[143.671807,-32.940764],[143.661538,-32.955298],[143.653413,-33.012413],[143.602799,-33.007104],[143.57281,-33.012429],[143.55246,-33.140481],[143.637288,-33.149916],[143.648475,-33.15901],[143.66485,-33.178855],[143.674028,-33.170711],[143.714801,-33.154611],[143.720951,-33.140453],[143.789876,-33.148866],[143.816663,-33.137446],[143.839023,-33.15459],[143.898192,-33.161392],[143.905907,-33.115708],[144.07974,-33.135369],[144.251426,-33.15507],[144.236255,-33.249829],[144.277778,-33.254216],[144.264268,-33.263015],[144.262641,-33.272906],[144.414163,-33.286491],[144.416202,-33.279072],[144.433489,-33.280482],[144.433578,-33.287676],[144.471702,-33.291203],[144.471793,-33.29897],[144.488676,-33.300463],[144.491092,-33.292975],[144.530284,-33.296625],[144.546947,-33.300011],[144.549233,-33.28552],[144.577529,-33.288666],[144.58018,-33.268377],[144.595668,-33.270038],[144.598011,-33.255087],[144.609422,-33.256341],[144.61222,-33.237804],[144.642648,-33.241122],[144.645681,-33.222352],[144.733424,-33.231398],[144.741889,-33.173591],[144.747612,-33.161452],[144.760138,-33.156815],[144.777974,-33.163461],[144.798235,-33.036219],[144.913078,-33.049131],[144.908865,-33.074448],[144.942311,-33.078304],[144.941139,-33.084777],[144.96278,-33.087289],[144.979402,-33.083791],[144.987542,-33.026363],[144.991731,-33.033662],[145.007975,-33.035543],[145.010266,-33.024449],[145.027698,-33.021923],[145.107556,-33.033712],[145.118833,-32.953708],[145.127254,-32.954686],[145.15955,-32.747169],[145.164993,-32.71483],[145.249374,-32.724393],[145.257279,-32.671254],[145.344278,-32.682486],[145.330563,-32.766674],[145.412631,-32.775949],[145.414944,-32.761412],[145.467462,-32.722507],[145.510436,-32.727862],[145.504348,-32.770092],[145.544859,-32.775372],[145.537932,-32.783255],[145.550822,-32.791615],[145.560599,-32.781409],[145.569099,-32.757875],[145.552592,-32.755852],[145.556637,-32.733284],[145.595723,-32.737769],[145.586515,-32.796236],[145.671923,-32.805722],[145.651787,-32.935351],[145.668529,-32.935871],[145.645258,-33.080312],[145.686333,-33.082059],[145.754709,-33.082677],[145.87087,-33.086311],[145.872639,-33.0748],[145.906825,-33.078623],[145.905331,-33.087748],[146.03166,-33.093579],[146.093631,-33.189083],[146.058892,-33.211808],[146.095088,-33.276178],[146.087068,-33.289565],[146.081561,-33.309145],[146.087751,-33.320942],[146.083297,-33.334511],[146.076061,-33.338914],[146.066897,-33.359114],[146.0671,-33.370964],[146.053962,-33.475767],[146.095141,-33.603131],[146.074577,-33.731759],[146.0703,-33.753534],[146.317227,-33.780549],[146.437185,-33.794499],[146.417433,-33.910635],[146.492809,-33.919657],[146.471543,-34.056649],[146.458206,-34.13293],[146.635404,-34.151187],[146.623872,-34.224735],[146.729043,-34.236768],[146.718745,-34.298111],[146.823028,-34.310851],[146.825092,-34.299016],[146.911402,-34.309658],[146.913279,-34.299189],[146.934456,-34.293468],[146.979546,-34.299124],[146.991779,-34.304418],[147.018169,-34.299334],[147.047915,-34.296523],[147.07388,-34.301875],[147.107655,-34.317224],[147.119997,-34.311751],[147.124782,-34.284239],[147.129354,-34.276486],[147.254958,-34.291339],[147.264839,-34.23541],[147.271315,-34.244892],[147.283147,-34.244935],[147.297026,-34.254427],[147.30159,-34.228701],[147.284595,-34.220643],[147.296181,-34.202656],[147.300877,-34.176171],[147.390771,-34.187321],[147.388807,-34.197788],[147.47044,-34.20871],[147.476312,-34.176372],[147.46725,-34.175193],[147.472346,-34.15305],[147.480742,-34.154036],[147.488402,-34.116467],[147.495931,-34.107059],[147.554652,-34.115845],[147.584001,-34.117906],[147.580391,-34.137989],[147.630027,-34.144183],[147.63288,-34.129587],[147.665632,-34.130172],[147.67617,-34.145302],[147.690667,-34.146122],[147.70093,-34.159032],[147.718921,-34.158491],[147.744054,-34.140905],[147.759162,-34.142334],[147.766896,-34.131704],[147.7658,-34.112597],[147.771827,-34.083863],[147.780873,-34.085079],[147.784044,-34.069741],[147.767689,-34.067202],[147.757152,-34.05897],[147.732432,-33.983499],[147.722092,-33.982149],[147.727229,-33.954542],[147.7098,-33.952352],[147.712793,-33.936519],[147.69915,-33.934766],[147.696658,-33.926578],[147.558599,-33.908883],[147.540159,-33.905203],[147.546491,-33.894249],[147.547551,-33.878327],[147.540976,-33.857332],[147.543923,-33.840133],[147.554304,-33.832184],[147.549996,-33.820821],[147.533747,-33.802358],[147.518335,-33.758688],[147.508482,-33.712764],[147.519991,-33.698167],[147.523058,-33.682512],[147.554997,-33.669536],[147.57999,-33.629947],[147.598814,-33.620561],[147.60177,-33.613927],[147.682629,-33.623918],[147.664208,-33.656671],[147.67728,-33.658314],[147.670084,-33.695592],[147.696789,-33.703896],[147.739053,-33.704106],[147.764118,-33.707129],[147.778395,-33.686972],[147.792371,-33.686574],[147.802751,-33.693765],[147.827917,-33.69437],[147.867607,-33.700032],[147.894356,-33.700281],[147.943804,-33.708745],[147.947962,-33.700864],[148.018167,-33.710169],[148.079989,-33.719824],[148.080611,-33.698351],[148.08988,-33.684606],[148.100875,-33.648375],[148.151775,-33.654747],[148.169172,-33.651684],[148.172498,-33.632455],[148.186776,-33.641205],[148.237355,-33.636004],[148.271566,-33.641537],[148.270255,-33.648958],[148.324099,-33.655588],[148.33905,-33.640876],[148.345418,-33.613523],[148.350201,-33.60888],[148.371812,-33.607345],[148.386809,-33.600716],[148.413815,-33.604347],[148.414106,-33.596161],[148.388833,-33.57999],[148.390459,-33.567654],[148.422681,-33.568616],[148.421274,-33.55957],[148.396593,-33.55387],[148.390233,-33.540161],[148.400175,-33.535056],[148.392772,-33.518727],[148.357113,-33.510524],[148.351789,-33.49463],[148.328952,-33.490636],[148.314945,-33.499899],[148.308506,-33.494466],[148.290651,-33.491909],[148.293234,-33.478291],[148.307341,-33.465745],[148.313524,-33.453189],[148.329322,-33.455928],[148.33306,-33.444235],[148.346915,-33.450031],[148.359315,-33.449418],[148.365145,-33.435299],[148.344338,-33.429496],[148.345935,-33.420913],[148.367724,-33.420889],[148.367931,-33.410824],[148.388437,-33.412704],[148.403638,-33.392221],[148.418223,-33.385],[148.41474,-33.370297],[148.40316,-33.368909],[148.385485,-33.351008],[148.403079,-33.328935],[148.415671,-33.32703],[148.412717,-33.313462],[148.402028,-33.2997],[148.397185,-33.269909],[148.401701,-33.259592],[148.428194,-33.239169],[148.432654,-33.225572],[148.42834,-33.202387],[148.44755,-33.202623],[148.46668,-33.208771],[148.475002,-33.198769],[148.495895,-33.190869],[148.493043,-33.179705],[148.505521,-33.165857],[148.502386,-33.140386],[148.486567,-33.123236],[148.497275,-33.096367],[148.505455,-33.062037],[148.503737,-33.046861],[148.481055,-33.016377],[148.464864,-33.014495],[148.430165,-32.969942],[148.418644,-32.973569],[148.399352,-32.959165],[148.389388,-32.974236],[148.372179,-32.971583],[148.381831,-32.93455],[148.372514,-32.929172],[148.381257,-32.914022],[148.384572,-32.874917],[148.383295,-32.851975],[148.378164,-32.833103],[148.359092,-32.823698],[148.34251,-32.81081],[148.329377,-32.810831],[148.328315,-32.798687],[148.33533,-32.781608],[148.331923,-32.746568],[148.329513,-32.701025],[148.33496,-32.679034],[148.34687,-32.676862],[148.342801,-32.664758],[148.349499,-32.636824],[148.361775,-32.621947],[148.369629,-32.628854],[148.391421,-32.621925],[148.401477,-32.62371],[148.435418,-32.620599],[148.459516,-32.60721],[148.475148,-32.627842],[148.501184,-32.614117],[148.605154,-32.652179],[148.614429,-32.653617],[148.635718,-32.64026],[148.66492,-32.639621],[148.669562,-32.624041],[148.686155,-32.612737],[148.697775,-32.615316],[148.692833,-32.597355],[148.708254,-32.58926],[148.700857,-32.576506],[148.719957,-32.575391],[148.714699,-32.552531],[148.701208,-32.554063],[148.712669,-32.531306],[148.699642,-32.523412],[148.700407,-32.496936],[148.714604,-32.491885],[148.72766,-32.472939],[148.725946,-32.462179],[148.716681,-32.446327],[148.717157,-32.436744],[148.703837,-32.434946],[148.704409,-32.420476],[148.710111,-32.407473],[148.724161,-32.421029],[148.754109,-32.419051],[148.768123,-32.343124],[148.790523,-32.359617],[148.805097,-32.367108],[148.841028,-32.331261],[148.850666,-32.332466],[148.851192,-32.31338],[148.883545,-32.312008],[148.8873,-32.290286],[148.89617,-32.291159],[148.927247,-32.271664],[148.939146,-32.210435],[148.938574,-32.189759],[148.944185,-32.174016],[148.959971,-32.161548],[148.968396,-32.167622],[148.98716,-32.15001],[148.990911,-32.138475],[149.00078,-32.139631],[149.004028,-32.122088],[149.012024,-32.106866],[149.025633,-32.10885],[149.032917,-32.099845],[149.045465,-32.103574],[149.059265,-32.096665],[149.093141,-32.108653],[149.100358,-32.115175],[149.121258,-32.106614],[149.138685,-32.117212],[149.171136,-32.124813],[149.166007,-32.108991],[149.193756,-32.104421],[149.198393,-32.142506],[149.211095,-32.149912],[149.209829,-32.161974],[149.220152,-32.180984],[149.198763,-32.186752],[149.196513,-32.202271],[149.203018,-32.213612],[149.189159,-32.290575],[149.227829,-32.295411],[149.238575,-32.299269],[149.253305,-32.295055],[149.273224,-32.294852],[149.284998,-32.288772],[149.29333,-32.302698],[149.305892,-32.304507],[149.327897,-32.274684],[149.326494,-32.260376],[149.339784,-32.256435],[149.346378,-32.238059],[149.356421,-32.234832],[149.361011,-32.220394],[149.373717,-32.215765],[149.373105,-32.189919],[149.384681,-32.193166],[149.396757,-32.176834],[149.413277,-32.175537],[149.417288,-32.153064],[149.411783,-32.138195],[149.427939,-32.137201],[149.428251,-32.124041],[149.412256,-32.10611],[149.415023,-32.095554],[149.432506,-32.095033],[149.446976,-32.100632],[149.470718,-32.103526],[149.479716,-32.108794],[149.494803,-32.102092],[149.500301,-32.073225],[149.510176,-32.07462],[149.520216,-32.085583],[149.532813,-32.089463],[149.552231,-32.088937],[149.561371,-32.084299],[149.573847,-32.086985],[149.577915,-32.106025],[149.602701,-32.126936],[149.618603,-32.117761],[149.638067,-32.112778],[149.671618,-32.121922],[149.679061,-32.114819],[149.692944,-32.112395],[149.750811,-32.119822],[149.751833,-32.099561],[149.762869,-32.089301],[149.777619,-32.091553],[149.778478,-32.07755],[149.795665,-32.05809]]]},"bbox":[140.999265,-34.317224,150.599399,-28.537777]},
{"properties":{"electorateShortName":"parramatta","electorateName":"Parramatta","area":65.58,"state":"NSW"},"type":"Feature","geometry":{"type":"Polygon","coordinates":[[[151.071641,-33.819693],[151.065727,-33.79089],[151.073789,-33.782273],[151.065997,-33.758983],[151.048939,-33.758638],[151.030383,-33.765401],[151.025167,-33.775124],[151.012275,-33.777723],[151.007594,-33.787602],[150.987451,-33.796571],[150.97008,-33.784236],[150.958354,-33.765616],[150.935266,-33.774243],[150.950638,-33.785066],[150.938051,-33.793913],[150.932601,-33.807698],[150.963514,-33.816181],[150.976605,-33.81725],[150.994821,-33.827473],[151.015763,-33.827832],[151.02999,-33.835206],[151.050042,-33.824184],[151.071641,-33.819693]]]},"bbox":[150.932601,-33.835206,151.073789,-33.758638]},
{"properties":{"electorateShortName":"paterson","electorateName":"Paterson","area":947.81,"state":"NSW"},"type":"Feature","geometry":{"type":"Polygon","coordinates":[[[152.194486,-32.707671],[152.187855,-32.70488],[152.124656,-32.699981],[152.05231,-32.688083],[152.039421,-32.692282],[151.976222,-32.684583],[151.940611,-32.673964],[151.932013,-32.661416],[151.896241,-32.658999],[151.894875,-32.668889],[151.844219,-32.661604],[151.809842,-32.686222],[151.756003,-32.678348],[151.749351,-32.687152],[151.753831,-32.700754],[151.744122,-32.713501],[151.747545,-32.720581],[151.734006,-32.736067],[151.743356,-32.746645],[151.727015,-32.751268],[151.714642,-32.736929],[151.686176,-32.727182],[151.673875,-32.741315],[151.665226,-32.739649],[151.654059,-32.724982],[151.641298,-32.71886],[151.619945,-32.722822],[151.612901,-32.714914],[151.590326,-32.720842],[151.582331,-32.736703],[151.554002,-32.728486],[151.569049,-32.697386],[151.566236,-32.688561],[151.543176,-32.687608],[151.535393,-32.679101],[151.518456,-32.693278],[151.509915,-32.687487],[151.510743,-32.66365],[151.496875,-32.638999],[151.484052,-32.637074],[151.471345,-32.662503],[151.453371,-32.656502],[151.451577,-32.670754],[151.437698,-32.671561],[151.438599,-32.68217],[151.424995,-32.691366],[151.407184,-32.679147],[151.400589,-32.702881],[151.412011,-32.717728],[151.423423,-32.723477],[151.421343,-32.734594],[151.434447,-32.758971],[151.446311,-32.765872],[151.474282,-32.796368],[151.498267,-32.807257],[151.509157,-32.823056],[151.533302,-32.831153],[151.54584,-32.852006],[151.562861,-32.866781],[151.565617,-32.875075],[151.600846,-32.88926],[151.60937,-32.880272],[151.614151,-32.856826],[151.635341,-32.860248],[151.672974,-32.829504],[151.685972,-32.823141],[151.6951,-32.830312],[151.72725,-32.837075],[151.736322,-32.847836],[151.777455,-32.85653],[151.786362,-32.87521],[151.81011,-32.87822],[151.852437,-32.853585],[151.890933,-32.835842],[151.951335,-32.812927],[152.0073,-32.795742],[152.053106,-32.78531],[152.070929,-32.783452],[152.091037,-32.791284],[152.104135,-32.787695],[152.120644,-32.788958],[152.116187,-32.776736],[152.125107,-32.766969],[152.153836,-32.765534],[152.176033,-32.754788],[152.170981,-32.744437],[152.183126,-32.735844],[152.187884,-32.711732],[152.194486,-32.707671]]]},"bbox":[151.400589,-32.88926,152.194486,-32.637074]},
{"properties":{"electorateShortName":"reid","electorateName":"Reid","area":49.19,"state":"NSW"},"type":"Feature","geometry":{"type":"Polygon","coordinates":[[[151.142072,-33.870421],[151.163587,-33.854725],[151.159279,-33.845383],[151.15172,-33.840804],[151.131424,-33.842188],[151.108484,-33.837229],[151.093708,-33.823032],[151.071641,-33.819693],[151.050042,-33.824184],[151.02999,-33.835206],[151.044101,-33.842738],[151.037245,-33.851238],[151.042283,-33.862014],[151.056728,-33.864561],[151.065551,-33.872251],[151.068876,-33.884497],[151.087733,-33.892706],[151.091508,-33.887654],[151.117504,-33.888516],[151.122424,-33.880907],[151.142072,-33.870421]]]},"bbox":[151.02999,-33.892706,151.163587,-33.819693]},
{"properties":{"electorateShortName":"richmond","electorateName":"Richmond","area":2133.19,"state":"NSW"},"type":"Feature","geometry":{"type":"Polygon","coordinates":[[[153.544475,-28.917804],[153.570746,-28.88507],[153.555088,-28.877984],[153.530165,-28.877919],[153.529065,-28.871144],[153.546206,-28.867225],[153.564095,-28.873706],[153.576789,-28.869838],[153.589714,-28.873409],[153.605627,-28.84396],[153.607918,-28.830488],[153.606246,-28.808687],[153.595142,-28.797087],[153.595813,-28.775189],[153.617909,-28.715466],[153.613547,-28.701135],[153.617653,-28.678142],[153.627162,-28.654618],[153.638727,-28.636102],[153.618008,-28.642001],[153.603234,-28.635661],[153.590668,-28.624827],[153.568497,-28.589701],[153.559765,-28.559721],[153.558319,-28.538225],[153.553457,-28.531851],[153.55184,-28.499505],[153.553822,-28.464425],[153.567979,-28.39472],[153.575982,-28.368206],[153.575888,-28.3395],[153.571396,-28.32713],[153.576085,-28.295427],[153.586296,-28.258206],[153.570274,-28.243791],[153.566973,-28.218902],[153.569601,-28.199072],[153.552171,-28.164408],[153.534649,-28.177643],[153.485857,-28.157036],[153.476947,-28.156892],[153.46845,-28.162432],[153.45705,-28.180518],[153.435757,-28.187173],[153.414911,-28.207419],[153.405714,-28.211023],[153.390906,-28.227887],[153.389724,-28.234832],[153.364723,-28.247354],[153.357284,-28.249274],[153.34585,-28.248454],[153.339104,-28.250546],[153.33189,-28.246127],[153.329766,-28.236874],[153.325717,-28.235936],[153.321862,-28.237802],[153.312036,-28.237321],[153.304761,-28.239695],[153.300367,-28.238027],[153.296189,-28.233808],[153.279598,-28.233493],[153.274236,-28.238009],[153.269054,-28.238611],[153.264006,-28.243478],[153.243925,-28.2473],[153.23624,-28.25558],[153.232838,-28.265076],[153.218217,-28.263224],[153.207378,-28.252962],[153.199479,-28.256548],[153.188167,-28.247512],[153.17978,-28.250254],[153.176667,-28.249603],[153.171483,-28.259186],[153.175172,-28.274206],[153.161203,-28.279401],[153.162253,-28.282466],[153.166498,-28.285116],[153.169175,-28.293105],[153.164377,-28.297889],[153.155146,-28.296121],[153.152918,-28.301918],[153.142489,-28.305321],[153.143282,-28.312204],[153.135755,-28.312119],[153.132961,-28.317536],[153.125005,-28.317764],[153.124831,-28.323929],[153.13024,-28.330279],[153.125197,-28.336741],[153.125302,-28.33931],[153.120507,-28.342001],[153.116734,-28.341503],[153.11319,-28.352903],[153.108548,-28.356328],[153.1094,-28.35744],[153.112955,-28.361311],[153.110781,-28.388469],[153.1277,-28.405931],[153.124034,-28.430592],[153.142127,-28.436139],[153.143132,-28.448875],[153.135998,-28.457227],[153.141014,-28.470775],[153.153674,-28.484325],[153.149796,-28.502963],[153.160263,-28.524129],[153.186001,-28.521294],[153.197746,-28.526987],[153.219644,-28.522855],[153.226422,-28.517733],[153.247732,-28.515887],[153.254768,-28.527109],[153.273306,-28.522004],[153.291318,-28.541378],[153.32783,-28.542733],[153.346171,-28.558012],[153.351798,-28.567264],[153.379084,-28.582456],[153.373087,-28.613976],[153.412627,-28.618563],[153.418182,-28.677922],[153.424239,-28.692997],[153.408046,-28.69353],[153.409153,-28.707793],[153.40682,-28.742889],[153.422106,-28.742678],[153.448133,-28.746851],[153.442291,-28.762701],[153.450663,-28.781638],[153.441382,-28.823097],[153.45253,-28.830749],[153.451238,-28.838635],[153.465035,-28.840742],[153.478138,-28.847961],[153.476547,-28.855464],[153.486858,-28.864848],[153.475801,-28.924591],[153.497254,-28.921028],[153.507797,-28.912851],[153.518517,-28.918317],[153.544475,-28.917804]]]},"bbox":[153.108548,-28.924591,153.638727,-28.156892]},
{"properties":{"electorateShortName":"riverina","electorateName":"Riverina","area":52410.21,"state":"NSW"},"type":"Feature","geometry":{"type":"Polygon","coordinates":[[[150.082942,-34.582311],[150.093886,-34.573938],[150.089525,-34.552867],[150.079918,-34.546079],[150.065079,-34.545566],[150.049994,-34.536259],[150.045488,-34.527401],[150.062873,-34.517621],[150.077932,-34.517359],[150.092955,-34.510536],[150.083235,-34.495625],[150.071793,-34.494041],[150.067519,-34.483943],[150.072227,-34.472561],[150.058462,-34.471926],[150.064451,-34.457903],[150.084285,-34.445725],[150.087948,-34.433046],[150.098189,-34.432841],[150.115681,-34.410168],[150.106718,-34.389737],[150.122261,-34.373719],[150.111026,-34.367494],[150.088824,-34.346653],[150.073876,-34.356113],[150.044273,-34.360769],[150.037847,-34.354503],[150.018796,-34.367449],[150.005888,-34.359282],[149.995591,-34.346378],[149.985818,-34.34457],[149.967914,-34.325623],[149.96518,-34.31243],[149.975285,-34.297701],[149.988102,-34.297734],[149.988788,-34.273919],[149.997166,-34.259263],[150.023589,-34.262406],[150.022123,-34.270089],[150.049718,-34.273264],[150.059231,-34.267018],[150.058035,-34.246924],[150.061532,-34.238664],[150.051501,-34.225439],[150.059711,-34.217399],[150.066039,-34.195339],[150.063413,-34.183089],[150.047338,-34.16093],[150.046585,-34.149997],[150.031093,-34.14473],[150.017203,-34.145475],[150.021618,-34.129193],[150.037434,-34.121378],[150.011735,-34.109711],[150.002646,-34.096347],[150.007292,-34.085287],[149.959636,-34.079137],[149.944877,-34.09165],[149.932543,-34.090534],[149.931818,-34.11674],[149.949395,-34.124609],[149.93816,-34.151464],[149.937549,-34.168544],[149.920374,-34.181677],[149.886127,-34.183297],[149.87332,-34.188374],[149.849901,-34.183698],[149.828649,-34.192833],[149.818419,-34.200888],[149.804704,-34.20262],[149.78143,-34.197984],[149.771602,-34.192614],[149.748868,-34.189037],[149.73345,-34.197126],[149.71313,-34.194604],[149.705337,-34.198646],[149.681688,-34.191454],[149.665066,-34.166058],[149.657469,-34.159257],[149.629447,-34.114099],[149.614532,-34.10965],[149.606797,-34.122804],[149.596607,-34.111807],[149.583209,-34.107362],[149.569676,-34.091002],[149.547501,-34.085569],[149.545629,-34.073809],[149.527706,-34.061089],[149.518399,-34.041295],[149.480219,-34.015379],[149.464058,-34.010741],[149.455889,-34.024425],[149.434733,-34.022927],[149.401223,-33.998257],[149.375804,-33.984377],[149.347778,-33.953299],[149.332981,-33.950973],[149.314838,-33.956678],[149.279321,-33.948523],[149.274113,-33.959584],[149.243941,-33.969786],[149.216848,-33.964086],[149.202786,-33.969087],[149.197738,-33.984896],[149.179345,-33.984677],[149.17308,-33.976718],[149.152632,-33.967033],[149.140377,-33.945533],[149.152833,-33.93688],[149.155178,-33.92836],[149.139193,-33.903069],[149.120491,-33.888395],[149.118462,-33.872095],[149.144842,-33.855113],[149.15605,-33.852226],[149.177606,-33.858023],[149.174789,-33.844937],[149.181968,-33.831284],[149.180823,-33.806141],[149.186778,-33.797594],[149.207277,-33.800436],[149.219734,-33.791776],[149.235259,-33.759881],[149.241403,-33.760501],[149.257743,-33.740656],[149.236403,-33.738028],[149.225046,-33.726275],[149.214839,-33.732635],[149.17209,-33.72628],[149.149353,-33.730395],[149.133245,-33.74988],[149.130187,-33.764289],[149.108198,-33.761111],[149.091447,-33.765415],[149.088345,-33.781192],[149.091597,-33.793688],[149.067175,-33.790083],[149.064589,-33.812386],[149.041283,-33.809334],[149.018633,-33.79644],[149.007704,-33.794905],[149.009881,-33.784013],[148.988919,-33.781096],[148.981954,-33.772288],[148.984829,-33.758045],[148.974557,-33.756454],[148.978388,-33.737606],[148.993027,-33.726778],[148.99366,-33.720609],[148.962624,-33.707824],[148.9569,-33.688042],[148.937798,-33.682912],[148.929318,-33.688066],[148.91167,-33.683487],[148.907469,-33.673053],[148.913954,-33.629673],[148.922397,-33.599333],[148.910857,-33.594303],[148.910574,-33.585067],[148.899391,-33.579247],[148.881997,-33.582885],[148.84572,-33.5759],[148.844712,-33.568755],[148.82321,-33.56568],[148.818127,-33.557162],[148.80386,-33.550029],[148.787796,-33.529269],[148.775941,-33.525513],[148.754102,-33.529633],[148.738927,-33.53792],[148.73031,-33.555292],[148.712026,-33.573728],[148.695827,-33.577216],[148.682814,-33.586415],[148.676146,-33.580518],[148.652535,-33.577102],[148.658306,-33.566439],[148.648553,-33.562975],[148.635899,-33.567008],[148.623599,-33.581425],[148.621066,-33.591714],[148.594851,-33.591607],[148.557937,-33.602925],[148.54324,-33.599913],[148.535451,-33.584013],[148.524169,-33.577287],[148.483455,-33.581299],[148.468423,-33.602253],[148.446819,-33.613971],[148.442462,-33.60816],[148.413815,-33.604347],[148.386809,-33.600716],[148.371812,-33.607345],[148.350201,-33.60888],[148.345418,-33.613523],[148.33905,-33.640876],[148.324099,-33.655588],[148.270255,-33.648958],[148.271566,-33.641537],[148.237355,-33.636004],[148.186776,-33.641205],[148.172498,-33.632455],[148.169172,-33.651684],[148.151775,-33.654747],[148.100875,-33.648375],[148.08988,-33.684606],[148.080611,-33.698351],[148.079989,-33.719824],[148.018167,-33.710169],[147.947962,-33.700864],[147.943804,-33.708745],[147.894356,-33.700281],[147.867607,-33.700032],[147.827917,-33.69437],[147.802751,-33.693765],[147.792371,-33.686574],[147.778395,-33.686972],[147.764118,-33.707129],[147.739053,-33.704106],[147.696789,-33.703896],[147.670084,-33.695592],[147.67728,-33.658314],[147.664208,-33.656671],[147.682629,-33.623918],[147.60177,-33.613927],[147.598814,-33.620561],[147.57999,-33.629947],[147.554997,-33.669536],[147.523058,-33.682512],[147.519991,-33.698167],[147.508482,-33.712764],[147.518335,-33.758688],[147.533747,-33.802358],[147.549996,-33.820821],[147.554304,-33.832184],[147.543923,-33.840133],[147.540976,-33.857332],[147.547551,-33.878327],[147.546491,-33.894249],[147.540159,-33.905203],[147.558599,-33.908883],[147.696658,-33.926578],[147.69915,-33.934766],[147.712793,-33.936519],[147.7098,-33.952352],[147.727229,-33.954542],[147.722092,-33.982149],[147.732432,-33.983499],[147.757152,-34.05897],[147.767689,-34.067202],[147.784044,-34.069741],[147.780873,-34.085079],[147.771827,-34.083863],[147.7658,-34.112597],[147.766896,-34.131704],[147.759162,-34.142334],[147.744054,-34.140905],[147.718921,-34.158491],[147.70093,-34.159032],[147.690667,-34.146122],[147.67617,-34.145302],[147.665632,-34.130172],[147.63288,-34.129587],[147.630027,-34.144183],[147.580391,-34.137989],[147.584001,-34.117906],[147.554652,-34.115845],[147.495931,-34.107059],[147.488402,-34.116467],[147.480742,-34.154036],[147.472346,-34.15305],[147.46725,-34.175193],[147.476312,-34.176372],[147.47044,-34.20871],[147.388807,-34.197788],[147.390771,-34.187321],[147.300877,-34.176171],[147.296181,-34.202656],[147.284595,-34.220643],[147.30159,-34.228701],[147.297026,-34.254427],[147.283147,-34.244935],[147.271315,-34.244892],[147.264839,-34.23541],[147.254958,-34.291339],[147.129354,-34.276486],[147.124782,-34.284239],[147.119997,-34.311751],[147.107655,-34.317224],[147.07388,-34.301875],[147.047915,-34.296523],[147.018169,-34.299334],[146.991779,-34.304418],[146.979546,-34.299124],[146.934456,-34.293468],[146.913279,-34.299189],[146.911402,-34.309658],[146.825092,-34.299016],[146.823028,-34.310851],[146.795492,-34.470798],[146.835253,-34.472721],[146.911568,-34.482591],[146.888326,-34.605114],[146.876409,-34.66252],[146.843266,-34.83723],[146.846616,-34.842743],[146.835375,-34.860049],[146.831065,-34.880911],[146.84358,-34.899125],[146.813658,-34.913318],[146.784477,-34.924058],[146.779606,-34.947042],[146.804343,-34.969337],[146.807657,-34.986944],[146.7942,-35.058208],[146.784221,-35.070069],[146.778785,-35.098405],[146.761524,-35.076441],[146.688478,-35.067979],[146.662039,-35.089024],[146.634513,-35.096349],[146.615161,-35.114348],[146.563727,-35.119126],[146.535133,-35.138242],[146.451315,-35.191178],[146.389251,-35.231731],[146.386399,-35.247397],[146.413658,-35.250545],[146.403804,-35.304452],[146.392465,-35.302996],[146.388761,-35.322851],[146.372944,-35.321002],[146.364032,-35.337739],[146.354226,-35.387797],[146.364495,-35.389009],[146.374573,-35.404905],[146.428237,-35.471405],[146.470028,-35.476339],[146.491178,-35.480714],[146.540094,-35.487174],[146.554291,-35.494367],[146.669769,-35.520279],[146.662323,-35.547763],[146.672963,-35.555276],[146.701943,-35.561181],[146.796881,-35.574699],[146.798401,-35.566387],[146.871365,-35.57586],[146.888378,-35.573241],[146.890907,-35.560482],[146.910234,-35.554649],[146.953062,-35.528029],[146.970767,-35.51943],[146.991181,-35.51684],[146.993901,-35.489287],[147.016605,-35.493886],[147.071242,-35.460598],[147.073065,-35.452919],[147.087341,-35.450465],[147.121813,-35.456215],[147.124671,-35.462578],[147.157792,-35.46916],[147.16624,-35.456831],[147.184978,-35.448477],[147.194093,-35.454699],[147.195453,-35.46609],[147.226524,-35.473668],[147.238204,-35.47101],[147.246758,-35.488113],[147.263197,-35.488551],[147.279422,-35.493703],[147.283199,-35.500123],[147.303027,-35.495596],[147.341398,-35.509225],[147.363804,-35.513871],[147.383966,-35.529828],[147.387917,-35.53793],[147.382318,-35.550764],[147.395214,-35.554942],[147.419431,-35.533527],[147.438399,-35.537211],[147.456277,-35.530956],[147.480995,-35.54516],[147.488405,-35.5408],[147.501735,-35.522092],[147.498231,-35.513771],[147.518147,-35.496963],[147.525087,-35.483406],[147.535372,-35.491722],[147.553328,-35.498601],[147.556535,-35.505655],[147.581315,-35.515544],[147.600213,-35.528844],[147.607787,-35.539571],[147.63176,-35.547102],[147.645953,-35.538789],[147.666595,-35.545982],[147.681189,-35.556669],[147.685594,-35.534198],[147.738286,-35.541082],[147.736915,-35.531022],[147.755718,-35.533462],[147.754375,-35.544684],[147.79159,-35.55146],[147.812125,-35.549421],[147.845391,-35.554599],[147.855324,-35.559898],[147.872577,-35.586756],[147.88467,-35.613079],[147.89396,-35.62422],[147.884944,-35.63541],[147.87593,-35.633769],[147.833648,-35.641585],[147.821428,-35.649327],[147.801663,-35.678005],[147.804491,-35.703656],[147.813475,-35.711886],[147.807815,-35.720898],[147.819657,-35.744114],[147.813854,-35.754279],[147.812585,-35.771236],[147.801045,-35.790542],[147.786954,-35.804549],[147.772424,-35.807024],[147.774158,-35.818821],[147.761631,-35.830996],[147.760588,-35.839756],[147.740138,-35.833926],[147.714259,-35.838507],[147.702677,-35.85558],[147.707661,-35.879104],[147.691175,-35.886085],[147.696419,-35.911994],[147.687408,-35.918169],[147.693528,-35.930877],[147.68933,-35.937725],[147.708414,-35.928545],[147.741292,-35.95649],[147.757541,-35.954842],[147.777034,-35.968628],[147.79644,-35.963833],[147.811199,-35.967299],[147.817498,-35.979741],[147.832105,-35.980063],[147.84944,-35.989599],[147.872714,-35.991009],[147.884694,-35.998792],[147.912789,-35.995511],[147.916911,-36.010845],[147.912058,-36.027094],[147.923816,-36.029052],[147.92337,-36.041852],[147.949299,-36.046142],[147.97155,-36.042771],[147.996108,-36.047982],[147.999193,-36.058482],[147.991305,-36.064108],[147.980362,-36.086353],[147.99599,-36.097674],[147.990779,-36.12067],[148.000679,-36.125731],[148.004366,-36.140092],[148.014061,-36.137431],[148.033504,-36.142742],[148.02547,-36.186007],[148.034802,-36.192554],[148.040606,-36.20686],[148.026941,-36.225979],[148.034773,-36.233561],[148.02884,-36.247044],[148.038283,-36.258347],[148.0329,-36.268288],[148.036595,-36.293632],[148.042727,-36.304063],[148.035118,-36.310834],[148.050285,-36.319026],[148.055269,-36.332807],[148.038261,-36.365556],[148.043791,-36.374693],[148.049675,-36.398852],[148.057913,-36.400622],[148.058426,-36.414135],[148.080323,-36.422371],[148.086902,-36.432071],[148.087713,-36.451949],[148.121358,-36.46131],[148.126234,-36.48437],[148.118994,-36.494449],[148.128393,-36.502796],[148.131882,-36.516415],[148.139815,-36.525604],[148.124448,-36.550981],[148.13341,-36.566921],[148.151766,-36.560975],[148.165121,-36.578229],[148.178467,-36.579762],[148.203575,-36.588771],[148.217444,-36.598853],[148.210891,-36.61248],[148.219547,-36.619558],[148.208187,-36.651287],[148.189755,-36.675353],[148.185114,-36.692218],[148.139094,-36.732214],[148.134465,-36.743739],[148.120915,-36.755905],[148.104716,-36.780508],[148.108821,-36.797001],[148.120152,-36.80608],[148.126509,-36.796679],[148.144328,-36.79579],[148.156117,-36.790075],[148.169968,-36.792916],[148.186027,-36.804421],[148.200705,-36.798637],[148.201841,-36.771679],[148.211187,-36.752174],[148.231818,-36.746952],[148.240473,-36.730247],[148.235875,-36.724299],[148.238451,-36.706868],[148.251369,-36.706035],[148.254457,-36.69157],[148.246961,-36.667814],[148.239101,-36.664088],[148.245966,-36.648638],[148.249953,-36.625519],[148.257173,-36.616842],[148.275419,-36.618605],[148.289791,-36.609321],[148.304327,-36.609708],[148.303837,-36.599133],[148.28762,-36.568869],[148.270899,-36.5588],[148.268376,-36.548767],[148.250414,-36.542795],[148.261028,-36.528292],[148.247015,-36.510224],[148.259065,-36.500124],[148.259987,-36.49013],[148.273006,-36.461848],[148.26243,-36.456368],[148.270621,-36.438983],[148.289314,-36.410161],[148.328746,-36.383258],[148.332404,-36.369959],[148.342753,-36.368045],[148.351074,-36.357731],[148.357424,-36.340509],[148.373379,-36.32472],[148.374589,-36.309292],[148.368952,-36.30074],[148.372406,-36.288895],[148.396416,-36.290599],[148.410075,-36.277841],[148.415849,-36.263482],[148.428411,-36.260512],[148.43416,-36.238619],[148.427469,-36.233884],[148.425739,-36.204249],[148.434948,-36.202408],[148.438333,-36.186849],[148.428095,-36.177259],[148.440714,-36.172287],[148.452712,-36.149204],[148.460979,-36.144911],[148.454005,-36.125948],[148.478908,-36.113604],[148.476891,-36.106218],[148.512948,-36.087699],[148.526006,-36.08797],[148.5381,-36.099459],[148.561789,-36.104808],[148.565282,-36.089966],[148.55342,-36.083223],[148.570366,-36.065712],[148.55381,-36.041185],[148.560988,-36.005056],[148.557869,-35.999778],[148.538488,-35.999434],[148.514408,-35.97359],[148.498165,-35.968517],[148.494255,-35.958787],[148.470495,-35.937421],[148.471353,-35.915032],[148.462812,-35.907689],[148.444844,-35.904969],[148.438312,-35.898899],[148.440163,-35.887266],[148.450618,-35.871962],[148.452427,-35.842814],[148.468934,-35.815583],[148.479691,-35.792745],[148.494329,-35.779586],[148.503496,-35.778028],[148.508025,-35.761959],[148.51719,-35.753651],[148.530082,-35.72118],[148.547461,-35.713501],[148.551615,-35.69261],[148.566902,-35.686746],[148.569175,-35.66538],[148.580657,-35.659032],[148.58035,-35.640017],[148.586204,-35.633015],[148.580057,-35.621815],[148.592532,-35.616407],[148.609707,-35.616867],[148.624153,-35.638908],[148.6447,-35.652666],[148.667952,-35.66048],[148.677681,-35.656378],[148.719968,-35.667395],[148.740895,-35.68419],[148.753532,-35.687802],[148.757547,-35.69916],[148.766595,-35.702813],[148.782028,-35.736648],[148.793995,-35.724071],[148.801854,-35.722765],[148.802251,-35.718344],[148.803349,-35.714606],[148.804147,-35.714019],[148.796283,-35.709352],[148.788442,-35.697807],[148.791397,-35.693321],[148.791376,-35.689646],[148.797502,-35.680426],[148.798448,-35.666596],[148.790554,-35.65932],[148.773502,-35.655502],[148.771361,-35.645858],[148.770858,-35.640034],[148.780379,-35.633002],[148.783442,-35.62851],[148.779622,-35.623739],[148.780622,-35.620337],[148.779064,-35.614799],[148.772666,-35.609442],[148.768434,-35.603306],[148.772163,-35.601398],[148.774518,-35.597999],[148.783191,-35.595406],[148.788773,-35.58834],[148.786124,-35.582474],[148.782556,-35.581253],[148.77294,-35.567798],[148.777949,-35.55852],[148.769407,-35.543692],[148.772248,-35.529852],[148.767972,-35.524979],[148.765188,-35.50527],[148.76279,-35.495499],[148.774381,-35.486145],[148.77025,-35.478545],[148.770561,-35.475606],[148.766846,-35.471195],[148.766742,-35.467181],[148.767152,-35.465494],[148.772877,-35.462391],[148.775985,-35.454887],[148.774841,-35.441835],[148.788916,-35.426495],[148.790158,-35.41565],[148.786287,-35.412791],[148.785794,-35.408911],[148.795976,-35.406637],[148.795687,-35.393003],[148.80361,-35.38882],[148.80866,-35.382455],[148.808632,-35.380665],[148.805298,-35.378914],[148.804064,-35.376204],[148.805696,-35.365156],[148.799553,-35.358972],[148.793547,-35.339122],[148.810133,-35.307449],[149.091338,-35.142084],[149.093152,-35.138737],[149.102574,-35.135224],[149.113387,-35.127539],[149.118076,-35.126527],[149.127186,-35.125622],[149.127163,-35.12572],[149.138986,-35.127983],[149.138825,-35.13479],[149.144875,-35.134429],[149.149612,-35.138406],[149.149293,-35.141825],[149.146726,-35.144553],[149.156072,-35.144432],[149.15917,-35.1416],[149.164278,-35.141905],[149.163178,-35.146766],[149.165215,-35.150141],[149.16243,-35.153764],[149.167626,-35.15824],[149.176539,-35.158247],[149.185606,-35.161122],[149.189073,-35.165524],[149.183641,-35.175669],[149.196375,-35.188447],[149.189542,-35.203324],[149.200702,-35.205411],[149.213205,-35.200548],[149.231572,-35.183564],[149.254565,-35.181838],[149.272422,-35.176775],[149.294466,-35.175134],[149.328084,-35.154215],[149.347879,-35.11941],[149.363387,-35.112627],[149.376162,-35.095307],[149.373419,-35.062902],[149.379915,-35.007109],[149.38799,-34.979272],[149.406654,-34.962493],[149.422659,-34.929875],[149.428791,-34.926166],[149.447813,-34.927857],[149.455029,-34.911692],[149.488522,-34.916068],[149.490968,-34.902197],[149.521342,-34.907129],[149.523385,-34.892922],[149.536311,-34.875744],[149.52229,-34.868065],[149.504845,-34.865541],[149.497958,-34.851416],[149.487368,-34.858049],[149.470466,-34.858319],[149.472058,-34.849357],[149.489413,-34.848722],[149.503251,-34.828133],[149.498749,-34.790411],[149.508237,-34.736149],[149.516096,-34.733149],[149.520222,-34.711752],[149.529658,-34.712179],[149.525556,-34.695678],[149.515888,-34.681115],[149.504738,-34.679872],[149.495332,-34.668034],[149.507006,-34.662066],[149.523659,-34.663518],[149.520353,-34.645136],[149.548586,-34.625704],[149.557194,-34.604548],[149.570104,-34.6107],[149.588338,-34.613099],[149.589059,-34.627271],[149.603768,-34.629523],[149.605307,-34.64304],[149.618056,-34.644725],[149.622309,-34.620513],[149.633537,-34.606201],[149.637022,-34.591515],[149.655421,-34.585867],[149.660748,-34.558604],[149.68646,-34.559147],[149.697639,-34.563399],[149.69959,-34.548699],[149.726021,-34.556946],[149.72337,-34.568247],[149.756725,-34.569223],[149.761389,-34.57731],[149.751725,-34.596673],[149.779074,-34.602766],[149.813741,-34.605102],[149.810618,-34.620978],[149.793149,-34.650146],[149.817195,-34.6532],[149.819989,-34.638517],[149.855028,-34.643461],[149.860189,-34.61572],[149.82406,-34.618624],[149.827614,-34.601038],[149.859981,-34.60619],[149.885995,-34.623835],[149.896544,-34.619348],[149.940273,-34.62531],[149.94944,-34.63015],[149.984211,-34.631041],[149.991419,-34.623433],[150.008403,-34.618891],[150.063435,-34.616134],[150.066254,-34.602894],[150.081995,-34.602529],[150.089062,-34.59609],[150.082942,-34.582311]]]},"bbox":[146.354226,-36.80608,150.122261,-33.525513]},
{"properties":{"electorateShortName":"robertson","electorateName":"Robertson","area":938.68,"state":"NSW"},"type":"Feature","geometry":{"type":"Polygon","coordinates":[[[151.3352,-33.5822],[151.348535,-33.539918],[151.370241,-33.528967],[151.38474,-33.530278],[151.391571,-33.523077],[151.404889,-33.528724],[151.421471,-33.51843],[151.418963,-33.510806],[151.442572,-33.481745],[151.435561,-33.466388],[151.444331,-33.456617],[151.443595,-33.442565],[151.449605,-33.429352],[151.438677,-33.422679],[151.414406,-33.427199],[151.39507,-33.427578],[151.390708,-33.422519],[151.34508,-33.412419],[151.343542,-33.395501],[151.354362,-33.383311],[151.371765,-33.38088],[151.376638,-33.371292],[151.329939,-33.364503],[151.302593,-33.36238],[151.295728,-33.351467],[151.302527,-33.328444],[151.296322,-33.322193],[151.279948,-33.319933],[151.282875,-33.29596],[151.264766,-33.285505],[151.26309,-33.275289],[151.252651,-33.258596],[151.299131,-33.262361],[151.286766,-33.253126],[151.28351,-33.238654],[151.254989,-33.235193],[151.258392,-33.219318],[151.239802,-33.215164],[151.208269,-33.203652],[151.215835,-33.188713],[151.223056,-33.189733],[151.224534,-33.163825],[151.209288,-33.14745],[151.207311,-33.13327],[151.202626,-33.13886],[151.162,-33.123812],[151.151993,-33.114222],[151.135527,-33.110401],[151.116986,-33.124815],[151.107692,-33.127955],[151.099671,-33.144458],[151.10582,-33.151514],[151.100964,-33.162629],[151.096711,-33.193462],[151.098677,-33.22073],[151.106299,-33.22835],[151.098213,-33.257092],[151.089995,-33.268492],[151.095188,-33.303085],[151.090244,-33.324986],[151.081096,-33.334326],[151.069965,-33.332963],[151.064369,-33.341887],[151.051469,-33.34089],[151.018358,-33.3536],[150.999641,-33.351156],[150.984146,-33.371598],[150.988457,-33.379232],[150.993367,-33.397455],[151.0026,-33.401579],[151.01766,-33.400094],[151.032748,-33.406351],[151.03233,-33.427343],[151.045882,-33.431075],[151.05257,-33.44112],[151.062181,-33.442013],[151.063987,-33.454504],[151.071362,-33.461391],[151.08229,-33.451135],[151.086202,-33.469627],[151.093559,-33.48074],[151.103296,-33.482514],[151.114089,-33.467592],[151.124807,-33.464472],[151.145295,-33.472193],[151.157741,-33.496559],[151.158792,-33.517262],[151.16873,-33.521295],[151.17654,-33.506317],[151.186379,-33.510212],[151.194585,-33.538259],[151.207769,-33.540864],[151.2305,-33.535448],[151.24875,-33.541251],[151.239819,-33.560895],[151.251151,-33.577001],[151.260413,-33.579351],[151.284798,-33.572214],[151.302304,-33.573509],[151.310802,-33.579452],[151.328127,-33.578163],[151.3352,-33.5822]]]},"bbox":[150.984146,-33.5822,151.449605,-33.110401]},
{"properties":{"electorateShortName":"shortland","electorateName":"Shortland","area":204.13,"state":"NSW"},"type":"Feature","geometry":{"type":"Polygon","coordinates":[[[151.565085,-33.247326],[151.573884,-33.233899],[151.599754,-33.210699],[151.616376,-33.202409],[151.629258,-33.187147],[151.636112,-33.161548],[151.629697,-33.155562],[151.64455,-33.137512],[151.646057,-33.11576],[151.652298,-33.102613],[151.665423,-33.090256],[151.657554,-33.073647],[151.668856,-33.051945],[151.681834,-33.039898],[151.730916,-33.005938],[151.726931,-32.978167],[151.737915,-32.962947],[151.729059,-32.955082],[151.684621,-32.948468],[151.684951,-32.938301],[151.671396,-32.935354],[151.659364,-32.925125],[151.640251,-32.919863],[151.624562,-32.931353],[151.614129,-32.955406],[151.615194,-32.966738],[151.630643,-32.981747],[151.624284,-32.991715],[151.628266,-33.00341],[151.618502,-33.013429],[151.622999,-33.029697],[151.633277,-33.041009],[151.63212,-33.051244],[151.621714,-33.065788],[151.6221,-33.081948],[151.613877,-33.090566],[151.589725,-33.081409],[151.575208,-33.090243],[151.572767,-33.122132],[151.555294,-33.126872],[151.532684,-33.140792],[151.526221,-33.157532],[151.527571,-33.180086],[151.51551,-33.18395],[151.51218,-33.194307],[151.5227,-33.199574],[151.508896,-33.216175],[151.527986,-33.244476],[151.549461,-33.240454],[151.565085,-33.247326]]]},"bbox":[151.508896,-33.247326,151.737915,-32.919863]},
{"properties":{"electorateShortName":"sydney","electorateName":"Sydney","area":44.69,"state":"NSW"},"type":"Feature","geometry":{"type":"MultiPolygon","coordinates":[[[[151.215031,-33.900896],[151.218198,-33.885041],[151.212848,-33.871801],[151.223278,-33.866642],[151.22665,-33.854461],[151.191549,-33.84953],[151.187207,-33.844913],[151.159279,-33.845383],[151.163587,-33.854725],[151.142072,-33.870421],[151.152122,-33.874781],[151.174978,-33.872667],[151.171947,-33.894771],[151.181554,-33.906851],[151.180834,-33.919165],[151.211162,-33.923502],[151.215031,-33.900896]]],[[[159.105442,-31.563886],[159.104191,-31.558116],[159.081913,-31.539767],[159.072545,-31.517894],[159.056995,-31.519772],[159.077238,-31.543533],[159.075625,-31.569221],[159.068986,-31.577829],[159.067234,-31.591115],[159.081303,-31.590817],[159.095709,-31.566736],[159.105442,-31.563886]]]]},"bbox":[151.142072,-33.923502,159.105442,-31.517894]},
{"properties":{"electorateShortName":"warringah","electorateName":"Warringah","area":51.49,"state":"NSW"},"type":"Feature","geometry":{"type":"Polygon","coordinates":[[[151.290672,-33.828322],[151.301529,-33.823317],[151.307595,-33.807763],[151.288179,-33.795086],[151.292959,-33.773661],[151.299538,-33.767132],[151.279336,-33.765735],[151.274556,-33.755306],[151.234471,-33.752223],[151.232842,-33.764364],[151.2383,-33.778678],[151.230948,-33.784291],[151.234028,-33.814165],[151.214088,-33.815751],[151.19826,-33.825088],[151.189155,-33.831219],[151.187207,-33.844913],[151.191549,-33.84953],[151.22665,-33.854461],[151.250617,-33.85728],[151.281141,-33.823585],[151.290672,-33.828322]]]},"bbox":[151.187207,-33.85728,151.307595,-33.752223]},
{"properties":{"electorateShortName":"watson","electorateName":"Watson","area":50.5,"state":"NSW"},"type":"Feature","geometry":{"type":"Polygon","coordinates":[[[151.117138,-33.91335],[151.109992,-33.903214],[151.089427,-33.900708],[151.091508,-33.887654],[151.087733,-33.892706],[151.068876,-33.884497],[151.039409,-33.887699],[151.035036,-33.898755],[151.011422,-33.896285],[151.001676,-33.903873],[150.986888,-33.893462],[150.973326,-33.889429],[150.968663,-33.896735],[150.979445,-33.906353],[150.973705,-33.916751],[150.97899,-33.929267],[150.998038,-33.931445],[151.017983,-33.938396],[151.026504,-33.934021],[151.072388,-33.929428],[151.117138,-33.91335]]]},"bbox":[150.968663,-33.938396,151.117138,-33.884497]},
{"properties":{"electorateShortName":"wentworth","electorateName":"Wentworth","area":31.23,"state":"NSW"},"type":"Feature","geometry":{"type":"Polygon","coordinates":[[[151.290672,-33.828322],[151.281141,-33.823585],[151.250617,-33.85728],[151.22665,-33.854461],[151.223278,-33.866642],[151.212848,-33.871801],[151.218198,-33.885041],[151.215031,-33.900896],[151.236526,-33.912005],[151.262396,-33.916745],[151.27494,-33.893234],[151.286014,-33.886101],[151.282829,-33.862556],[151.287848,-33.850202],[151.280955,-33.832769],[151.290672,-33.828322]]]},"bbox":[151.212848,-33.916745,151.290672,-33.823585]},
{"properties":{"electorateShortName":"werriwa","electorateName":"Werriwa","area":110.83,"state":"NSW"},"type":"Feature","geometry":{"type":"Polygon","coordinates":[[[150.918369,-33.939036],[150.904292,-33.938185],[150.904129,-33.915252],[150.894981,-33.898969],[150.881878,-33.888583],[150.853868,-33.88378],[150.842448,-33.876249],[150.821465,-33.880394],[150.795419,-33.880866],[150.767908,-33.875728],[150.771098,-33.896412],[150.755458,-33.911155],[150.756669,-33.927487],[150.752163,-33.9364],[150.758915,-33.944075],[150.822564,-33.951998],[150.841261,-33.956162],[150.849889,-33.977316],[150.856473,-33.97473],[150.88008,-33.963815],[150.898727,-33.966366],[150.908638,-33.958394],[150.918369,-33.939036]]]},"bbox":[150.752163,-33.977316,150.918369,-33.875728]},
{"properties":{"electorateShortName":"whitlam","electorateName":"Whitlam","area":2995.61,"state":"NSW"},"type":"Feature","geometry":{"type":"Polygon","coordinates":[[[150.860886,-34.627883],[150.855549,-34.615623],[150.865212,-34.605193],[150.877248,-34.60675],[150.904456,-34.596968],[150.87492,-34.589021],[150.869104,-34.573328],[150.87025,-34.549011],[150.874841,-34.542305],[150.868822,-34.525597],[150.873367,-34.499017],[150.870808,-34.492025],[150.856149,-34.484348],[150.830966,-34.490359],[150.823834,-34.480531],[150.831977,-34.473542],[150.830634,-34.463523],[150.814883,-34.461801],[150.798363,-34.450307],[150.78477,-34.448065],[150.760032,-34.449966],[150.747162,-34.461249],[150.717595,-34.45478],[150.701766,-34.443988],[150.689634,-34.441706],[150.745677,-34.337416],[150.601549,-34.314359],[150.581021,-34.317478],[150.565677,-34.323408],[150.563079,-34.297483],[150.541769,-34.29449],[150.551371,-34.2669],[150.547994,-34.264424],[150.509642,-34.25943],[150.442084,-34.24843],[150.357227,-34.236925],[150.352941,-34.234731],[150.271555,-34.2227],[150.260959,-34.215134],[150.25405,-34.225259],[150.232692,-34.229037],[150.230708,-34.246921],[150.222686,-34.274638],[150.213026,-34.279251],[150.208248,-34.29412],[150.197015,-34.304104],[150.178057,-34.307803],[150.156949,-34.305789],[150.153057,-34.2975],[150.140897,-34.299334],[150.126532,-34.293122],[150.117145,-34.282811],[150.096241,-34.277043],[150.091336,-34.266435],[150.080206,-34.272141],[150.059231,-34.267018],[150.049718,-34.273264],[150.022123,-34.270089],[150.023589,-34.262406],[149.997166,-34.259263],[149.988788,-34.273919],[149.988102,-34.297734],[149.975285,-34.297701],[149.96518,-34.31243],[149.967914,-34.325623],[149.985818,-34.34457],[149.995591,-34.346378],[150.005888,-34.359282],[150.018796,-34.367449],[150.037847,-34.354503],[150.044273,-34.360769],[150.073876,-34.356113],[150.088824,-34.346653],[150.111026,-34.367494],[150.122261,-34.373719],[150.106718,-34.389737],[150.115681,-34.410168],[150.098189,-34.432841],[150.087948,-34.433046],[150.084285,-34.445725],[150.064451,-34.457903],[150.058462,-34.471926],[150.072227,-34.472561],[150.067519,-34.483943],[150.071793,-34.494041],[150.083235,-34.495625],[150.092955,-34.510536],[150.077932,-34.517359],[150.062873,-34.517621],[150.045488,-34.527401],[150.049994,-34.536259],[150.065079,-34.545566],[150.079918,-34.546079],[150.089525,-34.552867],[150.093886,-34.573938],[150.082942,-34.582311],[150.097481,-34.597398],[150.091331,-34.615387],[150.099629,-34.627263],[150.078388,-34.639572],[150.081541,-34.649351],[150.098483,-34.655064],[150.092571,-34.680435],[150.112608,-34.68363],[150.116738,-34.699591],[150.143399,-34.702748],[150.141094,-34.715296],[150.170697,-34.719616],[150.178459,-34.728125],[150.169182,-34.769189],[150.180369,-34.764717],[150.194342,-34.751262],[150.202535,-34.757018],[150.216106,-34.747265],[150.256727,-34.741415],[150.270408,-34.732832],[150.29312,-34.736438],[150.301885,-34.733907],[150.325621,-34.744171],[150.33353,-34.752388],[150.338408,-34.748354],[150.35873,-34.748311],[150.37784,-34.736644],[150.388709,-34.714101],[150.405853,-34.701211],[150.424718,-34.697764],[150.433291,-34.68976],[150.451792,-34.691769],[150.469216,-34.678192],[150.498253,-34.681892],[150.504252,-34.666829],[150.548328,-34.650451],[150.562864,-34.651618],[150.566207,-34.674203],[150.56211,-34.681942],[150.568456,-34.69652],[150.579649,-34.693488],[150.576376,-34.669631],[150.590467,-34.658718],[150.623283,-34.644297],[150.642787,-34.624886],[150.654761,-34.624469],[150.666625,-34.611709],[150.700452,-34.604969],[150.758131,-34.613022],[150.768286,-34.598949],[150.790172,-34.602266],[150.795873,-34.614609],[150.793003,-34.628734],[150.796952,-34.641328],[150.807979,-34.642745],[150.832741,-34.6389],[150.835945,-34.632892],[150.860886,-34.627883]]]},"bbox":[149.96518,-34.769189,150.904456,-34.215134]},
{"properties":{"electorateShortName":"brand","electorateName":"Brand","area":308.97,"state":"WA"},"type":"Feature","geometry":{"type":"MultiPolygon","coordinates":[[[[115.884484,-32.236504],[115.885334,-32.203956],[115.896977,-32.202241],[115.898546,-32.180241],[115.774924,-32.181389],[115.772648,-32.200397],[115.755697,-32.223666],[115.75989,-32.236549],[115.755206,-32.251149],[115.740579,-32.266435],[115.722401,-32.276931],[115.705816,-32.275871],[115.701971,-32.282413],[115.701554,-32.305276],[115.729448,-32.309608],[115.740966,-32.323659],[115.743495,-32.34405],[115.739373,-32.358297],[115.73157,-32.366003],[115.712858,-32.370174],[115.737711,-32.395474],[115.771468,-32.395485],[115.776748,-32.382958],[115.801012,-32.389989],[115.818899,-32.385915],[115.835578,-32.386815],[115.835589,-32.378901],[115.852208,-32.368682],[115.855165,-32.346348],[115.875213,-32.332602],[115.88973,-32.292138],[115.876778,-32.281802],[115.885737,-32.265131],[115.884484,-32.236504]]],[[[115.700388,-32.22636],[115.68917,-32.216215],[115.674959,-32.184634],[115.677182,-32.172242],[115.669118,-32.15602],[115.660534,-32.156225],[115.660053,-32.173632],[115.669762,-32.19499],[115.67096,-32.21238],[115.677048,-32.225556],[115.686935,-32.232409],[115.700388,-32.22636]]]]},"bbox":[115.660053,-32.395485,115.898546,-32.15602]},
{"properties":{"electorateShortName":"bullwinkel","electorateName":"Bullwinkel","area":9508.41,"state":"WA"},"type":"Feature","geometry":{"type":"Polygon","coordinates":[[[116.189554,-32.287428],[116.224901,-32.235885],[116.383953,-32.23644],[116.383807,-32.357441],[116.6151,-32.357565],[116.625122,-32.353153],[116.666036,-32.356596],[116.690232,-32.348615],[116.724612,-32.348373],[116.759797,-32.333333],[116.78391,-32.333319],[116.778349,-32.318363],[116.79674,-32.309438],[116.798114,-32.301261],[116.818774,-32.293729],[116.824193,-32.276818],[116.83384,-32.272927],[116.833937,-32.258218],[116.989488,-32.258234],[117.00859,-32.263264],[117.014228,-32.272758],[117.040474,-32.261495],[117.044057,-32.267522],[117.06305,-32.259735],[117.068947,-32.270009],[117.095448,-32.25983],[117.111117,-32.261941],[117.139457,-32.258447],[117.190984,-32.257245],[117.192017,-32.245475],[117.201622,-32.240047],[117.233848,-32.240197],[117.239618,-32.231688],[117.239607,-32.214391],[117.247188,-32.211042],[117.239223,-32.198002],[117.247049,-32.179319],[117.238127,-32.165009],[117.238752,-32.119495],[117.225489,-32.119562],[117.227063,-32.097171],[117.232788,-32.092708],[117.23093,-32.072815],[117.238405,-32.067778],[117.230304,-32.05421],[117.227493,-32.038928],[117.216416,-32.035763],[117.195166,-32.006753],[117.17724,-32.002895],[117.172376,-31.994796],[117.143838,-31.982063],[117.128227,-31.980184],[117.119423,-31.986422],[117.099605,-31.981831],[117.087635,-31.959506],[117.099578,-31.954395],[117.105095,-31.945026],[117.096419,-31.930533],[117.141773,-31.910577],[117.126216,-31.891042],[117.11098,-31.885316],[117.141397,-31.871792],[117.135624,-31.862589],[117.158314,-31.856642],[117.134159,-31.817336],[117.123759,-31.799935],[117.106657,-31.807251],[117.075297,-31.797788],[117.057647,-31.770087],[117.020857,-31.784291],[117.014163,-31.783933],[117.004923,-31.767215],[116.989337,-31.761261],[116.957017,-31.708255],[116.943549,-31.690709],[116.961452,-31.68298],[116.912775,-31.60647],[116.886001,-31.560855],[116.874875,-31.53373],[116.862251,-31.538995],[116.85717,-31.530055],[116.86034,-31.519217],[116.850748,-31.493356],[116.829229,-31.50238],[116.818969,-31.484561],[116.788988,-31.496533],[116.783691,-31.49495],[116.762718,-31.50384],[116.749725,-31.501868],[116.742497,-31.489019],[116.731427,-31.488814],[116.705684,-31.499139],[116.696136,-31.492863],[116.680426,-31.497283],[116.674574,-31.486892],[116.660768,-31.495075],[116.650585,-31.488068],[116.600232,-31.509432],[116.594758,-31.495511],[116.597681,-31.47274],[116.604068,-31.455263],[116.598283,-31.43642],[116.59775,-31.415594],[116.591697,-31.405066],[116.597809,-31.395178],[116.625346,-31.273595],[116.613978,-31.278721],[116.568785,-31.311746],[116.547855,-31.276656],[116.498913,-31.298133],[116.492122,-31.286687],[116.449266,-31.305545],[116.440235,-31.291241],[116.40254,-31.307601],[116.360671,-31.236504],[116.308167,-31.236653],[116.245005,-31.23057],[116.245571,-31.354112],[116.16518,-31.354327],[116.165808,-31.527666],[116.150741,-31.527592],[116.150727,-31.600179],[116.131793,-31.600297],[116.131737,-31.625768],[116.148768,-31.625783],[116.148679,-31.667658],[116.099034,-31.695844],[116.107807,-31.712062],[116.095581,-31.712055],[116.094234,-31.742279],[116.094392,-31.786194],[116.088844,-31.792773],[116.089158,-31.831994],[116.065838,-31.84748],[116.054727,-31.845973],[116.028346,-31.870538],[116.027667,-31.892975],[116.014539,-31.916147],[115.991929,-31.917633],[115.995404,-31.928257],[115.988143,-31.946293],[115.979754,-31.98141],[115.985296,-31.987287],[115.974056,-32.003538],[115.989391,-32.013952],[115.994652,-32.009457],[116.008472,-32.031891],[116.015115,-32.054704],[116.001789,-32.069189],[116.012362,-32.076186],[116.018056,-32.089827],[116.01304,-32.09736],[116.017635,-32.120504],[116.017283,-32.141366],[116.021034,-32.149017],[116.015132,-32.170899],[116.015908,-32.192292],[116.023783,-32.205072],[116.053884,-32.207531],[116.067469,-32.21262],[116.10974,-32.212605],[116.112681,-32.231554],[116.11299,-32.287588],[116.189554,-32.287428]]]},"bbox":[115.974056,-32.357565,117.247188,-31.23057]},
{"properties":{"electorateShortName":"burt","electorateName":"Burt","area":221.82,"state":"WA"},"type":"Feature","geometry":{"type":"Polygon","coordinates":[[[116.015908,-32.192292],[116.015132,-32.170899],[116.021034,-32.149017],[116.017283,-32.141366],[116.017635,-32.120504],[116.01304,-32.09736],[116.018056,-32.089827],[116.012362,-32.076186],[116.001789,-32.069189],[116.015115,-32.054704],[116.008472,-32.031891],[115.994652,-32.009457],[115.989391,-32.013952],[115.974056,-32.003538],[115.971607,-32.024644],[115.957459,-32.038399],[115.931407,-32.053788],[115.941724,-32.07354],[115.951618,-32.082767],[115.916173,-32.115337],[115.897381,-32.136348],[115.898546,-32.180241],[115.896977,-32.202241],[115.885334,-32.203956],[115.884484,-32.236504],[115.924287,-32.237355],[115.973139,-32.235719],[115.973198,-32.240448],[116.005796,-32.241225],[116.011259,-32.205809],[116.015908,-32.192292]]]},"bbox":[115.884484,-32.241225,116.021034,-32.003538]},
{"properties":{"electorateShortName":"canning","electorateName":"Canning","area":3607.65,"state":"WA"},"type":"Feature","geometry":{"type":"Polygon","coordinates":[[[116.179953,-32.94311],[116.178224,-32.803244],[116.187524,-32.80321],[116.187582,-32.78174],[116.225839,-32.791877],[116.225976,-32.755899],[116.205982,-32.755436],[116.20635,-32.6752],[116.259683,-32.674704],[116.259679,-32.389885],[116.231005,-32.356134],[116.225239,-32.342503],[116.1959,-32.294873],[116.189554,-32.287428],[116.11299,-32.287588],[116.112681,-32.231554],[116.10974,-32.212605],[116.067469,-32.21262],[116.053884,-32.207531],[116.023783,-32.205072],[116.015908,-32.192292],[116.011259,-32.205809],[116.005796,-32.241225],[115.973198,-32.240448],[115.973139,-32.235719],[115.924287,-32.237355],[115.884484,-32.236504],[115.885737,-32.265131],[115.876778,-32.281802],[115.88973,-32.292138],[115.875213,-32.332602],[115.855165,-32.346348],[115.852208,-32.368682],[115.835589,-32.378901],[115.835578,-32.386815],[115.818899,-32.385915],[115.801012,-32.389989],[115.776748,-32.382958],[115.771468,-32.395485],[115.737711,-32.395474],[115.74596,-32.408679],[115.750188,-32.43962],[115.746323,-32.475558],[115.7379,-32.501939],[115.72363,-32.520052],[115.695266,-32.524941],[115.686351,-32.541411],[115.654946,-32.578735],[115.632832,-32.594306],[115.623776,-32.616486],[115.615019,-32.653169],[115.608247,-32.666719],[115.606972,-32.684929],[115.613787,-32.705727],[115.621946,-32.764802],[115.628623,-32.793323],[115.632637,-32.833887],[115.652847,-32.895228],[115.65846,-32.933052],[115.687064,-32.933073],[115.708281,-32.929315],[115.719586,-32.921075],[115.763772,-32.921983],[115.763787,-32.929977],[115.780777,-32.936556],[115.813082,-32.93651],[115.812876,-32.925917],[115.852993,-32.931366],[115.868036,-32.942221],[115.874544,-32.93805],[115.924421,-32.938124],[115.94005,-32.941049],[115.956378,-32.93294],[115.993463,-32.933332],[116.000324,-32.939882],[116.021619,-32.935821],[116.136581,-32.934869],[116.163983,-32.933621],[116.179953,-32.94311]]]},"bbox":[115.606972,-32.94311,116.259683,-32.192292]},
{"properties":{"electorateShortName":"cowan","electorateName":"Cowan","area":107.64,"state":"WA"},"type":"Feature","geometry":{"type":"Polygon","coordinates":[[[115.927113,-31.795677],[115.861806,-31.795592],[115.850006,-31.790061],[115.808556,-31.783339],[115.819625,-31.805375],[115.820852,-31.820103],[115.784171,-31.82341],[115.795193,-31.841429],[115.800987,-31.858072],[115.800666,-31.882382],[115.816163,-31.889768],[115.850514,-31.888917],[115.880913,-31.890268],[115.888988,-31.887452],[115.879575,-31.879538],[115.87829,-31.867862],[115.917501,-31.866518],[115.917312,-31.828332],[115.915256,-31.804942],[115.927113,-31.795677]]]},"bbox":[115.784171,-31.890268,115.927113,-31.783339]},
{"properties":{"electorateShortName":"curtin","electorateName":"Curtin","area":91.72,"state":"WA"},"type":"Feature","geometry":{"type":"Polygon","coordinates":[[[115.838086,-31.991159],[115.819685,-31.962606],[115.843989,-31.941421],[115.824917,-31.920735],[115.820995,-31.902355],[115.804969,-31.894477],[115.800677,-31.882535],[115.787165,-31.882488],[115.771078,-31.873997],[115.751811,-31.873396],[115.755236,-31.902835],[115.754246,-31.973838],[115.749997,-31.996945],[115.750871,-32.021603],[115.775886,-32.026464],[115.786641,-32.007172],[115.817888,-32.014201],[115.82296,-32.001451],[115.838086,-31.991159]]]},"bbox":[115.749997,-32.026464,115.843989,-31.873396]},
{"properties":{"electorateShortName":"durack","electorateName":"Durack","area":1410946.74,"state":"WA"},"type":"Feature","geometry":{"type":"MultiPolygon","coordinates":[[[[129.000535,-23.440312],[129.000483,-19.018525],[129.00044,-15.387439],[129.001242,-14.879473],[128.932319,-14.870796],[128.90806,-14.856078],[128.876533,-14.857434],[128.859573,-14.861713],[128.83179,-14.859459],[128.816514,-14.851588],[128.802917,-14.849023],[128.76799,-14.836922],[128.738228,-14.839079],[128.728796,-14.831435],[128.720619,-14.817844],[128.693078,-14.799552],[128.681298,-14.796021],[128.654434,-14.795331],[128.636171,-14.788501],[128.627874,-14.798952],[128.603464,-14.804782],[128.582714,-14.797122],[128.578404,-14.790602],[128.558325,-14.781282],[128.542665,-14.770512],[128.528475,-14.779962],[128.506635,-14.781042],[128.485125,-14.791381],[128.475265,-14.786151],[128.465935,-14.799691],[128.449195,-14.804051],[128.436395,-14.812151],[128.430485,-14.803551],[128.417385,-14.797401],[128.393426,-14.80445],[128.379916,-14.81628],[128.380945,-14.8234],[128.395465,-14.821751],[128.416925,-14.833341],[128.439065,-14.851941],[128.459555,-14.882182],[128.477134,-14.911612],[128.470014,-14.925942],[128.474854,-14.940992],[128.487014,-14.956962],[128.507784,-14.973742],[128.517723,-14.997952],[128.503323,-14.991252],[128.501724,-14.978472],[128.473884,-14.956702],[128.443184,-14.916712],[128.421665,-14.881731],[128.403665,-14.877271],[128.417765,-14.904322],[128.415535,-14.914262],[128.419215,-14.927722],[128.432844,-14.956352],[128.438024,-14.974452],[128.455874,-14.995642],[128.448614,-15.002052],[128.429984,-14.980532],[128.421345,-14.955082],[128.401045,-14.938512],[128.387845,-14.921751],[128.368655,-14.889931],[128.354835,-14.887401],[128.355115,-14.944922],[128.349105,-14.967962],[128.353965,-14.975092],[128.387495,-14.997802],[128.407015,-15.024712],[128.373085,-14.996852],[128.359485,-14.995342],[128.359255,-15.012942],[128.364115,-15.040862],[128.370835,-15.058952],[128.362575,-15.064482],[128.357245,-15.045262],[128.350275,-15.034972],[128.342625,-15.007152],[128.328045,-14.974102],[128.323066,-14.933171],[128.313916,-14.925681],[128.295856,-14.937371],[128.292496,-14.966752],[128.314716,-14.995872],[128.331196,-15.035402],[128.319916,-15.028262],[128.307286,-14.994602],[128.289216,-14.974082],[128.273256,-14.983062],[128.265466,-14.982582],[128.228166,-15.003152],[128.220916,-15.024163],[128.199067,-15.070803],[128.194027,-15.093513],[128.197727,-15.101883],[128.210047,-15.112413],[128.221067,-15.130853],[128.224037,-15.165443],[128.220238,-15.203753],[128.239588,-15.247524],[128.271008,-15.271304],[128.290188,-15.295864],[128.300757,-15.319724],[128.298498,-15.347634],[128.292298,-15.363675],[128.295269,-15.401315],[128.304928,-15.410145],[128.298099,-15.454555],[128.290419,-15.448665],[128.296389,-15.435335],[128.289299,-15.419505],[128.281309,-15.390565],[128.277858,-15.361165],[128.281608,-15.345915],[128.277538,-15.338225],[128.256028,-15.316375],[128.258018,-15.306325],[128.238369,-15.289115],[128.232788,-15.279945],[128.211509,-15.260584],[128.188169,-15.228784],[128.163639,-15.208394],[128.144099,-15.199874],[128.128299,-15.183684],[128.118499,-15.193044],[128.11193,-15.213034],[128.11164,-15.239254],[128.100201,-15.250185],[128.11613,-15.260055],[128.12529,-15.278725],[128.128171,-15.291725],[128.128081,-15.330036],[128.12313,-15.351506],[128.12471,-15.375356],[128.11867,-15.415576],[128.11433,-15.427996],[128.10145,-15.448756],[128.0964,-15.467166],[128.06812,-15.492076],[128.05376,-15.498816],[128.01842,-15.501776],[128.0224,-15.495236],[128.05241,-15.479496],[128.07736,-15.433896],[128.08936,-15.390305],[128.08663,-15.366225],[128.067131,-15.335325],[128.066031,-15.312265],[128.059421,-15.301175],[128.072821,-15.298605],[128.082401,-15.285745],[128.092781,-15.281025],[128.084211,-15.263375],[128.089141,-15.249144],[128.087771,-15.237614],[128.080821,-15.227874],[128.09167,-15.214224],[128.09161,-15.189594],[128.097459,-15.178414],[128.097609,-15.164854],[128.084939,-15.155214],[128.080908,-15.140174],[128.082688,-15.127634],[128.074948,-15.103994],[128.078698,-15.090334],[128.091768,-15.077594],[128.094697,-15.067874],[128.103087,-15.064504],[128.094407,-15.044714],[128.100067,-15.011153],[128.113357,-14.993273],[128.114297,-14.965023],[128.108647,-14.953473],[128.110816,-14.936302],[128.123746,-14.902],[128.139096,-14.870769],[128.122946,-14.87104],[128.118506,-14.86134],[128.135296,-14.853389],[128.143736,-14.845469],[128.157696,-14.840559],[128.170356,-14.841288],[128.191986,-14.837188],[128.193996,-14.828048],[128.181396,-14.811718],[128.175206,-14.791808],[128.183477,-14.756009],[128.183877,-14.744259],[128.200627,-14.737549],[128.214957,-14.753988],[128.215417,-14.726188],[128.219167,-14.715688],[128.197257,-14.706568],[128.184217,-14.714649],[128.161137,-14.708009],[128.155127,-14.70278],[128.147427,-14.683759],[128.137237,-14.67762],[128.130907,-14.66414],[128.118857,-14.65697],[128.086867,-14.64621],[128.073146,-14.6518],[128.067126,-14.647029],[128.069336,-14.620711],[128.060766,-14.616262],[128.043236,-14.593135],[128.014096,-14.569825],[128.002266,-14.568985],[127.991066,-14.556724],[127.989706,-14.574345],[127.962707,-14.590376],[127.952637,-14.586036],[127.953527,-14.570555],[127.940657,-14.567665],[127.931777,-14.556775],[127.936407,-14.535094],[127.943436,-14.522254],[127.929266,-14.502854],[127.916247,-14.507424],[127.902097,-14.505064],[127.887227,-14.489984],[127.884157,-14.476974],[127.867577,-14.476994],[127.854647,-14.486534],[127.840937,-14.469964],[127.837527,-14.456494],[127.824457,-14.450324],[127.819757,-14.440574],[127.827027,-14.426834],[127.828427,-14.402544],[127.819307,-14.395824],[127.812447,-14.399854],[127.803957,-14.383084],[127.797077,-14.390954],[127.788277,-14.388424],[127.786877,-14.368864],[127.780117,-14.344414],[127.779667,-14.333224],[127.766077,-14.316994],[127.762677,-14.303185],[127.737617,-14.287785],[127.720118,-14.268476],[127.710598,-14.252707],[127.694408,-14.248207],[127.692188,-14.231927],[127.683728,-14.212327],[127.678028,-14.217037],[127.665328,-14.209727],[127.670388,-14.195967],[127.662928,-14.185077],[127.646748,-14.179107],[127.647508,-14.168717],[127.628208,-14.162947],[127.615928,-14.143657],[127.590128,-14.140107],[127.579318,-14.128397],[127.567298,-14.125267],[127.566798,-14.113398],[127.545208,-14.104448],[127.523918,-14.119788],[127.522218,-14.113228],[127.535628,-14.099078],[127.537568,-14.086318],[127.521018,-14.085418],[127.503158,-14.072758],[127.493398,-14.060719],[127.487988,-14.079529],[127.481058,-14.081389],[127.477548,-14.062309],[127.467548,-14.056739],[127.459149,-14.062799],[127.449119,-14.054059],[127.459268,-14.035099],[127.448538,-14.024779],[127.465308,-14.009269],[127.467208,-14.000889],[127.455478,-13.980239],[127.431688,-13.966779],[127.430068,-13.942949],[127.415188,-13.953179],[127.412918,-13.962009],[127.395568,-13.939479],[127.384908,-13.936359],[127.361788,-13.917819],[127.359788,-13.908669],[127.347398,-13.906579],[127.328929,-13.91626],[127.325859,-13.928919],[127.333179,-13.936239],[127.345279,-13.939549],[127.345758,-13.954949],[127.334408,-13.963249],[127.318129,-13.96116],[127.305599,-13.95386],[127.290699,-13.93381],[127.282709,-13.93305],[127.282769,-13.91926],[127.272909,-13.91331],[127.265579,-13.90193],[127.249049,-13.90685],[127.241509,-13.90168],[127.230599,-13.92206],[127.226629,-13.94252],[127.21044,-13.94462],[127.20702,-13.95661],[127.19045,-13.9509],[127.18623,-13.93883],[127.195539,-13.9223],[127.185649,-13.90764],[127.16981,-13.91064],[127.17126,-13.92713],[127.15925,-13.9318],[127.15308,-13.95329],[127.1373,-13.974241],[127.1175,-13.970581],[127.11377,-13.962791],[127.12147,-13.946951],[127.10769,-13.944621],[127.11147,-13.934441],[127.101,-13.918091],[127.10652,-13.908581],[127.10285,-13.884301],[127.06935,-13.896161],[127.07228,-13.873781],[127.06543,-13.867361],[127.08112,-13.854541],[127.08142,-13.839971],[127.06857,-13.835941],[127.04896,-13.851141],[127.04245,-13.841781],[127.05189,-13.828421],[127.05255,-13.816671],[127.03947,-13.813882],[127.03951,-13.826991],[127.01105,-13.822662],[127.0108,-13.815322],[127.027279,-13.799232],[127.002059,-13.793992],[127.005969,-13.787992],[126.998419,-13.776602],[126.985739,-13.787482],[126.984139,-13.756761],[126.931959,-13.741422],[126.91983,-13.745062],[126.925069,-13.757252],[126.937319,-13.757902],[126.942089,-13.766702],[126.926729,-13.774982],[126.92047,-13.768332],[126.89653,-13.764782],[126.89779,-13.758672],[126.881,-13.748662],[126.849129,-13.760822],[126.85159,-13.774482],[126.87222,-13.794662],[126.86576,-13.802472],[126.85673,-13.796502],[126.832021,-13.809322],[126.829999,-13.783338],[126.820991,-13.779289],[126.819066,-13.768619],[126.792723,-13.784917],[126.777704,-13.781019],[126.768663,-13.786232],[126.744768,-13.788042],[126.750262,-13.802473],[126.761382,-13.814763],[126.758402,-13.826063],[126.767331,-13.840623],[126.772811,-13.860723],[126.797841,-13.883723],[126.809481,-13.916793],[126.804871,-13.927763],[126.824541,-13.929533],[126.834141,-13.927253],[126.856951,-13.940923],[126.905191,-13.982002],[126.896442,-13.992002],[126.883362,-13.995943],[126.879881,-13.993353],[126.878691,-13.982063],[126.855761,-13.971603],[126.835511,-13.971873],[126.817372,-13.982073],[126.806262,-13.980743],[126.786802,-13.970273],[126.769702,-13.981593],[126.761812,-13.973593],[126.747592,-13.975753],[126.753513,-13.988853],[126.740683,-13.997003],[126.722021,-13.996755],[126.710464,-13.974675],[126.696279,-14.002554],[126.700798,-14.021569],[126.714711,-14.027092],[126.727036,-14.027369],[126.735716,-14.015683],[126.748834,-14.016934],[126.748323,-14.034114],[126.754752,-14.047863],[126.733083,-14.064584],[126.735463,-14.077234],[126.729743,-14.092184],[126.720363,-14.089854],[126.717883,-14.104104],[126.719663,-14.120604],[126.709513,-14.121774],[126.704923,-14.130494],[126.689174,-14.127634],[126.690233,-14.107734],[126.680373,-14.101564],[126.658853,-14.078384],[126.644843,-14.077095],[126.654773,-14.096594],[126.655053,-14.108805],[126.660983,-14.114764],[126.649604,-14.131425],[126.651414,-14.173455],[126.645324,-14.185125],[126.633614,-14.191215],[126.619024,-14.179925],[126.606984,-14.180095],[126.610414,-14.198385],[126.603054,-14.209485],[126.605355,-14.232875],[126.593525,-14.228745],[126.575465,-14.228705],[126.564995,-14.216765],[126.570464,-14.194595],[126.563354,-14.182645],[126.562614,-14.169996],[126.574434,-14.147905],[126.569774,-14.139795],[126.515445,-14.157416],[126.517254,-14.147236],[126.502274,-14.135086],[126.497844,-14.125166],[126.499484,-14.100186],[126.511954,-14.092006],[126.521674,-14.094106],[126.525444,-14.081666],[126.517084,-14.074466],[126.511864,-14.086026],[126.492184,-14.098746],[126.470225,-14.105496],[126.456894,-14.099326],[126.454725,-14.075726],[126.475954,-14.057906],[126.483544,-14.047366],[126.497194,-14.045846],[126.487414,-14.028476],[126.487014,-14.014806],[126.497853,-14.006746],[126.508963,-14.008846],[126.515533,-13.995226],[126.524203,-13.987996],[126.539223,-13.964375],[126.554362,-13.951825],[126.539082,-13.941676],[126.511483,-13.964726],[126.497123,-13.968246],[126.492393,-13.985986],[126.485223,-13.995696],[126.475733,-13.994686],[126.464884,-14.005626],[126.446014,-14.002306],[126.443914,-13.984196],[126.438364,-13.982726],[126.427034,-13.997076],[126.422794,-14.009736],[126.400944,-14.013546],[126.393904,-14.017746],[126.387615,-14.037886],[126.377475,-14.049447],[126.341595,-14.045376],[126.334326,-14.050036],[126.343166,-14.064586],[126.348776,-14.083437],[126.344876,-14.095877],[126.321397,-14.096396],[126.311687,-14.101516],[126.315187,-14.111336],[126.306198,-14.122316],[126.300928,-14.140187],[126.305488,-14.154747],[126.321447,-14.153907],[126.330637,-14.166417],[126.336297,-14.164707],[126.357087,-14.186897],[126.330269,-14.198397],[126.317539,-14.200127],[126.30646,-14.209987],[126.30691,-14.220947],[126.29285,-14.228217],[126.28253,-14.221697],[126.27816,-14.232327],[126.25745,-14.237917],[126.24978,-14.226987],[126.22476,-14.221408],[126.233399,-14.203647],[126.248049,-14.185637],[126.238409,-14.173358],[126.232059,-14.178338],[126.201399,-14.180118],[126.189548,-14.163088],[126.207188,-14.135258],[126.185678,-14.140388],[126.179398,-14.130359],[126.197788,-14.123639],[126.221697,-14.110478],[126.209757,-14.101808],[126.206377,-14.086059],[126.197206,-14.079249],[126.178147,-14.091379],[126.168307,-14.08644],[126.179486,-14.069469],[126.149526,-14.06751],[126.164196,-14.05945],[126.175176,-14.057949],[126.188686,-14.046059],[126.198166,-14.048069],[126.217475,-14.042929],[126.225065,-14.028449],[126.220415,-14.017498],[126.208155,-14.016968],[126.200375,-14.006039],[126.178535,-14.011179],[126.167885,-14.01019],[126.154145,-14.01915],[126.151355,-14.00966],[126.157755,-13.9978],[126.164235,-13.99814],[126.177195,-13.987989],[126.208535,-13.980788],[126.221025,-13.987908],[126.215825,-13.967579],[126.187035,-13.968129],[126.169095,-13.98471],[126.153135,-13.99046],[126.147145,-13.99946],[126.130885,-14.00994],[126.109766,-14.02829],[126.108465,-14.01903],[126.120125,-14.00974],[126.141455,-13.98356],[126.155575,-13.97409],[126.141355,-13.95985],[126.136855,-13.94957],[126.148775,-13.94563],[126.159535,-13.93073],[126.160005,-13.9226],[126.134225,-13.91897],[126.135835,-13.93173],[126.132355,-13.94449],[126.112125,-13.9351],[126.107735,-13.92798],[126.074915,-13.91575],[126.062745,-13.942951],[126.050266,-13.941691],[126.036985,-13.926661],[126.036036,-13.943481],[126.045976,-13.944511],[126.055096,-13.959981],[126.072786,-13.962491],[126.083866,-13.98203],[126.095626,-14.01477],[126.088616,-14.0367],[126.071037,-14.03673],[126.074146,-14.02893],[126.065356,-13.988221],[126.038186,-13.981531],[126.023727,-13.991441],[126.026567,-14.000571],[126.038127,-13.999411],[126.055507,-14.01858],[126.055987,-14.0266],[126.045357,-14.03001],[126.029947,-14.015701],[126.029287,-14.034671],[126.019237,-14.043161],[126.011978,-14.055721],[126.005728,-14.053471],[126.014357,-14.025441],[126.001657,-14.022041],[125.988637,-14.004671],[125.983847,-13.989812],[125.972917,-13.998672],[125.980777,-14.006581],[125.981207,-14.032201],[125.976228,-14.039641],[125.992058,-14.050161],[125.993078,-14.068211],[126.004138,-14.069511],[126.009828,-14.081361],[126.022678,-14.09139],[126.037608,-14.09384],[126.064057,-14.07335],[126.076317,-14.07581],[126.087797,-14.08617],[126.100497,-14.07496],[126.113817,-14.08261],[126.126217,-14.09693],[126.133328,-14.118039],[126.152198,-14.125679],[126.157118,-14.151988],[126.141279,-14.157778],[126.157299,-14.178528],[126.153029,-14.183508],[126.147759,-14.209168],[126.12779,-14.233048],[126.109041,-14.234898],[126.096902,-14.241018],[126.080101,-14.237209],[126.070052,-14.247509],[126.057671,-14.246859],[126.065602,-14.279939],[126.082891,-14.303509],[126.090221,-14.323149],[126.077261,-14.326459],[126.069332,-14.362279],[126.045812,-14.35916],[126.031942,-14.37454],[126.009843,-14.38779],[126.003484,-14.40034],[125.996134,-14.39637],[125.980264,-14.39872],[125.985814,-14.40967],[126.011734,-14.41535],[126.026123,-14.43487],[126.022203,-14.44843],[126.024763,-14.4578],[126.047843,-14.48051],[126.046953,-14.49391],[126.053213,-14.50101],[126.042223,-14.50871],[126.051293,-14.5288],[126.041913,-14.53672],[126.015463,-14.51948],[126.006783,-14.5283],[126.000293,-14.55499],[125.988373,-14.55163],[125.981893,-14.54046],[125.970074,-14.53943],[125.972863,-14.52928],[125.964754,-14.51923],[125.951574,-14.52356],[125.944814,-14.53219],[125.930904,-14.53076],[125.920584,-14.53724],[125.920534,-14.54589],[125.903864,-14.56442],[125.902464,-14.5722],[125.919144,-14.58281],[125.920994,-14.59242],[125.933034,-14.60925],[125.934304,-14.62155],[125.928484,-14.64581],[125.921304,-14.63982],[125.908804,-14.65432],[125.902174,-14.63393],[125.892694,-14.62262],[125.881294,-14.62333],[125.876234,-14.60626],[125.865104,-14.60613],[125.857494,-14.61344],[125.846744,-14.606031],[125.849264,-14.59168],[125.833584,-14.58848],[125.830934,-14.57607],[125.835584,-14.56806],[125.846014,-14.56841],[125.849274,-14.55916],[125.831324,-14.54921],[125.849884,-14.53591],[125.836454,-14.52484],[125.831385,-14.50824],[125.822345,-14.50337],[125.820275,-14.49378],[125.828055,-14.48092],[125.835125,-14.48206],[125.859125,-14.47498],[125.844425,-14.46155],[125.828895,-14.46648],[125.810605,-14.47912],[125.802115,-14.4723],[125.816285,-14.45036],[125.803554,-14.4442],[125.794954,-14.4557],[125.791815,-14.46919],[125.781145,-14.46776],[125.767585,-14.47202],[125.757025,-14.48047],[125.740675,-14.485629],[125.736055,-14.478279],[125.731015,-14.476989],[125.714256,-14.481967],[125.706716,-14.489396],[125.701586,-14.504625],[125.702126,-14.520987],[125.691315,-14.537899],[125.690015,-14.54919],[125.681285,-14.56633],[125.680685,-14.57682],[125.671605,-14.59509],[125.669335,-14.60922],[125.655406,-14.635117],[125.650686,-14.618628],[125.652015,-14.60205],[125.658965,-14.59608],[125.675275,-14.55672],[125.683826,-14.514747],[125.688726,-14.499406],[125.683026,-14.489147],[125.682415,-14.469369],[125.674995,-14.470029],[125.677584,-14.451981],[125.661604,-14.445623],[125.658964,-14.434783],[125.664474,-14.406585],[125.652454,-14.394815],[125.654574,-14.379806],[125.668584,-14.380516],[125.669674,-14.362917],[125.676044,-14.360327],[125.671224,-14.330927],[125.690684,-14.339477],[125.702134,-14.347967],[125.723574,-14.341245],[125.710864,-14.327676],[125.712684,-14.315156],[125.723753,-14.312235],[125.723183,-14.303765],[125.714523,-14.296635],[125.728093,-14.284255],[125.721733,-14.278485],[125.710573,-14.300925],[125.703273,-14.304065],[125.695303,-14.292425],[125.685013,-14.288336],[125.673773,-14.290226],[125.667533,-14.282426],[125.665032,-14.263116],[125.652202,-14.254396],[125.643282,-14.258216],[125.629212,-14.233576],[125.620072,-14.234456],[125.605922,-14.242996],[125.608253,-14.262376],[125.589942,-14.244537],[125.583923,-14.260127],[125.597623,-14.270966],[125.599113,-14.277066],[125.582253,-14.305357],[125.582784,-14.321836],[125.600924,-14.338256],[125.587904,-14.357856],[125.588564,-14.369935],[125.602914,-14.376975],[125.617104,-14.401395],[125.620084,-14.413364],[125.614374,-14.425084],[125.600324,-14.437923],[125.601684,-14.449093],[125.595155,-14.466911],[125.600095,-14.48295],[125.597975,-14.496718],[125.606295,-14.509268],[125.597555,-14.528209],[125.584225,-14.525699],[125.573875,-14.539099],[125.569426,-14.55828],[125.533246,-14.557281],[125.546485,-14.549759],[125.543966,-14.53857],[125.557786,-14.530709],[125.560606,-14.514799],[125.547986,-14.5098],[125.529546,-14.511893],[125.520306,-14.500245],[125.506116,-14.517595],[125.496726,-14.516545],[125.490446,-14.525224],[125.490726,-14.548922],[125.481696,-14.542012],[125.480456,-14.532192],[125.468396,-14.533052],[125.465226,-14.545461],[125.471196,-14.564451],[125.466636,-14.576061],[125.452366,-14.579181],[125.460766,-14.602011],[125.437247,-14.594601],[125.450027,-14.623762],[125.439687,-14.628922],[125.438227,-14.613791],[125.427247,-14.600781],[125.417987,-14.597251],[125.420007,-14.581901],[125.412427,-14.557941],[125.405627,-14.544831],[125.392177,-14.566021],[125.374447,-14.575771],[125.365137,-14.585671],[125.357607,-14.582032],[125.367977,-14.569651],[125.361047,-14.560031],[125.359277,-14.536882],[125.363876,-14.514663],[125.350197,-14.513483],[125.342057,-14.521583],[125.342577,-14.538972],[125.347587,-14.564732],[125.335667,-14.555772],[125.325557,-14.561712],[125.322957,-14.577402],[125.311367,-14.573402],[125.300407,-14.558232],[125.294897,-14.574702],[125.282477,-14.578602],[125.275227,-14.591902],[125.263637,-14.589822],[125.254668,-14.600182],[125.250638,-14.621952],[125.269718,-14.638282],[125.280348,-14.640212],[125.287848,-14.628982],[125.308418,-14.649942],[125.282658,-14.653012],[125.273688,-14.661332],[125.266978,-14.656112],[125.257898,-14.664772],[125.256628,-14.691972],[125.248768,-14.684722],[125.240488,-14.666402],[125.228318,-14.663192],[125.209778,-14.685582],[125.217468,-14.705712],[125.208158,-14.711432],[125.199248,-14.706542],[125.183338,-14.707612],[125.180278,-14.719113],[125.187438,-14.727722],[125.181589,-14.738653],[125.159799,-14.732123],[125.146709,-14.752173],[125.145599,-14.766843],[125.160329,-14.768933],[125.166189,-14.784313],[125.179909,-14.778273],[125.192979,-14.791203],[125.194739,-14.815933],[125.186169,-14.837353],[125.196279,-14.834913],[125.207509,-14.844773],[125.209439,-14.855063],[125.237769,-14.857873],[125.238889,-14.866573],[125.250949,-14.872263],[125.251329,-14.855802],[125.264099,-14.865422],[125.274109,-14.858232],[125.289409,-14.866872],[125.305039,-14.881492],[125.320258,-14.879172],[125.316609,-14.895442],[125.308119,-14.895832],[125.294949,-14.907982],[125.306279,-14.924842],[125.277989,-14.931343],[125.261329,-14.923103],[125.265789,-14.911273],[125.257119,-14.905183],[125.251809,-14.920703],[125.244539,-14.913953],[125.230709,-14.919133],[125.221309,-14.938423],[125.214899,-14.942803],[125.213719,-14.969813],[125.237269,-14.961843],[125.241609,-14.945052],[125.256589,-14.947143],[125.250369,-14.965523],[125.254389,-14.978403],[125.265069,-14.976143],[125.263719,-14.967153],[125.278739,-14.959303],[125.288589,-14.965993],[125.284029,-14.974673],[125.285599,-14.999193],[125.303589,-14.996303],[125.318749,-15.005873],[125.339969,-14.993262],[125.352929,-15.008882],[125.363489,-15.005782],[125.371139,-14.996682],[125.385939,-15.032552],[125.404169,-15.028852],[125.412008,-15.018642],[125.420979,-15.021652],[125.443938,-15.013852],[125.449898,-14.999932],[125.457138,-15.006102],[125.456768,-15.017102],[125.436898,-15.022472],[125.419529,-15.033742],[125.411479,-15.047452],[125.401919,-15.042532],[125.384309,-15.052212],[125.375479,-15.052712],[125.367399,-15.062462],[125.370129,-15.073742],[125.399389,-15.067282],[125.400199,-15.088962],[125.382259,-15.102262],[125.367969,-15.103802],[125.375949,-15.116982],[125.393189,-15.123442],[125.397089,-15.131702],[125.451579,-15.128912],[125.464759,-15.136182],[125.484229,-15.139392],[125.481329,-15.154802],[125.460889,-15.149412],[125.443089,-15.148722],[125.411869,-15.157572],[125.385399,-15.144152],[125.372029,-15.144563],[125.368199,-15.155863],[125.34147,-15.146513],[125.33158,-15.146453],[125.31512,-15.154663],[125.29982,-15.142643],[125.2823,-15.143623],[125.27919,-15.132113],[125.28972,-15.099653],[125.2811,-15.097543],[125.24196,-15.104263],[125.23102,-15.102163],[125.21653,-15.109913],[125.21203,-15.118293],[125.19718,-15.123203],[125.18772,-15.132313],[125.1743,-15.130073],[125.17175,-15.144293],[125.15832,-15.143243],[125.14502,-15.134713],[125.13879,-15.118013],[125.13847,-15.102933],[125.12205,-15.091643],[125.12162,-15.074473],[125.12562,-15.058983],[125.12567,-15.043503],[125.10938,-15.037243],[125.09655,-15.056263],[125.09532,-15.068133],[125.07237,-15.064904],[125.079,-15.056894],[125.07688,-15.048204],[125.05958,-15.036534],[125.05901,-15.028274],[125.0817,-15.005483],[125.08308,-14.985283],[125.07429,-14.975763],[125.05448,-14.988094],[125.0403,-14.985004],[125.03515,-14.994904],[125.02517,-14.992374],[125.01895,-15.007954],[125.026201,-15.031344],[125.020271,-15.047044],[125.029411,-15.066214],[125.047701,-15.077114],[125.038901,-15.086404],[125.034991,-15.102154],[125.025561,-15.113324],[125.017911,-15.099924],[125.000951,-15.103364],[124.985881,-15.116744],[124.985051,-15.133284],[124.974441,-15.135314],[124.956711,-15.123604],[124.938931,-15.124684],[124.930751,-15.113574],[124.922051,-15.116714],[124.910381,-15.106804],[124.906811,-15.115854],[124.895172,-15.113514],[124.881242,-15.125864],[124.867552,-15.130314],[124.870152,-15.143074],[124.849122,-15.149794],[124.841012,-15.159755],[124.840122,-15.174105],[124.859352,-15.183664],[124.887462,-15.171834],[124.891432,-15.176114],[124.877402,-15.191524],[124.864272,-15.194945],[124.867672,-15.204085],[124.881142,-15.208434],[124.867492,-15.221605],[124.865912,-15.235955],[124.885982,-15.239415],[124.874472,-15.255145],[124.879602,-15.259305],[124.907942,-15.245664],[124.911612,-15.230004],[124.925792,-15.225164],[124.943782,-15.213134],[124.939892,-15.197104],[124.954922,-15.205414],[124.962922,-15.197714],[124.964622,-15.185954],[124.983991,-15.169964],[124.987271,-15.177294],[124.981971,-15.190984],[124.992821,-15.197844],[125.007291,-15.180844],[125.031301,-15.163594],[125.048641,-15.166364],[125.056711,-15.177294],[125.041481,-15.178584],[125.046801,-15.188714],[125.031771,-15.194434],[125.026041,-15.214374],[125.004551,-15.224464],[125.005642,-15.241934],[124.995052,-15.237694],[124.975322,-15.216204],[124.960442,-15.219184],[124.943602,-15.228164],[124.936032,-15.224344],[124.918652,-15.245294],[124.922192,-15.260084],[124.911142,-15.262384],[124.894722,-15.277905],[124.886422,-15.280415],[124.876142,-15.305305],[124.897912,-15.339925],[124.920082,-15.356465],[124.930912,-15.346235],[124.952392,-15.341345],[124.968702,-15.329904],[124.979122,-15.329394],[124.984202,-15.319974],[125.026372,-15.300314],[125.052142,-15.302394],[125.065431,-15.316214],[125.081251,-15.314354],[125.090291,-15.307204],[125.095661,-15.283114],[125.101861,-15.290434],[125.102851,-15.305454],[125.090741,-15.329564],[125.094041,-15.338474],[125.126571,-15.326604],[125.144261,-15.326534],[125.144411,-15.332744],[125.111261,-15.338864],[125.090851,-15.354984],[125.083932,-15.404904],[125.070032,-15.440244],[125.081702,-15.446414],[125.101922,-15.463394],[125.11626,-15.467515],[125.131358,-15.482025],[125.140057,-15.485836],[125.146096,-15.497106],[125.162586,-15.510026],[125.188466,-15.521966],[125.190116,-15.529336],[125.207115,-15.541016],[125.216624,-15.553426],[125.228111,-15.554818],[125.244508,-15.572994],[125.243889,-15.579494],[125.220877,-15.566824],[125.202236,-15.543866],[125.181136,-15.531566],[125.174716,-15.534266],[125.161236,-15.518646],[125.140927,-15.509086],[125.143207,-15.501186],[125.123099,-15.484205],[125.088652,-15.463214],[125.076163,-15.459194],[125.062622,-15.460934],[125.042713,-15.480334],[125.048483,-15.494774],[125.022903,-15.505934],[125.026223,-15.491354],[125.018333,-15.471494],[124.996233,-15.476995],[124.987163,-15.483355],[124.977823,-15.476155],[124.997093,-15.460384],[125.002983,-15.448394],[124.990322,-15.425835],[124.966762,-15.416875],[124.955612,-15.404835],[124.952562,-15.386305],[124.934972,-15.383655],[124.910392,-15.368835],[124.907062,-15.360235],[124.887943,-15.353285],[124.875693,-15.343495],[124.847663,-15.353175],[124.840523,-15.340645],[124.849473,-15.335425],[124.845833,-15.324925],[124.836373,-15.316365],[124.842843,-15.298725],[124.819033,-15.317085],[124.798493,-15.299515],[124.783233,-15.294465],[124.783853,-15.311885],[124.759363,-15.333275],[124.747293,-15.348715],[124.740873,-15.338965],[124.761793,-15.326155],[124.770573,-15.302065],[124.753413,-15.284935],[124.734873,-15.272315],[124.721007,-15.268341],[124.719723,-15.261615],[124.705033,-15.253395],[124.701553,-15.258265],[124.706603,-15.275085],[124.690543,-15.274895],[124.678763,-15.264066],[124.679283,-15.288586],[124.682913,-15.298405],[124.696883,-15.296465],[124.697613,-15.312505],[124.707193,-15.320805],[124.691033,-15.333196],[124.674243,-15.324526],[124.672283,-15.332446],[124.660303,-15.333816],[124.666494,-15.344996],[124.661984,-15.354946],[124.666774,-15.361946],[124.681423,-15.355586],[124.696433,-15.353296],[124.708683,-15.360055],[124.722633,-15.354935],[124.725243,-15.370755],[124.713043,-15.382195],[124.683724,-15.391406],[124.674324,-15.406336],[124.682024,-15.410046],[124.668904,-15.428606],[124.671644,-15.452896],[124.685994,-15.464276],[124.677064,-15.478196],[124.654914,-15.473946],[124.642194,-15.463116],[124.653784,-15.435186],[124.646774,-15.429776],[124.632704,-15.438276],[124.617854,-15.466096],[124.620674,-15.484876],[124.625844,-15.495466],[124.636924,-15.503696],[124.629884,-15.514456],[124.628764,-15.525666],[124.614444,-15.519576],[124.611424,-15.508936],[124.603024,-15.505226],[124.593974,-15.521956],[124.577434,-15.516746],[124.579944,-15.499606],[124.566194,-15.498386],[124.554674,-15.502796],[124.551694,-15.490806],[124.532084,-15.486177],[124.517204,-15.468627],[124.498065,-15.474967],[124.483155,-15.475497],[124.451325,-15.495297],[124.461695,-15.511707],[124.461995,-15.532067],[124.446005,-15.528817],[124.436315,-15.546987],[124.425445,-15.540597],[124.419885,-15.548307],[124.430075,-15.560787],[124.430035,-15.574467],[124.413805,-15.591937],[124.404575,-15.613548],[124.429665,-15.592657],[124.435475,-15.614317],[124.435596,-15.637698],[124.442626,-15.645118],[124.445926,-15.665528],[124.421516,-15.667358],[124.419746,-15.640258],[124.411476,-15.641758],[124.414916,-15.654848],[124.412666,-15.681428],[124.402466,-15.685178],[124.398096,-15.672318],[124.376616,-15.668568],[124.375976,-15.680098],[124.390806,-15.673708],[124.400676,-15.701108],[124.396536,-15.712088],[124.397346,-15.726028],[124.392146,-15.745538],[124.396976,-15.756368],[124.400006,-15.779398],[124.410286,-15.805898],[124.407046,-15.836408],[124.409286,-15.863848],[124.415626,-15.872288],[124.429536,-15.867388],[124.439056,-15.870368],[124.445066,-15.852498],[124.442536,-15.838388],[124.461166,-15.828028],[124.459386,-15.845428],[124.463656,-15.858738],[124.477616,-15.863378],[124.475166,-15.873708],[124.483296,-15.887108],[124.478916,-15.898758],[124.479296,-15.925078],[124.489756,-15.928208],[124.497006,-15.943248],[124.496816,-15.955258],[124.490246,-15.987488],[124.499186,-15.997948],[124.516376,-15.979718],[124.529416,-15.961168],[124.540346,-15.939798],[124.539046,-15.932338],[124.548366,-15.917857],[124.549006,-15.908737],[124.559346,-15.899447],[124.564505,-15.879077],[124.573575,-15.863127],[124.582315,-15.854637],[124.599745,-15.820257],[124.612545,-15.806447],[124.624905,-15.800777],[124.633865,-15.790477],[124.675485,-15.777966],[124.679005,-15.786546],[124.693585,-15.783006],[124.716515,-15.793486],[124.720595,-15.804986],[124.729445,-15.807576],[124.727405,-15.819316],[124.713965,-15.811776],[124.704515,-15.814056],[124.704305,-15.823546],[124.712865,-15.835956],[124.682005,-15.849516],[124.675825,-15.862816],[124.656075,-15.854387],[124.643625,-15.867407],[124.630455,-15.875907],[124.623355,-15.885527],[124.608425,-15.890637],[124.605525,-15.897757],[124.621205,-15.915807],[124.603985,-15.941827],[124.598445,-15.967607],[124.618105,-15.973627],[124.616235,-15.982487],[124.596566,-15.980187],[124.586335,-15.982828],[124.582496,-16.001438],[124.588166,-16.013208],[124.581316,-16.030458],[124.586776,-16.039398],[124.585486,-16.066828],[124.588226,-16.083658],[124.589036,-16.113358],[124.603046,-16.115328],[124.632235,-16.092518],[124.631505,-16.101898],[124.614116,-16.117918],[124.599256,-16.127398],[124.574846,-16.124828],[124.560716,-16.119458],[124.557886,-16.129838],[124.549206,-16.136468],[124.538616,-16.154269],[124.516996,-16.171009],[124.509036,-16.155049],[124.492856,-16.138159],[124.486616,-16.122199],[124.476126,-16.115939],[124.468946,-16.102569],[124.479966,-16.094139],[124.477236,-16.078539],[124.462736,-16.079479],[124.442306,-16.075549],[124.443106,-16.102219],[124.448586,-16.105639],[124.447256,-16.137389],[124.440406,-16.151599],[124.432266,-16.182029],[124.403027,-16.168819],[124.400167,-16.2017],[124.382537,-16.21822],[124.383067,-16.22727],[124.404527,-16.24071],[124.407867,-16.25067],[124.393667,-16.28089],[124.402947,-16.29811],[124.400597,-16.32285],[124.405937,-16.33421],[124.408867,-16.35272],[124.418787,-16.35899],[124.453097,-16.35451],[124.464286,-16.34123],[124.480476,-16.35644],[124.506766,-16.34377],[124.526696,-16.34041],[124.534596,-16.3357],[124.570956,-16.32929],[124.583586,-16.329789],[124.598306,-16.335599],[124.612466,-16.334969],[124.636536,-16.340019],[124.645646,-16.344679],[124.673426,-16.350389],[124.693485,-16.344719],[124.715185,-16.355839],[124.725195,-16.372199],[124.747265,-16.374949],[124.787665,-16.385858],[124.814465,-16.416409],[124.830524,-16.40907],[124.848513,-16.41536],[124.889494,-16.410408],[124.901265,-16.416048],[124.918195,-16.406537],[124.921255,-16.416688],[124.888034,-16.427979],[124.859363,-16.42724],[124.838644,-16.43273],[124.815244,-16.426749],[124.793545,-16.408939],[124.750895,-16.390499],[124.727065,-16.397429],[124.703356,-16.401319],[124.626706,-16.40484],[124.599746,-16.4143],[124.579746,-16.4131],[124.560466,-16.40711],[124.540146,-16.41023],[124.531676,-16.40727],[124.513646,-16.40856],[124.501276,-16.4008],[124.489846,-16.40643],[124.452377,-16.40649],[124.449536,-16.38862],[124.439797,-16.39525],[124.425427,-16.38908],[124.431917,-16.37747],[124.423897,-16.36636],[124.414147,-16.37354],[124.403057,-16.36705],[124.402547,-16.35224],[124.387487,-16.34562],[124.358387,-16.381521],[124.347447,-16.391871],[124.340597,-16.424491],[124.370357,-16.420351],[124.381167,-16.413731],[124.398527,-16.422381],[124.400917,-16.444111],[124.406637,-16.470251],[124.419097,-16.485221],[124.440067,-16.482831],[124.463217,-16.491971],[124.461997,-16.501691],[124.443527,-16.494941],[124.429807,-16.498491],[124.429738,-16.512841],[124.435528,-16.525531],[124.410298,-16.543251],[124.395458,-16.527261],[124.407528,-16.525511],[124.415208,-16.512331],[124.400878,-16.497341],[124.407297,-16.478611],[124.399377,-16.469531],[124.390137,-16.445191],[124.373397,-16.442741],[124.350018,-16.458561],[124.323648,-16.462151],[124.309978,-16.455981],[124.331847,-16.439481],[124.334247,-16.428531],[124.307867,-16.414041],[124.294697,-16.423921],[124.289937,-16.417111],[124.256728,-16.409591],[124.242758,-16.415501],[124.224718,-16.417551],[124.207058,-16.394731],[124.204588,-16.377771],[124.185658,-16.352681],[124.194858,-16.342561],[124.175048,-16.328211],[124.176318,-16.312281],[124.169798,-16.305801],[124.139458,-16.292502],[124.124448,-16.280432],[124.107838,-16.278642],[124.086358,-16.271952],[124.066238,-16.270912],[124.043759,-16.273372],[124.031219,-16.259162],[124.021169,-16.257622],[124.007329,-16.262052],[123.990609,-16.260132],[123.983899,-16.249572],[123.969879,-16.247902],[123.955669,-16.238872],[123.939909,-16.233563],[123.932039,-16.222092],[123.919589,-16.228673],[123.950239,-16.260533],[123.963969,-16.270693],[123.960979,-16.279823],[123.941719,-16.289073],[123.93358,-16.297723],[123.94933,-16.304383],[123.95515,-16.325003],[123.96762,-16.332773],[123.98038,-16.347443],[123.98759,-16.370433],[123.97571,-16.378943],[123.94131,-16.359833],[123.9058,-16.335163],[123.89965,-16.327213],[123.89536,-16.307393],[123.8838,-16.304033],[123.90138,-16.362033],[123.892611,-16.375763],[123.896801,-16.393543],[123.89997,-16.422833],[123.88837,-16.409534],[123.86703,-16.412874],[123.87221,-16.424784],[123.87232,-16.439824],[123.86192,-16.437035],[123.84681,-16.406925],[123.844991,-16.386604],[123.851431,-16.371734],[123.866861,-16.374224],[123.867631,-16.365973],[123.878721,-16.355203],[123.876441,-16.347053],[123.858461,-16.340583],[123.85722,-16.319663],[123.843921,-16.315043],[123.825361,-16.322823],[123.799531,-16.303973],[123.783191,-16.284063],[123.772781,-16.283873],[123.764181,-16.276343],[123.749821,-16.272733],[123.740651,-16.263273],[123.746321,-16.257333],[123.76093,-16.258913],[123.77714,-16.251803],[123.78349,-16.262143],[123.79694,-16.263033],[123.80122,-16.254933],[123.78907,-16.223643],[123.80991,-16.208423],[123.79055,-16.200473],[123.770559,-16.170593],[123.750909,-16.157443],[123.738379,-16.152773],[123.70311,-16.153894],[123.71363,-16.167543],[123.69604,-16.173274],[123.69817,-16.156904],[123.67061,-16.151934],[123.64778,-16.168354],[123.63111,-16.174994],[123.6216,-16.165304],[123.60421,-16.161544],[123.59433,-16.167904],[123.58618,-16.163534],[123.5749,-16.169424],[123.56795,-16.186555],[123.56674,-16.203495],[123.59275,-16.211744],[123.57612,-16.226974],[123.59945,-16.247304],[123.60216,-16.257274],[123.58388,-16.260614],[123.5797,-16.269854],[123.566061,-16.276294],[123.557131,-16.267624],[123.550201,-16.283154],[123.565711,-16.301494],[123.596101,-16.318033],[123.625531,-16.313313],[123.615441,-16.302713],[123.61402,-16.291854],[123.625241,-16.292734],[123.640321,-16.308693],[123.660151,-16.315413],[123.677611,-16.326523],[123.679991,-16.335583],[123.697421,-16.337533],[123.708031,-16.356043],[123.710362,-16.370422],[123.702242,-16.374872],[123.681402,-16.375382],[123.672322,-16.369653],[123.656192,-16.378903],[123.651362,-16.369483],[123.653441,-16.359663],[123.640802,-16.358993],[123.638892,-16.376613],[123.667142,-16.398892],[123.688282,-16.404832],[123.697213,-16.414851],[123.681483,-16.43269],[123.667413,-16.4345],[123.629572,-16.422992],[123.621393,-16.429971],[123.607993,-16.425752],[123.599402,-16.417542],[123.597992,-16.405662],[123.540362,-16.394534],[123.556442,-16.415473],[123.578882,-16.420193],[123.582213,-16.427682],[123.559502,-16.426353],[123.524402,-16.410554],[123.504692,-16.414335],[123.512912,-16.424014],[123.559972,-16.438793],[123.599233,-16.448731],[123.619823,-16.464731],[123.634213,-16.46678],[123.648273,-16.479889],[123.660524,-16.48497],[123.657504,-16.496019],[123.635353,-16.496629],[123.625213,-16.49044],[123.605843,-16.495251],[123.588503,-16.495212],[123.588483,-16.510472],[123.603283,-16.505741],[123.620903,-16.514251],[123.629803,-16.51478],[123.644473,-16.52451],[123.643023,-16.53004],[123.583003,-16.519362],[123.566803,-16.510743],[123.535602,-16.501993],[123.520453,-16.493374],[123.507942,-16.490554],[123.498642,-16.482675],[123.473462,-16.470005],[123.472503,-16.484015],[123.495132,-16.494055],[123.502072,-16.504064],[123.496582,-16.514535],[123.454322,-16.510755],[123.431082,-16.502966],[123.428532,-16.511196],[123.468072,-16.518225],[123.460102,-16.529795],[123.471242,-16.541655],[123.491002,-16.546015],[123.498082,-16.565075],[123.496532,-16.580316],[123.506952,-16.592966],[123.517452,-16.573615],[123.542202,-16.572025],[123.536452,-16.548004],[123.578622,-16.549843],[123.588582,-16.538302],[123.603043,-16.544622],[123.615142,-16.554332],[123.613012,-16.570143],[123.591882,-16.573924],[123.581141,-16.594516],[123.571242,-16.586975],[123.563381,-16.588255],[123.563031,-16.600806],[123.555651,-16.612606],[123.563771,-16.621726],[123.563341,-16.629746],[123.549111,-16.635156],[123.531771,-16.633876],[123.516451,-16.641766],[123.518601,-16.649356],[123.507271,-16.657736],[123.523001,-16.667826],[123.551181,-16.664007],[123.57876,-16.674187],[123.5883,-16.669407],[123.59994,-16.679007],[123.61776,-16.679497],[123.62445,-16.691307],[123.63776,-16.698427],[123.648349,-16.720667],[123.663519,-16.729947],[123.681509,-16.751687],[123.687579,-16.755578],[123.698899,-16.749118],[123.711529,-16.752718],[123.711619,-16.770238],[123.717589,-16.784868],[123.747249,-16.830658],[123.758339,-16.837748],[123.758219,-16.866458],[123.76872,-16.888688],[123.77826,-16.899048],[123.79612,-16.911838],[123.81245,-16.910268],[123.831939,-16.895718],[123.855909,-16.892497],[123.887738,-16.875327],[123.894268,-16.864407],[123.909548,-16.862586],[123.922508,-16.855786],[123.944858,-16.848926],[123.949288,-16.836416],[123.958808,-16.844446],[123.959268,-16.852416],[123.951508,-16.867516],[123.938258,-16.867756],[123.921538,-16.875556],[123.915838,-16.886506],[123.902589,-16.887496],[123.891369,-16.907217],[123.871309,-16.920647],[123.83418,-16.953717],[123.82687,-16.957277],[123.805939,-16.989566],[123.820389,-16.997896],[123.796449,-17.004007],[123.799159,-17.018687],[123.817891,-17.054487],[123.827583,-17.106619],[123.834243,-17.118049],[123.829603,-17.134649],[123.842373,-17.149039],[123.867353,-17.168329],[123.869913,-17.177039],[123.885523,-17.186579],[123.887704,-17.202518],[123.912493,-17.211858],[123.888704,-17.221728],[123.862494,-17.216569],[123.851974,-17.195409],[123.836234,-17.191629],[123.829924,-17.178389],[123.807264,-17.169159],[123.786093,-17.138809],[123.778823,-17.134259],[123.761123,-17.087749],[123.747543,-17.074589],[123.725743,-17.060049],[123.704423,-17.042679],[123.689193,-17.060029],[123.680253,-17.059229],[123.679143,-17.045069],[123.660033,-17.039649],[123.659322,-17.010179],[123.642932,-16.997789],[123.623753,-17.003139],[123.615273,-17.008759],[123.600693,-17.010619],[123.585064,-17.0349],[123.584954,-17.059941],[123.587615,-17.092841],[123.608086,-17.139381],[123.630566,-17.160151],[123.646226,-17.183951],[123.641706,-17.193651],[123.623806,-17.198661],[123.618876,-17.222721],[123.617056,-17.261251],[123.604517,-17.300872],[123.602928,-17.339401],[123.592608,-17.358571],[123.580988,-17.350152],[123.573848,-17.367192],[123.575169,-17.385732],[123.569839,-17.393842],[123.56762,-17.413952],[123.582759,-17.424752],[123.58034,-17.438082],[123.584779,-17.470201],[123.579648,-17.483621],[123.595597,-17.499851],[123.600118,-17.515581],[123.591339,-17.529441],[123.59705,-17.542691],[123.58993,-17.552611],[123.59532,-17.560311],[123.59314,-17.573752],[123.58109,-17.579012],[123.57367,-17.554352],[123.573989,-17.534791],[123.577679,-17.527011],[123.571268,-17.512181],[123.545078,-17.496361],[123.545209,-17.469231],[123.53751,-17.454392],[123.52315,-17.452292],[123.52419,-17.433202],[123.51243,-17.431112],[123.51426,-17.418462],[123.49961,-17.404602],[123.48328,-17.397063],[123.48392,-17.388373],[123.473809,-17.382763],[123.459279,-17.350613],[123.442709,-17.345443],[123.425168,-17.325463],[123.407508,-17.325483],[123.392728,-17.316253],[123.388768,-17.307613],[123.393908,-17.295353],[123.394348,-17.280663],[123.383408,-17.240033],[123.361838,-17.206913],[123.354578,-17.181442],[123.344578,-17.162732],[123.301371,-17.1157],[123.290602,-17.107721],[123.28069,-17.077043],[123.285069,-17.072203],[123.278176,-17.035544],[123.241454,-16.98708],[123.234835,-16.969948],[123.192184,-16.939888],[123.168634,-16.924948],[123.148254,-16.920208],[123.150384,-16.887788],[123.163393,-16.858986],[123.176481,-16.861531],[123.172282,-16.848734],[123.162123,-16.846646],[123.159483,-16.831806],[123.161403,-16.817926],[123.157883,-16.807376],[123.134833,-16.790736],[123.110623,-16.783917],[123.103543,-16.767227],[123.103453,-16.745297],[123.118743,-16.731557],[123.135743,-16.732307],[123.145053,-16.708437],[123.142833,-16.697337],[123.126613,-16.711067],[123.115083,-16.713767],[123.094023,-16.709127],[123.078734,-16.693248],[123.062134,-16.694198],[123.050614,-16.690788],[123.036184,-16.671528],[123.041754,-16.656778],[123.032644,-16.644469],[123.038664,-16.621359],[123.030124,-16.620019],[123.018784,-16.607569],[123.007694,-16.632429],[122.995524,-16.637439],[122.988314,-16.625609],[122.995894,-16.618119],[122.986564,-16.607089],[122.982734,-16.5922],[122.958415,-16.58832],[122.960025,-16.57559],[122.968734,-16.56188],[122.979874,-16.56205],[122.984444,-16.54146],[122.989784,-16.53251],[123.000424,-16.52715],[122.976334,-16.51495],[122.997494,-16.48581],[122.995694,-16.47757],[122.982794,-16.4756],[122.982984,-16.46513],[122.991924,-16.45677],[123.004544,-16.45887],[123.010944,-16.45238],[123.021154,-16.46041],[123.047244,-16.462969],[123.076683,-16.440339],[123.063253,-16.436799],[123.051464,-16.443679],[123.035284,-16.43513],[123.018264,-16.40883],[123.024494,-16.39793],[123.035763,-16.39489],[123.034123,-16.38561],[123.020273,-16.37821],[123.035723,-16.36923],[123.031763,-16.35833],[123.022083,-16.36489],[122.985324,-16.38238],[122.974034,-16.39532],[122.955224,-16.401741],[122.943514,-16.401451],[122.935384,-16.393241],[122.924874,-16.397131],[122.918974,-16.411061],[122.901524,-16.434981],[122.895845,-16.468221],[122.906915,-16.480941],[122.896825,-16.500081],[122.884095,-16.508041],[122.867225,-16.509362],[122.859486,-16.530072],[122.847726,-16.546502],[122.830426,-16.554932],[122.811576,-16.558293],[122.803476,-16.556183],[122.780027,-16.578753],[122.777427,-16.600123],[122.771107,-16.628613],[122.747367,-16.670503],[122.741798,-16.683403],[122.743868,-16.700123],[122.762787,-16.710333],[122.775697,-16.712203],[122.775687,-16.735473],[122.790807,-16.733722],[122.810017,-16.752842],[122.821267,-16.750762],[122.827177,-16.760682],[122.835747,-16.787532],[122.810187,-16.766172],[122.799017,-16.760462],[122.785897,-16.763792],[122.776227,-16.751403],[122.757428,-16.746053],[122.744128,-16.760903],[122.734458,-16.777653],[122.714078,-16.785984],[122.701048,-16.785234],[122.693508,-16.777244],[122.680409,-16.787454],[122.665069,-16.794175],[122.63741,-16.800705],[122.62014,-16.794666],[122.62105,-16.787765],[122.609939,-16.765655],[122.58249,-16.764166],[122.56949,-16.771426],[122.5775,-16.780106],[122.55329,-16.805366],[122.5713,-16.822606],[122.56265,-16.830306],[122.54575,-16.829456],[122.533801,-16.836947],[122.537131,-16.851397],[122.551491,-16.864457],[122.550021,-16.880277],[122.569461,-16.903267],[122.567411,-16.919997],[122.570371,-16.929367],[122.589581,-16.951107],[122.582222,-16.960057],[122.572342,-16.955677],[122.551692,-16.960147],[122.536532,-16.957027],[122.527572,-16.947677],[122.513022,-16.949297],[122.519782,-16.933687],[122.503082,-16.923677],[122.503291,-16.915987],[122.490252,-16.913657],[122.479061,-16.899787],[122.476892,-16.921707],[122.484932,-16.941907],[122.467632,-16.968838],[122.454492,-16.973278],[122.448452,-16.953628],[122.434382,-16.960218],[122.424282,-16.960348],[122.397903,-16.979388],[122.366353,-16.997639],[122.369773,-17.008089],[122.351043,-17.036949],[122.331924,-17.051119],[122.321934,-17.051809],[122.303974,-17.06055],[122.287904,-17.0738],[122.268664,-17.09474],[122.253195,-17.11985],[122.253805,-17.13172],[122.266625,-17.1352],[122.284365,-17.12929],[122.303164,-17.13005],[122.282035,-17.14512],[122.279825,-17.15744],[122.270795,-17.15469],[122.241045,-17.169251],[122.243995,-17.174901],[122.237325,-17.190161],[122.226375,-17.186451],[122.217946,-17.209521],[122.206566,-17.229191],[122.201656,-17.245921],[122.187296,-17.240411],[122.173206,-17.263592],[122.170647,-17.287212],[122.166667,-17.299192],[122.164587,-17.329482],[122.158837,-17.347792],[122.150017,-17.355372],[122.152877,-17.385762],[122.148418,-17.398312],[122.149998,-17.447133],[122.152258,-17.465653],[122.149688,-17.481143],[122.142388,-17.488833],[122.142408,-17.503633],[122.147269,-17.537193],[122.145169,-17.560353],[122.153679,-17.579893],[122.166649,-17.588703],[122.172549,-17.601233],[122.185709,-17.661333],[122.192429,-17.663923],[122.199649,-17.684823],[122.20088,-17.729574],[122.19797,-17.753304],[122.20329,-17.764144],[122.1987,-17.774314],[122.212131,-17.852943],[122.21287,-17.873734],[122.20936,-17.901314],[122.207751,-17.934425],[122.195631,-17.963925],[122.180991,-17.974005],[122.191051,-17.986085],[122.193871,-17.997405],[122.207141,-18.008875],[122.210771,-17.989225],[122.223391,-17.977005],[122.237601,-17.971036],[122.247251,-17.952944],[122.255371,-17.958204],[122.301692,-17.973614],[122.330859,-17.976394],[122.335949,-17.979884],[122.351888,-17.975223],[122.372597,-17.993713],[122.379349,-18.025154],[122.381893,-18.053294],[122.380958,-18.070664],[122.374928,-18.103635],[122.362544,-18.128334],[122.344524,-18.146456],[122.32278,-18.161726],[122.315051,-18.172326],[122.305401,-18.170775],[122.285775,-18.179495],[122.261535,-18.184476],[122.242162,-18.199396],[122.214613,-18.204036],[122.204913,-18.217376],[122.212013,-18.228566],[122.198293,-18.230706],[122.183033,-18.239416],[122.175813,-18.257375],[122.166232,-18.266645],[122.154632,-18.285175],[122.130022,-18.307426],[122.099482,-18.315216],[122.083382,-18.327636],[122.063513,-18.325816],[122.045973,-18.357326],[122.036374,-18.364447],[122.017415,-18.390527],[122.000353,-18.402767],[121.982593,-18.404847],[121.979853,-18.410257],[121.946672,-18.439267],[121.939563,-18.439477],[121.903643,-18.464057],[121.872013,-18.471687],[121.863724,-18.469417],[121.845403,-18.455147],[121.839983,-18.443727],[121.823393,-18.446858],[121.800614,-18.469978],[121.792294,-18.482498],[121.801924,-18.515848],[121.784994,-18.510278],[121.781534,-18.522018],[121.764754,-18.552828],[121.756554,-18.561168],[121.730575,-18.571388],[121.729725,-18.579178],[121.755785,-18.585008],[121.762865,-18.594178],[121.772105,-18.596118],[121.787115,-18.619648],[121.786225,-18.638298],[121.792255,-18.642598],[121.780946,-18.661899],[121.766926,-18.673049],[121.751867,-18.674829],[121.742456,-18.689939],[121.717273,-18.706368],[121.698192,-18.701457],[121.669444,-18.719008],[121.657264,-18.707108],[121.639355,-18.709989],[121.618145,-18.706309],[121.619796,-18.742019],[121.634496,-18.743309],[121.649746,-18.757699],[121.652186,-18.772959],[121.645816,-18.79938],[121.653546,-18.808279],[121.646446,-18.822769],[121.635166,-18.825559],[121.618176,-18.864369],[121.603167,-18.878439],[121.600707,-18.903179],[121.575957,-18.94738],[121.561087,-18.95501],[121.564597,-18.96711],[121.553948,-18.99862],[121.536578,-19.027611],[121.519078,-19.046101],[121.525358,-19.053121],[121.517109,-19.080101],[121.503979,-19.106162],[121.498109,-19.112342],[121.465639,-19.163582],[121.41892,-19.227811],[121.412999,-19.237982],[121.333221,-19.341653],[121.27212,-19.403933],[121.25773,-19.421103],[121.210132,-19.466302],[121.113922,-19.538571],[121.092362,-19.55031],[121.071273,-19.56622],[121.040885,-19.585401],[121.011217,-19.601533],[120.981888,-19.621038],[120.949339,-19.635464],[120.871942,-19.667755],[120.852861,-19.673363],[120.758612,-19.714611],[120.741312,-19.720892],[120.631003,-19.770045],[120.604984,-19.778325],[120.567994,-19.786216],[120.538844,-19.798756],[120.482124,-19.816834],[120.467664,-19.824113],[120.444854,-19.830903],[120.409724,-19.845545],[120.383934,-19.850855],[120.322975,-19.875736],[120.195936,-19.913908],[120.161216,-19.915518],[120.133206,-19.912429],[120.087447,-19.921969],[120.080296,-19.921249],[120.054236,-19.92842],[120.010056,-19.93366],[119.972766,-19.933001],[119.936776,-19.942501],[119.912446,-19.946422],[119.859767,-19.964083],[119.840568,-19.968883],[119.813248,-19.972013],[119.794378,-19.970263],[119.766778,-19.957693],[119.772538,-19.969753],[119.762168,-19.973393],[119.755338,-19.966304],[119.745078,-19.966444],[119.741138,-20.005914],[119.713068,-20.025064],[119.700867,-19.995104],[119.680508,-20.003815],[119.682598,-20.012305],[119.673188,-20.032005],[119.655498,-20.046535],[119.615468,-20.065656],[119.573409,-20.074716],[119.53046,-20.057147],[119.496602,-20.033267],[119.490312,-20.018016],[119.469813,-20.011256],[119.439953,-20.011916],[119.419942,-19.994957],[119.406889,-19.999077],[119.38549,-19.998828],[119.367282,-19.991938],[119.338261,-19.986188],[119.32011,-19.988679],[119.305299,-19.982699],[119.258261,-19.972083],[119.227109,-19.955813],[119.218269,-19.953213],[119.18532,-19.951383],[119.17362,-19.957703],[119.16847,-19.976893],[119.1681,-19.991913],[119.17286,-20.008643],[119.21056,-20.017253],[119.20707,-20.023673],[119.16842,-20.015163],[119.15927,-20.004073],[119.14709,-19.978573],[119.11869,-19.961713],[119.096599,-19.960563],[119.088349,-19.970373],[119.093699,-19.988453],[119.068349,-20.015393],[119.053479,-20.023223],[119.043109,-20.021933],[119.031199,-20.029813],[118.99383,-20.035794],[118.98536,-20.055154],[118.982871,-20.073654],[118.976411,-20.095514],[118.959141,-20.127025],[118.940872,-20.144755],[118.909122,-20.157896],[118.896502,-20.167756],[118.862963,-20.216657],[118.862863,-20.231787],[118.842063,-20.230648],[118.832724,-20.249888],[118.827794,-20.272658],[118.815754,-20.281018],[118.797844,-20.278908],[118.780114,-20.282978],[118.768224,-20.281728],[118.750884,-20.287529],[118.739464,-20.295809],[118.716405,-20.307059],[118.690255,-20.315799],[118.676765,-20.326659],[118.667325,-20.325349],[118.64181,-20.312455],[118.631364,-20.298685],[118.614619,-20.305856],[118.578408,-20.308471],[118.573033,-20.316187],[118.588493,-20.324578],[118.603175,-20.32456],[118.615955,-20.32905],[118.572755,-20.339181],[118.562995,-20.335441],[118.560865,-20.31759],[118.568905,-20.30094],[118.561962,-20.294396],[118.536745,-20.311651],[118.491045,-20.334271],[118.485836,-20.346321],[118.468615,-20.344241],[118.455845,-20.335072],[118.439156,-20.344662],[118.431196,-20.337382],[118.416856,-20.339562],[118.408896,-20.349152],[118.391276,-20.347452],[118.368666,-20.351432],[118.369246,-20.366223],[118.348786,-20.351213],[118.346126,-20.329892],[118.327876,-20.340953],[118.297766,-20.351633],[118.294226,-20.360123],[118.281016,-20.353423],[118.257336,-20.358853],[118.252366,-20.369614],[118.225167,-20.366933],[118.211127,-20.379273],[118.197667,-20.375553],[118.166098,-20.385193],[118.164237,-20.374703],[118.174437,-20.359413],[118.172967,-20.350943],[118.184787,-20.345573],[118.181566,-20.336413],[118.160907,-20.357893],[118.134758,-20.371573],[118.070179,-20.415804],[118.050079,-20.422104],[118.038669,-20.441464],[118.025779,-20.453495],[117.992309,-20.472155],[117.939248,-20.481616],[117.943268,-20.497636],[117.931528,-20.526597],[117.942939,-20.530507],[117.941329,-20.546668],[117.929138,-20.540678],[117.914228,-20.547098],[117.912019,-20.563828],[117.890008,-20.549558],[117.871818,-20.561138],[117.874299,-20.579539],[117.864599,-20.584429],[117.85412,-20.606039],[117.84324,-20.615669],[117.822401,-20.626239],[117.790331,-20.65344],[117.778341,-20.65698],[117.774291,-20.66422],[117.736281,-20.67889],[117.713972,-20.68222],[117.703542,-20.68778],[117.693452,-20.686001],[117.680432,-20.666601],[117.673502,-20.678931],[117.660532,-20.676471],[117.654322,-20.688911],[117.646892,-20.692991],[117.641691,-20.677981],[117.641661,-20.664991],[117.630731,-20.663771],[117.612031,-20.675211],[117.589961,-20.679771],[117.580411,-20.696651],[117.573301,-20.694031],[117.526991,-20.713971],[117.484621,-20.721591],[117.469371,-20.727712],[117.442572,-20.730602],[117.434562,-20.740502],[117.426992,-20.731132],[117.395171,-20.730592],[117.387721,-20.735342],[117.390501,-20.748442],[117.382811,-20.750712],[117.369832,-20.734222],[117.366722,-20.745742],[117.356902,-20.746943],[117.347532,-20.735652],[117.327442,-20.730632],[117.295492,-20.727122],[117.284682,-20.720252],[117.274002,-20.723162],[117.249992,-20.705432],[117.223092,-20.695142],[117.215852,-20.697972],[117.193602,-20.686452],[117.195852,-20.674572],[117.189132,-20.665082],[117.175212,-20.664162],[117.169822,-20.651852],[117.200013,-20.63253],[117.19297,-20.618439],[117.179098,-20.609615],[117.174346,-20.594753],[117.150294,-20.613506],[117.138018,-20.627472],[117.140312,-20.634883],[117.131412,-20.648093],[117.119402,-20.654973],[117.106752,-20.653043],[117.095892,-20.641843],[117.101552,-20.630103],[117.093031,-20.627153],[117.084502,-20.636063],[117.066372,-20.639543],[117.038802,-20.667574],[117.03499,-20.65311],[117.015486,-20.649979],[117.009553,-20.654254],[116.988127,-20.658549],[116.972492,-20.672476],[116.965442,-20.683266],[116.957862,-20.682066],[116.946442,-20.693436],[116.945192,-20.702816],[116.898773,-20.724107],[116.889503,-20.720547],[116.869823,-20.722247],[116.828193,-20.708718],[116.805708,-20.685048],[116.793713,-20.663573],[116.794527,-20.648581],[116.802194,-20.639948],[116.797341,-20.628075],[116.806411,-20.624801],[116.814142,-20.607131],[116.823228,-20.596418],[116.819102,-20.580795],[116.835662,-20.564671],[116.855032,-20.539332],[116.863852,-20.533394],[116.864279,-20.522143],[116.849077,-20.521669],[116.808738,-20.529266],[116.803996,-20.541213],[116.806686,-20.553299],[116.790011,-20.558203],[116.778041,-20.574841],[116.777261,-20.584119],[116.758902,-20.601528],[116.745418,-20.624609],[116.755372,-20.63153],[116.739932,-20.641089],[116.721658,-20.637941],[116.721658,-20.646346],[116.70157,-20.661852],[116.701679,-20.66919],[116.684414,-20.680378],[116.668054,-20.684839],[116.653934,-20.693029],[116.634004,-20.714459],[116.625814,-20.716479],[116.619424,-20.726719],[116.610874,-20.721339],[116.593194,-20.73745],[116.525909,-20.752861],[116.51421,-20.767921],[116.51378,-20.778531],[116.50147,-20.790891],[116.48929,-20.797171],[116.480531,-20.808011],[116.45945,-20.822651],[116.443471,-20.822711],[116.421331,-20.829741],[116.400171,-20.830302],[116.382861,-20.834202],[116.366911,-20.841922],[116.345391,-20.838822],[116.32903,-20.868003],[116.3222,-20.871743],[116.29085,-20.877693],[116.272441,-20.868933],[116.264641,-20.870653],[116.249592,-20.860073],[116.236371,-20.860333],[116.222561,-20.844154],[116.20459,-20.833754],[116.19945,-20.846754],[116.2001,-20.864474],[116.19303,-20.874195],[116.19103,-20.888425],[116.204501,-20.892575],[116.188071,-20.906375],[116.191621,-20.933015],[116.185051,-20.951655],[116.188102,-20.967896],[116.180422,-20.976606],[116.164532,-20.968736],[116.153502,-20.981396],[116.130452,-20.997017],[116.110802,-21.003047],[116.097092,-21.000447],[116.069422,-21.017038],[116.058962,-21.017478],[116.029242,-21.029429],[116.016732,-21.030999],[115.989383,-21.040109],[115.953663,-21.06423],[115.941873,-21.06806],[115.931272,-21.078091],[115.922732,-21.076161],[115.910562,-21.085851],[115.906212,-21.095101],[115.881502,-21.121142],[115.869993,-21.157362],[115.855863,-21.173372],[115.850303,-21.191862],[115.833533,-21.205602],[115.833753,-21.214632],[115.821505,-21.251523],[115.806204,-21.253303],[115.795984,-21.244813],[115.787544,-21.251563],[115.767424,-21.254113],[115.769304,-21.268343],[115.751854,-21.264803],[115.744584,-21.278773],[115.724444,-21.285383],[115.703144,-21.279463],[115.692875,-21.287213],[115.693805,-21.297383],[115.679296,-21.314154],[115.652546,-21.315654],[115.650336,-21.325584],[115.640326,-21.327134],[115.618084,-21.345684],[115.588783,-21.379895],[115.578143,-21.387195],[115.550914,-21.413065],[115.549255,-21.434726],[115.533336,-21.435796],[115.518576,-21.446576],[115.505947,-21.465256],[115.505787,-21.473726],[115.492747,-21.485766],[115.491507,-21.497867],[115.499408,-21.504707],[115.498998,-21.513967],[115.492068,-21.523167],[115.493869,-21.537157],[115.480919,-21.533287],[115.467747,-21.514737],[115.457316,-21.508477],[115.436598,-21.530188],[115.412909,-21.524798],[115.416139,-21.541929],[115.389569,-21.553739],[115.376399,-21.55099],[115.361508,-21.5626],[115.343548,-21.56734],[115.339958,-21.57244],[115.309537,-21.59045],[115.290847,-21.595521],[115.252067,-21.590761],[115.242317,-21.576801],[115.234427,-21.589151],[115.218336,-21.604361],[115.204046,-21.598001],[115.186866,-21.612421],[115.169856,-21.616681],[115.147166,-21.640612],[115.120236,-21.641972],[115.108809,-21.631568],[115.080946,-21.658402],[115.048926,-21.682012],[115.028056,-21.687513],[114.990816,-21.680643],[114.980276,-21.673903],[114.967966,-21.675413],[114.936136,-21.690764],[114.916195,-21.690823],[114.890916,-21.714274],[114.875476,-21.720754],[114.842096,-21.751105],[114.824836,-21.755775],[114.792036,-21.781705],[114.769466,-21.795086],[114.753996,-21.795786],[114.737686,-21.801016],[114.720886,-21.798786],[114.698796,-21.813726],[114.686136,-21.832946],[114.675486,-21.827656],[114.643606,-21.848927],[114.644727,-21.865407],[114.641737,-21.886858],[114.642507,-21.909328],[114.615218,-21.947629],[114.612938,-21.96152],[114.615748,-21.97619],[114.607048,-21.99042],[114.570598,-22.001781],[114.575438,-22.015781],[114.564189,-22.026842],[114.554138,-22.025262],[114.550639,-22.057993],[114.535619,-22.066013],[114.517339,-22.066464],[114.530049,-22.083614],[114.518789,-22.104045],[114.519389,-22.123235],[114.504859,-22.123566],[114.5017,-22.135536],[114.50655,-22.149186],[114.50364,-22.161037],[114.47711,-22.154257],[114.45566,-22.159548],[114.48182,-22.188228],[114.487221,-22.200208],[114.47842,-22.204818],[114.45539,-22.206948],[114.44968,-22.226466],[114.45597,-22.248935],[114.45207,-22.265635],[114.43486,-22.266526],[114.42976,-22.275436],[114.43726,-22.289326],[114.45654,-22.293286],[114.446949,-22.304227],[114.43362,-22.294967],[114.423059,-22.300597],[114.41152,-22.319887],[114.40872,-22.331167],[114.42302,-22.351497],[114.41004,-22.350017],[114.40129,-22.359597],[114.393369,-22.390967],[114.394809,-22.401687],[114.389819,-22.412057],[114.3814,-22.445677],[114.39183,-22.456977],[114.38356,-22.464757],[114.38172,-22.476377],[114.35485,-22.500606],[114.34028,-22.497867],[114.32087,-22.487347],[114.31871,-22.477747],[114.3225,-22.462977],[114.31744,-22.440617],[114.30907,-22.434967],[114.29001,-22.436847],[114.28237,-22.433786],[114.26197,-22.440626],[114.25284,-22.451897],[114.24117,-22.459207],[114.22563,-22.457368],[114.2262,-22.471698],[114.21621,-22.486008],[114.21861,-22.497188],[114.20181,-22.513169],[114.1888,-22.520809],[114.17324,-22.524379],[114.14957,-22.520139],[114.13859,-22.497539],[114.121799,-22.472668],[114.122589,-22.453827],[114.128329,-22.441656],[114.123019,-22.432056],[114.122099,-22.415806],[114.128189,-22.407806],[114.140929,-22.409195],[114.145838,-22.390255],[114.159618,-22.366934],[114.178218,-22.353442],[114.182368,-22.343522],[114.174188,-22.316194],[114.177498,-22.303224],[114.149498,-22.301463],[114.142918,-22.312054],[114.119708,-22.326995],[114.117078,-22.314915],[114.126418,-22.313925],[114.127088,-22.293955],[114.123738,-22.279275],[114.133007,-22.261584],[114.116087,-22.243945],[114.113357,-22.225095],[114.091987,-22.203365],[114.084757,-22.191275],[114.080266,-22.154135],[114.089342,-22.119185],[114.094081,-22.111754],[114.101949,-22.073974],[114.114968,-22.048733],[114.115989,-22.031023],[114.122569,-22.016253],[114.12443,-22.001033],[114.140754,-21.943042],[114.138734,-21.925212],[114.149464,-21.876132],[114.148873,-21.866652],[114.176493,-21.826631],[114.191014,-21.814581],[114.175934,-21.802821],[114.169665,-21.789041],[114.161215,-21.786211],[114.131572,-21.805571],[114.10802,-21.803272],[114.078749,-21.815962],[114.072079,-21.827572],[114.056959,-21.832162],[114.038071,-21.847013],[114.023922,-21.851153],[114.014343,-21.863213],[113.995084,-21.875463],[113.992024,-21.890123],[113.979634,-21.911074],[113.969565,-21.920184],[113.963945,-21.938004],[113.945276,-21.954645],[113.941956,-21.970205],[113.933596,-21.973225],[113.933246,-21.998885],[113.924886,-22.006985],[113.920706,-22.023825],[113.912066,-22.036106],[113.907336,-22.054426],[113.893777,-22.083336],[113.882057,-22.123947],[113.866887,-22.151067],[113.858128,-22.176987],[113.846968,-22.224818],[113.835778,-22.241738],[113.831779,-22.261408],[113.832909,-22.274589],[113.823569,-22.293749],[113.816199,-22.315709],[113.7897,-22.36053],[113.78176,-22.36636],[113.78031,-22.37676],[113.76547,-22.38435],[113.74938,-22.408421],[113.75104,-22.415741],[113.7469,-22.445101],[113.737741,-22.471031],[113.722981,-22.496212],[113.707921,-22.496702],[113.716461,-22.510262],[113.713761,-22.517962],[113.697102,-22.537752],[113.681362,-22.541623],[113.665302,-22.550123],[113.660062,-22.559653],[113.654012,-22.583393],[113.666712,-22.588693],[113.673612,-22.596863],[113.674532,-22.613543],[113.668262,-22.628723],[113.681523,-22.650583],[113.685793,-22.673444],[113.671013,-22.698964],[113.677123,-22.723044],[113.694323,-22.716114],[113.709393,-22.715284],[113.740564,-22.738544],[113.755254,-22.756224],[113.771424,-22.785264],[113.777464,-22.811144],[113.793804,-22.842664],[113.794214,-22.855974],[113.801184,-22.886805],[113.816655,-22.906935],[113.818615,-22.926315],[113.826185,-22.956016],[113.824825,-22.973616],[113.819755,-22.977056],[113.829485,-22.994887],[113.827685,-23.003407],[113.829426,-23.030908],[113.821786,-23.050518],[113.812495,-23.082769],[113.789665,-23.10674],[113.762755,-23.1189],[113.770855,-23.13065],[113.764895,-23.1579],[113.764476,-23.180351],[113.771636,-23.186131],[113.775036,-23.202671],[113.770376,-23.217841],[113.783316,-23.252422],[113.783477,-23.272162],[113.791947,-23.283782],[113.793667,-23.311492],[113.789917,-23.321142],[113.788108,-23.365153],[113.779188,-23.373714],[113.776498,-23.391494],[113.782298,-23.402894],[113.782119,-23.441125],[113.779729,-23.470595],[113.775389,-23.484826],[113.765509,-23.493886],[113.76396,-23.513646],[113.75326,-23.528236],[113.73751,-23.540717],[113.72587,-23.545007],[113.70047,-23.575201],[113.674489,-23.590514],[113.650858,-23.599586],[113.64345,-23.612413],[113.613213,-23.630908],[113.615313,-23.641488],[113.610803,-23.652147],[113.596614,-23.663358],[113.591695,-23.698938],[113.583365,-23.707718],[113.578585,-23.726158],[113.567276,-23.752229],[113.554956,-23.765559],[113.531906,-23.774839],[113.520177,-23.797639],[113.521657,-23.807429],[113.513827,-23.84733],[113.497098,-23.873231],[113.481178,-23.885131],[113.470308,-23.898561],[113.471449,-23.911401],[113.464999,-23.925572],[113.470909,-23.966452],[113.4587,-24.013642],[113.446941,-24.032173],[113.429991,-24.032653],[113.422151,-24.042933],[113.427951,-24.055793],[113.428122,-24.080733],[113.419422,-24.090333],[113.436202,-24.122914],[113.444742,-24.146374],[113.443343,-24.181694],[113.429494,-24.204404],[113.409115,-24.223505],[113.390165,-24.223995],[113.396525,-24.264715],[113.405446,-24.294155],[113.405376,-24.323385],[113.403057,-24.331285],[113.407307,-24.362076],[113.402157,-24.374956],[113.403198,-24.397516],[113.399528,-24.411406],[113.404028,-24.439836],[113.406958,-24.484176],[113.421899,-24.496216],[113.427619,-24.515616],[113.435649,-24.521576],[113.449269,-24.542877],[113.471879,-24.557717],[113.489939,-24.575957],[113.5187,-24.618416],[113.539501,-24.639457],[113.566291,-24.675365],[113.576571,-24.684475],[113.595192,-24.710594],[113.617272,-24.736344],[113.629112,-24.760224],[113.632253,-24.772854],[113.632723,-24.797444],[113.630093,-24.817654],[113.620563,-24.843515],[113.617533,-24.858645],[113.630413,-24.864135],[113.646983,-24.864515],[113.676463,-24.848724],[113.680453,-24.856264],[113.649243,-24.871395],[113.646054,-24.878175],[113.655494,-24.886825],[113.646894,-24.899155],[113.662964,-24.898525],[113.677804,-24.924985],[113.679974,-24.939305],[113.670354,-24.945095],[113.661705,-24.974796],[113.665985,-25.022706],[113.674246,-25.043026],[113.686876,-25.060636],[113.697706,-25.086596],[113.724677,-25.115507],[113.739897,-25.127367],[113.769627,-25.136306],[113.789197,-25.154596],[113.802207,-25.157316],[113.817067,-25.173566],[113.821147,-25.188677],[113.836887,-25.210227],[113.848158,-25.256927],[113.847168,-25.270127],[113.871479,-25.290317],[113.862429,-25.297647],[113.891339,-25.337007],[113.893339,-25.365998],[113.89831,-25.387538],[113.91384,-25.400948],[113.90205,-25.410088],[113.92503,-25.432978],[113.929139,-25.442678],[113.944179,-25.458678],[113.948421,-25.477168],[113.939731,-25.480228],[113.964863,-25.514488],[113.970593,-25.530838],[113.98629,-25.554959],[113.990189,-25.58992],[114.003049,-25.59991],[114.015139,-25.615868],[114.045179,-25.669004],[114.058472,-25.674923],[114.091091,-25.696372],[114.119555,-25.728185],[114.122494,-25.737335],[114.114114,-25.743165],[114.119404,-25.755256],[114.133394,-25.771658],[114.138264,-25.769768],[114.171435,-25.81264],[114.202585,-25.84049],[114.212855,-25.85767],[114.227045,-25.862],[114.232095,-25.87567],[114.259125,-25.88072],[114.266835,-25.88774],[114.248096,-25.92354],[114.249367,-25.947001],[114.256917,-25.989661],[114.245047,-25.992551],[114.223607,-25.987401],[114.225667,-25.973651],[114.218447,-25.968891],[114.197937,-25.978401],[114.194667,-25.983571],[114.198337,-26.005682],[114.209567,-26.017062],[114.209147,-26.031612],[114.223118,-26.044022],[114.222598,-26.056542],[114.239278,-26.072702],[114.240878,-26.086022],[114.233788,-26.104682],[114.236019,-26.117782],[114.246789,-26.127012],[114.254709,-26.144892],[114.253839,-26.155372],[114.241339,-26.165863],[114.225349,-26.165043],[114.219899,-26.139513],[114.210679,-26.157803],[114.191179,-26.168333],[114.18829,-26.180263],[114.1928,-26.189664],[114.19189,-26.203644],[114.20553,-26.224064],[114.20403,-26.244795],[114.21578,-26.256185],[114.21754,-26.266015],[114.23097,-26.273355],[114.23798,-26.283905],[114.237651,-26.312765],[114.225131,-26.334305],[114.215901,-26.341546],[114.217271,-26.363776],[114.210282,-26.372056],[114.193882,-26.381706],[114.166352,-26.390016],[114.156462,-26.410107],[114.126662,-26.428417],[114.113412,-26.445757],[114.096222,-26.456977],[114.089562,-26.467617],[114.074452,-26.462287],[114.075412,-26.447737],[114.059682,-26.433707],[114.053862,-26.419217],[114.021292,-26.391477],[114.006732,-26.375307],[113.980802,-26.354197],[113.972862,-26.342507],[113.967372,-26.321667],[113.967251,-26.293926],[113.950481,-26.267597],[113.954531,-26.248637],[113.959511,-26.244227],[113.94241,-26.225337],[113.93431,-26.203947],[113.93522,-26.181837],[113.947559,-26.143006],[113.938879,-26.129846],[113.930389,-26.133926],[113.918009,-26.130696],[113.906669,-26.109306],[113.904588,-26.088906],[113.908458,-26.054496],[113.895278,-26.039426],[113.893858,-26.026465],[113.902487,-25.998745],[113.914427,-25.982435],[113.906417,-25.960115],[113.891947,-25.960575],[113.869857,-25.947045],[113.865247,-25.955965],[113.868387,-25.978405],[113.885248,-26.029306],[113.886298,-26.043626],[113.880028,-26.071046],[113.863139,-26.098727],[113.845849,-26.121437],[113.830079,-26.153847],[113.811015,-26.18112],[113.78024,-26.213409],[113.76222,-26.212209],[113.759289,-26.191579],[113.74669,-26.204459],[113.73481,-26.208089],[113.72102,-26.196729],[113.727989,-26.180139],[113.719079,-26.169779],[113.709889,-26.143739],[113.701118,-26.13191],[113.703228,-26.12593],[113.699157,-26.094591],[113.704636,-26.085331],[113.699924,-26.044962],[113.710885,-26.03141],[113.719006,-26.028689],[113.734327,-26.013658],[113.729997,-25.986967],[113.735497,-25.975127],[113.731638,-25.949526],[113.737637,-25.931366],[113.747747,-25.925616],[113.758477,-25.905095],[113.761857,-25.878595],[113.750757,-25.872385],[113.729687,-25.869555],[113.720357,-25.851835],[113.719487,-25.840445],[113.724236,-25.819585],[113.721929,-25.793191],[113.703587,-25.794089],[113.691993,-25.789351],[113.672826,-25.772275],[113.663625,-25.754335],[113.653925,-25.745415],[113.626415,-25.733535],[113.606655,-25.714325],[113.589674,-25.669855],[113.590944,-25.658125],[113.585384,-25.640184],[113.558634,-25.635505],[113.537754,-25.625765],[113.525233,-25.607794],[113.515162,-25.555774],[113.519342,-25.528143],[113.511082,-25.503303],[113.499732,-25.513773],[113.498832,-25.526854],[113.486082,-25.550964],[113.472752,-25.558264],[113.466482,-25.575284],[113.449083,-25.610885],[113.431983,-25.625725],[113.423524,-25.660906],[113.415234,-25.683786],[113.415284,-25.706686],[113.419625,-25.712226],[113.414475,-25.724737],[113.431495,-25.738547],[113.437425,-25.753337],[113.454205,-25.764887],[113.460265,-25.739746],[113.446485,-25.723016],[113.444665,-25.709476],[113.453154,-25.702956],[113.468954,-25.707396],[113.473245,-25.730526],[113.467135,-25.731076],[113.472885,-25.767076],[113.478696,-25.783337],[113.474036,-25.796467],[113.464296,-25.808577],[113.478206,-25.826207],[113.494016,-25.833577],[113.512917,-25.852117],[113.511277,-25.859787],[113.525307,-25.884177],[113.523017,-25.904028],[113.517617,-25.919578],[113.547648,-25.934758],[113.559108,-25.946398],[113.555817,-25.965678],[113.561267,-25.989378],[113.560576,-25.998749],[113.572828,-26.006988],[113.573348,-26.025829],[113.567249,-26.038799],[113.573919,-26.062319],[113.580529,-26.073079],[113.5803,-26.097219],[113.588669,-26.094389],[113.620809,-26.100899],[113.626949,-26.112959],[113.639458,-26.121969],[113.642609,-26.136399],[113.659519,-26.152059],[113.663129,-26.165389],[113.682579,-26.178529],[113.687479,-26.186189],[113.68338,-26.198369],[113.69066,-26.210539],[113.68805,-26.217539],[113.70433,-26.224389],[113.75352,-26.233319],[113.79775,-26.252269],[113.836641,-26.280818],[113.840561,-26.291068],[113.864791,-26.310168],[113.883561,-26.341009],[113.880482,-26.354319],[113.885442,-26.371449],[113.875222,-26.38603],[113.870522,-26.40194],[113.882253,-26.42006],[113.887384,-26.4497],[113.885164,-26.45884],[113.889024,-26.4815],[113.882864,-26.50847],[113.863654,-26.536721],[113.845514,-26.549181],[113.833105,-26.551251],[113.812366,-26.576002],[113.814227,-26.603852],[113.807717,-26.610972],[113.787617,-26.605053],[113.780547,-26.592782],[113.763587,-26.588873],[113.751736,-26.610213],[113.726886,-26.612983],[113.714186,-26.606803],[113.697006,-26.611464],[113.693657,-26.630534],[113.686887,-26.633924],[113.688937,-26.649034],[113.676678,-26.667895],[113.664009,-26.674456],[113.659088,-26.668156],[113.659297,-26.648864],[113.665697,-26.645584],[113.652545,-26.605574],[113.643786,-26.616184],[113.633975,-26.610784],[113.635455,-26.595104],[113.632155,-26.576613],[113.633505,-26.563643],[113.628695,-26.540193],[113.634444,-26.530933],[113.638153,-26.502853],[113.632733,-26.487633],[113.637093,-26.471272],[113.626683,-26.471733],[113.618074,-26.498363],[113.625294,-26.532193],[113.616385,-26.534003],[113.620104,-26.510773],[113.596924,-26.522643],[113.599215,-26.544634],[113.589205,-26.560214],[113.591365,-26.578704],[113.584745,-26.596304],[113.571785,-26.578164],[113.558225,-26.574004],[113.559825,-26.547154],[113.563944,-26.532384],[113.577194,-26.504623],[113.575554,-26.495823],[113.563013,-26.493923],[113.552323,-26.469113],[113.561713,-26.461323],[113.562313,-26.441023],[113.567072,-26.433343],[113.561512,-26.402782],[113.548712,-26.380912],[113.554811,-26.351812],[113.549031,-26.334331],[113.540512,-26.324751],[113.538912,-26.314391],[113.545491,-26.30275],[113.536461,-26.28426],[113.518311,-26.284501],[113.513692,-26.302102],[113.501422,-26.311802],[113.515962,-26.322062],[113.512462,-26.336502],[113.520362,-26.351832],[113.527382,-26.356572],[113.524842,-26.376703],[113.517762,-26.380483],[113.517022,-26.396953],[113.508632,-26.401243],[113.504503,-26.415913],[113.509283,-26.439823],[113.503293,-26.468814],[113.494643,-26.481454],[113.486493,-26.484834],[113.476963,-26.477054],[113.477573,-26.457324],[113.488093,-26.439154],[113.490843,-26.425393],[113.499373,-26.424603],[113.501623,-26.413543],[113.495723,-26.401363],[113.486573,-26.396523],[113.489062,-26.377113],[113.507982,-26.380723],[113.506592,-26.363913],[113.487802,-26.357043],[113.497312,-26.346773],[113.498812,-26.336053],[113.482772,-26.320722],[113.478632,-26.308202],[113.481382,-26.297032],[113.479871,-26.271092],[113.462211,-26.253382],[113.459571,-26.221802],[113.448311,-26.212552],[113.44431,-26.168001],[113.4293,-26.165171],[113.42167,-26.154011],[113.4248,-26.142951],[113.41817,-26.126711],[113.4108,-26.127611],[113.39672,-26.113951],[113.4003,-26.105721],[113.385559,-26.092181],[113.384309,-26.076831],[113.388189,-26.0695],[113.379579,-26.05224],[113.377339,-26.03972],[113.363739,-26.01748],[113.356979,-26.03327],[113.364469,-26.03971],[113.368319,-26.068031],[113.377939,-26.078641],[113.373429,-26.097131],[113.3873,-26.111471],[113.37877,-26.153651],[113.382871,-26.202502],[113.364601,-26.210722],[113.366341,-26.237572],[113.357451,-26.245352],[113.354172,-26.276373],[113.344892,-26.294193],[113.354662,-26.300853],[113.358522,-26.328044],[113.370792,-26.349024],[113.370693,-26.357564],[113.382563,-26.360994],[113.382303,-26.385244],[113.392823,-26.392694],[113.368383,-26.399225],[113.361503,-26.379254],[113.362062,-26.338374],[113.353382,-26.331194],[113.347612,-26.343604],[113.336712,-26.344944],[113.326702,-26.337274],[113.331212,-26.329154],[113.324332,-26.318994],[113.333482,-26.311444],[113.328232,-26.299703],[113.331122,-26.292153],[113.322132,-26.265973],[113.318521,-26.239123],[113.324791,-26.228183],[113.319051,-26.213743],[113.325441,-26.204832],[113.320071,-26.194562],[113.321961,-26.179672],[113.31903,-26.116832],[113.308189,-26.085122],[113.311079,-26.068651],[113.308979,-26.046321],[113.295388,-26.025201],[113.284619,-26.040081],[113.291609,-26.047761],[113.286479,-26.055201],[113.284199,-26.076302],[113.291559,-26.085442],[113.28779,-26.102132],[113.29153,-26.110712],[113.28734,-26.155613],[113.28219,-26.173203],[113.274921,-26.183683],[113.278031,-26.194293],[113.275681,-26.214213],[113.280051,-26.226443],[113.267711,-26.238953],[113.264871,-26.208153],[113.260891,-26.191223],[113.222761,-26.177743],[113.19725,-26.173983],[113.19339,-26.164273],[113.1739,-26.154084],[113.16254,-26.143564],[113.15627,-26.151674],[113.16812,-26.162194],[113.177841,-26.179814],[113.193331,-26.191004],[113.205191,-26.204564],[113.236421,-26.233494],[113.264032,-26.272004],[113.277522,-26.294014],[113.299383,-26.347395],[113.292353,-26.354955],[113.294223,-26.363865],[113.308233,-26.387455],[113.296693,-26.400195],[113.326503,-26.426275],[113.329004,-26.433725],[113.349554,-26.454155],[113.369734,-26.470065],[113.411494,-26.509325],[113.427684,-26.521175],[113.446755,-26.540795],[113.475005,-26.563465],[113.479775,-26.570005],[113.503515,-26.588595],[113.517966,-26.605955],[113.558317,-26.644495],[113.584357,-26.671426],[113.611819,-26.707816],[113.642302,-26.743518],[113.648362,-26.756818],[113.667023,-26.777757],[113.680144,-26.797696],[113.693514,-26.810636],[113.709805,-26.835186],[113.736696,-26.866477],[113.756407,-26.892138],[113.763507,-26.906548],[113.783098,-26.929048],[113.795899,-26.952129],[113.81627,-26.979469],[113.831121,-27.014258],[113.860933,-27.060478],[113.933777,-27.181808],[113.941737,-27.191968],[113.966426,-27.232014],[114.011477,-27.312379],[114.051992,-27.391057],[114.069445,-27.430746],[114.081704,-27.45212],[114.092179,-27.478845],[114.103051,-27.499391],[114.112672,-27.528605],[114.114693,-27.54335],[114.128357,-27.585176],[114.14358,-27.620864],[114.151589,-27.650721],[114.158784,-27.693008],[114.168496,-27.69719],[114.157971,-27.70848],[114.152257,-27.732766],[114.13917,-27.744819],[114.131669,-27.76595],[114.126299,-27.768766],[114.11896,-27.787958],[114.112308,-27.815211],[114.112488,-27.826359],[114.105093,-27.849492],[114.120773,-27.886988],[114.137659,-27.946277],[114.165892,-28.064159],[114.169631,-28.09356],[114.175106,-28.1109],[114.196087,-28.12605],[114.228537,-28.167074],[114.239521,-28.186845],[114.25284,-28.192042],[114.278597,-28.211463],[114.307112,-28.22219],[114.321181,-28.230331],[114.33404,-28.256753],[114.355737,-28.283915],[114.374435,-28.298163],[114.384834,-28.31621],[114.405392,-28.335488],[114.408029,-28.351749],[114.428054,-28.376995],[114.432984,-28.394242],[114.456191,-28.412603],[114.494687,-28.450561],[114.530996,-28.496042],[114.549225,-28.527027],[114.556284,-28.53412],[114.570269,-28.566743],[114.6017,-28.624143],[114.605374,-28.649011],[114.612425,-28.663534],[114.605724,-28.686676],[114.618976,-28.719306],[114.617785,-28.749816],[114.613343,-28.766084],[114.606372,-28.773958],[114.576421,-28.777903],[114.598108,-28.792495],[114.612243,-28.795347],[114.619578,-28.806358],[114.628663,-28.830535],[114.623948,-28.843282],[114.634901,-28.861359],[114.634522,-28.874875],[114.696743,-28.942045],[114.724272,-28.964105],[114.745322,-28.985385],[114.784926,-29.019713],[114.801739,-29.039238],[114.809448,-29.043793],[114.831984,-29.066018],[114.855271,-29.093339],[114.872084,-29.116741],[114.873972,-29.128651],[114.887683,-29.158338],[114.888093,-29.17043],[114.901503,-29.20808],[114.920793,-29.255486],[114.922057,-29.270183],[114.914436,-29.277415],[114.921204,-29.287802],[114.926874,-29.312732],[114.945462,-29.332536],[114.958572,-29.365351],[114.960054,-29.379339],[114.95634,-29.397405],[114.967818,-29.415161],[114.974207,-29.437245],[114.990897,-29.473935],[114.997569,-29.493548],[114.997224,-29.513595],[114.986634,-29.532279],[114.977133,-29.55739],[114.977591,-29.583822],[114.974779,-29.603805],[114.966664,-29.62858],[114.965882,-29.647824],[114.960443,-29.663614],[114.957949,-29.683704],[114.959948,-29.717568],[114.958049,-29.738091],[114.959298,-29.770488],[114.96483,-29.808755],[114.975472,-29.83017],[114.9818,-29.852865],[114.977882,-29.862789],[114.979173,-29.897122],[114.982742,-29.911024],[114.977788,-29.945078],[114.962836,-29.973929],[114.963119,-29.994801],[114.969522,-30.007584],[114.963115,-30.015854],[114.959264,-30.049314],[114.965309,-30.054523],[114.964302,-30.069287],[114.984038,-30.079087],[115.001771,-30.132213],[115.00622,-30.159243],[114.994663,-30.186168],[114.997391,-30.200307],[114.992691,-30.207583],[115.003156,-30.227952],[115.020394,-30.233289],[115.032096,-30.242117],[115.041074,-30.267992],[115.042799,-30.282583],[115.039706,-30.298277],[115.020465,-30.317038],[115.042,-30.337814],[115.047366,-30.362508],[115.051443,-30.394668],[115.050572,-30.424339],[115.062491,-30.448896],[115.062783,-30.458114],[115.071196,-30.478059],[115.068848,-30.491644],[115.057312,-30.50379],[115.075752,-30.520476],[115.094183,-30.548275],[115.087663,-30.578365],[115.103602,-30.591548],[115.102005,-30.601752],[115.115227,-30.620425],[115.120854,-30.636237],[115.131748,-30.652979],[115.133771,-30.666747],[115.144775,-30.684778],[115.15415,-30.717807],[115.165035,-30.734127],[115.178039,-30.759967],[115.190247,-30.793067],[115.189705,-30.824857],[115.204504,-30.823381],[115.219791,-30.832686],[115.237999,-30.85693],[115.242173,-30.868074],[115.250986,-30.873152],[115.268024,-30.900085],[115.268221,-30.912121],[115.276353,-30.918728],[115.294586,-30.949245],[115.312809,-30.973147],[115.325324,-30.998787],[115.332518,-31.029923],[115.339283,-31.039515],[115.352244,-31.068299],[115.367199,-31.094115],[115.371104,-31.110104],[115.383226,-31.121401],[115.399236,-31.180369],[115.423988,-31.229873],[115.424922,-31.236819],[115.440517,-31.276682],[115.464109,-31.306467],[115.503666,-31.362875],[115.515588,-31.373773],[115.5504,-31.42737],[115.560745,-31.45522],[115.670095,-31.455129],[115.678385,-31.477001],[115.855007,-31.474564],[115.855193,-31.572715],[115.861686,-31.572715],[115.861396,-31.627194],[115.883472,-31.627523],[115.883416,-31.644683],[115.888611,-31.652715],[115.90507,-31.652601],[115.912,-31.66281],[115.937532,-31.673206],[115.937533,-31.682963],[115.955359,-31.682999],[115.957951,-31.709609],[115.954086,-31.731759],[115.957101,-31.741807],[115.982838,-31.741886],[116.094234,-31.742279],[116.095581,-31.712055],[116.107807,-31.712062],[116.099034,-31.695844],[116.148679,-31.667658],[116.148768,-31.625783],[116.131737,-31.625768],[116.131793,-31.600297],[116.150727,-31.600179],[116.150741,-31.527592],[116.165808,-31.527666],[116.16518,-31.354327],[116.245571,-31.354112],[116.245005,-31.23057],[116.308167,-31.236653],[116.360671,-31.236504],[116.40254,-31.307601],[116.440235,-31.291241],[116.449266,-31.305545],[116.492122,-31.286687],[116.498913,-31.298133],[116.547855,-31.276656],[116.568785,-31.311746],[116.613978,-31.278721],[116.625346,-31.273595],[116.597809,-31.395178],[116.591697,-31.405066],[116.59775,-31.415594],[116.598283,-31.43642],[116.604068,-31.455263],[116.597681,-31.47274],[116.594758,-31.495511],[116.600232,-31.509432],[116.650585,-31.488068],[116.660768,-31.495075],[116.674574,-31.486892],[116.680426,-31.497283],[116.696136,-31.492863],[116.705684,-31.499139],[116.731427,-31.488814],[116.742497,-31.489019],[116.749725,-31.501868],[116.762718,-31.50384],[116.783691,-31.49495],[116.788988,-31.496533],[116.818969,-31.484561],[116.829229,-31.50238],[116.850748,-31.493356],[116.86034,-31.519217],[116.85717,-31.530055],[116.862251,-31.538995],[116.874875,-31.53373],[116.886001,-31.560855],[116.912775,-31.60647],[116.961452,-31.68298],[116.943549,-31.690709],[116.957017,-31.708255],[116.989337,-31.761261],[117.004923,-31.767215],[117.014163,-31.783933],[117.020857,-31.784291],[117.057647,-31.770087],[117.075297,-31.797788],[117.106657,-31.807251],[117.123759,-31.799935],[117.134159,-31.817336],[117.154035,-31.808684],[117.154248,-31.801204],[117.175504,-31.8012],[117.185362,-31.795475],[117.22863,-31.795079],[117.227925,-31.817842],[117.235787,-31.817836],[117.255778,-31.83217],[117.271621,-31.849981],[117.280612,-31.845915],[117.288631,-31.856223],[117.327113,-31.841848],[117.391114,-31.813993],[117.388688,-31.805133],[117.428026,-31.807919],[117.428031,-31.820717],[117.445352,-31.820713],[117.4846,-31.828624],[117.484607,-31.838794],[117.538946,-31.84101],[117.549957,-31.829608],[117.597848,-31.825478],[117.609528,-31.819197],[117.626631,-31.819186],[117.648654,-31.813906],[117.681847,-31.823384],[117.722932,-31.809957],[117.747342,-31.816736],[117.788185,-31.815818],[117.793918,-31.811405],[117.87919,-31.811603],[117.879234,-31.828581],[117.992069,-31.828698],[117.991937,-31.708666],[117.981493,-31.700852],[118.019277,-31.700524],[118.027195,-31.714807],[118.053196,-31.714781],[118.053204,-31.72003],[118.114731,-31.719886],[118.113094,-31.713429],[118.164516,-31.703188],[118.166496,-31.710207],[118.2356,-31.696448],[118.378141,-31.6965],[118.378345,-31.78133],[118.66999,-31.78031],[118.669987,-31.783384],[118.708374,-31.783261],[118.708449,-31.774189],[118.733856,-31.757772],[118.789911,-31.757553],[118.738919,-31.695583],[118.804433,-31.695543],[118.804326,-31.61842],[118.755113,-31.618452],[118.755069,-31.555358],[118.740999,-31.555373],[118.740901,-31.481789],[118.737368,-31.481792],[118.737491,-31.421554],[118.739968,-31.40655],[118.740358,-31.352985],[118.762809,-31.352968],[118.76278,-31.328474],[118.739536,-31.328489],[118.738657,-31.259378],[118.758963,-31.243574],[118.772108,-31.243574],[118.772107,-31.217913],[118.81008,-31.217907],[118.811075,-31.149038],[118.823604,-31.14914],[118.82355,-31.121013],[118.848544,-31.120972],[118.843879,-31.100655],[118.843885,-31.074875],[118.870448,-31.074881],[118.874303,-31.04996],[118.874301,-31.020716],[118.86341,-31.007255],[118.863406,-30.962139],[118.891025,-30.962142],[118.891022,-30.967585],[118.918405,-30.967584],[118.919821,-30.934358],[118.945571,-30.933797],[118.95748,-30.926315],[118.944858,-30.9031],[118.943913,-30.895215],[118.92966,-30.885307],[118.928314,-30.862632],[118.91181,-30.862635],[118.917335,-30.847196],[118.895111,-30.837461],[118.877243,-30.837481],[118.877227,-30.827265],[118.859642,-30.827277],[118.859633,-30.817494],[118.825045,-30.817885],[118.825038,-30.81152],[118.784855,-30.81153],[118.784853,-30.770448],[118.761202,-30.770448],[118.758614,-30.758125],[118.772909,-30.757915],[118.772861,-30.720962],[118.755178,-30.720975],[118.751477,-30.690997],[118.751476,-30.632799],[118.656545,-30.465902],[118.507917,-30.203307],[118.507982,-30.028956],[118.508059,-29.832912],[118.508165,-29.636857],[118.457979,-29.389486],[118.4357,-29.279378],[118.435744,-29.105093],[118.720335,-29.106923],[118.720338,-29.292284],[118.874722,-29.292282],[119.058162,-29.29228],[119.200641,-29.290941],[119.344406,-29.110937],[119.663042,-29.112987],[119.775784,-28.915122],[119.77576,-28.847827],[119.802614,-28.847811],[119.80261,-28.464089],[120.045187,-28.464007],[120.044976,-28.291144],[120.196178,-28.291143],[120.196175,-28.047205],[120.154283,-28.047607],[120.154565,-28.043124],[120.156732,-27.743293],[120.157504,-27.612622],[120.074693,-27.612623],[120.074692,-27.502273],[120.058396,-27.502273],[120.058394,-27.290273],[119.584957,-27.290279],[119.584957,-27.242168],[119.332534,-27.242172],[119.201084,-27.231052],[119.196835,-27.202254],[119.204151,-27.181473],[119.201353,-27.169384],[119.236548,-27.062833],[119.27324,-27.014926],[119.287867,-27.008656],[119.331985,-26.899386],[119.339526,-26.863788],[119.411368,-26.785149],[119.44751,-26.768846],[119.485836,-26.722018],[119.501878,-26.680885],[119.528459,-26.644437],[119.576661,-26.605727],[119.582514,-26.592189],[119.583425,-26.577687],[119.602435,-26.571102],[119.613872,-26.552722],[119.737742,-26.480937],[119.749699,-26.468639],[119.776534,-26.45288],[119.792255,-26.449601],[119.804642,-26.440293],[119.804632,-26.382191],[119.81424,-26.364844],[119.867298,-26.256946],[119.883042,-26.24061],[119.894457,-26.213614],[119.912919,-26.199569],[119.921764,-26.187648],[119.933613,-26.14918],[119.941338,-26.140813],[119.954958,-26.106648],[119.961071,-26.085744],[119.977039,-26.06053],[120.00788,-26.027034],[120.118849,-25.754399],[120.112185,-25.725973],[120.107113,-25.659831],[120.107256,-25.631867],[120.099447,-25.621901],[120.093633,-25.584122],[120.091892,-25.561182],[120.086425,-25.551889],[120.088338,-25.527427],[120.085041,-25.338552],[120.136996,-25.232399],[120.162074,-25.212254],[120.167323,-25.200341],[120.176782,-25.201493],[120.202186,-25.192078],[120.198524,-25.162915],[120.18968,-25.142323],[120.115382,-24.997553],[120.105409,-24.940156],[120.08835,-24.915898],[120.060788,-24.853591],[120.055309,-24.844965],[120.05603,-24.73353],[120.042849,-24.707384],[120.053557,-24.665107],[120.070031,-24.608984],[120.076754,-24.595811],[120.08504,-24.552886],[120.092481,-24.540142],[120.082266,-24.525611],[120.077082,-24.502356],[120.066654,-24.493012],[120.078139,-24.476128],[120.111407,-24.456297],[120.113455,-24.451141],[120.132462,-24.370668],[120.158357,-24.344498],[120.183458,-24.330903],[120.212861,-24.28579],[120.219556,-24.246102],[120.241719,-24.221739],[120.287798,-24.15924],[120.2945,-24.14348],[120.321122,-24.108595],[120.364918,-24.072009],[120.41012,-24.017236],[120.43642,-23.953645],[120.493061,-23.866211],[120.512744,-23.848088],[120.524433,-23.852915],[120.542014,-23.849374],[120.610007,-23.812349],[120.612023,-23.805305],[120.671006,-23.72795],[121.004776,-23.727947],[121.004772,-23.440313],[121.29606,-23.440503],[121.504833,-23.440328],[121.656532,-23.440713],[121.842459,-23.440984],[122.013707,-23.441037],[122.253456,-23.440797],[122.483783,-23.440217],[122.635257,-23.44121],[122.855144,-23.44239],[122.99685,-23.442986],[123.221627,-23.443668],[123.412201,-23.443992],[123.558797,-23.444084],[123.79335,-23.443944],[124.120744,-23.443158],[124.360179,-23.44215],[124.668017,-23.440313],[124.785322,-23.441452],[125.03949,-23.443617],[125.489188,-23.446435],[126.001329,-23.44908],[127.815929,-23.440315],[128.483794,-23.441419],[129.000535,-23.440312]]],[[[113.2379,-26.106352],[113.230829,-26.076222],[113.219739,-26.058382],[113.219779,-26.036722],[113.210899,-26.038172],[113.202548,-26.027322],[113.203978,-26.003292],[113.193868,-26.001252],[113.166998,-25.979822],[113.163478,-25.959722],[113.166417,-25.947212],[113.150727,-25.941282],[113.149167,-25.951872],[113.156838,-25.964662],[113.151278,-25.976932],[113.136678,-25.977432],[113.131668,-25.957772],[113.132387,-25.939612],[113.126497,-25.922432],[113.142417,-25.910322],[113.138847,-25.900832],[113.156007,-25.887821],[113.140547,-25.886281],[113.131607,-25.879811],[113.121127,-25.880431],[113.109726,-25.867971],[113.114756,-25.838651],[113.099966,-25.810261],[113.097226,-25.78915],[113.084565,-25.77994],[113.076785,-25.76862],[113.063705,-25.72827],[113.071105,-25.72041],[113.057985,-25.70601],[113.050984,-25.672009],[113.038414,-25.633349],[113.038883,-25.618339],[113.029733,-25.608699],[113.023183,-25.584739],[113.009403,-25.561188],[113.007513,-25.528678],[113.020412,-25.497608],[113.000242,-25.500428],[112.986462,-25.497298],[112.970672,-25.480388],[112.928673,-25.526509],[112.928763,-25.564199],[112.921124,-25.58819],[112.929794,-25.6432],[112.936984,-25.64686],[112.957985,-25.704761],[112.968965,-25.719051],[112.972315,-25.738481],[112.979595,-25.749471],[112.976935,-25.773151],[112.967175,-25.778512],[113.000086,-25.831622],[113.022966,-25.860412],[113.030987,-25.893853],[113.046387,-25.923613],[113.061237,-25.944003],[113.106898,-25.988573],[113.135968,-26.022343],[113.157499,-26.055893],[113.164809,-26.081523],[113.18159,-26.123633],[113.19035,-26.121953],[113.20858,-26.134853],[113.21279,-26.158553],[113.22908,-26.143573],[113.22311,-26.125513],[113.23524,-26.123503],[113.2379,-26.106352]]],[[[115.476919,-20.733548],[115.461619,-20.707728],[115.463129,-20.688078],[115.460829,-20.674418],[115.435609,-20.665658],[115.419319,-20.681828],[115.41131,-20.700018],[115.39776,-20.711659],[115.38962,-20.728599],[115.37465,-20.747139],[115.35965,-20.75326],[115.35184,-20.77238],[115.33685,-20.79192],[115.32717,-20.79935],[115.3122,-20.833791],[115.306821,-20.860441],[115.321861,-20.885151],[115.329441,-20.887291],[115.332781,-20.867751],[115.350921,-20.865141],[115.365461,-20.871111],[115.374021,-20.890521],[115.394931,-20.886431],[115.408721,-20.86699],[115.420731,-20.8637],[115.41974,-20.85038],[115.42452,-20.83807],[115.44745,-20.82889],[115.44672,-20.82381],[115.45879,-20.791839],[115.47065,-20.777599],[115.46919,-20.766989],[115.476919,-20.733548]]],[[[124.655094,-15.398576],[124.629114,-15.393426],[124.619514,-15.381606],[124.626164,-15.374786],[124.621244,-15.362476],[124.608764,-15.352666],[124.605013,-15.341826],[124.586393,-15.343207],[124.590059,-15.315968],[124.579689,-15.311239],[124.56679,-15.320188],[124.556209,-15.314279],[124.568237,-15.28821],[124.568317,-15.26696],[124.558057,-15.25523],[124.537947,-15.26983],[124.504557,-15.28162],[124.495187,-15.2999],[124.504378,-15.30433],[124.516577,-15.29878],[124.520658,-15.305559],[124.498379,-15.307679],[124.49995,-15.319529],[124.481642,-15.327738],[124.482984,-15.349207],[124.465023,-15.353103],[124.459965,-15.362864],[124.467731,-15.374644],[124.482614,-15.364972],[124.478059,-15.389892],[124.502073,-15.381637],[124.500771,-15.393393],[124.507864,-15.399445],[124.520385,-15.382279],[124.527714,-15.388072],[124.536033,-15.373675],[124.545712,-15.367231],[124.547055,-15.387565],[124.557959,-15.38769],[124.568994,-15.375096],[124.583194,-15.373946],[124.585774,-15.382306],[124.568424,-15.384936],[124.536924,-15.416616],[124.523294,-15.416067],[124.510744,-15.434277],[124.517624,-15.441167],[124.552354,-15.446996],[124.566554,-15.444256],[124.571744,-15.437486],[124.586574,-15.433606],[124.608674,-15.420916],[124.615564,-15.427346],[124.655094,-15.398576]]],[[[125.216127,-14.495703],[125.201817,-14.480514],[125.184117,-14.472304],[125.185656,-14.465204],[125.177596,-14.452404],[125.163347,-14.450203],[125.153597,-14.453653],[125.158737,-14.469603],[125.141107,-14.472682],[125.123997,-14.486383],[125.119858,-14.503753],[125.131648,-14.512163],[125.143858,-14.530172],[125.144128,-14.546152],[125.120078,-14.557393],[125.116748,-14.549473],[125.095748,-14.551973],[125.100128,-14.632273],[125.114138,-14.638553],[125.118478,-14.627733],[125.129478,-14.633313],[125.135078,-14.651963],[125.145848,-14.656413],[125.152498,-14.649333],[125.149998,-14.637353],[125.170028,-14.619592],[125.177048,-14.631822],[125.192238,-14.605462],[125.199798,-14.612882],[125.213138,-14.601252],[125.202868,-14.589242],[125.208578,-14.583062],[125.199618,-14.562472],[125.187178,-14.569532],[125.182378,-14.552352],[125.195258,-14.550712],[125.203077,-14.539002],[125.211747,-14.517362],[125.206477,-14.502322],[125.216127,-14.495703]]],[[[128.201957,-15.142463],[128.200697,-15.131383],[128.189667,-15.119043],[128.171297,-15.106803],[128.160857,-15.092653],[128.154387,-15.070833],[128.155697,-15.057383],[128.145947,-15.047643],[128.122667,-15.048383],[128.128347,-15.059813],[128.122778,-15.103993],[128.114008,-15.121604],[128.119428,-15.142754],[128.126268,-15.156214],[128.163138,-15.170753],[128.197088,-15.193993],[128.193878,-15.166403],[128.201957,-15.142463]]],[[[113.921806,-25.883864],[113.918906,-25.846653],[113.912546,-25.844283],[113.913026,-25.826463],[113.880736,-25.800773],[113.864586,-25.810554],[113.855826,-25.810704],[113.853716,-25.846234],[113.861206,-25.854124],[113.858346,-25.868224],[113.874556,-25.878594],[113.880046,-25.886934],[113.907856,-25.898194],[113.920576,-25.896384],[113.921806,-25.883864]]],[[[113.128236,-25.060023],[113.122246,-25.046783],[113.116485,-25.016173],[113.101645,-25.032683],[113.100465,-25.043623],[113.090326,-25.059933],[113.087006,-25.075593],[113.094767,-25.121114],[113.092417,-25.158344],[113.087368,-25.192054],[113.072538,-25.222215],[113.068959,-25.237775],[113.082799,-25.247435],[113.088818,-25.237545],[113.087728,-25.213275],[113.091118,-25.187904],[113.104217,-25.174774],[113.101837,-25.159864],[113.109997,-25.142304],[113.113336,-25.104853],[113.118606,-25.093373],[113.119596,-25.074423],[113.128236,-25.060023]]],[[[124.462982,-15.303344],[124.449857,-15.2904],[124.455347,-15.27049],[124.451347,-15.26102],[124.437357,-15.25611],[124.424557,-15.25752],[124.416028,-15.27416],[124.398178,-15.289941],[124.392208,-15.284551],[124.378138,-15.286071],[124.350008,-15.295681],[124.342849,-15.30983],[124.352571,-15.322219],[124.367831,-15.323959],[124.373792,-15.329359],[124.391872,-15.332458],[124.39479,-15.31323],[124.40282,-15.31286],[124.413778,-15.30299],[124.41823,-15.316361],[124.44015,-15.319789],[124.462982,-15.303344]]],[[[125.23087,-15.070653],[125.21516,-15.066873],[125.19838,-15.058243],[125.18425,-15.068133],[125.17651,-15.066243],[125.17846,-15.048163],[125.17352,-15.034733],[125.16582,-15.029123],[125.15378,-15.038653],[125.15035,-15.052453],[125.1525,-15.064533],[125.16092,-15.076813],[125.16989,-15.080613],[125.17531,-15.097663],[125.16642,-15.110113],[125.17508,-15.122053],[125.19623,-15.120613],[125.20641,-15.109843],[125.22886,-15.099573],[125.22297,-15.094523],[125.22987,-15.084263],[125.23087,-15.070653]]],[[[113.166402,-24.78179],[113.165542,-24.77446],[113.150952,-24.77131],[113.142302,-24.78429],[113.137743,-24.821751],[113.127983,-24.844101],[113.124404,-24.887552],[113.130594,-24.916552],[113.124044,-24.938902],[113.124295,-24.954472],[113.133574,-24.952212],[113.149784,-24.935052],[113.143714,-24.926142],[113.140984,-24.903122],[113.141354,-24.881901],[113.137764,-24.871071],[113.146163,-24.859221],[113.146783,-24.849401],[113.161353,-24.821071],[113.166402,-24.78179]]],[[[124.959421,-15.030734],[124.948491,-15.027414],[124.931421,-15.002574],[124.942791,-14.988584],[124.936341,-14.977944],[124.940561,-14.969834],[124.93503,-14.961104],[124.92391,-14.931354],[124.91712,-14.941364],[124.92229,-14.954044],[124.921541,-14.967274],[124.912421,-14.973864],[124.898121,-14.974814],[124.894321,-14.961334],[124.882551,-14.974614],[124.881541,-14.988845],[124.901651,-14.987584],[124.916921,-15.010184],[124.911031,-15.020374],[124.931871,-15.032744],[124.939231,-15.042884],[124.947721,-15.044104],[124.959421,-15.030734]]],[[[116.886349,-20.480536],[116.869734,-20.481538],[116.870429,-20.465736],[116.876948,-20.444073],[116.876453,-20.432432],[116.854624,-20.447121],[116.839503,-20.467269],[116.832435,-20.486094],[116.825953,-20.49299],[116.815704,-20.517252],[116.833399,-20.519306],[116.85576,-20.510907],[116.864671,-20.517932],[116.873652,-20.510928],[116.886349,-20.480536]]],[[[116.586192,-20.576179],[116.566212,-20.57601],[116.555462,-20.58543],[116.552262,-20.568389],[116.536762,-20.58618],[116.533102,-20.59816],[116.523752,-20.60114],[116.503541,-20.58812],[116.485902,-20.58514],[116.472172,-20.60043],[116.476662,-20.611701],[116.510181,-20.62219],[116.546871,-20.61888],[116.560861,-20.609339],[116.549921,-20.60476],[116.555012,-20.59006],[116.585083,-20.583829],[116.586192,-20.576179]]],[[[124.857362,-15.256205],[124.851052,-15.246275],[124.830212,-15.242035],[124.812852,-15.234855],[124.792473,-15.267665],[124.795983,-15.275345],[124.790783,-15.287335],[124.808163,-15.301975],[124.815233,-15.291905],[124.831623,-15.285535],[124.848812,-15.274645],[124.857362,-15.256205]]],[[[126.620493,-13.889947],[126.590349,-13.891599],[126.575308,-13.886694],[126.553595,-13.873174],[126.535303,-13.874036],[126.519901,-13.866392],[126.510688,-13.869507],[126.502225,-13.886227],[126.513642,-13.907166],[126.526224,-13.901789],[126.536133,-13.907874],[126.550061,-13.896024],[126.566704,-13.892553],[126.570419,-13.900333],[126.594792,-13.898553],[126.608207,-13.913703],[126.618997,-13.905464],[126.612964,-13.899233],[126.620493,-13.889947]]],[[[123.797439,-16.145363],[123.784449,-16.132263],[123.791799,-16.120573],[123.781639,-16.118003],[123.776899,-16.125653],[123.749349,-16.120913],[123.736309,-16.113803],[123.710649,-16.106253],[123.705399,-16.118983],[123.719979,-16.122373],[123.745879,-16.144173],[123.759169,-16.149023],[123.789559,-16.150163],[123.797439,-16.145363]]],[[[116.648254,-20.684929],[116.636794,-20.674709],[116.628384,-20.683609],[116.606498,-20.685399],[116.601384,-20.695979],[116.583344,-20.689629],[116.573714,-20.708299],[116.582614,-20.710519],[116.586684,-20.73274],[116.601914,-20.728379],[116.637054,-20.700229],[116.648254,-20.684929]]],[[[126.046811,-14.330349],[126.041571,-14.315229],[126.004271,-14.30275],[126.004131,-14.284],[125.986611,-14.28927],[125.992391,-14.30203],[125.985082,-14.3133],[125.995272,-14.31749],[125.994312,-14.33128],[126.000342,-14.34142],[126.022182,-14.35332],[126.023412,-14.32847],[126.036281,-14.33613],[126.046811,-14.330349]]],[[[124.596705,-15.923087],[124.596685,-15.910887],[124.573445,-15.910697],[124.576155,-15.920527],[124.564266,-15.929017],[124.545596,-15.936848],[124.537966,-15.961828],[124.548116,-15.967578],[124.560716,-15.962588],[124.561986,-15.955297],[124.586795,-15.941517],[124.596705,-15.923087]]],[[[116.67564,-20.549252],[116.670073,-20.545049],[116.658597,-20.553013],[116.6484,-20.566599],[116.637001,-20.563859],[116.622616,-20.573648],[116.613275,-20.591344],[116.597089,-20.600989],[116.605023,-20.612869],[116.615433,-20.608088],[116.626409,-20.612527],[116.635343,-20.607768],[116.64531,-20.583257],[116.661062,-20.569588],[116.664814,-20.557933],[116.67564,-20.549252]]],[[[125.756964,-14.45101],[125.743185,-14.44342],[125.748575,-14.4116],[125.731555,-14.408072],[125.722505,-14.414832],[125.725825,-14.433001],[125.716035,-14.463349],[125.720285,-14.479488],[125.732815,-14.475909],[125.736515,-14.476589],[125.750095,-14.4668],[125.756964,-14.45101]]],[[[114.545549,-22.044452],[114.537068,-22.021542],[114.540818,-22.007431],[114.533198,-22.000091],[114.506118,-21.997042],[114.500398,-22.010812],[114.514069,-22.035303],[114.528959,-22.052693],[114.537069,-22.053713],[114.545549,-22.044452]]],[[[123.531671,-16.259755],[123.528361,-16.253465],[123.504931,-16.244095],[123.490671,-16.243285],[123.473191,-16.211815],[123.457311,-16.208955],[123.446861,-16.223895],[123.473291,-16.236915],[123.478711,-16.257645],[123.485381,-16.269465],[123.483071,-16.278265],[123.494241,-16.284915],[123.505771,-16.266375],[123.491331,-16.259115],[123.497041,-16.249675],[123.508841,-16.251255],[123.531671,-16.259755]]],[[[125.562656,-14.48625],[125.554796,-14.477871],[125.540196,-14.476932],[125.544305,-14.455833],[125.537395,-14.441253],[125.525385,-14.427564],[125.515265,-14.439953],[125.517405,-14.459934],[125.523526,-14.467294],[125.522446,-14.480384],[125.527986,-14.489654],[125.554986,-14.49142],[125.562656,-14.48625]]],[[[125.036382,-15.327504],[125.021452,-15.321454],[125.008162,-15.344094],[124.992842,-15.357024],[124.990202,-15.366524],[124.995482,-15.375774],[125.007822,-15.376524],[125.018162,-15.371744],[125.036382,-15.327504]]],[[[124.286938,-15.302591],[124.276368,-15.279701],[124.268008,-15.285941],[124.254388,-15.286221],[124.249758,-15.292792],[124.232548,-15.297482],[124.231243,-15.319385],[124.238804,-15.32183],[124.249118,-15.308152],[124.277798,-15.313268],[124.286938,-15.302591]]],[[[123.211453,-16.392728],[123.187163,-16.386368],[123.171703,-16.386999],[123.178563,-16.411599],[123.166753,-16.420519],[123.176563,-16.433508],[123.191173,-16.425518],[123.202783,-16.413778],[123.211453,-16.392728]]],[[[116.952899,-20.420053],[116.917079,-20.403684],[116.885799,-20.385814],[116.878089,-20.378754],[116.849237,-20.363904],[116.839478,-20.354936],[116.830849,-20.360125],[116.849338,-20.378805],[116.873247,-20.388603],[116.880956,-20.395212],[116.91676,-20.40687],[116.929889,-20.418394],[116.952899,-20.420053]]],[[[125.267718,-14.645392],[125.243828,-14.614362],[125.227768,-14.627512],[125.227388,-14.634842],[125.204228,-14.651462],[125.214288,-14.659522],[125.228338,-14.658452],[125.241368,-14.639112],[125.248098,-14.649382],[125.267718,-14.645392]]],[[[123.391252,-16.582626],[123.373952,-16.566296],[123.356752,-16.540916],[123.349962,-16.551026],[123.368262,-16.584216],[123.382372,-16.602096],[123.391252,-16.582626]]],[[[124.235186,-15.968719],[124.233136,-15.952689],[124.216286,-15.95573],[124.209536,-15.95187],[124.200456,-15.919999],[124.190016,-15.91669],[124.185326,-15.92455],[124.201066,-15.965],[124.232156,-15.97144],[124.235186,-15.968719]]],[[[123.532526,-16.609334],[123.520181,-16.606986],[123.500582,-16.624694],[123.493121,-16.617096],[123.474151,-16.614486],[123.460482,-16.621926],[123.475631,-16.631336],[123.505441,-16.640766],[123.515541,-16.638366],[123.526821,-16.624226],[123.532526,-16.609334]]],[[[125.970583,-14.34692],[125.966313,-14.3301],[125.948123,-14.33956],[125.944174,-14.356711],[125.933144,-14.377231],[125.944484,-14.388761],[125.956544,-14.37421],[125.960154,-14.35097],[125.970583,-14.34692]]],[[[117.744411,-20.62748],[117.733961,-20.6266],[117.731541,-20.61723],[117.717111,-20.60756],[117.711271,-20.62112],[117.711371,-20.64298],[117.721321,-20.65137],[117.734171,-20.65371],[117.744411,-20.62748]]],[[[116.619152,-20.473828],[116.606662,-20.467338],[116.601802,-20.455618],[116.593202,-20.461298],[116.577852,-20.482368],[116.586442,-20.501328],[116.605581,-20.490828],[116.608872,-20.477268],[116.619152,-20.473828]]],[[[127.874997,-14.454995],[127.873117,-14.438604],[127.863297,-14.430414],[127.853527,-14.435674],[127.852287,-14.451034],[127.838567,-14.457404],[127.842207,-14.470984],[127.850857,-14.479504],[127.861157,-14.462954],[127.874997,-14.454995]]],[[[123.940059,-16.276973],[123.914659,-16.261533],[123.886059,-16.238263],[123.87347,-16.247673],[123.897149,-16.256993],[123.90578,-16.276383],[123.92539,-16.282063],[123.940059,-16.276973]]],[[[115.545795,-20.454625],[115.534435,-20.443205],[115.519325,-20.447905],[115.521945,-20.457635],[115.515676,-20.483576],[115.526936,-20.485746],[115.526485,-20.463956],[115.538135,-20.449415],[115.545795,-20.454625]]],[[[124.101986,-16.11452],[124.100627,-16.096731],[124.086813,-16.086227],[124.069147,-16.081432],[124.070881,-16.091734],[124.061257,-16.109702],[124.072437,-16.116672],[124.086517,-16.110092],[124.101986,-16.11452]]],[[[116.680533,-20.583161],[116.668173,-20.596665],[116.657884,-20.592161],[116.648556,-20.598235],[116.641884,-20.62354],[116.655662,-20.622525],[116.664409,-20.629264],[116.677105,-20.599458],[116.673812,-20.590678],[116.680533,-20.583161]]],[[[124.260318,-16.387323],[124.242078,-16.379743],[124.224318,-16.347141],[124.218278,-16.358971],[124.223718,-16.369281],[124.223418,-16.380921],[124.237928,-16.400781],[124.254615,-16.397869],[124.260318,-16.387323]]],[[[124.984961,-15.055514],[124.976771,-15.040514],[124.969101,-15.042004],[124.961311,-15.062454],[124.962031,-15.079764],[124.954621,-15.088034],[124.962901,-15.094444],[124.971241,-15.086854],[124.984961,-15.055514]]],[[[126.901261,-13.985282],[126.891969,-13.982399],[126.873551,-13.960382],[126.865691,-13.963673],[126.854921,-13.957593],[126.819851,-13.953943],[126.820001,-13.966813],[126.845671,-13.963713],[126.862945,-13.972046],[126.880651,-13.976183],[126.884011,-13.981483],[126.881261,-13.990983],[126.893762,-13.991632],[126.901261,-13.985282]]],[[[116.827431,-20.465689],[116.818683,-20.467374],[116.797312,-20.48576],[116.78539,-20.507404],[116.798198,-20.518599],[116.810985,-20.500006],[116.827431,-20.465689]]],[[[116.838888,-20.426856],[116.822818,-20.432196],[116.813324,-20.450706],[116.802322,-20.449157],[116.797901,-20.473026],[116.809218,-20.470496],[116.825078,-20.458326],[116.837177,-20.435936],[116.838888,-20.426856]]],[[[123.564059,-16.078104],[123.560139,-16.072304],[123.544739,-16.068894],[123.537589,-16.058314],[123.525519,-16.061374],[123.52563,-16.086694],[123.53551,-16.092434],[123.550269,-16.077084],[123.564059,-16.078104]]],[[[126.403784,-13.989066],[126.382614,-13.981836],[126.376474,-13.974616],[126.362484,-13.982636],[126.373144,-13.999746],[126.384284,-14.011456],[126.394104,-14.009166],[126.403784,-13.989066]]],[[[124.470006,-15.914168],[124.466716,-15.902658],[124.452936,-15.907808],[124.456546,-15.929818],[124.450866,-15.938658],[124.458066,-15.953648],[124.468836,-15.936088],[124.470006,-15.914168]]],[[[125.497126,-14.499057],[125.480356,-14.486815],[125.470146,-14.490614],[125.455336,-14.482212],[125.451116,-14.496881],[125.473326,-14.511963],[125.497126,-14.499057]]],[[[128.473184,-14.912052],[128.466944,-14.898592],[128.445495,-14.879882],[128.443035,-14.886542],[128.448335,-14.904182],[128.467214,-14.928312],[128.473184,-14.912052]]],[[[124.375005,-15.391597],[124.369035,-15.385287],[124.369664,-15.370607],[124.352854,-15.360738],[124.342294,-15.370038],[124.347724,-15.385158],[124.366655,-15.398858],[124.375005,-15.391597]]],[[[123.553817,-17.273642],[123.551857,-17.241422],[123.538447,-17.242032],[123.541767,-17.284542],[123.549407,-17.285932],[123.553817,-17.273642]]],[[[124.350052,-15.331489],[124.34766,-15.31907],[124.32466,-15.3308],[124.30808,-15.352246],[124.334665,-15.346889],[124.342515,-15.331791],[124.350052,-15.331489]]],[[[123.83545,-16.246713],[123.82767,-16.239753],[123.81563,-16.237853],[123.80411,-16.245233],[123.80876,-16.263123],[123.820252,-16.268845],[123.83545,-16.246713]]],[[[115.465656,-21.493967],[115.451916,-21.495977],[115.435077,-21.503197],[115.419978,-21.518428],[115.425828,-21.525738],[115.437428,-21.528148],[115.446047,-21.518148],[115.449456,-21.506387],[115.459936,-21.503827],[115.465656,-21.493967]]],[[[124.14538,-16.249782],[124.12814,-16.238447],[124.101066,-16.23677],[124.106588,-16.255682],[124.118609,-16.250849],[124.126537,-16.253345],[124.14538,-16.249782]]],[[[124.099652,-16.15732],[124.094597,-16.142132],[124.075547,-16.140432],[124.071187,-16.152292],[124.087209,-16.163729],[124.099652,-16.15732]]],[[[126.043171,-14.233439],[126.01839,-14.22524],[126.0088,-14.23576],[125.99395,-14.24132],[126.006511,-14.24932],[126.012171,-14.24344],[126.023981,-14.24489],[126.043171,-14.233439]]],[[[128.334215,-14.75838],[128.319876,-14.74137],[128.309326,-14.73569],[128.302986,-14.756119],[128.334215,-14.75838]]],[[[113.70852,-28.464117],[113.70093,-28.450097],[113.68207,-28.454007],[113.68699,-28.465518],[113.68579,-28.485128],[113.69537,-28.480388],[113.69933,-28.467418],[113.70852,-28.464117]]],[[[115.024964,-21.45828],[115.011904,-21.45235],[114.979224,-21.45315],[114.975404,-21.46174],[115.016784,-21.4652],[115.024964,-21.45828]]],[[[126.194915,-13.935049],[126.189715,-13.927369],[126.174215,-13.932659],[126.168545,-13.947],[126.155235,-13.95681],[126.164605,-13.96359],[126.178835,-13.947229],[126.194915,-13.935049]]],[[[124.999898,-14.516733],[124.998578,-14.503063],[124.984407,-14.497609],[124.979082,-14.522637],[124.991718,-14.529003],[124.999898,-14.516733]]],[[[123.640673,-16.100157],[123.603867,-16.084436],[123.595516,-16.092698],[123.627211,-16.107149],[123.640673,-16.100157]]],[[[124.650126,-16.350279],[124.625876,-16.343709],[124.607566,-16.341659],[124.575476,-16.34161],[124.580936,-16.34909],[124.607376,-16.348499],[124.650126,-16.350279]]],[[[126.321123,-13.942984],[126.308928,-13.927475],[126.302507,-13.949513],[126.306903,-13.963738],[126.321123,-13.942984]]],[[[123.551969,-16.046464],[123.527889,-16.033694],[123.531249,-16.048984],[123.551969,-16.046464]]],[[[124.720745,-16.378219],[124.714835,-16.362629],[124.705835,-16.361489],[124.688816,-16.377219],[124.711496,-16.381019],[124.720745,-16.378219]]],[[[115.585513,-20.403446],[115.569363,-20.395856],[115.559922,-20.378006],[115.549733,-20.386796],[115.570544,-20.401956],[115.585513,-20.403446]]],[[[117.089441,-20.616303],[117.072522,-20.616283],[117.042862,-20.631944],[117.058322,-20.638793],[117.072272,-20.623063],[117.081032,-20.625783],[117.089441,-20.616303]]],[[[114.351554,-21.665957],[114.345634,-21.660427],[114.317614,-21.685588],[114.322804,-21.693938],[114.334524,-21.675208],[114.351554,-21.665957]]],[[[114.392474,-21.628267],[114.375333,-21.628037],[114.359284,-21.646777],[114.369784,-21.651857],[114.391994,-21.632897],[114.392474,-21.628267]]],[[[123.88644,-16.280093],[123.86452,-16.255293],[123.85758,-16.259983],[123.87237,-16.283043],[123.88644,-16.280093]]],[[[128.189316,-15.204341],[128.187143,-15.196487],[128.164084,-15.180643],[128.152934,-15.180125],[128.187741,-15.211704],[128.189316,-15.204341]]],[[[115.496698,-21.512407],[115.484937,-21.505817],[115.474008,-21.513457],[115.480899,-21.530127],[115.492399,-21.534347],[115.491379,-21.527237],[115.492508,-21.517967],[115.496698,-21.512407]]],[[[123.357412,-16.361407],[123.350862,-16.353317],[123.349362,-16.339737],[123.331582,-16.338097],[123.335932,-16.358717],[123.357412,-16.361407]]],[[[125.253459,-14.977953],[125.238867,-14.977732],[125.228475,-14.990373],[125.228384,-14.997886],[125.241189,-14.999393],[125.251429,-14.990923],[125.253459,-14.977953]]],[[[124.984772,-15.346664],[124.982192,-15.340684],[124.953592,-15.352075],[124.960272,-15.361995],[124.984772,-15.346664]]],[[[123.225923,-16.407908],[123.222796,-16.396628],[123.208372,-16.403947],[123.203253,-16.424408],[123.219853,-16.415988],[123.225923,-16.407908]]],[[[123.548766,-16.265955],[123.541161,-16.261375],[123.529231,-16.272345],[123.546661,-16.273515],[123.548766,-16.265955]]],[[[125.995333,-14.37651],[125.994543,-14.36229],[125.976694,-14.37062],[125.995333,-14.37651]]],[[[123.44677,-16.111776],[123.43723,-16.099675],[123.446376,-16.08612],[123.437207,-16.079673],[123.427982,-16.091382],[123.43283,-16.107205],[123.44677,-16.111776]]],[[[123.890659,-16.202923],[123.883989,-16.188743],[123.870979,-16.191703],[123.885789,-16.212833],[123.890659,-16.202923]]],[[[123.351986,-16.16413],[123.344073,-16.14849],[123.324481,-16.157266],[123.335401,-16.164496],[123.351986,-16.16413]]],[[[124.962261,-15.044964],[124.953181,-15.043634],[124.943581,-15.057114],[124.950841,-15.072454],[124.962261,-15.044964]]],[[[125.278867,-14.582092],[125.277277,-14.572152],[125.265247,-14.563752],[125.261447,-14.585862],[125.278867,-14.582092]]],[[[124.985909,-14.395155],[124.972969,-14.387525],[124.967949,-14.395636],[124.97684,-14.402115],[124.985909,-14.395155]]],[[[123.361922,-16.426752],[123.35386,-16.418256],[123.342652,-16.432596],[123.350602,-16.445676],[123.360172,-16.436319],[123.361922,-16.426752]]],[[[113.74485,-28.427047],[113.73612,-28.432017],[113.72449,-28.427697],[113.7159,-28.433817],[113.72141,-28.447497],[113.73015,-28.443847],[113.74485,-28.427047]]],[[[124.995535,-14.440154],[124.984242,-14.427335],[124.975183,-14.452354],[124.994806,-14.446024],[124.995535,-14.440154]]],[[[123.629252,-16.354043],[123.607601,-16.328423],[123.601671,-16.336843],[123.619202,-16.352933],[123.629252,-16.354043]]],[[[115.336071,-20.906591],[115.328361,-20.896321],[115.320791,-20.895991],[115.327191,-20.924322],[115.336071,-20.906591]]],[[[123.5255,-16.149095],[123.511501,-16.145465],[123.507981,-16.159115],[123.518801,-16.164975],[123.5255,-16.149095]]],[[[124.639477,-15.282082],[124.635767,-15.273322],[124.616679,-15.274011],[124.614038,-15.284846],[124.623174,-15.29022],[124.63003,-15.281217],[124.639477,-15.282082]]],[[[124.863512,-15.287255],[124.848993,-15.293395],[124.854373,-15.303435],[124.863512,-15.287255]]],[[[125.644388,-13.951395],[125.623088,-13.940045],[125.627708,-13.957485],[125.644388,-13.951395]]],[[[125.310524,-14.278728],[125.295834,-14.273708],[125.290444,-14.288927],[125.302254,-14.289877],[125.310524,-14.278728]]],[[[125.208469,-14.952713],[125.196266,-14.940447],[125.18973,-14.955438],[125.19722,-14.967503],[125.208469,-14.952713]]],[[[123.461626,-16.167507],[123.455361,-16.154805],[123.439011,-16.155085],[123.435741,-16.166365],[123.461626,-16.167507]]],[[[124.229576,-15.938239],[124.226726,-15.927069],[124.212446,-15.918649],[124.212036,-15.933669],[124.221966,-15.943379],[124.229576,-15.938239]]],[[[123.683302,-17.034349],[123.677482,-17.021669],[123.669722,-17.022429],[123.664263,-17.035739],[123.676103,-17.043359],[123.683302,-17.034349]]],[[[123.538601,-16.593126],[123.529242,-16.591466],[123.527242,-16.579575],[123.517852,-16.580845],[123.516212,-16.592936],[123.525121,-16.605676],[123.538601,-16.593126]]],[[[113.643794,-24.871075],[113.619694,-24.872405],[113.634714,-24.886565],[113.643464,-24.880215],[113.643794,-24.871075]]],[[[126.317273,-13.909728],[126.314999,-13.901969],[126.303076,-13.904451],[126.299867,-13.91365],[126.305195,-13.926638],[126.317273,-13.909728]]],[[[123.423998,-17.323203],[123.407258,-17.307403],[123.403658,-17.319363],[123.423998,-17.323203]]],[[[128.114275,-15.171462],[128.106967,-15.16459],[128.099391,-15.185737],[128.107788,-15.191609],[128.114275,-15.171462]]],[[[125.271856,-14.416885],[125.252976,-14.413994],[125.259176,-14.428695],[125.271856,-14.416885]]],[[[125.229005,-14.300197],[125.220835,-14.286498],[125.211365,-14.308257],[125.221895,-14.310437],[125.229005,-14.300197]]],[[[115.902311,-20.955348],[115.900861,-20.937628],[115.88511,-20.938648],[115.887161,-20.949028],[115.902311,-20.955348]]],[[[124.703176,-16.356879],[124.692305,-16.349269],[124.672976,-16.356169],[124.691196,-16.364699],[124.703176,-16.356879]]],[[[126.319093,-13.886822],[126.31617,-13.876083],[126.304627,-13.87354],[126.300905,-13.881426],[126.309199,-13.88873],[126.319093,-13.886822]]],[[[118.527655,-20.312141],[118.523485,-20.308391],[118.502745,-20.312291],[118.510665,-20.323751],[118.527655,-20.312141]]],[[[126.593041,-14.218332],[126.58568,-14.201972],[126.57885,-14.204152],[126.577171,-14.218282],[126.593041,-14.218332]]],[[[128.281192,-15.338437],[128.274131,-15.31527],[128.266697,-15.326602],[128.281192,-15.338437]]],[[[125.273006,-14.478315],[125.265876,-14.464056],[125.253676,-14.470565],[125.273006,-14.478315]]],[[[127.823297,-14.366694],[127.805377,-14.357554],[127.805077,-14.369524],[127.811177,-14.377584],[127.823297,-14.366694]]],[[[124.465146,-16.35694],[124.444486,-16.36849],[124.454767,-16.37384],[124.465146,-16.35694]]],[[[123.595835,-16.161778],[123.587786,-16.148019],[123.57507,-16.151234],[123.581744,-16.161205],[123.595835,-16.161778]]],[[[123.129913,-16.435609],[123.101563,-16.426149],[123.104123,-16.437479],[123.129913,-16.435609]]],[[[124.807562,-15.216445],[124.799962,-15.203805],[124.792212,-15.217275],[124.807562,-15.216445]]],[[[123.400472,-16.528336],[123.398282,-16.513056],[123.388582,-16.510816],[123.380982,-16.520466],[123.400472,-16.528336]]],[[[126.004814,-14.43863],[125.988004,-14.43569],[125.982774,-14.44646],[125.994703,-14.44816],[126.004814,-14.43863]]],[[[114.172859,-22.447197],[114.169559,-22.455087],[114.150669,-22.479638],[114.166589,-22.473808],[114.172859,-22.447197]]],[[[124.620814,-15.432536],[124.604504,-15.433576],[124.602074,-15.441376],[124.614084,-15.447686],[124.620814,-15.432536]]],[[[125.739871,-14.183934],[125.730171,-14.174664],[125.722521,-14.182884],[125.725971,-14.191244],[125.739871,-14.183934]]],[[[126.699385,-13.942992],[126.692482,-13.930304],[126.683812,-13.937546],[126.682439,-13.959803],[126.699385,-13.942992]]],[[[116.696799,-20.64531],[116.674762,-20.650973],[116.683174,-20.661706],[116.696799,-20.64531]]],[[[114.582488,-21.9909],[114.570128,-21.98312],[114.569378,-22.000091],[114.582488,-21.9909]]],[[[124.516217,-15.2155],[124.509097,-15.20545],[124.498127,-15.21223],[124.509477,-15.22353],[124.516217,-15.2155]]],[[[127.175323,-13.902741],[127.166129,-13.88633],[127.160505,-13.899833],[127.175323,-13.902741]]],[[[123.460129,-16.270001],[123.438647,-16.261938],[123.438251,-16.278296],[123.453478,-16.269189],[123.460129,-16.270001]]],[[[125.994222,-14.32166],[125.976392,-14.32819],[125.982752,-14.33756],[125.994222,-14.32166]]],[[[128.265844,-15.298328],[128.251805,-15.283998],[128.248033,-15.290286],[128.258081,-15.299139],[128.265844,-15.298328]]],[[[125.522837,-14.423687],[125.503912,-14.424609],[125.50501,-14.43511],[125.515568,-14.435709],[125.522837,-14.423687]]],[[[117.874168,-20.516177],[117.853948,-20.528558],[117.862358,-20.532148],[117.874168,-20.516177]]],[[[125.441816,-14.54178],[125.434196,-14.531141],[125.426266,-14.544551],[125.441816,-14.54178]]],[[[116.451722,-20.665631],[116.448522,-20.651661],[116.435352,-20.659271],[116.451722,-20.665631]]],[[[124.455966,-15.861368],[124.453236,-15.836548],[124.447556,-15.837008],[124.455966,-15.861368]]]]},"bbox":[112.921124,-31.856223,129.001242,-13.741422]},
{"properties":{"electorateShortName":"forrest","electorateName":"Forrest","area":6454.48,"state":"WA"},"type":"Feature","geometry":{"type":"Polygon","coordinates":[[[115.337093,-34.314847],[115.336501,-34.279667],[115.337197,-34.160078],[115.36485,-34.16016],[115.381976,-34.155486],[115.401813,-34.156478],[115.402759,-34.092538],[115.391548,-34.078002],[115.404064,-34.049272],[115.397972,-34.042198],[115.392421,-34.021814],[115.39011,-33.999647],[115.414794,-33.976515],[115.419608,-33.919748],[115.536089,-33.913782],[115.541937,-33.906189],[115.646335,-33.824279],[115.669598,-33.811811],[115.736167,-33.811571],[115.73627,-33.796696],[115.763245,-33.796935],[115.763372,-33.760222],[115.766731,-33.7602],[115.766938,-33.701058],[115.750335,-33.700843],[115.750339,-33.692503],[115.731753,-33.692265],[115.732476,-33.663446],[115.724381,-33.66604],[115.715799,-33.651247],[115.727677,-33.645879],[115.7278,-33.546741],[115.730434,-33.533278],[115.758838,-33.533309],[115.754857,-33.521384],[115.777269,-33.521378],[115.777221,-33.540388],[115.815044,-33.541855],[115.833907,-33.514472],[115.843937,-33.519541],[115.869147,-33.520439],[115.867177,-33.505016],[115.928833,-33.504949],[115.947845,-33.50046],[115.949761,-33.488651],[115.973619,-33.488593],[115.973692,-33.506904],[116.023415,-33.505311],[116.023288,-33.360891],[116.057862,-33.360737],[116.051351,-33.35411],[116.021678,-33.349233],[116.00192,-33.367287],[116.008142,-33.379813],[116.01705,-33.385356],[116.00576,-33.407106],[115.967919,-33.401831],[115.962219,-33.395551],[115.938541,-33.388184],[115.936992,-33.378078],[115.919199,-33.378625],[115.918585,-33.290001],[115.946984,-33.289856],[115.945801,-33.222515],[115.962219,-33.222114],[115.982482,-33.210662],[115.992648,-33.213507],[116.013293,-33.203876],[116.010405,-33.189937],[116.031216,-33.191197],[116.0312,-33.21296],[116.008534,-33.231938],[116.144761,-33.231879],[116.14673,-33.22421],[116.146899,-33.084885],[116.209065,-33.085053],[116.208859,-32.984207],[116.199648,-32.967078],[116.187652,-32.961725],[116.179953,-32.94311],[116.163983,-32.933621],[116.136581,-32.934869],[116.021619,-32.935821],[116.000324,-32.939882],[115.993463,-32.933332],[115.956378,-32.93294],[115.94005,-32.941049],[115.924421,-32.938124],[115.874544,-32.93805],[115.868036,-32.942221],[115.852993,-32.931366],[115.812876,-32.925917],[115.813082,-32.93651],[115.780777,-32.936556],[115.763787,-32.929977],[115.763772,-32.921983],[115.719586,-32.921075],[115.708281,-32.929315],[115.687064,-32.933073],[115.65846,-32.933052],[115.673712,-32.998787],[115.688765,-33.120567],[115.683143,-33.175867],[115.6832,-33.225634],[115.681365,-33.270687],[115.67884,-33.287997],[115.669902,-33.307383],[115.649837,-33.319919],[115.635579,-33.312553],[115.622862,-33.341082],[115.59896,-33.409616],[115.58682,-33.433089],[115.566263,-33.46243],[115.550325,-33.475465],[115.487208,-33.5463],[115.46031,-33.572781],[115.42754,-33.608303],[115.404964,-33.623357],[115.364942,-33.640068],[115.349426,-33.642185],[115.305645,-33.654316],[115.26376,-33.656879],[115.234491,-33.655737],[115.201143,-33.649323],[115.145427,-33.629977],[115.123254,-33.623884],[115.104741,-33.605905],[115.102544,-33.586192],[115.087344,-33.573228],[115.088836,-33.568289],[115.065085,-33.558402],[115.054693,-33.54389],[115.03334,-33.543307],[115.026016,-33.53461],[115.008084,-33.529802],[115.011321,-33.556435],[115.006744,-33.567579],[115.023291,-33.609276],[115.028268,-33.634152],[115.021716,-33.640529],[115.019396,-33.656495],[115.006917,-33.65956],[114.995814,-33.678172],[114.990486,-33.696245],[114.97962,-33.708015],[114.99273,-33.751383],[114.988647,-33.7623],[115.000101,-33.794171],[114.994192,-33.830797],[114.993979,-33.848482],[114.97595,-33.864183],[114.9833,-33.881357],[114.987097,-33.922641],[114.992227,-33.932673],[114.991902,-33.953541],[114.985134,-33.959807],[114.991166,-33.989364],[115.000795,-34.015397],[115.0011,-34.044242],[114.997143,-34.068884],[115.00414,-34.081449],[114.993643,-34.0919],[114.996046,-34.105286],[115.019226,-34.139158],[115.029851,-34.165141],[115.039132,-34.198194],[115.035051,-34.214738],[115.02441,-34.222803],[115.03289,-34.237263],[115.025946,-34.256782],[115.034056,-34.270426],[115.050556,-34.275425],[115.082503,-34.305961],[115.091708,-34.321202],[115.118964,-34.340755],[115.129346,-34.358481],[115.137026,-34.364311],[115.15717,-34.36944],[115.164354,-34.361389],[115.172588,-34.321607],[115.222244,-34.309607],[115.261327,-34.306837],[115.284278,-34.307921],[115.337093,-34.314847]]]},"bbox":[114.97595,-34.36944,116.209065,-32.921075]},
{"properties":{"electorateShortName":"fremantle","electorateName":"Fremantle","area":190.64,"state":"WA"},"type":"Feature","geometry":{"type":"MultiPolygon","coordinates":[[[[115.916173,-32.115337],[115.890624,-32.092087],[115.892017,-32.081769],[115.884363,-32.075088],[115.87056,-32.084375],[115.849087,-32.086043],[115.814973,-32.068654],[115.803274,-32.06582],[115.803205,-32.056437],[115.779584,-32.054911],[115.775886,-32.026464],[115.750871,-32.021603],[115.741787,-32.03951],[115.727255,-32.052886],[115.75073,-32.071679],[115.750337,-32.082988],[115.758589,-32.095537],[115.761982,-32.117234],[115.7554,-32.135494],[115.767328,-32.167131],[115.774924,-32.181389],[115.898546,-32.180241],[115.897381,-32.136348],[115.916173,-32.115337]]],[[[115.558403,-32.003453],[115.543283,-31.998588],[115.539653,-31.988183],[115.521503,-31.991724],[115.511343,-31.987614],[115.493433,-31.995994],[115.477243,-32.013764],[115.494693,-32.019464],[115.507593,-32.012964],[115.517453,-32.016064],[115.551173,-32.012473],[115.558403,-32.003453]]]]},"bbox":[115.477243,-32.181389,115.916173,-31.987614]},
{"properties":{"electorateShortName":"hasluck","electorateName":"Hasluck","area":257.89,"state":"WA"},"type":"Feature","geometry":{"type":"Polygon","coordinates":[[[115.991929,-31.917633],[116.014539,-31.916147],[116.027667,-31.892975],[116.028346,-31.870538],[116.054727,-31.845973],[116.065838,-31.84748],[116.089158,-31.831994],[116.088844,-31.792773],[116.094392,-31.786194],[116.094234,-31.742279],[115.982838,-31.741886],[115.971335,-31.760603],[115.95474,-31.76701],[115.927113,-31.795677],[115.915256,-31.804942],[115.917312,-31.828332],[115.917501,-31.866518],[115.87829,-31.867862],[115.879575,-31.879538],[115.888988,-31.887452],[115.91764,-31.888814],[115.924654,-31.917464],[115.936916,-31.930089],[115.940185,-31.92099],[115.955981,-31.922251],[115.971646,-31.915875],[115.991929,-31.917633]]]},"bbox":[115.87829,-31.930089,116.094392,-31.741886]},
{"properties":{"electorateShortName":"moore","electorateName":"Moore","area":102.34,"state":"WA"},"type":"Feature","geometry":{"type":"Polygon","coordinates":[[[115.800666,-31.882382],[115.800987,-31.858072],[115.795193,-31.841429],[115.784171,-31.82341],[115.820852,-31.820103],[115.819625,-31.805375],[115.808556,-31.783339],[115.787774,-31.751885],[115.792254,-31.742984],[115.768635,-31.717476],[115.718774,-31.730834],[115.732091,-31.776193],[115.732277,-31.794305],[115.727509,-31.806365],[115.750257,-31.83981],[115.751811,-31.873396],[115.771078,-31.873997],[115.787165,-31.882488],[115.800677,-31.882535],[115.800666,-31.882382]]]},"bbox":[115.718774,-31.882535,115.820852,-31.717476]},
{"properties":{"electorateShortName":"oconnor","electorateName":"O'Connor","area":1093790.24,"state":"WA"},"type":"Feature","geometry":{"type":"MultiPolygon","coordinates":[[[[115.337093,-34.314847],[115.386285,-34.328381],[115.438431,-34.352423],[115.478856,-34.38174],[115.50226,-34.388619],[115.521398,-34.397579],[115.543282,-34.416072],[115.558774,-34.415108],[115.577862,-34.422088],[115.608627,-34.439969],[115.669869,-34.480925],[115.699528,-34.506798],[115.735138,-34.532394],[115.818598,-34.602152],[115.953801,-34.727826],[115.962426,-34.743911],[115.966845,-34.765739],[115.982966,-34.782967],[116.002664,-34.812392],[116.002927,-34.825518],[115.996733,-34.830896],[116.001924,-34.842304],[116.022658,-34.840604],[116.065948,-34.842194],[116.096438,-34.849334],[116.108948,-34.845714],[116.137045,-34.844744],[116.166381,-34.851425],[116.195846,-34.863067],[116.227605,-34.868821],[116.250729,-34.876055],[116.282109,-34.890064],[116.309654,-34.907645],[116.331509,-34.915166],[116.346762,-34.926704],[116.354297,-34.926471],[116.376032,-34.937842],[116.388695,-34.948121],[116.444664,-34.979184],[116.478566,-35.003983],[116.489313,-35.016974],[116.501529,-35.008666],[116.518175,-35.003889],[116.532847,-35.004438],[116.566468,-35.018386],[116.582087,-35.030613],[116.610312,-35.033281],[116.629858,-35.046301],[116.658079,-35.051438],[116.679063,-35.04194],[116.688223,-35.03421],[116.707198,-35.028956],[116.719754,-35.039069],[116.732802,-35.040073],[116.744281,-35.0206],[116.758363,-35.015585],[116.77645,-35.01525],[116.81357,-35.0273],[116.834964,-35.039269],[116.844428,-35.040325],[116.861703,-35.053599],[116.884551,-35.047809],[116.890627,-35.054934],[116.903756,-35.054758],[116.921228,-35.064349],[116.934394,-35.034983],[116.956844,-35.019364],[116.985066,-35.021935],[117.011941,-35.03012],[117.033503,-35.025066],[117.055732,-35.030424],[117.070851,-35.038305],[117.08207,-35.030083],[117.097947,-35.032434],[117.14111,-35.052212],[117.153613,-35.047796],[117.162272,-35.029515],[117.186737,-35.01811],[117.221745,-35.019324],[117.247599,-35.029324],[117.272123,-35.021075],[117.315425,-35.037173],[117.324559,-35.043892],[117.336843,-35.035402],[117.333339,-35.024175],[117.362834,-35.01957],[117.407149,-35.036653],[117.479131,-35.073569],[117.483695,-35.086553],[117.511966,-35.0833],[117.525533,-35.074377],[117.562229,-35.088126],[117.595832,-35.10774],[117.606594,-35.116203],[117.615272,-35.129935],[117.626413,-35.132137],[117.634369,-35.124126],[117.628417,-35.112842],[117.637821,-35.099033],[117.637161,-35.088609],[117.65139,-35.083771],[117.643633,-35.068605],[117.64544,-35.060618],[117.675724,-35.04433],[117.688352,-35.04363],[117.699847,-35.051865],[117.70938,-35.044846],[117.751663,-35.051469],[117.78304,-35.061948],[117.846029,-35.091275],[117.865886,-35.109255],[117.885538,-35.110087],[117.889839,-35.117638],[117.904428,-35.11468],[117.937906,-35.117861],[117.953614,-35.126881],[117.969247,-35.114578],[117.968955,-35.101225],[117.976193,-35.098641],[118.005966,-35.098825],[118.00226,-35.087523],[117.979115,-35.096385],[117.957869,-35.095371],[117.939336,-35.088584],[117.932608,-35.055573],[117.91882,-35.050904],[117.920298,-35.031644],[117.9164,-35.021585],[117.929151,-35.006273],[117.947264,-34.999062],[117.950897,-35.005981],[117.969822,-35.015449],[117.998839,-35.010009],[118.002512,-35.018249],[118.023186,-35.015698],[118.04428,-35.016737],[118.061668,-34.999528],[118.080616,-34.990762],[118.102092,-34.98602],[118.13597,-34.987857],[118.168661,-34.995963],[118.176847,-35.013718],[118.195671,-35.022491],[118.205862,-35.0093],[118.201386,-34.997501],[118.210012,-34.989306],[118.210661,-34.978715],[118.182607,-34.972948],[118.172276,-34.967356],[118.170267,-34.950812],[118.174417,-34.941147],[118.187412,-34.93702],[118.197902,-34.942181],[118.21207,-34.927486],[118.23916,-34.914467],[118.24412,-34.918213],[118.259873,-34.908552],[118.28024,-34.912632],[118.299691,-34.911858],[118.305912,-34.902822],[118.32091,-34.904264],[118.329543,-34.898085],[118.348234,-34.899902],[118.360101,-34.90501],[118.378616,-34.902794],[118.39692,-34.918283],[118.402601,-34.905161],[118.427747,-34.898745],[118.422406,-34.881459],[118.40319,-34.881447],[118.397075,-34.876645],[118.394888,-34.851931],[118.400428,-34.823854],[118.407133,-34.807215],[118.424854,-34.777308],[118.456643,-34.747472],[118.496912,-34.727183],[118.509749,-34.72539],[118.519837,-34.717451],[118.541036,-34.713772],[118.561918,-34.703689],[118.601284,-34.698004],[118.620074,-34.6866],[118.645197,-34.691221],[118.65143,-34.678426],[118.666082,-34.667801],[118.682785,-34.664505],[118.701391,-34.654836],[118.717375,-34.6576],[118.736259,-34.64051],[118.745957,-34.638323],[118.751991,-34.622448],[118.768807,-34.617861],[118.781709,-34.609001],[118.756473,-34.603687],[118.745441,-34.593669],[118.739631,-34.573564],[118.744853,-34.559068],[118.764461,-34.537699],[118.791675,-34.52251],[118.806705,-34.518079],[118.811598,-34.509473],[118.83344,-34.506926],[118.844664,-34.502305],[118.884154,-34.499642],[118.907827,-34.503446],[118.907255,-34.48048],[118.900958,-34.47644],[118.911791,-34.462878],[118.934653,-34.455088],[118.960905,-34.451277],[119.003471,-34.452414],[119.052904,-34.460622],[119.069109,-34.458813],[119.094785,-34.466983],[119.117503,-34.47012],[119.145282,-34.483654],[119.15223,-34.494511],[119.17354,-34.494425],[119.180712,-34.485889],[119.217883,-34.497961],[119.23936,-34.516177],[119.222245,-34.531332],[119.252234,-34.531844],[119.258532,-34.520978],[119.276649,-34.518884],[119.284839,-34.502239],[119.275036,-34.485617],[119.278066,-34.477256],[119.271965,-34.466048],[119.289851,-34.45198],[119.31478,-34.444887],[119.346392,-34.446224],[119.36358,-34.456645],[119.365038,-34.467435],[119.355734,-34.474705],[119.382143,-34.485365],[119.384092,-34.467011],[119.402417,-34.4525],[119.402727,-34.43301],[119.390842,-34.419446],[119.404146,-34.397426],[119.397942,-34.390081],[119.404848,-34.379817],[119.427304,-34.369105],[119.441935,-34.366471],[119.453434,-34.378806],[119.482512,-34.375228],[119.492468,-34.393046],[119.481605,-34.406246],[119.502719,-34.411473],[119.516335,-34.410065],[119.533175,-34.395702],[119.54744,-34.389647],[119.569937,-34.389826],[119.569888,-34.376625],[119.54184,-34.382834],[119.526697,-34.363709],[119.507448,-34.359128],[119.499148,-34.330005],[119.503207,-34.29035],[119.479402,-34.288238],[119.482109,-34.279528],[119.503722,-34.288015],[119.517885,-34.249365],[119.534915,-34.221382],[119.554082,-34.1989],[119.587825,-34.170846],[119.578404,-34.166681],[119.582687,-34.150976],[119.597462,-34.134587],[119.63387,-34.109459],[119.636665,-34.09846],[119.666402,-34.080413],[119.687579,-34.078564],[119.690953,-34.072011],[119.72402,-34.058599],[119.73385,-34.060742],[119.743315,-34.047544],[119.766641,-34.037895],[119.781732,-34.026733],[119.787985,-34.005434],[119.803218,-33.990911],[119.81637,-33.983476],[119.85863,-33.969793],[119.920455,-33.968332],[119.944395,-33.977887],[119.965915,-33.96331],[119.975781,-33.953007],[119.984181,-33.954596],[119.989165,-33.93781],[120.011342,-33.936773],[120.04406,-33.923133],[120.076334,-33.93112],[120.092302,-33.939327],[120.113053,-33.944762],[120.11917,-33.952521],[120.13378,-33.946732],[120.176725,-33.934825],[120.194315,-33.936039],[120.231065,-33.932406],[120.253374,-33.93423],[120.299138,-33.941395],[120.315466,-33.942267],[120.331557,-33.94758],[120.366687,-33.952957],[120.399489,-33.96077],[120.43657,-33.971882],[120.447181,-33.963548],[120.466136,-33.967492],[120.471276,-33.956781],[120.494711,-33.953202],[120.518014,-33.935412],[120.550598,-33.925241],[120.558378,-33.926413],[120.55337,-33.903171],[120.566157,-33.894249],[120.593472,-33.886246],[120.639,-33.891729],[120.648929,-33.88606],[120.683028,-33.88591],[120.705461,-33.892478],[120.733001,-33.89262],[120.779753,-33.885942],[120.810206,-33.88951],[120.824393,-33.877936],[120.840007,-33.873364],[120.841095,-33.865697],[120.868536,-33.85626],[120.906146,-33.861448],[120.916703,-33.865974],[120.939765,-33.862264],[120.980205,-33.868825],[121.008718,-33.870853],[121.013914,-33.860947],[121.048913,-33.856974],[121.079426,-33.8623],[121.083487,-33.851131],[121.099835,-33.848509],[121.123484,-33.850629],[121.172767,-33.867086],[121.187935,-33.862296],[121.193771,-33.847856],[121.210243,-33.842331],[121.255259,-33.846771],[121.265613,-33.850304],[121.2759,-33.842241],[121.296339,-33.840199],[121.298993,-33.825045],[121.318222,-33.821131],[121.348232,-33.827838],[121.361482,-33.815442],[121.399313,-33.818815],[121.426709,-33.826648],[121.435524,-33.82008],[121.459349,-33.825691],[121.467732,-33.822859],[121.500926,-33.835338],[121.526934,-33.833019],[121.531603,-33.825729],[121.546584,-33.82799],[121.585475,-33.844759],[121.627666,-33.86931],[121.651814,-33.888868],[121.662144,-33.883984],[121.676684,-33.863118],[121.695084,-33.86121],[121.730801,-33.873288],[121.763143,-33.886908],[121.783533,-33.906759],[121.803753,-33.899329],[121.823653,-33.897299],[121.835772,-33.887219],[121.857122,-33.890379],[121.874532,-33.876839],[121.887342,-33.882649],[121.900482,-33.878999],[121.893972,-33.863519],[121.903972,-33.844859],[121.915102,-33.838259],[121.933382,-33.834289],[121.956102,-33.833489],[121.979052,-33.837209],[121.986272,-33.829229],[122.001002,-33.829299],[122.017722,-33.836469],[122.040072,-33.853129],[122.059032,-33.871579],[122.085382,-33.902798],[122.100222,-33.939269],[122.113912,-33.964909],[122.118982,-33.980029],[122.109852,-33.992519],[122.113573,-34.017199],[122.136743,-34.006599],[122.144853,-34.014399],[122.158463,-34.005539],[122.193252,-34.017189],[122.188992,-34.008159],[122.197792,-34.000309],[122.209432,-34.000759],[122.227021,-33.988009],[122.247302,-33.997419],[122.264102,-33.995879],[122.272801,-33.984388],[122.268242,-33.968148],[122.287791,-33.949018],[122.326281,-33.928908],[122.341441,-33.926557],[122.354721,-33.916997],[122.375301,-33.911607],[122.399251,-33.911867],[122.444431,-33.919227],[122.4788,-33.932217],[122.49111,-33.938987],[122.50654,-33.940567],[122.5125,-33.953647],[122.52712,-33.939887],[122.54119,-33.934587],[122.55757,-33.936617],[122.56082,-33.944847],[122.57504,-33.948337],[122.59019,-33.942017],[122.58003,-33.924656],[122.58165,-33.916316],[122.59517,-33.911686],[122.59801,-33.902436],[122.61869,-33.892836],[122.669819,-33.888616],[122.695669,-33.892526],[122.716499,-33.890246],[122.723679,-33.895646],[122.742759,-33.896066],[122.754619,-33.881275],[122.773819,-33.877735],[122.793169,-33.881645],[122.812679,-33.889385],[122.829389,-33.909975],[122.838979,-33.904765],[122.867229,-33.899505],[122.874819,-33.902635],[122.905749,-33.889245],[122.943468,-33.885845],[122.970008,-33.890045],[122.986068,-33.884004],[123.005808,-33.881534],[123.004848,-33.870814],[123.016758,-33.857834],[123.042438,-33.858374],[123.083117,-33.871534],[123.114297,-33.889014],[123.133887,-33.904374],[123.139577,-33.916924],[123.161067,-33.945934],[123.159798,-33.978854],[123.172148,-33.989535],[123.167578,-34.006045],[123.181778,-34.011595],[123.223677,-33.994714],[123.227257,-33.988924],[123.246317,-33.991584],[123.251957,-33.997484],[123.275427,-33.975864],[123.292497,-33.974044],[123.308237,-33.952374],[123.330756,-33.928483],[123.330286,-33.918783],[123.344936,-33.913343],[123.354366,-33.900993],[123.371446,-33.895893],[123.412296,-33.893833],[123.448905,-33.899982],[123.474015,-33.906182],[123.504235,-33.918812],[123.512086,-33.942523],[123.527646,-33.941682],[123.546755,-33.934992],[123.556565,-33.922962],[123.560725,-33.902682],[123.569265,-33.899332],[123.573375,-33.887731],[123.590045,-33.881141],[123.609774,-33.882101],[123.619134,-33.876161],[123.641304,-33.87555],[123.641344,-33.86687],[123.656293,-33.84695],[123.675934,-33.836631],[123.693654,-33.831491],[123.707623,-33.81642],[123.742364,-33.809171],[123.755514,-33.79308],[123.746793,-33.77446],[123.750933,-33.74414],[123.756934,-33.723069],[123.774417,-33.698186],[123.810233,-33.664769],[123.853162,-33.640139],[123.872452,-33.633848],[123.869262,-33.606228],[123.875072,-33.599018],[123.892601,-33.591258],[123.930731,-33.586658],[123.935731,-33.576858],[123.95028,-33.575618],[123.97602,-33.558606],[123.98019,-33.549706],[123.98533,-33.510926],[123.98668,-33.479356],[123.998,-33.426375],[124.024492,-33.358036],[124.052691,-33.306736],[124.07911,-33.249225],[124.088749,-33.209644],[124.101189,-33.176154],[124.123398,-33.135103],[124.154307,-33.096063],[124.198166,-33.052832],[124.238655,-33.017591],[124.305384,-32.98091],[124.354414,-32.960069],[124.393573,-32.949078],[124.458263,-32.935578],[124.522832,-32.929417],[124.535792,-32.926587],[124.616501,-32.918855],[124.667391,-32.910475],[124.689991,-32.909245],[124.741,-32.900144],[124.76632,-32.892263],[124.78538,-32.881753],[124.814039,-32.872863],[124.834279,-32.863252],[124.843819,-32.854502],[124.877019,-32.843132],[124.900218,-32.828561],[124.906968,-32.815171],[124.928047,-32.794161],[124.958047,-32.77499],[124.986657,-32.76617],[125.007136,-32.753039],[125.016416,-32.736269],[125.026186,-32.728859],[125.068775,-32.721638],[125.088385,-32.720108],[125.102415,-32.715398],[125.136894,-32.692477],[125.164534,-32.680687],[125.176154,-32.672367],[125.199104,-32.662926],[125.230343,-32.643236],[125.252343,-32.636276],[125.293682,-32.616015],[125.370691,-32.591694],[125.419171,-32.587753],[125.439021,-32.582893],[125.4731,-32.570132],[125.48507,-32.559642],[125.53206,-32.549232],[125.539899,-32.541891],[125.56025,-32.534091],[125.581382,-32.514783],[125.615122,-32.490274],[125.643163,-32.475453],[125.679369,-32.444049],[125.699674,-32.433745],[125.712004,-32.421884],[125.74291,-32.403194],[125.751942,-32.40046],[125.801225,-32.366725],[125.857684,-32.339716],[125.870813,-32.336627],[125.898996,-32.316792],[125.95101,-32.290542],[125.978693,-32.281962],[126.024672,-32.274611],[126.037052,-32.268591],[126.066172,-32.27607],[126.081172,-32.27512],[126.113991,-32.264579],[126.12465,-32.256399],[126.160689,-32.237738],[126.203139,-32.232277],[126.228849,-32.235636],[126.240619,-32.241536],[126.276378,-32.250445],[126.344096,-32.262254],[126.358536,-32.268714],[126.422025,-32.284084],[126.464205,-32.287884],[126.549637,-32.29927],[126.614655,-32.303837],[126.645047,-32.304747],[126.672789,-32.308371],[126.73424,-32.305883],[126.772578,-32.292341],[126.819425,-32.293643],[126.848889,-32.298439],[126.860569,-32.296959],[126.893089,-32.29883],[126.956523,-32.297599],[126.994993,-32.29142],[127.042363,-32.288029],[127.057213,-32.283819],[127.106962,-32.281968],[127.169172,-32.275998],[127.213371,-32.276387],[127.238211,-32.269697],[127.293471,-32.262716],[127.299951,-32.259536],[127.33541,-32.254086],[127.350109,-32.246456],[127.380489,-32.241295],[127.397279,-32.234975],[127.414909,-32.233354],[127.452078,-32.222294],[127.481898,-32.216534],[127.518817,-32.214124],[127.548597,-32.190753],[127.585376,-32.175053],[127.620136,-32.167462],[127.637266,-32.157112],[127.691905,-32.142992],[127.705705,-32.136702],[127.755944,-32.127841],[127.784054,-32.119631],[127.798233,-32.119291],[127.865282,-32.103972],[127.903046,-32.100921],[127.940405,-32.089961],[127.968484,-32.08633],[127.999602,-32.07762],[128.022372,-32.073979],[128.086432,-32.054029],[128.100451,-32.046339],[128.138951,-32.035099],[128.146481,-32.030679],[128.21301,-32.011228],[128.22529,-32.005328],[128.247539,-32.001828],[128.253959,-31.996878],[128.280599,-31.990758],[128.289099,-31.984028],[128.314269,-31.979367],[128.325149,-31.973087],[128.411019,-31.938237],[128.435638,-31.934797],[128.466377,-31.918846],[128.494827,-31.911905],[128.501857,-31.902895],[128.527523,-31.894929],[128.543281,-31.88153],[128.571591,-31.873668],[128.590232,-31.871656],[128.596593,-31.863085],[128.642335,-31.850935],[128.653575,-31.844964],[128.661375,-31.833804],[128.682124,-31.825683],[128.706703,-31.808653],[128.754653,-31.787324],[128.775373,-31.773554],[128.789503,-31.768923],[128.803353,-31.757973],[128.860762,-31.735694],[128.896362,-31.717043],[128.94832,-31.700931],[128.96322,-31.694141],[129.00134,-31.687068],[129.001838,-25.998606],[129.00057,-25.998606],[129.000535,-23.440312],[128.483794,-23.441419],[127.815929,-23.440315],[126.001329,-23.44908],[125.489188,-23.446435],[125.03949,-23.443617],[124.785322,-23.441452],[124.668017,-23.440313],[124.360179,-23.44215],[124.120744,-23.443158],[123.79335,-23.443944],[123.558797,-23.444084],[123.412201,-23.443992],[123.221627,-23.443668],[122.99685,-23.442986],[122.855144,-23.44239],[122.635257,-23.44121],[122.483783,-23.440217],[122.253456,-23.440797],[122.013707,-23.441037],[121.842459,-23.440984],[121.656532,-23.440713],[121.504833,-23.440328],[121.29606,-23.440503],[121.004772,-23.440313],[121.004776,-23.727947],[120.671006,-23.72795],[120.612023,-23.805305],[120.610007,-23.812349],[120.542014,-23.849374],[120.524433,-23.852915],[120.512744,-23.848088],[120.493061,-23.866211],[120.43642,-23.953645],[120.41012,-24.017236],[120.364918,-24.072009],[120.321122,-24.108595],[120.2945,-24.14348],[120.287798,-24.15924],[120.241719,-24.221739],[120.219556,-24.246102],[120.212861,-24.28579],[120.183458,-24.330903],[120.158357,-24.344498],[120.132462,-24.370668],[120.113455,-24.451141],[120.111407,-24.456297],[120.078139,-24.476128],[120.066654,-24.493012],[120.077082,-24.502356],[120.082266,-24.525611],[120.092481,-24.540142],[120.08504,-24.552886],[120.076754,-24.595811],[120.070031,-24.608984],[120.053557,-24.665107],[120.042849,-24.707384],[120.05603,-24.73353],[120.055309,-24.844965],[120.060788,-24.853591],[120.08835,-24.915898],[120.105409,-24.940156],[120.115382,-24.997553],[120.18968,-25.142323],[120.198524,-25.162915],[120.202186,-25.192078],[120.176782,-25.201493],[120.167323,-25.200341],[120.162074,-25.212254],[120.136996,-25.232399],[120.085041,-25.338552],[120.088338,-25.527427],[120.086425,-25.551889],[120.091892,-25.561182],[120.093633,-25.584122],[120.099447,-25.621901],[120.107256,-25.631867],[120.107113,-25.659831],[120.112185,-25.725973],[120.118849,-25.754399],[120.00788,-26.027034],[119.977039,-26.06053],[119.961071,-26.085744],[119.954958,-26.106648],[119.941338,-26.140813],[119.933613,-26.14918],[119.921764,-26.187648],[119.912919,-26.199569],[119.894457,-26.213614],[119.883042,-26.24061],[119.867298,-26.256946],[119.81424,-26.364844],[119.804632,-26.382191],[119.804642,-26.440293],[119.792255,-26.449601],[119.776534,-26.45288],[119.749699,-26.468639],[119.737742,-26.480937],[119.613872,-26.552722],[119.602435,-26.571102],[119.583425,-26.577687],[119.582514,-26.592189],[119.576661,-26.605727],[119.528459,-26.644437],[119.501878,-26.680885],[119.485836,-26.722018],[119.44751,-26.768846],[119.411368,-26.785149],[119.339526,-26.863788],[119.331985,-26.899386],[119.287867,-27.008656],[119.27324,-27.014926],[119.236548,-27.062833],[119.201353,-27.169384],[119.204151,-27.181473],[119.196835,-27.202254],[119.201084,-27.231052],[119.332534,-27.242172],[119.584957,-27.242168],[119.584957,-27.290279],[120.058394,-27.290273],[120.058396,-27.502273],[120.074692,-27.502273],[120.074693,-27.612623],[120.157504,-27.612622],[120.156732,-27.743293],[120.154565,-28.043124],[120.154283,-28.047607],[120.196175,-28.047205],[120.196178,-28.291143],[120.044976,-28.291144],[120.045187,-28.464007],[119.80261,-28.464089],[119.802614,-28.847811],[119.77576,-28.847827],[119.775784,-28.915122],[119.663042,-29.112987],[119.344406,-29.110937],[119.200641,-29.290941],[119.058162,-29.29228],[118.874722,-29.292282],[118.720338,-29.292284],[118.720335,-29.106923],[118.435744,-29.105093],[118.4357,-29.279378],[118.457979,-29.389486],[118.508165,-29.636857],[118.508059,-29.832912],[118.507982,-30.028956],[118.507917,-30.203307],[118.656545,-30.465902],[118.751476,-30.632799],[118.751477,-30.690997],[118.755178,-30.720975],[118.772861,-30.720962],[118.772909,-30.757915],[118.758614,-30.758125],[118.761202,-30.770448],[118.784853,-30.770448],[118.784855,-30.81153],[118.825038,-30.81152],[118.825045,-30.817885],[118.859633,-30.817494],[118.859642,-30.827277],[118.877227,-30.827265],[118.877243,-30.837481],[118.895111,-30.837461],[118.917335,-30.847196],[118.91181,-30.862635],[118.928314,-30.862632],[118.92966,-30.885307],[118.943913,-30.895215],[118.944858,-30.9031],[118.95748,-30.926315],[118.945571,-30.933797],[118.919821,-30.934358],[118.918405,-30.967584],[118.891022,-30.967585],[118.891025,-30.962142],[118.863406,-30.962139],[118.86341,-31.007255],[118.874301,-31.020716],[118.874303,-31.04996],[118.870448,-31.074881],[118.843885,-31.074875],[118.843879,-31.100655],[118.848544,-31.120972],[118.82355,-31.121013],[118.823604,-31.14914],[118.811075,-31.149038],[118.81008,-31.217907],[118.772107,-31.217913],[118.772108,-31.243574],[118.758963,-31.243574],[118.738657,-31.259378],[118.739536,-31.328489],[118.76278,-31.328474],[118.762809,-31.352968],[118.740358,-31.352985],[118.739968,-31.40655],[118.737491,-31.421554],[118.737368,-31.481792],[118.740901,-31.481789],[118.740999,-31.555373],[118.755069,-31.555358],[118.755113,-31.618452],[118.804326,-31.61842],[118.804433,-31.695543],[118.738919,-31.695583],[118.789911,-31.757553],[118.733856,-31.757772],[118.708449,-31.774189],[118.708374,-31.783261],[118.669987,-31.783384],[118.66999,-31.78031],[118.378345,-31.78133],[118.378141,-31.6965],[118.2356,-31.696448],[118.166496,-31.710207],[118.164516,-31.703188],[118.113094,-31.713429],[118.114731,-31.719886],[118.053204,-31.72003],[118.053196,-31.714781],[118.027195,-31.714807],[118.019277,-31.700524],[117.981493,-31.700852],[117.991937,-31.708666],[117.992069,-31.828698],[117.879234,-31.828581],[117.87919,-31.811603],[117.793918,-31.811405],[117.788185,-31.815818],[117.747342,-31.816736],[117.722932,-31.809957],[117.681847,-31.823384],[117.648654,-31.813906],[117.626631,-31.819186],[117.609528,-31.819197],[117.597848,-31.825478],[117.549957,-31.829608],[117.538946,-31.84101],[117.484607,-31.838794],[117.4846,-31.828624],[117.445352,-31.820713],[117.428031,-31.820717],[117.428026,-31.807919],[117.388688,-31.805133],[117.391114,-31.813993],[117.327113,-31.841848],[117.288631,-31.856223],[117.280612,-31.845915],[117.271621,-31.849981],[117.255778,-31.83217],[117.235787,-31.817836],[117.227925,-31.817842],[117.22863,-31.795079],[117.185362,-31.795475],[117.175504,-31.8012],[117.154248,-31.801204],[117.154035,-31.808684],[117.134159,-31.817336],[117.158314,-31.856642],[117.135624,-31.862589],[117.141397,-31.871792],[117.11098,-31.885316],[117.126216,-31.891042],[117.141773,-31.910577],[117.096419,-31.930533],[117.105095,-31.945026],[117.099578,-31.954395],[117.087635,-31.959506],[117.099605,-31.981831],[117.119423,-31.986422],[117.128227,-31.980184],[117.143838,-31.982063],[117.172376,-31.994796],[117.17724,-32.002895],[117.195166,-32.006753],[117.216416,-32.035763],[117.227493,-32.038928],[117.230304,-32.05421],[117.238405,-32.067778],[117.23093,-32.072815],[117.232788,-32.092708],[117.227063,-32.097171],[117.225489,-32.119562],[117.238752,-32.119495],[117.238127,-32.165009],[117.247049,-32.179319],[117.239223,-32.198002],[117.247188,-32.211042],[117.239607,-32.214391],[117.239618,-32.231688],[117.233848,-32.240197],[117.201622,-32.240047],[117.192017,-32.245475],[117.190984,-32.257245],[117.139457,-32.258447],[117.111117,-32.261941],[117.095448,-32.25983],[117.068947,-32.270009],[117.06305,-32.259735],[117.044057,-32.267522],[117.040474,-32.261495],[117.014228,-32.272758],[117.00859,-32.263264],[116.989488,-32.258234],[116.833937,-32.258218],[116.83384,-32.272927],[116.824193,-32.276818],[116.818774,-32.293729],[116.798114,-32.301261],[116.79674,-32.309438],[116.778349,-32.318363],[116.78391,-32.333319],[116.759797,-32.333333],[116.724612,-32.348373],[116.690232,-32.348615],[116.666036,-32.356596],[116.625122,-32.353153],[116.6151,-32.357565],[116.383807,-32.357441],[116.383953,-32.23644],[116.224901,-32.235885],[116.189554,-32.287428],[116.1959,-32.294873],[116.225239,-32.342503],[116.231005,-32.356134],[116.259679,-32.389885],[116.259683,-32.674704],[116.20635,-32.6752],[116.205982,-32.755436],[116.225976,-32.755899],[116.225839,-32.791877],[116.187582,-32.78174],[116.187524,-32.80321],[116.178224,-32.803244],[116.179953,-32.94311],[116.187652,-32.961725],[116.199648,-32.967078],[116.208859,-32.984207],[116.209065,-33.085053],[116.146899,-33.084885],[116.14673,-33.22421],[116.144761,-33.231879],[116.008534,-33.231938],[116.0312,-33.21296],[116.031216,-33.191197],[116.010405,-33.189937],[116.013293,-33.203876],[115.992648,-33.213507],[115.982482,-33.210662],[115.962219,-33.222114],[115.945801,-33.222515],[115.946984,-33.289856],[115.918585,-33.290001],[115.919199,-33.378625],[115.936992,-33.378078],[115.938541,-33.388184],[115.962219,-33.395551],[115.967919,-33.401831],[116.00576,-33.407106],[116.01705,-33.385356],[116.008142,-33.379813],[116.00192,-33.367287],[116.021678,-33.349233],[116.051351,-33.35411],[116.057862,-33.360737],[116.023288,-33.360891],[116.023415,-33.505311],[115.973692,-33.506904],[115.973619,-33.488593],[115.949761,-33.488651],[115.947845,-33.50046],[115.928833,-33.504949],[115.867177,-33.505016],[115.869147,-33.520439],[115.843937,-33.519541],[115.833907,-33.514472],[115.815044,-33.541855],[115.777221,-33.540388],[115.777269,-33.521378],[115.754857,-33.521384],[115.758838,-33.533309],[115.730434,-33.533278],[115.7278,-33.546741],[115.727677,-33.645879],[115.715799,-33.651247],[115.724381,-33.66604],[115.732476,-33.663446],[115.731753,-33.692265],[115.750339,-33.692503],[115.750335,-33.700843],[115.766938,-33.701058],[115.766731,-33.7602],[115.763372,-33.760222],[115.763245,-33.796935],[115.73627,-33.796696],[115.736167,-33.811571],[115.669598,-33.811811],[115.646335,-33.824279],[115.541937,-33.906189],[115.536089,-33.913782],[115.419608,-33.919748],[115.414794,-33.976515],[115.39011,-33.999647],[115.392421,-34.021814],[115.397972,-34.042198],[115.404064,-34.049272],[115.391548,-34.078002],[115.402759,-34.092538],[115.401813,-34.156478],[115.381976,-34.155486],[115.36485,-34.16016],[115.337197,-34.160078],[115.336501,-34.279667],[115.337093,-34.314847]]],[[[123.216508,-34.089815],[123.193738,-34.090785],[123.180978,-34.095715],[123.170288,-34.090396],[123.157479,-34.110326],[123.170619,-34.113736],[123.180809,-34.107556],[123.192979,-34.117396],[123.213869,-34.112805],[123.208069,-34.103895],[123.216508,-34.089815]]],[[[118.486712,-34.921999],[118.456806,-34.904944],[118.438393,-34.90834],[118.462657,-34.933345],[118.477923,-34.936849],[118.486712,-34.921999]]],[[[122.261105,-34.12415],[122.248095,-34.12037],[122.238535,-34.11105],[122.235684,-34.158881],[122.246064,-34.158821],[122.249174,-34.145101],[122.256164,-34.142961],[122.252565,-34.127881],[122.261105,-34.12415]]],[[[123.563152,-34.354156],[123.542807,-34.356866],[123.545267,-34.367686],[123.563152,-34.354156]]],[[[122.011284,-34.024181],[121.991565,-34.029791],[122.002715,-34.038051],[122.011284,-34.024181]]],[[[122.027485,-33.963374],[122.009016,-33.955477],[122.009482,-33.967702],[122.027485,-33.963374]]]]},"bbox":[115.336501,-35.132137,129.001838,-23.440217]},
{"properties":{"electorateShortName":"pearce","electorateName":"Pearce","area":754.93,"state":"WA"},"type":"Feature","geometry":{"type":"Polygon","coordinates":[[[115.982838,-31.741886],[115.957101,-31.741807],[115.954086,-31.731759],[115.957951,-31.709609],[115.955359,-31.682999],[115.937533,-31.682963],[115.937532,-31.673206],[115.912,-31.66281],[115.90507,-31.652601],[115.888611,-31.652715],[115.883416,-31.644683],[115.883472,-31.627523],[115.861396,-31.627194],[115.861686,-31.572715],[115.855193,-31.572715],[115.855007,-31.474564],[115.678385,-31.477001],[115.670095,-31.455129],[115.560745,-31.45522],[115.580895,-31.486826],[115.584447,-31.499523],[115.601084,-31.51617],[115.608471,-31.53199],[115.622806,-31.547442],[115.635222,-31.565635],[115.653062,-31.60265],[115.662894,-31.614309],[115.66871,-31.631479],[115.680263,-31.644081],[115.690458,-31.674504],[115.704884,-31.701943],[115.708009,-31.716012],[115.718774,-31.730834],[115.768635,-31.717476],[115.792254,-31.742984],[115.787774,-31.751885],[115.808556,-31.783339],[115.850006,-31.790061],[115.861806,-31.795592],[115.927113,-31.795677],[115.95474,-31.76701],[115.971335,-31.760603],[115.982838,-31.741886]]]},"bbox":[115.560745,-31.795677,115.982838,-31.455129]},
{"properties":{"electorateShortName":"perth","electorateName":"Perth","area":68.91,"state":"WA"},"type":"Feature","geometry":{"type":"Polygon","coordinates":[[[115.936916,-31.930089],[115.924654,-31.917464],[115.91764,-31.888814],[115.888988,-31.887452],[115.880913,-31.890268],[115.850514,-31.888917],[115.816163,-31.889768],[115.800666,-31.882382],[115.800677,-31.882535],[115.804969,-31.894477],[115.820995,-31.902355],[115.824917,-31.920735],[115.843989,-31.941421],[115.819685,-31.962606],[115.838086,-31.991159],[115.843248,-31.96489],[115.853216,-31.963464],[115.875517,-31.969503],[115.888287,-31.962772],[115.883047,-31.948088],[115.913123,-31.951321],[115.908454,-31.939952],[115.915346,-31.932542],[115.936916,-31.930089]]]},"bbox":[115.800666,-31.991159,115.936916,-31.882382]},
{"properties":{"electorateShortName":"swan","electorateName":"Swan","area":124.13,"state":"WA"},"type":"Feature","geometry":{"type":"Polygon","coordinates":[[[115.974056,-32.003538],[115.985296,-31.987287],[115.979754,-31.98141],[115.988143,-31.946293],[115.995404,-31.928257],[115.991929,-31.917633],[115.971646,-31.915875],[115.955981,-31.922251],[115.940185,-31.92099],[115.936916,-31.930089],[115.915346,-31.932542],[115.908454,-31.939952],[115.913123,-31.951321],[115.883047,-31.948088],[115.888287,-31.962772],[115.875517,-31.969503],[115.853216,-31.963464],[115.843248,-31.96489],[115.838086,-31.991159],[115.848484,-31.99786],[115.856765,-32.02606],[115.863805,-32.034489],[115.880133,-32.023755],[115.894083,-32.019362],[115.900752,-32.028236],[115.914568,-32.031965],[115.917221,-32.039733],[115.931407,-32.053788],[115.957459,-32.038399],[115.971607,-32.024644],[115.974056,-32.003538]]]},"bbox":[115.838086,-32.053788,115.995404,-31.915875]},
{"properties":{"electorateShortName":"tangney","electorateName":"Tangney","area":96.83,"state":"WA"},"type":"Feature","geometry":{"type":"Polygon","coordinates":[[[115.916173,-32.115337],[115.951618,-32.082767],[115.941724,-32.07354],[115.931407,-32.053788],[115.917221,-32.039733],[115.914568,-32.031965],[115.900752,-32.028236],[115.894083,-32.019362],[115.880133,-32.023755],[115.863805,-32.034489],[115.856765,-32.02606],[115.848484,-31.99786],[115.838086,-31.991159],[115.82296,-32.001451],[115.817888,-32.014201],[115.786641,-32.007172],[115.775886,-32.026464],[115.779584,-32.054911],[115.803205,-32.056437],[115.803274,-32.06582],[115.814973,-32.068654],[115.849087,-32.086043],[115.87056,-32.084375],[115.884363,-32.075088],[115.892017,-32.081769],[115.890624,-32.092087],[115.916173,-32.115337]]]},"bbox":[115.775886,-32.115337,115.951618,-31.991159]}],"bbox":[96.827382,-43.632027,167.998035,-9.115517]}