{"type":"FeatureCollection","features":[
{"properties":{"electorateShortName":"adelaide","electorateName":"Adelaide","area":86.38,"state":"SA"},"type":"Feature","geometry":{"type":"Polygon","coordinates":[[[138.626439,-34.964559],[138.623564,-34.927903],[138.615718,-34.92259],[138.612826,-34.909505],[138.614331,-34.908511],[138.615248,-34.904862],[138.613903,-34.899693],[138.618577,-34.900847],[138.618347,-34.895573],[138.620414,-34.895567],[138.623055,-34.893146],[138.626,-34.893844],[138.627849,-34.890409],[138.635189,-34.887357],[138.626444,-34.879352],[138.638165,-34.870414],[138.637031,-34.869386],[138.63534,-34.846848],[138.623328,-34.847372],[138.617222,-34.847274],[138.582358,-34.848977],[138.577621,-34.849677],[138.564539,-34.849757],[138.546715,-34.850583],[138.548395,-34.875225],[138.550774,-34.876668],[138.548261,-34.889165],[138.551042,-34.891327],[138.552095,-34.904467],[138.551311,-34.904528],[138.548111,-34.913281],[138.549069,-34.924752],[138.55194,-34.924615],[138.554992,-34.967237],[138.585084,-34.951985],[138.586455,-34.954438],[138.59729,-34.96602],[138.626439,-34.964559]]]},"bbox":[138.546715,-34.967237,138.638165,-34.846848]},
{"properties":{"electorateShortName":"barker","electorateName":"Barker","area":65206.36,"state":"SA"},"type":"Feature","geometry":{"type":"Polygon","coordinates":[[[138.886927,-35.558906],[138.886691,-35.560646],[138.890027,-35.563084],[138.951116,-35.591402],[139.031909,-35.635565],[139.102766,-35.679635],[139.153835,-35.713769],[139.211957,-35.754559],[139.268449,-35.798207],[139.33051,-35.850558],[139.37702,-35.892234],[139.413539,-35.927244],[139.484126,-35.999862],[139.52302,-36.043505],[139.5594,-36.087703],[139.593915,-36.132752],[139.64901,-36.212171],[139.709323,-36.312463],[139.787515,-36.468929],[139.801025,-36.50114],[139.831944,-36.587359],[139.845787,-36.629274],[139.861463,-36.688747],[139.863518,-36.718513],[139.862522,-36.760207],[139.859224,-36.785359],[139.850074,-36.824909],[139.842891,-36.839575],[139.836358,-36.849037],[139.825651,-36.857508],[139.818789,-36.868524],[139.808266,-36.877219],[139.799772,-36.880993],[139.789172,-36.893329],[139.779725,-36.898999],[139.748151,-36.909426],[139.740992,-36.91441],[139.73239,-36.916809],[139.717462,-36.929641],[139.699162,-36.93925],[139.696274,-36.94049],[139.675909,-36.942056],[139.670049,-36.958217],[139.676102,-36.966852],[139.684513,-36.974707],[139.721789,-37.000625],[139.740535,-37.021304],[139.743446,-37.02957],[139.742703,-37.039425],[139.739303,-37.04623],[139.739412,-37.056844],[139.743931,-37.07419],[139.756611,-37.078563],[139.761203,-37.077509],[139.768416,-37.081579],[139.782243,-37.095993],[139.791052,-37.111549],[139.795204,-37.125523],[139.795818,-37.137468],[139.793957,-37.146375],[139.788459,-37.157799],[139.781747,-37.164163],[139.776534,-37.165216],[139.766246,-37.162333],[139.753441,-37.16203],[139.749533,-37.159157],[139.748588,-37.156328],[139.743061,-37.155849],[139.745484,-37.158162],[139.743286,-37.160769],[139.745188,-37.163276],[139.742272,-37.166059],[139.744266,-37.17178],[139.739968,-37.181963],[139.745872,-37.184659],[139.750509,-37.19063],[139.757523,-37.194385],[139.761627,-37.199707],[139.771023,-37.216223],[139.770148,-37.218204],[139.77425,-37.220349],[139.774571,-37.22347],[139.777013,-37.223795],[139.778555,-37.229376],[139.783028,-37.231003],[139.783061,-37.236805],[139.788741,-37.240813],[139.796858,-37.25638],[139.795958,-37.258916],[139.799174,-37.260504],[139.801315,-37.264051],[139.803914,-37.264458],[139.805187,-37.269519],[139.807615,-37.274274],[139.811877,-37.277666],[139.81173,-37.280839],[139.818764,-37.285716],[139.821339,-37.291784],[139.819822,-37.29311],[139.824692,-37.295312],[139.828682,-37.300494],[139.827894,-37.304078],[139.832595,-37.305485],[139.837637,-37.310384],[139.836759,-37.314054],[139.842824,-37.31671],[139.843447,-37.319185],[139.840749,-37.32219],[139.848503,-37.321278],[139.850581,-37.324061],[139.848073,-37.327771],[139.849077,-37.331117],[139.856331,-37.32941],[139.865514,-37.335612],[139.869843,-37.342056],[139.871503,-37.348209],[139.881927,-37.360271],[139.890441,-37.375874],[139.910105,-37.388926],[139.924415,-37.405375],[139.929335,-37.413562],[139.930223,-37.41825],[139.939227,-37.42286],[139.946727,-37.42933],[139.951157,-37.437619],[139.949185,-37.440529],[139.951359,-37.442217],[139.954943,-37.44171],[139.960106,-37.443363],[139.962664,-37.448128],[139.971974,-37.45651],[139.973301,-37.460283],[139.984621,-37.46813],[139.985266,-37.470903],[139.990286,-37.470994],[139.996576,-37.476743],[139.99687,-37.482986],[139.99361,-37.483015],[139.992896,-37.485671],[139.997071,-37.484197],[139.997987,-37.487301],[140.005119,-37.487376],[140.011347,-37.493125],[140.016147,-37.490318],[140.014604,-37.486696],[140.015968,-37.480523],[140.020089,-37.476952],[140.025048,-37.475449],[140.032194,-37.474436],[140.049823,-37.478617],[140.060078,-37.484421],[140.077462,-37.503416],[140.095721,-37.512387],[140.118803,-37.528644],[140.129779,-37.543747],[140.131654,-37.550566],[140.131312,-37.556224],[140.128143,-37.56473],[140.120752,-37.569356],[140.116133,-37.570244],[140.111482,-37.565641],[140.107793,-37.565166],[140.108016,-37.567601],[140.112257,-37.571355],[140.111363,-37.573688],[140.113487,-37.575448],[140.112713,-37.578417],[140.120891,-37.579587],[140.122885,-37.5844],[140.127601,-37.585163],[140.127982,-37.587625],[140.13267,-37.588444],[140.134329,-37.58713],[140.137216,-37.592822],[140.144851,-37.594482],[140.149524,-37.597864],[140.151493,-37.601414],[140.15736,-37.602917],[140.164151,-37.607107],[140.168103,-37.61205],[140.170549,-37.611876],[140.178709,-37.617223],[140.203293,-37.639822],[140.24789,-37.686113],[140.27558,-37.720824],[140.28473,-37.735244],[140.284575,-37.737076],[140.29329,-37.7479],[140.298595,-37.759688],[140.307204,-37.770652],[140.311124,-37.779735],[140.318866,-37.789123],[140.320491,-37.795386],[140.325953,-37.80143],[140.328676,-37.807091],[140.326021,-37.810449],[140.328639,-37.812672],[140.329694,-37.815398],[140.328417,-37.81817],[140.333536,-37.818498],[140.342399,-37.834395],[140.353977,-37.849536],[140.361532,-37.863851],[140.363997,-37.877048],[140.372995,-37.886938],[140.375888,-37.897846],[140.383497,-37.898937],[140.388676,-37.901501],[140.392051,-37.908856],[140.390372,-37.913048],[140.392086,-37.913945],[140.394256,-37.911874],[140.396583,-37.914597],[140.394464,-37.91581],[140.397759,-37.918075],[140.403233,-37.916982],[140.412505,-37.925619],[140.419572,-37.925861],[140.421214,-37.931014],[140.425459,-37.929537],[140.434765,-37.932508],[140.440858,-37.931291],[140.454015,-37.935846],[140.457177,-37.940211],[140.461842,-37.941638],[140.467146,-37.948195],[140.466543,-37.949747],[140.478301,-37.953287],[140.480892,-37.956735],[140.485879,-37.957642],[140.491164,-37.96087],[140.502653,-37.973578],[140.508784,-37.984202],[140.517006,-37.98996],[140.525758,-37.992521],[140.548288,-38.004792],[140.560942,-38.006033],[140.567291,-38.008596],[140.572145,-38.014186],[140.570559,-38.020683],[140.576745,-38.024034],[140.577173,-38.028254],[140.579385,-38.029701],[140.584459,-38.028794],[140.585005,-38.027023],[140.590416,-38.024468],[140.593105,-38.024595],[140.606818,-38.027717],[140.617599,-38.032296],[140.620936,-38.040256],[140.624818,-38.041042],[140.629217,-38.03851],[140.642025,-38.041165],[140.644961,-38.043793],[140.644991,-38.046833],[140.65993,-38.056338],[140.663345,-38.059721],[140.669531,-38.060042],[140.675953,-38.057456],[140.685734,-38.056963],[140.697667,-38.059677],[140.696111,-38.056784],[140.717702,-38.051685],[140.729147,-38.054292],[140.738793,-38.054477],[140.746796,-38.058637],[140.752964,-38.05618],[140.759943,-38.057629],[140.763273,-38.056423],[140.768978,-38.057392],[140.770602,-38.054022],[140.775175,-38.049349],[140.782998,-38.04552],[140.797093,-38.046886],[140.79878,-38.045504],[140.807612,-38.049008],[140.811461,-38.04552],[140.819121,-38.042456],[140.837839,-38.041051],[140.862187,-38.045692],[140.873073,-38.051014],[140.88933,-38.047848],[140.900135,-38.04797],[140.917792,-38.052369],[140.930475,-38.053438],[140.938403,-38.052218],[140.965735,-38.055989],[140.966871,-37.998534],[140.968887,-37.875991],[140.972011,-37.730752],[140.973568,-37.718049],[140.972116,-37.717588],[140.972698,-37.654268],[140.972678,-37.639881],[140.973273,-37.553567],[140.973665,-37.507876],[140.973872,-37.462093],[140.973507,-37.411222],[140.973283,-37.358326],[140.97307,-37.34303],[140.973019,-37.310127],[140.972111,-37.281565],[140.971986,-37.270542],[140.971547,-37.178544],[140.971867,-37.091542],[140.971168,-36.970452],[140.970594,-36.911125],[140.97042,-36.905114],[140.969864,-36.848894],[140.968714,-36.694114],[140.9689,-36.668977],[140.968704,-36.603651],[140.968532,-36.551336],[140.968196,-36.551331],[140.967988,-36.487258],[140.967755,-36.449367],[140.967627,-36.381502],[140.96735,-36.373918],[140.96646,-36.257124],[140.965659,-36.17579],[140.964266,-36.034478],[140.963888,-35.996066],[140.963851,-35.962594],[140.963108,-35.748489],[140.965993,-35.415868],[140.966225,-35.389142],[140.966146,-35.37589],[140.965949,-35.237705],[140.965762,-35.106521],[140.965621,-35.008257],[140.965529,-34.961072],[140.965534,-34.928419],[140.965416,-34.869385],[140.964809,-34.637679],[140.964557,-34.541676],[140.964454,-34.502625],[140.964445,-34.497253],[140.966309,-34.495465],[140.964438,-34.492743],[140.964347,-34.438654],[140.963895,-34.368637],[140.962568,-34.202776],[140.962204,-34.150963],[140.9631,-33.990028],[140.963616,-33.980648],[140.965699,-33.980719],[140.969287,-33.98348],[140.967679,-33.989832],[140.969273,-33.997216],[140.970656,-33.997851],[140.976321,-33.99721],[140.980375,-33.999637],[140.980821,-34.004606],[140.979519,-34.006087],[140.97645,-34.006958],[140.976463,-34.009852],[140.984758,-34.009207],[140.986818,-34.011307],[140.982281,-34.013345],[140.980453,-34.016013],[140.981586,-34.017772],[140.985258,-34.020326],[140.985698,-34.027525],[140.989765,-34.031708],[140.991909,-34.031822],[140.994503,-34.02943],[140.994302,-34.024414],[140.996059,-34.020915],[141.00061,-34.020082],[141.002956,-34.021892],[141.002845,-33.883697],[141.002821,-33.853836],[141.002682,-33.678602],[141.002608,-33.584701],[141.00254,-33.498505],[141.002391,-33.31116],[140.373676,-33.310387],[140.374777,-34.004683],[140.2161,-34.005623],[140.215927,-33.945289],[140.156805,-33.945086],[140.053206,-33.944663],[139.980037,-33.944311],[139.857232,-33.943622],[139.857077,-33.875317],[139.699921,-33.875194],[139.699727,-33.846969],[139.699574,-33.841065],[139.699738,-33.824852],[139.699584,-33.819142],[139.699768,-33.800777],[139.624794,-33.801315],[139.624797,-33.801134],[139.575299,-33.801464],[139.47107,-33.80229],[139.365421,-33.803037],[139.355826,-33.803014],[139.356046,-33.885671],[139.35627,-33.970702],[139.356489,-33.971436],[139.356602,-34.015742],[139.356802,-34.095589],[139.35672,-34.126099],[139.35795,-34.146333],[139.358038,-34.175439],[139.351096,-34.209184],[139.350956,-34.258923],[139.350784,-34.319345],[139.332474,-34.319427],[139.26424,-34.319365],[139.264374,-34.295832],[139.256774,-34.298221],[139.242627,-34.302152],[139.215427,-34.310227],[139.214681,-34.31083],[139.209269,-34.310094],[139.199639,-34.312121],[139.191445,-34.320657],[139.190257,-34.321361],[139.18073,-34.324179],[139.176641,-34.324909],[139.171574,-34.326907],[139.168305,-34.325749],[139.162756,-34.327119],[139.158487,-34.3319],[139.155522,-34.33283],[139.155835,-34.3352],[139.148467,-34.333025],[139.148175,-34.333695],[139.125411,-34.331923],[139.105038,-34.330029],[139.107785,-34.325389],[139.109597,-34.325299],[139.113225,-34.319959],[139.115753,-34.318859],[139.122285,-34.318137],[139.127389,-34.315023],[139.034166,-34.306653],[139.03589,-34.303387],[139.035099,-34.300596],[139.035832,-34.297145],[139.042763,-34.291047],[139.040413,-34.289557],[139.041883,-34.283931],[139.043339,-34.282236],[139.04152,-34.27468],[139.044309,-34.27025],[139.048663,-34.267331],[139.044892,-34.260909],[139.04821,-34.260721],[139.04822,-34.258145],[139.049498,-34.255743],[139.0485,-34.253553],[139.050151,-34.251963],[139.047893,-34.247751],[139.048545,-34.244786],[139.044248,-34.244],[139.043015,-34.242067],[139.039335,-34.242762],[139.030259,-34.242279],[139.026093,-34.242951],[139.022203,-34.244914],[139.019267,-34.244459],[139.018113,-34.242284],[139.014187,-34.244394],[139.01295,-34.245984],[139.009195,-34.245964],[139.00919,-34.243123],[139.004986,-34.244545],[139.001044,-34.248788],[138.9987,-34.252919],[138.997786,-34.255946],[138.995693,-34.256413],[138.993043,-34.254139],[138.9911,-34.254043],[138.987078,-34.25635],[138.983638,-34.253376],[138.978954,-34.254835],[138.978141,-34.252767],[138.975287,-34.228786],[138.975276,-34.226077],[138.972809,-34.218296],[138.96583,-34.201831],[138.970422,-34.197949],[138.971604,-34.193639],[138.965402,-34.19339],[138.926944,-34.198011],[138.909126,-34.197818],[138.909206,-34.19101],[138.902922,-34.191924],[138.902944,-34.187563],[138.89033,-34.188414],[138.864812,-34.188302],[138.864763,-34.193541],[138.838376,-34.193493],[138.835813,-34.212423],[138.828292,-34.211774],[138.82859,-34.216699],[138.8319,-34.219702],[138.840806,-34.221068],[138.839001,-34.231692],[138.827879,-34.231227],[138.82722,-34.238284],[138.827813,-34.241123],[138.830943,-34.244285],[138.833333,-34.250317],[138.833842,-34.259761],[138.832689,-34.261009],[138.832722,-34.263969],[138.836708,-34.262875],[138.83833,-34.266202],[138.839434,-34.274165],[138.839295,-34.281121],[138.840843,-34.284004],[138.839684,-34.296578],[138.837019,-34.300597],[138.779426,-34.298285],[138.786482,-34.317968],[138.787386,-34.329515],[138.786484,-34.336705],[138.784659,-34.341442],[138.780737,-34.344092],[138.774445,-34.350491],[138.771472,-34.354983],[138.766988,-34.359608],[138.763629,-34.36499],[138.75529,-34.374515],[138.753845,-34.382067],[138.753651,-34.390775],[138.751753,-34.406572],[138.749334,-34.429217],[138.744114,-34.445325],[138.74649,-34.463696],[138.752861,-34.510068],[138.753088,-34.513687],[138.747465,-34.558248],[138.752726,-34.558663],[138.758125,-34.56222],[138.749733,-34.569137],[138.761748,-34.571745],[138.761661,-34.569622],[138.764963,-34.569833],[138.770362,-34.56727],[138.769007,-34.565854],[138.772815,-34.560872],[138.775867,-34.560058],[138.780609,-34.560699],[138.78666,-34.562672],[138.790093,-34.562915],[138.791083,-34.560735],[138.788864,-34.559892],[138.788533,-34.556113],[138.792362,-34.557416],[138.79625,-34.554458],[138.793791,-34.553514],[138.798589,-34.551006],[138.802517,-34.550657],[138.804213,-34.551384],[138.805859,-34.555677],[138.804557,-34.557529],[138.80044,-34.559085],[138.802355,-34.560918],[138.807203,-34.560335],[138.808255,-34.557755],[138.810353,-34.558765],[138.81289,-34.557851],[138.813489,-34.562677],[138.816935,-34.56227],[138.819424,-34.560769],[138.820916,-34.561723],[138.823308,-34.577038],[138.821489,-34.581615],[138.824411,-34.58233],[138.82532,-34.587566],[138.824788,-34.590962],[138.818568,-34.595339],[138.818461,-34.598075],[138.815425,-34.600873],[138.805873,-34.602254],[138.800443,-34.601906],[138.800976,-34.609536],[138.816113,-34.639045],[138.812805,-34.640443],[138.814794,-34.642997],[138.809727,-34.649441],[138.807883,-34.649689],[138.795767,-34.653842],[138.789213,-34.654201],[138.786635,-34.655159],[138.788184,-34.657554],[138.792874,-34.656395],[138.790293,-34.661118],[138.795153,-34.663847],[138.797812,-34.663986],[138.799103,-34.665488],[138.802662,-34.663633],[138.80464,-34.66385],[138.8082,-34.666035],[138.80895,-34.668031],[138.811183,-34.668509],[138.814606,-34.6677],[138.819571,-34.669392],[138.822787,-34.668288],[138.825968,-34.670961],[138.828957,-34.668342],[138.832413,-34.669895],[138.836713,-34.673433],[138.839024,-34.672826],[138.842023,-34.674111],[138.841092,-34.679338],[138.845,-34.681322],[138.847549,-34.680538],[138.847693,-34.684426],[138.851313,-34.68522],[138.852213,-34.688326],[138.85492,-34.69173],[138.858655,-34.691888],[138.861939,-34.694908],[138.861909,-34.697395],[138.859758,-34.700713],[138.859883,-34.702896],[138.863426,-34.704268],[138.86752,-34.701508],[138.873105,-34.701372],[138.876239,-34.703525],[138.878684,-34.70082],[138.880715,-34.701254],[138.883365,-34.699945],[138.887929,-34.700579],[138.891769,-34.703243],[138.896334,-34.707484],[138.898079,-34.704891],[138.903769,-34.704757],[138.903451,-34.708054],[138.909409,-34.708276],[138.910074,-34.711241],[138.917484,-34.725582],[138.917461,-34.734708],[138.926642,-34.73471],[138.926849,-34.743768],[138.91959,-34.745022],[138.924226,-34.750444],[138.92924,-34.752708],[138.928028,-34.755628],[138.934342,-34.759466],[138.940667,-34.760821],[138.941905,-34.763468],[138.944017,-34.763536],[138.948565,-34.765403],[138.949522,-34.769128],[138.948101,-34.773129],[138.95183,-34.774582],[138.957392,-34.772915],[138.967229,-34.772406],[138.968466,-34.773453],[138.972456,-34.773414],[138.976951,-34.771425],[138.989422,-34.76976],[138.991086,-34.772277],[138.98808,-34.779468],[138.988073,-34.781386],[139.00478,-34.794065],[139.004581,-34.79914],[139.007496,-34.80211],[139.011238,-34.804146],[139.017542,-34.804627],[139.0216,-34.807485],[139.026911,-34.809829],[139.032714,-34.81089],[139.041774,-34.815338],[139.043574,-34.817193],[139.037326,-34.823293],[139.030687,-34.825193],[139.027407,-34.824998],[139.025074,-34.823358],[139.020842,-34.825779],[139.01913,-34.829347],[139.016283,-34.830971],[139.010199,-34.832343],[139.003422,-34.831229],[139.001475,-34.834427],[139.002976,-34.838525],[139.006916,-34.841273],[139.00569,-34.846932],[139.00191,-34.850872],[139.003917,-34.854697],[139.003061,-34.85687],[139.005413,-34.85822],[139.009075,-34.863681],[139.008523,-34.865581],[139.003827,-34.866909],[139.000892,-34.869828],[138.999043,-34.870121],[138.998926,-34.872736],[138.993324,-34.873558],[138.989425,-34.879003],[138.977132,-34.87837],[138.980761,-34.882973],[138.980012,-34.885749],[138.978134,-34.888276],[138.977665,-34.89163],[138.975208,-34.8949],[139.034957,-34.928687],[139.020385,-34.948833],[139.019372,-34.952625],[139.026035,-34.954714],[139.028227,-34.956885],[139.027696,-34.963022],[139.030257,-34.966607],[139.035769,-34.968764],[139.03495,-34.97072],[139.036452,-34.973526],[139.03938,-34.973388],[139.041161,-34.976666],[139.040541,-34.979077],[139.036917,-34.984096],[139.036519,-34.988653],[139.035151,-34.990886],[139.036738,-34.995275],[139.034074,-34.996142],[139.034902,-34.999073],[139.031236,-35.001844],[139.033954,-35.007773],[139.035895,-35.009604],[139.034882,-35.011701],[139.037553,-35.013434],[139.036824,-35.015766],[139.03738,-35.021137],[139.036571,-35.024544],[139.033429,-35.027363],[139.031084,-35.033321],[139.032989,-35.037172],[139.032892,-35.042781],[139.031796,-35.046018],[139.02951,-35.048611],[139.031539,-35.051758],[139.030548,-35.053491],[139.030357,-35.057266],[139.029078,-35.060404],[139.03102,-35.063517],[139.033632,-35.064746],[139.031458,-35.066845],[139.034394,-35.068826],[139.031967,-35.073983],[139.035971,-35.077692],[139.034996,-35.082553],[139.037974,-35.084355],[139.037558,-35.087567],[139.039187,-35.089417],[139.038329,-35.092758],[139.036679,-35.095033],[139.037744,-35.096167],[139.041688,-35.096559],[139.040392,-35.100833],[139.041934,-35.106799],[139.043852,-35.10869],[139.04403,-35.111613],[139.040733,-35.117723],[139.036897,-35.120811],[139.033144,-35.129527],[139.030116,-35.130569],[139.027356,-35.136597],[139.027421,-35.13878],[139.031191,-35.141588],[139.033507,-35.142218],[139.036648,-35.140621],[139.038793,-35.144248],[139.038078,-35.146122],[139.04365,-35.15015],[139.066687,-35.165936],[139.066698,-35.192527],[139.066437,-35.214865],[139.068108,-35.215307],[139.086072,-35.216629],[139.090615,-35.218926],[139.107617,-35.232366],[139.11146,-35.234088],[139.155585,-35.252645],[139.158312,-35.253485],[139.153863,-35.324322],[139.153896,-35.32535],[139.150775,-35.374659],[139.144709,-35.471704],[139.046729,-35.500949],[139.04138,-35.50508],[139.039542,-35.507556],[139.03377,-35.51312],[139.029754,-35.514046],[139.025332,-35.512302],[139.021523,-35.512237],[139.020699,-35.513821],[139.017492,-35.514921],[139.011125,-35.514701],[139.006917,-35.512766],[139.001369,-35.513158],[138.99168,-35.515891],[138.989648,-35.518869],[138.986404,-35.520118],[138.984371,-35.518734],[138.981025,-35.518259],[138.96684,-35.529378],[138.965892,-35.537377],[138.966169,-35.541798],[138.962049,-35.546816],[138.954785,-35.551081],[138.948072,-35.553075],[138.942471,-35.556075],[138.936299,-35.555432],[138.934042,-35.557295],[138.933283,-35.561753],[138.929045,-35.561577],[138.927834,-35.559063],[138.923923,-35.559218],[138.920034,-35.561916],[138.916443,-35.561185],[138.914733,-35.559429],[138.910302,-35.556952],[138.904379,-35.554983],[138.901461,-35.557531],[138.896313,-35.558481],[138.891839,-35.557762],[138.886927,-35.558906]]]},"bbox":[138.744114,-38.060042,141.002956,-33.310387]},
{"properties":{"electorateShortName":"boothby","electorateName":"Boothby","area":115.62,"state":"SA"},"type":"Feature","geometry":{"type":"Polygon","coordinates":[[[138.586311,-35.037955],[138.590142,-35.035949],[138.591033,-35.034502],[138.595895,-35.033368],[138.596186,-35.037534],[138.603896,-35.036037],[138.603737,-35.034095],[138.609926,-35.033948],[138.609845,-35.032867],[138.62057,-35.03234],[138.620766,-35.030869],[138.625461,-35.03062],[138.623691,-35.024847],[138.619434,-35.02321],[138.61855,-35.01832],[138.620448,-35.017094],[138.640815,-35.015921],[138.645418,-35.014972],[138.648654,-35.015738],[138.650947,-35.019676],[138.65484,-35.022615],[138.667823,-35.023967],[138.67171,-35.025805],[138.675584,-35.015608],[138.681316,-35.007596],[138.677069,-35.007325],[138.680021,-35.000422],[138.677605,-34.999002],[138.675241,-34.990667],[138.671219,-34.989486],[138.673752,-34.985276],[138.669404,-34.985798],[138.665171,-34.981662],[138.667416,-34.980781],[138.670041,-34.978219],[138.675338,-34.974486],[138.670487,-34.9717],[138.671368,-34.968136],[138.669772,-34.967205],[138.666155,-34.967276],[138.660618,-34.969448],[138.654609,-34.972901],[138.650727,-34.971593],[138.648367,-34.966064],[138.643505,-34.963683],[138.626439,-34.964559],[138.59729,-34.96602],[138.586455,-34.954438],[138.585084,-34.951985],[138.554992,-34.967237],[138.53778,-34.975938],[138.532418,-34.975615],[138.531955,-34.973779],[138.528667,-34.974147],[138.528408,-34.97083],[138.524921,-34.970933],[138.523287,-34.968296],[138.523044,-34.964975],[138.51906,-34.965182],[138.516625,-34.963928],[138.508578,-34.964393],[138.510859,-34.973329],[138.509073,-34.975315],[138.510361,-34.982901],[138.509258,-34.989297],[138.511424,-35.00605],[138.517614,-35.03213],[138.515333,-35.03834],[138.508463,-35.044067],[138.503686,-35.056544],[138.505955,-35.059432],[138.509175,-35.059772],[138.514107,-35.057202],[138.518507,-35.056451],[138.523039,-35.056402],[138.526006,-35.055518],[138.559648,-35.053713],[138.559418,-35.050245],[138.560694,-35.046526],[138.560842,-35.042727],[138.559571,-35.040102],[138.560509,-35.03675],[138.556152,-35.032047],[138.558603,-35.026764],[138.562959,-35.023294],[138.563779,-35.026143],[138.56362,-35.029647],[138.565573,-35.029569],[138.570275,-35.03399],[138.572133,-35.034911],[138.571113,-35.03791],[138.577089,-35.037805],[138.578688,-35.036755],[138.584219,-35.036883],[138.586311,-35.037955]]]},"bbox":[138.503686,-35.059772,138.681316,-34.951985]},
{"properties":{"electorateShortName":"grey","electorateName":"Grey","area":908595.6,"state":"SA"},"type":"Feature","geometry":{"type":"MultiPolygon","coordinates":[[[[141.002391,-33.31116],[141.00142,-32.079475],[141.001316,-31.932267],[141.001129,-31.683869],[141.000594,-31.199968],[141.000624,-31.092715],[141.000611,-31.047642],[141.000634,-30.969827],[141.000568,-30.475266],[141.000444,-30.266084],[141.0004,-30.184098],[141.00033,-30.050624],[141.000216,-29.904013],[141.000084,-29.732442],[140.999883,-29.472053],[140.999596,-29.204811],[140.999475,-28.999095],[140.999447,-28.98455],[140.99931,-28.822833],[140.999071,-28.538648],[140.995702,-28.069183],[140.996891,-27.668511],[140.996906,-27.605864],[140.996764,-27.285229],[140.997507,-26.909189],[140.997943,-26.761622],[140.999439,-26.734048],[140.999438,-26.691998],[140.999427,-26.608668],[140.999437,-26.560888],[140.999446,-26.498488],[140.999446,-26.400868],[140.999435,-26.317537],[140.999435,-26.255517],[140.999425,-26.172187],[140.999394,-25.996376],[140.940754,-25.996387],[140.90964,-25.996316],[140.857425,-25.996398],[140.771946,-25.996409],[140.688627,-25.996429],[140.605287,-25.99646],[140.52201,-25.996146],[140.501229,-25.996481],[140.43864,-25.996501],[140.355301,-25.996521],[139.87258,-25.996524],[139.82539,-25.996535],[139.742062,-25.996555],[139.658733,-25.996566],[139.575405,-25.996587],[139.501269,-25.99679],[139.492076,-25.996598],[139.408747,-25.996619],[139.320728,-25.99664],[139.237398,-25.996652],[139.154069,-25.996673],[139.070739,-25.996693],[139.001249,-25.996703],[138.947799,-25.996713],[138.69781,-25.996743],[138.65529,-25.996753],[138.57196,-25.996763],[138.48863,-25.996773],[138.415701,-25.996793],[138.332371,-25.996804],[138.249042,-25.996825],[138.165712,-25.996835],[138.082383,-25.996856],[137.999054,-25.996867],[137.749197,-25.99708],[137.665868,-25.997141],[137.582539,-25.997212],[137.49921,-25.997284],[137.415882,-25.997353],[137.249225,-25.997496],[137.165896,-25.997557],[137.082567,-25.997628],[136.999238,-25.997699],[136.665922,-25.997982],[136.582593,-25.998043],[136.501274,-25.998114],[136.249275,-25.998325],[136.082616,-25.998455],[136.001736,-25.998526],[135.799278,-25.998528],[135.401282,-25.998533],[134.149291,-25.998546],[133.314855,-25.99857],[133.202336,-25.998581],[133.111844,-25.998581],[132.993367,-25.998573],[132.414689,-25.998578],[132.366459,-25.998579],[132.04498,-25.998582],[131.954357,-25.998568],[131.751301,-25.998563],[131.696093,-25.998566],[131.627043,-25.998587],[131.385935,-25.998589],[131.37152,-25.998617],[131.048379,-25.998592],[131.016229,-25.998592],[130.742971,-25.998594],[130.726881,-25.998584],[130.533993,-25.998586],[130.499313,-25.998576],[130.105316,-25.998578],[129.801317,-25.99858],[129.50332,-25.998584],[129.419749,-25.998587],[129.30723,-25.998609],[129.210792,-25.99861],[129.146506,-25.998636],[129.001838,-25.998606],[129.00134,-31.687068],[129.01668,-31.68465],[129.02903,-31.67924],[129.05281,-31.67418],[129.100609,-31.669119],[129.139519,-31.667898],[129.194738,-31.658687],[129.239728,-31.656027],[129.245678,-31.654157],[129.271677,-31.651996],[129.289207,-31.651796],[129.294907,-31.649406],[129.317447,-31.647946],[129.326147,-31.645696],[129.338017,-31.646147],[129.370176,-31.640286],[129.390346,-31.640956],[129.432785,-31.637215],[129.462965,-31.631775],[129.498544,-31.628245],[129.527784,-31.622684],[129.557574,-31.621734],[129.629646,-31.615719],[129.680916,-31.616728],[129.702386,-31.613848],[129.726106,-31.614118],[129.771931,-31.607901],[129.843095,-31.607747],[129.866125,-31.604046],[129.885975,-31.595616],[129.918215,-31.590296],[129.938354,-31.588626],[129.970389,-31.591079],[130.010664,-31.586125],[130.050594,-31.587944],[130.087334,-31.585824],[130.120404,-31.586414],[130.125924,-31.584804],[130.133784,-31.579794],[130.137084,-31.580564],[130.152187,-31.576538],[130.222166,-31.579797],[130.247395,-31.573767],[130.275063,-31.573662],[130.313723,-31.579922],[130.335733,-31.581102],[130.344975,-31.583645],[130.376994,-31.584625],[130.387653,-31.583291],[130.406772,-31.584821],[130.425992,-31.583541],[130.488804,-31.593044],[130.525303,-31.592364],[130.539983,-31.587414],[130.567923,-31.585733],[130.599381,-31.58868],[130.664322,-31.599683],[130.734472,-31.606052],[130.778712,-31.607591],[130.806132,-31.60563],[130.846111,-31.59776],[130.893409,-31.579768],[130.935358,-31.569298],[130.957278,-31.560277],[130.983128,-31.553317],[130.986958,-31.550627],[131.026398,-31.537626],[131.057558,-31.521546],[131.062718,-31.515498],[131.065548,-31.505795],[131.081798,-31.490898],[131.101577,-31.481958],[131.109767,-31.476588],[131.114897,-31.475818],[131.128507,-31.464717],[131.148637,-31.463654],[131.186866,-31.472014],[131.227956,-31.486367],[131.233076,-31.489647],[131.244776,-31.492277],[131.272086,-31.504526],[131.277476,-31.505216],[131.318466,-31.521666],[131.323456,-31.525176],[131.347636,-31.534356],[131.351846,-31.537406],[131.364726,-31.540816],[131.372225,-31.545663],[131.376305,-31.545223],[131.384716,-31.548746],[131.385765,-31.552113],[131.388005,-31.552113],[131.389046,-31.553935],[131.392596,-31.553265],[131.402456,-31.557795],[131.410346,-31.559385],[131.414175,-31.562423],[131.417065,-31.561973],[131.418766,-31.564015],[131.422455,-31.563893],[131.435345,-31.570223],[131.442176,-31.571825],[131.455075,-31.578823],[131.499555,-31.595993],[131.569966,-31.627603],[131.683006,-31.681452],[131.758577,-31.72026],[131.780087,-31.73398],[131.802787,-31.74487],[131.829067,-31.762289],[131.851927,-31.778919],[131.857897,-31.787463],[131.909417,-31.814288],[131.933887,-31.831118],[131.954138,-31.842323],[132.001397,-31.877384],[132.072997,-31.91774],[132.083252,-31.929519],[132.104111,-31.941497],[132.110639,-31.94817],[132.112775,-31.946543],[132.117337,-31.955363],[132.115693,-31.958999],[132.121733,-31.967769],[132.124356,-31.967923],[132.125468,-31.970779],[132.128017,-31.971271],[132.128744,-31.974814],[132.131476,-31.975972],[132.130869,-31.980263],[132.135066,-31.982399],[132.145886,-31.993594],[132.147673,-31.999372],[132.151384,-32.001266],[132.151178,-32.003035],[132.157295,-32.00135],[132.161122,-32.00275],[132.161174,-32.004666],[132.166219,-32.004709],[132.176409,-32.018313],[132.184043,-32.018165],[132.188942,-32.021477],[132.195879,-32.022907],[132.200614,-32.02728],[132.202936,-32.027321],[132.204515,-32.024325],[132.207342,-32.024124],[132.213147,-32.027109],[132.219337,-32.024645],[132.22557,-32.024964],[132.235973,-32.028103],[132.245285,-32.028017],[132.260294,-32.032192],[132.268746,-32.03173],[132.271202,-32.033754],[132.271627,-32.027554],[132.276716,-32.024072],[132.285618,-32.022479],[132.293071,-32.026266],[132.294681,-32.02509],[132.303359,-32.027452],[132.306638,-32.026056],[132.308296,-32.028358],[132.31828,-32.026334],[132.319602,-32.027652],[132.321968,-32.026061],[132.325071,-32.026182],[132.335197,-32.029089],[132.33773,-32.026934],[132.340957,-32.022697],[132.340402,-32.018049],[132.343188,-32.014498],[132.353234,-32.011586],[132.378096,-32.01192],[132.38046,-32.009867],[132.382755,-32.01133],[132.383915,-32.015743],[132.388167,-32.013729],[132.386776,-32.008922],[132.393408,-32.001747],[132.415452,-31.998806],[132.420956,-31.999789],[132.430754,-32.006713],[132.432871,-32.009718],[132.432353,-32.012804],[132.438039,-32.010784],[132.437618,-32.013036],[132.447687,-32.01908],[132.449404,-32.022704],[132.453242,-32.023981],[132.45805,-32.021876],[132.467802,-32.028074],[132.468844,-32.030474],[132.473232,-32.030092],[132.476097,-32.025764],[132.463605,-32.016942],[132.461607,-32.010634],[132.452325,-32.008891],[132.447799,-32.006227],[132.443966,-32.008414],[132.437926,-32.000986],[132.437884,-31.991074],[132.446417,-31.970725],[132.455038,-31.96073],[132.478447,-31.946285],[132.494499,-31.941788],[132.531329,-31.934945],[132.553675,-31.93281],[132.595204,-31.934328],[132.629952,-31.94153],[132.643792,-31.946442],[132.64576,-31.945496],[132.653237,-31.950171],[132.655504,-31.948156],[132.658286,-31.955212],[132.660581,-31.957185],[132.662644,-31.955778],[132.666317,-31.957095],[132.673664,-31.955886],[132.67697,-31.957635],[132.680164,-31.954599],[132.682909,-31.955049],[132.686927,-31.950662],[132.693499,-31.951422],[132.695968,-31.954174],[132.700377,-31.952381],[132.703637,-31.95283],[132.704984,-31.955272],[132.708968,-31.953726],[132.714663,-31.955892],[132.717938,-31.953928],[132.730623,-31.954152],[132.734266,-31.956579],[132.736715,-31.950089],[132.746588,-31.949342],[132.785066,-31.961922],[132.826487,-31.981566],[132.848988,-31.99465],[132.853199,-32.001286],[132.859991,-32.001844],[132.870119,-32.009231],[132.870946,-32.011792],[132.888418,-32.022476],[132.891165,-32.025728],[132.894121,-32.026233],[132.894817,-32.028448],[132.901062,-32.032104],[132.903772,-32.036233],[132.917556,-32.040537],[132.922847,-32.044252],[132.925205,-32.048469],[132.93149,-32.0528],[132.933755,-32.052543],[132.93481,-32.05454],[132.947243,-32.054273],[132.963634,-32.065239],[132.974205,-32.072532],[132.979058,-32.078559],[132.978327,-32.08123],[132.98157,-32.081999],[132.981728,-32.089341],[132.977691,-32.092427],[132.982633,-32.097156],[132.982146,-32.100032],[132.979693,-32.102014],[132.979569,-32.106513],[132.983139,-32.103516],[132.990131,-32.102677],[132.991539,-32.099035],[132.988071,-32.097623],[132.988736,-32.094759],[132.996757,-32.087944],[133.002352,-32.086902],[133.003035,-32.083661],[133.006622,-32.083401],[133.020807,-32.090137],[133.032808,-32.097983],[133.053543,-32.104131],[133.088342,-32.127021],[133.114449,-32.147911],[133.134177,-32.16826],[133.138132,-32.174878],[133.139956,-32.179967],[133.136881,-32.185309],[133.128337,-32.190762],[133.128956,-32.193542],[133.131254,-32.194006],[133.133334,-32.197863],[133.130805,-32.20225],[133.127857,-32.203335],[133.125756,-32.208783],[133.133503,-32.204066],[133.138216,-32.197779],[133.142966,-32.197661],[133.147535,-32.194517],[133.150706,-32.187914],[133.14471,-32.187538],[133.14265,-32.184489],[133.146617,-32.174835],[133.155345,-32.171017],[133.164662,-32.170052],[133.186907,-32.173758],[133.208564,-32.184255],[133.221245,-32.187023],[133.230029,-32.190844],[133.246391,-32.203956],[133.252567,-32.205134],[133.253094,-32.207184],[133.251056,-32.208196],[133.253192,-32.21087],[133.258468,-32.210452],[133.257771,-32.206469],[133.267025,-32.203218],[133.269441,-32.197137],[133.275245,-32.194901],[133.274107,-32.187458],[133.278238,-32.18353],[133.293048,-32.180927],[133.311859,-32.180934],[133.314711,-32.18218],[133.322792,-32.179875],[133.331574,-32.182264],[133.337894,-32.180096],[133.371437,-32.188838],[133.384793,-32.194011],[133.385444,-32.197216],[133.389785,-32.200207],[133.395145,-32.195112],[133.403583,-32.197479],[133.405354,-32.199932],[133.40832,-32.198548],[133.409149,-32.195736],[133.41308,-32.194601],[133.419351,-32.196308],[133.420956,-32.198398],[133.423492,-32.197973],[133.426403,-32.19402],[133.424733,-32.188007],[133.425612,-32.184688],[133.435953,-32.178768],[133.44624,-32.17852],[133.470784,-32.188003],[133.485628,-32.196247],[133.48545,-32.198983],[133.488364,-32.200371],[133.491582,-32.1997],[133.491804,-32.195616],[133.490588,-32.194293],[133.486411,-32.194416],[133.485784,-32.190314],[133.482866,-32.188436],[133.478927,-32.188287],[133.478843,-32.185796],[133.474235,-32.181196],[133.473192,-32.177087],[133.468359,-32.174231],[133.464046,-32.173847],[133.464309,-32.172158],[133.456687,-32.17256],[133.451955,-32.1699],[133.446592,-32.172655],[133.440328,-32.170814],[133.438719,-32.172017],[133.43711,-32.17633],[133.434242,-32.177797],[133.429737,-32.178827],[133.426959,-32.174793],[133.42722,-32.172823],[133.417988,-32.17462],[133.415843,-32.177992],[133.41393,-32.178406],[133.411208,-32.175758],[133.414843,-32.169899],[133.411637,-32.171257],[133.404399,-32.168178],[133.400865,-32.169053],[133.397866,-32.164509],[133.399897,-32.162888],[133.39615,-32.161451],[133.395475,-32.15956],[133.398041,-32.156673],[133.396044,-32.155183],[133.397058,-32.150071],[133.393591,-32.148429],[133.395592,-32.144541],[133.395346,-32.141272],[133.400401,-32.137156],[133.410381,-32.136083],[133.413287,-32.131605],[133.41889,-32.128341],[133.424521,-32.128727],[133.427924,-32.131817],[133.432404,-32.129934],[133.437856,-32.124911],[133.443108,-32.126678],[133.446609,-32.135772],[133.45161,-32.135911],[133.449268,-32.117897],[133.453157,-32.109365],[133.460438,-32.102912],[133.465956,-32.102095],[133.467868,-32.09997],[133.47369,-32.100288],[133.478332,-32.104318],[133.480866,-32.103191],[133.484445,-32.104332],[133.482235,-32.10825],[133.482888,-32.109673],[133.48829,-32.111055],[133.489451,-32.112891],[133.480792,-32.114859],[133.479986,-32.116962],[133.484476,-32.118482],[133.486416,-32.121032],[133.483421,-32.126494],[133.502225,-32.129746],[133.503043,-32.132014],[133.500342,-32.138829],[133.494074,-32.146034],[133.496786,-32.150609],[133.503446,-32.155012],[133.504429,-32.153725],[133.511304,-32.153307],[133.519026,-32.143923],[133.517367,-32.141844],[133.512634,-32.144258],[133.506933,-32.142775],[133.509004,-32.137181],[133.51731,-32.133737],[133.519074,-32.135729],[133.519505,-32.139902],[133.524944,-32.142922],[133.521618,-32.151697],[133.522105,-32.155301],[133.528556,-32.159009],[133.535611,-32.166269],[133.551356,-32.169811],[133.554333,-32.168605],[133.555852,-32.158998],[133.567147,-32.155201],[133.571305,-32.149908],[133.577544,-32.146835],[133.579081,-32.143479],[133.584683,-32.140992],[133.577723,-32.13236],[133.577091,-32.129928],[133.579113,-32.126161],[133.573996,-32.122718],[133.572514,-32.117454],[133.580433,-32.10783],[133.577919,-32.104078],[133.581652,-32.095929],[133.592256,-32.087258],[133.599931,-32.084522],[133.613619,-32.086022],[133.620964,-32.092133],[133.62822,-32.090614],[133.627955,-32.093835],[133.632927,-32.095423],[133.63055,-32.100079],[133.636599,-32.100732],[133.636492,-32.098988],[133.643775,-32.095913],[133.651368,-32.098669],[133.653823,-32.102079],[133.652876,-32.103536],[133.661034,-32.105711],[133.667538,-32.104416],[133.671594,-32.107053],[133.671003,-32.109438],[133.672632,-32.112243],[133.670194,-32.120902],[133.672083,-32.12824],[133.670488,-32.134986],[133.666945,-32.13856],[133.655922,-32.143055],[133.647608,-32.141261],[133.642718,-32.144576],[133.643471,-32.148843],[133.647765,-32.15217],[133.661814,-32.147392],[133.665791,-32.143864],[133.674713,-32.142638],[133.68405,-32.147746],[133.692908,-32.15524],[133.694596,-32.161374],[133.691481,-32.165426],[133.689191,-32.165978],[133.686926,-32.170781],[133.688105,-32.1791],[133.683782,-32.184882],[133.682984,-32.192923],[133.678929,-32.196153],[133.679113,-32.202643],[133.687567,-32.199363],[133.699499,-32.198686],[133.702443,-32.196674],[133.714932,-32.194992],[133.722835,-32.196258],[133.725614,-32.198255],[133.733206,-32.198675],[133.738043,-32.203813],[133.736068,-32.207596],[133.745056,-32.201553],[133.756726,-32.205846],[133.759633,-32.209767],[133.759209,-32.216163],[133.762215,-32.224313],[133.75912,-32.230875],[133.7557,-32.231856],[133.755353,-32.235325],[133.757408,-32.241308],[133.764322,-32.249057],[133.762923,-32.256642],[133.765649,-32.258556],[133.765343,-32.260978],[133.769731,-32.263826],[133.773605,-32.263278],[133.776163,-32.257314],[133.781633,-32.25417],[133.786282,-32.253294],[133.792272,-32.254607],[133.797112,-32.252664],[133.801178,-32.24698],[133.800505,-32.245045],[133.808341,-32.243115],[133.804742,-32.24021],[133.808231,-32.232854],[133.806014,-32.231165],[133.814257,-32.231535],[133.821407,-32.23397],[133.825536,-32.237563],[133.827154,-32.242835],[133.819317,-32.245019],[133.818172,-32.247234],[133.825293,-32.247865],[133.825897,-32.251446],[133.829045,-32.253911],[133.828405,-32.256097],[133.835354,-32.253995],[133.842866,-32.256313],[133.847684,-32.262937],[133.853859,-32.267608],[133.859776,-32.278425],[133.866648,-32.278802],[133.86936,-32.280505],[133.876628,-32.291378],[133.880096,-32.306173],[133.882627,-32.306226],[133.883746,-32.309381],[133.889958,-32.310599],[133.901989,-32.318217],[133.911019,-32.332563],[133.912012,-32.338235],[133.921547,-32.3511],[133.92325,-32.356547],[133.931014,-32.361804],[133.934298,-32.372243],[133.932709,-32.379879],[133.934344,-32.381853],[133.939316,-32.380011],[133.944977,-32.380604],[133.951086,-32.388513],[133.951946,-32.398885],[133.950579,-32.402179],[133.948015,-32.403444],[133.949043,-32.408057],[133.94693,-32.411577],[133.941441,-32.412493],[133.941867,-32.415313],[133.938174,-32.418982],[133.934159,-32.419835],[133.930903,-32.42172],[133.925288,-32.423914],[133.923764,-32.426799],[133.914004,-32.427631],[133.908098,-32.42434],[133.901324,-32.429491],[133.904254,-32.42495],[133.902551,-32.422768],[133.900877,-32.428041],[133.893757,-32.428839],[133.887446,-32.423126],[133.888973,-32.419981],[133.893668,-32.418828],[133.891818,-32.415755],[133.899045,-32.416019],[133.897329,-32.413352],[133.901762,-32.412538],[133.903857,-32.410948],[133.895141,-32.409783],[133.891218,-32.41126],[133.896764,-32.412636],[133.894716,-32.414074],[133.889012,-32.41151],[133.893665,-32.408599],[133.889516,-32.406637],[133.886749,-32.402351],[133.892658,-32.401385],[133.893349,-32.398949],[133.889678,-32.397875],[133.877397,-32.400378],[133.871606,-32.398054],[133.866818,-32.399186],[133.867482,-32.420449],[133.864549,-32.427988],[133.862495,-32.429271],[133.862592,-32.436711],[133.855731,-32.445769],[133.856179,-32.4475],[133.853509,-32.451488],[133.855041,-32.45395],[133.853466,-32.459045],[133.85062,-32.461417],[133.862406,-32.483536],[133.859269,-32.489859],[133.855014,-32.490024],[133.850708,-32.493147],[133.852343,-32.498635],[133.851343,-32.501035],[133.846992,-32.503696],[133.847305,-32.50784],[133.853156,-32.509128],[133.85712,-32.519484],[133.856664,-32.528847],[133.854018,-32.532122],[133.850077,-32.532655],[133.848647,-32.535712],[133.849,-32.541726],[133.851959,-32.542615],[133.855768,-32.5338],[133.861052,-32.531912],[133.86687,-32.537251],[133.871391,-32.533876],[133.872544,-32.534817],[133.87665,-32.532654],[133.881424,-32.536973],[133.893695,-32.541219],[133.895537,-32.537043],[133.893408,-32.534895],[133.892992,-32.53112],[133.89619,-32.523342],[133.899999,-32.520163],[133.908794,-32.517545],[133.905293,-32.51303],[133.907426,-32.508794],[133.918663,-32.496777],[133.922739,-32.49485],[133.945577,-32.493276],[133.954956,-32.494361],[133.964276,-32.496707],[133.975425,-32.502505],[133.991564,-32.505353],[133.995803,-32.500686],[133.992933,-32.496617],[133.99357,-32.494386],[133.991541,-32.489202],[133.995073,-32.484451],[134.003196,-32.479579],[134.008738,-32.473839],[134.023232,-32.466699],[134.032452,-32.464291],[134.036977,-32.459813],[134.047903,-32.45931],[134.056751,-32.461031],[134.078475,-32.469619],[134.08599,-32.470932],[134.086448,-32.465576],[134.082316,-32.466503],[134.07015,-32.458452],[134.061924,-32.456321],[134.061456,-32.44479],[134.062263,-32.444903],[134.062832,-32.455795],[134.073927,-32.459128],[134.081218,-32.45731],[134.081393,-32.459568],[134.073909,-32.460686],[134.080094,-32.46285],[134.083012,-32.462142],[134.086273,-32.458177],[134.091619,-32.456546],[134.096899,-32.452715],[134.099455,-32.453467],[134.097204,-32.456884],[134.092214,-32.45683],[134.092473,-32.458073],[134.121275,-32.454073],[134.136257,-32.457698],[134.158802,-32.469057],[134.163101,-32.469053],[134.183915,-32.482583],[134.198122,-32.496115],[134.207517,-32.50766],[134.214223,-32.511148],[134.222641,-32.524616],[134.237107,-32.537349],[134.25632,-32.557717],[134.266342,-32.573809],[134.271977,-32.587166],[134.277802,-32.608656],[134.279388,-32.648207],[134.282366,-32.653743],[134.285451,-32.65415],[134.28684,-32.656156],[134.289625,-32.655764],[134.294307,-32.661955],[134.292093,-32.672673],[134.284816,-32.679637],[134.283746,-32.68494],[134.284414,-32.687908],[134.289049,-32.687329],[134.290382,-32.692865],[134.287284,-32.700276],[134.282119,-32.700579],[134.280539,-32.706886],[134.275754,-32.706702],[134.27246,-32.709985],[134.272076,-32.714885],[134.260472,-32.734768],[134.251882,-32.742138],[134.24095,-32.748056],[134.240726,-32.758014],[134.231398,-32.762398],[134.230614,-32.764389],[134.232942,-32.772907],[134.23184,-32.779634],[134.228246,-32.783028],[134.222643,-32.783476],[134.221859,-32.789845],[134.21288,-32.795076],[134.202751,-32.796938],[134.196647,-32.795305],[134.196198,-32.792988],[134.193003,-32.790648],[134.194076,-32.778858],[134.189241,-32.769701],[134.189976,-32.765323],[134.197189,-32.755889],[134.195536,-32.753816],[134.201365,-32.749156],[134.194119,-32.749105],[134.189225,-32.745593],[134.189754,-32.74216],[134.182637,-32.743043],[134.176573,-32.739521],[134.164646,-32.736988],[134.161049,-32.73482],[134.154773,-32.725563],[134.159067,-32.726612],[134.167462,-32.724709],[134.169324,-32.727074],[134.177395,-32.728425],[134.177515,-32.726433],[134.179683,-32.724454],[134.185996,-32.726712],[134.214973,-32.730797],[134.207761,-32.728342],[134.204935,-32.725202],[134.183115,-32.722675],[134.181738,-32.720276],[134.174283,-32.717947],[134.157576,-32.721506],[134.143322,-32.719474],[134.121256,-32.72208],[134.119835,-32.719714],[134.107069,-32.721285],[134.100266,-32.719057],[134.096151,-32.714424],[134.093443,-32.714451],[134.0901,-32.711718],[134.080595,-32.709573],[134.076228,-32.713099],[134.071586,-32.713643],[134.06317,-32.717671],[134.064195,-32.719913],[134.060323,-32.722498],[134.065569,-32.726691],[134.064609,-32.730353],[134.068285,-32.729861],[134.070669,-32.733384],[134.06917,-32.73453],[134.073212,-32.736865],[134.073186,-32.740017],[134.077055,-32.742577],[134.081387,-32.742976],[134.080637,-32.744726],[134.090927,-32.750359],[134.09772,-32.756492],[134.118901,-32.783386],[134.133299,-32.813045],[134.134114,-32.820842],[134.138375,-32.83209],[134.138498,-32.839715],[134.13689,-32.842841],[134.134274,-32.843254],[134.133645,-32.853861],[134.131953,-32.856497],[134.125477,-32.858901],[134.11686,-32.868108],[134.11144,-32.869755],[134.108376,-32.868574],[134.103222,-32.869478],[134.099301,-32.867198],[134.097155,-32.868819],[134.098968,-32.870923],[134.097653,-32.873615],[134.099308,-32.875532],[134.096119,-32.878643],[134.092591,-32.879405],[134.088645,-32.877602],[134.071527,-32.883815],[134.071693,-32.886264],[134.075886,-32.887181],[134.079515,-32.895404],[134.078646,-32.89912],[134.076024,-32.900761],[134.07539,-32.905956],[134.070384,-32.909397],[134.061146,-32.90579],[134.06053,-32.907934],[134.064336,-32.911147],[134.072355,-32.913267],[134.073337,-32.917051],[134.081098,-32.918626],[134.08151,-32.921129],[134.078659,-32.92303],[134.080901,-32.926517],[134.084068,-32.925127],[134.091333,-32.926307],[134.093531,-32.922706],[134.097115,-32.921106],[134.096993,-32.918375],[134.106442,-32.91238],[134.119181,-32.914597],[134.12927,-32.926433],[134.129476,-32.930495],[134.123646,-32.932117],[134.1315,-32.934803],[134.133942,-32.936188],[134.13554,-32.941098],[134.141184,-32.944267],[134.145828,-32.940573],[134.145153,-32.9382],[134.14183,-32.93879],[134.140114,-32.93614],[134.141166,-32.931538],[134.14406,-32.928168],[134.15648,-32.924461],[134.167393,-32.926769],[134.179044,-32.932247],[134.189083,-32.942369],[134.201879,-32.963783],[134.205271,-32.976906],[134.204837,-32.995309],[134.201505,-33.005709],[134.193542,-33.013532],[134.188988,-33.01572],[134.167286,-33.009282],[134.161446,-33.011853],[134.15845,-33.011222],[134.151921,-33.015395],[134.148676,-33.015977],[134.145113,-33.014491],[134.140687,-33.015702],[134.138526,-33.018087],[134.143395,-33.022242],[134.142201,-33.024332],[134.148588,-33.025929],[134.14692,-33.02888],[134.150958,-33.030515],[134.153201,-33.032399],[134.154866,-33.035318],[134.158216,-33.035104],[134.160928,-33.041272],[134.16385,-33.040095],[134.165246,-33.041359],[134.165836,-33.046889],[134.169285,-33.050347],[134.167778,-33.051524],[134.167922,-33.055687],[134.172834,-33.050365],[134.172119,-33.047441],[134.175321,-33.046477],[134.18053,-33.049439],[134.184802,-33.047437],[134.186257,-33.044197],[134.182956,-33.041349],[134.187002,-33.03732],[134.192038,-33.035167],[134.202721,-33.035682],[134.209336,-33.039571],[134.212655,-33.038871],[134.219525,-33.040855],[134.223168,-33.039683],[134.230283,-33.043313],[134.237057,-33.050873],[134.237228,-33.058519],[134.240135,-33.059499],[134.242059,-33.063397],[134.239208,-33.06815],[134.241597,-33.070569],[134.241509,-33.073918],[134.247858,-33.079124],[134.248216,-33.084172],[134.247206,-33.08727],[134.250687,-33.08773],[134.250043,-33.089775],[134.253507,-33.090542],[134.252873,-33.094267],[134.258979,-33.094518],[134.261749,-33.098203],[134.262521,-33.107584],[134.259696,-33.11039],[134.264526,-33.121908],[134.264386,-33.128359],[134.266773,-33.138511],[134.263817,-33.141279],[134.265106,-33.142847],[134.264117,-33.145885],[134.260851,-33.147081],[134.260225,-33.152631],[134.265944,-33.155991],[134.271636,-33.163335],[134.277709,-33.163008],[134.278149,-33.165103],[134.281216,-33.164449],[134.287709,-33.167604],[134.290284,-33.169827],[134.29116,-33.173342],[134.294903,-33.176101],[134.297864,-33.175605],[134.297832,-33.178203],[134.303989,-33.182051],[134.309731,-33.182242],[134.316917,-33.186709],[134.318363,-33.188569],[134.316323,-33.191689],[134.316974,-33.193987],[134.324693,-33.195252],[134.328367,-33.199477],[134.335911,-33.198243],[134.351334,-33.190301],[134.347918,-33.180065],[134.345081,-33.177855],[134.34577,-33.174458],[134.344535,-33.172129],[134.347189,-33.165532],[134.344837,-33.162215],[134.352804,-33.157392],[134.34994,-33.157203],[134.358013,-33.151004],[134.35847,-33.148298],[134.351329,-33.138978],[134.347462,-33.140236],[134.337567,-33.137673],[134.326222,-33.131981],[134.323677,-33.12787],[134.316547,-33.125254],[134.321623,-33.118288],[134.316571,-33.118263],[134.312594,-33.11201],[134.305364,-33.112891],[134.29347,-33.118685],[134.287654,-33.113735],[134.284409,-33.113296],[134.278566,-33.106733],[134.280797,-33.102451],[134.280159,-33.100728],[134.262837,-33.083371],[134.261001,-33.073092],[134.262948,-33.065073],[134.262433,-33.060006],[134.268376,-33.056994],[134.273134,-33.057794],[134.273884,-33.055338],[134.279565,-33.053327],[134.281739,-33.050437],[134.276277,-33.0495],[134.273797,-33.046712],[134.274228,-33.044512],[134.271537,-33.042322],[134.274125,-33.039127],[134.278481,-33.037605],[134.278535,-33.036229],[134.272846,-33.033882],[134.267369,-33.036306],[134.265329,-33.035377],[134.264024,-33.031615],[134.268108,-33.028031],[134.27756,-33.024449],[134.283199,-33.027201],[134.28523,-33.032663],[134.284891,-33.035731],[134.280926,-33.037956],[134.281484,-33.03942],[134.288237,-33.03812],[134.293337,-33.039983],[134.299682,-33.049216],[134.299097,-33.053849],[134.293479,-33.055793],[134.289983,-33.060373],[134.290041,-33.063768],[134.293928,-33.071477],[134.292566,-33.07592],[134.299177,-33.080114],[134.307047,-33.088982],[134.324366,-33.090625],[134.333523,-33.098535],[134.339653,-33.112641],[134.342145,-33.113678],[134.347558,-33.12049],[134.358474,-33.125341],[134.362427,-33.149519],[134.366872,-33.161069],[134.368885,-33.175899],[134.385493,-33.172993],[134.388858,-33.17477],[134.391774,-33.173527],[134.389865,-33.169306],[134.391888,-33.166091],[134.401043,-33.160362],[134.406815,-33.159539],[134.415463,-33.148863],[134.434361,-33.145385],[134.447557,-33.146913],[134.450885,-33.144657],[134.467049,-33.151316],[134.468947,-33.154215],[134.471771,-33.155227],[134.478912,-33.152888],[134.495732,-33.157283],[134.496744,-33.15986],[134.500326,-33.159202],[134.506204,-33.161407],[134.514082,-33.167791],[134.514529,-33.170307],[134.518219,-33.170714],[134.526167,-33.175575],[134.530344,-33.175077],[134.534251,-33.177637],[134.534446,-33.180925],[134.536992,-33.181746],[134.541536,-33.180841],[134.54479,-33.183957],[134.543882,-33.186814],[134.546743,-33.187233],[134.547666,-33.18987],[134.551621,-33.189091],[134.551716,-33.1909],[134.560827,-33.192525],[134.562285,-33.19437],[134.568264,-33.191785],[134.57349,-33.192009],[134.577042,-33.195386],[134.58118,-33.196348],[134.582583,-33.199514],[134.586797,-33.201146],[134.588383,-33.204192],[134.59097,-33.205013],[134.59576,-33.203417],[134.596427,-33.206697],[134.599191,-33.206879],[134.596443,-33.209969],[134.597106,-33.21107],[134.603314,-33.213876],[134.605506,-33.217466],[134.608976,-33.217629],[134.609059,-33.220629],[134.611145,-33.220514],[134.618429,-33.227419],[134.617588,-33.229747],[134.623297,-33.233031],[134.628952,-33.23979],[134.628996,-33.243309],[134.630838,-33.245163],[134.634849,-33.23953],[134.633799,-33.236553],[134.638167,-33.232326],[134.640354,-33.232221],[134.642389,-33.228852],[134.640458,-33.22649],[134.642472,-33.224337],[134.652224,-33.223117],[134.660118,-33.22709],[134.663776,-33.223077],[134.662158,-33.219135],[134.653195,-33.219391],[134.652969,-33.217417],[134.641905,-33.221431],[134.63553,-33.218793],[134.631218,-33.213751],[134.631604,-33.210235],[134.623148,-33.197901],[134.628382,-33.194849],[134.63576,-33.198848],[134.644509,-33.194984],[134.641037,-33.190513],[134.640753,-33.182719],[134.637115,-33.180951],[134.635362,-33.187884],[134.62554,-33.195113],[134.620959,-33.194211],[134.613473,-33.189094],[134.606564,-33.197393],[134.598184,-33.196556],[134.576362,-33.189315],[134.573743,-33.185635],[134.574732,-33.182111],[134.569672,-33.178609],[134.55973,-33.16656],[134.558351,-33.161347],[134.578484,-33.151832],[134.588166,-33.140573],[134.595151,-33.13879],[134.600402,-33.140735],[134.617825,-33.154062],[134.632418,-33.162198],[134.63505,-33.161178],[134.64794,-33.162768],[134.65792,-33.160563],[134.666654,-33.161002],[134.684782,-33.171249],[134.693366,-33.170931],[134.702148,-33.17467],[134.70902,-33.182712],[134.70907,-33.187388],[134.710839,-33.187109],[134.713482,-33.19143],[134.715669,-33.191612],[134.717775,-33.197762],[134.715474,-33.200818],[134.71863,-33.203448],[134.718293,-33.207371],[134.714873,-33.207781],[134.709636,-33.214788],[134.716764,-33.212911],[134.718282,-33.214106],[134.717728,-33.217886],[134.722438,-33.218774],[134.722841,-33.224102],[134.719097,-33.229984],[134.711617,-33.2309],[134.707673,-33.229433],[134.711261,-33.227607],[134.700244,-33.224926],[134.6985,-33.221831],[134.691346,-33.229487],[134.680851,-33.230981],[134.67639,-33.233187],[134.67342,-33.230826],[134.66911,-33.231707],[134.660666,-33.230133],[134.658294,-33.233584],[134.664107,-33.233312],[134.683079,-33.247674],[134.683946,-33.24977],[134.688007,-33.250199],[134.696622,-33.26348],[134.707864,-33.264967],[134.712311,-33.263102],[134.719308,-33.263939],[134.727365,-33.270027],[134.736774,-33.273849],[134.752011,-33.291382],[134.755006,-33.295959],[134.754874,-33.299442],[134.757455,-33.30106],[134.755268,-33.303632],[134.757496,-33.304236],[134.760683,-33.309046],[134.761996,-33.307431],[134.765072,-33.307479],[134.765619,-33.3114],[134.768341,-33.313491],[134.780764,-33.314906],[134.783792,-33.316797],[134.78314,-33.319589],[134.790497,-33.325163],[134.795021,-33.327707],[134.802047,-33.328782],[134.826569,-33.381793],[134.845066,-33.43649],[134.860613,-33.505368],[134.863402,-33.546591],[134.857077,-33.558459],[134.854236,-33.55853],[134.846692,-33.58396],[134.840466,-33.592965],[134.84383,-33.609958],[134.842694,-33.621398],[134.840377,-33.62374],[134.83197,-33.621791],[134.829326,-33.623599],[134.831919,-33.62783],[134.836246,-33.626354],[134.838907,-33.630656],[134.842755,-33.629811],[134.842506,-33.631709],[134.845161,-33.63234],[134.850776,-33.6375],[134.852734,-33.637216],[134.860762,-33.643979],[134.866453,-33.641885],[134.865232,-33.639638],[134.869998,-33.635314],[134.879138,-33.636109],[134.884863,-33.640039],[134.886099,-33.643037],[134.884081,-33.645369],[134.882459,-33.652225],[134.878253,-33.652326],[134.878917,-33.653908],[134.884571,-33.654802],[134.886704,-33.659551],[134.895237,-33.662488],[134.898401,-33.667159],[134.902668,-33.667351],[134.90755,-33.67055],[134.907014,-33.673134],[134.914419,-33.673801],[134.914427,-33.676006],[134.918976,-33.676726],[134.919968,-33.679393],[134.924657,-33.681434],[134.925501,-33.683262],[134.93065,-33.684443],[134.933766,-33.689193],[134.946729,-33.697519],[134.949655,-33.697873],[134.951922,-33.700627],[134.957555,-33.701564],[134.968949,-33.708636],[134.972773,-33.708932],[134.97697,-33.712899],[134.981985,-33.714025],[134.984458,-33.717166],[134.994691,-33.722361],[135.010702,-33.734504],[135.017523,-33.737205],[135.017521,-33.738571],[135.040271,-33.755003],[135.064527,-33.780005],[135.078849,-33.79983],[135.08435,-33.800462],[135.082236,-33.804127],[135.087017,-33.807768],[135.094919,-33.809739],[135.097315,-33.815667],[135.101355,-33.815703],[135.108108,-33.820928],[135.108134,-33.822537],[135.11376,-33.824062],[135.117502,-33.830223],[135.128976,-33.83588],[135.132374,-33.840125],[135.131936,-33.842541],[135.134372,-33.84476],[135.13469,-33.847567],[135.142756,-33.849774],[135.145846,-33.852366],[135.151461,-33.858413],[135.15376,-33.865173],[135.161747,-33.877516],[135.170374,-33.872562],[135.17629,-33.873543],[135.182152,-33.877771],[135.187943,-33.886433],[135.192123,-33.897764],[135.188872,-33.906951],[135.192727,-33.909393],[135.191402,-33.911634],[135.193954,-33.912786],[135.194027,-33.919801],[135.203436,-33.926308],[135.210334,-33.934692],[135.223626,-33.945571],[135.228862,-33.951747],[135.22851,-33.953493],[135.237033,-33.961841],[135.252174,-33.981334],[135.255202,-33.99169],[135.257429,-33.992761],[135.258752,-33.999814],[135.262105,-34.002865],[135.262689,-34.006199],[135.267397,-34.011506],[135.266377,-34.013694],[135.269328,-34.014457],[135.271551,-34.019591],[135.269603,-34.023303],[135.271973,-34.024795],[135.269092,-34.026422],[135.268921,-34.028528],[135.266218,-34.029153],[135.264772,-34.032148],[135.268974,-34.034934],[135.272715,-34.042666],[135.275264,-34.056934],[135.281119,-34.070257],[135.278032,-34.079092],[135.273069,-34.086444],[135.274458,-34.089704],[135.272741,-34.094594],[135.274772,-34.098785],[135.27507,-34.11532],[135.278331,-34.116921],[135.279477,-34.119738],[135.27295,-34.125843],[135.262095,-34.128251],[135.252587,-34.137854],[135.251596,-34.14179],[135.244041,-34.140787],[135.243926,-34.143501],[135.241089,-34.147462],[135.241237,-34.150131],[135.248169,-34.15514],[135.250183,-34.152687],[135.255685,-34.155217],[135.255721,-34.158047],[135.266401,-34.167447],[135.265889,-34.173644],[135.26817,-34.173967],[135.270972,-34.170092],[135.28003,-34.170303],[135.292251,-34.175068],[135.303512,-34.184088],[135.319984,-34.21055],[135.346224,-34.267559],[135.349889,-34.283651],[135.351315,-34.284225],[135.349486,-34.290272],[135.350442,-34.293076],[135.348961,-34.296213],[135.351815,-34.299296],[135.351013,-34.304935],[135.353408,-34.307041],[135.352806,-34.310589],[135.3561,-34.31319],[135.35412,-34.315773],[135.3565,-34.317252],[135.355353,-34.319535],[135.357666,-34.323737],[135.358667,-34.343312],[135.35984,-34.344051],[135.355987,-34.349082],[135.357826,-34.350129],[135.357086,-34.355673],[135.358545,-34.358325],[135.357365,-34.366161],[135.354927,-34.368335],[135.352967,-34.366767],[135.349857,-34.368618],[135.357849,-34.376164],[135.361452,-34.377037],[135.364572,-34.380692],[135.365597,-34.384994],[135.364798,-34.39118],[135.363383,-34.391996],[135.363744,-34.411379],[135.362029,-34.417086],[135.358934,-34.418703],[135.361222,-34.423978],[135.36585,-34.423073],[135.369095,-34.430591],[135.371671,-34.430042],[135.378198,-34.430822],[135.380958,-34.434169],[135.380034,-34.437451],[135.385555,-34.438001],[135.388359,-34.441275],[135.386907,-34.453272],[135.387939,-34.457104],[135.390496,-34.458917],[135.391331,-34.464451],[135.38842,-34.470716],[135.392236,-34.475079],[135.39302,-34.479535],[135.391065,-34.488117],[135.394869,-34.491683],[135.395769,-34.496803],[135.390182,-34.505137],[135.379026,-34.510362],[135.376918,-34.515206],[135.377574,-34.524828],[135.381899,-34.529033],[135.384879,-34.52868],[135.386678,-34.530167],[135.390323,-34.541813],[135.395273,-34.546682],[135.395707,-34.552436],[135.398323,-34.55567],[135.396958,-34.559741],[135.399204,-34.567085],[135.393972,-34.577109],[135.394674,-34.578704],[135.389235,-34.595065],[135.393204,-34.599497],[135.396127,-34.597712],[135.398293,-34.599222],[135.422243,-34.601453],[135.403417,-34.595169],[135.399118,-34.591711],[135.400238,-34.588697],[135.403697,-34.588266],[135.406969,-34.588795],[135.409483,-34.590458],[135.413637,-34.587853],[135.408607,-34.582493],[135.411338,-34.581309],[135.409652,-34.574154],[135.41048,-34.568047],[135.409255,-34.567348],[135.411764,-34.562274],[135.407457,-34.559666],[135.406384,-34.555048],[135.408746,-34.551701],[135.412748,-34.549649],[135.42219,-34.548857],[135.415318,-34.542838],[135.413165,-34.544999],[135.404236,-34.544784],[135.402215,-34.543369],[135.402176,-34.540833],[135.391444,-34.534024],[135.394138,-34.530558],[135.397344,-34.530344],[135.397974,-34.528997],[135.395231,-34.524262],[135.399523,-34.518879],[135.401089,-34.518766],[135.401383,-34.50972],[135.402291,-34.507121],[135.405086,-34.507235],[135.412276,-34.51365],[135.414586,-34.520801],[135.413743,-34.526187],[135.409351,-34.52901],[135.410851,-34.531297],[135.409302,-34.537039],[135.410348,-34.538834],[135.42034,-34.539237],[135.420233,-34.535127],[135.422553,-34.531228],[135.428658,-34.527388],[135.432016,-34.528699],[135.43155,-34.531667],[135.436355,-34.532335],[135.445784,-34.537188],[135.444436,-34.541198],[135.437446,-34.540362],[135.435742,-34.541643],[135.436155,-34.544131],[135.442536,-34.547502],[135.443103,-34.551917],[135.441746,-34.55486],[135.444031,-34.570027],[135.431694,-34.603432],[135.445852,-34.608954],[135.458419,-34.610416],[135.472966,-34.61665],[135.473552,-34.614711],[135.466962,-34.611976],[135.463608,-34.608531],[135.452406,-34.605412],[135.443137,-34.600557],[135.445331,-34.594713],[135.452632,-34.591598],[135.455766,-34.586913],[135.45807,-34.58644],[135.46725,-34.591778],[135.475701,-34.594436],[135.478234,-34.59736],[135.483807,-34.596276],[135.496148,-34.59969],[135.506881,-34.599301],[135.502579,-34.59768],[135.500505,-34.594316],[135.50804,-34.594986],[135.514414,-34.604197],[135.513946,-34.606708],[135.51676,-34.612968],[135.510428,-34.620955],[135.501332,-34.620212],[135.499132,-34.618836],[135.498875,-34.616064],[135.494016,-34.613292],[135.478671,-34.616585],[135.476895,-34.621451],[135.474023,-34.622819],[135.465204,-34.620216],[135.464806,-34.615965],[135.462665,-34.614963],[135.45492,-34.616116],[135.451529,-34.614405],[135.45237,-34.622267],[135.451066,-34.626783],[135.446209,-34.630909],[135.438272,-34.633633],[135.431543,-34.634893],[135.427441,-34.632915],[135.422102,-34.635855],[135.412028,-34.638063],[135.407848,-34.635923],[135.402797,-34.637884],[135.398972,-34.636925],[135.393791,-34.64086],[135.385699,-34.644052],[135.377757,-34.644881],[135.372987,-34.643856],[135.371909,-34.641971],[135.365757,-34.642091],[135.362632,-34.639692],[135.364851,-34.637038],[135.371376,-34.638502],[135.373956,-34.641701],[135.376859,-34.640746],[135.375165,-34.637152],[135.372475,-34.635889],[135.373848,-34.628932],[135.379388,-34.628986],[135.379513,-34.630305],[135.384776,-34.631196],[135.390367,-34.630065],[135.38997,-34.633169],[135.387787,-34.633669],[135.392495,-34.637679],[135.397072,-34.631643],[135.399585,-34.634056],[135.402173,-34.633752],[135.398263,-34.630286],[135.398957,-34.627577],[135.394225,-34.626537],[135.391139,-34.623034],[135.381645,-34.621876],[135.370582,-34.622838],[135.361623,-34.620736],[135.358846,-34.61325],[135.352254,-34.608299],[135.350464,-34.60351],[135.351856,-34.596926],[135.358063,-34.589184],[135.356125,-34.587069],[135.354688,-34.580068],[135.349744,-34.575429],[135.344354,-34.576138],[135.340774,-34.573],[135.330582,-34.572305],[135.327,-34.57018],[135.327553,-34.568016],[135.325761,-34.566763],[135.316471,-34.566181],[135.309491,-34.56369],[135.304448,-34.559996],[135.301171,-34.555975],[135.301236,-34.553911],[135.297586,-34.552295],[135.298999,-34.547153],[135.305847,-34.537176],[135.308401,-34.531688],[135.314137,-34.526998],[135.312279,-34.524716],[135.316249,-34.520659],[135.324729,-34.519415],[135.344318,-34.522885],[135.3539,-34.522063],[135.346173,-34.519702],[135.304084,-34.516456],[135.300916,-34.514563],[135.298912,-34.510193],[135.295226,-34.508902],[135.285139,-34.508214],[135.261322,-34.510119],[135.23897,-34.504967],[135.221384,-34.49863],[135.215398,-34.493916],[135.215332,-34.484723],[135.212554,-34.481453],[135.214183,-34.472754],[135.21164,-34.462453],[135.216472,-34.455585],[135.211506,-34.440781],[135.217378,-34.433353],[135.209592,-34.434004],[135.206319,-34.429307],[135.194978,-34.43406],[135.194477,-34.437944],[135.190909,-34.44064],[135.190325,-34.453059],[135.18658,-34.459933],[135.183687,-34.461808],[135.181528,-34.460702],[135.178921,-34.464255],[135.173227,-34.464768],[135.17296,-34.466781],[135.169012,-34.468805],[135.170425,-34.470857],[135.168838,-34.474437],[135.159564,-34.488896],[135.14631,-34.50171],[135.140732,-34.501861],[135.138982,-34.503296],[135.138882,-34.505911],[135.143659,-34.509299],[135.14322,-34.516678],[135.141723,-34.518345],[135.143601,-34.519773],[135.141462,-34.522764],[135.13601,-34.522946],[135.129869,-34.527798],[135.132611,-34.531959],[135.134241,-34.544351],[135.130727,-34.553777],[135.12329,-34.557401],[135.126444,-34.5594],[135.125109,-34.560867],[135.126376,-34.567386],[135.124382,-34.571532],[135.125563,-34.571982],[135.125345,-34.576533],[135.122152,-34.576947],[135.117394,-34.581265],[135.111941,-34.58155],[135.109197,-34.588234],[135.113806,-34.590096],[135.11546,-34.588245],[135.118259,-34.588662],[135.121424,-34.585197],[135.124366,-34.587256],[135.128601,-34.587583],[135.128876,-34.590189],[135.133453,-34.587508],[135.135778,-34.590459],[135.138519,-34.589417],[135.139897,-34.591212],[135.143498,-34.591838],[135.147643,-34.585997],[135.145443,-34.581613],[135.147809,-34.576496],[135.146638,-34.572924],[135.149892,-34.568884],[135.154954,-34.567648],[135.153967,-34.566043],[135.158611,-34.561757],[135.166013,-34.561008],[135.168222,-34.557949],[135.173727,-34.555002],[135.178894,-34.554953],[135.181132,-34.557046],[135.190491,-34.556075],[135.192304,-34.557652],[135.196271,-34.555148],[135.202692,-34.555321],[135.208808,-34.558634],[135.210273,-34.557425],[135.20647,-34.552481],[135.206611,-34.549956],[135.213633,-34.545468],[135.225242,-34.543618],[135.238728,-34.545973],[135.25243,-34.55187],[135.275219,-34.567233],[135.279001,-34.570873],[135.280369,-34.574943],[135.283699,-34.576035],[135.284798,-34.579735],[135.287959,-34.581977],[135.285604,-34.584849],[135.290576,-34.58746],[135.294651,-34.593285],[135.29683,-34.593624],[135.299015,-34.599999],[135.297102,-34.603172],[135.303219,-34.601398],[135.308504,-34.602089],[135.321377,-34.607997],[135.334015,-34.618087],[135.341687,-34.629108],[135.342288,-34.634877],[135.345455,-34.639631],[135.349558,-34.652926],[135.347275,-34.666046],[135.340588,-34.67128],[135.337374,-34.670151],[135.332256,-34.671219],[135.329374,-34.669383],[135.325807,-34.674766],[135.325466,-34.679921],[135.320817,-34.680297],[135.325022,-34.686375],[135.32941,-34.689214],[135.341678,-34.681982],[135.350491,-34.680472],[135.367184,-34.683177],[135.379698,-34.687117],[135.41378,-34.70279],[135.455182,-34.728989],[135.47434,-34.744108],[135.478777,-34.748595],[135.479132,-34.75284],[135.486884,-34.758553],[135.492762,-34.766003],[135.494402,-34.769246],[135.491543,-34.772723],[135.496342,-34.779037],[135.494791,-34.781047],[135.495893,-34.782583],[135.503079,-34.785148],[135.529277,-34.805137],[135.532938,-34.809],[135.532962,-34.811138],[135.54065,-34.814131],[135.541981,-34.817862],[135.553746,-34.826657],[135.552401,-34.830718],[135.55666,-34.831982],[135.558568,-34.833853],[135.557845,-34.83604],[135.569841,-34.844757],[135.576103,-34.853766],[135.580626,-34.855609],[135.578947,-34.857133],[135.582788,-34.858309],[135.58171,-34.860833],[135.586056,-34.862031],[135.586095,-34.864262],[135.587807,-34.865784],[135.590794,-34.865551],[135.593364,-34.869248],[135.592266,-34.871722],[135.596975,-34.871939],[135.600016,-34.876836],[135.604502,-34.878667],[135.60282,-34.88345],[135.604376,-34.884634],[135.604931,-34.891673],[135.614456,-34.892725],[135.614263,-34.895648],[135.618571,-34.898802],[135.618117,-34.904638],[135.624044,-34.906359],[135.622879,-34.911224],[135.624348,-34.915741],[135.622271,-34.916267],[135.621607,-34.91928],[135.616518,-34.918778],[135.617001,-34.921319],[135.622174,-34.924155],[135.619981,-34.927671],[135.62115,-34.931025],[135.61834,-34.93278],[135.61974,-34.936887],[135.618827,-34.944466],[135.622462,-34.942069],[135.624021,-34.945949],[135.626317,-34.946452],[135.629875,-34.941717],[135.63461,-34.941216],[135.635828,-34.942861],[135.639518,-34.942803],[135.639995,-34.937125],[135.651332,-34.937714],[135.653561,-34.936363],[135.656168,-34.938457],[135.664723,-34.94033],[135.667962,-34.942555],[135.668666,-34.946723],[135.670556,-34.946729],[135.670993,-34.943432],[135.673441,-34.942649],[135.677097,-34.94526],[135.685876,-34.944856],[135.690343,-34.93869],[135.686907,-34.936021],[135.688664,-34.932902],[135.686488,-34.929719],[135.688404,-34.92331],[135.679212,-34.913706],[135.681999,-34.910312],[135.686643,-34.908599],[135.691953,-34.913922],[135.692478,-34.910295],[135.695768,-34.90608],[135.701045,-34.905184],[135.703756,-34.907705],[135.705738,-34.905736],[135.703653,-34.901701],[135.704885,-34.896639],[135.707748,-34.895219],[135.707776,-34.874376],[135.712711,-34.865101],[135.718661,-34.864399],[135.726848,-34.859687],[135.751833,-34.85615],[135.79209,-34.860956],[135.822865,-34.87033],[135.846229,-34.880453],[135.850719,-34.88668],[135.853755,-34.886649],[135.855086,-34.889476],[135.852246,-34.891532],[135.859329,-34.899352],[135.855674,-34.906616],[135.855831,-34.914947],[135.852553,-34.920217],[135.856062,-34.927288],[135.858016,-34.926735],[135.862394,-34.920049],[135.867748,-34.919894],[135.870495,-34.920803],[135.87118,-34.924052],[135.873612,-34.922153],[135.875737,-34.922559],[135.880156,-34.929137],[135.893155,-34.930927],[135.909569,-34.936769],[135.919347,-34.941968],[135.919866,-34.945115],[135.92361,-34.945292],[135.928877,-34.948295],[135.93243,-34.952876],[135.927514,-34.959604],[135.931669,-34.970804],[135.934586,-34.973534],[135.946764,-34.975402],[135.948555,-34.980702],[135.945044,-34.985105],[135.94134,-34.985684],[135.944972,-34.990747],[135.943162,-34.991454],[135.944476,-34.996226],[135.943102,-34.997767],[135.943382,-35.002954],[135.94734,-35.005488],[135.954463,-35.006352],[135.960935,-35.004769],[135.958333,-34.997205],[135.960257,-34.991911],[135.970817,-34.990451],[135.976579,-34.994656],[135.984081,-34.989451],[135.987209,-34.981705],[135.993815,-34.980008],[135.995376,-34.982843],[136.00263,-34.985854],[136.002426,-34.981896],[136.004524,-34.980343],[135.998299,-34.968282],[135.997972,-34.959234],[135.991568,-34.962679],[135.987292,-34.958681],[135.989841,-34.954301],[135.98849,-34.952674],[135.992388,-34.948859],[135.992985,-34.944914],[135.991444,-34.942533],[135.989643,-34.943533],[135.986395,-34.941071],[135.986455,-34.933799],[135.988961,-34.930262],[135.991518,-34.931467],[135.993163,-34.929897],[135.989614,-34.920941],[135.986911,-34.919975],[135.987053,-34.918219],[135.984686,-34.916607],[135.987089,-34.912041],[135.986179,-34.909267],[135.976117,-34.906378],[135.975301,-34.902324],[135.976902,-34.895316],[135.971251,-34.891518],[135.972779,-34.886109],[135.96267,-34.87545],[135.960516,-34.862705],[135.961258,-34.8515],[135.959953,-34.848601],[135.965109,-34.841294],[135.983578,-34.828894],[135.988328,-34.826982],[135.993522,-34.82779],[136.000726,-34.815716],[136.002954,-34.807619],[136.008467,-34.805694],[136.003725,-34.801752],[136.004306,-34.79881],[136.008128,-34.794774],[136.013845,-34.795882],[136.015783,-34.794216],[136.010468,-34.793611],[136.007344,-34.791138],[136.005168,-34.79207],[136.001927,-34.787262],[136.003416,-34.77537],[136.010786,-34.763408],[136.013042,-34.762521],[136.01269,-34.757842],[136.014332,-34.756514],[136.012735,-34.75301],[136.009479,-34.751772],[136.010907,-34.743317],[136.006531,-34.735939],[136.001927,-34.736195],[136.000328,-34.733676],[135.997417,-34.733394],[135.995092,-34.725326],[135.990236,-34.728134],[135.984179,-34.72692],[135.979243,-34.730501],[135.980666,-34.734865],[135.985738,-34.734906],[135.987487,-34.736777],[135.988767,-34.740817],[135.986321,-34.744815],[135.990826,-34.747083],[135.99126,-34.750348],[135.989472,-34.755697],[135.987269,-34.756973],[135.985033,-34.75614],[135.983633,-34.757852],[135.986513,-34.759233],[135.986985,-34.764205],[135.990068,-34.769453],[135.988833,-34.773613],[135.984309,-34.777313],[135.985314,-34.780268],[135.983542,-34.783231],[135.980602,-34.784618],[135.967697,-34.786246],[135.960864,-34.783816],[135.962322,-34.77264],[135.960494,-34.767056],[135.956746,-34.763711],[135.957523,-34.75945],[135.956396,-34.757148],[135.954303,-34.75807],[135.95301,-34.76258],[135.949624,-34.765659],[135.946688,-34.765253],[135.938614,-34.769594],[135.932718,-34.767507],[135.928895,-34.768824],[135.920544,-34.784459],[135.914589,-34.7874],[135.911834,-34.78603],[135.910631,-34.790131],[135.905333,-34.792419],[135.898036,-34.803834],[135.893494,-34.805599],[135.88838,-34.805569],[135.881113,-34.808302],[135.860612,-34.807459],[135.856094,-34.812621],[135.846555,-34.813437],[135.842786,-34.817432],[135.834373,-34.819008],[135.805412,-34.813127],[135.798563,-34.813757],[135.794108,-34.81079],[135.788236,-34.812349],[135.785731,-34.80933],[135.789799,-34.802928],[135.802801,-34.794014],[135.802735,-34.790692],[135.81128,-34.780649],[135.846373,-34.752882],[135.854946,-34.750914],[135.863448,-34.754873],[135.862835,-34.768995],[135.86472,-34.769666],[135.869816,-34.767459],[135.872591,-34.762304],[135.878678,-34.760403],[135.882188,-34.753647],[135.891409,-34.751447],[135.8921,-34.744097],[135.887185,-34.746834],[135.875092,-34.744211],[135.87312,-34.742163],[135.877871,-34.741589],[135.875553,-34.738238],[135.88357,-34.733882],[135.886191,-34.727897],[135.884862,-34.724936],[135.88097,-34.723124],[135.879513,-34.720349],[135.87061,-34.721246],[135.869185,-34.720094],[135.866727,-34.721844],[135.860699,-34.720775],[135.853858,-34.715497],[135.855712,-34.683115],[135.853962,-34.665381],[135.861765,-34.633575],[135.87229,-34.623986],[135.891144,-34.615732],[135.904192,-34.616607],[135.913136,-34.620512],[135.914489,-34.622059],[135.912623,-34.631482],[135.916873,-34.630739],[135.922938,-34.633362],[135.926906,-34.641792],[135.926676,-34.646501],[135.937413,-34.64902],[135.934834,-34.645495],[135.93342,-34.63545],[135.930761,-34.632341],[135.934684,-34.623364],[135.934351,-34.619469],[135.931553,-34.619544],[135.93056,-34.617239],[135.933423,-34.609826],[135.927096,-34.609528],[135.924552,-34.60779],[135.920014,-34.611333],[135.913887,-34.611309],[135.904253,-34.602305],[135.902127,-34.592584],[135.905808,-34.581063],[135.913307,-34.570628],[135.922751,-34.549984],[135.924987,-34.547362],[135.928231,-34.547745],[135.934827,-34.543962],[135.93557,-34.540857],[135.930308,-34.541241],[135.928238,-34.538091],[135.929061,-34.53313],[135.93231,-34.528521],[135.943087,-34.518813],[135.956754,-34.510666],[135.974127,-34.504699],[135.982295,-34.506613],[135.983708,-34.508339],[135.981906,-34.511876],[135.982632,-34.514009],[135.988407,-34.513351],[135.993143,-34.51856],[135.995254,-34.517761],[135.995438,-34.51399],[136.001513,-34.509575],[136.008306,-34.507749],[136.015731,-34.508921],[136.017806,-34.511617],[136.016942,-34.514865],[136.021803,-34.516206],[136.023578,-34.514781],[136.016431,-34.506421],[136.019043,-34.50215],[136.015488,-34.499011],[136.019102,-34.494303],[136.025663,-34.490279],[136.024151,-34.485743],[136.02502,-34.484048],[136.028212,-34.481921],[136.03804,-34.479879],[136.056326,-34.47902],[136.06206,-34.479838],[136.075462,-34.485414],[136.0829,-34.495306],[136.083515,-34.50052],[136.076466,-34.505706],[136.073225,-34.506203],[136.081909,-34.510547],[136.091281,-34.520841],[136.091508,-34.527661],[136.083513,-34.532224],[136.086247,-34.53507],[136.085052,-34.540248],[136.088784,-34.543836],[136.092173,-34.542734],[136.095622,-34.539265],[136.096124,-34.534719],[136.09896,-34.531634],[136.095555,-34.528159],[136.096279,-34.524595],[136.112519,-34.515817],[136.110102,-34.512192],[136.112393,-34.50739],[136.11284,-34.499689],[136.117113,-34.495129],[136.115776,-34.491682],[136.117536,-34.489264],[136.116477,-34.485564],[136.113328,-34.486106],[136.110799,-34.484151],[136.109917,-34.478434],[136.111887,-34.473657],[136.121769,-34.467421],[136.11602,-34.463808],[136.114089,-34.459054],[136.115214,-34.455089],[136.114417,-34.447198],[136.118295,-34.443396],[136.118851,-34.439322],[136.1168,-34.437467],[136.119468,-34.433758],[136.116535,-34.429785],[136.116687,-34.425739],[136.109622,-34.425102],[136.107161,-34.430624],[136.104568,-34.432583],[136.095256,-34.43271],[136.091801,-34.429572],[136.095009,-34.427128],[136.100048,-34.418901],[136.103394,-34.420049],[136.106732,-34.422166],[136.111408,-34.412699],[136.116359,-34.408422],[136.121869,-34.406815],[136.130148,-34.407111],[136.117945,-34.402112],[136.114786,-34.396999],[136.112863,-34.388876],[136.110696,-34.386468],[136.107586,-34.387487],[136.10378,-34.382528],[136.105088,-34.372228],[136.112245,-34.359384],[136.128167,-34.345361],[136.138538,-34.341141],[136.155891,-34.338916],[136.175192,-34.339936],[136.187841,-34.33484],[136.219901,-34.309171],[136.233584,-34.296136],[136.240163,-34.287381],[136.245848,-34.283287],[136.247648,-34.278888],[136.252911,-34.27549],[136.25326,-34.272407],[136.260573,-34.267704],[136.262361,-34.263441],[136.261539,-34.25912],[136.269713,-34.243829],[136.266792,-34.243083],[136.27014,-34.233818],[136.274271,-34.231223],[136.274926,-34.227186],[136.27761,-34.225593],[136.278006,-34.220835],[136.282539,-34.220513],[136.285654,-34.217633],[136.284242,-34.214789],[136.287864,-34.214992],[136.289594,-34.211888],[136.293726,-34.20981],[136.29375,-34.206978],[136.297995,-34.204338],[136.297737,-34.201199],[136.300451,-34.19611],[136.31224,-34.191281],[136.31244,-34.187279],[136.315032,-34.187301],[136.316136,-34.184431],[136.32439,-34.181602],[136.325038,-34.178654],[136.32275,-34.177207],[136.322586,-34.17183],[136.326595,-34.168566],[136.324967,-34.167911],[136.325309,-34.164044],[136.330746,-34.161444],[136.328612,-34.15742],[136.329299,-34.153421],[136.333108,-34.150809],[136.331378,-34.148126],[136.336442,-34.143477],[136.342873,-34.142081],[136.341869,-34.140194],[136.343526,-34.138309],[136.343075,-34.135232],[136.345233,-34.133773],[136.347796,-34.127308],[136.350844,-34.126534],[136.35158,-34.123745],[136.353927,-34.122392],[136.354596,-34.117003],[136.351353,-34.117849],[136.347966,-34.114588],[136.350611,-34.10418],[136.347617,-34.102322],[136.346688,-34.099496],[136.35072,-34.092787],[136.356005,-34.08871],[136.355289,-34.083485],[136.357869,-34.081157],[136.358496,-34.075459],[136.363136,-34.069349],[136.398722,-34.04157],[136.409055,-34.032703],[136.411207,-34.02874],[136.431466,-34.015947],[136.434749,-34.011595],[136.447739,-34.005028],[136.468157,-34.00213],[136.497478,-33.992615],[136.504914,-33.988644],[136.513962,-33.979503],[136.536821,-33.9645],[136.552454,-33.956532],[136.556089,-33.949714],[136.57475,-33.943438],[136.577661,-33.940604],[136.577969,-33.938443],[136.576178,-33.936666],[136.578102,-33.931837],[136.573239,-33.929611],[136.572195,-33.923038],[136.574634,-33.918036],[136.580151,-33.913076],[136.583211,-33.912323],[136.585984,-33.91394],[136.586028,-33.908052],[136.592684,-33.899562],[136.611402,-33.895383],[136.625217,-33.889052],[136.644747,-33.887327],[136.653414,-33.882367],[136.668362,-33.878689],[136.675238,-33.875002],[136.676006,-33.871784],[136.678142,-33.870266],[136.692099,-33.865494],[136.697635,-33.86186],[136.701268,-33.858079],[136.701694,-33.8555],[136.710719,-33.85046],[136.721509,-33.840546],[136.73046,-33.834978],[136.750278,-33.830884],[136.778484,-33.831012],[136.779599,-33.821962],[136.788425,-33.812542],[136.795603,-33.808493],[136.799629,-33.80333],[136.820301,-33.799965],[136.845577,-33.800875],[136.847867,-33.798951],[136.857218,-33.798387],[136.878538,-33.78611],[136.90068,-33.778593],[136.919603,-33.768797],[136.951489,-33.755299],[136.991674,-33.724793],[136.999396,-33.725045],[137.025511,-33.719722],[137.03728,-33.70801],[137.054214,-33.706377],[137.06262,-33.700467],[137.069474,-33.700274],[137.069734,-33.698743],[137.077399,-33.698145],[137.092582,-33.701326],[137.105776,-33.699264],[137.124328,-33.700746],[137.168508,-33.690294],[137.17483,-33.685046],[137.182092,-33.673153],[137.213306,-33.661082],[137.222959,-33.648274],[137.226923,-33.637158],[137.232122,-33.632413],[137.233942,-33.63272],[137.236991,-33.626766],[137.249322,-33.612045],[137.249468,-33.608657],[137.252397,-33.608277],[137.255846,-33.599131],[137.255099,-33.597116],[137.25939,-33.592244],[137.257982,-33.588942],[137.261814,-33.585002],[137.263916,-33.577687],[137.278833,-33.565015],[137.279776,-33.562116],[137.278372,-33.560429],[137.286195,-33.542884],[137.286954,-33.5395],[137.29014,-33.538798],[137.290986,-33.534499],[137.288012,-33.530804],[137.295283,-33.507413],[137.298108,-33.503501],[137.305001,-33.500116],[137.302842,-33.494688],[137.30763,-33.485636],[137.314614,-33.471529],[137.320257,-33.468499],[137.324899,-33.463071],[137.325385,-33.459486],[137.334587,-33.458282],[137.354151,-33.443802],[137.356666,-33.440114],[137.360521,-33.439166],[137.358622,-33.428871],[137.359662,-33.423573],[137.360741,-33.414838],[137.366962,-33.405217],[137.374934,-33.397787],[137.375449,-33.393712],[137.378307,-33.390399],[137.37798,-33.384582],[137.384211,-33.377503],[137.385585,-33.372166],[137.381896,-33.369389],[137.38054,-33.365648],[137.379016,-33.358559],[137.380313,-33.354772],[137.377221,-33.344211],[137.380558,-33.329036],[137.377629,-33.324461],[137.38113,-33.313691],[137.380476,-33.308673],[137.379226,-33.308832],[137.378747,-33.303623],[137.383176,-33.296821],[137.378757,-33.296647],[137.374434,-33.292726],[137.384681,-33.296051],[137.38881,-33.292184],[137.393686,-33.28989],[137.389242,-33.287805],[137.389738,-33.285318],[137.393031,-33.285331],[137.394556,-33.286425],[137.397534,-33.2853],[137.397889,-33.281021],[137.39945,-33.276283],[137.407967,-33.272206],[137.405928,-33.27124],[137.411013,-33.26779],[137.410169,-33.26456],[137.414345,-33.255504],[137.423684,-33.246892],[137.423653,-33.243312],[137.431039,-33.233797],[137.43226,-33.229286],[137.431883,-33.225961],[137.438881,-33.216556],[137.438246,-33.198082],[137.440478,-33.194791],[137.439064,-33.182824],[137.443224,-33.171691],[137.443008,-33.162286],[137.442002,-33.159674],[137.443408,-33.155906],[137.442264,-33.152177],[137.444175,-33.148565],[137.444135,-33.146523],[137.449076,-33.142289],[137.453303,-33.135852],[137.451979,-33.130701],[137.455046,-33.132871],[137.454142,-33.135621],[137.4576,-33.135572],[137.457329,-33.132384],[137.462027,-33.12868],[137.466755,-33.128451],[137.47379,-33.125028],[137.486076,-33.124658],[137.484246,-33.122707],[137.485043,-33.121326],[137.490141,-33.121432],[137.492421,-33.119875],[137.492971,-33.117303],[137.497016,-33.117001],[137.496604,-33.112988],[137.499752,-33.109622],[137.50793,-33.106741],[137.508973,-33.108434],[137.511552,-33.107787],[137.51729,-33.103319],[137.522299,-33.102166],[137.523546,-33.098691],[137.52632,-33.096752],[137.536023,-33.094818],[137.53895,-33.087812],[137.535935,-33.086529],[137.538697,-33.084312],[137.538685,-33.082123],[137.54271,-33.078625],[137.544462,-33.078297],[137.551316,-33.072047],[137.549861,-33.070305],[137.554241,-33.069447],[137.557292,-33.065908],[137.556178,-33.063033],[137.556534,-33.060461],[137.559881,-33.058331],[137.563542,-33.057192],[137.563766,-33.055594],[137.566935,-33.053142],[137.567114,-33.050736],[137.570174,-33.051114],[137.5698,-33.047888],[137.573364,-33.044855],[137.590553,-33.040896],[137.593992,-33.036508],[137.596979,-33.03615],[137.593335,-33.031205],[137.589646,-33.029674],[137.587265,-33.027193],[137.585736,-33.022086],[137.586818,-33.019647],[137.589888,-33.018491],[137.592066,-33.021219],[137.597294,-33.019704],[137.599742,-33.021089],[137.601799,-33.015329],[137.601113,-33.012829],[137.595789,-33.012108],[137.600193,-33.00786],[137.60323,-33.001786],[137.600607,-33.001206],[137.596336,-33.006782],[137.595198,-32.998551],[137.611458,-32.974561],[137.630464,-32.964158],[137.631067,-32.961303],[137.633021,-32.96131],[137.634617,-32.958749],[137.638096,-32.960006],[137.641418,-32.955318],[137.647069,-32.95513],[137.649518,-32.953228],[137.657174,-32.952266],[137.661043,-32.950959],[137.672814,-32.955883],[137.691496,-32.95956],[137.695607,-32.961633],[137.696744,-32.965472],[137.701772,-32.970272],[137.713268,-32.974483],[137.713651,-32.978026],[137.72015,-32.985923],[137.721268,-32.990512],[137.747826,-32.995359],[137.760331,-32.995383],[137.756865,-32.990289],[137.759169,-32.988972],[137.767388,-32.994545],[137.76914,-32.992766],[137.776937,-32.992616],[137.783785,-32.997747],[137.783078,-33.000657],[137.786511,-32.999915],[137.786501,-32.997433],[137.782426,-32.992908],[137.779978,-32.980094],[137.774207,-32.968888],[137.759609,-32.949529],[137.755735,-32.936332],[137.750371,-32.927198],[137.749516,-32.921517],[137.753313,-32.909877],[137.758283,-32.907355],[137.76257,-32.910454],[137.768858,-32.909976],[137.772295,-32.913168],[137.789289,-32.915205],[137.78894,-32.911368],[137.79241,-32.909694],[137.791921,-32.904476],[137.794491,-32.897825],[137.798263,-32.89354],[137.797125,-32.884158],[137.791768,-32.870953],[137.795991,-32.867818],[137.800485,-32.868142],[137.800756,-32.86523],[137.798221,-32.862194],[137.809943,-32.852871],[137.807248,-32.849697],[137.810557,-32.845255],[137.809991,-32.841572],[137.807683,-32.840725],[137.809286,-32.837384],[137.808602,-32.832901],[137.806259,-32.830072],[137.803198,-32.817919],[137.804471,-32.811661],[137.801911,-32.806982],[137.803563,-32.796932],[137.799488,-32.792914],[137.798443,-32.789548],[137.798497,-32.784695],[137.7975,-32.784518],[137.793206,-32.779971],[137.79417,-32.7779],[137.797533,-32.776929],[137.801622,-32.765984],[137.80075,-32.76337],[137.802153,-32.759214],[137.809196,-32.755817],[137.809507,-32.74859],[137.80574,-32.744093],[137.803305,-32.739996],[137.802011,-32.735729],[137.800007,-32.73604],[137.798451,-32.731968],[137.789954,-32.726705],[137.788064,-32.721073],[137.784393,-32.718775],[137.781324,-32.713734],[137.773388,-32.71281],[137.772329,-32.71509],[137.764141,-32.719195],[137.753152,-32.721238],[137.752463,-32.712472],[137.749747,-32.708266],[137.749226,-32.704486],[137.751341,-32.69941],[137.757119,-32.694254],[137.755476,-32.690726],[137.756113,-32.685617],[137.751108,-32.678373],[137.750393,-32.673305],[137.754979,-32.661219],[137.753224,-32.659237],[137.75363,-32.651835],[137.757376,-32.643368],[137.759529,-32.626939],[137.762695,-32.621851],[137.761667,-32.615005],[137.763626,-32.612087],[137.764897,-32.596744],[137.75975,-32.575019],[137.760396,-32.569235],[137.755932,-32.564617],[137.758939,-32.559627],[137.75877,-32.556249],[137.749653,-32.53156],[137.750866,-32.530933],[137.750777,-32.527394],[137.754744,-32.524784],[137.756067,-32.518032],[137.76201,-32.510099],[137.75616,-32.502591],[137.754998,-32.501983],[137.752641,-32.495346],[137.754532,-32.489144],[137.762903,-32.482868],[137.764511,-32.476162],[137.764185,-32.474205],[137.755507,-32.466265],[137.753371,-32.457178],[137.75922,-32.446386],[137.763815,-32.442118],[137.760477,-32.436723],[137.752415,-32.43129],[137.752688,-32.423109],[137.754084,-32.421466],[137.74851,-32.417648],[137.75036,-32.415371],[137.752439,-32.418316],[137.756745,-32.419023],[137.756406,-32.430496],[137.764558,-32.435465],[137.766047,-32.43951],[137.764854,-32.445771],[137.760494,-32.44969],[137.757935,-32.456053],[137.760831,-32.463039],[137.769009,-32.471876],[137.770628,-32.480322],[137.768725,-32.484257],[137.758759,-32.491348],[137.761402,-32.497807],[137.767734,-32.500149],[137.772488,-32.505119],[137.773694,-32.510261],[137.768551,-32.517704],[137.768971,-32.523867],[137.773621,-32.524852],[137.775861,-32.523239],[137.785277,-32.52852],[137.786519,-32.532735],[137.784018,-32.536812],[137.781383,-32.537755],[137.781522,-32.540618],[137.783916,-32.543414],[137.789199,-32.54456],[137.789296,-32.545782],[137.783271,-32.546677],[137.782259,-32.550341],[137.79076,-32.555009],[137.803294,-32.558358],[137.803978,-32.555995],[137.808726,-32.555936],[137.823014,-32.560252],[137.82596,-32.563905],[137.827348,-32.56286],[137.830839,-32.566375],[137.83577,-32.574669],[137.829647,-32.578379],[137.829686,-32.584703],[137.833565,-32.588295],[137.830857,-32.58981],[137.831701,-32.5927],[137.824696,-32.596667],[137.828519,-32.591178],[137.823058,-32.584678],[137.820728,-32.58289],[137.813787,-32.594424],[137.808621,-32.596983],[137.803128,-32.602472],[137.802716,-32.608002],[137.806371,-32.613369],[137.822161,-32.624152],[137.836291,-32.637649],[137.843521,-32.639585],[137.84927,-32.638769],[137.84963,-32.640872],[137.852028,-32.640869],[137.856629,-32.65576],[137.867648,-32.663933],[137.86656,-32.66607],[137.868213,-32.669004],[137.867778,-32.67157],[137.868763,-32.675109],[137.866594,-32.678708],[137.864154,-32.679152],[137.863494,-32.684759],[137.860025,-32.6894],[137.847241,-32.689318],[137.843604,-32.691139],[137.842219,-32.694202],[137.837571,-32.69581],[137.85856,-32.707399],[137.887464,-32.715447],[137.892109,-32.718853],[137.894499,-32.726243],[137.906756,-32.730868],[137.916453,-32.738219],[137.920411,-32.744515],[137.936328,-32.751245],[137.944458,-32.757655],[137.940891,-32.761211],[137.942366,-32.764715],[137.936655,-32.766652],[137.929504,-32.766239],[137.926536,-32.76338],[137.925308,-32.764461],[137.919595,-32.762205],[137.921085,-32.760939],[137.916821,-32.759413],[137.913073,-32.762534],[137.916527,-32.768858],[137.910034,-32.772575],[137.905981,-32.771006],[137.904982,-32.773213],[137.906331,-32.774328],[137.90089,-32.777649],[137.902857,-32.778302],[137.902051,-32.801801],[137.903498,-32.817304],[137.907721,-32.831642],[137.906701,-32.832133],[137.91157,-32.84273],[137.912322,-32.853486],[137.914685,-32.856286],[137.915445,-32.858681],[137.923195,-32.871212],[137.926426,-32.880233],[137.934263,-32.918739],[137.938158,-32.929785],[137.939804,-32.9472],[137.942029,-32.954359],[137.951493,-32.975055],[137.956632,-32.981391],[137.955183,-32.989158],[137.958338,-32.989433],[137.952644,-33.0002],[137.952082,-33.00601],[137.964303,-33.016481],[137.971513,-33.015753],[137.983024,-33.020154],[137.984761,-33.018447],[137.988809,-33.019084],[138.001357,-33.023974],[138.018784,-33.035621],[138.028214,-33.051091],[138.033338,-33.063474],[138.039986,-33.072555],[138.045942,-33.0867],[138.045017,-33.090859],[138.040837,-33.089853],[138.041094,-33.09328],[138.036028,-33.096349],[138.039252,-33.101157],[138.030634,-33.09837],[138.024439,-33.102324],[138.02463,-33.10578],[138.032957,-33.106923],[138.036705,-33.102965],[138.048234,-33.109069],[138.054408,-33.115096],[138.052869,-33.127247],[138.048044,-33.135837],[138.040429,-33.139582],[138.035421,-33.144048],[138.024231,-33.146584],[138.020918,-33.149031],[138.02062,-33.151143],[138.028292,-33.15501],[138.02476,-33.155269],[138.018263,-33.159353],[138.014093,-33.178089],[138.015338,-33.176892],[138.01921,-33.179812],[138.021303,-33.179641],[138.027494,-33.170892],[138.036289,-33.169499],[138.036282,-33.171021],[138.032577,-33.171225],[138.030429,-33.173244],[138.027854,-33.178795],[138.024228,-33.181884],[138.016242,-33.182084],[138.011854,-33.178027],[138.014372,-33.164715],[138.012625,-33.161685],[138.013031,-33.153719],[138.001337,-33.144027],[138.004375,-33.137836],[138.006878,-33.137286],[138.007072,-33.133387],[138.004984,-33.131069],[138.000807,-33.131649],[137.987635,-33.143951],[137.976892,-33.145412],[137.976305,-33.147877],[137.973584,-33.147237],[137.966584,-33.153041],[137.954364,-33.154713],[137.959044,-33.163564],[137.953889,-33.163147],[137.951109,-33.160674],[137.939986,-33.15815],[137.932147,-33.171259],[137.925484,-33.176496],[137.911775,-33.17736],[137.911553,-33.172238],[137.907816,-33.171441],[137.905385,-33.173762],[137.896351,-33.17627],[137.892987,-33.180342],[137.879751,-33.183353],[137.853601,-33.196834],[137.8503,-33.202575],[137.852958,-33.209589],[137.84695,-33.211886],[137.844879,-33.207108],[137.837982,-33.207238],[137.834721,-33.212179],[137.832747,-33.22158],[137.827472,-33.227162],[137.826449,-33.233676],[137.821262,-33.244931],[137.82675,-33.248593],[137.821389,-33.255803],[137.814524,-33.258539],[137.811132,-33.266254],[137.811416,-33.276631],[137.817427,-33.286669],[137.827682,-33.29722],[137.834756,-33.302565],[137.839821,-33.303672],[137.843041,-33.308064],[137.844003,-33.307351],[137.840951,-33.30404],[137.842742,-33.302839],[137.844915,-33.30467],[137.846379,-33.308694],[137.843406,-33.311163],[137.842526,-33.316505],[137.85183,-33.32618],[137.856436,-33.328842],[137.865193,-33.328631],[137.86527,-33.327261],[137.859129,-33.325946],[137.863495,-33.324373],[137.866072,-33.329082],[137.870353,-33.330912],[137.873503,-33.330279],[137.86661,-33.326962],[137.86483,-33.323331],[137.858829,-33.320776],[137.863391,-33.31732],[137.8656,-33.317356],[137.871186,-33.320249],[137.87079,-33.323373],[137.874739,-33.330543],[137.876357,-33.328464],[137.874043,-33.326502],[137.874614,-33.323019],[137.873527,-33.318797],[137.87414,-33.316092],[137.881243,-33.323158],[137.885004,-33.338589],[137.884837,-33.348279],[137.883503,-33.349457],[137.886971,-33.355541],[137.8755,-33.362386],[137.870496,-33.39654],[137.877529,-33.407236],[137.886074,-33.413913],[137.898815,-33.430947],[137.905021,-33.436776],[137.906465,-33.435644],[137.910663,-33.444433],[137.908778,-33.445963],[137.911807,-33.44872],[137.918807,-33.464257],[137.930481,-33.481706],[137.929025,-33.489826],[137.932892,-33.499684],[137.939111,-33.50639],[137.941163,-33.505692],[137.944965,-33.50758],[137.942401,-33.509941],[137.94316,-33.512347],[137.947552,-33.513983],[137.94783,-33.515199],[137.942783,-33.516139],[137.94143,-33.518107],[137.939756,-33.540067],[137.938758,-33.542898],[137.937122,-33.543181],[137.939426,-33.547918],[137.944346,-33.55053],[137.951829,-33.549193],[137.962976,-33.550773],[137.966517,-33.548814],[137.969966,-33.544554],[137.976338,-33.549774],[137.973822,-33.552984],[137.977463,-33.558834],[137.971334,-33.561381],[137.971451,-33.566989],[137.968089,-33.567542],[137.967489,-33.571369],[137.964795,-33.574318],[137.961073,-33.571718],[137.954697,-33.571563],[137.951782,-33.573302],[137.949976,-33.571922],[137.948277,-33.563215],[137.949084,-33.559599],[137.943606,-33.555839],[137.946766,-33.554549],[137.937027,-33.553702],[137.934861,-33.556155],[137.936589,-33.573457],[137.935597,-33.580101],[137.929249,-33.591286],[137.929228,-33.600717],[137.926134,-33.607008],[137.92752,-33.611452],[137.925393,-33.612809],[137.925252,-33.616045],[137.922277,-33.620799],[137.917547,-33.624978],[137.90159,-33.628898],[137.89323,-33.625613],[137.89384,-33.621328],[137.897239,-33.617485],[137.901006,-33.600395],[137.903314,-33.600577],[137.903569,-33.614486],[137.905638,-33.616216],[137.909812,-33.616334],[137.915594,-33.610213],[137.916333,-33.608659],[137.924238,-33.597412],[137.919659,-33.58733],[137.904877,-33.585864],[137.892462,-33.587902],[137.889895,-33.591637],[137.879023,-33.596782],[137.876237,-33.60005],[137.876086,-33.60477],[137.872276,-33.606637],[137.865313,-33.621918],[137.857277,-33.631321],[137.847046,-33.639345],[137.834527,-33.642457],[137.827745,-33.64885],[137.825556,-33.656202],[137.818828,-33.657921],[137.819591,-33.662155],[137.815127,-33.662655],[137.813049,-33.664715],[137.813912,-33.66771],[137.809101,-33.668706],[137.80619,-33.67697],[137.800547,-33.683113],[137.796961,-33.685135],[137.793433,-33.685239],[137.789077,-33.6873],[137.783875,-33.692004],[137.776311,-33.694961],[137.760713,-33.71083],[137.755144,-33.714222],[137.742411,-33.733019],[137.736431,-33.737836],[137.732044,-33.755547],[137.725471,-33.769922],[137.715723,-33.778625],[137.680778,-33.801419],[137.666536,-33.816215],[137.643791,-33.830437],[137.639123,-33.837809],[137.619093,-33.860126],[137.616207,-33.8658],[137.600358,-33.876794],[137.600979,-33.880023],[137.609538,-33.885224],[137.615099,-33.891011],[137.62546,-33.895162],[137.630705,-33.907806],[137.63064,-33.921822],[137.62755,-33.922875],[137.625271,-33.926211],[137.62332,-33.927276],[137.612977,-33.930476],[137.605595,-33.935771],[137.600263,-33.936313],[137.591043,-33.944035],[137.578611,-33.958268],[137.575722,-33.967168],[137.563706,-33.971636],[137.559905,-33.977995],[137.560967,-33.985517],[137.558632,-33.988852],[137.551243,-33.993357],[137.54313,-33.991603],[137.538706,-33.992451],[137.535964,-33.99965],[137.532962,-34.001675],[137.531789,-34.005452],[137.535927,-34.006128],[137.536465,-34.007975],[137.540663,-34.006973],[137.540921,-34.009098],[137.544556,-34.00888],[137.552323,-34.014424],[137.563689,-34.028749],[137.567396,-34.043611],[137.562993,-34.053417],[137.560934,-34.054372],[137.560711,-34.057065],[137.558308,-34.059326],[137.557323,-34.065659],[137.550414,-34.075003],[137.54532,-34.074916],[137.544527,-34.076127],[137.544263,-34.084742],[137.540154,-34.094783],[137.537339,-34.098347],[137.531058,-34.101605],[137.526001,-34.10829],[137.525137,-34.119429],[137.522273,-34.129251],[137.515853,-34.13483],[137.506757,-34.137625],[137.493379,-34.133626],[137.475,-34.137748],[137.459342,-34.131502],[137.454678,-34.131704],[137.452479,-34.135192],[137.449856,-34.135518],[137.449444,-34.139966],[137.457165,-34.1507],[137.461613,-34.165663],[137.474882,-34.184003],[137.483323,-34.191582],[137.48982,-34.204938],[137.490228,-34.21029],[137.499904,-34.226504],[137.501247,-34.233983],[137.499705,-34.238393],[137.49945,-34.252156],[137.502638,-34.259722],[137.497331,-34.264373],[137.498606,-34.272046],[137.496859,-34.282809],[137.499379,-34.28758],[137.501204,-34.297754],[137.499815,-34.302685],[137.500299,-34.312],[137.497951,-34.319468],[137.495076,-34.323157],[137.492262,-34.323306],[137.483663,-34.343124],[137.48203,-34.372006],[137.47608,-34.392463],[137.471256,-34.398101],[137.465117,-34.400688],[137.457955,-34.400557],[137.453732,-34.396165],[137.446657,-34.398039],[137.444879,-34.401475],[137.444867,-34.411448],[137.438119,-34.427953],[137.427713,-34.441713],[137.420313,-34.445349],[137.416933,-34.444675],[137.414469,-34.448521],[137.415149,-34.459593],[137.422292,-34.470658],[137.427025,-34.472597],[137.428118,-34.469716],[137.440091,-34.458001],[137.439972,-34.452692],[137.446005,-34.436891],[137.453499,-34.430078],[137.463169,-34.426672],[137.467141,-34.428088],[137.480052,-34.435572],[137.483189,-34.439275],[137.485833,-34.450038],[137.481753,-34.453829],[137.484395,-34.460677],[137.486637,-34.481665],[137.483109,-34.487269],[137.4832,-34.495536],[137.481065,-34.497932],[137.479017,-34.506975],[137.47443,-34.508399],[137.473817,-34.511303],[137.47561,-34.519124],[137.483323,-34.528851],[137.485444,-34.535323],[137.483651,-34.538686],[137.487218,-34.540889],[137.488977,-34.55059],[137.496623,-34.559912],[137.506741,-34.582015],[137.50944,-34.617955],[137.505449,-34.64883],[137.498291,-34.663571],[137.493052,-34.667483],[137.493721,-34.672074],[137.491042,-34.677444],[137.491069,-34.68815],[137.487794,-34.712728],[137.48495,-34.716453],[137.478841,-34.732653],[137.477107,-34.758643],[137.473308,-34.774593],[137.464969,-34.791309],[137.459607,-34.80763],[137.459949,-34.82318],[137.458188,-34.840511],[137.459386,-34.847377],[137.456595,-34.868132],[137.457725,-34.884498],[137.454881,-34.896431],[137.448758,-34.910318],[137.434709,-34.924992],[137.41535,-34.938659],[137.39596,-34.947885],[137.374945,-34.953745],[137.360829,-34.949765],[137.356422,-34.946584],[137.352806,-34.942119],[137.352088,-34.933656],[137.34812,-34.932374],[137.346955,-34.9298],[137.320486,-34.931369],[137.309245,-34.927825],[137.30258,-34.923199],[137.295713,-34.913584],[137.291011,-34.90102],[137.276479,-34.8939],[137.26784,-34.894124],[137.25705,-34.898152],[137.25171,-34.895906],[137.247445,-34.896198],[137.241471,-34.901],[137.224498,-34.904483],[137.194414,-34.901017],[137.178202,-34.908596],[137.156094,-34.916351],[137.146064,-34.9182],[137.130831,-34.91753],[137.093376,-34.919948],[137.079842,-34.91929],[137.072347,-34.917205],[137.056794,-34.91037],[137.047942,-34.903852],[137.035104,-34.900493],[137.020132,-34.900024],[137.016502,-34.893992],[137.013614,-34.892979],[137.013806,-34.896074],[137.010281,-34.895778],[137.008733,-34.897181],[137.013887,-34.910957],[137.012553,-34.92048],[137.004625,-34.927319],[137.002813,-34.926619],[136.996443,-34.932211],[136.99663,-34.933909],[136.991815,-34.936431],[136.988807,-34.934819],[136.979947,-34.938968],[136.980544,-34.940748],[136.976385,-34.94124],[136.975805,-34.947191],[136.977583,-34.949757],[136.97314,-34.951764],[136.973122,-34.960711],[136.969758,-34.972653],[136.966777,-34.974773],[136.971285,-34.977772],[136.972095,-34.986341],[136.97087,-34.995628],[136.968239,-35.000414],[136.964528,-35.005197],[136.956756,-35.01042],[136.950233,-35.00996],[136.947082,-35.013138],[136.943678,-35.012642],[136.946544,-35.016535],[136.944086,-35.022033],[136.935024,-35.023398],[136.930287,-35.02905],[136.936203,-35.032044],[136.945767,-35.046652],[136.955151,-35.06424],[136.961072,-35.082302],[136.960045,-35.089045],[136.953957,-35.093929],[136.951766,-35.100271],[136.945979,-35.106595],[136.941788,-35.105674],[136.943507,-35.117034],[136.941887,-35.118212],[136.941123,-35.129111],[136.939148,-35.129562],[136.938264,-35.133405],[136.93265,-35.140359],[136.920005,-35.14342],[136.913125,-35.153594],[136.905866,-35.154747],[136.903665,-35.153536],[136.902111,-35.156889],[136.89761,-35.156673],[136.89747,-35.1598],[136.893788,-35.160948],[136.894928,-35.164521],[136.89434,-35.178137],[136.888337,-35.185252],[136.884204,-35.184278],[136.881292,-35.188983],[136.875974,-35.189458],[136.872998,-35.19184],[136.869951,-35.190458],[136.868827,-35.193067],[136.865972,-35.194123],[136.861423,-35.192032],[136.851662,-35.192265],[136.849145,-35.190183],[136.84574,-35.190101],[136.845289,-35.194023],[136.843026,-35.196022],[136.844776,-35.197725],[136.8455,-35.205655],[136.842763,-35.213683],[136.846328,-35.2194],[136.846425,-35.228823],[136.842175,-35.233575],[136.837989,-35.23519],[136.829351,-35.233226],[136.832423,-35.236408],[136.834107,-35.241945],[136.830693,-35.245603],[136.823458,-35.243556],[136.821927,-35.24528],[136.829662,-35.250127],[136.845776,-35.269946],[136.848596,-35.275122],[136.847919,-35.278252],[136.850017,-35.279841],[136.848565,-35.282106],[136.853514,-35.281894],[136.857006,-35.282785],[136.856805,-35.287562],[136.870503,-35.286886],[136.880748,-35.296153],[136.880556,-35.299817],[136.883,-35.300346],[136.885753,-35.296916],[136.888059,-35.296516],[136.890298,-35.298758],[136.894119,-35.296116],[136.894459,-35.294016],[136.896964,-35.293085],[136.896387,-35.289014],[136.89975,-35.285811],[136.915035,-35.287994],[136.919987,-35.285447],[136.923791,-35.286162],[136.928746,-35.283462],[136.932329,-35.284216],[136.934949,-35.282457],[136.941541,-35.283252],[136.944022,-35.282153],[136.942273,-35.278398],[136.944709,-35.275691],[136.943307,-35.273723],[136.945716,-35.270905],[136.945243,-35.269335],[136.955127,-35.266795],[136.966855,-35.26703],[136.968652,-35.264219],[136.966339,-35.260315],[136.969755,-35.25208],[136.9827,-35.24955],[136.982647,-35.247506],[136.980334,-35.24677],[136.979684,-35.244574],[136.983062,-35.235424],[136.987844,-35.232729],[136.992728,-35.227328],[137.001389,-35.223207],[137.015759,-35.221317],[137.036312,-35.221206],[137.059876,-35.225112],[137.067687,-35.228481],[137.076687,-35.226357],[137.094226,-35.231614],[137.111428,-35.242931],[137.112451,-35.239026],[137.118569,-35.237589],[137.129664,-35.242276],[137.136193,-35.240911],[137.140555,-35.24384],[137.143915,-35.243501],[137.145873,-35.240438],[137.148841,-35.241197],[137.15156,-35.239052],[137.158119,-35.23978],[137.160174,-35.237239],[137.162666,-35.238378],[137.168391,-35.235549],[137.173992,-35.237359],[137.177266,-35.231914],[137.181474,-35.231656],[137.183741,-35.229177],[137.188141,-35.230469],[137.190574,-35.229175],[137.189396,-35.226493],[137.191262,-35.224575],[137.189821,-35.223229],[137.190005,-35.217389],[137.192903,-35.213275],[137.190399,-35.208941],[137.203511,-35.191922],[137.218694,-35.176405],[137.233887,-35.168414],[137.237741,-35.164515],[137.258643,-35.159159],[137.264701,-35.159041],[137.27754,-35.161477],[137.29811,-35.168308],[137.307649,-35.16513],[137.334887,-35.167858],[137.347808,-35.163004],[137.346132,-35.162273],[137.339933,-35.163523],[137.33849,-35.165291],[137.334579,-35.163878],[137.342809,-35.16172],[137.340558,-35.155214],[137.340748,-35.149462],[137.344402,-35.142685],[137.352267,-35.13396],[137.373545,-35.120501],[137.42284,-35.098095],[137.450811,-35.097736],[137.464103,-35.099218],[137.495107,-35.110278],[137.50498,-35.117646],[137.510698,-35.119016],[137.521019,-35.113484],[137.525835,-35.112928],[137.554817,-35.117455],[137.580856,-35.130955],[137.584788,-35.131265],[137.595264,-35.139053],[137.60616,-35.143539],[137.616879,-35.152368],[137.623918,-35.16057],[137.630682,-35.16161],[137.637498,-35.168201],[137.643062,-35.166279],[137.646284,-35.167526],[137.651647,-35.166862],[137.653296,-35.168202],[137.677887,-35.167742],[137.68273,-35.163551],[137.68252,-35.160062],[137.687848,-35.148302],[137.697314,-35.141537],[137.709618,-35.136112],[137.733111,-35.130776],[137.741604,-35.125954],[137.746122,-35.120451],[137.759109,-35.114355],[137.758758,-35.111671],[137.755563,-35.111281],[137.743471,-35.103477],[137.742655,-35.100386],[137.747819,-35.089589],[137.748365,-35.082186],[137.744046,-35.073103],[137.736568,-35.068083],[137.72983,-35.054557],[137.725206,-35.054887],[137.72473,-35.053743],[137.728483,-35.052138],[137.726944,-35.049546],[137.727681,-35.047581],[137.733807,-35.044159],[137.742971,-35.042076],[137.758366,-35.044883],[137.76399,-35.040599],[137.764459,-35.034607],[137.761469,-35.02547],[137.761144,-35.0109],[137.758769,-35.006187],[137.757304,-34.99657],[137.763639,-34.979736],[137.770172,-34.966581],[137.774787,-34.961321],[137.773823,-34.959347],[137.784055,-34.947036],[137.783955,-34.93988],[137.785339,-34.934601],[137.789145,-34.929984],[137.788382,-34.926864],[137.79029,-34.922297],[137.805024,-34.912187],[137.798719,-34.909225],[137.796073,-34.906192],[137.797155,-34.903458],[137.795519,-34.894177],[137.800063,-34.877546],[137.805483,-34.869342],[137.807345,-34.861298],[137.811012,-34.856471],[137.813463,-34.849234],[137.823939,-34.837129],[137.825576,-34.826191],[137.831148,-34.816578],[137.8317,-34.812719],[137.849606,-34.796836],[137.853894,-34.789186],[137.865023,-34.777911],[137.860844,-34.776837],[137.857788,-34.7712],[137.858901,-34.767628],[137.864947,-34.76608],[137.862422,-34.761596],[137.867449,-34.745092],[137.867096,-34.738823],[137.869997,-34.725906],[137.868851,-34.722633],[137.873991,-34.711037],[137.877198,-34.707928],[137.877076,-34.701171],[137.880758,-34.695263],[137.87681,-34.66841],[137.881959,-34.662104],[137.886448,-34.649872],[137.886138,-34.646192],[137.896245,-34.639564],[137.900887,-34.634006],[137.901923,-34.62199],[137.907676,-34.615868],[137.885896,-34.608982],[137.879368,-34.603694],[137.875809,-34.597683],[137.876416,-34.580961],[137.884546,-34.567208],[137.883219,-34.563604],[137.883367,-34.553326],[137.886146,-34.544157],[137.885304,-34.524309],[137.887333,-34.51933],[137.885438,-34.515675],[137.887583,-34.507362],[137.890187,-34.502641],[137.898839,-34.493836],[137.897271,-34.489411],[137.89872,-34.481185],[137.901061,-34.476198],[137.90493,-34.472911],[137.905116,-34.468327],[137.910779,-34.458601],[137.91077,-34.448675],[137.916797,-34.436944],[137.915975,-34.430805],[137.917537,-34.428156],[137.947937,-34.396989],[137.986405,-34.369624],[138.007096,-34.349032],[138.007837,-34.342965],[138.013635,-34.331884],[138.014177,-34.328178],[138.012737,-34.326044],[138.015227,-34.324063],[138.014571,-34.318451],[138.017222,-34.314379],[138.015917,-34.308946],[138.021736,-34.28507],[138.001503,-34.261606],[138.005358,-34.244281],[138.012688,-34.23102],[138.029348,-34.221086],[138.028035,-34.219513],[138.03118,-34.207835],[138.030817,-34.203031],[138.037403,-34.185334],[138.046024,-34.170793],[138.05424,-34.165312],[138.061601,-34.152581],[138.065145,-34.149808],[138.068185,-34.140875],[138.077415,-34.133551],[138.089975,-34.13238],[138.103268,-34.139627],[138.105728,-34.143146],[138.106892,-34.151269],[138.114331,-34.156671],[138.119283,-34.164414],[138.122963,-34.165916],[138.123236,-34.169059],[138.126016,-34.170233],[138.125835,-34.172356],[138.13031,-34.175355],[138.133941,-34.183129],[138.135683,-34.18326],[138.13583,-34.187888],[138.137993,-34.187443],[138.145989,-34.191586],[138.15896,-34.208799],[138.158833,-34.214511],[138.161292,-34.216245],[138.163553,-34.216135],[138.16407,-34.220456],[138.165703,-34.221954],[138.163236,-34.223348],[138.165919,-34.227179],[138.165286,-34.230815],[138.166838,-34.23214],[138.165148,-34.2343],[138.168486,-34.234765],[138.166451,-34.241073],[138.165046,-34.243474],[138.164981,-34.249012],[138.162339,-34.253129],[138.162397,-34.256164],[138.155307,-34.260975],[138.153898,-34.2592],[138.148682,-34.259977],[138.146065,-34.263429],[138.146203,-34.265618],[138.149529,-34.269546],[138.158879,-34.272371],[138.168558,-34.270105],[138.176958,-34.27163],[138.177801,-34.270141],[138.18469,-34.269633],[138.192401,-34.272173],[138.197584,-34.27715],[138.207164,-34.294039],[138.222353,-34.310004],[138.22694,-34.322608],[138.226989,-34.329612],[138.230858,-34.343908],[138.225222,-34.365908],[138.240193,-34.385744],[138.246978,-34.400897],[138.249487,-34.413617],[138.256963,-34.430202],[138.259592,-34.439819],[138.261585,-34.453436],[138.259976,-34.458692],[138.260112,-34.461534],[138.265632,-34.476802],[138.27228,-34.4829],[138.292021,-34.493175],[138.309216,-34.509051],[138.329703,-34.518109],[138.341267,-34.533269],[138.350439,-34.552712],[138.349516,-34.557529],[138.352521,-34.563136],[138.362136,-34.570478],[138.362038,-34.574496],[138.364664,-34.57479],[138.364309,-34.578149],[138.369061,-34.579584],[138.371445,-34.582114],[138.374052,-34.582369],[138.37422,-34.585006],[138.384336,-34.587807],[138.386873,-34.58965],[138.389217,-34.593703],[138.393946,-34.596917],[138.398692,-34.598486],[138.402367,-34.59767],[138.408432,-34.60026],[138.407795,-34.601436],[138.414224,-34.611499],[138.411779,-34.61324],[138.415877,-34.619971],[138.417935,-34.622098],[138.422155,-34.62005],[138.426467,-34.621629],[138.432957,-34.631105],[138.445781,-34.653393],[138.442785,-34.655395],[138.439711,-34.653553],[138.436243,-34.653886],[138.431874,-34.66289],[138.429835,-34.664253],[138.430262,-34.667742],[138.435127,-34.672009],[138.439172,-34.669537],[138.444655,-34.670494],[138.447071,-34.674013],[138.451464,-34.676114],[138.456268,-34.675616],[138.460846,-34.673378],[138.463483,-34.673504],[138.466767,-34.672001],[138.468565,-34.668964],[138.472075,-34.667273],[138.474046,-34.66366],[138.488692,-34.6584],[138.490518,-34.6562],[138.490021,-34.653266],[138.492389,-34.651167],[138.49197,-34.647424],[138.49985,-34.647279],[138.507619,-34.644329],[138.511329,-34.640988],[138.513902,-34.641357],[138.515413,-34.639557],[138.518697,-34.639591],[138.520026,-34.637123],[138.524346,-34.636672],[138.526573,-34.639663],[138.529465,-34.641335],[138.531425,-34.639445],[138.533329,-34.639698],[138.537902,-34.635282],[138.540868,-34.639793],[138.54445,-34.63931],[138.549078,-34.635351],[138.553667,-34.637928],[138.556195,-34.636931],[138.558493,-34.638764],[138.565014,-34.636076],[138.568943,-34.635256],[138.571677,-34.636044],[138.576135,-34.636031],[138.57691,-34.637876],[138.58212,-34.639083],[138.588108,-34.638066],[138.59052,-34.638999],[138.594056,-34.634611],[138.600037,-34.632656],[138.604049,-34.634103],[138.612154,-34.633701],[138.615917,-34.633049],[138.621373,-34.631256],[138.62577,-34.627381],[138.628867,-34.62736],[138.631647,-34.630675],[138.634913,-34.629604],[138.638384,-34.632047],[138.641557,-34.630939],[138.646277,-34.630572],[138.650385,-34.627723],[138.651681,-34.62507],[138.65799,-34.621745],[138.660173,-34.623641],[138.662047,-34.620318],[138.666695,-34.620067],[138.669195,-34.617537],[138.667055,-34.614523],[138.668202,-34.613105],[138.671056,-34.615657],[138.673833,-34.615407],[138.675354,-34.613965],[138.678396,-34.61365],[138.680426,-34.615592],[138.683945,-34.611934],[138.684394,-34.610522],[138.686235,-34.595716],[138.682444,-34.586545],[138.695786,-34.593168],[138.706003,-34.594654],[138.715503,-34.591793],[138.715442,-34.590974],[138.703304,-34.564963],[138.721897,-34.566806],[138.723546,-34.555939],[138.747465,-34.558248],[138.753088,-34.513687],[138.752861,-34.510068],[138.74649,-34.463696],[138.744114,-34.445325],[138.749334,-34.429217],[138.751753,-34.406572],[138.753651,-34.390775],[138.753845,-34.382067],[138.75529,-34.374515],[138.763629,-34.36499],[138.766988,-34.359608],[138.771472,-34.354983],[138.774445,-34.350491],[138.780737,-34.344092],[138.784659,-34.341442],[138.786484,-34.336705],[138.787386,-34.329515],[138.786482,-34.317968],[138.779426,-34.298285],[138.837019,-34.300597],[138.839684,-34.296578],[138.840843,-34.284004],[138.839295,-34.281121],[138.839434,-34.274165],[138.83833,-34.266202],[138.836708,-34.262875],[138.832722,-34.263969],[138.832689,-34.261009],[138.833842,-34.259761],[138.833333,-34.250317],[138.830943,-34.244285],[138.827813,-34.241123],[138.82722,-34.238284],[138.827879,-34.231227],[138.839001,-34.231692],[138.840806,-34.221068],[138.8319,-34.219702],[138.82859,-34.216699],[138.828292,-34.211774],[138.835813,-34.212423],[138.838376,-34.193493],[138.864763,-34.193541],[138.864812,-34.188302],[138.89033,-34.188414],[138.902944,-34.187563],[138.902922,-34.191924],[138.909206,-34.19101],[138.909126,-34.197818],[138.926944,-34.198011],[138.965402,-34.19339],[138.971604,-34.193639],[138.970422,-34.197949],[138.96583,-34.201831],[138.972809,-34.218296],[138.975276,-34.226077],[138.975287,-34.228786],[138.978141,-34.252767],[138.978954,-34.254835],[138.983638,-34.253376],[138.987078,-34.25635],[138.9911,-34.254043],[138.993043,-34.254139],[138.995693,-34.256413],[138.997786,-34.255946],[138.9987,-34.252919],[139.001044,-34.248788],[139.004986,-34.244545],[139.00919,-34.243123],[139.009195,-34.245964],[139.01295,-34.245984],[139.014187,-34.244394],[139.018113,-34.242284],[139.019267,-34.244459],[139.022203,-34.244914],[139.026093,-34.242951],[139.030259,-34.242279],[139.039335,-34.242762],[139.043015,-34.242067],[139.044248,-34.244],[139.048545,-34.244786],[139.047893,-34.247751],[139.050151,-34.251963],[139.0485,-34.253553],[139.049498,-34.255743],[139.04822,-34.258145],[139.04821,-34.260721],[139.044892,-34.260909],[139.048663,-34.267331],[139.044309,-34.27025],[139.04152,-34.27468],[139.043339,-34.282236],[139.041883,-34.283931],[139.040413,-34.289557],[139.042763,-34.291047],[139.035832,-34.297145],[139.035099,-34.300596],[139.03589,-34.303387],[139.034166,-34.306653],[139.127389,-34.315023],[139.122285,-34.318137],[139.115753,-34.318859],[139.113225,-34.319959],[139.109597,-34.325299],[139.107785,-34.325389],[139.105038,-34.330029],[139.125411,-34.331923],[139.148175,-34.333695],[139.148467,-34.333025],[139.155835,-34.3352],[139.155522,-34.33283],[139.158487,-34.3319],[139.162756,-34.327119],[139.168305,-34.325749],[139.171574,-34.326907],[139.176641,-34.324909],[139.18073,-34.324179],[139.190257,-34.321361],[139.191445,-34.320657],[139.199639,-34.312121],[139.209269,-34.310094],[139.214681,-34.31083],[139.215427,-34.310227],[139.242627,-34.302152],[139.256774,-34.298221],[139.264374,-34.295832],[139.26424,-34.319365],[139.332474,-34.319427],[139.350784,-34.319345],[139.350956,-34.258923],[139.351096,-34.209184],[139.358038,-34.175439],[139.35795,-34.146333],[139.35672,-34.126099],[139.356802,-34.095589],[139.356602,-34.015742],[139.356489,-33.971436],[139.35627,-33.970702],[139.356046,-33.885671],[139.355826,-33.803014],[139.365421,-33.803037],[139.47107,-33.80229],[139.575299,-33.801464],[139.624797,-33.801134],[139.624794,-33.801315],[139.699768,-33.800777],[139.699584,-33.819142],[139.699738,-33.824852],[139.699574,-33.841065],[139.699727,-33.846969],[139.699921,-33.875194],[139.857077,-33.875317],[139.857232,-33.943622],[139.980037,-33.944311],[140.053206,-33.944663],[140.156805,-33.945086],[140.215927,-33.945289],[140.2161,-34.005623],[140.374777,-34.004683],[140.373676,-33.310387],[141.002391,-33.31116]]],[[[136.204543,-35.052982],[136.202247,-35.051224],[136.199178,-35.052718],[136.196296,-35.051294],[136.192501,-35.044324],[136.192375,-35.039935],[136.194769,-35.034638],[136.192482,-35.033671],[136.19305,-35.030953],[136.191161,-35.029363],[136.189614,-35.023191],[136.194451,-35.015869],[136.189617,-35.010463],[136.189708,-35.004449],[136.188339,-35.004148],[136.185873,-35.007602],[136.176086,-35.005754],[136.169917,-35.0015],[136.168623,-34.997539],[136.165136,-34.997142],[136.162863,-34.993812],[136.157768,-34.993564],[136.149943,-34.987895],[136.141471,-34.97883],[136.132835,-34.966136],[136.129238,-34.956913],[136.129531,-34.952374],[136.123899,-34.950078],[136.121569,-34.947217],[136.116818,-34.946345],[136.107292,-34.93245],[136.103715,-34.932639],[136.098166,-34.940113],[136.094446,-34.940711],[136.091929,-34.938943],[136.090837,-34.94144],[136.082766,-34.94543],[136.078739,-34.952161],[136.082093,-34.955443],[136.086457,-34.954302],[136.089183,-34.956008],[136.085009,-34.959691],[136.084155,-34.966901],[136.089563,-34.968856],[136.101422,-34.966732],[136.109902,-34.96874],[136.110501,-34.975601],[136.111885,-34.977026],[136.117146,-34.978413],[136.117362,-34.980515],[136.121861,-34.983589],[136.137927,-34.991818],[136.147497,-34.999528],[136.147976,-35.001459],[136.15347,-35.003159],[136.156605,-35.006405],[136.157416,-35.008925],[136.155686,-35.011566],[136.158527,-35.01435],[136.157153,-35.017343],[136.159193,-35.020844],[136.152883,-35.024935],[136.147379,-35.024756],[136.146785,-35.026593],[136.154128,-35.034776],[136.151321,-35.035643],[136.153412,-35.038224],[136.152088,-35.039744],[136.155826,-35.040679],[136.15439,-35.044438],[136.155786,-35.047198],[136.161903,-35.051198],[136.163326,-35.05516],[136.1679,-35.05881],[136.171574,-35.057859],[136.176914,-35.061493],[136.179035,-35.058969],[136.178127,-35.054675],[136.184423,-35.055772],[136.187012,-35.052372],[136.1894,-35.052299],[136.200019,-35.06541],[136.203292,-35.064073],[136.202433,-35.05619],[136.204543,-35.052982]]],[[[134.547712,-33.721029],[134.547198,-33.718855],[134.537786,-33.712614],[134.534917,-33.704887],[134.535687,-33.699336],[134.53143,-33.692626],[134.531442,-33.688156],[134.529112,-33.685307],[134.527562,-33.677685],[134.520745,-33.678646],[134.513194,-33.683369],[134.50117,-33.686902],[134.497307,-33.684882],[134.491434,-33.690789],[134.483397,-33.694013],[134.476131,-33.694166],[134.473889,-33.690658],[134.471997,-33.690427],[134.468785,-33.694066],[134.471659,-33.697071],[134.471049,-33.701608],[134.466136,-33.7052],[134.46867,-33.715606],[134.465338,-33.724516],[134.468266,-33.728919],[134.467848,-33.733433],[134.461282,-33.740071],[134.453848,-33.740567],[134.458137,-33.750746],[134.450851,-33.760178],[134.450374,-33.766067],[134.446961,-33.772204],[134.44822,-33.77358],[134.45176,-33.773401],[134.460524,-33.767361],[134.463733,-33.767732],[134.487905,-33.747729],[134.496082,-33.745812],[134.493616,-33.743701],[134.506859,-33.731515],[134.507195,-33.72929],[134.503397,-33.72787],[134.506727,-33.723013],[134.510794,-33.723904],[134.517925,-33.717899],[134.523174,-33.722037],[134.526666,-33.720066],[134.530803,-33.725402],[134.531845,-33.719506],[134.534632,-33.71841],[134.540179,-33.719222],[134.541414,-33.722147],[134.545716,-33.724571],[134.54714,-33.724264],[134.547712,-33.721029]]],[[[133.674016,-32.2326],[133.668074,-32.230936],[133.655351,-32.232176],[133.630945,-32.2406],[133.623823,-32.239292],[133.597848,-32.259295],[133.581729,-32.268444],[133.575764,-32.267851],[133.579062,-32.265288],[133.582639,-32.2613],[133.58256,-32.258526],[133.585665,-32.254237],[133.579643,-32.254016],[133.567216,-32.266873],[133.559126,-32.262531],[133.555847,-32.264908],[133.550914,-32.263677],[133.548171,-32.266397],[133.550501,-32.267756],[133.551372,-32.273134],[133.540236,-32.279],[133.540698,-32.28086],[133.543829,-32.282023],[133.54468,-32.297657],[133.550615,-32.303848],[133.549729,-32.308098],[133.556725,-32.307886],[133.560259,-32.310683],[133.563275,-32.317087],[133.567131,-32.31617],[133.572989,-32.319107],[133.573436,-32.316865],[133.58073,-32.313261],[133.579271,-32.310825],[133.580315,-32.306581],[133.590655,-32.306156],[133.593927,-32.304088],[133.597443,-32.304989],[133.600296,-32.307921],[133.607849,-32.301183],[133.608021,-32.293675],[133.611962,-32.282841],[133.616036,-32.278751],[133.628394,-32.27136],[133.619213,-32.273739],[133.615093,-32.270341],[133.610463,-32.262823],[133.614344,-32.256815],[133.622163,-32.250942],[133.635649,-32.244776],[133.635989,-32.243284],[133.647558,-32.239484],[133.64977,-32.238401],[133.674016,-32.2326]]],[[[137.381767,-34.497301],[137.378254,-34.493205],[137.376315,-34.492536],[137.376719,-34.485957],[137.373221,-34.48247],[137.376167,-34.474763],[137.374861,-34.468847],[137.363493,-34.462455],[137.361215,-34.463002],[137.361047,-34.468645],[137.35676,-34.470324],[137.356576,-34.475597],[137.354018,-34.47606],[137.352999,-34.47932],[137.349684,-34.479485],[137.35005,-34.481809],[137.344182,-34.487249],[137.339705,-34.487027],[137.338346,-34.488509],[137.339093,-34.493372],[137.337657,-34.493823],[137.33921,-34.498197],[137.337278,-34.499298],[137.339667,-34.501633],[137.339371,-34.506336],[137.342033,-34.509108],[137.34134,-34.520462],[137.342736,-34.523234],[137.340776,-34.524345],[137.340983,-34.52633],[137.348913,-34.528199],[137.351512,-34.534103],[137.357943,-34.529348],[137.36523,-34.529483],[137.366732,-34.527598],[137.365292,-34.5238],[137.368308,-34.519768],[137.371478,-34.505908],[137.375861,-34.500038],[137.381767,-34.497301]]],[[[135.953064,-34.723721],[135.949407,-34.722312],[135.948006,-34.715372],[135.946103,-34.713307],[135.941591,-34.713638],[135.939865,-34.711598],[135.940868,-34.707289],[135.93925,-34.705366],[135.939096,-34.699065],[135.942912,-34.6943],[135.939754,-34.692164],[135.938574,-34.687447],[135.932934,-34.685563],[135.931376,-34.681],[135.921373,-34.683079],[135.918286,-34.679296],[135.917874,-34.672936],[135.916855,-34.673059],[135.913644,-34.677809],[135.913468,-34.683829],[135.915534,-34.690507],[135.911382,-34.695469],[135.91808,-34.697824],[135.923401,-34.701869],[135.921194,-34.7132],[135.927031,-34.717556],[135.926556,-34.72156],[135.9317,-34.725371],[135.929202,-34.728354],[135.929026,-34.732851],[135.937263,-34.719738],[135.942558,-34.721064],[135.948246,-34.726709],[135.953064,-34.723721]]],[[[136.494745,-35.166642],[136.492285,-35.163927],[136.494139,-35.161865],[136.493034,-35.159787],[136.470723,-35.149981],[136.461984,-35.142919],[136.457435,-35.135751],[136.453057,-35.138398],[136.453826,-35.144714],[136.450074,-35.148126],[136.445876,-35.147291],[136.441521,-35.148699],[136.442773,-35.15172],[136.441829,-35.157073],[136.453071,-35.166073],[136.460652,-35.165256],[136.463613,-35.162361],[136.471305,-35.164502],[136.472807,-35.167663],[136.48025,-35.169709],[136.485853,-35.175995],[136.489641,-35.176526],[136.491699,-35.175498],[136.493513,-35.166855],[136.494745,-35.166642]]],[[[133.31106,-32.510458],[133.309696,-32.507744],[133.31093,-32.503528],[133.307644,-32.502449],[133.310109,-32.499284],[133.307461,-32.497878],[133.301039,-32.50328],[133.292226,-32.502113],[133.285382,-32.496333],[133.289292,-32.492241],[133.288553,-32.490551],[133.281379,-32.495375],[133.277293,-32.494564],[133.27591,-32.496179],[133.270993,-32.496026],[133.267768,-32.50049],[133.269543,-32.502497],[133.277769,-32.504211],[133.281366,-32.510229],[133.283384,-32.511092],[133.282147,-32.515435],[133.278357,-32.515897],[133.277379,-32.517608],[133.279079,-32.519144],[133.287642,-32.517276],[133.288625,-32.51891],[133.285213,-32.524426],[133.287616,-32.528476],[133.292136,-32.524274],[133.304489,-32.521998],[133.3048,-32.520695],[133.301944,-32.5186],[133.303425,-32.515313],[133.31106,-32.510458]]],[[[133.857517,-32.387572],[133.851692,-32.380543],[133.845088,-32.380727],[133.837308,-32.375093],[133.837098,-32.372551],[133.832079,-32.371616],[133.826223,-32.368732],[133.825543,-32.366382],[133.811239,-32.362603],[133.806824,-32.358104],[133.813136,-32.358491],[133.814528,-32.355451],[133.797492,-32.354348],[133.788077,-32.358797],[133.794227,-32.36363],[133.804873,-32.365358],[133.819651,-32.376303],[133.839277,-32.378961],[133.849719,-32.385588],[133.857517,-32.387572]]],[[[136.359081,-34.663813],[136.353662,-34.658829],[136.355779,-34.656552],[136.35365,-34.653671],[136.344605,-34.650539],[136.335367,-34.650841],[136.329893,-34.658364],[136.32951,-34.662661],[136.333491,-34.666062],[136.333706,-34.668067],[136.342025,-34.673559],[136.342081,-34.679945],[136.344484,-34.682606],[136.347925,-34.681648],[136.34421,-34.675495],[136.345884,-34.671253],[136.350346,-34.669201],[136.352204,-34.665154],[136.358049,-34.66507],[136.359081,-34.663813]]],[[[136.305585,-34.505339],[136.302364,-34.502021],[136.295289,-34.50252],[136.293919,-34.505531],[136.288689,-34.507806],[136.283834,-34.503517],[136.279936,-34.50389],[136.278367,-34.507482],[136.279656,-34.511019],[136.276584,-34.518696],[136.278066,-34.523321],[136.275747,-34.526958],[136.276905,-34.535771],[136.270571,-34.542143],[136.271294,-34.54629],[136.274889,-34.549303],[136.283823,-34.548292],[136.284923,-34.544797],[136.28375,-34.540577],[136.280781,-34.540601],[136.278582,-34.537655],[136.281205,-34.530539],[136.287571,-34.530193],[136.283635,-34.52641],[136.285649,-34.523762],[136.282634,-34.520815],[136.284472,-34.515536],[136.293976,-34.506636],[136.296922,-34.505604],[136.302758,-34.507339],[136.305585,-34.505339]]],[[[134.813047,-33.594473],[134.809605,-33.59079],[134.805619,-33.595385],[134.791621,-33.59233],[134.787505,-33.593555],[134.78366,-33.591748],[134.781262,-33.594055],[134.776026,-33.595175],[134.776622,-33.598014],[134.77988,-33.600518],[134.787419,-33.599252],[134.793128,-33.603545],[134.802138,-33.606137],[134.806786,-33.610433],[134.809595,-33.608193],[134.806604,-33.605374],[134.808594,-33.598635],[134.813047,-33.594473]]],[[[133.530754,-32.304941],[133.528538,-32.302674],[133.521868,-32.303453],[133.520424,-32.30078],[133.51499,-32.301266],[133.50487,-32.307017],[133.502473,-32.312595],[133.503481,-32.315779],[133.501381,-32.318356],[133.506674,-32.319192],[133.517391,-32.315223],[133.522203,-32.313005],[133.524131,-32.310087],[133.527855,-32.309144],[133.530754,-32.304941]]],[[[136.014585,-34.882591],[136.012849,-34.879725],[136.014474,-34.876052],[136.012409,-34.866545],[136.008219,-34.865101],[136.000859,-34.872548],[136.000885,-34.880386],[136.005468,-34.884627],[136.006878,-34.889472],[136.010196,-34.891351],[136.012886,-34.889928],[136.014585,-34.882591]]],[[[133.654949,-32.451097],[133.650812,-32.449973],[133.647743,-32.452973],[133.642212,-32.453987],[133.638072,-32.451774],[133.637553,-32.44988],[133.634055,-32.449993],[133.627319,-32.45215],[133.625508,-32.457157],[133.627942,-32.459022],[133.63094,-32.457258],[133.634356,-32.461969],[133.639648,-32.463219],[133.641802,-32.461122],[133.648588,-32.460671],[133.653341,-32.455461],[133.654949,-32.451097]]],[[[133.68352,-32.440256],[133.678505,-32.434352],[133.669125,-32.43642],[133.669961,-32.438628],[133.668291,-32.442503],[133.661571,-32.443995],[133.661147,-32.447874],[133.656459,-32.450798],[133.657978,-32.451481],[133.657781,-32.454898],[133.661024,-32.455189],[133.670858,-32.447284],[133.677703,-32.446695],[133.678092,-32.443662],[133.682365,-32.442794],[133.68352,-32.440256]]],[[[135.960402,-34.583104],[135.957582,-34.581322],[135.958984,-34.575077],[135.955741,-34.56956],[135.952828,-34.56779],[135.94614,-34.568367],[135.946066,-34.574734],[135.953791,-34.583713],[135.951844,-34.587501],[135.952445,-34.593633],[135.954514,-34.593427],[135.958854,-34.58895],[135.958535,-34.585703],[135.960402,-34.583104]]],[[[136.07329,-35.227574],[136.070411,-35.226448],[136.068015,-35.222671],[136.063705,-35.222945],[136.061427,-35.224674],[136.061512,-35.226899],[136.058125,-35.229412],[136.055516,-35.235491],[136.060124,-35.237929],[136.07102,-35.238131],[136.072638,-35.234809],[136.068249,-35.229142],[136.07329,-35.227574]]],[[[135.983063,-35.033605],[135.981348,-35.029398],[135.981591,-35.024533],[135.9789,-35.019936],[135.974324,-35.027879],[135.96746,-35.021579],[135.965616,-35.022049],[135.967982,-35.028915],[135.967494,-35.032135],[135.97409,-35.037425],[135.977629,-35.034656],[135.983063,-35.033605]]],[[[133.298957,-32.557689],[133.297784,-32.556122],[133.289635,-32.558052],[133.28722,-32.556315],[133.286832,-32.553449],[133.283701,-32.554077],[133.281962,-32.557351],[133.282628,-32.559509],[133.286041,-32.560269],[133.28604,-32.564128],[133.276349,-32.562254],[133.275341,-32.565373],[133.281219,-32.568351],[133.291466,-32.567595],[133.290094,-32.564389],[133.294668,-32.562913],[133.295966,-32.559223],[133.298957,-32.557689]]],[[[134.681829,-33.209077],[134.680315,-33.209476],[134.678297,-33.204048],[134.67076,-33.202427],[134.673063,-33.208548],[134.668257,-33.209408],[134.666282,-33.212756],[134.6684,-33.216814],[134.676802,-33.216999],[134.676496,-33.215054],[134.681829,-33.209077]]],[[[136.069964,-34.963205],[136.066101,-34.958088],[136.059975,-34.957347],[136.050632,-34.96822],[136.052041,-34.971017],[136.059879,-34.968078],[136.065474,-34.96833],[136.066433,-34.965462],[136.069964,-34.963205]]],[[[135.626348,-34.982236],[135.623448,-34.97937],[135.61736,-34.980197],[135.61899,-34.984498],[135.617469,-34.986136],[135.617181,-34.994468],[135.61962,-34.997794],[135.623802,-34.993919],[135.626348,-34.982236]]],[[[133.487094,-32.371168],[133.484982,-32.368784],[133.477016,-32.370624],[133.478144,-32.374423],[133.47536,-32.37641],[133.476524,-32.377654],[133.47563,-32.381062],[133.482073,-32.383747],[133.485192,-32.380479],[133.484728,-32.37318],[133.487094,-32.371168]]],[[[133.381918,-32.394747],[133.379038,-32.392402],[133.375825,-32.393765],[133.367743,-32.393433],[133.369148,-32.398723],[133.366277,-32.39829],[133.366691,-32.402932],[133.375709,-32.402961],[133.377667,-32.397305],[133.381918,-32.394747]]],[[[134.279584,-32.680022],[134.275302,-32.677206],[134.27497,-32.674265],[134.270634,-32.676476],[134.261177,-32.67435],[134.259737,-32.678381],[134.260951,-32.679653],[134.268456,-32.68015],[134.27046,-32.682371],[134.276989,-32.681797],[134.279584,-32.680022]]],[[[136.325581,-34.592112],[136.321941,-34.589332],[136.31432,-34.588934],[136.309744,-34.589455],[136.306493,-34.593872],[136.312276,-34.593516],[136.321734,-34.596445],[136.325581,-34.592112]]],[[[136.867216,-35.37131],[136.866133,-35.368881],[136.862183,-35.368896],[136.860653,-35.365574],[136.855381,-35.367544],[136.85435,-35.371055],[136.856912,-35.372713],[136.856329,-35.377247],[136.858413,-35.378187],[136.861901,-35.377562],[136.867216,-35.37131]]],[[[133.289921,-32.585392],[133.284988,-32.578711],[133.278767,-32.58109],[133.276318,-32.584805],[133.277725,-32.587301],[133.28109,-32.588816],[133.289921,-32.585392]]],[[[136.038216,-34.907363],[136.034741,-34.905083],[136.032156,-34.905921],[136.030823,-34.910743],[136.027228,-34.911999],[136.027948,-34.916969],[136.033578,-34.91776],[136.038216,-34.907363]]],[[[136.478795,-35.121014],[136.475164,-35.116862],[136.470527,-35.115655],[136.468345,-35.117392],[136.463796,-35.117424],[136.46769,-35.122358],[136.470716,-35.123155],[136.478795,-35.121014]]],[[[133.835456,-32.359889],[133.82707,-32.355687],[133.82885,-32.354131],[133.832352,-32.356886],[133.833515,-32.354136],[133.829955,-32.352285],[133.824579,-32.35182],[133.816229,-32.35472],[133.820027,-32.355333],[133.824421,-32.358985],[133.83002,-32.357698],[133.835456,-32.359889]]],[[[136.279752,-34.681504],[136.274855,-34.67596],[136.269503,-34.675634],[136.26689,-34.673204],[136.265722,-34.6803],[136.269174,-34.68333],[136.272825,-34.683506],[136.272547,-34.678971],[136.279752,-34.681504]]],[[[135.167546,-34.720538],[135.166261,-34.719236],[135.162447,-34.719485],[135.164722,-34.722389],[135.153779,-34.726179],[135.154769,-34.728324],[135.150502,-34.732377],[135.152313,-34.733678],[135.157834,-34.731797],[135.159339,-34.727368],[135.167546,-34.720538]]],[[[136.119326,-35.318899],[136.118255,-35.316887],[136.115237,-35.317893],[136.110048,-35.3243],[136.112354,-35.329679],[136.115267,-35.32952],[136.114424,-35.325012],[136.117902,-35.323462],[136.119326,-35.318899]]],[[[136.126465,-35.339949],[136.122828,-35.335167],[136.121159,-35.335943],[136.118271,-35.333833],[136.11484,-35.334512],[136.112764,-35.332415],[136.110972,-35.334771],[136.11441,-35.334963],[136.115038,-35.337955],[136.118239,-35.33984],[136.126465,-35.339949]]],[[[135.879386,-34.772873],[135.878974,-34.769951],[135.876629,-34.769691],[135.873242,-34.77192],[135.872866,-34.774651],[135.868463,-34.779114],[135.873995,-34.7784],[135.879386,-34.772873]]],[[[136.261023,-34.523453],[136.255668,-34.518996],[136.250769,-34.5222],[136.251925,-34.527025],[136.258219,-34.52596],[136.261023,-34.523453]]],[[[136.302508,-34.581832],[136.30157,-34.580519],[136.294399,-34.580189],[136.290894,-34.577682],[136.287196,-34.579376],[136.290438,-34.582242],[136.296678,-34.583861],[136.302508,-34.581832]]],[[[135.291993,-34.706201],[135.291393,-34.703506],[135.286532,-34.702784],[135.286265,-34.706356],[135.282797,-34.70818],[135.287141,-34.710244],[135.291993,-34.706201]]],[[[137.882543,-33.344839],[137.877785,-33.338507],[137.880195,-33.334165],[137.877387,-33.333929],[137.875347,-33.338151],[137.876286,-33.342428],[137.882543,-33.344839]]],[[[136.185876,-34.646672],[136.183693,-34.645067],[136.183156,-34.642622],[136.179822,-34.643005],[136.180123,-34.647575],[136.18391,-34.64953],[136.185876,-34.646672]]],[[[136.217079,-34.548813],[136.215926,-34.547135],[136.210793,-34.548202],[136.209052,-34.551397],[136.214224,-34.553026],[136.217079,-34.548813]]],[[[133.337089,-32.489682],[133.334936,-32.487513],[133.336691,-32.483746],[133.330498,-32.484113],[133.332211,-32.489646],[133.337089,-32.489682]]],[[[134.766644,-33.595358],[134.757043,-33.59242],[134.752033,-33.593338],[134.76159,-33.596559],[134.766644,-33.595358]]],[[[135.046742,-34.753859],[135.044559,-34.752483],[135.038177,-34.759136],[135.04513,-34.75758],[135.046742,-34.753859]]],[[[136.835304,-35.216091],[136.83232,-35.212796],[136.827486,-35.212255],[136.828423,-35.215732],[136.832414,-35.217591],[136.835304,-35.216091]]],[[[133.320267,-32.472663],[133.317797,-32.469793],[133.313233,-32.477272],[133.316959,-32.476326],[133.320267,-32.472663]]],[[[135.03228,-34.77139],[135.031441,-34.767278],[135.027976,-34.775138],[135.030654,-34.777097],[135.03228,-34.77139]]],[[[136.259565,-34.59309],[136.250787,-34.593648],[136.248601,-34.596957],[136.254406,-34.597183],[136.259565,-34.59309]]],[[[135.336771,-34.698603],[135.3294,-34.699734],[135.327212,-34.701352],[135.331974,-34.702786],[135.336098,-34.700529],[135.336771,-34.698603]]],[[[136.287252,-34.48934],[136.282098,-34.486958],[136.279367,-34.487516],[136.285193,-34.492215],[136.287252,-34.48934]]],[[[133.255582,-32.50857],[133.253681,-32.506883],[133.249224,-32.510237],[133.252297,-32.513377],[133.255582,-32.50857]]],[[[136.031002,-34.984245],[136.030146,-34.980197],[136.027921,-34.979348],[136.026505,-34.982769],[136.027237,-34.986495],[136.029839,-34.986887],[136.031002,-34.984245]]],[[[135.875095,-34.942327],[135.874048,-34.940616],[135.867763,-34.945769],[135.868518,-34.949001],[135.872615,-34.946594],[135.875095,-34.942327]]],[[[135.037053,-34.783018],[135.036388,-34.781547],[135.032491,-34.780986],[135.030258,-34.783972],[135.033943,-34.785212],[135.037053,-34.783018]]],[[[133.774858,-32.361983],[133.759495,-32.364365],[133.76172,-32.3655],[133.774858,-32.361983]]],[[[134.28866,-33.743971],[134.282179,-33.73873],[134.284269,-33.744647],[134.286516,-33.745318],[134.28866,-33.743971]]],[[[136.085074,-35.22678],[136.081129,-35.224698],[136.076235,-35.22714],[136.076736,-35.228364],[136.085074,-35.22678]]],[[[134.616889,-33.716332],[134.612376,-33.712239],[134.609537,-33.713474],[134.611849,-33.716964],[134.616889,-33.716332]]],[[[135.986458,-34.604859],[135.983904,-34.604739],[135.981813,-34.609328],[135.985065,-34.60905],[135.986458,-34.604859]]],[[[134.609439,-33.170383],[134.605292,-33.168435],[134.599501,-33.169605],[134.602835,-33.171037],[134.609439,-33.170383]]],[[[135.874919,-34.934637],[135.873252,-34.933775],[135.870994,-34.939143],[135.874388,-34.939783],[135.874919,-34.934637]]],[[[134.286671,-33.079146],[134.282447,-33.079715],[134.281772,-33.082069],[134.28555,-33.083425],[134.286671,-33.079146]]],[[[133.970854,-32.720361],[133.96905,-32.719016],[133.965573,-32.722652],[133.969092,-32.723528],[133.970854,-32.720361]]],[[[136.261715,-34.542002],[136.259686,-34.540423],[136.257129,-34.544259],[136.260129,-34.544485],[136.261715,-34.542002]]],[[[136.370133,-34.647967],[136.368698,-34.645171],[136.365714,-34.645838],[136.366275,-34.648445],[136.370133,-34.647967]]],[[[137.521864,-34.005977],[137.507924,-34.009104],[137.51335,-34.009193],[137.521864,-34.005977]]],[[[137.542855,-33.984006],[137.531902,-33.980532],[137.532653,-33.982887],[137.535138,-33.984107],[137.542855,-33.984006]]],[[[134.628342,-33.182486],[134.625683,-33.179258],[134.622885,-33.179347],[134.623842,-33.182507],[134.628342,-33.182486]]],[[[134.368262,-33.183516],[134.365986,-33.18299],[134.36405,-33.187458],[134.366086,-33.187133],[134.368262,-33.183516]]],[[[133.134505,-32.643862],[133.131284,-32.643946],[133.131329,-32.648192],[133.132826,-32.648032],[133.134505,-32.643862]]],[[[133.311888,-32.48434],[133.309208,-32.483472],[133.307294,-32.486882],[133.310843,-32.486141],[133.311888,-32.48434]]],[[[136.033161,-34.956237],[136.03249,-34.954158],[136.030265,-34.953681],[136.030503,-34.957214],[136.033161,-34.956237]]],[[[133.695198,-32.433916],[133.692891,-32.432699],[133.690191,-32.437604],[133.695198,-32.433916]]],[[[133.347339,-32.481075],[133.346848,-32.478838],[133.343151,-32.480942],[133.343962,-32.482311],[133.347339,-32.481075]]]]},"bbox":[129.00134,-35.378187,141.002391,-25.996146]},
{"properties":{"electorateShortName":"hindmarsh","electorateName":"Hindmarsh","area":122.42,"state":"SA"},"type":"Feature","geometry":{"type":"MultiPolygon","coordinates":[[[[138.564539,-34.849757],[138.563811,-34.838794],[138.562756,-34.836587],[138.563365,-34.832749],[138.575357,-34.832104],[138.56627,-34.825305],[138.561471,-34.826549],[138.558473,-34.825161],[138.545732,-34.81061],[138.540695,-34.813132],[138.540331,-34.815441],[138.533039,-34.815146],[138.51616,-34.810835],[138.51636,-34.816505],[138.509575,-34.828072],[138.508541,-34.835876],[138.506739,-34.841257],[138.498257,-34.843806],[138.498947,-34.850612],[138.497114,-34.850552],[138.495542,-34.842118],[138.503274,-34.840852],[138.505872,-34.838453],[138.506326,-34.82632],[138.511546,-34.818085],[138.512092,-34.807273],[138.510296,-34.801181],[138.510594,-34.790777],[138.515749,-34.771573],[138.51369,-34.766567],[138.507004,-34.763389],[138.496325,-34.764612],[138.487623,-34.77059],[138.477997,-34.78294],[138.485446,-34.790504],[138.481691,-34.795753],[138.488394,-34.797054],[138.490256,-34.810966],[138.488512,-34.819798],[138.476742,-34.843713],[138.47606,-34.856766],[138.498198,-34.938993],[138.508578,-34.964393],[138.516625,-34.963928],[138.51906,-34.965182],[138.523044,-34.964975],[138.523287,-34.968296],[138.524921,-34.970933],[138.528408,-34.97083],[138.528667,-34.974147],[138.531955,-34.973779],[138.532418,-34.975615],[138.53778,-34.975938],[138.554992,-34.967237],[138.55194,-34.924615],[138.549069,-34.924752],[138.548111,-34.913281],[138.551311,-34.904528],[138.552095,-34.904467],[138.551042,-34.891327],[138.548261,-34.889165],[138.550774,-34.876668],[138.548395,-34.875225],[138.546715,-34.850583],[138.564539,-34.849757]]],[[[138.546309,-34.799042],[138.541282,-34.787312],[138.529523,-34.774156],[138.52175,-34.760124],[138.518133,-34.756868],[138.514615,-34.756904],[138.513522,-34.759487],[138.518938,-34.763234],[138.522502,-34.769668],[138.516103,-34.796182],[138.518591,-34.805594],[138.523699,-34.809017],[138.529285,-34.801922],[138.537991,-34.800077],[138.545146,-34.802006],[138.546309,-34.799042]]],[[[138.544082,-34.80611],[138.540294,-34.805248],[138.537721,-34.801407],[138.531174,-34.803385],[138.524303,-34.810078],[138.537055,-34.812005],[138.540391,-34.81075],[138.544082,-34.80611]]]]},"bbox":[138.47606,-34.975938,138.575357,-34.756868]},
{"properties":{"electorateShortName":"kingston","electorateName":"Kingston","area":165.67,"state":"SA"},"type":"Feature","geometry":{"type":"Polygon","coordinates":[[[138.461979,-35.247361],[138.481677,-35.246305],[138.48149,-35.243694],[138.494274,-35.243023],[138.492298,-35.217749],[138.490361,-35.214287],[138.49008,-35.211919],[138.491008,-35.206586],[138.497854,-35.206051],[138.50236,-35.200599],[138.503825,-35.200534],[138.503368,-35.19464],[138.500347,-35.191223],[138.495826,-35.188171],[138.494959,-35.185227],[138.500642,-35.18457],[138.504568,-35.182107],[138.503579,-35.177793],[138.50819,-35.178406],[138.513392,-35.174976],[138.517818,-35.174183],[138.520645,-35.17265],[138.520022,-35.168865],[138.525184,-35.169385],[138.527819,-35.16806],[138.529969,-35.168304],[138.529714,-35.165238],[138.535072,-35.162897],[138.535265,-35.161345],[138.538839,-35.161144],[138.542929,-35.163404],[138.548137,-35.164058],[138.551209,-35.159298],[138.553573,-35.158904],[138.557026,-35.161358],[138.564179,-35.161855],[138.566039,-35.158471],[138.569786,-35.158877],[138.572425,-35.157445],[138.575643,-35.159567],[138.579769,-35.160161],[138.579705,-35.156046],[138.582688,-35.155535],[138.583559,-35.151886],[138.587409,-35.151972],[138.588495,-35.149058],[138.586053,-35.148148],[138.587602,-35.146005],[138.590359,-35.146246],[138.593333,-35.144755],[138.596335,-35.141939],[138.599345,-35.141485],[138.601392,-35.142323],[138.605755,-35.140694],[138.605034,-35.134235],[138.602783,-35.133541],[138.586717,-35.134327],[138.585624,-35.132359],[138.587234,-35.125284],[138.587581,-35.121279],[138.593269,-35.11581],[138.594487,-35.106827],[138.589267,-35.102779],[138.588047,-35.100608],[138.585573,-35.099818],[138.585352,-35.096859],[138.591666,-35.096493],[138.591477,-35.094115],[138.597718,-35.094158],[138.597513,-35.090831],[138.603828,-35.089634],[138.609779,-35.086361],[138.61281,-35.087601],[138.619261,-35.08613],[138.621092,-35.082948],[138.622192,-35.078614],[138.625232,-35.076779],[138.627653,-35.072774],[138.62805,-35.068859],[138.622366,-35.066405],[138.625424,-35.064487],[138.619279,-35.060528],[138.616552,-35.05747],[138.616316,-35.055235],[138.612048,-35.054319],[138.609921,-35.050006],[138.603656,-35.047631],[138.602394,-35.049089],[138.598983,-35.049336],[138.596759,-35.045825],[138.590406,-35.041171],[138.587329,-35.040326],[138.586311,-35.037955],[138.584219,-35.036883],[138.578688,-35.036755],[138.577089,-35.037805],[138.571113,-35.03791],[138.572133,-35.034911],[138.570275,-35.03399],[138.565573,-35.029569],[138.56362,-35.029647],[138.563779,-35.026143],[138.562959,-35.023294],[138.558603,-35.026764],[138.556152,-35.032047],[138.560509,-35.03675],[138.559571,-35.040102],[138.560842,-35.042727],[138.560694,-35.046526],[138.559418,-35.050245],[138.559648,-35.053713],[138.526006,-35.055518],[138.523039,-35.056402],[138.518507,-35.056451],[138.514107,-35.057202],[138.509175,-35.059772],[138.505955,-35.059432],[138.503686,-35.056544],[138.49531,-35.07427],[138.495739,-35.0803],[138.493568,-35.084609],[138.480986,-35.094714],[138.471761,-35.109727],[138.467413,-35.121535],[138.46975,-35.140369],[138.466484,-35.144105],[138.466468,-35.147484],[138.468618,-35.151098],[138.469941,-35.164377],[138.46573,-35.167048],[138.465391,-35.173377],[138.470605,-35.203313],[138.470875,-35.211576],[138.467525,-35.219357],[138.46993,-35.239157],[138.467737,-35.2447],[138.462222,-35.245368],[138.461979,-35.247361]]]},"bbox":[138.461979,-35.247361,138.62805,-35.023294]},
{"properties":{"electorateShortName":"makin","electorateName":"Makin","area":162.4,"state":"SA"},"type":"Feature","geometry":{"type":"Polygon","coordinates":[[[138.78019,-34.767026],[138.778753,-34.76445],[138.77435,-34.760616],[138.77129,-34.759226],[138.769023,-34.756775],[138.768474,-34.753476],[138.77136,-34.745874],[138.770294,-34.743092],[138.771688,-34.739498],[138.775259,-34.736312],[138.775767,-34.734847],[138.771396,-34.734253],[138.767744,-34.738527],[138.765976,-34.743471],[138.762324,-34.743145],[138.76119,-34.744473],[138.755644,-34.744861],[138.756171,-34.748707],[138.751805,-34.749088],[138.751297,-34.745328],[138.750085,-34.743496],[138.746578,-34.743011],[138.744132,-34.741443],[138.739087,-34.742236],[138.737232,-34.740334],[138.738188,-34.73809],[138.736359,-34.735677],[138.730819,-34.736815],[138.72865,-34.740625],[138.722305,-34.746266],[138.722526,-34.751688],[138.720128,-34.755396],[138.715076,-34.755996],[138.711715,-34.755509],[138.709747,-34.75357],[138.707186,-34.755322],[138.705383,-34.752998],[138.703418,-34.753342],[138.701353,-34.755861],[138.695714,-34.753988],[138.690821,-34.755127],[138.685513,-34.75472],[138.680179,-34.755628],[138.678718,-34.754288],[138.676105,-34.758684],[138.655656,-34.781751],[138.647038,-34.791796],[138.607409,-34.767724],[138.602058,-34.769205],[138.596544,-34.769509],[138.593799,-34.771022],[138.591994,-34.773673],[138.591586,-34.776544],[138.592468,-34.779667],[138.590591,-34.781342],[138.585224,-34.78211],[138.580522,-34.784299],[138.575302,-34.788011],[138.572278,-34.786165],[138.550536,-34.786046],[138.551259,-34.788442],[138.551163,-34.793146],[138.553874,-34.797933],[138.552231,-34.800789],[138.549512,-34.801437],[138.547565,-34.809637],[138.558316,-34.822384],[138.56627,-34.825305],[138.575357,-34.832104],[138.563365,-34.832749],[138.562756,-34.836587],[138.563811,-34.838794],[138.564539,-34.849757],[138.577621,-34.849677],[138.582358,-34.848977],[138.617222,-34.847274],[138.623328,-34.847372],[138.63534,-34.846848],[138.690824,-34.843855],[138.705386,-34.842973],[138.709567,-34.840614],[138.720257,-34.839555],[138.725105,-34.840212],[138.725399,-34.838323],[138.729803,-34.837421],[138.7315,-34.840716],[138.733791,-34.84273],[138.738412,-34.8402],[138.744929,-34.841323],[138.747028,-34.840674],[138.746168,-34.836968],[138.748627,-34.833954],[138.750427,-34.828628],[138.753844,-34.823008],[138.756098,-34.821073],[138.75282,-34.819623],[138.753518,-34.81748],[138.749021,-34.814462],[138.750269,-34.811233],[138.750851,-34.806979],[138.753271,-34.804113],[138.758361,-34.801018],[138.759915,-34.79609],[138.761808,-34.793197],[138.758651,-34.785649],[138.754659,-34.783292],[138.763526,-34.778569],[138.766113,-34.778175],[138.768021,-34.780351],[138.771216,-34.776911],[138.772941,-34.773503],[138.771673,-34.771546],[138.77473,-34.769065],[138.78019,-34.767026]]]},"bbox":[138.547565,-34.849757,138.78019,-34.734253]},
{"properties":{"electorateShortName":"mayo","electorateName":"Mayo","area":9135.12,"state":"SA"},"type":"Feature","geometry":{"type":"MultiPolygon","coordinates":[[[[138.886927,-35.558906],[138.891839,-35.557762],[138.896313,-35.558481],[138.901461,-35.557531],[138.904379,-35.554983],[138.910302,-35.556952],[138.914733,-35.559429],[138.916443,-35.561185],[138.920034,-35.561916],[138.923923,-35.559218],[138.927834,-35.559063],[138.929045,-35.561577],[138.933283,-35.561753],[138.934042,-35.557295],[138.936299,-35.555432],[138.942471,-35.556075],[138.948072,-35.553075],[138.954785,-35.551081],[138.962049,-35.546816],[138.966169,-35.541798],[138.965892,-35.537377],[138.96684,-35.529378],[138.981025,-35.518259],[138.984371,-35.518734],[138.986404,-35.520118],[138.989648,-35.518869],[138.99168,-35.515891],[139.001369,-35.513158],[139.006917,-35.512766],[139.011125,-35.514701],[139.017492,-35.514921],[139.020699,-35.513821],[139.021523,-35.512237],[139.025332,-35.512302],[139.029754,-35.514046],[139.03377,-35.51312],[139.039542,-35.507556],[139.04138,-35.50508],[139.046729,-35.500949],[139.144709,-35.471704],[139.150775,-35.374659],[139.153896,-35.32535],[139.153863,-35.324322],[139.158312,-35.253485],[139.155585,-35.252645],[139.11146,-35.234088],[139.107617,-35.232366],[139.090615,-35.218926],[139.086072,-35.216629],[139.068108,-35.215307],[139.066437,-35.214865],[139.066698,-35.192527],[139.066687,-35.165936],[139.04365,-35.15015],[139.038078,-35.146122],[139.038793,-35.144248],[139.036648,-35.140621],[139.033507,-35.142218],[139.031191,-35.141588],[139.027421,-35.13878],[139.027356,-35.136597],[139.030116,-35.130569],[139.033144,-35.129527],[139.036897,-35.120811],[139.040733,-35.117723],[139.04403,-35.111613],[139.043852,-35.10869],[139.041934,-35.106799],[139.040392,-35.100833],[139.041688,-35.096559],[139.037744,-35.096167],[139.036679,-35.095033],[139.038329,-35.092758],[139.039187,-35.089417],[139.037558,-35.087567],[139.037974,-35.084355],[139.034996,-35.082553],[139.035971,-35.077692],[139.031967,-35.073983],[139.034394,-35.068826],[139.031458,-35.066845],[139.033632,-35.064746],[139.03102,-35.063517],[139.029078,-35.060404],[139.030357,-35.057266],[139.030548,-35.053491],[139.031539,-35.051758],[139.02951,-35.048611],[139.031796,-35.046018],[139.032892,-35.042781],[139.032989,-35.037172],[139.031084,-35.033321],[139.033429,-35.027363],[139.036571,-35.024544],[139.03738,-35.021137],[139.036824,-35.015766],[139.037553,-35.013434],[139.034882,-35.011701],[139.035895,-35.009604],[139.033954,-35.007773],[139.031236,-35.001844],[139.034902,-34.999073],[139.034074,-34.996142],[139.036738,-34.995275],[139.035151,-34.990886],[139.036519,-34.988653],[139.036917,-34.984096],[139.040541,-34.979077],[139.041161,-34.976666],[139.03938,-34.973388],[139.036452,-34.973526],[139.03495,-34.97072],[139.035769,-34.968764],[139.030257,-34.966607],[139.027696,-34.963022],[139.028227,-34.956885],[139.026035,-34.954714],[139.019372,-34.952625],[139.020385,-34.948833],[139.034957,-34.928687],[138.975208,-34.8949],[138.977665,-34.89163],[138.978134,-34.888276],[138.980012,-34.885749],[138.980761,-34.882973],[138.977132,-34.87837],[138.989425,-34.879003],[138.993324,-34.873558],[138.998926,-34.872736],[138.999043,-34.870121],[139.000892,-34.869828],[139.003827,-34.866909],[139.008523,-34.865581],[139.009075,-34.863681],[139.005413,-34.85822],[139.003061,-34.85687],[139.003917,-34.854697],[139.00191,-34.850872],[139.00569,-34.846932],[139.006916,-34.841273],[139.002976,-34.838525],[139.001475,-34.834427],[139.003422,-34.831229],[139.010199,-34.832343],[139.016283,-34.830971],[139.01913,-34.829347],[139.020842,-34.825779],[139.025074,-34.823358],[139.027407,-34.824998],[139.030687,-34.825193],[139.037326,-34.823293],[139.043574,-34.817193],[139.041774,-34.815338],[139.032714,-34.81089],[139.026911,-34.809829],[139.0216,-34.807485],[139.017542,-34.804627],[139.011238,-34.804146],[139.007496,-34.80211],[139.004581,-34.79914],[139.00478,-34.794065],[138.988073,-34.781386],[138.98808,-34.779468],[138.991086,-34.772277],[138.989422,-34.76976],[138.976951,-34.771425],[138.972456,-34.773414],[138.968466,-34.773453],[138.967229,-34.772406],[138.957392,-34.772915],[138.95183,-34.774582],[138.948101,-34.773129],[138.949522,-34.769128],[138.948565,-34.765403],[138.944017,-34.763536],[138.941905,-34.763468],[138.940667,-34.760821],[138.934342,-34.759466],[138.928028,-34.755628],[138.92924,-34.752708],[138.924226,-34.750444],[138.91959,-34.745022],[138.926849,-34.743768],[138.926642,-34.73471],[138.917461,-34.734708],[138.917484,-34.725582],[138.910074,-34.711241],[138.909409,-34.708276],[138.903451,-34.708054],[138.903769,-34.704757],[138.898079,-34.704891],[138.896334,-34.707484],[138.891769,-34.703243],[138.887929,-34.700579],[138.883365,-34.699945],[138.880715,-34.701254],[138.878684,-34.70082],[138.876239,-34.703525],[138.873105,-34.701372],[138.86752,-34.701508],[138.863426,-34.704268],[138.859883,-34.702896],[138.859758,-34.700713],[138.861909,-34.697395],[138.861939,-34.694908],[138.858655,-34.691888],[138.85492,-34.69173],[138.852213,-34.688326],[138.851313,-34.68522],[138.847693,-34.684426],[138.847549,-34.680538],[138.846939,-34.682323],[138.843385,-34.68518],[138.843026,-34.688084],[138.841335,-34.692938],[138.839953,-34.700378],[138.835862,-34.704693],[138.83464,-34.709155],[138.832696,-34.712674],[138.833565,-34.716121],[138.828067,-34.717044],[138.827957,-34.721072],[138.826329,-34.725541],[138.824931,-34.727412],[138.819551,-34.728794],[138.817276,-34.731825],[138.815938,-34.735785],[138.811986,-34.738485],[138.811628,-34.742121],[138.812869,-34.747462],[138.813344,-34.753481],[138.814875,-34.755399],[138.813778,-34.759445],[138.814577,-34.763399],[138.811735,-34.77059],[138.81156,-34.772616],[138.813864,-34.774914],[138.810323,-34.775393],[138.805752,-34.774103],[138.801883,-34.771326],[138.799363,-34.77051],[138.795804,-34.771098],[138.787461,-34.767852],[138.784667,-34.768293],[138.78019,-34.767026],[138.77473,-34.769065],[138.771673,-34.771546],[138.772941,-34.773503],[138.771216,-34.776911],[138.768021,-34.780351],[138.766113,-34.778175],[138.763526,-34.778569],[138.754659,-34.783292],[138.758651,-34.785649],[138.761808,-34.793197],[138.759915,-34.79609],[138.758361,-34.801018],[138.753271,-34.804113],[138.750851,-34.806979],[138.750269,-34.811233],[138.749021,-34.814462],[138.753518,-34.81748],[138.75282,-34.819623],[138.756098,-34.821073],[138.753844,-34.823008],[138.750427,-34.828628],[138.748627,-34.833954],[138.746168,-34.836968],[138.747028,-34.840674],[138.747662,-34.841809],[138.744939,-34.849576],[138.747367,-34.851853],[138.747715,-34.855599],[138.75147,-34.858028],[138.752673,-34.861325],[138.756521,-34.865551],[138.754538,-34.868756],[138.751949,-34.866041],[138.748727,-34.865334],[138.742428,-34.862141],[138.7413,-34.860218],[138.738693,-34.860708],[138.737328,-34.859421],[138.733133,-34.859261],[138.731234,-34.855908],[138.729629,-34.858998],[138.72689,-34.859966],[138.722694,-34.859199],[138.723826,-34.864323],[138.71897,-34.870125],[138.719788,-34.873976],[138.712763,-34.874338],[138.713249,-34.881587],[138.706968,-34.881873],[138.7079,-34.894075],[138.712735,-34.894238],[138.707447,-34.898168],[138.705582,-34.900971],[138.701786,-34.902853],[138.700188,-34.900547],[138.696987,-34.898381],[138.690752,-34.895272],[138.691256,-34.903457],[138.69521,-34.903277],[138.695756,-34.910464],[138.692195,-34.909266],[138.689858,-34.912253],[138.697848,-34.921228],[138.697784,-34.92672],[138.700998,-34.928249],[138.697579,-34.931909],[138.693491,-34.929239],[138.688994,-34.930713],[138.68467,-34.930912],[138.685227,-34.9381],[138.675456,-34.938728],[138.671866,-34.942077],[138.672408,-34.951125],[138.676619,-34.955863],[138.677365,-34.961927],[138.685944,-34.974632],[138.685236,-34.976197],[138.677893,-34.975447],[138.675338,-34.974486],[138.670041,-34.978219],[138.667416,-34.980781],[138.665171,-34.981662],[138.669404,-34.985798],[138.673752,-34.985276],[138.671219,-34.989486],[138.675241,-34.990667],[138.677605,-34.999002],[138.680021,-35.000422],[138.677069,-35.007325],[138.681316,-35.007596],[138.675584,-35.015608],[138.67171,-35.025805],[138.667823,-35.023967],[138.65484,-35.022615],[138.650947,-35.019676],[138.648654,-35.015738],[138.645418,-35.014972],[138.640815,-35.015921],[138.620448,-35.017094],[138.61855,-35.01832],[138.619434,-35.02321],[138.623691,-35.024847],[138.625461,-35.03062],[138.620766,-35.030869],[138.62057,-35.03234],[138.609845,-35.032867],[138.609926,-35.033948],[138.603737,-35.034095],[138.603896,-35.036037],[138.596186,-35.037534],[138.595895,-35.033368],[138.591033,-35.034502],[138.590142,-35.035949],[138.586311,-35.037955],[138.587329,-35.040326],[138.590406,-35.041171],[138.596759,-35.045825],[138.598983,-35.049336],[138.602394,-35.049089],[138.603656,-35.047631],[138.609921,-35.050006],[138.612048,-35.054319],[138.616316,-35.055235],[138.616552,-35.05747],[138.619279,-35.060528],[138.625424,-35.064487],[138.622366,-35.066405],[138.62805,-35.068859],[138.627653,-35.072774],[138.625232,-35.076779],[138.622192,-35.078614],[138.621092,-35.082948],[138.619261,-35.08613],[138.61281,-35.087601],[138.609779,-35.086361],[138.603828,-35.089634],[138.597513,-35.090831],[138.597718,-35.094158],[138.591477,-35.094115],[138.591666,-35.096493],[138.585352,-35.096859],[138.585573,-35.099818],[138.588047,-35.100608],[138.589267,-35.102779],[138.594487,-35.106827],[138.593269,-35.11581],[138.587581,-35.121279],[138.587234,-35.125284],[138.585624,-35.132359],[138.586717,-35.134327],[138.602783,-35.133541],[138.605034,-35.134235],[138.605755,-35.140694],[138.601392,-35.142323],[138.599345,-35.141485],[138.596335,-35.141939],[138.593333,-35.144755],[138.590359,-35.146246],[138.587602,-35.146005],[138.586053,-35.148148],[138.588495,-35.149058],[138.587409,-35.151972],[138.583559,-35.151886],[138.582688,-35.155535],[138.579705,-35.156046],[138.579769,-35.160161],[138.575643,-35.159567],[138.572425,-35.157445],[138.569786,-35.158877],[138.566039,-35.158471],[138.564179,-35.161855],[138.557026,-35.161358],[138.553573,-35.158904],[138.551209,-35.159298],[138.548137,-35.164058],[138.542929,-35.163404],[138.538839,-35.161144],[138.535265,-35.161345],[138.535072,-35.162897],[138.529714,-35.165238],[138.529969,-35.168304],[138.527819,-35.16806],[138.525184,-35.169385],[138.520022,-35.168865],[138.520645,-35.17265],[138.517818,-35.174183],[138.513392,-35.174976],[138.50819,-35.178406],[138.503579,-35.177793],[138.504568,-35.182107],[138.500642,-35.18457],[138.494959,-35.185227],[138.495826,-35.188171],[138.500347,-35.191223],[138.503368,-35.19464],[138.503825,-35.200534],[138.50236,-35.200599],[138.497854,-35.206051],[138.491008,-35.206586],[138.49008,-35.211919],[138.490361,-35.214287],[138.492298,-35.217749],[138.494274,-35.243023],[138.48149,-35.243694],[138.481677,-35.246305],[138.461979,-35.247361],[138.460289,-35.261048],[138.45047,-35.2689],[138.44405,-35.270675],[138.443088,-35.27262],[138.442395,-35.284476],[138.446634,-35.301025],[138.447529,-35.320045],[138.446006,-35.337163],[138.440354,-35.351062],[138.425845,-35.356413],[138.410451,-35.366405],[138.391453,-35.368821],[138.384877,-35.373563],[138.381895,-35.370906],[138.372819,-35.373919],[138.36265,-35.378484],[138.359218,-35.382999],[138.347553,-35.390649],[138.341253,-35.392864],[138.330235,-35.405464],[138.326317,-35.417164],[138.304253,-35.45],[138.294318,-35.468183],[138.287569,-35.474068],[138.28167,-35.475853],[138.26028,-35.490806],[138.247566,-35.497002],[138.24454,-35.500848],[138.229843,-35.505645],[138.223828,-35.510264],[138.217995,-35.511387],[138.214433,-35.509842],[138.212903,-35.512759],[138.193862,-35.52365],[138.187444,-35.523922],[138.183151,-35.521445],[138.169201,-35.518345],[138.165488,-35.519377],[138.161148,-35.527453],[138.153364,-35.531857],[138.150778,-35.53696],[138.12743,-35.555371],[138.121753,-35.564214],[138.117057,-35.576869],[138.114999,-35.57803],[138.115465,-35.581857],[138.109538,-35.589092],[138.108686,-35.592452],[138.096145,-35.600276],[138.093913,-35.603403],[138.096109,-35.614007],[138.09553,-35.623871],[138.103302,-35.631569],[138.115344,-35.632607],[138.118164,-35.637602],[138.124803,-35.640275],[138.128585,-35.645389],[138.135796,-35.645096],[138.139689,-35.649497],[138.144385,-35.650507],[138.145095,-35.652908],[138.149338,-35.65487],[138.155604,-35.654239],[138.156886,-35.658167],[138.162849,-35.660613],[138.171595,-35.660636],[138.177154,-35.663596],[138.179736,-35.662297],[138.185299,-35.664729],[138.191358,-35.66509],[138.201088,-35.663058],[138.210159,-35.663273],[138.217516,-35.660683],[138.222378,-35.662078],[138.226465,-35.659331],[138.227449,-35.660694],[138.232054,-35.659589],[138.240204,-35.65453],[138.243271,-35.655399],[138.245471,-35.653128],[138.247162,-35.653753],[138.25555,-35.649555],[138.263399,-35.642231],[138.275956,-35.639375],[138.283605,-35.638878],[138.288003,-35.640249],[138.299992,-35.638204],[138.358897,-35.640025],[138.367899,-35.642299],[138.373872,-35.639781],[138.38673,-35.638669],[138.389641,-35.640207],[138.39947,-35.6404],[138.401056,-35.638454],[138.403866,-35.640362],[138.410026,-35.640576],[138.415074,-35.638746],[138.420785,-35.63366],[138.431096,-35.629274],[138.440202,-35.630995],[138.450547,-35.630357],[138.456705,-35.632701],[138.465779,-35.630263],[138.479629,-35.634785],[138.483079,-35.632344],[138.494522,-35.63353],[138.510899,-35.637842],[138.52236,-35.642968],[138.555695,-35.619159],[138.559295,-35.613698],[138.565936,-35.608529],[138.574703,-35.605663],[138.580769,-35.605781],[138.582355,-35.604275],[138.581985,-35.601239],[138.592269,-35.594548],[138.600091,-35.592284],[138.602268,-35.594677],[138.603774,-35.594283],[138.606049,-35.590311],[138.59803,-35.585593],[138.59822,-35.579469],[138.612679,-35.565224],[138.613193,-35.561832],[138.619896,-35.55778],[138.626004,-35.557911],[138.625371,-35.550534],[138.631381,-35.543926],[138.645214,-35.539476],[138.662407,-35.536439],[138.678337,-35.536402],[138.684432,-35.538108],[138.686199,-35.536585],[138.684109,-35.535097],[138.685262,-35.533165],[138.691072,-35.532875],[138.695197,-35.529053],[138.69539,-35.527267],[138.692449,-35.526251],[138.694132,-35.521804],[138.711492,-35.513428],[138.738273,-35.515953],[138.767892,-35.521781],[138.832371,-35.541428],[138.878082,-35.558589],[138.883656,-35.55729],[138.886927,-35.558906]]],[[[138.134906,-35.841439],[138.128129,-35.838765],[138.125483,-35.833915],[138.123264,-35.83424],[138.123636,-35.827507],[138.119071,-35.819876],[138.124551,-35.811165],[138.125725,-35.80235],[138.12396,-35.802445],[138.121357,-35.806967],[138.117296,-35.808783],[138.106517,-35.809476],[138.089908,-35.804474],[138.07695,-35.795898],[138.072186,-35.790986],[138.066857,-35.780365],[138.068533,-35.765753],[138.06779,-35.759784],[138.058969,-35.751822],[138.0469,-35.746492],[138.04545,-35.745259],[138.045983,-35.742821],[138.038516,-35.740708],[138.033315,-35.742129],[138.029547,-35.737152],[138.021679,-35.737405],[138.020166,-35.733525],[138.01553,-35.732456],[138.015187,-35.730705],[138.012211,-35.729453],[138.007089,-35.728602],[138.005581,-35.726301],[137.993636,-35.726502],[137.991324,-35.724467],[137.973313,-35.719802],[137.96516,-35.719639],[137.95875,-35.722274],[137.94621,-35.721414],[137.942614,-35.720192],[137.940728,-35.716206],[137.934864,-35.716437],[137.935168,-35.718671],[137.929486,-35.719687],[137.915576,-35.719725],[137.906916,-35.716858],[137.900608,-35.719757],[137.898563,-35.72352],[137.8949,-35.725039],[137.893642,-35.728166],[137.894784,-35.741846],[137.891753,-35.745698],[137.892535,-35.757945],[137.881494,-35.765614],[137.874469,-35.773446],[137.866593,-35.776536],[137.866165,-35.779761],[137.859481,-35.786562],[137.857905,-35.790902],[137.852159,-35.79495],[137.833309,-35.798053],[137.831294,-35.800261],[137.822554,-35.800182],[137.800823,-35.795775],[137.780567,-35.784621],[137.777351,-35.784445],[137.77905,-35.790904],[137.778092,-35.796203],[137.772983,-35.798432],[137.770571,-35.797259],[137.762804,-35.798023],[137.762393,-35.803409],[137.758373,-35.806042],[137.76301,-35.80647],[137.765434,-35.810842],[137.770736,-35.814085],[137.774677,-35.812471],[137.77397,-35.811241],[137.776633,-35.808332],[137.782923,-35.811862],[137.790559,-35.812196],[137.798297,-35.810204],[137.810688,-35.815249],[137.814758,-35.822033],[137.812494,-35.825357],[137.807109,-35.822162],[137.805137,-35.823012],[137.806517,-35.826132],[137.802718,-35.829479],[137.797982,-35.830584],[137.798239,-35.83354],[137.796662,-35.834287],[137.781015,-35.830742],[137.772401,-35.822796],[137.768882,-35.824986],[137.768561,-35.828525],[137.766489,-35.830782],[137.763776,-35.830554],[137.760509,-35.833317],[137.755722,-35.832208],[137.754157,-35.833933],[137.755423,-35.837059],[137.762208,-35.838863],[137.761863,-35.84095],[137.758288,-35.843101],[137.754379,-35.842984],[137.74926,-35.834317],[137.750323,-35.830942],[137.748826,-35.829043],[137.753974,-35.825677],[137.749499,-35.822868],[137.745875,-35.822572],[137.743908,-35.811414],[137.746078,-35.800946],[137.755263,-35.793422],[137.758074,-35.792805],[137.760125,-35.78963],[137.772751,-35.788005],[137.771947,-35.780922],[137.778458,-35.775145],[137.781282,-35.774636],[137.790032,-35.765287],[137.800636,-35.760953],[137.803452,-35.757605],[137.799702,-35.748718],[137.793007,-35.745141],[137.792524,-35.737731],[137.786036,-35.735039],[137.783851,-35.730058],[137.784268,-35.727326],[137.780334,-35.723932],[137.76861,-35.722997],[137.732946,-35.735625],[137.724069,-35.73424],[137.708393,-35.738652],[137.69626,-35.739791],[137.667942,-35.739553],[137.626884,-35.731666],[137.616692,-35.735178],[137.596038,-35.735349],[137.585827,-35.732437],[137.577915,-35.725671],[137.57711,-35.720968],[137.583355,-35.715124],[137.578323,-35.717104],[137.579197,-35.709027],[137.580111,-35.707615],[137.583935,-35.708807],[137.588058,-35.704125],[137.590861,-35.703187],[137.590845,-35.700935],[137.603349,-35.692678],[137.604601,-35.688205],[137.602614,-35.686102],[137.605689,-35.678765],[137.621391,-35.665136],[137.631407,-35.660369],[137.635754,-35.660249],[137.64369,-35.654125],[137.642439,-35.652763],[137.641217,-35.638891],[137.638953,-35.641683],[137.632281,-35.641924],[137.616545,-35.63609],[137.589341,-35.643213],[137.580481,-35.64155],[137.577526,-35.639039],[137.577857,-35.636415],[137.575159,-35.635485],[137.573069,-35.636966],[137.569756,-35.63243],[137.57036,-35.627845],[137.568206,-35.623216],[137.569625,-35.618675],[137.574684,-35.612801],[137.598203,-35.595276],[137.606786,-35.591003],[137.615658,-35.589155],[137.623342,-35.592563],[137.626677,-35.597161],[137.630374,-35.5909],[137.630437,-35.573792],[137.631701,-35.570795],[137.633859,-35.569914],[137.634199,-35.565733],[137.632066,-35.563675],[137.629682,-35.564533],[137.621661,-35.561188],[137.613418,-35.568285],[137.605438,-35.57151],[137.598821,-35.571154],[137.595094,-35.565343],[137.591737,-35.564088],[137.585803,-35.568432],[137.564368,-35.571125],[137.562093,-35.574995],[137.55762,-35.575886],[137.551643,-35.583152],[137.545784,-35.587221],[137.533586,-35.59257],[137.518809,-35.595531],[137.507196,-35.593907],[137.502974,-35.585924],[137.490998,-35.579767],[137.484967,-35.581074],[137.483843,-35.584421],[137.481309,-35.586057],[137.465719,-35.588301],[137.454823,-35.594315],[137.446932,-35.596223],[137.434367,-35.594258],[137.41308,-35.588097],[137.384503,-35.590662],[137.372158,-35.585551],[137.363938,-35.58742],[137.351365,-35.587009],[137.342919,-35.582281],[137.32702,-35.578233],[137.313489,-35.57924],[137.309586,-35.58058],[137.305977,-35.584319],[137.306203,-35.586696],[137.302213,-35.587828],[137.302572,-35.589471],[137.296421,-35.590178],[137.286373,-35.595028],[137.285143,-35.598036],[137.268693,-35.603573],[137.260626,-35.600332],[137.257919,-35.602572],[137.239456,-35.604191],[137.231897,-35.608315],[137.234419,-35.610681],[137.230973,-35.612666],[137.227947,-35.612027],[137.224468,-35.616932],[137.221316,-35.61796],[137.211204,-35.616764],[137.209379,-35.621177],[137.203466,-35.624715],[137.187543,-35.622965],[137.184955,-35.621209],[137.181662,-35.622495],[137.181455,-35.625426],[137.179655,-35.626761],[137.169439,-35.62958],[137.16347,-35.633111],[137.155467,-35.629432],[137.149621,-35.632272],[137.147633,-35.63025],[137.142041,-35.630367],[137.141532,-35.632428],[137.137108,-35.633787],[137.137954,-35.635475],[137.133804,-35.637394],[137.134248,-35.639334],[137.127559,-35.63953],[137.128161,-35.642509],[137.125294,-35.642977],[137.124277,-35.647189],[137.120777,-35.648078],[137.122667,-35.649872],[137.12178,-35.651733],[137.117827,-35.651815],[137.114239,-35.655527],[137.110389,-35.655896],[137.107866,-35.655266],[137.103182,-35.658094],[137.09936,-35.658463],[137.093665,-35.658131],[137.092768,-35.660297],[137.088454,-35.659943],[137.086486,-35.662387],[137.084378,-35.661476],[137.080912,-35.663548],[137.074103,-35.66334],[137.072739,-35.667359],[137.069652,-35.669155],[137.054882,-35.666868],[137.040105,-35.670153],[137.034722,-35.67062],[137.031368,-35.669134],[137.026943,-35.67191],[137.018734,-35.673259],[137.014258,-35.672417],[137.009903,-35.673823],[136.998758,-35.671858],[136.979962,-35.67425],[136.976604,-35.6724],[136.973188,-35.673523],[136.97173,-35.675797],[136.969276,-35.67332],[136.962353,-35.675584],[136.958606,-35.67372],[136.952722,-35.674107],[136.942609,-35.676798],[136.939061,-35.676147],[136.925991,-35.680946],[136.914912,-35.682109],[136.904591,-35.68591],[136.897569,-35.686047],[136.891787,-35.688922],[136.881789,-35.687596],[136.879651,-35.68839],[136.871928,-35.687725],[136.872174,-35.689066],[136.867601,-35.689614],[136.866068,-35.692357],[136.86171,-35.693844],[136.846784,-35.692059],[136.839381,-35.695608],[136.82789,-35.69657],[136.825542,-35.695532],[136.824003,-35.699219],[136.820552,-35.697498],[136.8175,-35.699348],[136.810849,-35.698675],[136.805895,-35.700112],[136.804431,-35.702021],[136.8008,-35.699989],[136.783664,-35.700213],[136.781125,-35.701858],[136.78228,-35.703838],[136.779564,-35.706953],[136.778416,-35.71221],[136.766483,-35.715244],[136.766846,-35.71651],[136.758786,-35.722716],[136.748107,-35.723853],[136.73876,-35.722131],[136.732128,-35.723938],[136.720292,-35.720286],[136.71751,-35.72248],[136.717248,-35.725262],[136.712702,-35.727991],[136.711865,-35.731354],[136.697258,-35.739468],[136.691414,-35.739596],[136.671908,-35.744532],[136.658268,-35.745861],[136.652072,-35.744129],[136.640322,-35.746744],[136.639375,-35.748447],[136.629042,-35.749002],[136.626947,-35.746905],[136.616721,-35.745218],[136.604606,-35.745331],[136.596875,-35.747954],[136.587436,-35.748857],[136.582184,-35.75385],[136.580524,-35.760782],[136.573788,-35.76589],[136.579361,-35.792374],[136.577621,-35.797405],[136.571257,-35.801207],[136.571036,-35.807548],[136.565842,-35.809577],[136.568034,-35.821109],[136.560478,-35.828319],[136.564308,-35.842852],[136.563908,-35.849535],[136.561724,-35.852489],[136.555077,-35.854103],[136.554748,-35.855409],[136.541723,-35.85823],[136.539651,-35.861061],[136.540567,-35.864054],[136.538317,-35.864976],[136.538934,-35.867223],[136.535739,-35.870012],[136.53558,-35.874126],[136.532942,-35.876557],[136.53819,-35.879226],[136.534558,-35.881876],[136.536053,-35.883847],[136.53441,-35.886475],[136.543222,-35.88455],[136.549201,-35.88435],[136.550858,-35.887591],[136.54581,-35.889908],[136.545247,-35.892712],[136.538853,-35.899329],[136.550767,-35.90193],[136.554694,-35.905733],[136.553144,-35.907962],[136.555967,-35.910999],[136.561888,-35.913059],[136.564073,-35.91713],[136.579779,-35.930728],[136.579125,-35.936362],[136.58101,-35.939183],[136.581657,-35.945967],[136.580047,-35.947909],[136.581743,-35.950849],[136.58781,-35.95081],[136.592222,-35.953022],[136.594127,-35.954931],[136.594303,-35.9601],[136.59835,-35.961762],[136.625028,-35.954423],[136.628994,-35.956346],[136.629832,-35.960424],[136.638807,-35.960671],[136.64281,-35.963131],[136.652669,-35.965182],[136.66562,-35.975745],[136.666224,-35.978634],[136.672829,-35.984389],[136.677604,-35.992311],[136.689064,-36.004771],[136.691396,-36.012244],[136.694982,-36.014478],[136.696124,-36.018237],[136.701904,-36.02374],[136.708435,-36.036926],[136.707002,-36.043206],[136.704949,-36.045282],[136.706699,-36.047274],[136.705634,-36.051282],[136.701047,-36.05429],[136.696256,-36.054659],[136.696971,-36.058167],[136.705236,-36.064064],[136.709332,-36.056977],[136.713532,-36.05592],[136.718766,-36.057968],[136.720168,-36.055567],[136.71841,-36.051294],[136.720525,-36.049403],[136.723092,-36.049548],[136.727088,-36.045071],[136.733787,-36.043446],[136.746369,-36.044756],[136.753452,-36.046293],[136.753613,-36.048192],[136.75799,-36.049731],[136.763364,-36.047878],[136.764109,-36.045267],[136.766365,-36.044006],[136.770716,-36.045314],[136.774976,-36.043631],[136.773078,-36.03831],[136.776572,-36.037756],[136.776332,-36.034024],[136.781837,-36.031408],[136.800512,-36.032175],[136.812343,-36.035051],[136.814521,-36.036483],[136.817304,-36.033252],[136.824789,-36.031457],[136.827447,-36.025269],[136.831676,-36.026004],[136.829469,-36.022192],[136.831686,-36.019765],[136.841102,-36.01804],[136.852261,-36.019888],[136.854045,-36.016575],[136.867262,-36.019343],[136.873424,-36.023932],[136.891835,-36.029749],[136.904291,-36.037507],[136.907828,-36.042479],[136.910146,-36.041119],[136.915453,-36.043576],[136.921988,-36.040973],[136.923406,-36.037713],[136.928327,-36.0391],[136.930281,-36.034337],[136.942162,-36.026688],[136.94907,-36.029844],[136.957731,-36.025544],[136.960169,-36.027072],[136.964896,-36.026807],[136.96989,-36.021596],[136.973439,-36.021436],[136.974104,-36.023168],[136.99119,-36.020788],[136.997279,-36.017338],[137.001871,-36.020188],[137.010144,-36.019256],[137.017994,-36.020775],[137.024518,-36.022907],[137.028309,-36.026442],[137.035157,-36.026003],[137.036082,-36.027651],[137.044965,-36.026511],[137.047014,-36.027585],[137.050806,-36.023665],[137.056253,-36.022167],[137.05762,-36.0201],[137.063109,-36.022172],[137.069842,-36.020009],[137.07476,-36.021487],[137.082898,-36.021181],[137.092381,-36.025105],[137.094282,-36.023468],[137.097046,-36.023812],[137.097498,-36.020093],[137.102588,-36.018171],[137.122566,-36.026635],[137.122064,-36.030118],[137.130947,-36.033985],[137.137486,-36.029403],[137.137868,-36.024804],[137.142006,-36.024582],[137.142711,-36.022416],[137.145803,-36.020706],[137.150841,-36.023097],[137.155371,-36.022276],[137.156473,-36.027035],[137.162682,-36.024739],[137.160832,-36.022091],[137.161316,-36.016479],[137.169137,-36.014745],[137.168805,-36.011395],[137.176463,-36.010021],[137.177617,-36.004344],[137.189772,-35.997078],[137.184203,-35.996628],[137.179962,-35.993958],[137.17861,-35.990349],[137.180849,-35.983985],[137.192306,-35.976693],[137.20949,-35.973988],[137.229213,-35.977136],[137.231526,-35.97852],[137.23131,-35.980865],[137.235788,-35.979375],[137.23688,-35.982309],[137.239245,-35.98104],[137.246139,-35.982639],[137.250182,-35.984661],[137.250534,-35.982631],[137.253147,-35.981584],[137.257945,-35.982221],[137.270664,-35.988649],[137.270201,-35.991275],[137.277285,-35.992297],[137.278364,-35.994258],[137.285415,-35.990762],[137.288866,-35.991727],[137.296192,-35.990322],[137.298111,-35.991637],[137.302543,-35.990891],[137.302774,-35.993405],[137.323105,-35.995906],[137.324716,-35.997958],[137.332641,-35.993027],[137.340854,-35.995878],[137.34682,-35.993707],[137.352838,-35.994094],[137.359841,-35.996406],[137.361537,-36.000278],[137.365244,-35.997982],[137.371018,-35.998416],[137.374885,-36.003174],[137.372234,-36.006925],[137.374391,-36.008374],[137.377304,-36.005964],[137.38045,-36.0082],[137.379444,-36.013892],[137.383827,-36.015066],[137.396838,-36.023915],[137.403302,-36.032255],[137.406806,-36.032412],[137.405847,-36.034576],[137.407484,-36.03629],[137.41078,-36.035816],[137.414589,-36.040002],[137.420237,-36.041416],[137.433812,-36.052892],[137.456643,-36.066279],[137.458241,-36.068261],[137.458258,-36.073187],[137.460723,-36.074971],[137.463254,-36.072508],[137.467349,-36.072844],[137.46757,-36.070298],[137.47452,-36.066102],[137.48278,-36.065675],[137.480444,-36.063224],[137.485394,-36.057029],[137.487137,-36.057687],[137.492552,-36.054714],[137.499856,-36.056595],[137.504002,-36.055873],[137.506812,-36.05332],[137.505833,-36.050959],[137.51332,-36.047234],[137.519693,-36.03761],[137.522629,-36.038009],[137.53225,-36.031236],[137.535973,-36.025864],[137.541709,-36.024075],[137.546981,-36.024827],[137.551883,-36.021774],[137.559419,-36.023076],[137.571649,-36.021558],[137.578955,-36.018148],[137.58664,-36.019559],[137.593978,-36.010196],[137.602643,-36.00929],[137.604748,-36.005596],[137.604179,-36.003462],[137.607722,-36.001635],[137.608033,-35.996932],[137.614907,-35.99176],[137.616799,-35.989256],[137.615774,-35.982969],[137.620444,-35.978592],[137.605102,-35.964858],[137.599337,-35.951333],[137.59973,-35.946606],[137.598172,-35.942693],[137.601208,-35.929985],[137.611978,-35.913111],[137.630401,-35.899304],[137.651523,-35.887856],[137.660289,-35.884899],[137.701415,-35.876829],[137.714783,-35.875765],[137.726115,-35.876742],[137.729142,-35.87382],[137.730565,-35.870668],[137.730658,-35.867589],[137.73699,-35.863106],[137.73747,-35.861246],[137.734907,-35.859596],[137.736051,-35.855389],[137.741097,-35.853115],[137.749215,-35.852059],[137.751146,-35.85405],[137.755199,-35.85129],[137.759675,-35.852383],[137.775406,-35.850832],[137.791082,-35.853421],[137.794567,-35.851286],[137.798618,-35.853524],[137.803232,-35.850616],[137.807288,-35.852556],[137.815333,-35.852397],[137.830155,-35.855947],[137.835816,-35.855281],[137.856083,-35.859755],[137.868139,-35.863259],[137.870564,-35.865149],[137.874263,-35.870569],[137.878816,-35.868912],[137.879382,-35.870293],[137.883486,-35.87037],[137.883293,-35.867983],[137.886541,-35.867379],[137.891234,-35.867543],[137.904912,-35.861025],[137.911134,-35.859789],[137.912844,-35.861406],[137.93789,-35.864917],[137.944361,-35.868486],[137.95756,-35.872413],[137.974202,-35.880236],[137.975796,-35.881916],[137.974776,-35.884425],[137.97802,-35.886243],[137.980629,-35.884271],[137.994158,-35.888079],[138.006636,-35.89373],[138.01026,-35.897873],[138.02023,-35.902429],[138.037705,-35.902727],[138.040822,-35.904274],[138.05626,-35.895055],[138.059115,-35.887547],[138.065273,-35.880684],[138.06853,-35.880962],[138.075244,-35.876902],[138.07574,-35.874497],[138.078312,-35.874695],[138.08666,-35.865426],[138.090017,-35.862568],[138.097519,-35.859149],[138.110893,-35.848409],[138.11735,-35.848939],[138.119088,-35.846756],[138.123901,-35.845135],[138.12666,-35.848195],[138.132264,-35.845304],[138.134906,-35.841439]]],[[[138.635532,-35.563835],[138.629308,-35.56208],[138.625808,-35.563784],[138.626022,-35.565124],[138.630733,-35.566868],[138.635532,-35.563835]]],[[[137.776387,-35.822066],[137.770066,-35.818469],[137.770175,-35.821133],[137.774869,-35.823689],[137.776387,-35.822066]]],[[[138.594028,-35.607963],[138.59032,-35.607798],[138.589504,-35.610878],[138.592557,-35.610993],[138.594028,-35.607963]]],[[[137.807526,-35.818054],[137.800945,-35.819802],[137.804018,-35.821361],[137.807526,-35.818054]]],[[[137.643796,-35.625267],[137.641018,-35.621982],[137.639877,-35.624528],[137.643796,-35.625267]]],[[[137.752744,-35.807837],[137.751789,-35.803419],[137.746859,-35.808536],[137.752744,-35.807837]]]]},"bbox":[136.532942,-36.074971,139.158312,-34.680538]},
{"properties":{"electorateShortName":"spence","electorateName":"Spence","area":532.15,"state":"SA"},"type":"Feature","geometry":{"type":"Polygon","coordinates":[[[138.78019,-34.767026],[138.784667,-34.768293],[138.787461,-34.767852],[138.795804,-34.771098],[138.799363,-34.77051],[138.801883,-34.771326],[138.805752,-34.774103],[138.810323,-34.775393],[138.813864,-34.774914],[138.81156,-34.772616],[138.811735,-34.77059],[138.814577,-34.763399],[138.813778,-34.759445],[138.814875,-34.755399],[138.813344,-34.753481],[138.812869,-34.747462],[138.811628,-34.742121],[138.811986,-34.738485],[138.815938,-34.735785],[138.817276,-34.731825],[138.819551,-34.728794],[138.824931,-34.727412],[138.826329,-34.725541],[138.827957,-34.721072],[138.828067,-34.717044],[138.833565,-34.716121],[138.832696,-34.712674],[138.83464,-34.709155],[138.835862,-34.704693],[138.839953,-34.700378],[138.841335,-34.692938],[138.843026,-34.688084],[138.843385,-34.68518],[138.846939,-34.682323],[138.847549,-34.680538],[138.845,-34.681322],[138.841092,-34.679338],[138.842023,-34.674111],[138.839024,-34.672826],[138.836713,-34.673433],[138.832413,-34.669895],[138.828957,-34.668342],[138.825968,-34.670961],[138.822787,-34.668288],[138.819571,-34.669392],[138.814606,-34.6677],[138.811183,-34.668509],[138.80895,-34.668031],[138.8082,-34.666035],[138.80464,-34.66385],[138.802662,-34.663633],[138.799103,-34.665488],[138.797812,-34.663986],[138.795153,-34.663847],[138.790293,-34.661118],[138.792874,-34.656395],[138.788184,-34.657554],[138.786635,-34.655159],[138.789213,-34.654201],[138.795767,-34.653842],[138.807883,-34.649689],[138.809727,-34.649441],[138.814794,-34.642997],[138.812805,-34.640443],[138.816113,-34.639045],[138.800976,-34.609536],[138.800443,-34.601906],[138.805873,-34.602254],[138.815425,-34.600873],[138.818461,-34.598075],[138.818568,-34.595339],[138.824788,-34.590962],[138.82532,-34.587566],[138.824411,-34.58233],[138.821489,-34.581615],[138.823308,-34.577038],[138.820916,-34.561723],[138.819424,-34.560769],[138.816935,-34.56227],[138.813489,-34.562677],[138.81289,-34.557851],[138.810353,-34.558765],[138.808255,-34.557755],[138.807203,-34.560335],[138.802355,-34.560918],[138.80044,-34.559085],[138.804557,-34.557529],[138.805859,-34.555677],[138.804213,-34.551384],[138.802517,-34.550657],[138.798589,-34.551006],[138.793791,-34.553514],[138.79625,-34.554458],[138.792362,-34.557416],[138.788533,-34.556113],[138.788864,-34.559892],[138.791083,-34.560735],[138.790093,-34.562915],[138.78666,-34.562672],[138.780609,-34.560699],[138.775867,-34.560058],[138.772815,-34.560872],[138.769007,-34.565854],[138.770362,-34.56727],[138.764963,-34.569833],[138.761661,-34.569622],[138.761748,-34.571745],[138.749733,-34.569137],[138.758125,-34.56222],[138.752726,-34.558663],[138.747465,-34.558248],[138.723546,-34.555939],[138.721897,-34.566806],[138.703304,-34.564963],[138.715442,-34.590974],[138.715503,-34.591793],[138.706003,-34.594654],[138.695786,-34.593168],[138.682444,-34.586545],[138.686235,-34.595716],[138.684394,-34.610522],[138.683945,-34.611934],[138.680426,-34.615592],[138.678396,-34.61365],[138.675354,-34.613965],[138.673833,-34.615407],[138.671056,-34.615657],[138.668202,-34.613105],[138.667055,-34.614523],[138.669195,-34.617537],[138.666695,-34.620067],[138.662047,-34.620318],[138.660173,-34.623641],[138.65799,-34.621745],[138.651681,-34.62507],[138.650385,-34.627723],[138.646277,-34.630572],[138.641557,-34.630939],[138.638384,-34.632047],[138.634913,-34.629604],[138.631647,-34.630675],[138.628867,-34.62736],[138.62577,-34.627381],[138.621373,-34.631256],[138.615917,-34.633049],[138.612154,-34.633701],[138.604049,-34.634103],[138.600037,-34.632656],[138.594056,-34.634611],[138.59052,-34.638999],[138.588108,-34.638066],[138.58212,-34.639083],[138.57691,-34.637876],[138.576135,-34.636031],[138.571677,-34.636044],[138.568943,-34.635256],[138.565014,-34.636076],[138.558493,-34.638764],[138.556195,-34.636931],[138.553667,-34.637928],[138.549078,-34.635351],[138.54445,-34.63931],[138.540868,-34.639793],[138.537902,-34.635282],[138.533329,-34.639698],[138.531425,-34.639445],[138.529465,-34.641335],[138.526573,-34.639663],[138.524346,-34.636672],[138.520026,-34.637123],[138.518697,-34.639591],[138.515413,-34.639557],[138.513902,-34.641357],[138.511329,-34.640988],[138.507619,-34.644329],[138.49985,-34.647279],[138.49197,-34.647424],[138.492389,-34.651167],[138.490021,-34.653266],[138.490518,-34.6562],[138.488692,-34.6584],[138.474046,-34.66366],[138.472075,-34.667273],[138.468565,-34.668964],[138.466767,-34.672001],[138.463483,-34.673504],[138.460846,-34.673378],[138.456268,-34.675616],[138.451464,-34.676114],[138.447071,-34.674013],[138.444655,-34.670494],[138.43875,-34.66977],[138.436187,-34.672212],[138.437737,-34.674691],[138.451113,-34.683383],[138.454697,-34.682072],[138.456112,-34.688862],[138.461037,-34.691475],[138.463876,-34.697038],[138.466475,-34.695476],[138.475866,-34.698481],[138.476123,-34.703835],[138.481001,-34.705658],[138.484424,-34.709785],[138.484846,-34.712796],[138.493619,-34.718986],[138.491739,-34.721322],[138.506919,-34.725801],[138.513993,-34.730209],[138.515712,-34.729703],[138.517674,-34.732704],[138.525137,-34.737409],[138.527434,-34.737537],[138.529693,-34.73491],[138.532602,-34.737353],[138.534874,-34.740641],[138.532559,-34.744324],[138.541428,-34.752951],[138.540955,-34.754582],[138.546464,-34.765141],[138.545329,-34.766552],[138.546827,-34.769827],[138.544966,-34.771457],[138.543501,-34.774809],[138.550536,-34.786046],[138.572278,-34.786165],[138.575302,-34.788011],[138.580522,-34.784299],[138.585224,-34.78211],[138.590591,-34.781342],[138.592468,-34.779667],[138.591586,-34.776544],[138.591994,-34.773673],[138.593799,-34.771022],[138.596544,-34.769509],[138.602058,-34.769205],[138.607409,-34.767724],[138.647038,-34.791796],[138.655656,-34.781751],[138.676105,-34.758684],[138.678718,-34.754288],[138.680179,-34.755628],[138.685513,-34.75472],[138.690821,-34.755127],[138.695714,-34.753988],[138.701353,-34.755861],[138.703418,-34.753342],[138.705383,-34.752998],[138.707186,-34.755322],[138.709747,-34.75357],[138.711715,-34.755509],[138.715076,-34.755996],[138.720128,-34.755396],[138.722526,-34.751688],[138.722305,-34.746266],[138.72865,-34.740625],[138.730819,-34.736815],[138.736359,-34.735677],[138.738188,-34.73809],[138.737232,-34.740334],[138.739087,-34.742236],[138.744132,-34.741443],[138.746578,-34.743011],[138.750085,-34.743496],[138.751297,-34.745328],[138.751805,-34.749088],[138.756171,-34.748707],[138.755644,-34.744861],[138.76119,-34.744473],[138.762324,-34.743145],[138.765976,-34.743471],[138.767744,-34.738527],[138.771396,-34.734253],[138.775767,-34.734847],[138.775259,-34.736312],[138.771688,-34.739498],[138.770294,-34.743092],[138.77136,-34.745874],[138.768474,-34.753476],[138.769023,-34.756775],[138.77129,-34.759226],[138.77435,-34.760616],[138.778753,-34.76445],[138.78019,-34.767026]]]},"bbox":[138.436187,-34.791796,138.847549,-34.550657]},
{"properties":{"electorateShortName":"sturt","electorateName":"Sturt","area":97.75,"state":"SA"},"type":"Feature","geometry":{"type":"Polygon","coordinates":[[[138.675338,-34.974486],[138.677893,-34.975447],[138.685236,-34.976197],[138.685944,-34.974632],[138.677365,-34.961927],[138.676619,-34.955863],[138.672408,-34.951125],[138.671866,-34.942077],[138.675456,-34.938728],[138.685227,-34.9381],[138.68467,-34.930912],[138.688994,-34.930713],[138.693491,-34.929239],[138.697579,-34.931909],[138.700998,-34.928249],[138.697784,-34.92672],[138.697848,-34.921228],[138.689858,-34.912253],[138.692195,-34.909266],[138.695756,-34.910464],[138.69521,-34.903277],[138.691256,-34.903457],[138.690752,-34.895272],[138.696987,-34.898381],[138.700188,-34.900547],[138.701786,-34.902853],[138.705582,-34.900971],[138.707447,-34.898168],[138.712735,-34.894238],[138.7079,-34.894075],[138.706968,-34.881873],[138.713249,-34.881587],[138.712763,-34.874338],[138.719788,-34.873976],[138.71897,-34.870125],[138.723826,-34.864323],[138.722694,-34.859199],[138.72689,-34.859966],[138.729629,-34.858998],[138.731234,-34.855908],[138.733133,-34.859261],[138.737328,-34.859421],[138.738693,-34.860708],[138.7413,-34.860218],[138.742428,-34.862141],[138.748727,-34.865334],[138.751949,-34.866041],[138.754538,-34.868756],[138.756521,-34.865551],[138.752673,-34.861325],[138.75147,-34.858028],[138.747715,-34.855599],[138.747367,-34.851853],[138.744939,-34.849576],[138.747662,-34.841809],[138.747028,-34.840674],[138.744929,-34.841323],[138.738412,-34.8402],[138.733791,-34.84273],[138.7315,-34.840716],[138.729803,-34.837421],[138.725399,-34.838323],[138.725105,-34.840212],[138.720257,-34.839555],[138.709567,-34.840614],[138.705386,-34.842973],[138.690824,-34.843855],[138.63534,-34.846848],[138.637031,-34.869386],[138.638165,-34.870414],[138.626444,-34.879352],[138.635189,-34.887357],[138.627849,-34.890409],[138.626,-34.893844],[138.623055,-34.893146],[138.620414,-34.895567],[138.618347,-34.895573],[138.618577,-34.900847],[138.613903,-34.899693],[138.615248,-34.904862],[138.614331,-34.908511],[138.612826,-34.909505],[138.615718,-34.92259],[138.623564,-34.927903],[138.626439,-34.964559],[138.643505,-34.963683],[138.648367,-34.966064],[138.650727,-34.971593],[138.654609,-34.972901],[138.660618,-34.969448],[138.666155,-34.967276],[138.669772,-34.967205],[138.671368,-34.968136],[138.670487,-34.9717],[138.675338,-34.974486]]]},"bbox":[138.612826,-34.976197,138.756521,-34.837421]}],"bbox":[129.00134,-38.060042,141.002956,-25.996146]}