{"type":"FeatureCollection","features":[
{"properties":{"electorateShortName":"banks","electorateName":"Banks","area":53.007212,"state":"NSW"},"type":"Feature","geometry":{"type":"MultiPolygon","coordinates":[[[[151.129671,-33.973631],[151.124418,-33.968255],[151.117637,-33.969615],[151.105766,-33.968473],[151.096964,-33.965227],[151.094384,-33.965427],[151.078815,-33.947256],[151.076976,-33.943251],[151.060683,-33.94352],[151.035641,-33.940462],[151.031534,-33.940031],[151.019214,-33.941062],[151.010442,-33.939792],[151.004785,-33.940585],[150.998648,-33.943456],[150.988136,-33.943798],[150.970677,-33.946946],[150.973804,-33.95208],[150.978183,-33.953001],[150.982912,-33.956534],[150.980309,-33.962183],[150.981151,-33.964915],[150.989722,-33.966439],[150.998147,-33.975126],[150.994113,-33.979049],[150.999173,-33.982904],[151.004223,-33.979367],[151.005926,-33.982542],[151.012091,-33.9836],[151.015684,-33.982013],[151.019352,-33.977704],[151.02582,-33.978006],[151.034746,-33.976646],[151.038301,-33.982693],[151.032892,-33.983676],[151.031947,-33.986737],[151.034708,-33.991575],[151.051917,-33.992936],[151.058495,-33.987158],[151.061371,-33.986662],[151.067007,-33.989799],[151.06871,-33.993352],[151.072604,-33.995809],[151.080661,-33.994598],[151.092083,-33.995127],[151.092187,-33.990934],[151.094338,-33.988857],[151.106469,-33.983066],[151.114012,-33.984041],[151.129671,-33.973631]]],[[[151.158404,-34.058437],[151.15785482518007,-34.06264002467734],[151.16917262803858,-34.05574770667832],[151.1706824360812,-34.054711149417585],[151.17174210357743,-34.05397333717116],[151.17369046479135,-34.05263741319816],[151.18081267017516,-34.04768860981624],[151.19396827093794,-34.036583882109085],[151.185918,-34.034563],[151.175625,-34.036214],[151.16529,-34.040893],[151.158281,-34.048053],[151.154915,-34.055118],[151.158404,-34.058437]]]]},"bbox":[150.970677,-34.06264002467734,151.19396827093794,-33.939792]},
{"properties":{"electorateShortName":"barton","electorateName":"Barton","area":39.608255,"state":"NSW"},"type":"Feature","geometry":{"type":"MultiPolygon","coordinates":[[[[151.17424,-33.924966],[151.16932,-33.921334],[151.164642,-33.915716],[151.162196,-33.916147],[151.153244,-33.913783],[151.147941,-33.911488],[151.133864,-33.909449],[151.128422,-33.912171],[151.122132,-33.91316],[151.119054,-33.9122],[151.094878,-33.922206],[151.098558,-33.929307],[151.100666,-33.938766],[151.095719,-33.940053],[151.085254,-33.940361],[151.076976,-33.943251],[151.078815,-33.947256],[151.094384,-33.965427],[151.096964,-33.965227],[151.105766,-33.968473],[151.117637,-33.969615],[151.124418,-33.968255],[151.129671,-33.973631],[151.135644,-33.969474],[151.137127,-33.964309],[151.154842,-33.966669],[151.157771,-33.959321],[151.165221,-33.950632],[151.165327,-33.947371],[151.159989,-33.944801],[151.162069,-33.933737],[151.165099,-33.929719],[151.17424,-33.924966]]],[[[151.25946,-33.937314],[151.26372833332346,-33.93454922487424],[151.26380860318437,-33.916164561276844],[151.261402,-33.914886],[151.262888,-33.917735],[151.257682,-33.922042],[151.261377,-33.927516],[151.259779,-33.929651],[151.261772,-33.935191],[151.25946,-33.937314]]],[[[151.256967,-33.951596],[151.25953311330576,-33.953717168214794],[151.25991383353872,-33.95253399315833],[151.2614965837498,-33.94507157412461],[151.258558,-33.945658],[151.256967,-33.951596]]],[[[151.158404,-34.058437],[151.16689718842684,-34.05552335279048],[151.1782164315323,-34.053580656010816],[151.19384623845548,-34.04777799692703],[151.2053309000526,-34.040878183257206],[151.2032,-34.040228],[151.198776,-34.041682],[151.194148,-34.036629],[151.185918,-34.034563],[151.175625,-34.036214],[151.16529,-34.040893],[151.158281,-34.048053],[151.154915,-34.055118],[151.158404,-34.058437]]]]},"bbox":[151.076976,-34.058437,151.26380860318437,-33.909449]},
{"properties":{"electorateShortName":"bennelong","electorateName":"Bennelong","area":60.265557,"state":"NSW"},"type":"Feature","geometry":{"type":"Polygon","coordinates":[[[151.128305,-33.842931],[151.128351,-33.836121],[151.126708,-33.830181],[151.130158,-33.828068],[151.137719,-33.818003],[151.143037,-33.817115],[151.140788,-33.814081],[151.141076,-33.806574],[151.14398,-33.80431],[151.145154,-33.799862],[151.152604,-33.799016],[151.158202,-33.800259],[151.157106,-33.792709],[151.152666,-33.79042],[151.149185,-33.794277],[151.147066,-33.790989],[151.148832,-33.787351],[151.144734,-33.785473],[151.142445,-33.781158],[151.138678,-33.779032],[151.140132,-33.776637],[151.132034,-33.774553],[151.12198,-33.770095],[151.118856,-33.762505],[151.116135,-33.76121],[151.109517,-33.762595],[151.105367,-33.761185],[151.105327,-33.757673],[151.100105,-33.753515],[151.097152,-33.751766],[151.085545,-33.753589],[151.082888,-33.76113],[151.083624,-33.764189],[151.070729,-33.761795],[151.064242,-33.757961],[151.0577,-33.757287],[151.048958,-33.758845],[151.0476,-33.766489],[151.051068,-33.770762],[151.052412,-33.779747],[151.057502,-33.782998],[151.066274,-33.793266],[151.065127,-33.796557],[151.055069,-33.799389],[151.053567,-33.803331],[151.051103,-33.824238],[151.065455,-33.823712],[151.071641,-33.819693],[151.084492,-33.820334],[151.093708,-33.823032],[151.097917,-33.826785],[151.101542,-33.83332],[151.106555,-33.833577],[151.108484,-33.837229],[151.112263,-33.836396],[151.114577,-33.83883],[151.120207,-33.839663],[151.124449,-33.843059],[151.128305,-33.842931]]]},"bbox":[151.0476,-33.843059,151.158202,-33.751766]},
{"properties":{"electorateShortName":"berowra","electorateName":"Berowra","area":786.40134,"state":"NSW"},"type":"Feature","geometry":{"type":"MultiPolygon","coordinates":[[[[151.284798,-33.572214],[151.279568,-33.571875],[151.273471,-33.57736],[151.267694,-33.57945],[151.260413,-33.579351],[151.251151,-33.577001],[151.241995,-33.567258],[151.239819,-33.560895],[151.242372,-33.552665],[151.247478,-33.5453],[151.24875,-33.541251],[151.246473,-33.53721],[151.24238,-33.535399],[151.2305,-33.535448],[151.225132,-33.536305],[151.207769,-33.540864],[151.194585,-33.538259],[151.190837,-33.531666],[151.187383,-33.518973],[151.186379,-33.510212],[151.184075,-33.505798],[151.180962,-33.504047],[151.17654,-33.506317],[151.174245,-33.509632],[151.16873,-33.521295],[151.162496,-33.523123],[151.158792,-33.517262],[151.157967,-33.508276],[151.157741,-33.496559],[151.150473,-33.490606],[151.149505,-33.487558],[151.151061,-33.482338],[151.155206,-33.476392],[151.161672,-33.468899],[151.162647,-33.46442],[151.159765,-33.461456],[151.156365,-33.461077],[151.151518,-33.463303],[151.145295,-33.472193],[151.138876,-33.472571],[151.124807,-33.464472],[151.12117,-33.463885],[151.114089,-33.467592],[151.108483,-33.473935],[151.105872,-33.480094],[151.103296,-33.482514],[151.097586,-33.482275],[151.093559,-33.48074],[151.089369,-33.476673],[151.086202,-33.469627],[151.08229,-33.451135],[151.080265,-33.447383],[151.077458,-33.446536],[151.074544,-33.449394],[151.076882,-33.45742],[151.076048,-33.459821],[151.071362,-33.461391],[151.067796,-33.459646],[151.063987,-33.454504],[151.064324,-33.446195],[151.062181,-33.442013],[151.05257,-33.44112],[151.048447,-33.437733],[151.045882,-33.431075],[151.043029,-33.429271],[151.035715,-33.429243],[151.03233,-33.427343],[151.030911,-33.421797],[151.033423,-33.412649],[151.032748,-33.406351],[151.029563,-33.403616],[151.02323,-33.400977],[151.01766,-33.400094],[151.0026,-33.401579],[150.994807,-33.399384],[150.993367,-33.397455],[150.993104,-33.387957],[150.990938,-33.381194],[150.988458,-33.379232],[150.983831,-33.378535],[150.981576,-33.383515],[150.979737,-33.39472],[150.976652,-33.400233],[150.96106,-33.412259],[150.951743,-33.413756],[150.951077,-33.416832],[150.953407,-33.425229],[150.949247,-33.428139],[150.943673,-33.424896],[150.939846,-33.413923],[150.934273,-33.4165],[150.932442,-33.420407],[150.931278,-33.428471],[150.929947,-33.430799],[150.924955,-33.432462],[150.921544,-33.429136],[150.921461,-33.42606],[150.924622,-33.42049],[150.92221,-33.417664],[150.903575,-33.419493],[150.893758,-33.427224],[150.893342,-33.4303],[150.899249,-33.434374],[150.896254,-33.43745],[150.890847,-33.43612],[150.887353,-33.437201],[150.885357,-33.446262],[150.87554,-33.452747],[150.878951,-33.45574],[150.884608,-33.456488],[150.898251,-33.451749],[150.904842,-33.466797],[150.904772,-33.472001],[150.900127,-33.474462],[150.896116,-33.474744],[150.876553,-33.470806],[150.871064,-33.473126],[150.872734,-33.47756],[150.877397,-33.481776],[150.878734,-33.490145],[150.869657,-33.497669],[150.873157,-33.501839],[150.87645,-33.499906],[150.890205,-33.486066],[150.893512,-33.484659],[150.900901,-33.489371],[150.90442,-33.494224],[150.910294,-33.49996],[150.915058,-33.501367],[150.925449,-33.502048],[150.927672,-33.504864],[150.926583,-33.508451],[150.919278,-33.51676],[150.914559,-33.517305],[150.905348,-33.510585],[150.899449,-33.511538],[150.899585,-33.515352],[150.905756,-33.519529],[150.906618,-33.524024],[150.900538,-33.526885],[150.895756,-33.535493],[150.890101,-33.539159],[150.88933,-33.542181],[150.893058,-33.548612],[150.89203,-33.552406],[150.889073,-33.555299],[150.889795,-33.56155],[150.893435,-33.561034],[150.896005,-33.555291],[150.900027,-33.555985],[150.904734,-33.554705],[150.908117,-33.557541],[150.91613,-33.55442],[150.920449,-33.557272],[150.921632,-33.560817],[150.927895,-33.558527],[150.933641,-33.560749],[150.93579,-33.564704],[150.919403,-33.588947],[150.904371,-33.611787],[150.914946,-33.616827],[150.923116,-33.619871],[150.925141,-33.616065],[150.92956,-33.615815],[150.935453,-33.618282],[150.936607,-33.623159],[150.931724,-33.629894],[150.92776,-33.628091],[150.923565,-33.629482],[150.927854,-33.636523],[150.924754,-33.639732],[150.927218,-33.641921],[150.935792,-33.641505],[150.93784,-33.644321],[150.936538,-33.649601],[150.930459,-33.648283],[150.927946,-33.649118],[150.926878,-33.654424],[150.930022,-33.659839],[150.936921,-33.661192],[150.937936,-33.664168],[150.942946,-33.667481],[150.946675,-33.668028],[150.949119,-33.673934],[150.956265,-33.676137],[150.96206,-33.679846],[150.962217,-33.682222],[150.967731,-33.687976],[150.969687,-33.693746],[150.979287,-33.699549],[150.98167,-33.699147],[150.984298,-33.703089],[150.989082,-33.703553],[150.990494,-33.706213],[150.997297,-33.710865],[150.997119,-33.713178],[151.001583,-33.71458],[151.01612,-33.714719],[151.019071,-33.717193],[151.018197,-33.72761],[151.016831,-33.730682],[151.026935,-33.732754],[151.02303,-33.737679],[151.024284,-33.746624],[151.020852,-33.751848],[151.019263,-33.756961],[151.027502,-33.761361],[151.031131,-33.768966],[151.040415,-33.769436],[151.0476,-33.766489],[151.048958,-33.758845],[151.0577,-33.757287],[151.064242,-33.757961],[151.070729,-33.761795],[151.083624,-33.764189],[151.082888,-33.76113],[151.085545,-33.753589],[151.097152,-33.751766],[151.100105,-33.753515],[151.098584,-33.748537],[151.093491,-33.747789],[151.09079,-33.744555],[151.092173,-33.740938],[151.090015,-33.735421],[151.09237,-33.730416],[151.09594,-33.729795],[151.097104,-33.720789],[151.099908,-33.7155],[151.097174,-33.709567],[151.100173,-33.696843],[151.110251,-33.685498],[151.11223,-33.679097],[151.115616,-33.678269],[151.122954,-33.678955],[151.135666,-33.674993],[151.137955,-33.678183],[151.141743,-33.677882],[151.1471,-33.674492],[151.148547,-33.670048],[151.151533,-33.669365],[151.153918,-33.664515],[151.157562,-33.663748],[151.161505,-33.659605],[151.164108,-33.656222],[151.161546,-33.654399],[151.160861,-33.650604],[151.164817,-33.648482],[151.165104,-33.639403],[151.168843,-33.639395],[151.169891,-33.634415],[151.173397,-33.631961],[151.173041,-33.626718],[151.179502,-33.62595],[151.182257,-33.627768],[151.185202,-33.622583],[151.187736,-33.62162],[151.196143,-33.622227],[151.205049,-33.615435],[151.215461,-33.612847],[151.226685,-33.598772],[151.231648,-33.603577],[151.241199,-33.600433],[151.24616,-33.59584],[151.246419,-33.601793],[151.254334,-33.603694],[151.251843,-33.59823],[151.255461,-33.596804],[151.258392,-33.593282],[151.250946,-33.593755],[151.25021,-33.587935],[151.260747,-33.590032],[151.267299,-33.586403],[151.272277,-33.586237],[151.272329,-33.583007],[151.27633,-33.582946],[151.282942,-33.577835],[151.284798,-33.572214]]],[[[151.319113,-33.667793],[151.31840034042895,-33.670403615726],[151.32655496900284,-33.66222699010144],[151.32800084116266,-33.66002685659176],[151.3303773302219,-33.65831155765285],[151.33830794901885,-33.6509124515772],[151.3426358273203,-33.64549686700842],[151.3491452771139,-33.639070939129226],[151.35481603007943,-33.63208361994901],[151.3625974354418,-33.619727858634555],[151.37074559890266,-33.59891625164417],[151.37430349076087,-33.581635630626224],[151.37442173680688,-33.563992941627276],[151.37109579291152,-33.54666618329095],[151.36469650737354,-33.53091925516277],[151.360156,-33.532518],[151.359282,-33.534918],[151.348535,-33.539918],[151.346402,-33.543242],[151.3352,-33.5822],[151.330518,-33.582194],[151.326445,-33.588515],[151.325275,-33.597025],[151.326997,-33.599985],[151.336072,-33.604632],[151.332616,-33.60826],[151.331783,-33.612771],[151.33358,-33.616319],[151.339057,-33.617308],[151.343021,-33.624508],[151.340258,-33.626073],[151.34014,-33.633376],[151.334764,-33.633481],[151.331914,-33.636464],[151.33433,-33.643854],[151.329688,-33.643848],[151.323662,-33.65308],[151.323549,-33.657545],[151.326096,-33.662427],[151.319113,-33.667793]]]]},"bbox":[150.869657,-33.769436,151.37442173680688,-33.378535]},
{"properties":{"electorateShortName":"blaxland","electorateName":"Blaxland","area":61.071031,"state":"NSW"},"type":"Feature","geometry":{"type":"Polygon","coordinates":[[[151.042403,-33.86282],[151.043064,-33.858894],[151.03996,-33.852916],[151.037245,-33.851238],[151.044015,-33.842853],[151.029782,-33.835268],[151.024371,-33.834395],[151.017763,-33.838896],[151.016398,-33.846905],[151.017749,-33.850504],[151.011589,-33.85369],[151.008245,-33.852656],[150.996472,-33.851322],[150.993779,-33.859763],[150.985518,-33.870492],[150.978005,-33.881016],[150.973326,-33.889429],[150.969885,-33.888876],[150.968663,-33.896735],[150.979445,-33.906353],[150.974423,-33.911338],[150.973705,-33.916751],[150.975302,-33.922424],[150.978874,-33.927779],[150.968598,-33.931074],[150.968617,-33.938203],[150.966197,-33.943616],[150.970677,-33.946946],[150.988136,-33.943798],[150.998648,-33.943456],[151.004785,-33.940585],[151.010442,-33.939792],[151.019214,-33.941062],[151.031534,-33.940031],[151.035641,-33.940462],[151.038737,-33.928568],[151.038127,-33.925233],[151.042239,-33.913377],[151.03962,-33.904935],[151.036703,-33.902488],[151.042473,-33.870255],[151.041217,-33.867203],[151.042403,-33.86282]]]},"bbox":[150.966197,-33.946946,151.044015,-33.834395]},
{"properties":{"electorateShortName":"bradfield","electorateName":"Bradfield","area":101.379361,"state":"NSW"},"type":"Feature","geometry":{"type":"MultiPolygon","coordinates":[[[[151.232938,-33.792589],[151.234942,-33.788918],[151.230941,-33.784287],[151.222669,-33.785059],[151.213645,-33.782764],[151.212466,-33.778566],[151.203599,-33.773133],[151.203518,-33.770556],[151.199426,-33.76791],[151.198416,-33.761605],[151.193803,-33.759981],[151.190988,-33.757003],[151.193976,-33.750466],[151.188384,-33.743645],[151.182132,-33.742698],[151.18035,-33.740095],[151.182553,-33.732406],[151.187522,-33.728208],[151.188837,-33.725118],[151.187746,-33.720649],[151.191417,-33.702699],[151.188405,-33.698545],[151.176324,-33.697875],[151.172725,-33.692784],[151.165852,-33.686067],[151.171846,-33.677542],[151.168831,-33.676212],[151.16723,-33.672301],[151.168875,-33.667781],[151.166919,-33.664547],[151.161505,-33.659605],[151.157562,-33.663748],[151.153918,-33.664515],[151.151533,-33.669365],[151.148547,-33.670048],[151.1471,-33.674492],[151.141743,-33.677882],[151.137955,-33.678183],[151.135666,-33.674993],[151.122954,-33.678955],[151.115616,-33.678269],[151.11223,-33.679097],[151.110251,-33.685498],[151.100173,-33.696843],[151.097174,-33.709567],[151.099908,-33.7155],[151.097104,-33.720789],[151.09594,-33.729795],[151.09237,-33.730416],[151.090015,-33.735421],[151.092173,-33.740938],[151.09079,-33.744555],[151.093491,-33.747789],[151.098584,-33.748537],[151.100105,-33.753515],[151.105327,-33.757673],[151.105367,-33.761185],[151.109517,-33.762595],[151.116135,-33.76121],[151.118856,-33.762505],[151.12198,-33.770095],[151.132034,-33.774553],[151.140132,-33.776637],[151.138678,-33.779032],[151.142445,-33.781158],[151.144734,-33.785473],[151.148832,-33.787351],[151.147066,-33.790989],[151.149185,-33.794277],[151.152666,-33.79042],[151.157106,-33.792709],[151.164582,-33.794275],[151.168269,-33.796875],[151.17511,-33.795733],[151.178237,-33.797722],[151.202999,-33.790238],[151.203381,-33.786613],[151.219566,-33.791325],[151.224925,-33.794695],[151.232938,-33.792589]]],[[[151.30748,-33.738554],[151.30536493548698,-33.73225903021891],[151.302516,-33.732569],[151.305268,-33.734037],[151.30748,-33.738554]]],[[[151.282829,-33.862556],[151.28562792507742,-33.865562264990224],[151.297434836172,-33.85565127166434],[151.30737722932173,-33.843870789638686],[151.30785922932174,-33.84318878963869],[151.31832853479554,-33.82364285539864],[151.3233530384262,-33.80603200869425],[151.3235460384262,-33.80494900869425],[151.324942,-33.789159],[151.32367942331052,-33.77389569311306],[151.3199271176843,-33.759294870992726],[151.3124796941701,-33.74318625241193],[151.307883,-33.744221],[151.30129,-33.748421],[151.297485,-33.753217],[151.299717,-33.756601],[151.301848,-33.760243],[151.302525,-33.768177],[151.298518,-33.767561],[151.29314,-33.773274],[151.295954,-33.781772],[151.289885,-33.782404],[151.291345,-33.785715],[151.288595,-33.787268],[151.288071,-33.79454],[151.290332,-33.799121],[151.29413,-33.800895],[151.297149,-33.799331],[151.30214,-33.802652],[151.303564,-33.806415],[151.307595,-33.807763],[151.301061,-33.818464],[151.301529,-33.823317],[151.290672,-33.828322],[151.280955,-33.832769],[151.287848,-33.850202],[151.286273,-33.852492],[151.286331,-33.857691],[151.282829,-33.862556]]]]},"bbox":[151.090015,-33.865562264990224,151.324942,-33.659605]},
{"properties":{"electorateShortName":"calare","electorateName":"Calare","area":32666.202795,"state":"NSW"},"type":"Feature","geometry":{"type":"Polygon","coordinates":[[[150.186093,-33.88118],[150.179152,-33.873107],[150.170536,-33.872325],[150.166036,-33.864556],[150.174315,-33.862304],[150.176052,-33.860469],[150.175586,-33.852848],[150.181839,-33.847939],[150.182331,-33.841668],[150.185295,-33.838119],[150.182725,-33.829878],[150.178608,-33.830459],[150.176151,-33.834295],[150.172096,-33.831211],[150.169176,-33.826616],[150.174279,-33.821168],[150.173391,-33.816977],[150.180411,-33.805847],[150.181131,-33.802595],[150.179346,-33.796961],[150.171948,-33.798754],[150.16873,-33.795131],[150.171948,-33.792935],[150.171853,-33.787983],[150.177901,-33.786165],[150.179286,-33.782186],[150.177912,-33.778027],[150.183949,-33.778115],[150.190419,-33.774913],[150.191167,-33.770044],[150.195675,-33.766337],[150.193354,-33.76248],[150.19551,-33.757427],[150.190628,-33.749664],[150.185842,-33.750854],[150.180063,-33.745869],[150.179646,-33.743476],[150.188077,-33.737183],[150.190084,-33.73363],[150.19454,-33.734365],[150.198909,-33.728766],[150.210142,-33.725839],[150.212336,-33.720971],[150.206317,-33.714092],[150.202331,-33.718103],[150.199111,-33.716788],[150.199456,-33.713469],[150.195512,-33.71289],[150.190722,-33.719125],[150.181753,-33.722527],[150.177654,-33.721036],[150.178003,-33.715309],[150.18065,-33.714379],[150.182809,-33.709169],[150.181602,-33.704467],[150.207621,-33.708514],[150.214826,-33.674875],[150.228915,-33.675998],[150.231364,-33.663004],[150.243138,-33.66454],[150.248256,-33.663644],[150.248329,-33.658346],[150.246824,-33.656256],[150.241629,-33.654497],[150.237807,-33.651222],[150.240504,-33.638576],[150.261918,-33.641664],[150.264089,-33.631226],[150.267516,-33.629347],[150.266463,-33.622346],[150.270759,-33.622929],[150.27147,-33.619145],[150.258977,-33.61747],[150.260282,-33.610715],[150.249016,-33.609112],[150.250274,-33.603441],[150.243219,-33.60244],[150.244826,-33.59442],[150.236942,-33.593271],[150.239418,-33.58181],[150.235428,-33.581367],[150.235253,-33.576002],[150.228146,-33.575059],[150.225521,-33.571677],[150.227451,-33.563532],[150.224756,-33.560321],[150.21372,-33.557651],[150.215642,-33.547977],[150.22689,-33.549511],[150.227786,-33.550626],[150.226118,-33.560516],[150.235422,-33.562018],[150.240555,-33.56042],[150.241251,-33.556794],[150.250674,-33.558046],[150.25767,-33.51874],[150.253341,-33.518181],[150.255703,-33.50549],[150.256814,-33.494305],[150.260788,-33.496272],[150.27679,-33.49918],[150.301649,-33.502262],[150.314668,-33.504414],[150.311912,-33.52015],[150.330777,-33.522495],[150.332084,-33.522197],[150.335619,-33.511948],[150.342197,-33.512052],[150.344467,-33.509466],[150.348298,-33.508797],[150.349161,-33.504979],[150.347034,-33.502089],[150.35577,-33.495917],[150.353547,-33.490626],[150.35677,-33.485726],[150.364006,-33.489175],[150.369314,-33.488578],[150.375798,-33.486303],[150.38183,-33.487721],[150.384153,-33.479874],[150.389435,-33.481546],[150.39308,-33.487081],[150.400411,-33.48728],[150.397605,-33.482563],[150.402519,-33.476926],[150.409409,-33.473919],[150.411016,-33.47848],[150.408594,-33.480962],[150.419212,-33.486562],[150.422948,-33.48233],[150.428664,-33.481157],[150.431947,-33.482026],[150.440457,-33.480904],[150.441811,-33.482738],[150.4474,-33.481423],[150.447816,-33.473436],[150.450839,-33.466658],[150.451186,-33.458985],[150.455614,-33.457227],[150.465404,-33.456469],[150.468351,-33.454068],[150.465794,-33.451301],[150.460296,-33.449083],[150.472755,-33.438565],[150.473715,-33.432908],[150.479044,-33.430037],[150.476945,-33.427524],[150.478193,-33.41879],[150.48035,-33.414933],[150.478817,-33.412533],[150.480221,-33.408536],[150.477604,-33.404708],[150.479116,-33.401926],[150.475923,-33.399445],[150.480138,-33.396699],[150.485214,-33.395367],[150.483236,-33.39284],[150.484435,-33.389258],[150.487725,-33.386328],[150.482172,-33.38384],[150.487535,-33.381892],[150.489808,-33.377476],[150.493852,-33.379181],[150.496375,-33.377127],[150.501161,-33.378272],[150.504376,-33.375716],[150.509062,-33.37915],[150.511648,-33.375392],[150.51573,-33.377498],[150.521103,-33.373831],[150.526229,-33.375303],[150.5282,-33.370725],[150.538791,-33.367729],[150.542538,-33.364039],[150.545835,-33.366295],[150.549405,-33.364845],[150.550972,-33.368615],[150.555069,-33.365971],[150.559071,-33.366022],[150.560141,-33.361656],[150.566463,-33.359863],[150.567424,-33.355576],[150.574088,-33.357999],[150.576968,-33.352138],[150.580997,-33.351442],[150.580771,-33.347624],[150.582762,-33.34305],[150.590621,-33.342604],[150.591305,-33.337363],[150.583174,-33.33254],[150.582165,-33.329463],[150.585587,-33.325331],[150.583788,-33.321942],[150.58063,-33.320707],[150.574565,-33.322405],[150.569422,-33.320656],[150.561509,-33.320563],[150.554153,-33.318294],[150.551523,-33.315285],[150.553543,-33.31098],[150.560319,-33.312407],[150.564321,-33.309625],[150.566799,-33.30573],[150.565444,-33.29868],[150.556317,-33.293352],[150.557503,-33.290777],[150.56158,-33.289092],[150.566112,-33.290837],[150.575561,-33.289619],[150.564387,-33.283181],[150.557395,-33.280644],[150.554024,-33.276508],[150.552368,-33.271817],[150.555345,-33.265422],[150.562045,-33.266164],[150.562852,-33.26403],[150.560389,-33.256919],[150.555318,-33.254255],[150.549228,-33.257329],[150.543929,-33.255993],[150.541433,-33.253286],[150.539721,-33.248086],[150.535805,-33.245715],[150.53315,-33.240176],[150.527084,-33.240151],[150.525863,-33.236883],[150.529587,-33.233836],[150.530233,-33.225633],[150.532535,-33.223316],[150.542957,-33.222186],[150.543207,-33.216862],[150.5395,-33.213079],[150.534081,-33.211498],[150.5306,-33.202188],[150.530778,-33.199328],[150.527999,-33.194059],[150.531291,-33.191286],[150.536844,-33.191916],[150.539,-33.187797],[150.543547,-33.185464],[150.552354,-33.183727],[150.55542,-33.174281],[150.552122,-33.171145],[150.554719,-33.168258],[150.554055,-33.162685],[150.559832,-33.161035],[150.563113,-33.162301],[150.566823,-33.157243],[150.572718,-33.156826],[150.572854,-33.161213],[150.570094,-33.164484],[150.570949,-33.168698],[150.576792,-33.167721],[150.581126,-33.168448],[150.585563,-33.166025],[150.585439,-33.161782],[150.589786,-33.160277],[150.586393,-33.1517],[150.587936,-33.14746],[150.593156,-33.147487],[150.595648,-33.145242],[150.604485,-33.1473],[150.610163,-33.142866],[150.61181,-33.138498],[150.610509,-33.135035],[150.605086,-33.132483],[150.599497,-33.127922],[150.59865,-33.124654],[150.602723,-33.122644],[150.606592,-33.124546],[150.60831,-33.119741],[150.611668,-33.119417],[150.612028,-33.114895],[150.609284,-33.111963],[150.613723,-33.110012],[150.619741,-33.110009],[150.616785,-33.103606],[150.607115,-33.100932],[150.610914,-33.098752],[150.613546,-33.089187],[150.609832,-33.083299],[150.612507,-33.072258],[150.610687,-33.066137],[150.609186,-33.068772],[150.603766,-33.069697],[150.595966,-33.065985],[150.590477,-33.065665],[150.589082,-33.063105],[150.579858,-33.063442],[150.572197,-33.058909],[150.558307,-33.060312],[150.552877,-33.059622],[150.552392,-33.051218],[150.544665,-33.042484],[150.5413,-33.040758],[150.538392,-33.042889],[150.53359,-33.042216],[150.53084,-33.037366],[150.524203,-33.037771],[150.520464,-33.035048],[150.504655,-33.036682],[150.503181,-33.03526],[150.496685,-33.03574],[150.491474,-33.043368],[150.491958,-33.045967],[150.488448,-33.048124],[150.475996,-33.047048],[150.470589,-33.045111],[150.464638,-33.045876],[150.464395,-33.041239],[150.455274,-33.038577],[150.451778,-33.039249],[150.448336,-33.035378],[150.442274,-33.036984],[150.438965,-33.035012],[150.430974,-33.035636],[150.425313,-33.028713],[150.419165,-33.027742],[150.413401,-33.023787],[150.405019,-33.024502],[150.400505,-33.033318],[150.393846,-33.039186],[150.392913,-33.03412],[150.38691,-33.026841],[150.380777,-33.024506],[150.379662,-33.020549],[150.375541,-33.016708],[150.371672,-33.015457],[150.37052,-33.010952],[150.375142,-33.005928],[150.373978,-33.001279],[150.376002,-32.998568],[150.376302,-32.990227],[150.366606,-32.971648],[150.3713,-32.967798],[150.376637,-32.961748],[150.375671,-32.95843],[150.372058,-32.954708],[150.367779,-32.954011],[150.367545,-32.94373],[150.368464,-32.939949],[150.366455,-32.936634],[150.361724,-32.934587],[150.362471,-32.931573],[150.359379,-32.925468],[150.352985,-32.923544],[150.355203,-32.917654],[150.352779,-32.909984],[150.349011,-32.909477],[150.350503,-32.903117],[150.346616,-32.895492],[150.347194,-32.890812],[150.343848,-32.887949],[150.340256,-32.887807],[150.336322,-32.884549],[150.335937,-32.880334],[150.340494,-32.875609],[150.340685,-32.87098],[150.343639,-32.870025],[150.349906,-32.870872],[150.361758,-32.867377],[150.358919,-32.859595],[150.360883,-32.856701],[150.3622,-32.845066],[150.356102,-32.839323],[150.354633,-32.832242],[150.352403,-32.829947],[150.351705,-32.823704],[150.349351,-32.8179],[150.342672,-32.814844],[150.338294,-32.808117],[150.338388,-32.798777],[150.341577,-32.794335],[150.337961,-32.790139],[150.332958,-32.789029],[150.329321,-32.784017],[150.324811,-32.785655],[150.320814,-32.783264],[150.317095,-32.783755],[150.314477,-32.779945],[150.308225,-32.77574],[150.303239,-32.774328],[150.299956,-32.77162],[150.29739,-32.767045],[150.293653,-32.76494],[150.289272,-32.765431],[150.278035,-32.75127],[150.275344,-32.746762],[150.276988,-32.732349],[150.27969,-32.729489],[150.29079,-32.721148],[150.29694,-32.691551],[150.300003,-32.689704],[150.304872,-32.678377],[150.3081,-32.66522],[150.313294,-32.664021],[150.31929,-32.660848],[150.318916,-32.655081],[150.320162,-32.647922],[150.311343,-32.646919],[150.251156,-32.61527],[150.227412,-32.612312],[150.236149,-32.608418],[150.239234,-32.601114],[150.247357,-32.600271],[150.252703,-32.600801],[150.25947,-32.597717],[150.260643,-32.595697],[150.262564,-32.584787],[150.266043,-32.577718],[150.236833,-32.574043],[150.237577,-32.566814],[150.242646,-32.557352],[150.247005,-32.551348],[150.243148,-32.547816],[150.243585,-32.541271],[150.241839,-32.538423],[150.243594,-32.526318],[150.248291,-32.524499],[150.24714,-32.519241],[150.242674,-32.514653],[150.241115,-32.509881],[150.243035,-32.50418],[150.240182,-32.498325],[150.240483,-32.494422],[150.246508,-32.488264],[150.247522,-32.482822],[150.24592,-32.480509],[150.237284,-32.479717],[150.236547,-32.476123],[150.238273,-32.472883],[150.231324,-32.465127],[150.226655,-32.462928],[150.22741,-32.455727],[150.234448,-32.454258],[150.236048,-32.456852],[150.2408,-32.458593],[150.245457,-32.457733],[150.246977,-32.460298],[150.254504,-32.457659],[150.258352,-32.454303],[150.267406,-32.44944],[150.273145,-32.435946],[150.275987,-32.436198],[150.276118,-32.431556],[150.279758,-32.428957],[150.279603,-32.422298],[150.283476,-32.420523],[150.287944,-32.422454],[150.291462,-32.42082],[150.299748,-32.419382],[150.302781,-32.415342],[150.309574,-32.41408],[150.310551,-32.409165],[150.315171,-32.40983],[150.319073,-32.40827],[150.314967,-32.403495],[150.315072,-32.392688],[150.319376,-32.390888],[150.320379,-32.388209],[150.316837,-32.384971],[150.309427,-32.38668],[150.306487,-32.380795],[150.307258,-32.374897],[150.304668,-32.37325],[150.294834,-32.385022],[150.28843,-32.3869],[150.284291,-32.386226],[150.28191,-32.383116],[150.287433,-32.380318],[150.285274,-32.374744],[150.278826,-32.375134],[150.276805,-32.381146],[150.273245,-32.380385],[150.266882,-32.375964],[150.268574,-32.371552],[150.265473,-32.369131],[150.264699,-32.362144],[150.259542,-32.359631],[150.259637,-32.356372],[150.264749,-32.35504],[150.261842,-32.351743],[150.26056,-32.346173],[150.260895,-32.334576],[150.267698,-32.327274],[150.27144,-32.324624],[150.270576,-32.321442],[150.265386,-32.322485],[150.261057,-32.327178],[150.253509,-32.326097],[150.251908,-32.323452],[150.25674,-32.319582],[150.261391,-32.317924],[150.262383,-32.315621],[150.25528,-32.313771],[150.25279,-32.308426],[150.249223,-32.30561],[150.246518,-32.312697],[150.244282,-32.31356],[150.240507,-32.309412],[150.235609,-32.308222],[150.232254,-32.313887],[150.223691,-32.314477],[150.220506,-32.315794],[150.217188,-32.323074],[150.212665,-32.322215],[150.208533,-32.318443],[150.205963,-32.323277],[150.206605,-32.326101],[150.214117,-32.328076],[150.215366,-32.334095],[150.218141,-32.337819],[150.209968,-32.339769],[150.206174,-32.338374],[150.206128,-32.333502],[150.197112,-32.332611],[150.195338,-32.335713],[150.195557,-32.340853],[150.190794,-32.344222],[150.189564,-32.351719],[150.186801,-32.350736],[150.185981,-32.343733],[150.18757,-32.334989],[150.17927,-32.333881],[150.176846,-32.325747],[150.170936,-32.324638],[150.165772,-32.319959],[150.163331,-32.320836],[150.165778,-32.328793],[150.164651,-32.331603],[150.15956,-32.332052],[150.159054,-32.326233],[150.151684,-32.329392],[150.149961,-32.334725],[150.145027,-32.339928],[150.142012,-32.341451],[150.132276,-32.336576],[150.127247,-32.341279],[150.117906,-32.338999],[150.113007,-32.341056],[150.102209,-32.342791],[150.09134,-32.341906],[150.078799,-32.343106],[150.074879,-32.344702],[150.067384,-32.343541],[150.066266,-32.347703],[150.069754,-32.354795],[150.067073,-32.356008],[150.053646,-32.350755],[150.050781,-32.346724],[150.047259,-32.337463],[150.037448,-32.328178],[150.030674,-32.33398],[150.028658,-32.332032],[150.027724,-32.324452],[150.032068,-32.315553],[150.02641,-32.310936],[150.021931,-32.305593],[150.030106,-32.291558],[150.034829,-32.295757],[150.037456,-32.292514],[150.03253,-32.289367],[150.036512,-32.285362],[150.041236,-32.286972],[150.043911,-32.283034],[150.043992,-32.278321],[150.04577,-32.276028],[150.04272,-32.268396],[150.041813,-32.262032],[150.04711,-32.261384],[150.053136,-32.258416],[150.051872,-32.253843],[150.045812,-32.251923],[150.047243,-32.244276],[150.057791,-32.250354],[150.062501,-32.247197],[150.062277,-32.242852],[150.055455,-32.239116],[150.059027,-32.234529],[150.060247,-32.227224],[150.049282,-32.22546],[150.047941,-32.221496],[150.04884,-32.216252],[150.051395,-32.21388],[150.05774,-32.214676],[150.058896,-32.207632],[150.062718,-32.208113],[150.065351,-32.196854],[150.072083,-32.192886],[150.069726,-32.187841],[150.0639,-32.18419],[150.061542,-32.187715],[150.061362,-32.192052],[150.058476,-32.19256],[150.053194,-32.187877],[150.049627,-32.191801],[150.045029,-32.193727],[150.04176,-32.188531],[150.03576,-32.190264],[150.034803,-32.195905],[150.026908,-32.194864],[150.028746,-32.187263],[150.023077,-32.183632],[150.017097,-32.186711],[150.013982,-32.186598],[150.015475,-32.178376],[150.008146,-32.176603],[150.00946,-32.162659],[150.001156,-32.161588],[150.00064,-32.164655],[149.990684,-32.163682],[149.98935,-32.171135],[149.985142,-32.170585],[149.982621,-32.184721],[149.960754,-32.181876],[149.964628,-32.160154],[149.939343,-32.157041],[149.940363,-32.152712],[149.944886,-32.141092],[149.947996,-32.134952],[149.933553,-32.133589],[149.92077,-32.137369],[149.921928,-32.13009],[149.930319,-32.131107],[149.932317,-32.119232],[149.922783,-32.11806],[149.921931,-32.123016],[149.893994,-32.11996],[149.892172,-32.117859],[149.892267,-32.11267],[149.861229,-32.108567],[149.86088,-32.110573],[149.849847,-32.109167],[149.848468,-32.117368],[149.845189,-32.11697],[149.845959,-32.10608],[149.828982,-32.103896],[149.81943,-32.103624],[149.820768,-32.096376],[149.815993,-32.095748],[149.812097,-32.092904],[149.81249,-32.090657],[149.803022,-32.089331],[149.802182,-32.093675],[149.795238,-32.092721],[149.79754,-32.080168],[149.791608,-32.079359],[149.795665,-32.05809],[149.793148,-32.059792],[149.792019,-32.066365],[149.788175,-32.066524],[149.78552,-32.07053],[149.782548,-32.07108],[149.778478,-32.07755],[149.777619,-32.091553],[149.768034,-32.091146],[149.762869,-32.089301],[149.758087,-32.092369],[149.755687,-32.096385],[149.751833,-32.099561],[149.750841,-32.104646],[149.753312,-32.106283],[149.750811,-32.119822],[149.711904,-32.114997],[149.692819,-32.112377],[149.692121,-32.116378],[149.681179,-32.114894],[149.675092,-32.116466],[149.674493,-32.121333],[149.669345,-32.122255],[149.655123,-32.11657],[149.649289,-32.115024],[149.64521,-32.118201],[149.643502,-32.114579],[149.639956,-32.112853],[149.633471,-32.116695],[149.627047,-32.115947],[149.621742,-32.118205],[149.618445,-32.117837],[149.616683,-32.122779],[149.608589,-32.123283],[149.604367,-32.12695],[149.59752,-32.124786],[149.593955,-32.121979],[149.591934,-32.116411],[149.588975,-32.115827],[149.581727,-32.111109],[149.581462,-32.106866],[149.57844,-32.106699],[149.577139,-32.101449],[149.578441,-32.099266],[149.574904,-32.095179],[149.576362,-32.091038],[149.573383,-32.086081],[149.567636,-32.084674],[149.560957,-32.084361],[149.559911,-32.086149],[149.551882,-32.089234],[149.546809,-32.08666],[149.544751,-32.088568],[149.539369,-32.088248],[149.532066,-32.089365],[149.528595,-32.086364],[149.524422,-32.086935],[149.51826,-32.08378],[149.51379,-32.079585],[149.510431,-32.074656],[149.500301,-32.073225],[149.497482,-32.089619],[149.494803,-32.102092],[149.479716,-32.108794],[149.478736,-32.101989],[149.480145,-32.094151],[149.472505,-32.093272],[149.470718,-32.103526],[149.446976,-32.100632],[149.447643,-32.096816],[149.432506,-32.095033],[149.427052,-32.097023],[149.415023,-32.095554],[149.41308,-32.097709],[149.412256,-32.10611],[149.416943,-32.111455],[149.417065,-32.115198],[149.421577,-32.116777],[149.428251,-32.124041],[149.427939,-32.137201],[149.412891,-32.135524],[149.411783,-32.138195],[149.417288,-32.153064],[149.413277,-32.175537],[149.409086,-32.175025],[149.407363,-32.178088],[149.396757,-32.176834],[149.39626,-32.18036],[149.38858,-32.183529],[149.388541,-32.191351],[149.384681,-32.193166],[149.373105,-32.189919],[149.373747,-32.197698],[149.373174,-32.203613],[149.375344,-32.20492],[149.373614,-32.211552],[149.373717,-32.215765],[149.366813,-32.216562],[149.363747,-32.220186],[149.361011,-32.220394],[149.36008,-32.225456],[149.356991,-32.2308],[149.356421,-32.234832],[149.351634,-32.235576],[149.346378,-32.238059],[149.345953,-32.24606],[149.339784,-32.256435],[149.329722,-32.258322],[149.326494,-32.260376],[149.325403,-32.266076],[149.327897,-32.274684],[149.331359,-32.277842],[149.335167,-32.284461],[149.329354,-32.289245],[149.321015,-32.286807],[149.315209,-32.292634],[149.312734,-32.299326],[149.307309,-32.300297],[149.305892,-32.304507],[149.296049,-32.303942],[149.29333,-32.302698],[149.289023,-32.296501],[149.284998,-32.288772],[149.280004,-32.288237],[149.273224,-32.294852],[149.265158,-32.291873],[149.264557,-32.293979],[149.257833,-32.295986],[149.253305,-32.295055],[149.242722,-32.29753],[149.238575,-32.299269],[149.23412,-32.29693],[149.234998,-32.293416],[149.225781,-32.295275],[149.189159,-32.290575],[149.194979,-32.258674],[149.192127,-32.258286],[149.196199,-32.236153],[149.198555,-32.236461],[149.203123,-32.213625],[149.190704,-32.212045],[149.192528,-32.201953],[149.196513,-32.202271],[149.199006,-32.194443],[149.198763,-32.186752],[149.205385,-32.18616],[149.205981,-32.1831],[149.218841,-32.18479],[149.220284,-32.180113],[149.214605,-32.172297],[149.210776,-32.163767],[149.212022,-32.160819],[149.212196,-32.151001],[149.210415,-32.148939],[149.203958,-32.147564],[149.203153,-32.144386],[149.197872,-32.145157],[149.201478,-32.133165],[149.200102,-32.128957],[149.195968,-32.124405],[149.200175,-32.119482],[149.20021,-32.116992],[149.195839,-32.1141],[149.198129,-32.109779],[149.193389,-32.106714],[149.193723,-32.104417],[149.185756,-32.103993],[149.182395,-32.09987],[149.177585,-32.100269],[149.178188,-32.104477],[149.166214,-32.10665],[149.165604,-32.113005],[149.168124,-32.117356],[149.174142,-32.120306],[149.173367,-32.123283],[149.169734,-32.124255],[149.162908,-32.123995],[149.155107,-32.121617],[149.155144,-32.116093],[149.144279,-32.11795],[149.136512,-32.115258],[149.1312,-32.112021],[149.123841,-32.100284],[149.12115,-32.101915],[149.122056,-32.105264],[149.119632,-32.108011],[149.115395,-32.107151],[149.111828,-32.110814],[149.109272,-32.11004],[149.107258,-32.104658],[149.104398,-32.106633],[149.104236,-32.113092],[149.100358,-32.115175],[149.095629,-32.114747],[149.092761,-32.111644],[149.09397,-32.109063],[149.082369,-32.105653],[149.077091,-32.10173],[149.071743,-32.103446],[149.070501,-32.100469],[149.070806,-32.094315],[149.059604,-32.086972],[149.056853,-32.088243],[149.059438,-32.096086],[149.055568,-32.100264],[149.051834,-32.100521],[149.047124,-32.104126],[149.041509,-32.101405],[149.034582,-32.099371],[149.032429,-32.1],[149.025932,-32.108786],[149.0185,-32.108669],[149.015556,-32.105149],[149.012024,-32.106866],[149.008757,-32.112981],[149.008957,-32.118713],[149.004268,-32.122178],[149.001224,-32.139404],[148.996868,-32.142018],[148.993543,-32.138268],[148.990911,-32.138475],[148.988214,-32.142606],[148.98716,-32.15001],[148.981011,-32.157329],[148.974492,-32.162059],[148.968396,-32.167622],[148.964489,-32.167292],[148.959971,-32.161548],[148.955402,-32.162008],[148.952913,-32.157583],[148.950374,-32.165805],[148.946132,-32.170208],[148.944185,-32.174016],[148.944905,-32.178903],[148.942027,-32.180772],[148.941022,-32.186101],[148.938574,-32.189759],[148.935174,-32.209943],[148.939146,-32.210435],[148.934434,-32.236129],[148.931552,-32.248435],[148.927247,-32.271664],[148.89617,-32.291159],[148.8873,-32.290286],[148.883545,-32.312008],[148.851192,-32.31338],[148.852684,-32.319664],[148.850666,-32.332466],[148.841097,-32.331192],[148.820526,-32.352182],[148.805097,-32.367108],[148.799842,-32.363262],[148.790523,-32.359617],[148.770239,-32.343616],[148.768123,-32.343124],[148.760477,-32.386089],[148.758379,-32.389373],[148.765665,-32.390262],[148.764591,-32.39658],[148.757358,-32.395653],[148.75601,-32.40866],[148.754109,-32.419051],[148.749041,-32.417811],[148.740778,-32.418047],[148.739025,-32.42234],[148.734998,-32.423472],[148.724161,-32.421029],[148.72466,-32.416117],[148.721967,-32.414503],[148.716606,-32.415897],[148.710111,-32.407473],[148.706803,-32.405438],[148.700428,-32.405867],[148.698419,-32.408755],[148.704409,-32.420476],[148.705094,-32.428598],[148.703837,-32.434946],[148.70675,-32.436423],[148.711782,-32.434273],[148.717157,-32.436744],[148.715613,-32.442211],[148.716681,-32.446327],[148.72171,-32.451291],[148.725946,-32.462179],[148.731995,-32.465031],[148.73372,-32.469475],[148.72766,-32.472939],[148.723329,-32.479618],[148.7226,-32.483155],[148.724458,-32.493788],[148.719586,-32.495371],[148.717952,-32.492458],[148.714604,-32.491885],[148.709519,-32.493943],[148.702093,-32.49525],[148.700407,-32.496936],[148.702687,-32.505991],[148.702499,-32.509846],[148.699205,-32.516992],[148.699642,-32.523412],[148.703379,-32.524195],[148.708746,-32.523119],[148.712669,-32.531306],[148.70543,-32.544895],[148.701491,-32.548838],[148.701208,-32.554063],[148.706761,-32.554718],[148.710445,-32.552341],[148.714699,-32.552531],[148.715897,-32.556386],[148.714541,-32.561977],[148.717867,-32.56645],[148.723659,-32.568773],[148.723539,-32.573597],[148.719957,-32.575391],[148.70925,-32.574637],[148.700857,-32.576506],[148.698229,-32.580018],[148.700969,-32.582471],[148.709107,-32.583894],[148.708254,-32.58926],[148.698267,-32.59439],[148.696925,-32.597117],[148.692833,-32.597355],[148.690485,-32.600692],[148.693894,-32.604953],[148.699774,-32.607024],[148.7026,-32.612075],[148.697775,-32.615316],[148.693947,-32.613557],[148.686155,-32.612737],[148.682549,-32.614839],[148.678041,-32.619574],[148.669562,-32.624041],[148.667179,-32.630708],[148.664408,-32.634848],[148.66445,-32.640668],[148.658853,-32.638707],[148.64562,-32.63946],[148.641238,-32.634789],[148.637557,-32.63329],[148.63452,-32.637372],[148.635565,-32.640827],[148.630079,-32.644168],[148.631834,-32.649419],[148.627795,-32.652856],[148.623194,-32.647936],[148.621315,-32.647987],[148.616435,-32.653134],[148.614067,-32.653575],[148.604781,-32.652036],[148.501184,-32.614117],[148.475148,-32.627842],[148.47149,-32.625837],[148.467384,-32.621001],[148.463891,-32.61335],[148.459516,-32.60721],[148.435418,-32.620599],[148.427457,-32.621384],[148.424954,-32.620122],[148.420432,-32.621734],[148.401477,-32.62371],[148.391421,-32.621925],[148.385925,-32.622079],[148.38473,-32.624724],[148.378215,-32.62679],[148.375462,-32.630361],[148.369629,-32.628854],[148.366306,-32.624198],[148.361775,-32.621947],[148.359792,-32.62655],[148.356308,-32.629571],[148.355706,-32.633293],[148.349499,-32.636824],[148.347257,-32.641587],[148.348767,-32.645278],[148.344554,-32.653727],[148.346763,-32.660719],[148.342801,-32.664758],[148.347663,-32.672819],[148.347143,-32.675763],[148.341368,-32.678677],[148.33496,-32.679034],[148.332035,-32.685435],[148.333072,-32.68885],[148.331129,-32.692033],[148.332072,-32.694899],[148.329513,-32.701025],[148.331908,-32.709749],[148.32974,-32.715975],[148.33182,-32.728392],[148.335609,-32.73187],[148.333806,-32.739992],[148.330803,-32.743667],[148.331923,-32.746568],[148.332528,-32.758459],[148.334944,-32.768913],[148.33533,-32.781608],[148.331597,-32.784338],[148.332648,-32.789708],[148.330872,-32.79203],[148.331807,-32.795715],[148.328315,-32.798687],[148.327759,-32.802517],[148.329377,-32.810831],[148.34251,-32.81081],[148.346743,-32.812669],[148.347443,-32.81636],[148.35303,-32.820663],[148.359879,-32.824577],[148.367733,-32.825991],[148.368127,-32.832295],[148.37306,-32.830317],[148.3781,-32.833621],[148.378526,-32.842034],[148.375828,-32.845576],[148.37795,-32.85021],[148.383154,-32.85222],[148.385047,-32.865789],[148.384572,-32.874917],[148.380598,-32.878381],[148.382125,-32.889427],[148.381257,-32.914022],[148.378697,-32.921153],[148.372514,-32.929172],[148.378497,-32.93378],[148.381831,-32.93455],[148.378367,-32.942259],[148.377921,-32.951286],[148.379267,-32.953875],[148.375862,-32.955923],[148.376304,-32.961737],[148.372179,-32.971583],[148.374386,-32.972392],[148.382944,-32.971448],[148.389789,-32.974747],[148.391627,-32.974233],[148.398032,-32.960691],[148.399352,-32.959165],[148.406958,-32.966374],[148.41419,-32.968974],[148.418644,-32.973569],[148.42144,-32.974409],[148.430165,-32.969942],[148.437365,-32.976252],[148.439687,-32.980485],[148.439192,-32.983498],[148.44635,-32.992575],[148.455275,-32.993992],[148.456264,-32.99844],[148.454646,-33.000726],[148.459038,-33.004772],[148.460007,-33.008728],[148.464864,-33.014495],[148.472815,-33.01718],[148.481055,-33.016377],[148.486498,-33.02081],[148.487583,-33.025463],[148.493038,-33.03024],[148.495564,-33.035183],[148.495488,-33.039428],[148.503737,-33.046861],[148.503815,-33.052799],[148.507243,-33.05343],[148.503823,-33.060008],[148.505455,-33.062037],[148.502703,-33.079039],[148.499598,-33.082631],[148.497275,-33.096367],[148.499758,-33.097941],[148.490432,-33.107743],[148.486567,-33.123236],[148.491298,-33.125007],[148.49205,-33.129862],[148.497977,-33.134124],[148.504332,-33.134199],[148.502386,-33.140386],[148.503878,-33.147559],[148.505823,-33.150971],[148.502941,-33.157372],[148.505708,-33.162295],[148.505521,-33.165857],[148.493043,-33.179705],[148.4927,-33.185358],[148.497126,-33.187684],[148.495895,-33.190869],[148.489988,-33.194898],[148.482474,-33.197187],[148.475887,-33.196242],[148.475442,-33.198397],[148.46668,-33.208771],[148.458002,-33.204896],[148.44755,-33.202623],[148.442501,-33.204476],[148.436592,-33.203122],[148.431934,-33.200082],[148.42834,-33.202387],[148.42915,-33.207238],[148.431691,-33.212422],[148.429009,-33.220244],[148.432654,-33.225572],[148.431711,-33.232299],[148.428194,-33.239169],[148.422762,-33.242617],[148.414688,-33.250728],[148.401701,-33.259592],[148.401671,-33.266776],[148.397185,-33.269909],[148.398675,-33.274327],[148.399063,-33.284574],[148.400981,-33.28751],[148.400922,-33.293916],[148.403431,-33.29744],[148.402028,-33.2997],[148.405274,-33.305801],[148.409601,-33.308753],[148.412847,-33.313627],[148.414682,-33.319528],[148.413762,-33.322561],[148.415578,-33.327606],[148.409727,-33.326489],[148.398745,-33.335101],[148.396655,-33.33921],[148.393449,-33.34152],[148.39194,-33.347301],[148.385666,-33.350789],[148.384037,-33.353254],[148.386058,-33.356555],[148.390472,-33.357573],[148.397321,-33.364215],[148.402142,-33.365058],[148.403173,-33.36891],[148.41474,-33.370297],[148.413,-33.37989],[148.417433,-33.380433],[148.418223,-33.385],[148.410606,-33.390246],[148.412518,-33.393026],[148.403638,-33.392221],[148.401247,-33.397109],[148.405508,-33.397956],[148.408395,-33.401768],[148.404482,-33.405398],[148.396207,-33.401777],[148.395763,-33.404584],[148.390759,-33.405906],[148.388437,-33.412704],[148.384025,-33.413015],[148.367931,-33.410824],[148.366939,-33.415954],[148.367777,-33.42084],[148.35758,-33.419581],[148.357159,-33.421674],[148.345935,-33.420913],[148.344124,-33.42947],[148.355552,-33.43097],[148.354995,-33.433953],[148.365145,-33.435299],[148.360481,-33.446278],[148.355627,-33.447888],[148.352463,-33.443937],[148.348144,-33.451627],[148.333022,-33.444225],[148.333004,-33.449012],[148.329611,-33.451228],[148.329322,-33.455928],[148.324195,-33.454276],[148.323404,-33.449102],[148.320062,-33.448655],[148.319232,-33.45268],[148.313524,-33.453189],[148.308663,-33.458684],[148.315826,-33.460462],[148.315991,-33.466261],[148.307341,-33.465745],[148.300064,-33.473681],[148.293234,-33.478291],[148.290344,-33.485772],[148.290656,-33.491909],[148.297935,-33.494271],[148.302352,-33.497973],[148.304537,-33.493774],[148.308506,-33.494466],[148.30838,-33.49914],[148.314945,-33.499899],[148.319787,-33.497781],[148.32511,-33.497162],[148.322571,-33.493051],[148.328952,-33.490636],[148.332744,-33.492149],[148.34086,-33.492502],[148.342868,-33.497074],[148.351789,-33.49463],[148.353292,-33.499124],[148.356411,-33.502323],[148.357113,-33.510524],[148.359634,-33.512578],[148.367207,-33.513853],[148.370213,-33.511865],[148.37723,-33.51334],[148.378922,-33.515776],[148.384773,-33.518738],[148.392772,-33.518727],[148.395116,-33.522415],[148.395599,-33.527162],[148.400175,-33.535056],[148.398803,-33.536717],[148.390233,-33.540161],[148.39125,-33.546972],[148.396593,-33.55387],[148.403737,-33.557585],[148.407273,-33.555467],[148.410564,-33.558502],[148.41558,-33.556066],[148.421274,-33.55957],[148.423547,-33.564449],[148.422681,-33.568616],[148.418308,-33.573161],[148.415161,-33.567108],[148.409817,-33.570222],[148.401362,-33.567563],[148.397255,-33.569588],[148.393344,-33.567228],[148.390459,-33.567654],[148.387872,-33.573132],[148.388833,-33.57999],[148.393834,-33.581933],[148.395545,-33.584388],[148.402002,-33.586093],[148.407668,-33.590184],[148.414106,-33.596161],[148.41714,-33.595915],[148.413811,-33.60338],[148.417382,-33.607154],[148.426934,-33.607866],[148.436868,-33.604136],[148.43585,-33.607194],[148.442462,-33.60816],[148.446819,-33.613971],[148.451159,-33.609955],[148.45667,-33.608492],[148.468423,-33.602253],[148.476902,-33.601518],[148.479417,-33.600132],[148.476064,-33.593477],[148.481223,-33.589844],[148.483455,-33.581299],[148.493466,-33.58219],[148.502857,-33.579226],[148.51355,-33.581145],[148.514625,-33.575086],[148.520661,-33.57304],[148.524169,-33.577287],[148.530686,-33.580105],[148.535451,-33.584013],[148.534736,-33.588299],[148.542002,-33.593942],[148.54324,-33.599913],[148.545849,-33.602205],[148.55151,-33.600886],[148.551799,-33.603514],[148.557937,-33.602925],[148.56307,-33.596179],[148.566295,-33.601027],[148.569568,-33.598218],[148.582421,-33.593648],[148.585722,-33.594832],[148.594851,-33.591607],[148.602018,-33.59441],[148.616968,-33.591659],[148.621066,-33.591714],[148.625431,-33.584941],[148.623599,-33.581425],[148.6265,-33.576838],[148.629554,-33.574863],[148.629347,-33.57168],[148.635899,-33.567008],[148.645311,-33.567075],[148.648553,-33.562975],[148.654742,-33.562731],[148.658306,-33.566439],[148.652535,-33.577102],[148.662437,-33.579256],[148.663098,-33.57807],[148.676146,-33.580518],[148.677238,-33.58563],[148.682814,-33.586415],[148.686089,-33.582104],[148.691247,-33.581999],[148.695827,-33.577216],[148.701975,-33.579158],[148.709027,-33.573734],[148.712026,-33.573728],[148.717853,-33.565822],[148.721212,-33.565366],[148.723761,-33.55887],[148.73031,-33.555292],[148.735486,-33.544107],[148.736038,-33.540177],[148.738927,-33.53792],[148.745204,-33.536755],[148.754102,-33.529633],[148.761418,-33.52753],[148.768582,-33.529092],[148.769763,-33.525995],[148.775941,-33.525513],[148.776609,-33.528505],[148.782479,-33.527767],[148.787796,-33.529269],[148.794359,-33.534798],[148.793339,-33.537996],[148.798328,-33.539375],[148.802858,-33.549401],[148.805873,-33.550784],[148.808684,-33.546228],[148.811792,-33.548738],[148.81298,-33.553697],[148.818702,-33.558043],[148.816024,-33.561998],[148.814609,-33.567565],[148.819244,-33.569658],[148.824365,-33.569569],[148.82753,-33.57441],[148.831938,-33.571977],[148.831908,-33.568796],[148.84372,-33.568687],[148.847096,-33.570406],[148.84569,-33.577403],[148.850417,-33.579569],[148.851076,-33.576372],[148.856065,-33.576921],[148.860615,-33.579651],[148.864928,-33.579713],[148.869167,-33.573648],[148.872176,-33.573563],[148.874132,-33.578632],[148.871944,-33.590744],[148.875823,-33.593852],[148.881185,-33.588347],[148.882194,-33.582929],[148.888798,-33.582833],[148.892739,-33.580376],[148.898437,-33.579117],[148.904443,-33.585074],[148.909653,-33.583402],[148.910833,-33.594224],[148.919247,-33.596413],[148.922539,-33.598657],[148.917618,-33.602734],[148.919476,-33.605735],[148.919204,-33.613705],[148.914414,-33.616917],[148.914397,-33.622256],[148.912346,-33.625308],[148.91444,-33.630375],[148.911174,-33.633206],[148.912342,-33.641623],[148.910559,-33.644411],[148.911656,-33.647903],[148.907541,-33.660548],[148.909113,-33.6687],[148.907206,-33.673819],[148.910793,-33.68016],[148.911309,-33.684218],[148.914553,-33.685372],[148.925936,-33.686045],[148.9304,-33.688021],[148.937117,-33.682734],[148.949927,-33.689151],[148.957793,-33.688219],[148.958536,-33.692126],[148.961256,-33.695799],[148.958759,-33.699605],[148.958613,-33.703439],[148.96561,-33.70939],[148.970416,-33.711266],[148.981829,-33.714127],[148.99366,-33.720609],[148.993041,-33.726771],[148.986587,-33.729662],[148.978397,-33.737606],[148.976026,-33.749861],[148.987471,-33.748846],[148.992937,-33.754018],[148.975614,-33.751722],[148.974566,-33.756454],[148.984838,-33.758045],[148.981954,-33.772288],[148.990494,-33.773598],[148.988919,-33.781096],[149.009881,-33.784013],[149.007713,-33.794905],[149.018642,-33.79644],[149.019597,-33.791832],[149.028849,-33.793145],[149.030796,-33.7987],[149.026006,-33.803346],[149.042028,-33.805596],[149.041283,-33.809334],[149.064589,-33.812386],[149.068106,-33.794445],[149.067175,-33.790083],[149.091597,-33.793688],[149.093958,-33.781996],[149.088345,-33.781192],[149.091447,-33.765415],[149.098837,-33.765477],[149.106922,-33.768429],[149.108198,-33.761111],[149.130187,-33.764289],[149.13118,-33.75887],[149.134144,-33.756484],[149.134986,-33.751394],[149.133245,-33.74988],[149.141039,-33.740727],[149.141085,-33.738504],[149.149455,-33.730307],[149.156177,-33.730789],[149.169131,-33.721122],[149.173022,-33.721684],[149.17209,-33.72628],[149.205446,-33.73056],[149.206795,-33.729098],[149.214839,-33.732635],[149.217287,-33.728661],[149.222151,-33.730318],[149.225046,-33.726275],[149.232545,-33.730152],[149.235585,-33.733629],[149.236403,-33.738028],[149.257771,-33.74066],[149.254704,-33.743572],[149.253306,-33.748142],[149.240469,-33.760308],[149.234978,-33.759632],[149.230976,-33.7682],[149.228365,-33.770418],[149.226971,-33.777784],[149.222291,-33.786315],[149.21995,-33.786766],[149.219365,-33.791689],[149.210586,-33.797212],[149.208785,-33.799242],[149.202121,-33.801871],[149.197303,-33.798261],[149.191225,-33.799048],[149.187623,-33.797769],[149.182354,-33.801976],[149.184379,-33.80521],[149.180371,-33.806749],[149.182485,-33.815732],[149.17852,-33.819301],[149.178024,-33.822947],[149.1805,-33.825729],[149.18167,-33.830653],[149.181128,-33.835088],[149.183019,-33.83911],[149.177477,-33.840498],[149.174233,-33.844105],[149.175988,-33.850232],[149.184096,-33.852565],[149.175399,-33.859665],[149.167472,-33.85237],[149.163865,-33.856577],[149.155893,-33.85195],[149.151252,-33.851646],[149.14828,-33.849389],[149.144044,-33.851115],[149.142147,-33.856901],[149.138181,-33.857688],[149.13561,-33.860279],[149.137454,-33.864753],[149.134793,-33.868585],[149.125151,-33.867224],[149.120373,-33.868598],[149.118462,-33.872095],[149.121863,-33.875587],[149.118527,-33.878653],[149.119836,-33.887828],[149.129035,-33.893075],[149.131513,-33.895481],[149.130782,-33.90112],[149.136815,-33.901618],[149.139233,-33.904481],[149.137243,-33.909083],[149.13859,-33.91099],[149.147509,-33.914462],[149.148589,-33.918362],[149.155178,-33.92836],[149.153337,-33.93595],[149.145688,-33.939892],[149.140126,-33.945092],[149.143681,-33.951688],[149.146406,-33.954369],[149.144443,-33.957981],[149.150769,-33.965414],[149.154628,-33.968345],[149.160652,-33.969714],[149.163246,-33.97274],[149.164101,-33.976953],[149.166589,-33.978023],[149.171404,-33.975644],[149.179487,-33.984419],[149.190665,-33.984831],[149.1992,-33.983648],[149.200256,-33.975356],[149.202084,-33.969479],[149.207373,-33.968242],[149.210555,-33.971078],[149.215954,-33.967748],[149.216851,-33.964264],[149.226031,-33.966612],[149.225818,-33.972183],[149.230431,-33.974612],[149.232205,-33.977659],[149.236599,-33.976566],[149.232336,-33.971375],[149.232722,-33.968797],[149.237208,-33.967631],[149.243941,-33.969786],[149.250812,-33.966752],[149.254524,-33.966388],[149.257637,-33.963603],[149.263195,-33.963985],[149.266024,-33.960375],[149.274113,-33.959584],[149.274802,-33.955113],[149.279321,-33.948523],[149.287005,-33.95],[149.289639,-33.952659],[149.294748,-33.950853],[149.298809,-33.946269],[149.301464,-33.949308],[149.302661,-33.954023],[149.308821,-33.952767],[149.314838,-33.956678],[149.318278,-33.95404],[149.323403,-33.956032],[149.332982,-33.950973],[149.337431,-33.953544],[149.347778,-33.953299],[149.348644,-33.956896],[149.353862,-33.958566],[149.352206,-33.964017],[149.352065,-33.971236],[149.35459,-33.971991],[149.36113,-33.969198],[149.363415,-33.976903],[149.369503,-33.976605],[149.371201,-33.981578],[149.375804,-33.984377],[149.380323,-33.980289],[149.383571,-33.979627],[149.383561,-33.986752],[149.385305,-33.99099],[149.388755,-33.994475],[149.394684,-33.997568],[149.400279,-33.997024],[149.402596,-34.00612],[149.408973,-34.009138],[149.412968,-34.008501],[149.413269,-34.011901],[149.417117,-34.011771],[149.421993,-34.015571],[149.43557,-34.02321],[149.444712,-34.023125],[149.445451,-34.025987],[149.452996,-34.027313],[149.458712,-34.017823],[149.459062,-34.012992],[149.464282,-34.010543],[149.480927,-34.016144],[149.481529,-34.019593],[149.484382,-34.022139],[149.492257,-34.021677],[149.492058,-34.027594],[149.493995,-34.029942],[149.498402,-34.028412],[149.506828,-34.032775],[149.514517,-34.033579],[149.518472,-34.041232],[149.512453,-34.048301],[149.516127,-34.053359],[149.523567,-34.052511],[149.526431,-34.054542],[149.525069,-34.057818],[149.527717,-34.06159],[149.537234,-34.063117],[149.536111,-34.068172],[149.53857,-34.071962],[149.545787,-34.0713],[149.544561,-34.078196],[149.546654,-34.083438],[149.551122,-34.085946],[149.549961,-34.091452],[149.56261,-34.091615],[149.562933,-34.087869],[149.569676,-34.091002],[149.570928,-34.095596],[149.573762,-34.096238],[149.576717,-34.100695],[149.583209,-34.107362],[149.591168,-34.111464],[149.596607,-34.111807],[149.602356,-34.117615],[149.602289,-34.121876],[149.606797,-34.122804],[149.612903,-34.115826],[149.614532,-34.10965],[149.61785,-34.105533],[149.620421,-34.105599],[149.623521,-34.114057],[149.619491,-34.116524],[149.621725,-34.119471],[149.623351,-34.125547],[149.62751,-34.125677],[149.626931,-34.117931],[149.629556,-34.114157],[149.634065,-34.121452],[149.637226,-34.124349],[149.637285,-34.135572],[149.642751,-34.134656],[149.641908,-34.140569],[149.646479,-34.141986],[149.643384,-34.146255],[149.648848,-34.146281],[149.654231,-34.150905],[149.650256,-34.159191],[149.658525,-34.159374],[149.659118,-34.163519],[149.665067,-34.166631],[149.663344,-34.171979],[149.666714,-34.171735],[149.669378,-34.174502],[149.673486,-34.172207],[149.673629,-34.180697],[149.676879,-34.182185],[149.676398,-34.186255],[149.678851,-34.190516],[149.678392,-34.195596],[149.682216,-34.199149],[149.687943,-34.199033],[149.695106,-34.193514],[149.694393,-34.200605],[149.696338,-34.20248],[149.700514,-34.196709],[149.705466,-34.198526],[149.707875,-34.195581],[149.711624,-34.19845],[149.717337,-34.190745],[149.719587,-34.195516],[149.722542,-34.19528],[149.725787,-34.190425],[149.728728,-34.190309],[149.733561,-34.196896],[149.736384,-34.193853],[149.742593,-34.194779],[149.741385,-34.191458],[149.748398,-34.189147],[149.756471,-34.190008],[149.760924,-34.194223],[149.770802,-34.190625],[149.771934,-34.192815],[149.782028,-34.194941],[149.781457,-34.197917],[149.791861,-34.199612],[149.795792,-34.205733],[149.804127,-34.198689],[149.807757,-34.198019],[149.811206,-34.199704],[149.81438,-34.197163],[149.817852,-34.200856],[149.827866,-34.197097],[149.832634,-34.190702],[149.83702,-34.18767],[149.843147,-34.186007],[149.847994,-34.186341],[149.849061,-34.184152],[149.859671,-34.186328],[149.864883,-34.184812],[149.872137,-34.188405],[149.884454,-34.184754],[149.887927,-34.185211],[149.891418,-34.18295],[149.897282,-34.183607],[149.903626,-34.182076],[149.910507,-34.183518],[149.920377,-34.181711],[149.924278,-34.178004],[149.926082,-34.174198],[149.930174,-34.172922],[149.937549,-34.168544],[149.937623,-34.16244],[149.936116,-34.161387],[149.93816,-34.151464],[149.940868,-34.14973],[149.944597,-34.143984],[149.943392,-34.140751],[149.947728,-34.13099],[149.949395,-34.124609],[149.945785,-34.123752],[149.941928,-34.117355],[149.931818,-34.11674],[149.931418,-34.104446],[149.934926,-34.100996],[149.935323,-34.097106],[149.933068,-34.095265],[149.932543,-34.090534],[149.935377,-34.085456],[149.944877,-34.09165],[149.95004,-34.086124],[149.95446,-34.08639],[149.959636,-34.079137],[149.963541,-34.079821],[149.971036,-34.077843],[149.976945,-34.080726],[149.984323,-34.082064],[149.994718,-34.082578],[150.003674,-34.084191],[150.004539,-34.088895],[150.003369,-34.096812],[150.006545,-34.104117],[150.011262,-34.106044],[150.012541,-34.109947],[150.019913,-34.112986],[150.021096,-34.115116],[150.027973,-34.115968],[150.03459,-34.118604],[150.037713,-34.121387],[150.044467,-34.119892],[150.049647,-34.125419],[150.054843,-34.128341],[150.066709,-34.128793],[150.071402,-34.131429],[150.078205,-34.126434],[150.082086,-34.121064],[150.085456,-34.120564],[150.089497,-34.125659],[150.088711,-34.129576],[150.09054,-34.133366],[150.095235,-34.137313],[150.105241,-34.138496],[150.104503,-34.141841],[150.107726,-34.146281],[150.112457,-34.147794],[150.11492,-34.151045],[150.125046,-34.149178],[150.121938,-34.140786],[150.114569,-34.140472],[150.11017,-34.130681],[150.112814,-34.126764],[150.105326,-34.118347],[150.104163,-34.11363],[150.104817,-34.109399],[150.112941,-34.102596],[150.111036,-34.096084],[150.10699,-34.090075],[150.112157,-34.089941],[150.109,-34.0849],[150.114984,-34.086259],[150.11487,-34.090432],[150.118481,-34.090976],[150.115857,-34.080292],[150.116706,-34.07814],[150.122806,-34.075625],[150.127682,-34.075596],[150.131673,-34.072795],[150.137161,-34.0743],[150.145656,-34.071363],[150.145254,-34.067646],[150.142743,-34.064131],[150.14339,-34.05818],[150.140766,-34.051246],[150.146672,-34.047677],[150.146985,-34.043032],[150.153086,-34.043159],[150.155174,-34.040843],[150.154833,-34.035129],[150.158392,-34.034637],[150.162069,-34.03771],[150.168228,-34.035244],[150.159586,-34.032551],[150.160802,-34.029807],[150.168322,-34.028017],[150.169252,-34.025815],[150.165229,-34.023469],[150.167102,-34.021341],[150.172111,-34.019967],[150.176441,-34.016306],[150.180917,-34.018312],[150.182957,-34.01632],[150.182957,-34.011889],[150.190457,-34.010309],[150.191469,-34.007278],[150.195137,-34.004846],[150.20097,-34.005271],[150.202381,-34.00043],[150.209036,-33.997793],[150.20883,-33.993733],[150.211503,-33.989305],[150.216575,-33.987399],[150.218349,-33.984343],[150.224083,-33.97956],[150.2285,-33.978685],[150.228302,-33.973867],[150.232185,-33.971347],[150.23206,-33.968057],[150.237149,-33.965495],[150.233312,-33.962149],[150.2412,-33.952033],[150.237709,-33.950503],[150.217023,-33.947822],[150.218789,-33.93844],[150.214763,-33.936359],[150.209977,-33.937432],[150.20331,-33.943765],[150.198189,-33.947053],[150.189058,-33.950622],[150.182435,-33.949829],[150.180295,-33.945486],[150.175556,-33.945178],[150.175229,-33.939044],[150.170603,-33.934342],[150.171258,-33.930008],[150.167857,-33.917479],[150.165069,-33.912438],[150.167983,-33.90839],[150.170067,-33.902425],[150.165731,-33.897578],[150.15919,-33.897393],[150.155908,-33.89309],[150.158872,-33.887926],[150.164375,-33.88628],[150.168571,-33.889053],[150.175867,-33.885675],[150.181229,-33.880897],[150.186093,-33.88118]]]},"bbox":[148.290344,-34.205733,150.619741,-32.05809]},
{"properties":{"electorateShortName":"chifley","electorateName":"Chifley","area":125.942183,"state":"NSW"},"type":"Feature","geometry":{"type":"Polygon","coordinates":[[[150.896938,-33.797945],[150.901587,-33.776668],[150.905001,-33.767153],[150.906339,-33.765656],[150.904421,-33.758187],[150.900291,-33.746815],[150.900233,-33.741659],[150.898058,-33.738421],[150.890267,-33.732608],[150.881822,-33.722403],[150.876031,-33.712149],[150.87426,-33.704884],[150.860664,-33.679887],[150.856101,-33.666995],[150.853272,-33.663229],[150.851043,-33.650137],[150.835156,-33.658009],[150.827172,-33.657267],[150.817758,-33.66197],[150.813439,-33.667572],[150.813903,-33.672146],[150.819109,-33.675789],[150.812394,-33.677614],[150.807524,-33.678094],[150.805005,-33.674842],[150.799339,-33.675604],[150.796804,-33.679157],[150.795086,-33.684965],[150.790364,-33.686672],[150.789749,-33.689908],[150.778876,-33.697056],[150.779569,-33.701251],[150.775818,-33.704047],[150.772859,-33.701415],[150.765994,-33.705777],[150.767748,-33.713497],[150.762459,-33.721631],[150.763955,-33.725692],[150.75963,-33.730076],[150.761788,-33.735201],[150.775572,-33.736269],[150.778461,-33.739948],[150.783785,-33.740777],[150.78494,-33.744317],[150.788571,-33.746318],[150.788978,-33.751299],[150.791719,-33.755375],[150.795689,-33.764249],[150.802833,-33.772919],[150.803381,-33.776811],[150.866235,-33.791558],[150.888638,-33.795588],[150.896938,-33.797945]]]},"bbox":[150.75963,-33.797945,150.906339,-33.650137]},
{"properties":{"electorateShortName":"cook","electorateName":"Cook","area":93.822496,"state":"NSW"},"type":"Feature","geometry":{"type":"Polygon","coordinates":[[[151.162586,-34.072444],[151.169078,-34.074987],[151.171847,-34.082236],[151.171761,-34.086503],[151.165666,-34.093962],[151.165715,-34.095944],[151.159864,-34.099482],[151.15661,-34.105617],[151.151846,-34.109708],[151.151792,-34.115075],[151.143787,-34.117137],[151.141154,-34.116251],[151.135818,-34.120275],[151.134632,-34.126268],[151.129156,-34.13072],[151.127882,-34.137919],[151.117982,-34.141441],[151.116347,-34.144542],[151.1023,-34.153714],[151.098355,-34.153725],[151.095677,-34.158109],[151.0891626988584,-34.16199550739623],[151.09707229276623,-34.16431573951414],[151.11682106329567,-34.165601194229055],[151.11911749686706,-34.165241564422686],[151.1356639176509,-34.16740332170961],[151.1495759176509,-34.167778321709605],[151.16384177935302,-34.16702868851698],[151.1778093166247,-34.16403124584168],[151.18631831662466,-34.16148424584168],[151.20412851185833,-34.153987728463925],[151.21992794309168,-34.14286213635563],[151.23187196783292,-34.12983763618443],[151.2415695181609,-34.12776893969093],[151.25211191369948,-34.123307117135695],[151.2561500271334,-34.12204563209814],[151.27225294155747,-34.11308223829726],[151.28619243741466,-34.10102666959952],[151.29095643741465,-34.09596566959952],[151.30196528820727,-34.08162013890392],[151.30683728820728,-34.07374313890392],[151.31433410205494,-34.058610149721815],[151.31887181010575,-34.04234304226234],[151.32190936260267,-34.01846944928137],[151.32072480042794,-34.000221726838454],[151.31715931319778,-33.9841899095423],[151.31275807743862,-33.972091684327125],[151.30470449465903,-33.95653899480223],[151.29446611176627,-33.94316006040645],[151.2819137129544,-33.93192361729071],[151.28164171295438,-33.9317226172907],[151.27329840662867,-33.92624526542164],[151.26913546229673,-33.92390821255461],[151.26641060464183,-33.922427324316615],[151.26606970061383,-33.92228459137845],[151.26597646229672,-33.92223521255461],[151.2659719797204,-33.92224367666613],[151.26030578809173,-33.919871301707445],[151.257682,-33.922042],[151.261377,-33.927516],[151.259779,-33.929651],[151.261772,-33.935191],[151.25946,-33.937314],[151.265693,-33.941447],[151.261745,-33.945022],[151.258558,-33.945658],[151.256967,-33.951596],[151.265739,-33.958847],[151.262961,-33.961215],[151.265965,-33.96803],[151.260411,-33.967842],[151.256485,-33.964933],[151.251886,-33.964671],[151.257516,-33.971637],[151.258952,-33.975768],[151.251185,-33.978936],[151.254113,-33.983334],[151.252027,-33.98647],[151.253132,-33.991321],[151.249186,-33.998521],[151.24988,-34.001238],[151.231926,-34.016739],[151.230092,-34.008285],[151.22823,-34.004195],[151.221147,-34.001613],[151.163887,-34.000746],[151.153421,-33.996893],[151.149176,-33.994409],[151.148239,-33.990182],[151.148619,-33.982831],[151.151068,-33.974298],[151.154842,-33.966669],[151.137127,-33.964309],[151.135644,-33.969474],[151.129671,-33.973631],[151.114012,-33.984041],[151.106469,-33.983066],[151.094338,-33.988857],[151.092187,-33.990934],[151.092083,-33.995127],[151.094428,-33.997849],[151.095557,-34.003737],[151.086583,-34.015869],[151.086129,-34.018754],[151.090216,-34.020882],[151.0889,-34.024013],[151.081535,-34.029246],[151.076868,-34.053482],[151.077908,-34.055864],[151.083351,-34.056809],[151.085982,-34.054818],[151.09131,-34.058669],[151.096354,-34.056368],[151.10208,-34.062586],[151.109651,-34.073495],[151.112757,-34.075693],[151.131975,-34.070467],[151.138089,-34.077436],[151.152001,-34.077811],[151.16051,-34.075264],[151.162586,-34.072444]]]},"bbox":[151.076868,-34.167778321709605,151.32190936260267,-33.919871301707445]},
{"properties":{"electorateShortName":"cowper","electorateName":"Cowper","area":7296.13595,"state":"NSW"},"type":"Feature","geometry":{"type":"MultiPolygon","coordinates":[[[[152.349587,-31.117004],[152.354681,-31.121797],[152.356038,-31.126887],[152.359171,-31.128132],[152.368173,-31.136362],[152.36693,-31.140874],[152.371598,-31.149352],[152.36943,-31.156354],[152.380807,-31.161674],[152.382625,-31.165119],[152.385897,-31.166653],[152.389469,-31.164629],[152.394155,-31.166756],[152.39832,-31.164314],[152.405619,-31.163231],[152.412845,-31.165378],[152.420968,-31.160946],[152.424922,-31.162593],[152.431331,-31.158611],[152.436407,-31.158379],[152.443454,-31.160467],[152.449824,-31.159897],[152.455832,-31.155831],[152.459013,-31.159491],[152.462394,-31.159632],[152.470766,-31.166289],[152.48302,-31.164655],[152.49118,-31.168036],[152.495087,-31.165672],[152.505574,-31.163125],[152.513884,-31.167638],[152.519671,-31.167136],[152.525169,-31.164552],[152.535205,-31.162806],[152.539697,-31.162886],[152.541162,-31.152034],[152.547833,-31.148418],[152.551146,-31.150587],[152.555966,-31.148409],[152.556634,-31.145598],[152.560598,-31.141774],[152.560512,-31.134688],[152.561495,-31.129865],[152.567077,-31.128355],[152.574175,-31.131573],[152.578054,-31.127998],[152.588513,-31.128189],[152.593567,-31.124548],[152.597606,-31.123699],[152.605896,-31.129823],[152.60964,-31.130551],[152.614845,-31.136131],[152.619992,-31.134767],[152.625232,-31.136023],[152.628541,-31.138996],[152.631646,-31.138326],[152.637072,-31.143359],[152.64048,-31.14974],[152.645539,-31.153283],[152.650273,-31.154256],[152.657781,-31.149226],[152.662814,-31.151271],[152.66882,-31.149024],[152.671742,-31.153149],[152.679144,-31.148426],[152.681127,-31.140929],[152.693307,-31.141455],[152.698292,-31.150317],[152.700599,-31.151722],[152.706943,-31.151512],[152.704083,-31.165232],[152.709376,-31.163456],[152.705956,-31.180721],[152.717725,-31.182455],[152.719212,-31.174937],[152.72796,-31.176278],[152.726196,-31.185229],[152.740383,-31.187278],[152.739285,-31.192914],[152.751654,-31.194713],[152.748086,-31.213885],[152.746399,-31.21646],[152.726882,-31.213217],[152.724094,-31.206176],[152.721208,-31.205644],[152.712374,-31.208294],[152.705219,-31.207461],[152.698277,-31.213778],[152.697074,-31.220024],[152.691416,-31.219235],[152.689657,-31.228642],[152.679693,-31.227203],[152.674271,-31.253765],[152.679214,-31.256227],[152.680821,-31.259178],[152.69005,-31.262699],[152.692466,-31.266152],[152.692304,-31.274989],[152.6979,-31.276063],[152.700555,-31.28275],[152.706213,-31.288193],[152.706585,-31.292338],[152.709638,-31.295636],[152.711973,-31.301117],[152.719496,-31.305832],[152.726045,-31.313502],[152.732347,-31.31517],[152.735387,-31.319015],[152.731738,-31.32255],[152.732222,-31.325718],[152.740111,-31.325376],[152.747264,-31.323442],[152.749183,-31.325619],[152.745874,-31.328723],[152.734767,-31.333129],[152.736674,-31.340141],[152.744744,-31.342776],[152.744183,-31.345726],[152.757761,-31.347603],[152.759192,-31.34064],[152.765805,-31.338947],[152.769521,-31.340568],[152.785939,-31.343094],[152.785199,-31.348135],[152.788645,-31.348168],[152.788026,-31.354077],[152.793948,-31.355012],[152.802221,-31.374976],[152.804653,-31.382577],[152.808712,-31.388195],[152.824844,-31.413747],[152.825532,-31.417166],[152.822614,-31.429026],[152.823998,-31.446452],[152.820146,-31.464566],[152.8186,-31.469593],[152.814899,-31.476896],[152.823561,-31.476847],[152.827396,-31.475218],[152.830273,-31.476475],[152.84069,-31.476018],[152.843392,-31.479562],[152.867798,-31.48551],[152.872234,-31.485909],[152.874346,-31.488122],[152.909138,-31.492967],[152.915202,-31.492816],[152.893286,-31.513089],[152.863677,-31.544537],[152.84532610337342,-31.57327869657575],[152.86198175422908,-31.57726865123557],[152.89603911734264,-31.58200867155399],[152.9156491398612,-31.582814889248393],[152.9321145013337,-31.58121264755316],[152.94800843885653,-31.576623741704164],[152.96279394277178,-31.569203217407143],[152.9759714541509,-31.55920179247248],[152.9801207695276,-31.555403515444365],[152.9930800903177,-31.547220929104103],[153.00597848664034,-31.53492411485238],[153.01620111289543,-31.520326917145766],[153.02334716607183,-31.50400165474551],[153.02776781493853,-31.48397911735249],[153.02823754670004,-31.466761216879192],[153.0264567223155,-31.456026693187777],[153.02651618497262,-31.452017399468374],[153.0234619481709,-31.434999215301083],[153.02102386069564,-31.428713030304973],[153.01833557745576,-31.41783127330793],[153.01427211311966,-31.409017800402548],[153.01787741635934,-31.403242985557256],[153.02496494360727,-31.39544351222213],[153.0385191876568,-31.38332684304499],[153.04936176237607,-31.368733358979874],[153.0538831874758,-31.359044872274588],[153.05786646899085,-31.352431297714237],[153.0639616879366,-31.335024072150908],[153.06638046976363,-31.316739852444222],[153.06502123662554,-31.29834649274336],[153.0618594079519,-31.287311535706557],[153.06236153869415,-31.273724293960925],[153.06048489618894,-31.26301139303628],[153.06081236260977,-31.2447032233685],[153.05959807314755,-31.238237930752717],[153.0622590008268,-31.234103318635462],[153.0684642133207,-31.21902640771372],[153.07076712928514,-31.211425447138584],[153.07390370499928,-31.194462559095435],[153.0738075201467,-31.183920025432855],[153.07593637758868,-31.18104928231669],[153.09669865423638,-31.15874103968143],[153.11118496881494,-31.14951518657993],[153.12379623547986,-31.137507881775893],[153.1338591774662,-31.1232967377639],[153.14099709361503,-31.107413741554033],[153.1424190115819,-31.10130171903305],[153.1460340126489,-31.09527426415325],[153.1519694317316,-31.078749912242614],[153.15424264502744,-31.06696259004957],[153.15634894321533,-31.049895083534526],[153.15517048976466,-31.032738524492515],[153.15075031077768,-31.016119310057995],[153.14324978986548,-31.000644218564148],[153.1414990714044,-30.9983059734123],[153.1452780806396,-30.99384679428016],[153.15347735795223,-30.987058072130274],[153.16497652479447,-30.972668453734812],[153.17111588112996,-30.962004779272966],[153.1774986193648,-30.94540476674883],[153.18049247432157,-30.927873748647368],[153.17998053789978,-30.91009629989126],[153.1775044857085,-30.899362928542327],[153.1770312496327,-30.894377537277624],[153.16963686546933,-30.868845947111375],[153.15915214511574,-30.84239845960212],[153.14921577570618,-30.82585246055783],[153.13656350887635,-30.811624356328984],[153.12120123455367,-30.80037627500304],[153.10381649759532,-30.792611629050466],[153.0927555450887,-30.78916277830022],[153.09228490268868,-30.780214157068283],[153.08996106635934,-30.771300098244172],[153.09167749834756,-30.752738977299998],[153.0909507406783,-30.7373094612448],[153.08682511512353,-30.719593096155638],[153.08342919966285,-30.712212919632304],[153.09554852344775,-30.69705002630889],[153.1034959902165,-30.68206110422115],[153.10848932642756,-30.66584701754086],[153.110351096028,-30.648983926858914],[153.1090151418365,-30.632071054844058],[153.10452893641013,-30.61570939312328],[153.10284611907804,-30.611795875864715],[153.10417513322315,-30.596904281217356],[153.11121807497466,-30.584869901597674],[153.11689706451122,-30.568815235352638],[153.11945021074595,-30.551978232213724],[153.11878610372142,-30.53496170518099],[153.11813182861854,-30.532148457575165],[153.12026759856033,-30.519237607989783],[153.12906740352528,-30.507140340794162],[153.13864263300835,-30.49844370118507],[153.15082014099042,-30.484892456873173],[153.1600190203624,-30.46916641028308],[153.16586231249164,-30.45190999523979],[153.16720448621646,-30.441116724836544],[153.17539814733084,-30.432456184899948],[153.1844959701178,-30.41826689677664],[153.19078850752976,-30.4026300732556],[153.192954918278,-30.391663262411736],[153.19909759888606,-30.38841088099387],[153.2136627418707,-30.37617505631404],[153.21777774187072,-30.37189905631404],[153.22837275873394,-30.358565814484884],[153.23626642594013,-30.34347542886872],[153.24117610174983,-30.32716822789952],[153.24223110174984,-30.32190122789952],[153.24398188106747,-30.304842578633263],[153.2424653734997,-30.287761508766152],[153.23710647905327,-30.26991627238354],[153.2370694824676,-30.261240977639815],[153.23941508015744,-30.244604754312856],[153.23849198547103,-30.227263706006706],[153.23557160751847,-30.214105840491765],[153.23036886647876,-30.198244951011745],[153.2223265506389,-30.183617665366217],[153.2117213120194,-30.17072715555292],[153.19844912080353,-30.159693507737426],[153.194903,-30.16251],[153.189809,-30.170046],[153.190596,-30.178673],[153.184709,-30.177824],[153.166987,-30.198029],[153.16176,-30.209411],[153.163863,-30.214544],[153.161333,-30.215438],[153.154197,-30.229217],[153.155237,-30.233854],[153.14942550125318,-30.2407895015836],[153.14942550125318,-30.240789501583595],[153.148938,-30.240568],[153.146361,-30.239602],[153.147822,-30.234106],[153.141569,-30.23243],[153.139155,-30.233553],[153.128433,-30.233978],[153.120824,-30.236025],[153.114076,-30.23471],[153.111631,-30.232286],[153.09517,-30.239992],[153.088061,-30.249266],[153.089043,-30.251419],[153.086427,-30.256036],[153.082838,-30.257402],[153.086,-30.266165],[153.082509,-30.268954],[153.084741,-30.272736],[153.074526,-30.27631],[153.069036,-30.279087],[153.0677,-30.28263],[153.063319,-30.287125],[153.058655,-30.286735],[153.047405,-30.280003],[153.045714,-30.275312],[153.046471,-30.271946],[153.034252,-30.270049],[153.027458,-30.272981],[153.020376,-30.267484],[153.021702,-30.263862],[153.017178,-30.262189],[153.017729,-30.259232],[153.009672,-30.254251],[153.010696,-30.248775],[152.99494,-30.24676],[152.99908,-30.221404],[152.98726,-30.222288],[152.984128,-30.22024],[152.982412,-30.213909],[152.974913,-30.216036],[152.975682,-30.218734],[152.966118,-30.222588],[152.958331,-30.219547],[152.952152,-30.215507],[152.937008,-30.218641],[152.936759,-30.221875],[152.932759,-30.22146],[152.927924,-30.227114],[152.922411,-30.226813],[152.918727,-30.228277],[152.915033,-30.226862],[152.911059,-30.228489],[152.891758,-30.225911],[152.890097,-30.227469],[152.884422,-30.224797],[152.882005,-30.222205],[152.878766,-30.223257],[152.873489,-30.220503],[152.869312,-30.214769],[152.868435,-30.210215],[152.82954,-30.222078],[152.831515,-30.219594],[152.831375,-30.215633],[152.822002,-30.212613],[152.817606,-30.213377],[152.817555,-30.20687],[152.813695,-30.202416],[152.80927,-30.200639],[152.806353,-30.192805],[152.803453,-30.189567],[152.767521,-30.184706],[152.767936,-30.182442],[152.755184,-30.180789],[152.755151,-30.186547],[152.7506,-30.187883],[152.750763,-30.196616],[152.692987,-30.189015],[152.694868,-30.195276],[152.698602,-30.200212],[152.702589,-30.202658],[152.706547,-30.202967],[152.705889,-30.207145],[152.700424,-30.209452],[152.694852,-30.209951],[152.693396,-30.218782],[152.697823,-30.223335],[152.68596,-30.230282],[152.682015,-30.231104],[152.673992,-30.238218],[152.670631,-30.239541],[152.669445,-30.244978],[152.665166,-30.245788],[152.662996,-30.248164],[152.663602,-30.251438],[152.658089,-30.252253],[152.655376,-30.255316],[152.646943,-30.25417],[152.644753,-30.257292],[152.641544,-30.252712],[152.635409,-30.25166],[152.630549,-30.256008],[152.625973,-30.258376],[152.615696,-30.257952],[152.612786,-30.254309],[152.610902,-30.249251],[152.603012,-30.252486],[152.598318,-30.250331],[152.598015,-30.247926],[152.589764,-30.244985],[152.586725,-30.24099],[152.583599,-30.244044],[152.580537,-30.242227],[152.573454,-30.244055],[152.569803,-30.239287],[152.558213,-30.240646],[152.559647,-30.243719],[152.55772,-30.248241],[152.554962,-30.249645],[152.554825,-30.253133],[152.551689,-30.259172],[152.55721,-30.262152],[152.555282,-30.273888],[152.550971,-30.275647],[152.550432,-30.281324],[152.546576,-30.285373],[152.547091,-30.28865],[152.542474,-30.290329],[152.535396,-30.294983],[152.529328,-30.301111],[152.527107,-30.309438],[152.517572,-30.317073],[152.513515,-30.316879],[152.510693,-30.319524],[152.506245,-30.320598],[152.501693,-30.329694],[152.496458,-30.331494],[152.49592,-30.334864],[152.490477,-30.337341],[152.480573,-30.333043],[152.481623,-30.33787],[152.479941,-30.340735],[152.482101,-30.345338],[152.477936,-30.348232],[152.474912,-30.356637],[152.476566,-30.361574],[152.476185,-30.367019],[152.478,-30.37421],[152.477361,-30.37907],[152.477668,-30.389834],[152.484632,-30.390795],[152.478585,-30.396993],[152.465233,-30.395579],[152.460534,-30.398083],[152.456268,-30.396551],[152.450928,-30.398355],[152.44109,-30.398902],[152.435586,-30.40281],[152.434682,-30.405573],[152.430484,-30.406173],[152.429957,-30.415254],[152.428078,-30.418897],[152.425068,-30.423699],[152.419692,-30.426637],[152.41753,-30.436503],[152.411021,-30.437011],[152.401805,-30.435009],[152.396846,-30.442124],[152.39205,-30.442917],[152.389645,-30.453052],[152.395074,-30.468166],[152.392931,-30.4725],[152.394568,-30.479499],[152.398057,-30.481549],[152.403551,-30.48701],[152.408423,-30.489261],[152.404659,-30.495843],[152.400253,-30.500942],[152.392128,-30.500786],[152.385807,-30.505194],[152.38499,-30.511588],[152.382797,-30.514723],[152.382551,-30.519325],[152.386866,-30.521258],[152.388156,-30.526408],[152.386854,-30.528965],[152.376725,-30.535486],[152.376388,-30.540287],[152.37254,-30.543139],[152.368345,-30.542896],[152.363655,-30.546112],[152.361994,-30.555286],[152.352503,-30.556123],[152.348328,-30.563125],[152.343383,-30.565586],[152.335809,-30.567038],[152.335719,-30.57348],[152.330239,-30.579028],[152.329911,-30.584223],[152.322966,-30.590328],[152.317728,-30.593425],[152.311722,-30.600191],[152.316055,-30.602971],[152.317822,-30.611685],[152.321906,-30.615829],[152.333149,-30.620307],[152.333891,-30.624023],[152.331578,-30.628318],[152.333571,-30.63659],[152.337037,-30.640624],[152.343798,-30.639482],[152.349223,-30.643146],[152.350185,-30.647314],[152.355535,-30.64877],[152.364491,-30.654615],[152.369291,-30.658905],[152.364359,-30.663496],[152.359475,-30.673425],[152.357992,-30.678444],[152.358405,-30.684213],[152.362344,-30.690139],[152.366724,-30.694202],[152.369327,-30.698688],[152.365915,-30.702985],[152.367003,-30.708878],[152.369392,-30.711234],[152.371882,-30.721824],[152.371082,-30.728387],[152.37586,-30.731802],[152.375309,-30.745347],[152.36675,-30.751786],[152.365477,-30.758481],[152.361448,-30.757902],[152.357768,-30.763766],[152.351956,-30.769156],[152.354998,-30.77812],[152.348538,-30.779729],[152.343857,-30.791901],[152.341232,-30.792067],[152.333339,-30.789489],[152.324515,-30.791848],[152.321037,-30.790831],[152.315673,-30.793799],[152.315094,-30.796546],[152.31791,-30.800261],[152.316736,-30.802765],[152.310699,-30.804966],[152.303904,-30.814047],[152.304217,-30.816397],[152.298103,-30.823219],[152.291453,-30.823737],[152.286781,-30.829869],[152.288597,-30.832337],[152.28454,-30.841506],[152.28951,-30.844152],[152.294238,-30.857384],[152.296535,-30.859042],[152.296218,-30.862705],[152.299031,-30.864954],[152.299116,-30.868431],[152.295075,-30.872234],[152.294013,-30.876665],[152.290613,-30.882266],[152.290594,-30.888218],[152.28898,-30.89161],[152.287243,-30.89997],[152.289493,-30.900382],[152.291747,-30.906489],[152.294739,-30.910623],[152.293296,-30.91878],[152.291013,-30.924718],[152.295131,-30.928065],[152.296107,-30.930719],[152.293185,-30.936259],[152.285433,-30.943909],[152.284306,-30.949125],[152.287238,-30.956807],[152.28599,-30.959675],[152.290658,-30.961333],[152.287964,-30.966871],[152.291524,-30.968167],[152.29117,-30.975444],[152.288659,-30.980927],[152.284119,-30.979437],[152.282404,-30.985676],[152.275194,-30.993949],[152.270845,-30.996295],[152.269825,-30.999147],[152.273443,-31.003872],[152.275066,-31.008692],[152.285222,-31.010356],[152.294233,-31.016354],[152.299045,-31.017317],[152.299635,-31.019833],[152.307849,-31.025194],[152.311316,-31.024989],[152.315267,-31.02785],[152.319215,-31.025088],[152.324392,-31.024857],[152.326425,-31.030117],[152.33116,-31.031617],[152.334049,-31.035471],[152.340341,-31.036442],[152.344607,-31.042386],[152.34517,-31.050618],[152.331474,-31.05557],[152.331245,-31.057657],[152.337633,-31.065899],[152.340634,-31.06821],[152.336799,-31.071404],[152.334219,-31.075715],[152.337351,-31.080097],[152.334937,-31.084906],[152.336743,-31.088797],[152.335077,-31.091283],[152.334987,-31.096198],[152.338112,-31.106029],[152.342982,-31.106365],[152.34815,-31.109224],[152.349587,-31.117004]]],[[[153.31337644476662,-29.973596496606827],[153.3154779363162,-29.97801508700061],[153.3258691118766,-29.992027665620853],[153.33876840413757,-30.003772330293877],[153.3558961677554,-30.013865816729194],[153.37268442970296,-30.019955870617782],[153.39034466526687,-30.022611162581796],[153.40818150922217,-30.021727141485048],[153.42549264245417,-30.017338615330317],[153.44159644551277,-30.009618380707185],[153.45585883712567,-29.998870418990375],[153.4677182409133,-29.985517927185906],[153.47670769725033,-29.970086654705938],[153.48247324962782,-29.953184202180676],[153.4847878815594,-29.93547609740892],[153.48356045527137,-29.917659590447855],[153.47691466138573,-29.893368146327866],[153.46902633523257,-29.876973200922173],[153.45800184722955,-29.862499756666352],[153.44429173135018,-29.850539294847163],[153.42845627420198,-29.84158059955925],[153.41114261798583,-29.835989782733048],[153.39059819523416,-29.833227808945477],[153.3736511543395,-29.83445903687638],[153.35723755922052,-29.83885358037634],[153.3419424595415,-29.84625479940516],[153.3283110370782,-29.85639888334261],[153.31682917314293,-29.86892425431016],[153.30790612972805,-29.883384455329498],[153.3018599616849,-29.899264063929746],[153.29890617990907,-29.915997063975276],[153.29915006962437,-29.93298702086486],[153.30352393757408,-29.952692340973034],[153.3113274221002,-29.970766928899234],[153.31337644476662,-29.973596496606827]]]]},"bbox":[152.269825,-31.582814889248393,153.4847878815594,-29.833227808945477]},
{"properties":{"electorateShortName":"cunningham","electorateName":"Cunningham","area":518.775526,"state":"NSW"},"type":"Feature","geometry":{"type":"Polygon","coordinates":[[[150.89778,-34.500723],[150.885949,-34.512485],[150.877995,-34.525865],[150.87465,-34.537108],[150.87474,-34.542994],[150.870405,-34.548696],[150.868387,-34.554754],[150.869874,-34.560796],[150.874975,-34.562027],[150.869083,-34.565824],[150.868446,-34.570207],[150.872651,-34.579571],[150.877301,-34.579955],[150.873518,-34.584325],[150.874428662653,-34.5873752652058],[150.88651894200703,-34.59001571287669],[150.9026090022349,-34.59059335516462],[150.91854452025672,-34.58829488303622],[150.9325445073641,-34.583618413205414],[150.93346018781884,-34.58352243892535],[150.9461700647795,-34.58318971782462],[150.9641303460205,-34.578954791397415],[150.9808494041804,-34.571145860718644],[150.9956244065799,-34.56009119617403],[151.00874023063344,-34.54551511719866],[151.01779175564846,-34.52983166125701],[151.02352056148212,-34.51265371961397],[151.0256947369539,-34.49467668269491],[151.02422626797937,-34.47662828957413],[151.0203116888482,-34.46315331458476],[151.02074146767072,-34.45060030131456],[151.0176458106505,-34.43253847002424],[151.01095580323707,-34.415478087767234],[151.00924746645913,-34.41285734584754],[151.01407064884208,-34.4040934726668],[151.01942609352108,-34.38702196553676],[151.0212987390251,-34.3692284177675],[151.0191586608625,-34.34990696285817],[151.02519132343778,-34.3388850844229],[151.03102085762404,-34.3310452954639],[151.04075602870589,-34.32017662854147],[151.0456642999386,-34.311742565563094],[151.05089057176764,-34.30473390918638],[151.0541082358919,-34.29807306590455],[151.06715537965104,-34.289140809042756],[151.07916052958626,-34.27751921554284],[151.08217854941387,-34.27325316977567],[151.0927799080416,-34.26634635520724],[151.09838911065665,-34.263905206807856],[151.11246912775817,-34.25426495284798],[151.11970310276072,-34.24696039567742],[151.1213629419242,-34.24555649081441],[151.133140854706,-34.233533475028345],[151.1416934153644,-34.221261617196824],[151.14990157517673,-34.20529888954513],[151.15477878195614,-34.188024763934315],[151.15613104175523,-34.170126329504924],[151.1539045675955,-34.152315507670906],[151.14818791887794,-34.13530073500045],[151.13920847887758,-34.11975878470884],[151.135818,-34.120275],[151.134632,-34.126268],[151.129156,-34.13072],[151.127882,-34.137919],[151.117982,-34.141441],[151.116347,-34.144542],[151.1023,-34.153714],[151.098355,-34.153725],[151.095677,-34.158109],[151.081098,-34.166807],[151.074588,-34.169293],[151.071986,-34.168583],[151.066158,-34.172329],[151.060313,-34.171458],[151.060833,-34.168514],[151.055163,-34.16772],[151.054478,-34.171526],[151.015917,-34.166444],[151.013982,-34.163035],[151.01874,-34.15589],[151.013652,-34.154531],[150.991098,-34.146037],[150.979838,-34.13847],[150.922732,-34.130009],[150.922458,-34.133936],[150.917943,-34.137899],[150.91947,-34.141238],[150.91871,-34.146877],[150.915083,-34.150649],[150.916568,-34.153225],[150.914114,-34.159257],[150.907085,-34.164498],[150.904029,-34.180881],[150.903908,-34.185063],[150.898911,-34.187371],[150.899306,-34.189606],[150.879449,-34.187138],[150.874078,-34.187863],[150.870599,-34.182473],[150.862476,-34.183178],[150.859442,-34.181408],[150.857477,-34.182493],[150.858638,-34.193599],[150.864127,-34.192991],[150.864676,-34.199541],[150.874471,-34.199772],[150.878853,-34.202859],[150.880375,-34.208383],[150.885075,-34.212096],[150.889819,-34.213375],[150.893582,-34.220879],[150.891466,-34.227428],[150.892079,-34.230081],[150.897192,-34.231486],[150.896399,-34.234309],[150.891911,-34.23611],[150.889033,-34.240975],[150.886336,-34.242763],[150.882626,-34.25154],[150.880814,-34.258531],[150.876359,-34.25966],[150.852796,-34.279952],[150.837176,-34.274533],[150.827281,-34.274914],[150.817033,-34.269794],[150.813978,-34.269334],[150.80519,-34.27134],[150.806647,-34.280748],[150.811371,-34.289812],[150.815836,-34.29591],[150.814347,-34.300539],[150.81676,-34.306375],[150.792833,-34.303348],[150.791745,-34.307086],[150.750861,-34.301926],[150.745677,-34.337416],[150.689634,-34.441706],[150.701766,-34.443988],[150.70928,-34.447213],[150.711898,-34.449777],[150.716918,-34.449473],[150.717595,-34.45478],[150.727989,-34.456861],[150.734918,-34.460658],[150.742902,-34.459684],[150.747162,-34.461249],[150.751164,-34.455918],[150.755197,-34.454579],[150.760032,-34.449966],[150.766458,-34.449297],[150.769382,-34.450523],[150.78477,-34.448065],[150.787005,-34.445053],[150.792239,-34.44283],[150.798363,-34.450307],[150.803249,-34.452755],[150.804622,-34.455215],[150.814883,-34.461801],[150.821838,-34.461237],[150.827272,-34.463363],[150.836525,-34.462168],[150.841049,-34.459939],[150.850837,-34.450786],[150.864942,-34.459168],[150.869677,-34.46506],[150.875174,-34.466114],[150.873296,-34.47953],[150.868532,-34.478977],[150.867474,-34.484564],[150.86532,-34.485839],[150.865901,-34.489973],[150.873632,-34.492705],[150.879164,-34.492975],[150.886605,-34.491595],[150.88733,-34.497918],[150.896243,-34.499058],[150.89778,-34.500723]]]},"bbox":[150.689634,-34.59059335516462,151.15613104175523,-34.11975878470884]},
{"properties":{"electorateShortName":"dobell","electorateName":"Dobell","area":787.16958,"state":"NSW"},"type":"Feature","geometry":{"type":"Polygon","coordinates":[[[151.202438,-33.138989],[151.204188,-33.147347],[151.208787,-33.152269],[151.206571,-33.155911],[151.201548,-33.15766],[151.20323,-33.161335],[151.201141,-33.165191],[151.20214,-33.16857],[151.206505,-33.172218],[151.208732,-33.175856],[151.208877,-33.179991],[151.203362,-33.186523],[151.199595,-33.195676],[151.199234,-33.199734],[151.204118,-33.211376],[151.213221,-33.217578],[151.22353,-33.219062],[151.221683,-33.226976],[151.216628,-33.23361],[151.216733,-33.248361],[151.228891,-33.249994],[151.226105,-33.264112],[151.233442,-33.265118],[151.232467,-33.270269],[151.239042,-33.271337],[151.236333,-33.285381],[151.247133,-33.286869],[151.251492,-33.289008],[151.250464,-33.294355],[151.266561,-33.296632],[151.263872,-33.310595],[151.281261,-33.313005],[151.279948,-33.319933],[151.296322,-33.322193],[151.300126,-33.319908],[151.298491,-33.32784],[151.302527,-33.328444],[151.300129,-33.340321],[151.293104,-33.339319],[151.290931,-33.350176],[151.295728,-33.351467],[151.299425,-33.356064],[151.299982,-33.360495],[151.302593,-33.36238],[151.312153,-33.364762],[151.321805,-33.365557],[151.325034,-33.366797],[151.329939,-33.364503],[151.366269,-33.369596],[151.376638,-33.371292],[151.374883,-33.377343],[151.371765,-33.38088],[151.365867,-33.383223],[151.358641,-33.382049],[151.354362,-33.383311],[151.350671,-33.389574],[151.343542,-33.395501],[151.343612,-33.399409],[151.348346,-33.404232],[151.348734,-33.408066],[151.34508,-33.412419],[151.363073,-33.414984],[151.370119,-33.418727],[151.377719,-33.419961],[151.379307,-33.418728],[151.38581,-33.42299],[151.390708,-33.422519],[151.39507,-33.427578],[151.405028,-33.424945],[151.41098,-33.425376],[151.414406,-33.427199],[151.420909,-33.426961],[151.427531,-33.424141],[151.438677,-33.422679],[151.445688,-33.425939],[151.449605,-33.429352],[151.444891,-33.435631],[151.443595,-33.442565],[151.446697,-33.447846],[151.452439,-33.447483],[151.444331,-33.456617],[151.440395,-33.458176],[151.435561,-33.466388],[151.436354,-33.469937],[151.440699,-33.471299],[151.442572,-33.481745],[151.447013,-33.485708],[151.444213,-33.490734],[151.440276,-33.492279],[151.433105,-33.491149],[151.427905,-33.494641],[151.425192,-33.500169],[151.429209,-33.505245],[151.418963,-33.510806],[151.4209938190887,-33.51697943091398],[151.42759314879146,-33.51653776564265],[151.44039369907412,-33.518879380924794],[151.4601040670826,-33.51873751107644],[151.47931084444267,-33.514308240535634],[151.49709277278077,-33.505804020485535],[151.5155648098781,-33.491477280925224],[151.52581127291154,-33.48230220952148],[151.5336697041643,-33.47694752325219],[151.5453597034156,-33.46535216496753],[151.54821720635044,-33.462691189437166],[151.55897145928367,-33.44989952790057],[151.56717534767287,-33.43534010564845],[151.5720160946759,-33.42164923351796],[151.58126337800513,-33.40940054599001],[151.58896457522775,-33.39343192044267],[151.59198923021634,-33.381687328300956],[151.59859696168266,-33.37966559276233],[151.61404216120613,-33.37138898663794],[151.63073367815997,-33.359459439007374],[151.64316693174442,-33.34663843220527],[151.6573461955336,-33.32656423412875],[151.66475226928097,-33.309628374082884],[151.66854220505175,-33.2915366723747],[151.66855613620393,-33.27305227111938],[151.66479347509525,-33.25495487723999],[151.657412937871,-33.238007872958235],[151.6539148457686,-33.232860230033445],[151.6496657183257,-33.21656722747074],[151.64245608805368,-33.2013508465648],[151.63253830715806,-33.187743692614],[151.628207,-33.185604],[151.622819,-33.188011],[151.622218,-33.195364],[151.62012,-33.198056],[151.616376,-33.202409],[151.61208,-33.202133],[151.599754,-33.210699],[151.573884,-33.233899],[151.565085,-33.247326],[151.549461,-33.240454],[151.538012,-33.245949],[151.527986,-33.244476],[151.513245,-33.220786],[151.508896,-33.216175],[151.514558,-33.211862],[151.516367,-33.205833],[151.520224,-33.203425],[151.5227,-33.199574],[151.519071,-33.195038],[151.51218,-33.194307],[151.50294,-33.192448],[151.490526,-33.186818],[151.488004,-33.189099],[151.481901,-33.189962],[151.474832,-33.189586],[151.468636,-33.19324],[151.464382,-33.193886],[151.461136,-33.199749],[151.455115,-33.202843],[151.443243,-33.20103],[151.4447,-33.193356],[151.438643,-33.195382],[151.435442,-33.199876],[151.43146,-33.199307],[151.43317,-33.194209],[151.418526,-33.19214],[151.417933,-33.195151],[151.410957,-33.194141],[151.412386,-33.189345],[151.411069,-33.187461],[151.398625,-33.185747],[151.400568,-33.175853],[151.397806,-33.170178],[151.392869,-33.169819],[151.397477,-33.165259],[151.393007,-33.158897],[151.392312,-33.152037],[151.388489,-33.150296],[151.387441,-33.143349],[151.383068,-33.139816],[151.3837,-33.129183],[151.381047,-33.126862],[151.380152,-33.119225],[151.382127,-33.115427],[151.38035,-33.113107],[151.382261,-33.108779],[151.379353,-33.104678],[151.378995,-33.099827],[151.372057,-33.094486],[151.363189,-33.093981],[151.356018,-33.088134],[151.35748,-33.083085],[151.353888,-33.079317],[151.345545,-33.075132],[151.33887,-33.073234],[151.332755,-33.069027],[151.331453,-33.062237],[151.326263,-33.060143],[151.323272,-33.055273],[151.319182,-33.053025],[151.315283,-33.048252],[151.309038,-33.047287],[151.30355,-33.043733],[151.300625,-33.047559],[151.299838,-33.051594],[151.296928,-33.054257],[151.289266,-33.055201],[151.281592,-33.058352],[151.27775,-33.056723],[151.266703,-33.058556],[151.267284,-33.063614],[151.264317,-33.073257],[151.262303,-33.074641],[151.264238,-33.08072],[151.262426,-33.084431],[151.26368,-33.089842],[151.260141,-33.094081],[151.262054,-33.09707],[151.259958,-33.100407],[151.254386,-33.101217],[151.248783,-33.100083],[151.241181,-33.107747],[151.232353,-33.108538],[151.232326,-33.113462],[151.221096,-33.120536],[151.218946,-33.123639],[151.218573,-33.130672],[151.214615,-33.129154],[151.209171,-33.132994],[151.204795,-33.134444],[151.202438,-33.138989]]]},"bbox":[151.199234,-33.518879380924794,151.66855613620393,-33.043733]},
{"properties":{"electorateShortName":"eden-monaro","electorateName":"Eden-Monaro","area":41617.11144,"state":"NSW"},"type":"Feature","geometry":{"type":"Polygon","coordinates":[[[149.976679,-37.50506],[149.964685,-37.511652],[149.962257,-37.515776],[149.957638,-37.51517],[149.936035,-37.521259],[149.92477,-37.526348],[149.915934,-37.532285],[149.906609,-37.542865],[149.874016,-37.540254],[149.858347,-37.541938],[149.844884,-37.545671],[149.82830551471,-37.544367561709855],[149.92633706431957,-37.58236465385983],[149.9453622952204,-37.58943573111831],[149.963366932241,-37.59407004916289],[149.98193962289835,-37.594906123159106],[150.00028783182808,-37.59190827608947],[150.01762860276824,-37.585204432327664],[150.03322196893262,-37.575080658839255],[150.0464025289336,-37.56196895810891],[150.05660784084415,-37.546428833695316],[150.06442068036625,-37.52792249715988],[150.0677121890553,-37.51144843651808],[150.06788468071008,-37.494649658285454],[150.06671175582235,-37.48807969929885],[150.06675803263616,-37.4748620501493],[150.0661533009419,-37.466953754068925],[150.06701843343998,-37.45506640788834],[150.06423550769358,-37.43095761638032],[150.0594630209257,-37.41327719046673],[150.05258917753054,-37.39772257156095],[150.04493872797684,-37.38669953546762],[150.0448314258451,-37.38365544321492],[150.0488940507555,-37.37754243333916],[150.05351164964384,-37.36702279873748],[150.0587994622531,-37.35233303225377],[150.07532655707845,-37.349136963483964],[150.09110924185507,-37.34323699625285],[150.1055156207021,-37.334498632527215],[150.11804075403904,-37.32322814953057],[150.12824563941842,-37.30982057456417],[150.13577259843973,-37.29474583940971],[150.14035781327817,-37.2785323093508],[150.14184057342615,-37.26174826411643],[150.14016890855197,-37.244981979834144],[150.13540141004555,-37.228821110115064],[150.12770517740645,-37.21383208895787],[150.12247117740645,-37.20563208895787],[150.11354245285082,-37.194023247419274],[150.11045157085988,-37.186483754676246],[150.11076849634372,-37.181356625823526],[150.10786368797838,-37.16238449114369],[150.10100203989765,-37.144459715229736],[150.0963018452682,-37.13727406175063],[150.09589218552964,-37.130208116852174],[150.09204967458405,-37.113410174242],[150.08507615287644,-37.097652453553536],[150.0743232609022,-37.08244861291861],[150.06169466197042,-37.07023350341735],[150.04693348249933,-37.06070470539614],[150.03695710207526,-37.056746615456184],[150.03455068113178,-37.05398367905843],[150.03402206761845,-37.041441310143405],[150.03647418920923,-37.03255012732881],[150.0376734918107,-37.01431130419506],[150.03516306324343,-36.996206311943126],[150.02988001995269,-36.98132924855517],[150.03470070981282,-36.96388230281321],[150.03588334944135,-36.94663282161309],[150.03374567636808,-36.92947550270843],[150.02758915640968,-36.911649681879545],[150.02771673370313,-36.89988532015922],[150.03180554603483,-36.89293533578161],[150.0376937132917,-36.875681421581625],[150.03998398745108,-36.85759488755378],[150.03874531690178,-36.84153082620775],[150.04913451788642,-36.826383826053984],[150.05402728528662,-36.81579264359096],[150.0596116747931,-36.80579709195219],[150.06149135607166,-36.800078546026924],[150.0694773607226,-36.7815912917625],[150.0727170883317,-36.767184754247765],[150.07688955283757,-36.757114679410684],[150.0790856833948,-36.747781235412674],[150.08171578724898,-36.73082126861934],[150.0814373117759,-36.72332571664091],[150.08652436643797,-36.7079338689712],[150.08831293075718,-36.69664353355051],[150.09444866591622,-36.687642157779166],[150.10030703531018,-36.67403826932004],[150.1144798874232,-36.65249355405524],[150.11684827625362,-36.65067562855906],[150.1285951256464,-36.63720761294394],[150.13491998651625,-36.627652517613264],[150.14225735592524,-36.611210222833904],[150.14538790083694,-36.599760666796186],[150.14880289065823,-36.59436628981457],[150.15524884441868,-36.577321476849654],[150.15812921058634,-36.55932760401385],[150.15732590269383,-36.541122366709146],[150.15287185398145,-36.52345212565367],[150.1511619159625,-36.51874338383395],[150.1520628522493,-36.50247775761232],[150.15764673589047,-36.49141967080562],[150.16242547363277,-36.473903488409746],[150.16584231289698,-36.46825367914964],[150.1717597567618,-36.45223835556459],[150.17454621115394,-36.43539370052664],[150.1741013958003,-36.41832592765704],[150.17025999319247,-36.40108524370718],[150.1919671170728,-36.383277464600475],[150.2048149772392,-36.36900749103006],[150.21778840583346,-36.348965308725006],[150.2352293768404,-36.34914573584571],[150.25361170834037,-36.345537952624674],[150.2712253776629,-36.338470416336804],[150.28696536780615,-36.32786644884946],[150.30013175169114,-36.31419758819553],[150.3101390455576,-36.298071662310406],[150.31654224430068,-36.28020576009306],[150.32041274812659,-36.260333961312575],[150.32055580771623,-36.240459561456426],[150.31818904780616,-36.22287249613729],[150.3124174867333,-36.206091688594334],[150.30346550741487,-36.19076953191539],[150.29168113895585,-36.177501710729025],[150.2775225262046,-36.16680404257324],[150.2615401183018,-36.15909242428393],[150.2443552686845,-36.15466666303396],[150.22377195889078,-36.15382544030081],[150.21978000895572,-36.14065255804302],[150.22356792106208,-36.13239950898531],[150.22957577385802,-36.11295553882609],[150.2314964139016,-36.095437729528726],[150.22996657366923,-36.07788147452889],[150.22418511158588,-36.058998954128285],[150.2211635439018,-36.04188364971085],[150.2149086083864,-36.02566824659315],[150.21216974868392,-36.02131485708901],[150.20782500518243,-36.01079380341369],[150.20538350124227,-36.00722344427768],[150.2004360660885,-35.99495951915302],[150.19341515229965,-35.98348199422829],[150.18389750071336,-35.972067080589035],[150.17574660372753,-35.964586782965185],[150.16734236316054,-35.9584204983395],[150.16021548240082,-35.954225187012625],[150.153878,-35.965258],[150.151067,-35.97886],[150.153522,-35.98491],[150.154079,-35.991911],[150.160188,-35.991831],[150.164327,-35.99364],[150.159793,-35.99688],[150.157407,-36.007989],[150.160261,-36.013824],[150.149238,-36.02881],[150.141363,-36.049267],[150.141666,-36.063714],[150.138681,-36.06344],[150.134459,-36.066015],[150.13116,-36.066889],[150.125174,-36.064673],[150.127726,-36.056991],[150.124223,-36.052462],[150.117882,-36.04803],[150.119587,-36.045055],[150.118163,-36.04139],[150.121046,-36.039327],[150.117828,-36.03359],[150.107741,-36.030665],[150.100498,-36.03196],[150.099874,-36.036144],[150.090099,-36.035022],[150.091525,-36.038628],[150.096901,-36.043794],[150.092496,-36.044878],[150.081813,-36.051748],[150.077553,-36.048786],[150.077283,-36.044959],[150.030846,-36.038177],[150.029338,-36.039609],[150.02196,-36.0369],[150.014268,-36.035793],[150.01502,-36.032365],[150.003422,-36.030681],[150.004167,-36.027329],[149.994146,-36.020303],[149.991548,-36.020286],[149.980512,-36.014521],[149.979138,-36.012518],[149.971933,-36.009169],[149.966665,-36.010489],[149.855705,-35.809015],[149.859796,-35.795142],[149.837634,-35.786406],[149.826941,-35.778131],[149.824958,-35.763239],[149.817232,-35.753041],[149.817356,-35.749602],[149.820648,-35.745059],[149.818138,-35.739615],[149.814402,-35.7363],[149.818132,-35.733504],[149.822735,-35.734519],[149.825287,-35.728889],[149.829816,-35.725133],[149.830246,-35.721324],[149.838721,-35.723793],[149.838349,-35.718662],[149.840917,-35.7148],[149.845995,-35.717459],[149.84929,-35.714841],[149.851564,-35.718883],[149.856847,-35.719476],[149.862615,-35.713806],[149.861464,-35.711407],[149.875458,-35.688275],[149.890393,-35.666336],[149.908399,-35.637019],[149.915654,-35.63802],[149.922055,-35.634334],[149.920079,-35.623145],[149.921992,-35.618577],[149.927372,-35.613891],[149.934096,-35.61165],[149.933371,-35.601818],[149.936329,-35.59496],[149.931649,-35.585995],[149.929019,-35.578612],[149.93093,-35.571775],[149.929853,-35.565592],[149.936133,-35.561516],[149.945965,-35.565714],[149.94824,-35.561737],[149.941329,-35.560716],[149.94285,-35.553309],[149.949419,-35.553218],[149.949281,-35.5498],[149.95134,-35.542496],[149.948148,-35.537659],[149.949323,-35.529432],[149.957434,-35.53073],[149.964045,-35.500787],[149.970396,-35.500581],[149.97505,-35.502973],[149.978696,-35.502628],[149.980428,-35.498534],[149.976779,-35.49283],[149.97779,-35.489955],[149.998742,-35.478744],[150.003473,-35.471765],[150.003983,-35.463062],[150.00586,-35.460507],[150.004259,-35.451109],[150.005378,-35.444573],[150.011202,-35.44145],[150.014081,-35.437419],[150.007436,-35.430683],[150.010876,-35.424016],[150.017923,-35.419233],[150.019891,-35.413282],[150.023195,-35.411063],[150.032974,-35.409895],[150.038056,-35.406213],[150.03819,-35.400093],[150.041141,-35.394143],[150.041795,-35.38008],[150.037118,-35.368601],[150.040325,-35.365771],[150.044911,-35.358536],[150.044039,-35.354695],[150.046721,-35.347397],[150.042132,-35.345622],[150.04258,-35.34172],[150.038004,-35.334237],[150.03804,-35.331635],[150.044663,-35.317827],[150.053093,-35.309068],[150.062927,-35.306383],[150.067782,-35.309166],[150.080905,-35.30421],[150.085367,-35.305263],[150.087254,-35.30093],[150.08258,-35.29272],[150.086777,-35.290821],[150.100387,-35.291565],[150.106111,-35.285018],[150.113762,-35.290943],[150.114848,-35.293761],[150.121069,-35.291332],[150.12103,-35.285714],[150.125283,-35.281961],[150.133541,-35.279441],[150.137678,-35.272912],[150.147838,-35.27008],[150.151921,-35.266784],[150.15594,-35.269053],[150.16437,-35.269778],[150.166889,-35.26644],[150.164432,-35.264452],[150.161001,-35.257476],[150.162041,-35.254636],[150.167727,-35.253149],[150.172095,-35.248615],[150.168741,-35.245646],[150.16752,-35.241216],[150.169962,-35.238724],[150.182887,-35.236339],[150.185247,-35.231557],[150.189408,-35.230412],[150.193655,-35.23286],[150.197489,-35.230222],[150.195924,-35.226487],[150.194985,-35.219216],[150.187801,-35.219063],[150.190467,-35.21591],[150.188506,-35.209069],[150.185575,-35.207877],[150.187963,-35.203164],[150.186318,-35.199841],[150.192057,-35.198515],[150.198725,-35.198883],[150.203359,-35.202835],[150.208838,-35.203691],[150.215661,-35.200984],[150.213873,-35.194079],[150.210567,-35.189933],[150.208014,-35.182605],[150.204361,-35.177503],[150.205102,-35.172363],[150.201781,-35.169704],[150.198531,-35.171151],[150.193169,-35.169544],[150.188669,-35.16602],[150.182266,-35.164932],[150.176049,-35.165561],[150.173089,-35.160376],[150.170401,-35.149334],[150.163546,-35.148796],[150.160378,-35.151311],[150.156757,-35.14631],[150.150828,-35.143184],[150.145783,-35.144809],[150.141643,-35.14446],[150.141061,-35.141315],[150.142638,-35.130457],[150.139419,-35.124415],[150.139542,-35.118163],[150.133658,-35.114022],[150.129059,-35.112935],[150.133266,-35.107805],[150.132332,-35.104664],[150.127215,-35.103463],[150.129401,-35.09779],[150.120387,-35.091647],[150.119234,-35.088688],[150.113612,-35.08856],[150.108607,-35.0844],[150.105474,-35.085594],[150.103221,-35.082239],[150.106058,-35.076327],[150.105934,-35.071545],[150.101512,-35.069977],[150.088819,-35.067617],[150.085833,-35.06393],[150.087768,-35.059964],[150.081781,-35.057131],[150.081114,-35.053802],[150.074115,-35.052122],[150.071681,-35.049501],[150.076088,-35.042905],[150.071444,-35.040034],[150.06753,-35.040616],[150.066822,-35.035528],[150.061611,-35.036075],[150.064098,-35.031142],[150.064212,-35.021789],[150.0526,-35.018163],[150.053885,-35.013622],[150.050664,-35.012655],[150.05191,-35.007276],[150.043686,-34.99964],[150.038866,-35.000169],[150.035986,-35.003375],[150.026513,-35.002693],[150.024129,-35.003467],[150.024338,-35.012902],[150.022258,-35.018712],[150.023983,-35.024461],[150.028523,-35.027361],[150.029749,-35.031891],[150.029242,-35.038436],[150.024403,-35.043642],[150.024885,-35.047506],[150.02934,-35.052799],[150.022709,-35.05552],[150.013476,-35.063915],[150.010018,-35.068086],[149.995224,-35.075709],[149.992116,-35.073924],[149.99059,-35.068303],[149.98396,-35.0652],[149.977384,-35.066127],[149.979154,-35.072747],[149.979578,-35.07917],[149.983296,-35.083908],[149.983111,-35.088561],[149.980086,-35.089277],[149.980741,-35.095146],[149.989207,-35.096161],[149.991841,-35.100277],[149.996335,-35.102192],[150.002644,-35.101187],[150.011033,-35.101603],[150.013855,-35.098927],[150.023985,-35.095916],[150.027155,-35.09592],[150.027829,-35.100247],[150.026331,-35.104599],[150.021846,-35.105297],[150.018646,-35.107978],[150.017009,-35.113651],[150.018016,-35.119054],[150.020143,-35.121629],[150.031339,-35.119702],[150.03147,-35.122966],[150.035874,-35.124624],[150.03513,-35.128489],[150.032002,-35.130934],[150.024988,-35.129961],[150.017478,-35.132111],[150.013512,-35.131747],[150.010826,-35.139753],[150.005094,-35.141695],[149.997404,-35.142082],[149.992984,-35.145912],[149.991173,-35.149704],[149.993297,-35.157783],[149.992201,-35.162007],[149.978407,-35.16624],[149.973427,-35.164869],[149.966774,-35.160287],[149.961343,-35.150538],[149.953223,-35.151289],[149.940769,-35.150573],[149.934869,-35.149322],[149.930796,-35.151261],[149.933669,-35.160213],[149.934592,-35.166348],[149.941314,-35.172197],[149.949492,-35.175514],[149.952463,-35.178526],[149.953968,-35.184209],[149.951359,-35.19192],[149.952755,-35.195932],[149.952554,-35.208554],[149.948508,-35.212631],[149.943955,-35.220646],[149.938215,-35.223446],[149.936922,-35.227367],[149.931118,-35.235045],[149.926878,-35.237494],[149.918089,-35.236045],[149.916754,-35.240049],[149.912117,-35.242172],[149.901846,-35.242889],[149.897416,-35.239243],[149.898964,-35.234084],[149.90937,-35.234817],[149.915673,-35.232321],[149.920311,-35.227671],[149.917551,-35.224905],[149.910922,-35.226337],[149.900526,-35.224674],[149.897751,-35.226277],[149.895123,-35.231503],[149.883431,-35.234868],[149.880736,-35.239614],[149.887344,-35.24518],[149.892803,-35.247257],[149.882829,-35.256169],[149.873917,-35.253149],[149.866413,-35.25309],[149.862139,-35.251811],[149.858556,-35.248521],[149.852012,-35.248212],[149.848009,-35.245445],[149.845768,-35.240185],[149.849733,-35.232124],[149.848007,-35.226499],[149.849725,-35.222613],[149.843141,-35.22161],[149.846149,-35.214306],[149.839382,-35.210357],[149.835547,-35.206992],[149.82309,-35.206206],[149.819208,-35.209257],[149.814288,-35.210841],[149.807719,-35.210856],[149.798404,-35.207386],[149.793682,-35.202066],[149.798362,-35.199668],[149.796267,-35.19515],[149.788614,-35.193136],[149.773026,-35.196566],[149.770267,-35.193949],[149.771254,-35.189732],[149.77022,-35.182474],[149.772938,-35.178629],[149.771792,-35.175611],[149.766091,-35.171051],[149.763532,-35.172892],[149.758907,-35.170279],[149.75529,-35.171419],[149.753425,-35.174819],[149.749575,-35.177069],[149.740599,-35.176347],[149.73259,-35.179794],[149.73154,-35.182711],[149.720114,-35.180449],[149.718395,-35.17818],[149.708501,-35.174753],[149.708255,-35.167786],[149.699224,-35.162836],[149.699742,-35.160166],[149.688576,-35.159],[149.686074,-35.152693],[149.679343,-35.151135],[149.674392,-35.145719],[149.664058,-35.141339],[149.660656,-35.137933],[149.653111,-35.12359],[149.652766,-35.115632],[149.644878,-35.11452],[149.641284,-35.117742],[149.634835,-35.116915],[149.631398,-35.134542],[149.615332,-35.132384],[149.610955,-35.132977],[149.606787,-35.131381],[149.603524,-35.134462],[149.59953,-35.143706],[149.592862,-35.144816],[149.590986,-35.156745],[149.572481,-35.153518],[149.568913,-35.15984],[149.559086,-35.159258],[149.559962,-35.155006],[149.542379,-35.152437],[149.54921,-35.140522],[149.553418,-35.126683],[149.55739,-35.127253],[149.559783,-35.115521],[149.544239,-35.113521],[149.543104,-35.110805],[149.544605,-35.10353],[149.549942,-35.104291],[149.556431,-35.071133],[149.538247,-35.068569],[149.547597,-35.020766],[149.550501,-35.00942],[149.549266,-35.009234],[149.552373,-34.993686],[149.546882,-34.992774],[149.548596,-34.98195],[149.551228,-34.97557],[149.544916,-34.974683],[149.540809,-34.971939],[149.524719,-34.969679],[149.524764,-34.966939],[149.519035,-34.966166],[149.525023,-34.96227],[149.526831,-34.9592],[149.529877,-34.943207],[149.527085,-34.93912],[149.528381,-34.933534],[149.526364,-34.931517],[149.514457,-34.929954],[149.516138,-34.921784],[149.523761,-34.922769],[149.526448,-34.907917],[149.490968,-34.902197],[149.488522,-34.916068],[149.455029,-34.911692],[149.453442,-34.920119],[149.449441,-34.920368],[149.447813,-34.927857],[149.444698,-34.928437],[149.428791,-34.926166],[149.427775,-34.930593],[149.413142,-34.928204],[149.414126,-34.923576],[149.407938,-34.9226],[149.406554,-34.918697],[149.400345,-34.923734],[149.393865,-34.921608],[149.387354,-34.921548],[149.384157,-34.93664],[149.382166,-34.937968],[149.374646,-34.948756],[149.370168,-34.949408],[149.369176,-34.946872],[149.345349,-34.943343],[149.343016,-34.94584],[149.338366,-34.946362],[149.337986,-34.942248],[149.34248,-34.942726],[149.346363,-34.923049],[149.333235,-34.921191],[149.334325,-34.915478],[149.329664,-34.914888],[149.330592,-34.910041],[149.316295,-34.908195],[149.31436,-34.918337],[149.300419,-34.916326],[149.301395,-34.911267],[149.291635,-34.909969],[149.292661,-34.913241],[149.280448,-34.911674],[149.28144,-34.906481],[149.276972,-34.905874],[149.273731,-34.903453],[149.274807,-34.897013],[149.280662,-34.897791],[149.28129,-34.894576],[149.279035,-34.89052],[149.270499,-34.889335],[149.271021,-34.886695],[149.262664,-34.885594],[149.261849,-34.889804],[149.250875,-34.89033],[149.248785,-34.897454],[149.239889,-34.896236],[149.237049,-34.894039],[149.235362,-34.902307],[149.230481,-34.901653],[149.229734,-34.905379],[149.212222,-34.903544],[149.213361,-34.898693],[149.217649,-34.890161],[149.20538,-34.888468],[149.201517,-34.891113],[149.195755,-34.890319],[149.195048,-34.893774],[149.187082,-34.894461],[149.182133,-34.892721],[149.176455,-34.887268],[149.172792,-34.881252],[149.170288,-34.879733],[149.161198,-34.879803],[149.15492,-34.875745],[149.150538,-34.879803],[149.146046,-34.88188],[149.14676,-34.889051],[149.138015,-34.890718],[149.132614,-34.888994],[149.128592,-34.884743],[149.120476,-34.888003],[149.117381,-34.885079],[149.115334,-34.878846],[149.109465,-34.87119],[149.112521,-34.869339],[149.10763,-34.863839],[149.098235,-34.863488],[149.095327,-34.859785],[149.091341,-34.857806],[149.082406,-34.856682],[149.075955,-34.852642],[149.072032,-34.854928],[149.067924,-34.85524],[149.065016,-34.852583],[149.068216,-34.847093],[149.06763,-34.83959],[149.065381,-34.836587],[149.061071,-34.835233],[149.059486,-34.830765],[149.048088,-34.832092],[149.043337,-34.827568],[149.045969,-34.823242],[149.047901,-34.815181],[149.044631,-34.811195],[149.040023,-34.808806],[149.042771,-34.80393],[149.041259,-34.801639],[149.034583,-34.798012],[149.037627,-34.792696],[149.036055,-34.788792],[149.031289,-34.784366],[149.024952,-34.784625],[149.022826,-34.783287],[149.025608,-34.778924],[149.031491,-34.778288],[149.032756,-34.774052],[149.037062,-34.771721],[149.03802,-34.767398],[149.03459,-34.764119],[149.037599,-34.758318],[149.030998,-34.753805],[149.030505,-34.7515],[149.022017,-34.747903],[149.026008,-34.727587],[149.003265,-34.724338],[148.996591,-34.717839],[148.990355,-34.706223],[148.983209,-34.708432],[148.981567,-34.711572],[148.974667,-34.717272],[148.971577,-34.716269],[148.965506,-34.718286],[148.961164,-34.711034],[148.957215,-34.707201],[148.939011,-34.704652],[148.940842,-34.701563],[148.946035,-34.699818],[148.944741,-34.693061],[148.94143,-34.690136],[148.949465,-34.646075],[148.942223,-34.647129],[148.937213,-34.651106],[148.932576,-34.65164],[148.929158,-34.644239],[148.924608,-34.643614],[148.90471,-34.63903],[148.890888,-34.642618],[148.888827,-34.63805],[148.896038,-34.633107],[148.893593,-34.631422],[148.896235,-34.626294],[148.891848,-34.622015],[148.888352,-34.623188],[148.883988,-34.61902],[148.883994,-34.616351],[148.880909,-34.609846],[148.881849,-34.603956],[148.878981,-34.604378],[148.873679,-34.600757],[148.870751,-34.600384],[148.869806,-34.591688],[148.856558,-34.586955],[148.858788,-34.582884],[148.849339,-34.574906],[148.846452,-34.573973],[148.847302,-34.568959],[148.841763,-34.565863],[148.836765,-34.567907],[148.826389,-34.562539],[148.821465,-34.562091],[148.816691,-34.556561],[148.795827,-34.560991],[148.790734,-34.563426],[148.790218,-34.565724],[148.782994,-34.564745],[148.782707,-34.572021],[148.765765,-34.569676],[148.765482,-34.571121],[148.756339,-34.569841],[148.758011,-34.561145],[148.752443,-34.560372],[148.75315,-34.556979],[148.747743,-34.55628],[148.746525,-34.562124],[148.740638,-34.562549],[148.739266,-34.569299],[148.715577,-34.56601],[148.712207,-34.561493],[148.712758,-34.556723],[148.711456,-34.552726],[148.687418,-34.558816],[148.683231,-34.54556],[148.675488,-34.548673],[148.673796,-34.545762],[148.682171,-34.542394],[148.679933,-34.535667],[148.665609,-34.541305],[148.662976,-34.547332],[148.658655,-34.546762],[148.659342,-34.543154],[148.653642,-34.542419],[148.651544,-34.557127],[148.647305,-34.562747],[148.646639,-34.565655],[148.651265,-34.566273],[148.649466,-34.5708],[148.654426,-34.571256],[148.653393,-34.57663],[148.661367,-34.577476],[148.659404,-34.587797],[148.669808,-34.58919],[148.666322,-34.596709],[148.659822,-34.603093],[148.658767,-34.614207],[148.637821,-34.611461],[148.629127,-34.610711],[148.626398,-34.622858],[148.595051,-34.618744],[148.593403,-34.627138],[148.586709,-34.627441],[148.572112,-34.702118],[148.564417,-34.701078],[148.56327,-34.706901],[148.57453,-34.708423],[148.571732,-34.722661],[148.577316,-34.72557],[148.575416,-34.735138],[148.577947,-34.73548],[148.575867,-34.746054],[148.573935,-34.750096],[148.571795,-34.761407],[148.573535,-34.761624],[148.571482,-34.7724],[148.575926,-34.773025],[148.574838,-34.778489],[148.57822,-34.778782],[148.574451,-34.798703],[148.581301,-34.805379],[148.56837,-34.806591],[148.563403,-34.805531],[148.561613,-34.815359],[148.563539,-34.815616],[148.561824,-34.825037],[148.56497,-34.827476],[148.558647,-34.859354],[148.554713,-34.856975],[148.545243,-34.855743],[148.544006,-34.862045],[148.540893,-34.861633],[148.539208,-34.873667],[148.527873,-34.872238],[148.526984,-34.877513],[148.530575,-34.877982],[148.528189,-34.890115],[148.52465,-34.88965],[148.522239,-34.901612],[148.529333,-34.90477],[148.532494,-34.912841],[148.53583,-34.91582],[148.541588,-34.913493],[148.544304,-34.907814],[148.549299,-34.908795],[148.549662,-34.911945],[148.545458,-34.920146],[148.537311,-34.92633],[148.536196,-34.929103],[148.537014,-34.935973],[148.541866,-34.943828],[148.543287,-34.952692],[148.538038,-34.966289],[148.532771,-34.973379],[148.531103,-34.98869],[148.534849,-34.993664],[148.540971,-34.994808],[148.546708,-34.993157],[148.55007,-34.990175],[148.558447,-34.98767],[148.560632,-34.98864],[148.563415,-34.994056],[148.559064,-35.003052],[148.564113,-35.005004],[148.573666,-35.001496],[148.583095,-35.002645],[148.572175,-35.01861],[148.575452,-35.020652],[148.576406,-35.024381],[148.573671,-35.033718],[148.573778,-35.038459],[148.575514,-35.041618],[148.571878,-35.049578],[148.566451,-35.052232],[148.564622,-35.057179],[148.56417,-35.066155],[148.569124,-35.069214],[148.568137,-35.074359],[148.572714,-35.074044],[148.573294,-35.077223],[148.56877,-35.078351],[148.564873,-35.088446],[148.568643,-35.091639],[148.567022,-35.094995],[148.560789,-35.098036],[148.555861,-35.105191],[148.550911,-35.107604],[148.545031,-35.115869],[148.54418,-35.120376],[148.547667,-35.127531],[148.548241,-35.132211],[148.54182,-35.135366],[148.537236,-35.131521],[148.531931,-35.1291],[148.528424,-35.124574],[148.525371,-35.124261],[148.527467,-35.11606],[148.526624,-35.114979],[148.529144,-35.101139],[148.524181,-35.100056],[148.525832,-35.090508],[148.524721,-35.087737],[148.51497,-35.085883],[148.497034,-35.083812],[148.496883,-35.084673],[148.480835,-35.082713],[148.481033,-35.081608],[148.469226,-35.080143],[148.46771,-35.088228],[148.471909,-35.088777],[148.46636,-35.117436],[148.462454,-35.11695],[148.4595,-35.12833],[148.455964,-35.146737],[148.45837,-35.146646],[148.456831,-35.154524],[148.427125,-35.163318],[148.422705,-35.164309],[148.415854,-35.162356],[148.411903,-35.156039],[148.413685,-35.153002],[148.394688,-35.150509],[148.39682,-35.13989],[148.38954,-35.141565],[148.347588,-35.13708],[148.347045,-35.139882],[148.333559,-35.138318],[148.334291,-35.134761],[148.330293,-35.132407],[148.323361,-35.131403],[148.322874,-35.133555],[148.31417,-35.132346],[148.314847,-35.129035],[148.300623,-35.125538],[148.292561,-35.124712],[148.292958,-35.122401],[148.283205,-35.121138],[148.283762,-35.118246],[148.275998,-35.119025],[148.261872,-35.11711],[148.25673,-35.119843],[148.251009,-35.117115],[148.241535,-35.115019],[148.227456,-35.112954],[148.215651,-35.110415],[148.215124,-35.112979],[148.200068,-35.110937],[148.198669,-35.112061],[148.199136,-35.11864],[148.201915,-35.118078],[148.20632,-35.1215],[148.211061,-35.136386],[148.211787,-35.143706],[148.216763,-35.148182],[148.213818,-35.152867],[148.219099,-35.158359],[148.222888,-35.159002],[148.223639,-35.16284],[148.221527,-35.166189],[148.215314,-35.167395],[148.206719,-35.170896],[148.198381,-35.17033],[148.196515,-35.17493],[148.191675,-35.173325],[148.190791,-35.177653],[148.187668,-35.182298],[148.183869,-35.184453],[148.186201,-35.187552],[148.183829,-35.189374],[148.172596,-35.192776],[148.170942,-35.19164],[148.164444,-35.193414],[148.160118,-35.192865],[148.161366,-35.18679],[148.157761,-35.18629],[148.155501,-35.197105],[148.136027,-35.194083],[148.122193,-35.189981],[148.119788,-35.202562],[148.107883,-35.202076],[148.087156,-35.19892],[148.087848,-35.195431],[148.082578,-35.194722],[148.078139,-35.196932],[148.077424,-35.200369],[148.064445,-35.198597],[148.059289,-35.20088],[148.044768,-35.198253],[148.038904,-35.198879],[148.037544,-35.194221],[148.03262,-35.196671],[148.029191,-35.193847],[148.018114,-35.192583],[148.013542,-35.195319],[148.001459,-35.19358],[147.993141,-35.193412],[147.993548,-35.191436],[147.964299,-35.187705],[147.964281,-35.194218],[147.966233,-35.197765],[147.971317,-35.20062],[147.977163,-35.206344],[147.977577,-35.208784],[147.974179,-35.213013],[147.966543,-35.21203],[147.965512,-35.217892],[147.961047,-35.217348],[147.958622,-35.229068],[147.934953,-35.225918],[147.934059,-35.231141],[147.928247,-35.230806],[147.927807,-35.233233],[147.913841,-35.231487],[147.900025,-35.230347],[147.894818,-35.233537],[147.89538,-35.240715],[147.899938,-35.241473],[147.893507,-35.250291],[147.891817,-35.258139],[147.884034,-35.259504],[147.879823,-35.267918],[147.883962,-35.272937],[147.884552,-35.277283],[147.873891,-35.277986],[147.872687,-35.281295],[147.863623,-35.280511],[147.862107,-35.278377],[147.85475,-35.28091],[147.855238,-35.283511],[147.846861,-35.291233],[147.845647,-35.301184],[147.846781,-35.303493],[147.843864,-35.307195],[147.844993,-35.31334],[147.848448,-35.315285],[147.851229,-35.321662],[147.846795,-35.328457],[147.847283,-35.330494],[147.852958,-35.333717],[147.851788,-35.335864],[147.854305,-35.339897],[147.85921,-35.339855],[147.862163,-35.347613],[147.864949,-35.348055],[147.865256,-35.355689],[147.868655,-35.359034],[147.874676,-35.35744],[147.880402,-35.358728],[147.88534,-35.358071],[147.885524,-35.361803],[147.888908,-35.370979],[147.890239,-35.37713],[147.898046,-35.378294],[147.899867,-35.380803],[147.898306,-35.388417],[147.895302,-35.393827],[147.89422,-35.399648],[147.89795,-35.412611],[147.908842,-35.421252],[147.908162,-35.426253],[147.893206,-35.424362],[147.889358,-35.444288],[147.872786,-35.442108],[147.871962,-35.44614],[147.875082,-35.446575],[147.873016,-35.457017],[147.881495,-35.45815],[147.880477,-35.463362],[147.885969,-35.464125],[147.883059,-35.478586],[147.885704,-35.478956],[147.883819,-35.488498],[147.892246,-35.48953],[147.89944,-35.489085],[147.899998,-35.492709],[147.907221,-35.490301],[147.904607,-35.504927],[147.906305,-35.50514],[147.90476,-35.51331],[147.927969,-35.516335],[147.925596,-35.528523],[147.90802,-35.526173],[147.909452,-35.531048],[147.908077,-35.538195],[147.913976,-35.538924],[147.915425,-35.541725],[147.92309,-35.542743],[147.921962,-35.54883],[147.931407,-35.55023],[147.929807,-35.558493],[147.890971,-35.553284],[147.892675,-35.544318],[147.863331,-35.54066],[147.862168,-35.546868],[147.847301,-35.544897],[147.845391,-35.554599],[147.843433,-35.564603],[147.850073,-35.561318],[147.855324,-35.559898],[147.859339,-35.56902],[147.872577,-35.586756],[147.877429,-35.597827],[147.882168,-35.605597],[147.88467,-35.613079],[147.89396,-35.62422],[147.897578,-35.633599],[147.891786,-35.631268],[147.884944,-35.63541],[147.87988,-35.635979],[147.87593,-35.633769],[147.872707,-35.637181],[147.87101,-35.64177],[147.868081,-35.642939],[147.859549,-35.637966],[147.847502,-35.638026],[147.844039,-35.63987],[147.833648,-35.641585],[147.826311,-35.644904],[147.821428,-35.649327],[147.818742,-35.658514],[147.811878,-35.662247],[147.808377,-35.674752],[147.801382,-35.678068],[147.800915,-35.684814],[147.803545,-35.687852],[147.80401,-35.696008],[147.802095,-35.698628],[147.8038,-35.703461],[147.811385,-35.707029],[147.813078,-35.711552],[147.810719,-35.718125],[147.807861,-35.720883],[147.812729,-35.729347],[147.813371,-35.733791],[147.818907,-35.743284],[147.819173,-35.747238],[147.813826,-35.754407],[147.815424,-35.757961],[147.811737,-35.765264],[147.812371,-35.769602],[147.808303,-35.776665],[147.803956,-35.77995],[147.801974,-35.786156],[147.803961,-35.795358],[147.793779,-35.79826],[147.787206,-35.80413],[147.773256,-35.807223],[147.770191,-35.812222],[147.772605,-35.816583],[147.767583,-35.826913],[147.766667,-35.830617],[147.762342,-35.830049],[147.761706,-35.834059],[147.763746,-35.836423],[147.760588,-35.839756],[147.746329,-35.83806],[147.740138,-35.833926],[147.734892,-35.833138],[147.732581,-35.836197],[147.726884,-35.837568],[147.724256,-35.836512],[147.714259,-35.838507],[147.709587,-35.84108],[147.70969,-35.844557],[147.707234,-35.84662],[147.708256,-35.849946],[147.702677,-35.85558],[147.702187,-35.861431],[147.705855,-35.862441],[147.70688,-35.867881],[147.704267,-35.871893],[147.707718,-35.874142],[147.707661,-35.879104],[147.703024,-35.882164],[147.691175,-35.886085],[147.688923,-35.890758],[147.692727,-35.893499],[147.693879,-35.902453],[147.696419,-35.911994],[147.695032,-35.916199],[147.68956,-35.916303],[147.687408,-35.918169],[147.687732,-35.922858],[147.693126,-35.930263],[147.690258,-35.93753],[147.696136,-35.935117],[147.703494,-35.930293],[147.708415,-35.928545],[147.711306,-35.930035],[147.713348,-35.93431],[147.717756,-35.938559],[147.71737,-35.944271],[147.72149,-35.946913],[147.728571,-35.947514],[147.741292,-35.95649],[147.749467,-35.957475],[147.75754,-35.954843],[147.767975,-35.96116],[147.768895,-35.965379],[147.773272,-35.96507],[147.777034,-35.968628],[147.783184,-35.965679],[147.788168,-35.967245],[147.79644,-35.963833],[147.805783,-35.964984],[147.8112,-35.967299],[147.815885,-35.972759],[147.813232,-35.975991],[147.817498,-35.979741],[147.821833,-35.978724],[147.826098,-35.980203],[147.829092,-35.97813],[147.838764,-35.982535],[147.841363,-35.985857],[147.849094,-35.986022],[147.84944,-35.989599],[147.861445,-35.98816],[147.868199,-35.99063],[147.872714,-35.991009],[147.884695,-35.998791],[147.88866,-35.997677],[147.897506,-35.999861],[147.898971,-35.994952],[147.90224,-35.992691],[147.905059,-35.995365],[147.91118,-35.995461],[147.913997,-35.997954],[147.916328,-36.005344],[147.913947,-36.008668],[147.916911,-36.010845],[147.910841,-36.022151],[147.912059,-36.027094],[147.923816,-36.029052],[147.928929,-36.034007],[147.924809,-36.035193],[147.924591,-36.042748],[147.930324,-36.044233],[147.933696,-36.047566],[147.9373,-36.046535],[147.937669,-36.042394],[147.943003,-36.043766],[147.944222,-36.046256],[147.949302,-36.046137],[147.955116,-36.041909],[147.959184,-36.041034],[147.960376,-36.04564],[147.964258,-36.046825],[147.967896,-36.040455],[147.97324,-36.040521],[147.974329,-36.046929],[147.984217,-36.045706],[147.987403,-36.052287],[147.990683,-36.052384],[147.992528,-36.048531],[147.997571,-36.047766],[147.996968,-36.055354],[147.999192,-36.058482],[147.991305,-36.064108],[147.989223,-36.070249],[147.992399,-36.074028],[147.988582,-36.075465],[147.987756,-36.082165],[147.981522,-36.078779],[147.983451,-36.08473],[147.980362,-36.086352],[147.986681,-36.092631],[147.99599,-36.097673],[147.996931,-36.100507],[147.992535,-36.109474],[147.993098,-36.117347],[147.99078,-36.120669],[147.992302,-36.123032],[147.997073,-36.124644],[148.002895,-36.131006],[148.003118,-36.133531],[148.000135,-36.138538],[148.00465,-36.139553],[148.006651,-36.136538],[148.011123,-36.139426],[148.013391,-36.137527],[148.018499,-36.139242],[148.028889,-36.140078],[148.035477,-36.146864],[148.033863,-36.152141],[148.028969,-36.155367],[148.022793,-36.153864],[148.024821,-36.159366],[148.031228,-36.164515],[148.02905,-36.168721],[148.025188,-36.168444],[148.023801,-36.171317],[148.026602,-36.174203],[148.021889,-36.176971],[148.024328,-36.182748],[148.024295,-36.1877],[148.029204,-36.187954],[148.029908,-36.190845],[148.034901,-36.192633],[148.038945,-36.197695],[148.038271,-36.201953],[148.040606,-36.20686],[148.036917,-36.21019],[148.038716,-36.213373],[148.03321,-36.215999],[148.026941,-36.225979],[148.031533,-36.228957],[148.032017,-36.232787],[148.034878,-36.234717],[148.032937,-36.24111],[148.028892,-36.244199],[148.02884,-36.247044],[148.034129,-36.250368],[148.034501,-36.255528],[148.038283,-36.258347],[148.0329,-36.268287],[148.035006,-36.273006],[148.03294,-36.275321],[148.035427,-36.279316],[148.033901,-36.282462],[148.039725,-36.288025],[148.039086,-36.292964],[148.036456,-36.293473],[148.042781,-36.303712],[148.038057,-36.305225],[148.035118,-36.310833],[148.037977,-36.314191],[148.042962,-36.31336],[148.049194,-36.318995],[148.054856,-36.316661],[148.058218,-36.318594],[148.057964,-36.322397],[148.051933,-36.323741],[148.051294,-36.3277],[148.055626,-36.334111],[148.052743,-36.336144],[148.053762,-36.341348],[148.051109,-36.341847],[148.047744,-36.34672],[148.042124,-36.357181],[148.042455,-36.359981],[148.038261,-36.365556],[148.043111,-36.369116],[148.040246,-36.371836],[148.043791,-36.374693],[148.038211,-36.378631],[148.045146,-36.381201],[148.044917,-36.383103],[148.038135,-36.387864],[148.038615,-36.391209],[148.042615,-36.392147],[148.046619,-36.390835],[148.047045,-36.396206],[148.050252,-36.399004],[148.057913,-36.400622],[148.05845,-36.40671],[148.054636,-36.408689],[148.058426,-36.414135],[148.071669,-36.41798],[148.076153,-36.417957],[148.080323,-36.422371],[148.082594,-36.430203],[148.086902,-36.432071],[148.088329,-36.437486],[148.08635,-36.440021],[148.087713,-36.451949],[148.101657,-36.457082],[148.110942,-36.457123],[148.118101,-36.461175],[148.121358,-36.461309],[148.124717,-36.46484],[148.122429,-36.471045],[148.125002,-36.47706],[148.123966,-36.480514],[148.119842,-36.482622],[148.126347,-36.485498],[148.123787,-36.489436],[148.120008,-36.491297],[148.118994,-36.494449],[148.125862,-36.499409],[148.128393,-36.502795],[148.128468,-36.509557],[148.131882,-36.516415],[148.139815,-36.525603],[148.133948,-36.534223],[148.13347,-36.539619],[148.128783,-36.541513],[148.129173,-36.546055],[148.124448,-36.55098],[148.130754,-36.558532],[148.133407,-36.563383],[148.13341,-36.566921],[148.141172,-36.565382],[148.151766,-36.560975],[148.158797,-36.565631],[148.156906,-36.571768],[148.162328,-36.572466],[148.160713,-36.579776],[148.165121,-36.578229],[148.166097,-36.574321],[148.169411,-36.573696],[148.171914,-36.578433],[148.175439,-36.577548],[148.178467,-36.579761],[148.185571,-36.57859],[148.189602,-36.576602],[148.190023,-36.58444],[148.196689,-36.585605],[148.203574,-36.588771],[148.206772,-36.59375],[148.209487,-36.592661],[148.217443,-36.598853],[148.213088,-36.601867],[148.215089,-36.605173],[148.203597,-36.610023],[148.204262,-36.61265],[148.210892,-36.61248],[148.219547,-36.619558],[148.22067,-36.625757],[148.216319,-36.628853],[148.2151,-36.634472],[148.209503,-36.645657],[148.211171,-36.650519],[148.208186,-36.651287],[148.20076,-36.658542],[148.203512,-36.662293],[148.197579,-36.664775],[148.196314,-36.668298],[148.19941,-36.670562],[148.189755,-36.675352],[148.18954,-36.678991],[148.185065,-36.683269],[148.185114,-36.692217],[148.181198,-36.694074],[148.180859,-36.697217],[148.173847,-36.70178],[148.171869,-36.710033],[148.168864,-36.713955],[148.165672,-36.711295],[148.162094,-36.714967],[148.154557,-36.720236],[148.149098,-36.719743],[148.144094,-36.725245],[148.142996,-36.728464],[148.139093,-36.732213],[148.134081,-36.731867],[148.13081,-36.735461],[148.136571,-36.739393],[148.134466,-36.743739],[148.132654,-36.750847],[148.120915,-36.755904],[148.119469,-36.758532],[148.122872,-36.761385],[148.121644,-36.764687],[148.116066,-36.765652],[148.112864,-36.768127],[148.110804,-36.773972],[148.104716,-36.780507],[148.105548,-36.784759],[148.101641,-36.790035],[148.105115,-36.790849],[148.10882,-36.797001],[148.108888,-36.800865],[148.113271,-36.800475],[148.120152,-36.806079],[148.122633,-36.802101],[148.126241,-36.801492],[148.126509,-36.796678],[148.134652,-36.796556],[148.141339,-36.794713],[148.144327,-36.795789],[148.156117,-36.790075],[148.164318,-36.794762],[148.169968,-36.792915],[148.173517,-36.795811],[148.180835,-36.798556],[148.182473,-36.804895],[148.186027,-36.804421],[148.194946,-36.796253],[148.251246,-36.819254],[148.384631,-36.87346],[148.501245,-36.920664],[148.680015,-36.992665],[148.751243,-37.0215],[148.821603,-37.050028],[148.905138,-37.083594],[148.9762,-37.112015],[149.004463,-37.123452],[149.088403,-37.156837],[149.199775,-37.201189],[149.321238,-37.248951],[149.442193,-37.296932],[149.490994,-37.316001],[149.504912,-37.321672],[149.548244,-37.338363],[149.637348,-37.373447],[149.751235,-37.417913],[149.786225,-37.431345],[149.884567,-37.469663],[149.958851,-37.498443],[149.976679,-37.50506]],[[148.961731,-35.218467],[149.00082,-35.195652],[149.091017,-35.142339],[149.093322,-35.138657],[149.102863,-35.135229],[149.104328,-35.132328],[149.109725,-35.131145],[149.112652,-35.127711],[149.120902,-35.124517],[149.126449,-35.125322],[149.131698,-35.12906],[149.136822,-35.127813],[149.139966,-35.130832],[149.1386,-35.135257],[149.145875,-35.13615],[149.149637,-35.138669],[149.150061,-35.14547],[149.157444,-35.144129],[149.159195,-35.141708],[149.164312,-35.142046],[149.163195,-35.146968],[149.164679,-35.15085],[149.162773,-35.154332],[149.16979,-35.160326],[149.171901,-35.158642],[149.17941,-35.158805],[149.185495,-35.161201],[149.189097,-35.165677],[149.187779,-35.169529],[149.183629,-35.175618],[149.185822,-35.177832],[149.191465,-35.179295],[149.197037,-35.185499],[149.196388,-35.190942],[149.190287,-35.194353],[149.19239,-35.202536],[149.198518,-35.202903],[149.200699,-35.205565],[149.205895,-35.211567],[149.207555,-35.216047],[149.202456,-35.224625],[149.204883,-35.229549],[149.210454,-35.22634],[149.213064,-35.220272],[149.219988,-35.220706],[149.223762,-35.219016],[149.228775,-35.221687],[149.234392,-35.221003],[149.238697,-35.222227],[149.240728,-35.225046],[149.245531,-35.226723],[149.246794,-35.22915],[149.241242,-35.236755],[149.23455,-35.24047],[149.240608,-35.245811],[149.250324,-35.247987],[149.257329,-35.257203],[149.262261,-35.257395],[149.267593,-35.259578],[149.273179,-35.259179],[149.273792,-35.263214],[149.271628,-35.270805],[149.285433,-35.271631],[149.289293,-35.275699],[149.298462,-35.272156],[149.306229,-35.274501],[149.306645,-35.276544],[149.315286,-35.276286],[149.316202,-35.281775],[149.320388,-35.283993],[149.325415,-35.283473],[149.337698,-35.286971],[149.341498,-35.286703],[149.343211,-35.292048],[149.347872,-35.291587],[149.350505,-35.295952],[149.350553,-35.299358],[149.355025,-35.299653],[149.361991,-35.303089],[149.359659,-35.307538],[149.361666,-35.309025],[149.370172,-35.30824],[149.374174,-35.304695],[149.383697,-35.306471],[149.384175,-35.304349],[149.389676,-35.302698],[149.39479,-35.303157],[149.394497,-35.309191],[149.397281,-35.311003],[149.397201,-35.317313],[149.399287,-35.31909],[149.39718,-35.324254],[149.390633,-35.33081],[149.385354,-35.332516],[149.37672,-35.336978],[149.367987,-35.339552],[149.365567,-35.341154],[149.365039,-35.346888],[149.357371,-35.350319],[149.352134,-35.351317],[149.347266,-35.350155],[149.341082,-35.345201],[149.336346,-35.339884],[149.31402,-35.33604],[149.30497,-35.335922],[149.299606,-35.333082],[149.291858,-35.333912],[149.28552,-35.33734],[149.281563,-35.338002],[149.276044,-35.335785],[149.268373,-35.335067],[149.262796,-35.331439],[149.258576,-35.331968],[149.255051,-35.330208],[149.249308,-35.330127],[149.246119,-35.331776],[149.241564,-35.336633],[149.230915,-35.342577],[149.221571,-35.341242],[149.217912,-35.341563],[149.206345,-35.345905],[149.204403,-35.347787],[149.187118,-35.374614],[149.182191,-35.380848],[149.156562,-35.408065],[149.147175,-35.414151],[149.144486,-35.423693],[149.138667,-35.428319],[149.140435,-35.433999],[149.152273,-35.433434],[149.154867,-35.437382],[149.151478,-35.443994],[149.148082,-35.444266],[149.143794,-35.447029],[149.142171,-35.451395],[149.135821,-35.453436],[149.136795,-35.461201],[149.139986,-35.470084],[149.144637,-35.475775],[149.150948,-35.48986],[149.151545,-35.492842],[149.151279,-35.506926],[149.150195,-35.510604],[149.132384,-35.549458],[149.131546,-35.556102],[149.140486,-35.588292],[149.14251,-35.59257],[149.130268,-35.590785],[149.126,-35.591626],[149.12552,-35.587203],[149.113145,-35.585804],[149.108345,-35.58398],[149.084614,-35.580814],[149.082923,-35.584593],[149.078148,-35.586417],[149.07818,-35.598819],[149.07952,-35.602471],[149.079234,-35.607749],[149.082571,-35.613639],[149.084525,-35.614644],[149.08419,-35.621677],[149.087607,-35.627558],[149.088591,-35.634094],[149.087612,-35.639697],[149.095717,-35.640344],[149.097495,-35.647313],[149.096069,-35.65436],[149.098572,-35.657231],[149.096252,-35.660345],[149.095693,-35.667164],[149.09729,-35.67359],[149.095037,-35.676784],[149.096122,-35.680556],[149.09953,-35.683842],[149.104439,-35.684867],[149.103825,-35.689808],[149.109483,-35.69664],[149.107524,-35.702358],[149.101939,-35.708017],[149.099371,-35.716218],[149.104194,-35.72427],[149.099056,-35.729323],[149.100699,-35.736392],[149.096198,-35.743805],[149.096438,-35.75278],[149.092948,-35.759112],[149.093617,-35.761832],[149.090716,-35.7656],[149.093325,-35.770851],[149.09165,-35.773939],[149.097391,-35.777414],[149.093144,-35.783159],[149.093498,-35.787226],[149.100232,-35.789757],[149.100201,-35.7941],[149.097047,-35.796833],[149.097099,-35.799674],[149.101088,-35.805063],[149.098237,-35.807904],[149.100457,-35.810044],[149.100583,-35.814811],[149.095931,-35.817612],[149.093517,-35.824221],[149.094725,-35.828766],[149.091978,-35.835416],[149.095682,-35.845716],[149.086574,-35.848248],[149.082121,-35.853208],[149.079685,-35.859055],[149.076789,-35.860646],[149.070254,-35.869394],[149.067644,-35.870859],[149.061711,-35.879879],[149.062377,-35.884516],[149.06014,-35.888293],[149.061738,-35.891448],[149.058908,-35.896001],[149.054224,-35.898895],[149.051698,-35.903534],[149.057133,-35.907397],[149.054498,-35.91453],[149.048811,-35.92041],[149.044564,-35.919537],[149.041232,-35.914611],[149.036133,-35.913922],[149.0337,-35.911196],[149.027606,-35.912892],[149.022681,-35.906086],[149.012198,-35.899697],[149.00882,-35.901306],[148.997398,-35.900995],[148.997983,-35.896887],[148.993326,-35.895225],[148.98951,-35.895988],[148.977311,-35.892423],[148.967855,-35.893972],[148.966288,-35.897268],[148.959133,-35.895456],[148.958406,-35.891788],[148.95277,-35.888208],[148.944562,-35.881391],[148.940614,-35.875839],[148.932719,-35.87365],[148.932237,-35.870567],[148.924983,-35.863808],[148.919783,-35.86079],[148.920059,-35.85729],[148.912654,-35.85546],[148.907788,-35.850765],[148.907842,-35.847863],[148.903936,-35.842505],[148.905268,-35.839639],[148.903249,-35.834182],[148.907065,-35.829563],[148.903561,-35.826134],[148.897596,-35.82472],[148.896577,-35.817924],[148.892426,-35.816626],[148.886623,-35.810063],[148.88946,-35.807193],[148.897776,-35.79465],[148.894956,-35.784627],[148.895221,-35.770611],[148.899418,-35.767601],[148.902312,-35.763202],[148.903348,-35.757798],[148.898777,-35.751215],[148.894087,-35.751288],[148.890855,-35.740469],[148.888087,-35.737026],[148.888368,-35.733671],[148.892479,-35.730487],[148.889403,-35.722723],[148.883614,-35.717122],[148.877693,-35.714936],[148.872491,-35.721422],[148.871608,-35.725564],[148.867246,-35.731907],[148.86407,-35.733869],[148.867477,-35.738702],[148.864863,-35.742375],[148.863899,-35.748104],[148.860737,-35.752874],[148.862456,-35.75755],[148.859648,-35.760626],[148.854938,-35.759197],[148.856132,-35.753518],[148.854026,-35.751082],[148.847093,-35.750469],[148.840738,-35.746444],[148.834726,-35.740511],[148.832873,-35.735021],[148.830182,-35.732159],[148.827871,-35.726148],[148.823575,-35.724213],[148.822495,-35.720971],[148.818749,-35.718718],[148.814138,-35.719859],[148.808604,-35.717269],[148.805302,-35.713996],[148.796565,-35.709449],[148.791347,-35.703636],[148.788417,-35.69774],[148.791367,-35.69324],[148.791407,-35.689557],[148.796589,-35.682524],[148.798377,-35.676384],[148.797166,-35.67156],[148.798519,-35.666869],[148.790554,-35.659235],[148.786951,-35.660462],[148.783304,-35.656231],[148.773636,-35.655457],[148.771365,-35.645738],[148.770818,-35.639938],[148.78043,-35.63286],[148.783462,-35.628342],[148.779467,-35.622625],[148.780439,-35.617586],[148.778157,-35.613338],[148.772447,-35.60912],[148.768473,-35.603186],[148.772116,-35.601336],[148.77436,-35.597897],[148.783191,-35.595258],[148.788758,-35.588179],[148.786003,-35.582351],[148.782467,-35.581287],[148.773018,-35.567911],[148.778514,-35.563669],[148.778231,-35.558852],[148.77312,-35.549033],[148.769231,-35.544096],[148.769973,-35.536284],[148.772364,-35.529329],[148.768105,-35.524448],[148.767476,-35.51302],[148.768588,-35.507999],[148.765516,-35.504936],[148.764733,-35.499149],[148.762675,-35.495505],[148.765183,-35.490825],[148.774462,-35.484882],[148.770827,-35.47998],[148.77063,-35.475563],[148.766886,-35.471056],[148.767058,-35.465405],[148.771723,-35.463436],[148.77594,-35.454683],[148.773002,-35.449316],[148.774822,-35.44174],[148.777524,-35.439998],[148.780917,-35.433227],[148.783734,-35.432472],[148.788868,-35.426382],[148.788884,-35.417792],[148.790073,-35.415468],[148.786252,-35.412673],[148.785764,-35.408748],[148.796119,-35.406549],[148.795719,-35.39292],[148.803648,-35.388739],[148.804826,-35.385028],[148.808702,-35.382373],[148.804108,-35.376121],[148.804292,-35.368561],[148.805565,-35.365361],[148.801361,-35.362815],[148.799451,-35.359224],[148.796395,-35.358616],[148.7992,-35.353657],[148.79859,-35.348352],[148.796555,-35.346339],[148.793247,-35.339156],[148.7983,-35.332139],[148.801531,-35.329267],[148.800865,-35.321723],[148.807854,-35.309647],[148.810041,-35.307412],[148.909015,-35.24947],[148.961731,-35.218467]],[[149.906303,-37.567536],[149.904583,-37.558942],[149.908207,-37.558458],[149.909521,-37.551028],[149.918083,-37.561211],[149.916161,-37.56327],[149.917246,-37.568127],[149.913301,-37.569823],[149.906303,-37.567536]]]},"bbox":[147.687408,-37.594906123159106,150.32055580771623,-34.535667]},
{"properties":{"electorateShortName":"farrer","electorateName":"Farrer","area":126590.00812,"state":"NSW"},"type":"Feature","geometry":{"type":"Polygon","coordinates":[[[147.690258,-35.93753],[147.693126,-35.930263],[147.687732,-35.922858],[147.687408,-35.918169],[147.68956,-35.916303],[147.695032,-35.916199],[147.696419,-35.911994],[147.693879,-35.902453],[147.692727,-35.893499],[147.688923,-35.890758],[147.691175,-35.886085],[147.703024,-35.882164],[147.707661,-35.879104],[147.707718,-35.874142],[147.704267,-35.871893],[147.70688,-35.867881],[147.705855,-35.862441],[147.702187,-35.861431],[147.702677,-35.85558],[147.708256,-35.849946],[147.707234,-35.84662],[147.70969,-35.844557],[147.709587,-35.84108],[147.714259,-35.838507],[147.724256,-35.836512],[147.726884,-35.837568],[147.732581,-35.836197],[147.734892,-35.833138],[147.740138,-35.833926],[147.746329,-35.83806],[147.760588,-35.839756],[147.763746,-35.836423],[147.761706,-35.834059],[147.762342,-35.830049],[147.766667,-35.830617],[147.767583,-35.826913],[147.772605,-35.816583],[147.770191,-35.812222],[147.773256,-35.807223],[147.787206,-35.80413],[147.793779,-35.79826],[147.803961,-35.795358],[147.801974,-35.786156],[147.803956,-35.77995],[147.808303,-35.776665],[147.812371,-35.769602],[147.811737,-35.765264],[147.815424,-35.757961],[147.813826,-35.754407],[147.819173,-35.747238],[147.818907,-35.743284],[147.813371,-35.733791],[147.812729,-35.729347],[147.807861,-35.720883],[147.810719,-35.718125],[147.813078,-35.711552],[147.811385,-35.707029],[147.8038,-35.703461],[147.802095,-35.698628],[147.80401,-35.696008],[147.803545,-35.687852],[147.800915,-35.684814],[147.801382,-35.678068],[147.808377,-35.674752],[147.811878,-35.662247],[147.818742,-35.658514],[147.821428,-35.649327],[147.826311,-35.644904],[147.833648,-35.641585],[147.844039,-35.63987],[147.847502,-35.638026],[147.859549,-35.637966],[147.868081,-35.642939],[147.87101,-35.64177],[147.872707,-35.637181],[147.87593,-35.633769],[147.87988,-35.635979],[147.884944,-35.63541],[147.891786,-35.631268],[147.897578,-35.633599],[147.89396,-35.62422],[147.88467,-35.613079],[147.882168,-35.605597],[147.877429,-35.597827],[147.872577,-35.586756],[147.859339,-35.56902],[147.855324,-35.559898],[147.850073,-35.561318],[147.843433,-35.564603],[147.845391,-35.554599],[147.835348,-35.552638],[147.812125,-35.549421],[147.807351,-35.549438],[147.806792,-35.5522],[147.795449,-35.550368],[147.79159,-35.55146],[147.779377,-35.549633],[147.779775,-35.547543],[147.754375,-35.544684],[147.753531,-35.543268],[147.755718,-35.533462],[147.737221,-35.53106],[147.741347,-35.535238],[147.738557,-35.541117],[147.685594,-35.534198],[147.681189,-35.556669],[147.679627,-35.554472],[147.672441,-35.550885],[147.666595,-35.545982],[147.660621,-35.544565],[147.655697,-35.54028],[147.649898,-35.538841],[147.643184,-35.539949],[147.637018,-35.54584],[147.631217,-35.54716],[147.625241,-35.545884],[147.621256,-35.542967],[147.616577,-35.542522],[147.607828,-35.539335],[147.606933,-35.537284],[147.600458,-35.531274],[147.600542,-35.529414],[147.594349,-35.526617],[147.592827,-35.523508],[147.588633,-35.524311],[147.582259,-35.517138],[147.569161,-35.515933],[147.567569,-35.511282],[147.556535,-35.505655],[147.555876,-35.501661],[147.553328,-35.498601],[147.544992,-35.494687],[147.535372,-35.491722],[147.528498,-35.490839],[147.529065,-35.488179],[147.525087,-35.483406],[147.519717,-35.485135],[147.514898,-35.488566],[147.520095,-35.494156],[147.518147,-35.496963],[147.506154,-35.506373],[147.500164,-35.508757],[147.498231,-35.513771],[147.500532,-35.516888],[147.501735,-35.522092],[147.500446,-35.528482],[147.495272,-35.529997],[147.492728,-35.535874],[147.488405,-35.5408],[147.48825,-35.545658],[147.480995,-35.54516],[147.467446,-35.539235],[147.463456,-35.536039],[147.457858,-35.533741],[147.456277,-35.530956],[147.45167,-35.531391],[147.444597,-35.530111],[147.438217,-35.537415],[147.430127,-35.537086],[147.426699,-35.539301],[147.423712,-35.534503],[147.419431,-35.533527],[147.414069,-35.536594],[147.411996,-35.540549],[147.4043,-35.544418],[147.401386,-35.550571],[147.395214,-35.554942],[147.3958,-35.559379],[147.391507,-35.563624],[147.385008,-35.559241],[147.386125,-35.554221],[147.382318,-35.550764],[147.385167,-35.54211],[147.387917,-35.53793],[147.38482,-35.535233],[147.387873,-35.531749],[147.383966,-35.529828],[147.378027,-35.530826],[147.378022,-35.524904],[147.368525,-35.516903],[147.363804,-35.513871],[147.360796,-35.515383],[147.35389,-35.512073],[147.34657,-35.511232],[147.341398,-35.509225],[147.332623,-35.509005],[147.329491,-35.504863],[147.318332,-35.502131],[147.309672,-35.499058],[147.305561,-35.499336],[147.303027,-35.495596],[147.29683,-35.496272],[147.294903,-35.501003],[147.290892,-35.499578],[147.283199,-35.500123],[147.279422,-35.493703],[147.269134,-35.491019],[147.267042,-35.492117],[147.263197,-35.488551],[147.250842,-35.491228],[147.24561,-35.487059],[147.242639,-35.478338],[147.238204,-35.47101],[147.230919,-35.471621],[147.226524,-35.473668],[147.223089,-35.471487],[147.215861,-35.471074],[147.21101,-35.472735],[147.208459,-35.470732],[147.195453,-35.46609],[147.192314,-35.462098],[147.194093,-35.454699],[147.188142,-35.452287],[147.184978,-35.448477],[147.174938,-35.457091],[147.171589,-35.45489],[147.16624,-35.456831],[147.163783,-35.461844],[147.159909,-35.464533],[147.157792,-35.46916],[147.151053,-35.467864],[147.145131,-35.46835],[147.138084,-35.467031],[147.133695,-35.468283],[147.124671,-35.462578],[147.121813,-35.456215],[147.11929,-35.456988],[147.113395,-35.454981],[147.11023,-35.455957],[147.105258,-35.452748],[147.10058,-35.454613],[147.096771,-35.452516],[147.087341,-35.450465],[147.073065,-35.452919],[147.071309,-35.455482],[147.071242,-35.460598],[147.063897,-35.4665],[147.060257,-35.46687],[147.057487,-35.469574],[147.051858,-35.470362],[147.051967,-35.472808],[147.048718,-35.476843],[147.043605,-35.477981],[147.040223,-35.484238],[147.032203,-35.485661],[147.016925,-35.493713],[147.003809,-35.492125],[147.004082,-35.490703],[146.993901,-35.489287],[146.990605,-35.50713],[146.992877,-35.50744],[146.991181,-35.51684],[146.981895,-35.515643],[146.980825,-35.521619],[146.97783,-35.522475],[146.970767,-35.51943],[146.962147,-35.523882],[146.955467,-35.523077],[146.953062,-35.528029],[146.922198,-35.547126],[146.919702,-35.548203],[146.911649,-35.547462],[146.910234,-35.554649],[146.900932,-35.560108],[146.890907,-35.560482],[146.888378,-35.573241],[146.872344,-35.57106],[146.871365,-35.57586],[146.798401,-35.566387],[146.796881,-35.574699],[146.778933,-35.572631],[146.777012,-35.571154],[146.713999,-35.562724],[146.70339,-35.561583],[146.70066,-35.55823],[146.672963,-35.555276],[146.674166,-35.549163],[146.662323,-35.547763],[146.664286,-35.537325],[146.667093,-35.537631],[146.669769,-35.520279],[146.606145,-35.505817],[146.554291,-35.494367],[146.554844,-35.491567],[146.545008,-35.48998],[146.539694,-35.4905],[146.540285,-35.487197],[146.522619,-35.485109],[146.518947,-35.48572],[146.507447,-35.483025],[146.491071,-35.481279],[146.469615,-35.47844],[146.470028,-35.476339],[146.428237,-35.471405],[146.405522,-35.444508],[146.403819,-35.439575],[146.399603,-35.435003],[146.391512,-35.430422],[146.390934,-35.425512],[146.379707,-35.411433],[146.380793,-35.405695],[146.374495,-35.404895],[146.368431,-35.397338],[146.368338,-35.393679],[146.364495,-35.389009],[146.354226,-35.387797],[146.362181,-35.346356],[146.364032,-35.337739],[146.369914,-35.337214],[146.372069,-35.3209],[146.388761,-35.322851],[146.392465,-35.302996],[146.403804,-35.304452],[146.413658,-35.250545],[146.386399,-35.247397],[146.389251,-35.231731],[146.413481,-35.215749],[146.44681,-35.194149],[146.448255,-35.187211],[146.451981,-35.187689],[146.451315,-35.191178],[146.501247,-35.15918],[146.51014,-35.154063],[146.535133,-35.138242],[146.563727,-35.119126],[146.572021,-35.116577],[146.58259,-35.117401],[146.59133,-35.117137],[146.595284,-35.115558],[146.600234,-35.11622],[146.604346,-35.112005],[146.614742,-35.114432],[146.625993,-35.10171],[146.634073,-35.09641],[146.649665,-35.091126],[146.658451,-35.090466],[146.662039,-35.089024],[146.687293,-35.071209],[146.68864,-35.067993],[146.761524,-35.076441],[146.771955,-35.087708],[146.770305,-35.097288],[146.778785,-35.098405],[146.784221,-35.070069],[146.788852,-35.070642],[146.791455,-35.056466],[146.7942,-35.058208],[146.807657,-34.986944],[146.808883,-34.985049],[146.807696,-34.975709],[146.804013,-34.972082],[146.804343,-34.969337],[146.795358,-34.967424],[146.795692,-34.963028],[146.793643,-34.958616],[146.787884,-34.953535],[146.784985,-34.952505],[146.779606,-34.947042],[146.779076,-34.939641],[146.782602,-34.934724],[146.782367,-34.931224],[146.784477,-34.924058],[146.794718,-34.919892],[146.813658,-34.913318],[146.813702,-34.912379],[146.831858,-34.905052],[146.832728,-34.906537],[146.842359,-34.902664],[146.84358,-34.899125],[146.839619,-34.892924],[146.833176,-34.891876],[146.8358,-34.888441],[146.841931,-34.885202],[146.840776,-34.880359],[146.831065,-34.880911],[146.829472,-34.877017],[146.832805,-34.872931],[146.835375,-34.860049],[146.839641,-34.860648],[146.839929,-34.857393],[146.845958,-34.845511],[146.846616,-34.842743],[146.843266,-34.83723],[146.853673,-34.782049],[146.868826,-34.702119],[146.869459,-34.700734],[146.876409,-34.66252],[146.877378,-34.66019],[146.887975,-34.605278],[146.888326,-34.605114],[146.898652,-34.548979],[146.902227,-34.534519],[146.911568,-34.482591],[146.903439,-34.481344],[146.835253,-34.472721],[146.834718,-34.475518],[146.795492,-34.470798],[146.791751,-34.472298],[146.796184,-34.447307],[146.791758,-34.446766],[146.792622,-34.442203],[146.796979,-34.442773],[146.799998,-34.426499],[146.802747,-34.426883],[146.817282,-34.343089],[146.823028,-34.310851],[146.74675,-34.301459],[146.718745,-34.298111],[146.721756,-34.279208],[146.729043,-34.236768],[146.664241,-34.229567],[146.626411,-34.225474],[146.623872,-34.224735],[146.635404,-34.151187],[146.597436,-34.147188],[146.598472,-34.140859],[146.591522,-34.14012],[146.590361,-34.144285],[146.586486,-34.146321],[146.570387,-34.144385],[146.458028,-34.132912],[146.467429,-34.079142],[146.470404,-34.063848],[146.480292,-33.998455],[146.487146,-33.952096],[146.492733,-33.919648],[146.486701,-33.919097],[146.417149,-33.910601],[146.424818,-33.865759],[146.425368,-33.865316],[146.437173,-33.794594],[146.397941,-33.790417],[146.353197,-33.785305],[146.317227,-33.780549],[146.187217,-33.766455],[146.175904,-33.765069],[146.09783,-33.756752],[146.0703,-33.753534],[146.07178,-33.748219],[146.074577,-33.731759],[146.076461,-33.716539],[146.08104,-33.691866],[146.092711,-33.618956],[146.092419,-33.613912],[146.093808,-33.611238],[146.095141,-33.603131],[146.066884,-33.516494],[146.053962,-33.475767],[146.06118,-33.419428],[146.067088,-33.371064],[146.071231,-33.368966],[146.067233,-33.356755],[146.072768,-33.356432],[146.071198,-33.350044],[146.075049,-33.344141],[146.076036,-33.339079],[146.079272,-33.340308],[146.08335,-33.334179],[146.08568,-33.327823],[146.088737,-33.324896],[146.087831,-33.320497],[146.090679,-33.318977],[146.086424,-33.314109],[146.083835,-33.314707],[146.081941,-33.309871],[146.084935,-33.308529],[146.081197,-33.303532],[146.088511,-33.3043],[146.088527,-33.301098],[146.084223,-33.297653],[146.087394,-33.296068],[146.086197,-33.289163],[146.089951,-33.288678],[146.094045,-33.284537],[146.091941,-33.280688],[146.094951,-33.27596],[146.076584,-33.24436],[146.058892,-33.211808],[146.068914,-33.204006],[146.093631,-33.189083],[146.03166,-33.093579],[145.973354,-33.090817],[145.905331,-33.087748],[145.906825,-33.078623],[145.872639,-33.0748],[145.87087,-33.086311],[145.754709,-33.082677],[145.686333,-33.082059],[145.645258,-33.080312],[145.659699,-32.990288],[145.668586,-32.935769],[145.651811,-32.935199],[145.671923,-32.805722],[145.586515,-32.796236],[145.595723,-32.737769],[145.556637,-32.733284],[145.554424,-32.73598],[145.552498,-32.749179],[145.552592,-32.755852],[145.54889,-32.765196],[145.557476,-32.766127],[145.561076,-32.756899],[145.569099,-32.757875],[145.560599,-32.781409],[145.550822,-32.791615],[145.537932,-32.783255],[145.544859,-32.775372],[145.504348,-32.770092],[145.506254,-32.752996],[145.510436,-32.727862],[145.467462,-32.722507],[145.414944,-32.761412],[145.412631,-32.775949],[145.41197,-32.776486],[145.330992,-32.767376],[145.340052,-32.712149],[145.34467,-32.682896],[145.344278,-32.682486],[145.257279,-32.671254],[145.249374,-32.724393],[145.164993,-32.71483],[145.15955,-32.747169],[145.14842,-32.818818],[145.12735,-32.95407],[145.119832,-32.953477],[145.108693,-33.034231],[145.027716,-33.022132],[145.027199,-33.02588],[145.010379,-33.023904],[145.007975,-33.035543],[144.991731,-33.033662],[144.993555,-33.022522],[144.98488,-33.021563],[144.984357,-33.025867],[144.987542,-33.026363],[144.982305,-33.06332],[144.986442,-33.066677],[144.985912,-33.070528],[144.980927,-33.07304],[144.979402,-33.083791],[144.9635,-33.081991],[144.96278,-33.087289],[144.941139,-33.084777],[144.942311,-33.078304],[144.908865,-33.074448],[144.913078,-33.049131],[144.798235,-33.036219],[144.777959,-33.163551],[144.775708,-33.157854],[144.771622,-33.157294],[144.768033,-33.161599],[144.76476,-33.160292],[144.762118,-33.163334],[144.759846,-33.156872],[144.752168,-33.155859],[144.752914,-33.159526],[144.747817,-33.16143],[144.747833,-33.165838],[144.749554,-33.170871],[144.742269,-33.170377],[144.733424,-33.231398],[144.645681,-33.222352],[144.642648,-33.241122],[144.61222,-33.237804],[144.609431,-33.256277],[144.598013,-33.255074],[144.595668,-33.270038],[144.58018,-33.268377],[144.577591,-33.284923],[144.577529,-33.288666],[144.55163,-33.285907],[144.548851,-33.289555],[144.547946,-33.298439],[144.546877,-33.300003],[144.530799,-33.298321],[144.530284,-33.296625],[144.491092,-33.292975],[144.488676,-33.300463],[144.471793,-33.29897],[144.471702,-33.291203],[144.433578,-33.287676],[144.433489,-33.280482],[144.416202,-33.279072],[144.414163,-33.286491],[144.359521,-33.281918],[144.262641,-33.272906],[144.264268,-33.263015],[144.277778,-33.254216],[144.236255,-33.249829],[144.251426,-33.15507],[144.140087,-33.142435],[144.07974,-33.135369],[144.00949,-33.127458],[143.905907,-33.115708],[143.898192,-33.161392],[143.839022,-33.15459],[143.816663,-33.137446],[143.789876,-33.148866],[143.720951,-33.140453],[143.719453,-33.149103],[143.714801,-33.154611],[143.690486,-33.163458],[143.674028,-33.170711],[143.666482,-33.179093],[143.66485,-33.178855],[143.648475,-33.15901],[143.636107,-33.157788],[143.637288,-33.149916],[143.55246,-33.140481],[143.57281,-33.012429],[143.602799,-33.007104],[143.653413,-33.012413],[143.661538,-32.955298],[143.670598,-32.94527],[143.671807,-32.940764],[143.585153,-32.93103],[143.591987,-32.885141],[143.550719,-32.881162],[143.505852,-32.876004],[143.499566,-32.918349],[143.438317,-32.9112],[143.43243,-32.909315],[143.416969,-32.907493],[143.432435,-32.808446],[143.269614,-32.791387],[143.271212,-32.780229],[143.071628,-32.759322],[142.964638,-32.748537],[142.94435,-32.890533],[142.79212,-32.875413],[142.705129,-32.866688],[142.59596,-32.855649],[142.515536,-32.847454],[142.549908,-32.991416],[142.551917,-32.991617],[142.547987,-33.01714],[142.424469,-33.005226],[142.428011,-32.979027],[142.376475,-32.973676],[142.372007,-32.975211],[142.375569,-32.979831],[142.374469,-32.983309],[142.375348,-32.988024],[142.372474,-32.995602],[142.379198,-32.996954],[142.384858,-32.999411],[142.383234,-33.00504],[142.379165,-33.008014],[142.375808,-33.014583],[142.373369,-33.01617],[142.366825,-33.017077],[142.363515,-33.025583],[142.357475,-33.028123],[142.357678,-33.035573],[142.352509,-33.033667],[142.348187,-33.037827],[142.344809,-33.037641],[142.341249,-33.041613],[142.333758,-33.047087],[142.329357,-33.047395],[142.326484,-33.050411],[142.316785,-33.049126],[142.312683,-33.052687],[142.314377,-33.05939],[142.310607,-33.068062],[142.306289,-33.070269],[142.301472,-33.074751],[142.29752,-33.076315],[142.289216,-33.081971],[142.287555,-33.08549],[142.288747,-33.088258],[142.295925,-33.091523],[142.294964,-33.095463],[142.296722,-33.10229],[142.290611,-33.101089],[142.288883,-33.10916],[142.295361,-33.109272],[142.2936,-33.11638],[142.279301,-33.116031],[142.280463,-33.122385],[142.275099,-33.124521],[142.273903,-33.121184],[142.268842,-33.12243],[142.254173,-33.120929],[142.244707,-33.118793],[142.242827,-33.130873],[142.222371,-33.128952],[142.22689,-33.125888],[142.222586,-33.120049],[142.178229,-33.115346],[142.168599,-33.116529],[142.105679,-33.11242],[142.107802,-33.090131],[142.022933,-33.0848],[142.038355,-33.143941],[141.884476,-33.128715],[141.859683,-33.126351],[141.755369,-33.115945],[141.639883,-33.10432],[141.560773,-33.096293],[141.573204,-33.005572],[141.401831,-32.98666],[141.383712,-33.113573],[141.377234,-33.1596],[141.362415,-33.26469],[141.348003,-33.366658],[141.30584,-33.362454],[141.308721,-33.341403],[141.266626,-33.337241],[141.263992,-33.355755],[141.002404,-33.328807],[141.002491,-33.436901],[141.00254,-33.498505],[141.002608,-33.584701],[141.002682,-33.679509],[141.002771,-33.790705],[141.002882,-33.92787],[141.002956,-34.021892],[141.004903,-34.026332],[141.002682,-34.029751],[141.003679,-34.032249],[141.001718,-34.037832],[141.002779,-34.040636],[141.008944,-34.044659],[141.014979,-34.046336],[141.018046,-34.048527],[141.019447,-34.05731],[141.025917,-34.059573],[141.026868,-34.056037],[141.023562,-34.053297],[141.025393,-34.049842],[141.031915,-34.047352],[141.031077,-34.0413],[141.033036,-34.036096],[141.036806,-34.036384],[141.041369,-34.039502],[141.043527,-34.044949],[141.040149,-34.049324],[141.039458,-34.052769],[141.041043,-34.059785],[141.04785,-34.061641],[141.053406,-34.057327],[141.062429,-34.054446],[141.066317,-34.050774],[141.069023,-34.060386],[141.073729,-34.063675],[141.080022,-34.061642],[141.085833,-34.063586],[141.082796,-34.070911],[141.085314,-34.075022],[141.092046,-34.076505],[141.096691,-34.073138],[141.097707,-34.068233],[141.095561,-34.060666],[141.087681,-34.059184],[141.087169,-34.055946],[141.09309,-34.05118],[141.097564,-34.050095],[141.101802,-34.052012],[141.10492,-34.05944],[141.107535,-34.061261],[141.120338,-34.064866],[141.127716,-34.06365],[141.137947,-34.058263],[141.137259,-34.061141],[141.143601,-34.063136],[141.143756,-34.05851],[141.146005,-34.055783],[141.153416,-34.055152],[141.151243,-34.058257],[141.153324,-34.064288],[141.143868,-34.067411],[141.146137,-34.069618],[141.151174,-34.067925],[141.153507,-34.069618],[141.1533,-34.081577],[141.157045,-34.084161],[141.163613,-34.084009],[141.167825,-34.082082],[141.172403,-34.073463],[141.175439,-34.074117],[141.175424,-34.082378],[141.179352,-34.089498],[141.184311,-34.091889],[141.192687,-34.090542],[141.194487,-34.08602],[141.188981,-34.081141],[141.192411,-34.078339],[141.193095,-34.074243],[141.198283,-34.073135],[141.200866,-34.070218],[141.201917,-34.065481],[141.207196,-34.061188],[141.212877,-34.06245],[141.217153,-34.064761],[141.21967,-34.061645],[141.222641,-34.062433],[141.221667,-34.067116],[141.226223,-34.072988],[141.231794,-34.073158],[141.236717,-34.070109],[141.238624,-34.062196],[141.242535,-34.061683],[141.244384,-34.064078],[141.244908,-34.069345],[141.247194,-34.072866],[141.245732,-34.076847],[141.24149,-34.083222],[141.243346,-34.087935],[141.247444,-34.08808],[141.249724,-34.085578],[141.250879,-34.080344],[141.255358,-34.07753],[141.261021,-34.078979],[141.264014,-34.083094],[141.268692,-34.09213],[141.275379,-34.098157],[141.279847,-34.099067],[141.283027,-34.103317],[141.298544,-34.10696],[141.298201,-34.111208],[141.302439,-34.113958],[141.31515,-34.111635],[141.318572,-34.113528],[141.31842,-34.116306],[141.313569,-34.123795],[141.317844,-34.127356],[141.324681,-34.125841],[141.326343,-34.129255],[141.323115,-34.133159],[141.323208,-34.137578],[141.32859,-34.138321],[141.331346,-34.135771],[141.333928,-34.130235],[141.342234,-34.127614],[141.346407,-34.124348],[141.347542,-34.120665],[141.346955,-34.11512],[141.349121,-34.111894],[141.357551,-34.110689],[141.363062,-34.113838],[141.364394,-34.121112],[141.370094,-34.127526],[141.37177,-34.126411],[141.36926,-34.120403],[141.371231,-34.119676],[141.383055,-34.123049],[141.385362,-34.127154],[141.386465,-34.133743],[141.391123,-34.134739],[141.400464,-34.128585],[141.404794,-34.126857],[141.409108,-34.128548],[141.410298,-34.132458],[141.406049,-34.142194],[141.408243,-34.147236],[141.411923,-34.149965],[141.418738,-34.150592],[141.431295,-34.145354],[141.434763,-34.146902],[141.432501,-34.152159],[141.432066,-34.15813],[141.435962,-34.162653],[141.444028,-34.167683],[141.447915,-34.168202],[141.448517,-34.163167],[141.452499,-34.161286],[141.462265,-34.165587],[141.466962,-34.16547],[141.472961,-34.15945],[141.479121,-34.162781],[141.482801,-34.163425],[141.486076,-34.161311],[141.485833,-34.15674],[141.489767,-34.15409],[141.49464,-34.154513],[141.499561,-34.157686],[141.50176,-34.160725],[141.505595,-34.170557],[141.510846,-34.177705],[141.518744,-34.18091],[141.516908,-34.184119],[141.51071,-34.185769],[141.506807,-34.190087],[141.508137,-34.19459],[141.514628,-34.198207],[141.518577,-34.203159],[141.517587,-34.206455],[141.512421,-34.208389],[141.507874,-34.208606],[141.505639,-34.212448],[141.506847,-34.214815],[141.512763,-34.216414],[141.517719,-34.213814],[141.528829,-34.212919],[141.533031,-34.211449],[141.536444,-34.206843],[141.535935,-34.203617],[141.530818,-34.19601],[141.531235,-34.193194],[141.53637,-34.191666],[141.545044,-34.200583],[141.550004,-34.200498],[141.556009,-34.197657],[141.558133,-34.192155],[141.560859,-34.190871],[141.567974,-34.19183],[141.573114,-34.196018],[141.582694,-34.19875],[141.588241,-34.195639],[141.588245,-34.188352],[141.590014,-34.186801],[141.594973,-34.191449],[141.600926,-34.19216],[141.605942,-34.187987],[141.605374,-34.18449],[141.601266,-34.181949],[141.594344,-34.182334],[141.590326,-34.180217],[141.589922,-34.175267],[141.59316,-34.172772],[141.602561,-34.168794],[141.60384,-34.165532],[141.599335,-34.156085],[141.595848,-34.155407],[141.588487,-34.157733],[141.583498,-34.153067],[141.586692,-34.150608],[141.595215,-34.154815],[141.604276,-34.149089],[141.607484,-34.150228],[141.61202,-34.156491],[141.6162,-34.156984],[141.620362,-34.154961],[141.621328,-34.150664],[141.618943,-34.146455],[141.611987,-34.139924],[141.616565,-34.140091],[141.617867,-34.143115],[141.625308,-34.146116],[141.629741,-34.144155],[141.632119,-34.140138],[141.630048,-34.131428],[141.631751,-34.122716],[141.635074,-34.12039],[141.64922,-34.118341],[141.653774,-34.117081],[141.664772,-34.110366],[141.674511,-34.10254],[141.67745,-34.101225],[141.689371,-34.102077],[141.692699,-34.099389],[141.704907,-34.095686],[141.71058,-34.09862],[141.711616,-34.109653],[141.713282,-34.113061],[141.717028,-34.11496],[141.723363,-34.112813],[141.729871,-34.105577],[141.729771,-34.102701],[141.725881,-34.097899],[141.725828,-34.092984],[141.731459,-34.090957],[141.73551,-34.09307],[141.738394,-34.096895],[141.745353,-34.103103],[141.75218,-34.102638],[141.758987,-34.09658],[141.76215,-34.099861],[141.754013,-34.104006],[141.752567,-34.108426],[141.756947,-34.112097],[141.76273,-34.111349],[141.766352,-34.107836],[141.775182,-34.102405],[141.779287,-34.104299],[141.775548,-34.110466],[141.774652,-34.114431],[141.776494,-34.116709],[141.780667,-34.116475],[141.784087,-34.112259],[141.787229,-34.111996],[141.79325,-34.115862],[141.79862,-34.114961],[141.802109,-34.115877],[141.806553,-34.120267],[141.814683,-34.121106],[141.825395,-34.127681],[141.842403,-34.132526],[141.847806,-34.126221],[141.851527,-34.129568],[141.856067,-34.131313],[141.862047,-34.128521],[141.86698,-34.128459],[141.873519,-34.132605],[141.877847,-34.136849],[141.880262,-34.131286],[141.887961,-34.126081],[141.888386,-34.121109],[141.884843,-34.117184],[141.885359,-34.1147],[141.892305,-34.11428],[141.899106,-34.111489],[141.903691,-34.111366],[141.907097,-34.113559],[141.914883,-34.115621],[141.922351,-34.114382],[141.929592,-34.127108],[141.925518,-34.134344],[141.929629,-34.137389],[141.93751,-34.137049],[141.939086,-34.133394],[141.938076,-34.129361],[141.939753,-34.122259],[141.942915,-34.11989],[141.947013,-34.119831],[141.953157,-34.128099],[141.95671,-34.131615],[141.964164,-34.13677],[141.971663,-34.13525],[141.972261,-34.132531],[141.96898,-34.125333],[141.969742,-34.119898],[141.972089,-34.115569],[141.975026,-34.113525],[141.983492,-34.112412],[141.986602,-34.114154],[141.991251,-34.120412],[141.997085,-34.118606],[142.01332,-34.125264],[142.020896,-34.125285],[142.024324,-34.123274],[142.023454,-34.120606],[142.01653,-34.117324],[142.014742,-34.113476],[142.014992,-34.108896],[142.012638,-34.106619],[142.01497,-34.104115],[142.021076,-34.106474],[142.025103,-34.106701],[142.031536,-34.103767],[142.037535,-34.099426],[142.042517,-34.104212],[142.04167,-34.106296],[142.0337,-34.111511],[142.028479,-34.120868],[142.029669,-34.126116],[142.036866,-34.1296],[142.050166,-34.125278],[142.06369,-34.126108],[142.074484,-34.130492],[142.077415,-34.134416],[142.077555,-34.137691],[142.075157,-34.141387],[142.068054,-34.143554],[142.065283,-34.147328],[142.066631,-34.152764],[142.074641,-34.155232],[142.078003,-34.158075],[142.080663,-34.164986],[142.082078,-34.172992],[142.085961,-34.173652],[142.093059,-34.171915],[142.10085,-34.174899],[142.103858,-34.177298],[142.120886,-34.174093],[142.121586,-34.172397],[142.118617,-34.159819],[142.120343,-34.156705],[142.124837,-34.156798],[142.131757,-34.160255],[142.138001,-34.160131],[142.140477,-34.158057],[142.142974,-34.151802],[142.147839,-34.14871],[142.159251,-34.151792],[142.165861,-34.152266],[142.166343,-34.156363],[142.162127,-34.162188],[142.159255,-34.171482],[142.166691,-34.172545],[142.163404,-34.176396],[142.165944,-34.182777],[142.175995,-34.184426],[142.180265,-34.181592],[142.181104,-34.176952],[142.183613,-34.175672],[142.189434,-34.180059],[142.19858,-34.183496],[142.206415,-34.183719],[142.216447,-34.180837],[142.220316,-34.181665],[142.22529,-34.189059],[142.226695,-34.197397],[142.228099,-34.199751],[142.229132,-34.207086],[142.231821,-34.20894],[142.235928,-34.206998],[142.240552,-34.206954],[142.243393,-34.209186],[142.243531,-34.216685],[142.240449,-34.218055],[142.235809,-34.222639],[142.236845,-34.225858],[142.240303,-34.227503],[142.24403,-34.232457],[142.244968,-34.237881],[142.243499,-34.246029],[142.240156,-34.248483],[142.235706,-34.248788],[142.232428,-34.25394],[142.234044,-34.25714],[142.241857,-34.25806],[142.246205,-34.261324],[142.249565,-34.266928],[142.245454,-34.273782],[142.244727,-34.276918],[142.248499,-34.283083],[142.248612,-34.286546],[142.242158,-34.29279],[142.232465,-34.296749],[142.231929,-34.30216],[142.235894,-34.306973],[142.238544,-34.30782],[142.248807,-34.307202],[142.255865,-34.30463],[142.266585,-34.295622],[142.269084,-34.295833],[142.272191,-34.30357],[142.277452,-34.30315],[142.284186,-34.297115],[142.286132,-34.296536],[142.291512,-34.301955],[142.298837,-34.305186],[142.296149,-34.307386],[142.2874,-34.306919],[142.280597,-34.315901],[142.280228,-34.321487],[142.283404,-34.326333],[142.286588,-34.326951],[142.292443,-34.323761],[142.296224,-34.324497],[142.299884,-34.328276],[142.305217,-34.329771],[142.313688,-34.329489],[142.318252,-34.331839],[142.32161,-34.336936],[142.327032,-34.338756],[142.3337,-34.339302],[142.343977,-34.338017],[142.348615,-34.336576],[142.352642,-34.332737],[142.357405,-34.331469],[142.365134,-34.32712],[142.368835,-34.326992],[142.374501,-34.331779],[142.38038,-34.331132],[142.385702,-34.334001],[142.392206,-34.334715],[142.396798,-34.338095],[142.397686,-34.342083],[142.395763,-34.344196],[142.389227,-34.342984],[142.384364,-34.347335],[142.386321,-34.355254],[142.3915,-34.360112],[142.388967,-34.363272],[142.383326,-34.363253],[142.378606,-34.359833],[142.37273,-34.357973],[142.363993,-34.361243],[142.366658,-34.365109],[142.371467,-34.363036],[142.376419,-34.362843],[142.377248,-34.367251],[142.368628,-34.369735],[142.370329,-34.375495],[142.370652,-34.383289],[142.367964,-34.385517],[142.363897,-34.38568],[142.359865,-34.390131],[142.351891,-34.394745],[142.351724,-34.399164],[142.356477,-34.400426],[142.352413,-34.404512],[142.353359,-34.408658],[142.358933,-34.409699],[142.359827,-34.413652],[142.352636,-34.419081],[142.35161,-34.421711],[142.356293,-34.423948],[142.362843,-34.422072],[142.365066,-34.424816],[142.359924,-34.431378],[142.36113,-34.433097],[142.367398,-34.435007],[142.362404,-34.438298],[142.360936,-34.442396],[142.365179,-34.447058],[142.360698,-34.459523],[142.35391,-34.464536],[142.353969,-34.470661],[142.357957,-34.47222],[142.363599,-34.469452],[142.371176,-34.471511],[142.380289,-34.46752],[142.384163,-34.478091],[142.374881,-34.476951],[142.372474,-34.480656],[142.36629,-34.483322],[142.361417,-34.487859],[142.359108,-34.493268],[142.359993,-34.499667],[142.367935,-34.503425],[142.371109,-34.502713],[142.37137,-34.497978],[142.375842,-34.492236],[142.382512,-34.490992],[142.392212,-34.492269],[142.393265,-34.495573],[142.38766,-34.498164],[142.383165,-34.506927],[142.376443,-34.511827],[142.374942,-34.515284],[142.378715,-34.51911],[142.383916,-34.519138],[142.3881,-34.516598],[142.392777,-34.515876],[142.398579,-34.521073],[142.398521,-34.524248],[142.382877,-34.523968],[142.368408,-34.527088],[142.367695,-34.530446],[142.370942,-34.534774],[142.375112,-34.534231],[142.376705,-34.540985],[142.387531,-34.545881],[142.392498,-34.549364],[142.400806,-34.546329],[142.403182,-34.542126],[142.405852,-34.541838],[142.406667,-34.547834],[142.41069,-34.553473],[142.407011,-34.560784],[142.406255,-34.56541],[142.411656,-34.569296],[142.418072,-34.567121],[142.423605,-34.562751],[142.426574,-34.562635],[142.429432,-34.56693],[142.428641,-34.572575],[142.434747,-34.576146],[142.443714,-34.575242],[142.447047,-34.577967],[142.451622,-34.584265],[142.457502,-34.584177],[142.457237,-34.578333],[142.451608,-34.572796],[142.4486,-34.560005],[142.454787,-34.557591],[142.464701,-34.561666],[142.467968,-34.564295],[142.472794,-34.575279],[142.471568,-34.578048],[142.465987,-34.583102],[142.45873,-34.585226],[142.46101,-34.589599],[142.467126,-34.589287],[142.471179,-34.593386],[142.467926,-34.6025],[142.462978,-34.603881],[142.461583,-34.608293],[142.46825,-34.612235],[142.463147,-34.613847],[142.458713,-34.616912],[142.458639,-34.619582],[142.463038,-34.623194],[142.462017,-34.628414],[142.45415,-34.630117],[142.452327,-34.633498],[142.457333,-34.636225],[142.465543,-34.634413],[142.467025,-34.637997],[142.470672,-34.640077],[142.47451,-34.639278],[142.479962,-34.635501],[142.48404,-34.638125],[142.475788,-34.643067],[142.471654,-34.651796],[142.472143,-34.654734],[142.471582,-34.666869],[142.475586,-34.672618],[142.479002,-34.673551],[142.490818,-34.672997],[142.496254,-34.668544],[142.494028,-34.666421],[142.488614,-34.667159],[142.489333,-34.662527],[142.497334,-34.665018],[142.502162,-34.663096],[142.503818,-34.657861],[142.509689,-34.656806],[142.512903,-34.660479],[142.517112,-34.662569],[142.515842,-34.664918],[142.504497,-34.667148],[142.498038,-34.67243],[142.497267,-34.676556],[142.498646,-34.681025],[142.501244,-34.68253],[142.505043,-34.680099],[142.508282,-34.682292],[142.509502,-34.686089],[142.51417,-34.690931],[142.51316,-34.695007],[142.509398,-34.697097],[142.502083,-34.697898],[142.49944,-34.699273],[142.499744,-34.703137],[142.502729,-34.704271],[142.510459,-34.700519],[142.517888,-34.701344],[142.518864,-34.703671],[142.509408,-34.713651],[142.51316,-34.721381],[142.511434,-34.724683],[142.501829,-34.732639],[142.499571,-34.739194],[142.503995,-34.74112],[142.510854,-34.740413],[142.512572,-34.743332],[142.507674,-34.746632],[142.508737,-34.750085],[142.515212,-34.753146],[142.519174,-34.756393],[142.526185,-34.759814],[142.529208,-34.758777],[142.534378,-34.753843],[142.53915,-34.763041],[142.547574,-34.762027],[142.550496,-34.7631],[142.550122,-34.768306],[142.556744,-34.775373],[142.561808,-34.773061],[142.562609,-34.769869],[142.565852,-34.767248],[142.576501,-34.771523],[142.585793,-34.77042],[142.596081,-34.772941],[142.605359,-34.780089],[142.613238,-34.784476],[142.621012,-34.785887],[142.63143,-34.784396],[142.63869,-34.780753],[142.64444,-34.775338],[142.646411,-34.76348],[142.642849,-34.758865],[142.636643,-34.757715],[142.628028,-34.760479],[142.623337,-34.75973],[142.619222,-34.754454],[142.619769,-34.746126],[142.616551,-34.737954],[142.617855,-34.729217],[142.623491,-34.727519],[142.631779,-34.733594],[142.637334,-34.735043],[142.641677,-34.732072],[142.648986,-34.730531],[142.654948,-34.727745],[142.660326,-34.72201],[142.663284,-34.72251],[142.664029,-34.729163],[142.666036,-34.734336],[142.670056,-34.73742],[142.67952,-34.739085],[142.686088,-34.735532],[142.686003,-34.732946],[142.677788,-34.730165],[142.67594,-34.7268],[142.677735,-34.723205],[142.680946,-34.72161],[142.69009,-34.726605],[142.698389,-34.725506],[142.69956,-34.722921],[142.696762,-34.720165],[142.688829,-34.717514],[142.684841,-34.714711],[142.686055,-34.708337],[142.690513,-34.704759],[142.690069,-34.69924],[142.682934,-34.691936],[142.679906,-34.685802],[142.678929,-34.680153],[142.682454,-34.671493],[142.689193,-34.671752],[142.701869,-34.6784],[142.706882,-34.679611],[142.710436,-34.676748],[142.710939,-34.668346],[142.70979,-34.663908],[142.705483,-34.660362],[142.701501,-34.659327],[142.695436,-34.65997],[142.689335,-34.651391],[142.692457,-34.648227],[142.696939,-34.639537],[142.695101,-34.635532],[142.698311,-34.632449],[142.701751,-34.623601],[142.707607,-34.623508],[142.707544,-34.618876],[142.70211,-34.619818],[142.690217,-34.619063],[142.690824,-34.615628],[142.700544,-34.615755],[142.704207,-34.612494],[142.699546,-34.603155],[142.700852,-34.598276],[142.704294,-34.59757],[142.714821,-34.600442],[142.71783,-34.598804],[142.721186,-34.592878],[142.724632,-34.592388],[142.732111,-34.599729],[142.737163,-34.601461],[142.746444,-34.60306],[142.75469,-34.602112],[142.763518,-34.596737],[142.763709,-34.591379],[142.760365,-34.588433],[142.750675,-34.58906],[142.747352,-34.588142],[142.745504,-34.583192],[142.748291,-34.576759],[142.750792,-34.576462],[142.756938,-34.579448],[142.765343,-34.578407],[142.780545,-34.579178],[142.783854,-34.577492],[142.778679,-34.574085],[142.772645,-34.572242],[142.769991,-34.568882],[142.77163,-34.566],[142.77661,-34.56746],[142.782512,-34.564933],[142.78289,-34.561409],[142.788719,-34.557257],[142.788001,-34.551217],[142.790189,-34.546542],[142.795928,-34.551958],[142.805408,-34.553901],[142.809125,-34.56197],[142.802894,-34.564659],[142.796435,-34.571949],[142.801492,-34.578906],[142.78664,-34.584259],[142.786939,-34.588854],[142.789516,-34.592197],[142.796114,-34.597449],[142.799577,-34.597496],[142.802121,-34.589749],[142.805191,-34.58827],[142.810638,-34.589305],[142.811426,-34.59142],[142.80903,-34.596034],[142.804413,-34.599301],[142.802677,-34.605009],[142.805373,-34.608621],[142.815562,-34.61131],[142.820052,-34.610666],[142.818568,-34.60563],[142.8191,-34.602025],[142.822833,-34.600175],[142.825158,-34.602782],[142.824082,-34.607459],[142.828224,-34.610355],[142.83557,-34.611128],[142.83824,-34.613044],[142.839674,-34.617233],[142.839467,-34.623659],[142.844257,-34.626672],[142.846905,-34.621191],[142.850283,-34.619138],[142.85434,-34.619617],[142.861506,-34.628214],[142.866788,-34.627255],[142.862068,-34.633704],[142.857412,-34.635993],[142.855179,-34.639774],[142.863944,-34.639706],[142.864381,-34.644002],[142.871354,-34.649215],[142.871909,-34.652369],[142.867826,-34.658891],[142.861283,-34.662403],[142.862101,-34.666747],[142.86573,-34.666619],[142.869291,-34.664072],[142.872592,-34.664703],[142.872304,-34.669162],[142.874045,-34.673405],[142.877667,-34.674907],[142.886457,-34.672085],[142.885219,-34.676976],[142.886758,-34.67978],[142.892864,-34.679505],[142.893919,-34.676777],[142.89092,-34.674273],[142.892507,-34.67171],[142.896768,-34.673241],[142.899365,-34.66883],[142.894325,-34.667379],[142.895154,-34.663897],[142.899487,-34.663476],[142.902088,-34.654502],[142.911183,-34.65085],[142.924713,-34.649591],[142.921178,-34.65471],[142.922947,-34.656847],[142.931778,-34.655192],[142.934212,-34.659828],[142.944331,-34.662905],[142.945812,-34.667282],[142.951938,-34.669557],[142.956838,-34.665392],[142.958521,-34.671839],[142.96334,-34.676608],[142.964111,-34.681172],[142.967534,-34.688925],[142.967695,-34.69167],[142.973516,-34.695197],[142.976248,-34.694388],[142.982428,-34.68274],[142.982146,-34.679001],[142.976197,-34.673014],[142.976762,-34.670148],[142.990699,-34.667595],[142.993056,-34.672494],[142.996475,-34.674003],[143.000863,-34.669675],[143.012939,-34.671045],[143.016169,-34.672353],[143.017449,-34.675659],[143.008007,-34.685967],[143.008036,-34.690781],[143.013864,-34.694796],[143.018639,-34.694113],[143.022575,-34.691659],[143.023602,-34.683635],[143.026798,-34.681779],[143.032767,-34.683041],[143.029773,-34.687401],[143.030659,-34.693733],[143.040044,-34.702511],[143.044346,-34.698553],[143.039093,-34.69444],[143.037455,-34.689067],[143.040422,-34.685888],[143.043344,-34.686633],[143.043783,-34.692089],[143.046952,-34.697085],[143.0525,-34.699399],[143.057406,-34.697819],[143.06552,-34.688323],[143.066854,-34.679636],[143.071643,-34.679528],[143.071713,-34.688921],[143.075941,-34.695647],[143.079602,-34.697974],[143.090001,-34.701285],[143.094298,-34.70067],[143.096273,-34.697201],[143.104118,-34.694001],[143.108443,-34.689373],[143.111079,-34.681042],[143.114327,-34.681698],[143.113691,-34.685892],[143.10656,-34.699494],[143.109779,-34.701611],[143.120963,-34.694142],[143.125655,-34.692347],[143.127006,-34.69483],[143.119317,-34.697199],[143.117161,-34.702096],[143.119745,-34.703701],[143.125782,-34.701126],[143.133792,-34.701049],[143.133535,-34.705038],[143.137234,-34.709644],[143.146536,-34.714727],[143.147435,-34.709825],[143.154749,-34.70389],[143.155449,-34.700569],[143.161689,-34.697916],[143.1654,-34.700807],[143.166,-34.707089],[143.163976,-34.712796],[143.16429,-34.717289],[143.169808,-34.719968],[143.173895,-34.718831],[143.176197,-34.712497],[143.179282,-34.717329],[143.191065,-34.712853],[143.199179,-34.717034],[143.196273,-34.719458],[143.196437,-34.728109],[143.200006,-34.733418],[143.204656,-34.734569],[143.21551,-34.729594],[143.218847,-34.729471],[143.222453,-34.732416],[143.214858,-34.735448],[143.214646,-34.739383],[143.221339,-34.743408],[143.219073,-34.75244],[143.219952,-34.755237],[143.224605,-34.758819],[143.228866,-34.757869],[143.227354,-34.750673],[143.228775,-34.747789],[143.233055,-34.746926],[143.242936,-34.746825],[143.243531,-34.753432],[143.248933,-34.757853],[143.252797,-34.756824],[143.257544,-34.752957],[143.262313,-34.751764],[143.265668,-34.748486],[143.268583,-34.753017],[143.267408,-34.755305],[143.271401,-34.759649],[143.262594,-34.764746],[143.254282,-34.766647],[143.252446,-34.769306],[143.252655,-34.77458],[143.255824,-34.777746],[143.261458,-34.777506],[143.26318,-34.773598],[143.273544,-34.777017],[143.27189,-34.779723],[143.275877,-34.783165],[143.273566,-34.78908],[143.275867,-34.791772],[143.283662,-34.795215],[143.287204,-34.79317],[143.284155,-34.78586],[143.2875,-34.78503],[143.29225,-34.790325],[143.295266,-34.789552],[143.297597,-34.784989],[143.307494,-34.780064],[143.311666,-34.780186],[143.313591,-34.782379],[143.312996,-34.786596],[143.315041,-34.789405],[143.321731,-34.790944],[143.326016,-34.787401],[143.33079,-34.787467],[143.331558,-34.792145],[143.335552,-34.793557],[143.34506,-34.790743],[143.349253,-34.792442],[143.351547,-34.796004],[143.34711,-34.80503],[143.347559,-34.807302],[143.35197,-34.810654],[143.357238,-34.812361],[143.359391,-34.817289],[143.351985,-34.822612],[143.354099,-34.829388],[143.350917,-34.833541],[143.351243,-34.838816],[143.341678,-34.845305],[143.342909,-34.84818],[143.348701,-34.847826],[143.345399,-34.852834],[143.345851,-34.85491],[143.352546,-34.858069],[143.349589,-34.859985],[143.348683,-34.86441],[143.343486,-34.865919],[143.338404,-34.870312],[143.337336,-34.874806],[143.340924,-34.877327],[143.341894,-34.880959],[143.332789,-34.884721],[143.32725,-34.882318],[143.323091,-34.884688],[143.322337,-34.891132],[143.32807,-34.895033],[143.326151,-34.897232],[143.329427,-34.901456],[143.333414,-34.911262],[143.340526,-34.91374],[143.341884,-34.919042],[143.33891,-34.925895],[143.342789,-34.932533],[143.337983,-34.936175],[143.337293,-34.939624],[143.34141,-34.940335],[143.336561,-34.944775],[143.334664,-34.939106],[143.329449,-34.939926],[143.327316,-34.942382],[143.321626,-34.943374],[143.322855,-34.950399],[143.31792,-34.952059],[143.319644,-34.955335],[143.319601,-34.968697],[143.322683,-34.969581],[143.321605,-34.974343],[143.3232,-34.981542],[143.317769,-34.986369],[143.318717,-34.992447],[143.323501,-34.994537],[143.327165,-34.993395],[143.330225,-34.997792],[143.33583,-35.002986],[143.338008,-35.010576],[143.333318,-35.018187],[143.334905,-35.019766],[143.331864,-35.023804],[143.3342,-35.025685],[143.334878,-35.034549],[143.330486,-35.037428],[143.32766,-35.033865],[143.322705,-35.035511],[143.325547,-35.039917],[143.325158,-35.042726],[143.328679,-35.0459],[143.333229,-35.046371],[143.331112,-35.054857],[143.335026,-35.053344],[143.334155,-35.049678],[143.336772,-35.048148],[143.339883,-35.055979],[143.347861,-35.062461],[143.347088,-35.066081],[143.341149,-35.064678],[143.339036,-35.070384],[143.34552,-35.074056],[143.342828,-35.076742],[143.341356,-35.082494],[143.342684,-35.085831],[143.341107,-35.088849],[143.346,-35.09312],[143.344436,-35.099473],[143.346988,-35.104778],[143.353374,-35.10259],[143.357705,-35.104907],[143.361694,-35.116148],[143.366353,-35.120419],[143.369207,-35.11994],[143.374051,-35.122918],[143.376651,-35.129034],[143.386585,-35.137154],[143.386365,-35.141949],[143.391141,-35.146715],[143.389074,-35.150622],[143.382961,-35.154694],[143.3834,-35.160841],[143.385944,-35.163427],[143.382448,-35.170295],[143.382961,-35.174203],[143.390264,-35.171214],[143.393907,-35.177016],[143.391637,-35.180292],[143.386969,-35.183462],[143.388946,-35.186318],[143.396379,-35.193113],[143.400498,-35.189882],[143.404215,-35.193715],[143.411758,-35.193355],[143.417855,-35.194828],[143.424645,-35.189763],[143.431641,-35.195037],[143.433506,-35.191174],[143.439162,-35.189385],[143.446411,-35.189924],[143.450002,-35.19347],[143.455972,-35.196353],[143.460738,-35.203744],[143.464875,-35.203292],[143.46613,-35.214742],[143.471482,-35.219293],[143.48428,-35.218445],[143.492321,-35.219897],[143.500907,-35.218118],[143.505151,-35.213825],[143.513065,-35.212474],[143.519786,-35.21272],[143.522783,-35.218306],[143.529485,-35.219801],[143.535842,-35.217095],[143.543169,-35.216482],[143.549563,-35.212601],[143.546417,-35.207391],[143.553542,-35.205664],[143.559459,-35.202716],[143.563927,-35.202627],[143.570828,-35.206905],[143.574872,-35.211347],[143.579486,-35.213803],[143.580912,-35.218937],[143.575889,-35.226388],[143.576236,-35.230318],[143.573815,-35.234879],[143.564473,-35.236094],[143.566503,-35.240626],[143.563662,-35.243304],[143.569925,-35.246394],[143.570221,-35.250835],[143.574076,-35.256505],[143.570992,-35.265524],[143.576014,-35.265482],[143.580792,-35.269445],[143.581986,-35.272194],[143.590779,-35.273771],[143.584421,-35.278789],[143.59086,-35.281659],[143.582127,-35.287789],[143.581468,-35.29261],[143.576731,-35.299003],[143.577937,-35.303197],[143.569003,-35.302734],[143.572512,-35.306026],[143.568072,-35.308083],[143.566139,-35.314431],[143.563748,-35.316119],[143.563691,-35.322224],[143.561696,-35.325294],[143.564038,-35.327216],[143.563835,-35.332559],[143.561843,-35.337174],[143.566765,-35.343617],[143.56986,-35.342998],[143.572076,-35.337596],[143.575716,-35.340948],[143.581993,-35.341109],[143.584453,-35.346003],[143.589417,-35.347149],[143.590649,-35.35048],[143.594883,-35.350289],[143.597496,-35.35463],[143.61021,-35.369942],[143.615963,-35.368795],[143.616542,-35.372193],[143.613368,-35.37613],[143.619361,-35.382761],[143.619681,-35.386991],[143.624949,-35.387526],[143.624482,-35.382469],[143.627655,-35.38108],[143.629717,-35.384675],[143.634639,-35.386581],[143.629307,-35.392187],[143.63124,-35.395512],[143.638532,-35.397384],[143.642338,-35.401037],[143.647511,-35.398546],[143.649396,-35.395322],[143.653874,-35.394879],[143.657617,-35.384924],[143.662812,-35.385096],[143.665835,-35.382457],[143.667561,-35.371876],[143.669147,-35.371069],[143.683341,-35.373608],[143.683269,-35.36916],[143.688137,-35.370171],[143.689315,-35.377286],[143.692858,-35.377882],[143.693442,-35.384052],[143.697951,-35.38129],[143.703932,-35.380451],[143.701396,-35.386281],[143.705898,-35.38847],[143.709584,-35.383977],[143.712031,-35.38595],[143.708523,-35.392036],[143.715041,-35.392908],[143.72687,-35.390215],[143.730493,-35.390593],[143.732048,-35.394083],[143.739094,-35.393584],[143.746463,-35.388599],[143.751004,-35.387835],[143.751575,-35.392465],[143.75769,-35.394579],[143.761859,-35.39224],[143.764718,-35.393367],[143.762893,-35.400593],[143.767905,-35.401179],[143.764998,-35.41005],[143.761547,-35.410283],[143.758929,-35.415006],[143.761393,-35.417373],[143.763843,-35.423581],[143.769735,-35.422045],[143.776679,-35.424062],[143.790117,-35.422477],[143.793507,-35.429065],[143.796464,-35.429518],[143.799702,-35.433144],[143.80312,-35.434457],[143.80859,-35.433282],[143.818018,-35.437545],[143.818903,-35.439893],[143.812466,-35.444375],[143.813021,-35.446265],[143.821522,-35.445886],[143.82243,-35.450201],[143.82703,-35.455101],[143.84147,-35.458623],[143.846035,-35.463292],[143.853929,-35.461575],[143.856102,-35.464339],[143.853814,-35.46805],[143.860425,-35.475198],[143.866592,-35.480323],[143.872913,-35.480786],[143.875663,-35.485423],[143.8796,-35.487268],[143.888325,-35.485703],[143.894671,-35.492388],[143.899959,-35.49541],[143.903875,-35.495256],[143.907213,-35.499786],[143.912221,-35.494889],[143.917137,-35.496919],[143.919107,-35.500666],[143.936755,-35.502901],[143.948097,-35.500832],[143.953061,-35.503832],[143.958981,-35.50448],[143.963502,-35.499737],[143.968744,-35.505565],[143.964776,-35.508366],[143.962828,-35.514783],[143.970976,-35.520763],[143.974328,-35.532022],[143.977879,-35.534142],[143.992039,-35.534036],[143.996933,-35.536766],[143.995631,-35.54168],[143.999221,-35.545367],[143.996171,-35.549402],[143.989386,-35.553192],[143.993417,-35.556458],[143.996414,-35.555882],[144.003065,-35.560809],[144.008984,-35.563281],[144.012137,-35.560674],[144.00941,-35.558065],[144.012702,-35.554073],[144.018556,-35.55292],[144.030296,-35.55577],[144.033852,-35.555947],[144.036805,-35.553316],[144.041478,-35.555802],[144.044001,-35.552583],[144.04785,-35.556174],[144.046549,-35.562767],[144.053405,-35.565007],[144.06287,-35.56951],[144.062188,-35.576693],[144.069992,-35.579903],[144.075669,-35.58096],[144.08057,-35.584531],[144.08584,-35.584334],[144.092046,-35.58754],[144.096322,-35.587074],[144.104918,-35.590724],[144.106195,-35.595387],[144.113178,-35.601909],[144.113988,-35.605452],[144.111119,-35.606663],[144.11442,-35.610339],[144.115969,-35.614522],[144.113747,-35.616154],[144.114822,-35.619713],[144.119877,-35.621268],[144.117546,-35.625926],[144.126959,-35.633721],[144.130476,-35.635689],[144.133348,-35.641211],[144.139128,-35.641699],[144.140571,-35.646439],[144.14709,-35.647252],[144.153336,-35.646065],[144.156011,-35.649122],[144.151587,-35.65365],[144.154791,-35.657647],[144.158449,-35.658193],[144.160925,-35.66375],[144.162351,-35.671526],[144.167101,-35.670854],[144.172108,-35.671999],[144.174917,-35.674408],[144.180207,-35.673487],[144.185471,-35.67049],[144.186563,-35.675879],[144.189658,-35.676753],[144.195139,-35.685858],[144.208286,-35.687416],[144.21359,-35.686763],[144.217147,-35.695327],[144.215049,-35.704491],[144.218456,-35.707886],[144.225645,-35.71026],[144.229943,-35.715065],[144.23769,-35.718595],[144.243128,-35.718909],[144.24841,-35.7215],[144.247442,-35.729075],[144.254397,-35.734786],[144.254495,-35.738998],[144.259112,-35.742032],[144.261903,-35.745764],[144.261345,-35.749132],[144.267919,-35.753778],[144.274353,-35.746372],[144.277852,-35.744936],[144.277676,-35.74102],[144.281335,-35.740373],[144.284989,-35.737265],[144.288796,-35.73846],[144.296367,-35.737179],[144.301187,-35.741758],[144.300096,-35.745591],[144.294516,-35.750711],[144.301128,-35.752671],[144.304866,-35.757226],[144.307991,-35.756377],[144.309384,-35.751144],[144.316633,-35.755867],[144.317909,-35.752101],[144.323144,-35.753272],[144.327524,-35.752604],[144.328792,-35.754993],[144.321641,-35.757889],[144.321879,-35.764303],[144.325008,-35.768284],[144.327555,-35.765529],[144.332587,-35.766182],[144.334888,-35.770135],[144.337754,-35.769433],[144.343324,-35.771548],[144.346566,-35.767852],[144.352227,-35.775233],[144.353146,-35.778209],[144.351398,-35.782858],[144.352408,-35.78644],[144.366039,-35.795059],[144.367743,-35.791716],[144.372316,-35.79023],[144.377176,-35.7945],[144.372976,-35.79842],[144.375726,-35.801211],[144.372468,-35.805394],[144.372322,-35.808149],[144.367307,-35.809905],[144.36827,-35.813568],[144.36476,-35.819647],[144.366785,-35.824351],[144.382325,-35.818571],[144.375538,-35.824381],[144.372582,-35.833482],[144.375612,-35.834567],[144.381441,-35.832675],[144.381677,-35.836944],[144.376651,-35.835284],[144.373186,-35.836966],[144.374914,-35.840618],[144.381263,-35.842451],[144.384493,-35.846559],[144.381433,-35.852423],[144.386538,-35.855085],[144.389812,-35.859221],[144.394659,-35.86067],[144.397367,-35.859467],[144.405422,-35.86166],[144.407302,-35.866144],[144.402399,-35.867426],[144.402827,-35.870274],[144.408261,-35.870022],[144.410482,-35.872224],[144.404153,-35.874071],[144.405133,-35.877995],[144.403628,-35.880666],[144.412385,-35.886894],[144.412996,-35.891603],[144.417172,-35.896713],[144.408376,-35.898742],[144.408187,-35.904217],[144.415778,-35.90448],[144.417764,-35.900989],[144.421111,-35.902648],[144.416945,-35.905721],[144.415773,-35.909058],[144.422755,-35.910696],[144.426856,-35.914416],[144.427327,-35.919365],[144.433378,-35.920694],[144.43454,-35.924189],[144.439345,-35.924652],[144.439135,-35.931164],[144.44613,-35.934873],[144.453617,-35.937106],[144.466206,-35.933342],[144.463873,-35.938034],[144.464427,-35.941173],[144.470343,-35.939514],[144.472049,-35.941623],[144.466551,-35.944401],[144.475602,-35.947691],[144.477678,-35.951439],[144.481258,-35.952831],[144.481336,-35.957025],[144.484181,-35.959581],[144.488827,-35.95782],[144.487228,-35.963503],[144.491575,-35.965206],[144.493354,-35.968218],[144.497327,-35.968454],[144.502097,-35.970992],[144.506439,-35.97125],[144.51363,-35.974673],[144.517839,-35.969614],[144.521738,-35.973158],[144.516916,-35.977925],[144.516782,-35.98597],[144.512082,-35.988713],[144.514748,-35.991078],[144.51644,-35.995631],[144.525983,-35.993903],[144.529205,-35.994133],[144.536604,-36.000012],[144.542339,-36.001779],[144.547082,-36.000488],[144.549043,-36.005233],[144.553573,-36.002946],[144.55677,-36.013647],[144.565169,-36.010411],[144.563825,-36.016198],[144.566402,-36.01826],[144.570815,-36.018015],[144.570668,-36.023151],[144.573142,-36.024615],[144.578053,-36.021127],[144.581942,-36.022377],[144.586445,-36.027182],[144.581276,-36.030016],[144.583384,-36.032952],[144.583275,-36.039025],[144.589026,-36.038609],[144.592267,-36.043325],[144.597919,-36.03776],[144.603901,-36.042495],[144.609738,-36.041061],[144.606073,-36.036373],[144.610759,-36.032977],[144.615182,-36.034994],[144.618703,-36.039634],[144.613187,-36.042951],[144.617496,-36.045433],[144.616988,-36.048308],[144.611454,-36.055463],[144.608914,-36.064948],[144.615434,-36.067395],[144.610909,-36.070198],[144.616753,-36.07666],[144.622269,-36.074903],[144.620976,-36.071019],[144.627637,-36.066618],[144.62785,-36.064323],[144.619725,-36.063171],[144.619681,-36.059345],[144.625814,-36.062068],[144.627408,-36.058348],[144.624999,-36.052081],[144.629359,-36.05104],[144.632744,-36.048097],[144.637464,-36.04764],[144.641401,-36.055542],[144.646307,-36.056287],[144.646154,-36.051759],[144.649637,-36.051071],[144.653191,-36.05324],[144.653473,-36.059447],[144.652269,-36.062605],[144.654147,-36.067023],[144.652922,-36.073876],[144.664688,-36.076593],[144.665701,-36.071628],[144.672018,-36.070543],[144.673651,-36.068222],[144.678538,-36.069273],[144.678953,-36.062358],[144.689593,-36.062177],[144.687899,-36.0662],[144.692392,-36.069351],[144.691537,-36.073121],[144.68648,-36.075195],[144.685498,-36.081801],[144.682496,-36.084961],[144.684781,-36.091486],[144.683907,-36.095138],[144.689084,-36.095472],[144.69256,-36.091303],[144.698026,-36.093525],[144.698353,-36.088033],[144.701103,-36.088167],[144.70614,-36.092915],[144.711636,-36.091424],[144.715127,-36.08629],[144.719473,-36.086166],[144.71966,-36.090451],[144.726029,-36.090635],[144.72335,-36.094586],[144.725231,-36.099048],[144.719131,-36.10068],[144.719654,-36.106414],[144.717616,-36.112711],[144.723285,-36.114126],[144.726379,-36.117781],[144.732585,-36.117169],[144.735147,-36.115379],[144.731302,-36.112341],[144.740347,-36.107572],[144.743365,-36.108846],[144.744794,-36.116363],[144.747587,-36.121229],[144.754491,-36.122242],[144.757281,-36.118689],[144.764132,-36.119611],[144.768505,-36.115816],[144.773574,-36.120814],[144.77345,-36.125438],[144.777974,-36.12992],[144.786867,-36.12768],[144.788038,-36.121262],[144.79199,-36.12256],[144.793746,-36.118185],[144.797577,-36.120221],[144.801143,-36.119854],[144.805787,-36.123842],[144.809118,-36.122316],[144.810115,-36.11763],[144.813374,-36.114679],[144.807828,-36.113559],[144.80746,-36.107242],[144.814714,-36.110818],[144.824151,-36.102562],[144.830312,-36.102701],[144.835527,-36.09846],[144.840293,-36.100466],[144.843126,-36.096864],[144.843692,-36.09273],[144.841562,-36.08695],[144.84204,-36.082884],[144.846877,-36.081016],[144.85061,-36.081335],[144.849528,-36.076223],[144.847192,-36.073918],[144.849154,-36.071222],[144.852929,-36.074076],[144.85653,-36.072292],[144.853876,-36.069441],[144.855072,-36.066722],[144.860611,-36.06921],[144.863836,-36.068204],[144.86346,-36.059112],[144.866577,-36.059618],[144.874824,-36.057628],[144.885941,-36.061575],[144.888575,-36.063568],[144.900961,-36.063722],[144.905001,-36.061224],[144.907329,-36.063437],[144.913623,-36.063051],[144.922105,-36.065587],[144.932614,-36.067049],[144.937711,-36.069985],[144.936547,-36.075869],[144.94361,-36.079236],[144.946483,-36.082332],[144.951777,-36.082459],[144.953843,-36.079429],[144.964728,-36.079335],[144.973894,-36.076128],[144.976491,-36.073558],[144.982405,-36.071558],[144.98327,-36.068165],[144.986877,-36.064296],[144.985932,-36.056509],[144.984054,-36.054846],[144.982057,-36.048278],[144.972598,-36.045315],[144.967808,-36.042078],[144.965531,-36.036983],[144.966702,-36.032892],[144.965802,-36.028631],[144.962244,-36.026714],[144.962051,-36.019148],[144.95417,-36.018383],[144.953958,-36.016398],[144.946338,-36.012795],[144.947064,-36.007038],[144.943095,-36.002247],[144.936221,-35.999542],[144.932101,-35.995169],[144.931384,-35.992225],[144.923615,-35.988951],[144.924044,-35.981399],[144.926256,-35.97377],[144.930904,-35.968554],[144.9368,-35.966183],[144.941531,-35.966787],[144.945389,-35.963164],[144.950066,-35.963423],[144.956823,-35.961757],[144.957455,-35.957828],[144.95399,-35.952494],[144.955293,-35.946612],[144.950085,-35.940166],[144.951048,-35.93437],[144.949012,-35.931998],[144.950012,-35.926375],[144.952033,-35.924233],[144.952877,-35.916534],[144.959047,-35.91132],[144.960997,-35.911862],[144.96502,-35.905563],[144.967015,-35.90034],[144.964745,-35.895903],[144.968267,-35.891513],[144.97315,-35.887771],[144.975,-35.883433],[144.97013,-35.879193],[144.971516,-35.872432],[144.968899,-35.870538],[144.968178,-35.865842],[144.971073,-35.860927],[144.9759,-35.860644],[144.979344,-35.858355],[144.987772,-35.857565],[144.998673,-35.855006],[145.003671,-35.851398],[145.00569,-35.855567],[145.013549,-35.857639],[145.020321,-35.856001],[145.022841,-35.853404],[145.024576,-35.84713],[145.030044,-35.84956],[145.036191,-35.846958],[145.037838,-35.844371],[145.047102,-35.837093],[145.052211,-35.838858],[145.054407,-35.835241],[145.061056,-35.837309],[145.069006,-35.835033],[145.073233,-35.830912],[145.072861,-35.827757],[145.08571,-35.827426],[145.092015,-35.826098],[145.094432,-35.831772],[145.098615,-35.8284],[145.103985,-35.828553],[145.113923,-35.820588],[145.116798,-35.825591],[145.120754,-35.820821],[145.124186,-35.829454],[145.134229,-35.827607],[145.134639,-35.832685],[145.138358,-35.833622],[145.140774,-35.828818],[145.14385,-35.832192],[145.148408,-35.833575],[145.1542,-35.830432],[145.159381,-35.8313],[145.157502,-35.838108],[145.152942,-35.841248],[145.163607,-35.842937],[145.168353,-35.842476],[145.171429,-35.838809],[145.179221,-35.841764],[145.182368,-35.840651],[145.18282,-35.835103],[145.190897,-35.834702],[145.192777,-35.837534],[145.199691,-35.835066],[145.20477,-35.837621],[145.213105,-35.835798],[145.217093,-35.837391],[145.215925,-35.841423],[145.22276,-35.84244],[145.224365,-35.839599],[145.220741,-35.837341],[145.224446,-35.832689],[145.229136,-35.833347],[145.234768,-35.829762],[145.240722,-35.833643],[145.246515,-35.830412],[145.252959,-35.83502],[145.260798,-35.835587],[145.259612,-35.839298],[145.264067,-35.842529],[145.257719,-35.848608],[145.265893,-35.852551],[145.267934,-35.851893],[145.271516,-35.845274],[145.276887,-35.848756],[145.278659,-35.853356],[145.284146,-35.856572],[145.291736,-35.853838],[145.292734,-35.857974],[145.296851,-35.860533],[145.301889,-35.858504],[145.309999,-35.859867],[145.312788,-35.855422],[145.318044,-35.855007],[145.324756,-35.850767],[145.327473,-35.853619],[145.332877,-35.854801],[145.335411,-35.85807],[145.341486,-35.862384],[145.3479,-35.860312],[145.350668,-35.861149],[145.352396,-35.865795],[145.358171,-35.86601],[145.360501,-35.86127],[145.36997,-35.858307],[145.374558,-35.859522],[145.378314,-35.858],[145.380527,-35.854551],[145.38715,-35.850142],[145.392047,-35.850714],[145.39795,-35.849674],[145.40436,-35.850853],[145.411,-35.848346],[145.410912,-35.839245],[145.41278,-35.830545],[145.417937,-35.830855],[145.419874,-35.828174],[145.424978,-35.828741],[145.426678,-35.832414],[145.431947,-35.833395],[145.436677,-35.829864],[145.439025,-35.834721],[145.442293,-35.835642],[145.447562,-35.831261],[145.448165,-35.82614],[145.450332,-35.821679],[145.46021,-35.827213],[145.464366,-35.825228],[145.464542,-35.821347],[145.469149,-35.817293],[145.46774,-35.814493],[145.471521,-35.811322],[145.477656,-35.810841],[145.483759,-35.81379],[145.487716,-35.812554],[145.490195,-35.81472],[145.494301,-35.813982],[145.49456,-35.810199],[145.503544,-35.809894],[145.506547,-35.812032],[145.512348,-35.812563],[145.512749,-35.815381],[145.521322,-35.818651],[145.523669,-35.813839],[145.527842,-35.811997],[145.526667,-35.808511],[145.53239,-35.804859],[145.536229,-35.808512],[145.541896,-35.809094],[145.536897,-35.816138],[145.536673,-35.819912],[145.542635,-35.821364],[145.544797,-35.815125],[145.548315,-35.812769],[145.554712,-35.814667],[145.562268,-35.813018],[145.562841,-35.816217],[145.557993,-35.81742],[145.557159,-35.820079],[145.559486,-35.823614],[145.557997,-35.82823],[145.565326,-35.825757],[145.567528,-35.827668],[145.563703,-35.831634],[145.563902,-35.83409],[145.569281,-35.83419],[145.571208,-35.837224],[145.574532,-35.837714],[145.577066,-35.842766],[145.582401,-35.848499],[145.592459,-35.84886],[145.593727,-35.851058],[145.591998,-35.856167],[145.58815,-35.857736],[145.588695,-35.862565],[145.596751,-35.861037],[145.598046,-35.862972],[145.595209,-35.867483],[145.595681,-35.870265],[145.601134,-35.875008],[145.603134,-35.867783],[145.608492,-35.870432],[145.611026,-35.869948],[145.614021,-35.865881],[145.624984,-35.862165],[145.628623,-35.86566],[145.627327,-35.868241],[145.619259,-35.869105],[145.614857,-35.87257],[145.618948,-35.875566],[145.622445,-35.87319],[145.628254,-35.876105],[145.620903,-35.880357],[145.620419,-35.884012],[145.62532,-35.883103],[145.629362,-35.879994],[145.632214,-35.888654],[145.636779,-35.88931],[145.641602,-35.894901],[145.647712,-35.893338],[145.650365,-35.898903],[145.655864,-35.900047],[145.658834,-35.902649],[145.661528,-35.912416],[145.667159,-35.912325],[145.668354,-35.918415],[145.6712,-35.919844],[145.676304,-35.916862],[145.677684,-35.920501],[145.674579,-35.921928],[145.674311,-35.926063],[145.678332,-35.926179],[145.680461,-35.928826],[145.685362,-35.930691],[145.686245,-35.925598],[145.688437,-35.923107],[145.695629,-35.920472],[145.697709,-35.92474],[145.695503,-35.926772],[145.69762,-35.930167],[145.69617,-35.934082],[145.700168,-35.937028],[145.706457,-35.932092],[145.713028,-35.936986],[145.721456,-35.935382],[145.726354,-35.942402],[145.725149,-35.94632],[145.718787,-35.944233],[145.715669,-35.947806],[145.716211,-35.950137],[145.726182,-35.953832],[145.730029,-35.951087],[145.733499,-35.951097],[145.736799,-35.954819],[145.730746,-35.957631],[145.733785,-35.96035],[145.743807,-35.959058],[145.743607,-35.962572],[145.746964,-35.964157],[145.75417,-35.96135],[145.756865,-35.958347],[145.762958,-35.961448],[145.763966,-35.965349],[145.76852,-35.96299],[145.772069,-35.963001],[145.778211,-35.960243],[145.78139,-35.96379],[145.778544,-35.967464],[145.776883,-35.972441],[145.784551,-35.971989],[145.786863,-35.974816],[145.792543,-35.977135],[145.793445,-35.982817],[145.808444,-35.984416],[145.806732,-35.988554],[145.812159,-35.991838],[145.816673,-35.988409],[145.811375,-35.984142],[145.81891,-35.982489],[145.824936,-35.984672],[145.828975,-35.98205],[145.824932,-35.979772],[145.827294,-35.975554],[145.835552,-35.976742],[145.836835,-35.983011],[145.844261,-35.983005],[145.848767,-35.978889],[145.844438,-35.975035],[145.848273,-35.972963],[145.853802,-35.976609],[145.859319,-35.974104],[145.859313,-35.971565],[145.848997,-35.969258],[145.854059,-35.964872],[145.852604,-35.96163],[145.855007,-35.959644],[145.860028,-35.96069],[145.870564,-35.955475],[145.876365,-35.955343],[145.879855,-35.957725],[145.885268,-35.955358],[145.891406,-35.956479],[145.894427,-35.953249],[145.902693,-35.952496],[145.908007,-35.953565],[145.908792,-35.958404],[145.900756,-35.961529],[145.904901,-35.964073],[145.915086,-35.968],[145.914889,-35.964542],[145.924338,-35.964288],[145.928216,-35.967636],[145.925343,-35.972424],[145.934624,-35.972692],[145.943577,-35.962816],[145.946074,-35.961334],[145.953087,-35.961134],[145.954409,-35.964623],[145.949002,-35.964605],[145.944401,-35.966444],[145.945218,-35.969794],[145.949311,-35.972308],[145.951491,-35.976571],[145.946147,-35.978718],[145.945958,-35.98324],[145.952171,-35.983599],[145.952764,-35.991863],[145.956361,-35.992697],[145.965009,-35.997503],[145.958409,-36.003981],[145.958683,-36.007661],[145.963347,-36.009],[145.967772,-36.005838],[145.97347,-36.007933],[145.969435,-36.013551],[145.97495,-36.013617],[145.975247,-36.009205],[145.98171,-36.011727],[145.989126,-36.013079],[146.001578,-36.008323],[146.005586,-36.002956],[146.014938,-36.005638],[146.021476,-36.000952],[146.023194,-35.998354],[146.032803,-35.994774],[146.036823,-35.999752],[146.043409,-35.999803],[146.048697,-36.002754],[146.056473,-35.999053],[146.058264,-36.011437],[146.060989,-36.014779],[146.072251,-36.014668],[146.075314,-36.017425],[146.088934,-36.019177],[146.093631,-36.021107],[146.096499,-36.016365],[146.092491,-36.014034],[146.093935,-36.009533],[146.099298,-36.013214],[146.10282,-36.012387],[146.108589,-36.007092],[146.113961,-36.007842],[146.109486,-36.011498],[146.110467,-36.015653],[146.119575,-36.016948],[146.123474,-36.014242],[146.126284,-36.010152],[146.130664,-36.008464],[146.133753,-36.003114],[146.138056,-36.004928],[146.139913,-36.009528],[146.134274,-36.009043],[146.131658,-36.011874],[146.130925,-36.017748],[146.133666,-36.020629],[146.141778,-36.017379],[146.152858,-36.024578],[146.158062,-36.021996],[146.163159,-36.024548],[146.17416,-36.020339],[146.178454,-36.028844],[146.177951,-36.033848],[146.178902,-36.038441],[146.188553,-36.041524],[146.190551,-36.038465],[146.197693,-36.033722],[146.19958,-36.037408],[146.205872,-36.0389],[146.211296,-36.02922],[146.214134,-36.029579],[146.215943,-36.033769],[146.221822,-36.034896],[146.221503,-36.030249],[146.228287,-36.029034],[146.228357,-36.032812],[146.232084,-36.033175],[146.233893,-36.028502],[146.242797,-36.028965],[146.243328,-36.023545],[146.248725,-36.024491],[146.250213,-36.021446],[146.245707,-36.020722],[146.248205,-36.017166],[146.258132,-36.014781],[146.261824,-36.015796],[146.261381,-36.021468],[146.266508,-36.020938],[146.267735,-36.024594],[146.271977,-36.026795],[146.278784,-36.023625],[146.279108,-36.020433],[146.274546,-36.019791],[146.278828,-36.01582],[146.284815,-36.014183],[146.288112,-36.015143],[146.288925,-36.018309],[146.281611,-36.023974],[146.285089,-36.027797],[146.292405,-36.0252],[146.291746,-36.030244],[146.28636,-36.030307],[146.286937,-36.03383],[146.284107,-36.037848],[146.291167,-36.042055],[146.292818,-36.045707],[146.299882,-36.047795],[146.297393,-36.04021],[146.304145,-36.043411],[146.306881,-36.03984],[146.309649,-36.040162],[146.311921,-36.044874],[146.315709,-36.044399],[146.315336,-36.039202],[146.320554,-36.042667],[146.324083,-36.0417],[146.330536,-36.042257],[146.331356,-36.035631],[146.325803,-36.03367],[146.331484,-36.026583],[146.33777,-36.026311],[146.345942,-36.029299],[146.347608,-36.038915],[146.351917,-36.042506],[146.357774,-36.040748],[146.362033,-36.04346],[146.367258,-36.050392],[146.370813,-36.050553],[146.373571,-36.046835],[146.37901,-36.045844],[146.379781,-36.042361],[146.377277,-36.038121],[146.383324,-36.039196],[146.387672,-36.035514],[146.38561,-36.032228],[146.379752,-36.028389],[146.378588,-36.022517],[146.380402,-36.013244],[146.388472,-36.00709],[146.396962,-36.00817],[146.40005,-36.004219],[146.398029,-35.996626],[146.402395,-35.989204],[146.414321,-35.984741],[146.415716,-35.982588],[146.414345,-35.975453],[146.424421,-35.973203],[146.421627,-35.967109],[146.425428,-35.964049],[146.436691,-35.966927],[146.438615,-35.972807],[146.441803,-35.975846],[146.445926,-35.972948],[146.447387,-35.965619],[146.453757,-35.962167],[146.45652,-35.966485],[146.462117,-35.96621],[146.462568,-35.97068],[146.468304,-35.975045],[146.468471,-35.977474],[146.465118,-35.980779],[146.467358,-35.984165],[146.470938,-35.98188],[146.477313,-35.983718],[146.48064,-35.987009],[146.487156,-35.986637],[146.490311,-35.99137],[146.499106,-35.99116],[146.502682,-35.98829],[146.502411,-35.984033],[146.497859,-35.986046],[146.492802,-35.984701],[146.501213,-35.979087],[146.496693,-35.974172],[146.497841,-35.967894],[146.500613,-35.964652],[146.50282,-35.957969],[146.512081,-35.963969],[146.515267,-35.963553],[146.517902,-35.960061],[146.521589,-35.964189],[146.520531,-35.9696],[146.525935,-35.9699],[146.532548,-35.976509],[146.531275,-35.982775],[146.533271,-35.984488],[146.538256,-35.984243],[146.550469,-35.992179],[146.555934,-35.988786],[146.553701,-35.9853],[146.55502,-35.983114],[146.552269,-35.979189],[146.557862,-35.979049],[146.560239,-35.976882],[146.558964,-35.971502],[146.561947,-35.968718],[146.565649,-35.970406],[146.562414,-35.975199],[146.569702,-35.979011],[146.57613,-35.978422],[146.581325,-35.983204],[146.585426,-35.983154],[146.586722,-35.980613],[146.583708,-35.975065],[146.589826,-35.973826],[146.599978,-35.974624],[146.603783,-35.972645],[146.607697,-35.974036],[146.611868,-35.972133],[146.617065,-35.973828],[146.618225,-35.975899],[146.611137,-35.978769],[146.616049,-35.982431],[146.607972,-35.985904],[146.609597,-35.989353],[146.613026,-35.990265],[146.613052,-35.994934],[146.61827,-35.993208],[146.622123,-35.995653],[146.622058,-35.999438],[146.626683,-35.998466],[146.631824,-36.004197],[146.637565,-36.006172],[146.639435,-36.008678],[146.644174,-36.007158],[146.650973,-36.00801],[146.649621,-36.012878],[146.652276,-36.014799],[146.657549,-36.013805],[146.656988,-36.01788],[146.650356,-36.01803],[146.655918,-36.026195],[146.661903,-36.026196],[146.664987,-36.029146],[146.66943,-36.028149],[146.665619,-36.021777],[146.668471,-36.021331],[146.670737,-36.025326],[146.674085,-36.021876],[146.679175,-36.021948],[146.681928,-36.029081],[146.67972,-36.033414],[146.681893,-36.03816],[146.687029,-36.04082],[146.69427,-36.035241],[146.694736,-36.033314],[146.70219,-36.033599],[146.705687,-36.035744],[146.709874,-36.034547],[146.706133,-36.03073],[146.712501,-36.0292],[146.716627,-36.026506],[146.721886,-36.028741],[146.72723,-36.02682],[146.728387,-36.029551],[146.732358,-36.030981],[146.734489,-36.037308],[146.730994,-36.040071],[146.730595,-36.044953],[146.735962,-36.048184],[146.739117,-36.045522],[146.744626,-36.047837],[146.750544,-36.041578],[146.750628,-36.050572],[146.747948,-36.052881],[146.746976,-36.058488],[146.750402,-36.061424],[146.753707,-36.060687],[146.761363,-36.051756],[146.760209,-36.058169],[146.763841,-36.059749],[146.771641,-36.058088],[146.776922,-36.059993],[146.787826,-36.059342],[146.788563,-36.064833],[146.794358,-36.065131],[146.798104,-36.062076],[146.793507,-36.060321],[146.795648,-36.057435],[146.804148,-36.058304],[146.806832,-36.061298],[146.814468,-36.063948],[146.812786,-36.067242],[146.816655,-36.074577],[146.823479,-36.069642],[146.82367,-36.074487],[146.827261,-36.078127],[146.822292,-36.082413],[146.821573,-36.086862],[146.825026,-36.088724],[146.830386,-36.086018],[146.834118,-36.085969],[146.836347,-36.082187],[146.848714,-36.086605],[146.851964,-36.08385],[146.856663,-36.085047],[146.865675,-36.078834],[146.865113,-36.072884],[146.872952,-36.073681],[146.876557,-36.080048],[146.876809,-36.082907],[146.880556,-36.087524],[146.890402,-36.088031],[146.897381,-36.085905],[146.901931,-36.083047],[146.906011,-36.092365],[146.903347,-36.097708],[146.90867,-36.099511],[146.91202,-36.106241],[146.906124,-36.106681],[146.907763,-36.111284],[146.913507,-36.112777],[146.917663,-36.108156],[146.92343,-36.108687],[146.924468,-36.103312],[146.921874,-36.100129],[146.926415,-36.097164],[146.929823,-36.099586],[146.92748,-36.102531],[146.928183,-36.105854],[146.933234,-36.110765],[146.941904,-36.115446],[146.945682,-36.115516],[146.952427,-36.110924],[146.949268,-36.106775],[146.948952,-36.101357],[146.95204,-36.09817],[146.95035,-36.094442],[146.952212,-36.092485],[146.958565,-36.092053],[146.95505,-36.088517],[146.958912,-36.085164],[146.960197,-36.081454],[146.966637,-36.083655],[146.972589,-36.082113],[146.975388,-36.085029],[146.978354,-36.092839],[146.983892,-36.094116],[146.988983,-36.087066],[146.992112,-36.085869],[146.998777,-36.087288],[147.002799,-36.086039],[147.008435,-36.089596],[147.012217,-36.087947],[147.016178,-36.089497],[147.013184,-36.097183],[147.015158,-36.09992],[147.013245,-36.103217],[147.017397,-36.10594],[147.018266,-36.100279],[147.022777,-36.099895],[147.026326,-36.105425],[147.035286,-36.114914],[147.042835,-36.108226],[147.043476,-36.10403],[147.048679,-36.103795],[147.052963,-36.107881],[147.055419,-36.099933],[147.050424,-36.098674],[147.052277,-36.090543],[147.057827,-36.09008],[147.057808,-36.085734],[147.06302,-36.082492],[147.059515,-36.07404],[147.061504,-36.066672],[147.06757,-36.067237],[147.066544,-36.064176],[147.068277,-36.06058],[147.074524,-36.064091],[147.080387,-36.056182],[147.084662,-36.056447],[147.085088,-36.052465],[147.095444,-36.05271],[147.100295,-36.035767],[147.103031,-36.032263],[147.098359,-36.031544],[147.099371,-36.025426],[147.097214,-36.022613],[147.10473,-36.018735],[147.106292,-36.013375],[147.110354,-36.009076],[147.11628,-36.007635],[147.113583,-36.000574],[147.116974,-35.998494],[147.119933,-36.000605],[147.123129,-35.997317],[147.126489,-36.005118],[147.125203,-36.008559],[147.128184,-36.011119],[147.127863,-36.018578],[147.130665,-36.019815],[147.130767,-36.023581],[147.137173,-36.028625],[147.14069,-36.028532],[147.144691,-36.031271],[147.14283,-36.035663],[147.145335,-36.0378],[147.149423,-36.031936],[147.154914,-36.035702],[147.161588,-36.031054],[147.183891,-36.038357],[147.187602,-36.038228],[147.187598,-36.042335],[147.191576,-36.044511],[147.195534,-36.043894],[147.204328,-36.049889],[147.207222,-36.050118],[147.215134,-36.046691],[147.220367,-36.04843],[147.226105,-36.047803],[147.231711,-36.042567],[147.239025,-36.043201],[147.242226,-36.03853],[147.250344,-36.041459],[147.263604,-36.039264],[147.267827,-36.039571],[147.280262,-36.043162],[147.285646,-36.039642],[147.2874,-36.0435],[147.290687,-36.042757],[147.300282,-36.045277],[147.303342,-36.051776],[147.306539,-36.053576],[147.306669,-36.05719],[147.311029,-36.061155],[147.31524,-36.059515],[147.312777,-36.052842],[147.318126,-36.054902],[147.318012,-36.060321],[147.329223,-36.054359],[147.331614,-36.047841],[147.333971,-36.046056],[147.343917,-36.042073],[147.346712,-36.03734],[147.352244,-36.032293],[147.351615,-36.028552],[147.346068,-36.024247],[147.34568,-36.018772],[147.348802,-36.013072],[147.354972,-36.010087],[147.355654,-36.004871],[147.353257,-36.000376],[147.360761,-35.988997],[147.36639,-35.986516],[147.374297,-35.979685],[147.376139,-35.97632],[147.383679,-35.972352],[147.391587,-35.97393],[147.391972,-35.969378],[147.388225,-35.963455],[147.392678,-35.962365],[147.392674,-35.959037],[147.388497,-35.95699],[147.392717,-35.95406],[147.39029,-35.949609],[147.395408,-35.949083],[147.404264,-35.943562],[147.408408,-35.948232],[147.415628,-35.947027],[147.421983,-35.948836],[147.431041,-35.952994],[147.435204,-35.95304],[147.440121,-35.95608],[147.443518,-35.955836],[147.44811,-35.960266],[147.453336,-35.960368],[147.456156,-35.957779],[147.454421,-35.951598],[147.458648,-35.947488],[147.464072,-35.944137],[147.478951,-35.942745],[147.481252,-35.949017],[147.488762,-35.948573],[147.491386,-35.944098],[147.494112,-35.943549],[147.498602,-35.946642],[147.501246,-35.950793],[147.504922,-35.9527],[147.50699,-35.958033],[147.511421,-35.962412],[147.51677,-35.959015],[147.523228,-35.961389],[147.525458,-35.965096],[147.521288,-35.967107],[147.519527,-35.971021],[147.514888,-35.97664],[147.520374,-35.980535],[147.519533,-35.983213],[147.522248,-35.987369],[147.5272,-35.986635],[147.531096,-35.990292],[147.537527,-35.994198],[147.546545,-35.997359],[147.548831,-36.003354],[147.555245,-36.00321],[147.561887,-35.998457],[147.569282,-35.991339],[147.576967,-35.989586],[147.583884,-35.985671],[147.582785,-35.979691],[147.580299,-35.97776],[147.565216,-35.978528],[147.559387,-35.972578],[147.548154,-35.978804],[147.547583,-35.974567],[147.551763,-35.970571],[147.552746,-35.966764],[147.563887,-35.969858],[147.570316,-35.969026],[147.577994,-35.970566],[147.582327,-35.967786],[147.591893,-35.969859],[147.596376,-35.976038],[147.600679,-35.97909],[147.605459,-35.977375],[147.62011,-35.967779],[147.625514,-35.965325],[147.631165,-35.964373],[147.638341,-35.961611],[147.64201,-35.95312],[147.642289,-35.949978],[147.646777,-35.946008],[147.653714,-35.944149],[147.664558,-35.943702],[147.672293,-35.94253],[147.674763,-35.944595],[147.682086,-35.942566],[147.686607,-35.938672],[147.690258,-35.93753]]]},"bbox":[141.001718,-36.12992,147.897578,-32.671254]},
{"properties":{"electorateShortName":"fowler","electorateName":"Fowler","area":60.354186,"state":"NSW"},"type":"Feature","geometry":{"type":"Polygon","coordinates":[[[150.985518,-33.870492],[150.969905,-33.868426],[150.963891,-33.869157],[150.959541,-33.881462],[150.945003,-33.885677],[150.942666,-33.882881],[150.935612,-33.882234],[150.925953,-33.874439],[150.922366,-33.875644],[150.916567,-33.874458],[150.918291,-33.865227],[150.916357,-33.858883],[150.891835,-33.855855],[150.892601,-33.852242],[150.886286,-33.853183],[150.875878,-33.852024],[150.871953,-33.862241],[150.869703,-33.865388],[150.853667,-33.863161],[150.852379,-33.869654],[150.845364,-33.874223],[150.843477,-33.877197],[150.852466,-33.883538],[150.865039,-33.883457],[150.875316,-33.887385],[150.881878,-33.888583],[150.888631,-33.89274],[150.894981,-33.898969],[150.900437,-33.910452],[150.904129,-33.915252],[150.905114,-33.921293],[150.901259,-33.921874],[150.90002,-33.92656],[150.906407,-33.92742],[150.904291,-33.938185],[150.910119,-33.937635],[150.918927,-33.939096],[150.924957,-33.93213],[150.928113,-33.926893],[150.936296,-33.929969],[150.942506,-33.929262],[150.968845,-33.928482],[150.968598,-33.931074],[150.978874,-33.927779],[150.975302,-33.922424],[150.973705,-33.916751],[150.974423,-33.911338],[150.979445,-33.906353],[150.968663,-33.896735],[150.969885,-33.888876],[150.973326,-33.889429],[150.978005,-33.881016],[150.985518,-33.870492]]]},"bbox":[150.843477,-33.939096,150.985518,-33.852024]},
{"properties":{"electorateShortName":"gilmore","electorateName":"Gilmore","area":6341.700118,"state":"NSW"},"type":"Feature","geometry":{"type":"Polygon","coordinates":[[[150.134459,-36.066015],[150.13256,-36.082401],[150.13396,-36.090214],[150.137539,-36.097026],[150.136469,-36.101323],[150.138333,-36.103503],[150.13455,-36.106223],[150.128798,-36.119013],[150.124678,-36.137445],[150.124402,-36.147429],[150.12512275482607,-36.1561757526425],[150.13100210550542,-36.156888861496164],[150.148148283304,-36.15505075496192],[150.1644192045554,-36.15153829887271],[150.18525125139092,-36.14245614793354],[150.19995930335108,-36.132284334580035],[150.2123659027386,-36.11940532565086],[150.2219812299956,-36.10432759169972],[150.22450190968038,-36.098287197737356],[150.2312197429336,-36.08119438299286],[150.23300939552018,-36.07077225070443],[150.23919874765284,-36.06330334324702],[150.2476458335504,-36.04760117473377],[150.25283166569452,-36.030541910354785],[150.25455270890868,-36.01279509750193],[150.2535064225261,-36.002548913737826],[150.25430483032181,-35.99563751109592],[150.2531277224292,-35.97899651352823],[150.24951306952335,-35.96520044682325],[150.24992676704875,-35.94581979873684],[150.25101951610176,-35.939238229844975],[150.2506843798072,-35.92782528494971],[150.25506196999507,-35.92384211625189],[150.26551806207215,-35.92098589601487],[150.281125754436,-35.91324237674375],[150.29538102920816,-35.90243964614954],[150.30718103880133,-35.88962065191807],[150.31628994564682,-35.87476822263578],[150.3223663717122,-35.85843898855157],[150.32518258842265,-35.84124492670031],[150.3250476773849,-35.83696967675067],[150.32725185373965,-35.82337987387798],[150.32684660208355,-35.81245359735795],[150.33813156511226,-35.79792134811019],[150.34582105900984,-35.78249337216843],[150.34660846664727,-35.77965432173929],[150.35437140139882,-35.76888816176963],[150.35720726851352,-35.76276903697034],[150.3653886931295,-35.75511673577886],[150.37893173864376,-35.73959593768797],[150.3880850829024,-35.72421579391748],[150.39718073062303,-35.69760561517292],[150.40573021161603,-35.688813657964694],[150.41542320612828,-35.673763698668076],[150.42194582022236,-35.657093038128544],[150.42440612070624,-35.64773157285101],[150.43447256560162,-35.640896904755614],[150.44188098466907,-35.633351233241726],[150.45028562643043,-35.62661942820206],[150.46229429312507,-35.6118869099748],[150.4695815564548,-35.60681821840727],[150.4827155146378,-35.59659918490668],[150.4937435260147,-35.58413674259749],[150.5022885558062,-35.5698569677708],[150.50805845946226,-35.554248069185746],[150.51085597074174,-35.53784369678447],[150.51058544601392,-35.52120469682623],[150.5100374460139,-35.51618969682623],[150.50623710671704,-35.49837711044766],[150.49931239843232,-35.48257108939416],[150.5123425636515,-35.47078921976891],[150.52398774277077,-35.45667219235391],[150.5279072527014,-35.44925351383954],[150.54191808464492,-35.441801087041206],[150.5550981716428,-35.431208009670996],[150.56606418161238,-35.41833654484406],[150.57442901713446,-35.403641052061154],[150.57989740159968,-35.38764027855534],[150.58227630239912,-35.3708990476439],[150.58148174492746,-35.35400832060603],[150.57789973350938,-35.33905831592088],[150.5824885016582,-35.33516496610128],[150.58842142258248,-35.327610993496045],[150.60389439786317,-35.31683834391094],[150.61511133582152,-35.30494958922496],[150.6247980673074,-35.28969518146345],[150.63123455938543,-35.27397054571478],[150.63189562819608,-35.27376237545618],[150.6478424822623,-35.26487911879944],[150.66166887989368,-35.252960849966385],[150.6728060365423,-35.2384978577026],[150.67859011461948,-35.22711073597028],[150.69064909239904,-35.21934945751512],[150.69928765998722,-35.21215239984758],[150.71467705679473,-35.211914625424754],[150.73266206800056,-35.20733327566263],[150.7483664938129,-35.19975978392384],[150.76231595921524,-35.18930037752569],[150.77223690471553,-35.17828983990337],[150.78907496122798,-35.18279375891207],[150.81024780570127,-35.184259526626256],[150.8275468520036,-35.18177618111548],[150.84403981074553,-35.175996361063554],[150.85910478741337,-35.167138004224206],[150.86797220771317,-35.15926532829685],[150.87831226011414,-35.15272141893338],[150.89271760823897,-35.14242284990866],[150.9048276443279,-35.12950303549517],[150.91417355363242,-35.11446213931756],[150.92285588455948,-35.096866650427536],[150.92792756786312,-35.0820574131568],[150.9312923478031,-35.06799857730277],[150.9329828541038,-35.050798053372546],[150.9327210116332,-35.04803155323081],[150.93677059045288,-35.03731594221406],[150.9395814002648,-35.01813488448038],[150.93874586420367,-34.999718862012976],[150.93481889798704,-34.98361086087106],[150.9280037706139,-34.96849653642892],[150.92336124902087,-34.96141896313978],[150.91342537205568,-34.94811267994688],[150.9098643720557,-34.94416367994688],[150.89596192525806,-34.931649096027634],[150.87977282400345,-34.9222786190813],[150.87487295659093,-34.920673964207445],[150.8726876275992,-34.90714015021758],[150.86619490840312,-34.890066896828],[150.8593188043138,-34.879260984539584],[150.85575556059553,-34.86692420036947],[150.8697246019203,-34.86068279352597],[150.88411610190704,-34.850484626490804],[150.8962421604682,-34.837675388163824],[150.9056370203611,-34.82274707645958],[150.91193982863282,-34.80627308208553],[150.91255372730697,-34.802677595929254],[150.91827653952663,-34.79321561705735],[150.92433233763643,-34.7763250946523],[150.92578294559422,-34.766360020740954],[150.9325611827398,-34.75294391552106],[150.93855714942396,-34.736725859041535],[150.93895341094847,-34.734296747204034],[150.94687748342344,-34.71488421703995],[150.9502502457435,-34.698649646057],[150.9515828533481,-34.695126663680654],[150.9544886195812,-34.67783178270332],[150.9540620539346,-34.662978086127396],[150.9549413409109,-34.65870379809567],[150.95520441642608,-34.641877853728495],[150.95233059425067,-34.625297058853754],[150.95070163075783,-34.620954450180655],[150.94856051195183,-34.60755617157033],[150.94277018159045,-34.590533558166655],[150.93371158774386,-34.575001682223686],[150.9198824341908,-34.55893214663108],[150.90617314589778,-34.54486109776329],[150.88973735836967,-34.53409987617505],[150.87697811148612,-34.529282900616266],[150.87465,-34.537108],[150.87474,-34.542994],[150.870405,-34.548696],[150.868387,-34.554754],[150.869874,-34.560796],[150.874975,-34.562027],[150.869083,-34.565824],[150.868446,-34.570207],[150.872651,-34.579571],[150.877301,-34.579955],[150.873518,-34.584325],[150.87492,-34.589021],[150.877948,-34.592013],[150.883188,-34.594173],[150.887699,-34.592982],[150.895775,-34.595011],[150.89835,-34.592647],[150.904456,-34.596968],[150.903023,-34.59893],[150.895521,-34.601241],[150.887547,-34.598338],[150.887429,-34.602735],[150.88117,-34.603855],[150.877248,-34.60675],[150.871488,-34.603859],[150.865212,-34.605193],[150.86594,-34.609905],[150.861583,-34.61038],[150.855549,-34.615623],[150.856553,-34.621279],[150.860886,-34.627883],[150.858721,-34.628075],[150.849196,-34.614642],[150.838414,-34.615208],[150.846324,-34.621915],[150.850047,-34.628296],[150.848929,-34.634094],[150.842437,-34.631564],[150.835945,-34.632892],[150.832741,-34.6389],[150.814947,-34.640819],[150.803508,-34.643238],[150.796939,-34.641425],[150.799275,-34.629579],[150.793003,-34.628734],[150.795873,-34.614609],[150.788127,-34.613501],[150.790387,-34.602184],[150.768286,-34.598949],[150.766636,-34.606761],[150.759991,-34.605954],[150.758131,-34.613022],[150.700452,-34.604969],[150.698591,-34.602595],[150.693815,-34.603805],[150.693134,-34.607265],[150.688417,-34.608446],[150.682659,-34.608085],[150.673899,-34.609849],[150.668884,-34.609586],[150.666625,-34.611709],[150.666991,-34.619261],[150.663307,-34.619229],[150.654761,-34.624469],[150.642787,-34.624886],[150.632739,-34.628836],[150.632351,-34.633934],[150.625441,-34.640944],[150.623283,-34.644297],[150.618401,-34.644202],[150.61136,-34.646171],[150.603458,-34.651838],[150.594113,-34.647513],[150.591921,-34.648857],[150.592084,-34.653436],[150.590467,-34.658718],[150.582947,-34.661687],[150.582243,-34.666894],[150.576376,-34.669631],[150.576726,-34.675565],[150.579305,-34.679885],[150.579649,-34.693488],[150.577055,-34.695536],[150.568456,-34.69652],[150.563762,-34.689596],[150.564494,-34.683637],[150.562498,-34.68215],[150.567558,-34.672992],[150.565491,-34.655824],[150.554802,-34.641431],[150.551189,-34.645957],[150.551332,-34.650166],[150.548328,-34.650451],[150.546392,-34.644113],[150.541561,-34.652083],[150.541627,-34.656924],[150.538386,-34.662078],[150.53054,-34.656811],[150.518632,-34.660928],[150.517303,-34.665117],[150.514208,-34.6644],[150.508381,-34.66671],[150.504252,-34.666829],[150.501543,-34.67056],[150.504882,-34.673788],[150.500771,-34.675258],[150.50076,-34.68022],[150.498253,-34.681892],[150.469216,-34.678192],[150.460509,-34.683897],[150.458384,-34.687224],[150.451792,-34.691769],[150.441824,-34.690164],[150.428757,-34.692942],[150.424871,-34.697373],[150.412497,-34.700494],[150.406826,-34.702856],[150.405418,-34.701217],[150.398433,-34.705382],[150.3892,-34.712859],[150.389584,-34.717155],[150.392186,-34.718132],[150.381867,-34.724658],[150.380106,-34.732592],[150.376874,-34.734441],[150.370862,-34.743955],[150.359622,-34.748225],[150.349408,-34.749115],[150.339148,-34.748716],[150.333587,-34.752323],[150.330255,-34.759229],[150.32664,-34.762522],[150.323026,-34.763504],[150.310168,-34.772091],[150.305563,-34.767266],[150.28782,-34.764691],[150.284211,-34.768017],[150.276501,-34.769241],[150.267865,-34.774374],[150.259739,-34.785546],[150.257641,-34.790168],[150.251182,-34.792236],[150.243494,-34.791523],[150.236136,-34.794164],[150.234577,-34.799697],[150.231571,-34.801705],[150.21836,-34.804617],[150.214706,-34.807754],[150.209564,-34.814495],[150.193709,-34.819725],[150.184216,-34.819659],[150.177659,-34.818223],[150.167396,-34.822181],[150.156572,-34.822593],[150.148277,-34.820338],[150.134084,-34.819608],[150.127115,-34.817387],[150.125367,-34.813475],[150.125277,-34.807969],[150.121431,-34.8037],[150.115468,-34.799362],[150.110133,-34.799142],[150.107134,-34.795418],[150.105446,-34.78885],[150.100097,-34.78621],[150.092258,-34.780547],[150.085992,-34.778201],[150.081419,-34.773718],[150.07625,-34.773529],[150.07422,-34.768097],[150.06787,-34.767167],[150.060478,-34.768306],[150.056201,-34.770454],[150.055134,-34.773662],[150.061307,-34.774481],[150.067381,-34.778912],[150.066872,-34.782762],[150.06334,-34.784775],[150.052921,-34.785142],[150.048584,-34.789406],[150.041993,-34.793191],[150.040306,-34.79555],[150.045378,-34.800689],[150.046692,-34.804662],[150.043816,-34.806397],[150.038337,-34.804863],[150.036388,-34.807472],[150.039497,-34.821622],[150.043756,-34.827779],[150.043161,-34.830863],[150.037447,-34.843872],[150.042188,-34.851413],[150.040608,-34.8602],[150.046168,-34.862722],[150.047397,-34.868763],[150.051559,-34.870293],[150.053563,-34.882432],[150.058519,-34.882233],[150.065262,-34.889651],[150.074352,-34.894842],[150.075703,-34.897556],[150.079661,-34.896507],[150.081471,-34.893829],[150.085969,-34.893131],[150.087646,-34.896227],[150.081677,-34.900108],[150.082016,-34.905845],[150.086993,-34.912088],[150.086015,-34.915013],[150.088242,-34.924887],[150.082656,-34.927977],[150.075565,-34.93373],[150.068376,-34.93595],[150.06773,-34.945405],[150.061109,-34.951154],[150.05552,-34.965285],[150.058914,-34.969725],[150.077951,-34.975538],[150.080025,-34.977187],[150.08569,-34.987732],[150.08431,-34.991209],[150.07045,-35.002117],[150.066042,-35.00462],[150.054126,-35.008042],[150.05191,-35.007276],[150.050664,-35.012655],[150.053885,-35.013622],[150.0526,-35.018163],[150.064212,-35.021789],[150.064098,-35.031142],[150.061611,-35.036075],[150.066822,-35.035528],[150.06753,-35.040616],[150.071444,-35.040034],[150.076088,-35.042905],[150.071681,-35.049501],[150.074115,-35.052122],[150.081114,-35.053802],[150.081781,-35.057131],[150.087768,-35.059964],[150.085833,-35.06393],[150.088819,-35.067617],[150.101512,-35.069977],[150.105934,-35.071545],[150.106058,-35.076327],[150.103221,-35.082239],[150.105474,-35.085594],[150.108607,-35.0844],[150.113612,-35.08856],[150.119234,-35.088688],[150.120387,-35.091647],[150.129401,-35.09779],[150.127215,-35.103463],[150.132332,-35.104664],[150.133266,-35.107805],[150.129059,-35.112935],[150.133658,-35.114022],[150.139542,-35.118163],[150.139419,-35.124415],[150.142638,-35.130457],[150.141061,-35.141315],[150.141643,-35.14446],[150.145783,-35.144809],[150.150828,-35.143184],[150.156757,-35.14631],[150.160378,-35.151311],[150.163546,-35.148796],[150.170401,-35.149334],[150.173089,-35.160376],[150.176049,-35.165561],[150.182266,-35.164932],[150.188669,-35.16602],[150.193169,-35.169544],[150.198531,-35.171151],[150.201781,-35.169704],[150.205102,-35.172363],[150.204361,-35.177503],[150.208014,-35.182605],[150.210567,-35.189933],[150.213873,-35.194079],[150.215661,-35.200984],[150.208838,-35.203691],[150.203359,-35.202835],[150.198725,-35.198883],[150.192057,-35.198515],[150.186318,-35.199841],[150.187963,-35.203164],[150.185575,-35.207877],[150.188506,-35.209069],[150.190467,-35.21591],[150.187801,-35.219063],[150.194985,-35.219216],[150.195924,-35.226487],[150.197489,-35.230222],[150.193655,-35.23286],[150.189408,-35.230412],[150.185247,-35.231557],[150.182887,-35.236339],[150.169962,-35.238724],[150.16752,-35.241216],[150.168741,-35.245646],[150.172095,-35.248615],[150.167727,-35.253149],[150.162041,-35.254636],[150.161001,-35.257476],[150.164432,-35.264452],[150.166889,-35.26644],[150.16437,-35.269778],[150.15594,-35.269053],[150.151921,-35.266784],[150.147838,-35.27008],[150.137678,-35.272912],[150.133541,-35.279441],[150.125283,-35.281961],[150.12103,-35.285714],[150.121069,-35.291332],[150.114848,-35.293761],[150.113762,-35.290943],[150.106111,-35.285018],[150.100387,-35.291565],[150.086777,-35.290821],[150.08258,-35.29272],[150.087254,-35.30093],[150.085367,-35.305263],[150.080905,-35.30421],[150.067782,-35.309166],[150.062927,-35.306383],[150.053093,-35.309068],[150.044663,-35.317827],[150.03804,-35.331635],[150.038004,-35.334237],[150.04258,-35.34172],[150.042132,-35.345622],[150.046721,-35.347397],[150.044039,-35.354695],[150.044911,-35.358536],[150.040325,-35.365771],[150.037118,-35.368601],[150.041795,-35.38008],[150.041141,-35.394143],[150.03819,-35.400093],[150.038056,-35.406213],[150.032974,-35.409895],[150.023195,-35.411063],[150.019891,-35.413282],[150.017923,-35.419233],[150.010876,-35.424016],[150.007436,-35.430683],[150.014081,-35.437419],[150.011202,-35.44145],[150.005378,-35.444573],[150.004259,-35.451109],[150.00586,-35.460507],[150.003983,-35.463062],[150.003473,-35.471765],[149.998742,-35.478744],[149.97779,-35.489955],[149.976779,-35.49283],[149.980428,-35.498534],[149.978696,-35.502628],[149.97505,-35.502973],[149.970396,-35.500581],[149.964045,-35.500787],[149.957434,-35.53073],[149.949323,-35.529432],[149.948148,-35.537659],[149.95134,-35.542496],[149.949281,-35.5498],[149.949419,-35.553218],[149.94285,-35.553309],[149.941329,-35.560716],[149.94824,-35.561737],[149.945965,-35.565714],[149.936133,-35.561516],[149.929853,-35.565592],[149.93093,-35.571775],[149.929019,-35.578612],[149.931649,-35.585995],[149.936329,-35.59496],[149.933371,-35.601818],[149.934096,-35.61165],[149.927372,-35.613891],[149.921992,-35.618577],[149.920079,-35.623145],[149.922055,-35.634334],[149.915654,-35.63802],[149.908399,-35.637019],[149.890393,-35.666336],[149.875458,-35.688275],[149.861464,-35.711407],[149.862615,-35.713806],[149.856847,-35.719476],[149.851564,-35.718883],[149.84929,-35.714841],[149.845995,-35.717459],[149.840917,-35.7148],[149.838349,-35.718662],[149.838721,-35.723793],[149.830246,-35.721324],[149.829816,-35.725133],[149.825287,-35.728889],[149.822735,-35.734519],[149.818132,-35.733504],[149.814402,-35.7363],[149.818138,-35.739615],[149.820648,-35.745059],[149.817356,-35.749602],[149.817232,-35.753041],[149.824958,-35.763239],[149.826941,-35.778131],[149.837634,-35.786406],[149.859796,-35.795142],[149.855705,-35.809015],[149.966665,-36.010489],[149.971933,-36.009169],[149.979138,-36.012518],[149.980512,-36.014521],[149.991548,-36.020286],[149.994146,-36.020303],[150.004167,-36.027329],[150.003422,-36.030681],[150.01502,-36.032365],[150.014268,-36.035793],[150.02196,-36.0369],[150.029338,-36.039609],[150.030846,-36.038177],[150.077283,-36.044959],[150.077553,-36.048786],[150.081813,-36.051748],[150.092496,-36.044878],[150.096901,-36.043794],[150.091525,-36.038628],[150.090099,-36.035022],[150.099874,-36.036144],[150.100498,-36.03196],[150.107741,-36.030665],[150.117828,-36.03359],[150.121046,-36.039327],[150.118163,-36.04139],[150.119587,-36.045055],[150.117882,-36.04803],[150.124223,-36.052462],[150.127726,-36.056991],[150.125174,-36.064673],[150.13116,-36.066889],[150.134459,-36.066015]],[[150.593971,-35.185018],[150.592547,-35.184281],[150.591249,-35.172472],[150.601698,-35.168886],[150.600744,-35.165708],[150.604696,-35.1579],[150.602606,-35.153179],[150.596246,-35.15218],[150.59343,-35.146914],[150.602853,-35.146252],[150.607504,-35.143847],[150.615435,-35.14856],[150.617393,-35.147626],[150.627903,-35.149976],[150.633428,-35.14925],[150.637259,-35.146881],[150.643638,-35.139545],[150.647523,-35.136904],[150.651688,-35.131917],[150.657174,-35.12937],[150.66032,-35.125394],[150.661053,-35.117824],[150.700489,-35.12304],[150.701604,-35.122862],[150.708691,-35.122433],[150.717464,-35.133163],[150.721866,-35.135675],[150.7275,-35.134],[150.730097,-35.135916],[150.738425,-35.137202],[150.741501,-35.135341],[150.7455,-35.13599],[150.753012,-35.124258],[150.755558,-35.123469],[150.760033,-35.125622],[150.764915,-35.124156],[150.765777,-35.127982],[150.763687,-35.133498],[150.764952,-35.139487],[150.762263,-35.143283],[150.7626,-35.152675],[150.758089,-35.15566],[150.760481,-35.16227],[150.7556,-35.170751],[150.751025,-35.170099],[150.746167,-35.175158],[150.741481,-35.175465],[150.737443,-35.180084],[150.730835,-35.178763],[150.731087,-35.1752],[150.724869,-35.172951],[150.720772,-35.178485],[150.710392,-35.185719],[150.707739,-35.19126],[150.695788,-35.200818],[150.691791,-35.197462],[150.69232,-35.194158],[150.695731,-35.190068],[150.694434,-35.186482],[150.696361,-35.182742],[150.693516,-35.181281],[150.695793,-35.177242],[150.689293,-35.17791],[150.688125,-35.175871],[150.691355,-35.172352],[150.68901,-35.169434],[150.682616,-35.165393],[150.678054,-35.167759],[150.671973,-35.163876],[150.667921,-35.163296],[150.663778,-35.165392],[150.661445,-35.163233],[150.654952,-35.163097],[150.632623,-35.166422],[150.608899,-35.173671],[150.60073,-35.178074],[150.593971,-35.185018]],[[150.764849,-35.123697],[150.76441,-35.117686],[150.76831,-35.112335],[150.771491,-35.113781],[150.772826,-35.118347],[150.77131,-35.122583],[150.764849,-35.123697]]]},"bbox":[149.814402,-36.156888861496164,150.95520441642608,-34.529282900616266]},
{"properties":{"electorateShortName":"grayndler","electorateName":"Grayndler","area":32.298702,"state":"NSW"},"type":"Feature","geometry":{"type":"MultiPolygon","coordinates":[[[[151.179039,-33.920542],[151.176697,-33.917844],[151.181261,-33.915908],[151.181554,-33.906851],[151.176072,-33.897513],[151.171947,-33.894771],[151.173136,-33.887914],[151.17654,-33.886821],[151.175265,-33.883008],[151.176844,-33.878278],[151.174994,-33.875612],[151.17558,-33.871593],[151.185222,-33.869707],[151.188947,-33.864133],[151.193246,-33.861],[151.198189,-33.86109],[151.197663,-33.856925],[151.194129,-33.853752],[151.195942,-33.849776],[151.191549,-33.84953],[151.187207,-33.844913],[151.182761,-33.844215],[151.173688,-33.844691],[151.16194,-33.846754],[151.159279,-33.845383],[151.156733,-33.847552],[151.164849,-33.855249],[151.160927,-33.858238],[151.156706,-33.857548],[151.149639,-33.862113],[151.144478,-33.863224],[151.14661,-33.866646],[151.141704,-33.868351],[151.142072,-33.87042],[151.136977,-33.873142],[151.12769,-33.874243],[151.129642,-33.876961],[151.122424,-33.880907],[151.117504,-33.888516],[151.122645,-33.887694],[151.127833,-33.890198],[151.132299,-33.88981],[151.13201,-33.900908],[151.12595,-33.907561],[151.119054,-33.9122],[151.122132,-33.91316],[151.128422,-33.912171],[151.133864,-33.909449],[151.147941,-33.911488],[151.153244,-33.913783],[151.162196,-33.916147],[151.164642,-33.915716],[151.16932,-33.921334],[151.17424,-33.924966],[151.179039,-33.920542]]],[[[151.282691,-33.877446],[151.28560126756054,-33.88261092565218],[151.28837102221425,-33.86699573679018],[151.2883569189781,-33.85113681295732],[151.28555939575878,-33.835526575038735],[151.2840225570357,-33.831365127803046],[151.280955,-33.832769],[151.287848,-33.850202],[151.286273,-33.852492],[151.286331,-33.857691],[151.282829,-33.862556],[151.28462,-33.873529],[151.282691,-33.877446]]],[[[151.268401,-33.90374],[151.271323888565,-33.913343702926674],[151.2792449590917,-33.900204338748416],[151.282233,-33.890967],[151.274326,-33.893627],[151.27637,-33.898681],[151.270437,-33.90047],[151.268401,-33.90374]]],[[[151.256967,-33.951596],[151.2618453049141,-33.95562844287872],[151.26274510865744,-33.954122395668435],[151.2642675610576,-33.94979785712946],[151.26456068417792,-33.94915101745726],[151.2646901817057,-33.94859739970967],[151.26871395357324,-33.937167842692695],[151.2711945703441,-33.91936530027112],[151.2713195571536,-33.914230156852454],[151.266539,-33.913935],[151.261402,-33.914886],[151.262888,-33.917735],[151.257682,-33.922042],[151.261377,-33.927516],[151.259779,-33.929651],[151.261772,-33.935191],[151.25946,-33.937314],[151.265693,-33.941447],[151.261745,-33.945022],[151.258558,-33.945658],[151.256967,-33.951596]]]]},"bbox":[151.117504,-33.95562844287872,151.28837102221425,-33.831365127803046]},
{"properties":{"electorateShortName":"greenway","electorateName":"Greenway","area":81.34898,"state":"NSW"},"type":"Feature","geometry":{"type":"Polygon","coordinates":[[[150.966879,-33.781121],[150.960975,-33.773546],[150.957873,-33.762967],[150.950557,-33.749365],[150.945925,-33.73935],[150.926924,-33.696016],[150.916771,-33.683878],[150.910773,-33.674697],[150.903615,-33.670809],[150.900008,-33.666442],[150.894768,-33.6629],[150.884401,-33.660007],[150.87639,-33.659359],[150.87402,-33.656763],[150.866382,-33.652394],[150.85874,-33.646317],[150.851043,-33.650137],[150.853272,-33.663229],[150.856101,-33.666995],[150.860664,-33.679887],[150.87426,-33.704884],[150.876031,-33.712149],[150.881822,-33.722403],[150.890267,-33.732608],[150.898058,-33.738421],[150.900233,-33.741659],[150.900291,-33.746815],[150.904421,-33.758187],[150.906339,-33.765656],[150.905001,-33.767153],[150.901587,-33.776668],[150.896938,-33.797945],[150.906862,-33.801419],[150.915236,-33.802293],[150.930746,-33.805643],[150.937883,-33.808343],[150.94517,-33.809184],[150.952387,-33.811574],[150.955899,-33.801038],[150.952461,-33.7953],[150.95105,-33.786022],[150.94763,-33.780375],[150.951541,-33.777416],[150.95593,-33.780553],[150.960825,-33.779263],[150.966879,-33.781121]]]},"bbox":[150.851043,-33.811574,150.966879,-33.646317]},
{"properties":{"electorateShortName":"hughes","electorateName":"Hughes","area":369.325819,"state":"NSW"},"type":"Feature","geometry":{"type":"Polygon","coordinates":[[[151.066158,-34.172329],[151.063078,-34.17442],[151.060797,-34.178908],[151.057465,-34.178316],[151.054196,-34.180529],[151.054813,-34.185158],[151.044957,-34.186403],[151.038634,-34.194912],[151.0331,-34.196075],[151.025802,-34.202779],[151.021278,-34.204055],[151.012875,-34.213105],[151.01083,-34.218945],[151.004358,-34.220978],[151.000297,-34.226329],[150.993284,-34.227982],[150.987831,-34.232737],[150.985945,-34.236878],[150.977149,-34.245157],[150.9780615587373,-34.24757167232208],[150.9854471097277,-34.251129215869085],[151.00350468660554,-34.255583971259796],[151.04335726088942,-34.26083629706386],[151.06902592625613,-34.262283293944144],[151.08506637994935,-34.26032032438877],[151.10049721485774,-34.255520455829036],[151.1132052397561,-34.250885089626514],[151.12720990690354,-34.24409666322684],[151.14178890690354,-34.235398663226846],[151.14632452649016,-34.23188543789222],[151.1590948454755,-34.224356990822976],[151.18224536004385,-34.209645041886766],[151.19461850984706,-34.198303089406345],[151.20057709875385,-34.19033478214791],[151.20452384396347,-34.188008892205275],[151.21716052782938,-34.176937392205765],[151.22751928885108,-34.163710149051546],[151.23060151184768,-34.157752388698675],[151.23967474191542,-34.14722710224436],[151.24334531661,-34.14052587536147],[151.25226733734507,-34.12673643941649],[151.25914273075745,-34.10805371065732],[151.26174272607477,-34.088316552482624],[151.2605133910816,-34.06679996771934],[151.25592201595578,-34.050120712487036],[151.25315301595577,-34.042871712487035],[151.24470192135783,-34.0261912776622],[151.2349823303141,-34.0141002467306],[151.231926,-34.016739],[151.229852,-34.018881],[151.228577,-34.024599],[151.230295,-34.026401],[151.225423,-34.034278],[151.220659,-34.039339],[151.207359,-34.041497],[151.2032,-34.040228],[151.198776,-34.041682],[151.194148,-34.036629],[151.185918,-34.034563],[151.175625,-34.036214],[151.16529,-34.040893],[151.158281,-34.048053],[151.154915,-34.055118],[151.158404,-34.058437],[151.155472,-34.063918],[151.158344,-34.066813],[151.156756,-34.069717],[151.162586,-34.072444],[151.16051,-34.075264],[151.152001,-34.077811],[151.138089,-34.077436],[151.131975,-34.070467],[151.112757,-34.075693],[151.109651,-34.073495],[151.10208,-34.062586],[151.096354,-34.056368],[151.09131,-34.058669],[151.085982,-34.054818],[151.083351,-34.056809],[151.077908,-34.055864],[151.076868,-34.053482],[151.081535,-34.029246],[151.0889,-34.024013],[151.090216,-34.020882],[151.086129,-34.018754],[151.086583,-34.015869],[151.095557,-34.003737],[151.094428,-33.997849],[151.092083,-33.995127],[151.080661,-33.994598],[151.072604,-33.995809],[151.06871,-33.993352],[151.067007,-33.989799],[151.061371,-33.986662],[151.058495,-33.987158],[151.051917,-33.992936],[151.034708,-33.991575],[151.031947,-33.986737],[151.032892,-33.983676],[151.038301,-33.982693],[151.034746,-33.976646],[151.02582,-33.978006],[151.019352,-33.977704],[151.015684,-33.982013],[151.012091,-33.9836],[151.005926,-33.982542],[151.004223,-33.979367],[150.999173,-33.982904],[150.994113,-33.979049],[150.998147,-33.975126],[150.989722,-33.966439],[150.981151,-33.964915],[150.980309,-33.962183],[150.982912,-33.956534],[150.978183,-33.953001],[150.973804,-33.95208],[150.970677,-33.946946],[150.966197,-33.943616],[150.968617,-33.938203],[150.968598,-33.931074],[150.968845,-33.928482],[150.942506,-33.929262],[150.936296,-33.929969],[150.928113,-33.926893],[150.924957,-33.93213],[150.918927,-33.939096],[150.918707,-33.944131],[150.91359,-33.949984],[150.912247,-33.953938],[150.913392,-33.963395],[150.911225,-33.978407],[150.90782,-33.990355],[150.908956,-33.997838],[150.910927,-34.001743],[150.904901,-34.004121],[150.901501,-34.007225],[150.902115,-34.011389],[150.905814,-34.018428],[150.896934,-34.020821],[150.89274,-34.018835],[150.893475,-34.013376],[150.892281,-34.00558],[150.888529,-34.005539],[150.886767,-34.018949],[150.886112,-34.02867],[150.886657,-34.032115],[150.891967,-34.032905],[150.89534,-34.035267],[150.899819,-34.035805],[150.906602,-34.033483],[150.907863,-34.035331],[150.940791,-34.040033],[150.935653,-34.050016],[150.937129,-34.054401],[150.934371,-34.05897],[150.9375,-34.064653],[150.935688,-34.068506],[150.938057,-34.070833],[150.936889,-34.075705],[150.933466,-34.077926],[150.934247,-34.081178],[150.932289,-34.084641],[150.923393,-34.089694],[150.92531,-34.093351],[150.936595,-34.095129],[150.933527,-34.109405],[150.927994,-34.114037],[150.926025,-34.117511],[150.928999,-34.122366],[150.927288,-34.125861],[150.922684,-34.126427],[150.922732,-34.130009],[150.979838,-34.13847],[150.991098,-34.146037],[151.013652,-34.154531],[151.01874,-34.15589],[151.013982,-34.163035],[151.015917,-34.166444],[151.054478,-34.171526],[151.055163,-34.16772],[151.060833,-34.168514],[151.060313,-34.171458],[151.066158,-34.172329]]]},"bbox":[150.886112,-34.262283293944144,151.26174272607477,-33.926893]},
{"properties":{"electorateShortName":"hume","electorateName":"Hume","area":17239.71943,"state":"NSW"},"type":"Feature","geometry":{"type":"MultiPolygon","coordinates":[[[[150.745677,-34.337416],[150.750861,-34.301926],[150.791745,-34.307086],[150.792833,-34.303348],[150.81676,-34.306375],[150.814347,-34.300539],[150.815836,-34.29591],[150.811371,-34.289812],[150.806647,-34.280748],[150.80519,-34.27134],[150.813978,-34.269334],[150.817033,-34.269794],[150.827281,-34.274914],[150.837176,-34.274533],[150.852796,-34.279952],[150.876359,-34.25966],[150.880814,-34.258531],[150.882626,-34.25154],[150.886336,-34.242763],[150.889033,-34.240975],[150.891911,-34.23611],[150.896399,-34.234309],[150.897192,-34.231486],[150.892079,-34.230081],[150.891466,-34.227428],[150.893582,-34.220879],[150.889819,-34.213375],[150.885075,-34.212096],[150.880375,-34.208383],[150.878853,-34.202859],[150.874471,-34.199772],[150.864676,-34.199541],[150.864127,-34.192991],[150.858638,-34.193599],[150.857477,-34.182493],[150.859442,-34.181408],[150.856023,-34.177722],[150.853664,-34.17844],[150.855005,-34.184149],[150.849112,-34.182158],[150.845685,-34.178846],[150.840897,-34.176524],[150.80168,-34.171223],[150.752063,-34.163864],[150.754651,-34.161765],[150.74978,-34.1521],[150.751811,-34.146559],[150.756249,-34.141331],[150.755208,-34.136126],[150.750125,-34.132286],[150.755903,-34.124778],[150.756578,-34.121342],[150.752606,-34.117205],[150.746224,-34.11676],[150.740117,-34.118417],[150.736991,-34.112839],[150.738141,-34.100236],[150.739641,-34.096436],[150.740982,-34.083295],[150.741876,-34.08075],[150.766419,-34.078065],[150.770918,-34.072706],[150.774704,-34.070286],[150.776453,-34.064377],[150.78131,-34.059891],[150.775776,-34.055088],[150.766987,-34.051773],[150.755737,-34.043571],[150.736004,-34.038057],[150.732107,-34.035322],[150.727056,-34.028023],[150.724028,-34.015587],[150.724148,-34.007897],[150.722812,-34.003788],[150.723491,-33.999417],[150.726044,-33.995256],[150.729742,-33.992387],[150.733179,-33.987647],[150.733699,-33.982187],[150.737368,-33.971098],[150.739889,-33.952152],[150.737154,-33.946808],[150.731767,-33.939866],[150.726542,-33.929623],[150.717315,-33.922383],[150.713746,-33.918749],[150.704789,-33.913048],[150.704974,-33.904262],[150.71223,-33.905219],[150.713543,-33.898289],[150.715087,-33.89792],[150.716249,-33.890416],[150.723427,-33.884988],[150.721313,-33.88256],[150.720908,-33.869416],[150.718105,-33.869001],[150.709284,-33.864782],[150.698269,-33.864047],[150.697679,-33.860238],[150.69215,-33.851548],[150.688377,-33.848169],[150.67834,-33.843112],[150.672337,-33.842403],[150.656267,-33.846744],[150.64115,-33.85362],[150.63203,-33.856514],[150.628607,-33.861964],[150.619973,-33.860986],[150.612801,-33.861848],[150.611755,-33.872054],[150.607147,-33.876195],[150.582552,-33.890941],[150.570001,-33.897066],[150.557209,-33.904856],[150.523615,-33.921497],[150.494532,-33.94966],[150.470564,-33.963447],[150.457422,-33.950937],[150.449691,-33.949012],[150.436642,-33.950538],[150.427624,-33.944076],[150.404275,-33.940691],[150.385992,-33.910944],[150.36882,-33.908175],[150.363137,-33.892891],[150.354984,-33.895353],[150.34683,-33.901405],[150.34263,-33.902841],[150.340653,-33.900687],[150.340777,-33.89566],[150.33843,-33.885095],[150.332376,-33.877094],[150.330523,-33.866016],[150.333241,-33.864477],[150.342012,-33.863657],[150.346954,-33.862221],[150.345224,-33.857912],[150.340998,-33.856488],[150.332307,-33.855843],[150.326633,-33.85673],[150.320188,-33.8536],[150.321056,-33.849302],[150.314386,-33.851526],[150.3116,-33.851148],[150.307928,-33.846295],[150.304233,-33.844842],[150.295824,-33.84793],[150.290642,-33.851765],[150.280855,-33.85066],[150.276238,-33.853552],[150.272107,-33.859509],[150.265332,-33.860257],[150.26485,-33.865542],[150.25306,-33.871987],[150.246584,-33.870384],[150.245148,-33.878267],[150.239802,-33.878817],[150.236463,-33.883629],[150.232966,-33.884501],[150.223906,-33.883026],[150.212998,-33.882277],[150.206974,-33.885348],[150.202321,-33.882731],[150.197074,-33.877805],[150.19308,-33.880259],[150.19069,-33.885525],[150.1871,-33.885071],[150.186093,-33.88118],[150.181229,-33.880897],[150.175867,-33.885675],[150.168571,-33.889053],[150.164375,-33.88628],[150.158872,-33.887926],[150.155908,-33.89309],[150.15919,-33.897393],[150.165731,-33.897578],[150.170067,-33.902425],[150.167983,-33.90839],[150.165069,-33.912438],[150.167857,-33.917479],[150.171258,-33.930008],[150.170603,-33.934342],[150.175229,-33.939044],[150.175556,-33.945178],[150.180295,-33.945486],[150.182435,-33.949829],[150.189058,-33.950622],[150.198189,-33.947053],[150.20331,-33.943765],[150.209977,-33.937432],[150.214763,-33.936359],[150.218789,-33.93844],[150.217023,-33.947822],[150.237709,-33.950503],[150.2412,-33.952033],[150.233312,-33.962149],[150.237149,-33.965495],[150.23206,-33.968057],[150.232185,-33.971347],[150.228302,-33.973867],[150.2285,-33.978685],[150.224083,-33.97956],[150.218349,-33.984343],[150.216575,-33.987399],[150.211503,-33.989305],[150.20883,-33.993733],[150.209036,-33.997793],[150.202381,-34.00043],[150.20097,-34.005271],[150.195137,-34.004846],[150.191469,-34.007278],[150.190457,-34.010309],[150.182957,-34.011889],[150.182957,-34.01632],[150.180917,-34.018312],[150.176441,-34.016306],[150.172111,-34.019967],[150.167102,-34.021341],[150.165229,-34.023469],[150.169252,-34.025815],[150.168322,-34.028017],[150.160802,-34.029807],[150.159586,-34.032551],[150.168228,-34.035244],[150.162069,-34.03771],[150.158392,-34.034637],[150.154833,-34.035129],[150.155174,-34.040843],[150.153086,-34.043159],[150.146985,-34.043032],[150.146672,-34.047677],[150.140766,-34.051246],[150.14339,-34.05818],[150.142743,-34.064131],[150.145254,-34.067646],[150.145656,-34.071363],[150.137161,-34.0743],[150.131673,-34.072795],[150.127682,-34.075596],[150.122806,-34.075625],[150.116706,-34.07814],[150.115857,-34.080292],[150.118481,-34.090976],[150.11487,-34.090432],[150.114984,-34.086259],[150.109,-34.0849],[150.112157,-34.089941],[150.10699,-34.090075],[150.111036,-34.096084],[150.112941,-34.102596],[150.104817,-34.109399],[150.104163,-34.11363],[150.105326,-34.118347],[150.112814,-34.126764],[150.11017,-34.130681],[150.114569,-34.140472],[150.121938,-34.140786],[150.125046,-34.149178],[150.11492,-34.151045],[150.112457,-34.147794],[150.107726,-34.146281],[150.104503,-34.141841],[150.105241,-34.138496],[150.095235,-34.137313],[150.09054,-34.133366],[150.088711,-34.129576],[150.089497,-34.125659],[150.085456,-34.120564],[150.082086,-34.121064],[150.078205,-34.126434],[150.071402,-34.131429],[150.066709,-34.128793],[150.054843,-34.128341],[150.049647,-34.125419],[150.044467,-34.119892],[150.037713,-34.121387],[150.03459,-34.118604],[150.027973,-34.115968],[150.021096,-34.115116],[150.019913,-34.112986],[150.012541,-34.109947],[150.011262,-34.106044],[150.006545,-34.104117],[150.003369,-34.096812],[150.004539,-34.088895],[150.003674,-34.084191],[149.994718,-34.082578],[149.984323,-34.082064],[149.976945,-34.080726],[149.971036,-34.077843],[149.963541,-34.079821],[149.959636,-34.079137],[149.95446,-34.08639],[149.95004,-34.086124],[149.944877,-34.09165],[149.935377,-34.085456],[149.932543,-34.090534],[149.933068,-34.095265],[149.935323,-34.097106],[149.934926,-34.100996],[149.931418,-34.104446],[149.931818,-34.11674],[149.941928,-34.117355],[149.945785,-34.123752],[149.949395,-34.124609],[149.947728,-34.13099],[149.943392,-34.140751],[149.944597,-34.143984],[149.940868,-34.14973],[149.93816,-34.151464],[149.936116,-34.161387],[149.937623,-34.16244],[149.937549,-34.168544],[149.930174,-34.172922],[149.926082,-34.174198],[149.924278,-34.178004],[149.920377,-34.181711],[149.910507,-34.183518],[149.903626,-34.182076],[149.897282,-34.183607],[149.891418,-34.18295],[149.887927,-34.185211],[149.884454,-34.184754],[149.872137,-34.188405],[149.864883,-34.184812],[149.859671,-34.186328],[149.849061,-34.184152],[149.847994,-34.186341],[149.843147,-34.186007],[149.83702,-34.18767],[149.832634,-34.190702],[149.827866,-34.197097],[149.817852,-34.200856],[149.81438,-34.197163],[149.811206,-34.199704],[149.807757,-34.198019],[149.804127,-34.198689],[149.795792,-34.205733],[149.791861,-34.199612],[149.781457,-34.197917],[149.782028,-34.194941],[149.771934,-34.192815],[149.770802,-34.190625],[149.760924,-34.194223],[149.756471,-34.190008],[149.748398,-34.189147],[149.741385,-34.191458],[149.742593,-34.194779],[149.736384,-34.193853],[149.733561,-34.196896],[149.728728,-34.190309],[149.725787,-34.190425],[149.722542,-34.19528],[149.719587,-34.195516],[149.717337,-34.190745],[149.711624,-34.19845],[149.707875,-34.195581],[149.705466,-34.198526],[149.700514,-34.196709],[149.696338,-34.20248],[149.694393,-34.200605],[149.695106,-34.193514],[149.687943,-34.199033],[149.682216,-34.199149],[149.678392,-34.195596],[149.678851,-34.190516],[149.676398,-34.186255],[149.676879,-34.182185],[149.673629,-34.180697],[149.673486,-34.172207],[149.669378,-34.174502],[149.666714,-34.171735],[149.663344,-34.171979],[149.665067,-34.166631],[149.659118,-34.163519],[149.658525,-34.159374],[149.650256,-34.159191],[149.654231,-34.150905],[149.648848,-34.146281],[149.643384,-34.146255],[149.646479,-34.141986],[149.641908,-34.140569],[149.642751,-34.134656],[149.637285,-34.135572],[149.637226,-34.124349],[149.634065,-34.121452],[149.629556,-34.114157],[149.626931,-34.117931],[149.62751,-34.125677],[149.623351,-34.125547],[149.621725,-34.119471],[149.619491,-34.116524],[149.623521,-34.114057],[149.620421,-34.105599],[149.61785,-34.105533],[149.614532,-34.10965],[149.612903,-34.115826],[149.606797,-34.122804],[149.602289,-34.121876],[149.602356,-34.117615],[149.596607,-34.111807],[149.591168,-34.111464],[149.583209,-34.107362],[149.576717,-34.100695],[149.573762,-34.096238],[149.570928,-34.095596],[149.569676,-34.091002],[149.562933,-34.087869],[149.56261,-34.091615],[149.549961,-34.091452],[149.551122,-34.085946],[149.546654,-34.083438],[149.544561,-34.078196],[149.545787,-34.0713],[149.53857,-34.071962],[149.536111,-34.068172],[149.537234,-34.063117],[149.527717,-34.06159],[149.525069,-34.057818],[149.526431,-34.054542],[149.523567,-34.052511],[149.516127,-34.053359],[149.512453,-34.048301],[149.518472,-34.041232],[149.514517,-34.033579],[149.506828,-34.032775],[149.498402,-34.028412],[149.493995,-34.029942],[149.492058,-34.027594],[149.492257,-34.021677],[149.484382,-34.022139],[149.481529,-34.019593],[149.480927,-34.016144],[149.464282,-34.010543],[149.459062,-34.012992],[149.458712,-34.017823],[149.452996,-34.027313],[149.445451,-34.025987],[149.444712,-34.023125],[149.43557,-34.02321],[149.421993,-34.015571],[149.417117,-34.011771],[149.413269,-34.011901],[149.412968,-34.008501],[149.408973,-34.009138],[149.402596,-34.00612],[149.400279,-33.997024],[149.394684,-33.997568],[149.388755,-33.994475],[149.385305,-33.99099],[149.383561,-33.986752],[149.383571,-33.979627],[149.380323,-33.980289],[149.375804,-33.984377],[149.371201,-33.981578],[149.369503,-33.976605],[149.363415,-33.976903],[149.36113,-33.969198],[149.35459,-33.971991],[149.352065,-33.971236],[149.352206,-33.964017],[149.353862,-33.958566],[149.348644,-33.956896],[149.347778,-33.953299],[149.337431,-33.953544],[149.332982,-33.950973],[149.323403,-33.956032],[149.318278,-33.95404],[149.314838,-33.956678],[149.308821,-33.952767],[149.302661,-33.954023],[149.301464,-33.949308],[149.298809,-33.946269],[149.294748,-33.950853],[149.289639,-33.952659],[149.287005,-33.95],[149.279321,-33.948523],[149.274802,-33.955113],[149.274113,-33.959584],[149.266024,-33.960375],[149.263195,-33.963985],[149.257637,-33.963603],[149.254524,-33.966388],[149.250812,-33.966752],[149.243941,-33.969786],[149.237208,-33.967631],[149.232722,-33.968797],[149.232336,-33.971375],[149.236599,-33.976566],[149.232205,-33.977659],[149.230431,-33.974612],[149.225818,-33.972183],[149.226031,-33.966612],[149.216851,-33.964264],[149.215954,-33.967748],[149.210555,-33.971078],[149.207373,-33.968242],[149.202084,-33.969479],[149.200256,-33.975356],[149.1992,-33.983648],[149.190665,-33.984831],[149.179487,-33.984419],[149.171404,-33.975644],[149.166589,-33.978023],[149.164101,-33.976953],[149.163246,-33.97274],[149.160652,-33.969714],[149.154628,-33.968345],[149.150769,-33.965414],[149.144443,-33.957981],[149.146406,-33.954369],[149.143681,-33.951688],[149.140126,-33.945092],[149.145688,-33.939892],[149.153337,-33.93595],[149.155178,-33.92836],[149.148589,-33.918362],[149.147509,-33.914462],[149.13859,-33.91099],[149.137243,-33.909083],[149.139233,-33.904481],[149.136815,-33.901618],[149.130782,-33.90112],[149.131513,-33.895481],[149.129035,-33.893075],[149.119836,-33.887828],[149.116828,-33.894006],[149.104781,-33.894266],[149.10498,-33.899757],[149.097699,-33.900384],[149.096735,-33.907665],[149.092719,-33.910798],[149.082078,-33.91288],[149.079047,-33.910897],[149.078711,-33.9062],[149.069935,-33.898807],[149.074258,-33.895246],[149.072121,-33.892152],[149.066226,-33.892356],[149.054739,-33.902746],[149.054939,-33.90845],[149.050389,-33.913175],[149.04192,-33.910595],[149.033464,-33.911237],[149.02457,-33.91886],[149.025106,-33.93214],[149.016331,-33.934133],[148.999519,-33.928672],[148.996347,-33.926659],[148.98282,-33.924184],[148.979466,-33.925907],[148.97837,-33.932499],[148.977859,-33.942387],[148.980787,-33.94873],[148.97983,-33.951496],[148.973888,-33.952623],[148.969158,-33.958441],[148.968066,-33.967885],[148.966308,-33.970116],[148.956707,-33.971213],[148.942445,-33.969352],[148.93955,-33.972562],[148.940427,-33.978286],[148.934528,-33.982034],[148.928353,-33.981549],[148.920757,-33.973353],[148.916042,-33.970548],[148.907816,-33.975395],[148.90331,-33.974148],[148.898857,-33.968436],[148.891,-33.96474],[148.888211,-33.960481],[148.887968,-33.953657],[148.892056,-33.945389],[148.891223,-33.940383],[148.887426,-33.939191],[148.884141,-33.946849],[148.881073,-33.948019],[148.870473,-33.946538],[148.851359,-33.95185],[148.845268,-33.95101],[148.83478,-33.947159],[148.831737,-33.945283],[148.828955,-33.959581],[148.824669,-33.958953],[148.821514,-33.965832],[148.807928,-33.963928],[148.803995,-33.983898],[148.799235,-33.984887],[148.794615,-33.983616],[148.791016,-33.984653],[148.785451,-33.982508],[148.77555,-33.984322],[148.771101,-33.980906],[148.767364,-33.981956],[148.767696,-33.987328],[148.76584,-33.992361],[148.761864,-33.994885],[148.765323,-34.000588],[148.755159,-34.001026],[148.753714,-34.008953],[148.746214,-34.008019],[148.743717,-34.020724],[148.751755,-34.024396],[148.757375,-34.034334],[148.763135,-34.038251],[148.759101,-34.043659],[148.758879,-34.04894],[148.753191,-34.049515],[148.748025,-34.051823],[148.747691,-34.058888],[148.741793,-34.058146],[148.73922,-34.06989],[148.732223,-34.070052],[148.730955,-34.078698],[148.723502,-34.077804],[148.718179,-34.074003],[148.709251,-34.082028],[148.702353,-34.080325],[148.691121,-34.082889],[148.686901,-34.08213],[148.678966,-34.087271],[148.676053,-34.090549],[148.677137,-34.094223],[148.670473,-34.097246],[148.664574,-34.096758],[148.661493,-34.099385],[148.662874,-34.104871],[148.660417,-34.108169],[148.657543,-34.104621],[148.652185,-34.104421],[148.645477,-34.10725],[148.6407,-34.106448],[148.642699,-34.114031],[148.641949,-34.117538],[148.644862,-34.121679],[148.640911,-34.122401],[148.639355,-34.129568],[148.636918,-34.132945],[148.638421,-34.135285],[148.636239,-34.146204],[148.64747,-34.152303],[148.650244,-34.159455],[148.646055,-34.158886],[148.643315,-34.173061],[148.623227,-34.170549],[148.621345,-34.180966],[148.637209,-34.182941],[148.635776,-34.190572],[148.639727,-34.191139],[148.637667,-34.201843],[148.639322,-34.203419],[148.639325,-34.209029],[148.646816,-34.219585],[148.645927,-34.226313],[148.648395,-34.234098],[148.645619,-34.239749],[148.640997,-34.246103],[148.644233,-34.247105],[148.645351,-34.251831],[148.635493,-34.2703],[148.634378,-34.276297],[148.638006,-34.281135],[148.624655,-34.279378],[148.621234,-34.279516],[148.619166,-34.290268],[148.614328,-34.289907],[148.611634,-34.295222],[148.608795,-34.296204],[148.608096,-34.30067],[148.612971,-34.30723],[148.612417,-34.311602],[148.614834,-34.313419],[148.622108,-34.314407],[148.619707,-34.327135],[148.619653,-34.331736],[148.61662,-34.333202],[148.616157,-34.342405],[148.614465,-34.34574],[148.609093,-34.347076],[148.609878,-34.356317],[148.605707,-34.358184],[148.602896,-34.357133],[148.600886,-34.36192],[148.587836,-34.374192],[148.579944,-34.373337],[148.579212,-34.377187],[148.575908,-34.376774],[148.571959,-34.387418],[148.568246,-34.391194],[148.562193,-34.392098],[148.561102,-34.398173],[148.556689,-34.399686],[148.553622,-34.411429],[148.562472,-34.412935],[148.561374,-34.41844],[148.564342,-34.418828],[148.563134,-34.426282],[148.568604,-34.427014],[148.567707,-34.431637],[148.580291,-34.43329],[148.577935,-34.445442],[148.581678,-34.456342],[148.580569,-34.462064],[148.584624,-34.46354],[148.600505,-34.465634],[148.600806,-34.464041],[148.614761,-34.466248],[148.611512,-34.484097],[148.60954,-34.487082],[148.621525,-34.488135],[148.6194,-34.491774],[148.612588,-34.498893],[148.625248,-34.500532],[148.622292,-34.51628],[148.624148,-34.517183],[148.622363,-34.526737],[148.619591,-34.529463],[148.628393,-34.530615],[148.625773,-34.53707],[148.632483,-34.537907],[148.630683,-34.547524],[148.643665,-34.549215],[148.645796,-34.537961],[148.654308,-34.539066],[148.653642,-34.542419],[148.659342,-34.543154],[148.658655,-34.546762],[148.662976,-34.547332],[148.665609,-34.541305],[148.679933,-34.535667],[148.682171,-34.542394],[148.673796,-34.545762],[148.675488,-34.548673],[148.683231,-34.54556],[148.687418,-34.558816],[148.711456,-34.552726],[148.712758,-34.556723],[148.712207,-34.561493],[148.715577,-34.56601],[148.739266,-34.569299],[148.740638,-34.562549],[148.746525,-34.562124],[148.747743,-34.55628],[148.75315,-34.556979],[148.752443,-34.560372],[148.758011,-34.561145],[148.756339,-34.569841],[148.765482,-34.571121],[148.765765,-34.569676],[148.782707,-34.572021],[148.782994,-34.564745],[148.790218,-34.565724],[148.790734,-34.563426],[148.795827,-34.560991],[148.816691,-34.556561],[148.821465,-34.562091],[148.826389,-34.562539],[148.836765,-34.567907],[148.841763,-34.565863],[148.847302,-34.568959],[148.846452,-34.573973],[148.849339,-34.574906],[148.858788,-34.582884],[148.856558,-34.586955],[148.869806,-34.591688],[148.870751,-34.600384],[148.873679,-34.600757],[148.878981,-34.604378],[148.881849,-34.603956],[148.880909,-34.609846],[148.883994,-34.616351],[148.883988,-34.61902],[148.888352,-34.623188],[148.891848,-34.622015],[148.896235,-34.626294],[148.893593,-34.631422],[148.896038,-34.633107],[148.888827,-34.63805],[148.890888,-34.642618],[148.90471,-34.63903],[148.924608,-34.643614],[148.929158,-34.644239],[148.932576,-34.65164],[148.937213,-34.651106],[148.942223,-34.647129],[148.949465,-34.646075],[148.94143,-34.690136],[148.944741,-34.693061],[148.946035,-34.699818],[148.940842,-34.701563],[148.939011,-34.704652],[148.957215,-34.707201],[148.961164,-34.711034],[148.965506,-34.718286],[148.971577,-34.716269],[148.974667,-34.717272],[148.981567,-34.711572],[148.983209,-34.708432],[148.990355,-34.706223],[148.996591,-34.717839],[149.003265,-34.724338],[149.026008,-34.727587],[149.022017,-34.747903],[149.030505,-34.7515],[149.030998,-34.753805],[149.037599,-34.758318],[149.03459,-34.764119],[149.03802,-34.767398],[149.037062,-34.771721],[149.032756,-34.774052],[149.031491,-34.778288],[149.025608,-34.778924],[149.022826,-34.783287],[149.024952,-34.784625],[149.031289,-34.784366],[149.036055,-34.788792],[149.037627,-34.792696],[149.034583,-34.798012],[149.041259,-34.801639],[149.042771,-34.80393],[149.040023,-34.808806],[149.044631,-34.811195],[149.047901,-34.815181],[149.045969,-34.823242],[149.043337,-34.827568],[149.048088,-34.832092],[149.059486,-34.830765],[149.061071,-34.835233],[149.065381,-34.836587],[149.06763,-34.83959],[149.068216,-34.847093],[149.065016,-34.852583],[149.067924,-34.85524],[149.072032,-34.854928],[149.075955,-34.852642],[149.082406,-34.856682],[149.091341,-34.857806],[149.095327,-34.859785],[149.098235,-34.863488],[149.10763,-34.863839],[149.112521,-34.869339],[149.109465,-34.87119],[149.115334,-34.878846],[149.117381,-34.885079],[149.120476,-34.888003],[149.128592,-34.884743],[149.132614,-34.888994],[149.138015,-34.890718],[149.14676,-34.889051],[149.146046,-34.88188],[149.150538,-34.879803],[149.15492,-34.875745],[149.161198,-34.879803],[149.170288,-34.879733],[149.172792,-34.881252],[149.176455,-34.887268],[149.182133,-34.892721],[149.187082,-34.894461],[149.195048,-34.893774],[149.195755,-34.890319],[149.201517,-34.891113],[149.20538,-34.888468],[149.217649,-34.890161],[149.213361,-34.898693],[149.212222,-34.903544],[149.229734,-34.905379],[149.230481,-34.901653],[149.235362,-34.902307],[149.237049,-34.894039],[149.239889,-34.896236],[149.248785,-34.897454],[149.250875,-34.89033],[149.261849,-34.889804],[149.262664,-34.885594],[149.271021,-34.886695],[149.270499,-34.889335],[149.279035,-34.89052],[149.28129,-34.894576],[149.280662,-34.897791],[149.274807,-34.897013],[149.273731,-34.903453],[149.276972,-34.905874],[149.28144,-34.906481],[149.280448,-34.911674],[149.292661,-34.913241],[149.291635,-34.909969],[149.301395,-34.911267],[149.300419,-34.916326],[149.31436,-34.918337],[149.316295,-34.908195],[149.330592,-34.910041],[149.329664,-34.914888],[149.334325,-34.915478],[149.333235,-34.921191],[149.346363,-34.923049],[149.34248,-34.942726],[149.337986,-34.942248],[149.338366,-34.946362],[149.343016,-34.94584],[149.345349,-34.943343],[149.369176,-34.946872],[149.370168,-34.949408],[149.374646,-34.948756],[149.382166,-34.937968],[149.384157,-34.93664],[149.387354,-34.921548],[149.393865,-34.921608],[149.400345,-34.923734],[149.406554,-34.918697],[149.407938,-34.9226],[149.414126,-34.923576],[149.413142,-34.928204],[149.427775,-34.930593],[149.428791,-34.926166],[149.444698,-34.928437],[149.447813,-34.927857],[149.449441,-34.920368],[149.453442,-34.920119],[149.455029,-34.911692],[149.488522,-34.916068],[149.490968,-34.902197],[149.526448,-34.907917],[149.523761,-34.922769],[149.516138,-34.921784],[149.514457,-34.929954],[149.526364,-34.931517],[149.528381,-34.933534],[149.527085,-34.93912],[149.529877,-34.943207],[149.526831,-34.9592],[149.525023,-34.96227],[149.519035,-34.966166],[149.524764,-34.966939],[149.524719,-34.969679],[149.540809,-34.971939],[149.544916,-34.974683],[149.551228,-34.97557],[149.548596,-34.98195],[149.546882,-34.992774],[149.552373,-34.993686],[149.549266,-35.009234],[149.550501,-35.00942],[149.547597,-35.020766],[149.538247,-35.068569],[149.556431,-35.071133],[149.549942,-35.104291],[149.544605,-35.10353],[149.543104,-35.110805],[149.544239,-35.113521],[149.559783,-35.115521],[149.55739,-35.127253],[149.553418,-35.126683],[149.54921,-35.140522],[149.542379,-35.152437],[149.559962,-35.155006],[149.559086,-35.159258],[149.568913,-35.15984],[149.572481,-35.153518],[149.590986,-35.156745],[149.592862,-35.144816],[149.59953,-35.143706],[149.603524,-35.134462],[149.606787,-35.131381],[149.610955,-35.132977],[149.615332,-35.132384],[149.631398,-35.134542],[149.634835,-35.116915],[149.641284,-35.117742],[149.644878,-35.11452],[149.652766,-35.115632],[149.653111,-35.12359],[149.660656,-35.137933],[149.664058,-35.141339],[149.674392,-35.145719],[149.679343,-35.151135],[149.686074,-35.152693],[149.688576,-35.159],[149.699742,-35.160166],[149.699224,-35.162836],[149.708255,-35.167786],[149.708501,-35.174753],[149.718395,-35.17818],[149.720114,-35.180449],[149.73154,-35.182711],[149.73259,-35.179794],[149.740599,-35.176347],[149.749575,-35.177069],[149.753425,-35.174819],[149.75529,-35.171419],[149.758907,-35.170279],[149.763532,-35.172892],[149.766091,-35.171051],[149.771792,-35.175611],[149.772938,-35.178629],[149.77022,-35.182474],[149.771254,-35.189732],[149.770267,-35.193949],[149.773026,-35.196566],[149.788614,-35.193136],[149.796267,-35.19515],[149.798362,-35.199668],[149.793682,-35.202066],[149.798404,-35.207386],[149.807719,-35.210856],[149.814288,-35.210841],[149.819208,-35.209257],[149.82309,-35.206206],[149.835547,-35.206992],[149.839382,-35.210357],[149.846149,-35.214306],[149.843141,-35.22161],[149.849725,-35.222613],[149.848007,-35.226499],[149.849733,-35.232124],[149.845768,-35.240185],[149.848009,-35.245445],[149.852012,-35.248212],[149.858556,-35.248521],[149.862139,-35.251811],[149.866413,-35.25309],[149.873917,-35.253149],[149.882829,-35.256169],[149.892803,-35.247257],[149.887344,-35.24518],[149.880736,-35.239614],[149.883431,-35.234868],[149.895123,-35.231503],[149.897751,-35.226277],[149.900526,-35.224674],[149.910922,-35.226337],[149.917551,-35.224905],[149.920311,-35.227671],[149.915673,-35.232321],[149.90937,-35.234817],[149.898964,-35.234084],[149.897416,-35.239243],[149.901846,-35.242889],[149.912117,-35.242172],[149.916754,-35.240049],[149.918089,-35.236045],[149.926878,-35.237494],[149.931118,-35.235045],[149.936922,-35.227367],[149.938215,-35.223446],[149.943955,-35.220646],[149.948508,-35.212631],[149.952554,-35.208554],[149.952755,-35.195932],[149.951359,-35.19192],[149.953968,-35.184209],[149.952463,-35.178526],[149.949492,-35.175514],[149.941314,-35.172197],[149.934592,-35.166348],[149.933669,-35.160213],[149.930796,-35.151261],[149.934869,-35.149322],[149.940769,-35.150573],[149.953223,-35.151289],[149.961343,-35.150538],[149.966774,-35.160287],[149.973427,-35.164869],[149.978407,-35.16624],[149.992201,-35.162007],[149.993297,-35.157783],[149.991173,-35.149704],[149.992984,-35.145912],[149.997404,-35.142082],[150.005094,-35.141695],[150.010826,-35.139753],[150.013512,-35.131747],[150.017478,-35.132111],[150.024988,-35.129961],[150.032002,-35.130934],[150.03513,-35.128489],[150.035874,-35.124624],[150.03147,-35.122966],[150.031339,-35.119702],[150.020143,-35.121629],[150.018016,-35.119054],[150.017009,-35.113651],[150.018646,-35.107978],[150.021846,-35.105297],[150.026331,-35.104599],[150.027829,-35.100247],[150.027155,-35.09592],[150.023985,-35.095916],[150.013855,-35.098927],[150.011033,-35.101603],[150.002644,-35.101187],[149.996335,-35.102192],[149.991841,-35.100277],[149.989207,-35.096161],[149.980741,-35.095146],[149.980086,-35.089277],[149.983111,-35.088561],[149.983296,-35.083908],[149.979578,-35.07917],[149.979154,-35.072747],[149.977384,-35.066127],[149.98396,-35.0652],[149.99059,-35.068303],[149.992116,-35.073924],[149.995224,-35.075709],[150.010018,-35.068086],[150.013476,-35.063915],[150.022709,-35.05552],[150.02934,-35.052799],[150.024885,-35.047506],[150.024403,-35.043642],[150.029242,-35.038436],[150.029749,-35.031891],[150.028523,-35.027361],[150.023983,-35.024461],[150.022258,-35.018712],[150.024338,-35.012902],[150.024129,-35.003467],[150.026513,-35.002693],[150.035986,-35.003375],[150.038866,-35.000169],[150.043686,-34.99964],[150.05191,-35.007276],[150.054126,-35.008042],[150.066042,-35.00462],[150.07045,-35.002117],[150.08431,-34.991209],[150.08569,-34.987732],[150.080025,-34.977187],[150.077951,-34.975538],[150.058914,-34.969725],[150.05552,-34.965285],[150.061109,-34.951154],[150.06773,-34.945405],[150.068376,-34.93595],[150.075565,-34.93373],[150.082656,-34.927977],[150.088242,-34.924887],[150.086015,-34.915013],[150.086993,-34.912088],[150.082016,-34.905845],[150.081677,-34.900108],[150.087646,-34.896227],[150.085969,-34.893131],[150.081471,-34.893829],[150.079661,-34.896507],[150.075703,-34.897556],[150.074352,-34.894842],[150.065262,-34.889651],[150.058519,-34.882233],[150.053563,-34.882432],[150.051559,-34.870293],[150.047397,-34.868763],[150.046168,-34.862722],[150.040608,-34.8602],[150.042188,-34.851413],[150.037447,-34.843872],[150.043161,-34.830863],[150.043756,-34.827779],[150.039497,-34.821622],[150.036388,-34.807472],[150.038337,-34.804863],[150.043816,-34.806397],[150.046692,-34.804662],[150.045378,-34.800689],[150.040306,-34.79555],[150.041993,-34.793191],[150.048584,-34.789406],[150.052921,-34.785142],[150.06334,-34.784775],[150.066872,-34.782762],[150.067381,-34.778912],[150.061307,-34.774481],[150.055134,-34.773662],[150.056201,-34.770454],[150.060478,-34.768306],[150.06787,-34.767167],[150.07422,-34.768097],[150.07625,-34.773529],[150.081419,-34.773718],[150.085992,-34.778201],[150.092258,-34.780547],[150.100097,-34.78621],[150.105446,-34.78885],[150.107134,-34.795418],[150.110133,-34.799142],[150.115468,-34.799362],[150.121431,-34.8037],[150.125277,-34.807969],[150.125367,-34.813475],[150.127115,-34.817387],[150.134084,-34.819608],[150.148277,-34.820338],[150.156572,-34.822593],[150.167396,-34.822181],[150.177659,-34.818223],[150.184216,-34.819659],[150.193709,-34.819725],[150.209564,-34.814495],[150.214706,-34.807754],[150.21836,-34.804617],[150.231571,-34.801705],[150.234577,-34.799697],[150.236136,-34.794164],[150.243494,-34.791523],[150.251182,-34.792236],[150.257641,-34.790168],[150.259739,-34.785546],[150.267865,-34.774374],[150.276501,-34.769241],[150.284211,-34.768017],[150.28782,-34.764691],[150.305563,-34.767266],[150.310168,-34.772091],[150.323026,-34.763504],[150.32664,-34.762522],[150.330255,-34.759229],[150.333587,-34.752323],[150.339148,-34.748716],[150.349408,-34.749115],[150.359622,-34.748225],[150.370862,-34.743955],[150.376874,-34.734441],[150.380106,-34.732592],[150.381867,-34.724658],[150.392186,-34.718132],[150.389584,-34.717155],[150.3892,-34.712859],[150.398433,-34.705382],[150.394716,-34.702649],[150.397311,-34.695693],[150.394806,-34.691458],[150.397591,-34.686682],[150.405623,-34.680128],[150.40972,-34.67389],[150.415441,-34.671485],[150.416149,-34.662966],[150.412233,-34.655943],[150.407999,-34.650979],[150.408093,-34.645659],[150.403663,-34.640152],[150.407677,-34.636264],[150.409455,-34.631613],[150.408728,-34.628949],[150.399839,-34.632453],[150.388157,-34.62781],[150.384834,-34.630764],[150.379416,-34.628309],[150.375306,-34.620998],[150.377503,-34.616243],[150.380868,-34.613911],[150.376025,-34.609138],[150.370752,-34.606537],[150.365621,-34.605701],[150.357245,-34.59949],[150.340998,-34.592213],[150.33464,-34.59162],[150.329778,-34.594224],[150.328285,-34.596858],[150.333199,-34.602075],[150.332816,-34.603731],[150.31835,-34.598317],[150.313508,-34.600117],[150.308933,-34.598009],[150.305432,-34.603165],[150.289913,-34.59576],[150.287237,-34.593935],[150.285856,-34.60109],[150.257508,-34.597417],[150.2565,-34.602676],[150.249405,-34.601708],[150.248406,-34.606644],[150.251727,-34.607104],[150.251036,-34.611457],[150.232362,-34.609788],[150.228424,-34.607196],[150.238448,-34.598579],[150.248841,-34.588172],[150.252348,-34.580855],[150.254535,-34.566204],[150.258619,-34.559328],[150.265076,-34.55376],[150.297093,-34.51964],[150.306483,-34.512697],[150.309147,-34.508201],[150.312002,-34.487988],[150.314817,-34.481171],[150.32004,-34.476547],[150.329248,-34.471086],[150.333572,-34.469382],[150.348721,-34.465313],[150.355424,-34.461864],[150.367093,-34.453116],[150.374728,-34.449503],[150.382528,-34.447029],[150.404139,-34.443705],[150.415747,-34.440217],[150.426093,-34.435427],[150.432915,-34.433405],[150.455892,-34.432129],[150.464032,-34.429754],[150.471868,-34.424254],[150.476652,-34.422029],[150.493634,-34.417265],[150.501174,-34.412315],[150.506361,-34.405121],[150.516307,-34.407836],[150.519975,-34.410226],[150.523889,-34.409506],[150.529536,-34.406489],[150.53156,-34.402537],[150.533063,-34.395255],[150.530817,-34.392416],[150.530565,-34.385063],[150.532942,-34.380696],[150.535851,-34.378859],[150.538097,-34.382392],[150.546974,-34.381828],[150.557208,-34.384457],[150.570022,-34.380552],[150.569984,-34.377018],[150.57488,-34.368657],[150.579004,-34.369988],[150.584927,-34.36745],[150.590476,-34.366801],[150.59445,-34.361571],[150.59325,-34.352224],[150.603373,-34.342259],[150.604573,-34.335697],[150.615745,-34.337926],[150.621363,-34.331912],[150.628234,-34.329812],[150.634633,-34.319652],[150.745677,-34.337416]]],[[[150.977149,-34.245157],[150.978717,-34.249306],[150.972696,-34.254842],[150.97369,-34.258473],[150.968054,-34.26256],[150.967967,-34.267245],[150.958781,-34.274473],[150.952639,-34.285],[150.94974,-34.286359],[150.946098,-34.29256],[150.94174,-34.297551],[150.943418,-34.301322],[150.93817,-34.303738],[150.934869,-34.309468],[150.92639,-34.319425],[150.924459,-34.327555],[150.930286,-34.331102],[150.9257,-34.33343],[150.92534417261342,-34.33694557457929],[150.93395318975143,-34.33132050828671],[150.94439653566945,-34.32228635806152],[150.95219117144495,-34.31335161105565],[150.96094939247237,-34.29949829028504],[150.96253642214506,-34.29554106697274],[150.96698658052415,-34.29052609896131],[150.97693122888032,-34.27565158848671],[150.98490141826642,-34.255814612611935],[150.98497841826642,-34.25552861261194],[150.98791760668897,-34.23741745901406],[150.985945,-34.236878],[150.977149,-34.245157]]]]},"bbox":[148.553622,-35.256169,150.98791760668897,-33.842403]},
{"properties":{"electorateShortName":"hunter","electorateName":"Hunter","area":10639.861096,"state":"NSW"},"type":"Feature","geometry":{"type":"MultiPolygon","coordinates":[[[[151.662412,-32.929851],[151.659364,-32.925125],[151.652138,-32.923585],[151.664437,-32.910431],[151.664783,-32.907491],[151.650002,-32.911095],[151.645959,-32.910623],[151.635599,-32.905247],[151.631408,-32.903795],[151.61948,-32.902353],[151.615161,-32.900922],[151.609824,-32.897261],[151.600846,-32.88926],[151.608578,-32.880151],[151.589536,-32.877094],[151.558239,-32.872786],[151.556535,-32.881649],[151.54949,-32.880659],[151.550849,-32.873627],[151.541115,-32.872275],[151.540262,-32.876688],[151.50995,-32.873972],[151.482988,-32.871939],[151.477827,-32.87227],[151.481107,-32.863584],[151.483579,-32.860593],[151.487259,-32.849374],[151.465048,-32.846226],[151.465862,-32.842566],[151.458552,-32.841583],[151.457817,-32.845145],[151.442616,-32.842799],[151.441256,-32.849319],[151.438284,-32.85373],[151.43292,-32.851145],[151.433459,-32.847216],[151.436172,-32.842237],[151.435573,-32.834713],[151.415862,-32.83194],[151.413656,-32.827414],[151.398494,-32.829689],[151.398003,-32.827409],[151.407551,-32.825686],[151.411065,-32.808623],[151.414368,-32.800218],[151.413539,-32.797265],[151.408758,-32.796525],[151.405999,-32.800203],[151.402718,-32.800822],[151.396647,-32.791596],[151.396164,-32.77718],[151.400342,-32.777701],[151.409319,-32.776356],[151.410984,-32.767948],[151.415286,-32.768635],[151.416367,-32.763207],[151.422489,-32.762983],[151.431497,-32.764322],[151.433194,-32.757466],[151.430498,-32.75244],[151.428296,-32.743552],[151.424732,-32.737488],[151.421343,-32.734594],[151.423423,-32.723477],[151.417647,-32.722431],[151.412011,-32.717728],[151.404762,-32.706545],[151.400589,-32.702881],[151.402867,-32.690938],[151.399184,-32.686616],[151.400305,-32.680842],[151.407184,-32.679147],[151.404435,-32.671539],[151.403078,-32.661303],[151.407377,-32.657412],[151.413532,-32.655791],[151.424383,-32.646217],[151.426431,-32.63888],[151.432792,-32.627337],[151.434772,-32.613621],[151.441134,-32.61541],[151.445046,-32.612383],[151.44586,-32.607757],[151.452465,-32.608653],[151.451169,-32.615481],[151.470816,-32.618177],[151.474918,-32.598539],[151.477057,-32.593755],[151.476519,-32.586888],[151.473945,-32.586517],[151.479718,-32.555213],[151.496068,-32.557305],[151.502072,-32.529277],[151.49508,-32.524045],[151.495738,-32.519158],[151.498447,-32.517293],[151.499094,-32.509239],[151.500727,-32.504188],[151.496538,-32.497268],[151.485127,-32.492409],[151.47396,-32.485049],[151.470001,-32.480587],[151.464922,-32.478483],[151.460782,-32.47405],[151.456798,-32.472384],[151.454373,-32.464599],[151.457004,-32.460056],[151.459916,-32.45921],[151.462473,-32.454606],[151.465969,-32.453542],[151.468575,-32.4481],[151.466756,-32.443634],[151.470167,-32.440876],[151.467989,-32.436818],[151.473929,-32.429147],[151.470202,-32.426256],[151.466505,-32.419382],[151.453039,-32.411792],[151.446149,-32.407075],[151.449633,-32.400784],[151.442703,-32.397726],[151.434188,-32.387463],[151.432368,-32.381],[151.428382,-32.376962],[151.428128,-32.370042],[151.421757,-32.368063],[151.422119,-32.362867],[151.417842,-32.357569],[151.413338,-32.356242],[151.410765,-32.349036],[151.401029,-32.345106],[151.395901,-32.339514],[151.393668,-32.325601],[151.382997,-32.324113],[151.383861,-32.319491],[151.389537,-32.320312],[151.39027,-32.315592],[151.380554,-32.314226],[151.377317,-32.306857],[151.376947,-32.302601],[151.371487,-32.291598],[151.361307,-32.289213],[151.358076,-32.285079],[151.355472,-32.284239],[151.354043,-32.27677],[151.348607,-32.27612],[151.342282,-32.268103],[151.339355,-32.261983],[151.341288,-32.259349],[151.34021,-32.255144],[151.342958,-32.249068],[151.33995,-32.239158],[151.33714,-32.237322],[151.338004,-32.233566],[151.342116,-32.226661],[151.340293,-32.224233],[151.348126,-32.219062],[151.350679,-32.213576],[151.34836,-32.211398],[151.348728,-32.203724],[151.345404,-32.198811],[151.346671,-32.195793],[151.343636,-32.192718],[151.345197,-32.186787],[151.34264,-32.176516],[151.335064,-32.173165],[151.327214,-32.171672],[151.327558,-32.154221],[151.321493,-32.150159],[151.315448,-32.143502],[151.312956,-32.139322],[151.309698,-32.138984],[151.307686,-32.142392],[151.307236,-32.147613],[151.302447,-32.154043],[151.302543,-32.156814],[151.298975,-32.162671],[151.296656,-32.164173],[151.294798,-32.169629],[151.285015,-32.17876],[151.27646,-32.180617],[151.271239,-32.183211],[151.268371,-32.187475],[151.264351,-32.189801],[151.254664,-32.20045],[151.251788,-32.201318],[151.246256,-32.209568],[151.238403,-32.207745],[151.230916,-32.209607],[151.226163,-32.211824],[151.222955,-32.217273],[151.217578,-32.215945],[151.215261,-32.218238],[151.208815,-32.220166],[151.207227,-32.224839],[151.201036,-32.227704],[151.200324,-32.232528],[151.196823,-32.23366],[151.190637,-32.231647],[151.186215,-32.228198],[151.184688,-32.223143],[151.174018,-32.211807],[151.168509,-32.21249],[151.159047,-32.211093],[151.160382,-32.204603],[151.153917,-32.203639],[151.154761,-32.199338],[151.14806,-32.198294],[151.147205,-32.202451],[151.139695,-32.201334],[151.140573,-32.197129],[151.118349,-32.193692],[151.114224,-32.195095],[151.111567,-32.188969],[151.101957,-32.184399],[151.101009,-32.178657],[151.079708,-32.175413],[151.080567,-32.171407],[151.066043,-32.165754],[151.057975,-32.169714],[151.057533,-32.171948],[151.046117,-32.170195],[151.044722,-32.177354],[151.04067,-32.17437],[151.037547,-32.174078],[151.031817,-32.166471],[151.029343,-32.166475],[151.022868,-32.173506],[151.017837,-32.174903],[151.015907,-32.177565],[151.009771,-32.172227],[151.006681,-32.172651],[151.004427,-32.16978],[151.000858,-32.173588],[150.975451,-32.170118],[150.973146,-32.172531],[150.967658,-32.172835],[150.965534,-32.178562],[150.953718,-32.178181],[150.948159,-32.176205],[150.940047,-32.174862],[150.93018,-32.176945],[150.916081,-32.181753],[150.877022,-32.176774],[150.871949,-32.176882],[150.872342,-32.179666],[150.876946,-32.180901],[150.875398,-32.185988],[150.878212,-32.190647],[150.874117,-32.190646],[150.870253,-32.187207],[150.868041,-32.191064],[150.872464,-32.191746],[150.880229,-32.197844],[150.87779,-32.199892],[150.866921,-32.192634],[150.861055,-32.189501],[150.848696,-32.187528],[150.779294,-32.177476],[150.769368,-32.179249],[150.764491,-32.178556],[150.762825,-32.175859],[150.749541,-32.173741],[150.735884,-32.172114],[150.70883,-32.168205],[150.697662,-32.166257],[150.656558,-32.160607],[150.659868,-32.157387],[150.656733,-32.150204],[150.629495,-32.146335],[150.629114,-32.148247],[150.577252,-32.141213],[150.573132,-32.139606],[150.552788,-32.136761],[150.535357,-32.134982],[150.498859,-32.130034],[150.501238,-32.139067],[150.50902,-32.149123],[150.507602,-32.153639],[150.509039,-32.155969],[150.497453,-32.164118],[150.495208,-32.169255],[150.490974,-32.170776],[150.491585,-32.173318],[150.49584,-32.175677],[150.493178,-32.183704],[150.493809,-32.189725],[150.491949,-32.194275],[150.493122,-32.2036],[150.496489,-32.2063],[150.493399,-32.209278],[150.492631,-32.212897],[150.494709,-32.219689],[150.493641,-32.225397],[150.486444,-32.23985],[150.49064,-32.244738],[150.48965,-32.246927],[150.50028,-32.253915],[150.50028,-32.258172],[150.498259,-32.262555],[150.500302,-32.265696],[150.504109,-32.267489],[150.502919,-32.270926],[150.507085,-32.273463],[150.510884,-32.281878],[150.50948,-32.28583],[150.510136,-32.291353],[150.514928,-32.295163],[150.515843,-32.300805],[150.521001,-32.304956],[150.522038,-32.307546],[150.527348,-32.313199],[150.528081,-32.31833],[150.526692,-32.323747],[150.52953,-32.331582],[150.534978,-32.329378],[150.544942,-32.3267],[150.546742,-32.330705],[150.558504,-32.332008],[150.557781,-32.33616],[150.554639,-32.33574],[150.552621,-32.34542],[150.540408,-32.343611],[150.53748,-32.34791],[150.536331,-32.35332],[150.525697,-32.351743],[150.525002,-32.355178],[150.521429,-32.357689],[150.523785,-32.363211],[150.519231,-32.363171],[150.518034,-32.367084],[150.521026,-32.369708],[150.50731,-32.368374],[150.511871,-32.344253],[150.496768,-32.34223],[150.495027,-32.352515],[150.489532,-32.347326],[150.491482,-32.343544],[150.487669,-32.337428],[150.482952,-32.334363],[150.477468,-32.332657],[150.473109,-32.328306],[150.469168,-32.321905],[150.461477,-32.322376],[150.457261,-32.323615],[150.453032,-32.321935],[150.446639,-32.325251],[150.441755,-32.321543],[150.438733,-32.322157],[150.43033,-32.327418],[150.429727,-32.3371],[150.432778,-32.339563],[150.428267,-32.345327],[150.418387,-32.346974],[150.410956,-32.344176],[150.41327,-32.337423],[150.406867,-32.333056],[150.397184,-32.332872],[150.393601,-32.333752],[150.392217,-32.343481],[150.393989,-32.352555],[150.392342,-32.3546],[150.391611,-32.365651],[150.385735,-32.371521],[150.384596,-32.375997],[150.38685,-32.378895],[150.381039,-32.383115],[150.374341,-32.381835],[150.37121,-32.385008],[150.366836,-32.384523],[150.361274,-32.381764],[150.357639,-32.387176],[150.353452,-32.386891],[150.352769,-32.383663],[150.342449,-32.385065],[150.340799,-32.387857],[150.342192,-32.391475],[150.337788,-32.396947],[150.328862,-32.399868],[150.327927,-32.40467],[150.323047,-32.40802],[150.319073,-32.40827],[150.315171,-32.40983],[150.310551,-32.409165],[150.309574,-32.41408],[150.302781,-32.415342],[150.299748,-32.419382],[150.291462,-32.42082],[150.287944,-32.422454],[150.283476,-32.420523],[150.279603,-32.422298],[150.279758,-32.428957],[150.276118,-32.431556],[150.275987,-32.436198],[150.273145,-32.435946],[150.267406,-32.44944],[150.258352,-32.454303],[150.254504,-32.457659],[150.246977,-32.460298],[150.245457,-32.457733],[150.2408,-32.458593],[150.236048,-32.456852],[150.234448,-32.454258],[150.22741,-32.455727],[150.226655,-32.462928],[150.231324,-32.465127],[150.238273,-32.472883],[150.236547,-32.476123],[150.237284,-32.479717],[150.24592,-32.480509],[150.247522,-32.482822],[150.246508,-32.488264],[150.240483,-32.494422],[150.240182,-32.498325],[150.243035,-32.50418],[150.241115,-32.509881],[150.242674,-32.514653],[150.24714,-32.519241],[150.248291,-32.524499],[150.243594,-32.526318],[150.241839,-32.538423],[150.243585,-32.541271],[150.243148,-32.547816],[150.247005,-32.551348],[150.242646,-32.557352],[150.237577,-32.566814],[150.236833,-32.574043],[150.266043,-32.577718],[150.262564,-32.584787],[150.260643,-32.595697],[150.25947,-32.597717],[150.252703,-32.600801],[150.247357,-32.600271],[150.239234,-32.601114],[150.236149,-32.608418],[150.227412,-32.612312],[150.251156,-32.61527],[150.311343,-32.646919],[150.320162,-32.647922],[150.318916,-32.655081],[150.31929,-32.660848],[150.313294,-32.664021],[150.3081,-32.66522],[150.304872,-32.678377],[150.300003,-32.689704],[150.29694,-32.691551],[150.29079,-32.721148],[150.27969,-32.729489],[150.276988,-32.732349],[150.275344,-32.746762],[150.278035,-32.75127],[150.289272,-32.765431],[150.293653,-32.76494],[150.29739,-32.767045],[150.299956,-32.77162],[150.303239,-32.774328],[150.308225,-32.77574],[150.314477,-32.779945],[150.317095,-32.783755],[150.320814,-32.783264],[150.324811,-32.785655],[150.329321,-32.784017],[150.332958,-32.789029],[150.337961,-32.790139],[150.341577,-32.794335],[150.338388,-32.798777],[150.338294,-32.808117],[150.342672,-32.814844],[150.349351,-32.8179],[150.351705,-32.823704],[150.352403,-32.829947],[150.354633,-32.832242],[150.356102,-32.839323],[150.3622,-32.845066],[150.360883,-32.856701],[150.358919,-32.859595],[150.361758,-32.867377],[150.349906,-32.870872],[150.343639,-32.870025],[150.340685,-32.87098],[150.340494,-32.875609],[150.335937,-32.880334],[150.336322,-32.884549],[150.340256,-32.887807],[150.343848,-32.887949],[150.347194,-32.890812],[150.346616,-32.895492],[150.350503,-32.903117],[150.349011,-32.909477],[150.352779,-32.909984],[150.355203,-32.917654],[150.352985,-32.923544],[150.359379,-32.925468],[150.362471,-32.931573],[150.361724,-32.934587],[150.366455,-32.936634],[150.368464,-32.939949],[150.367545,-32.94373],[150.367779,-32.954011],[150.372058,-32.954708],[150.375671,-32.95843],[150.376637,-32.961748],[150.3713,-32.967798],[150.366606,-32.971648],[150.376302,-32.990227],[150.376002,-32.998568],[150.373978,-33.001279],[150.375142,-33.005928],[150.37052,-33.010952],[150.371672,-33.015457],[150.375541,-33.016708],[150.379662,-33.020549],[150.380777,-33.024506],[150.38691,-33.026841],[150.392913,-33.03412],[150.393846,-33.039186],[150.400505,-33.033318],[150.405019,-33.024502],[150.413401,-33.023787],[150.419165,-33.027742],[150.425313,-33.028713],[150.430974,-33.035636],[150.438965,-33.035012],[150.442274,-33.036984],[150.448336,-33.035378],[150.451778,-33.039249],[150.455274,-33.038577],[150.464395,-33.041239],[150.464638,-33.045876],[150.470589,-33.045111],[150.475996,-33.047048],[150.488448,-33.048124],[150.491958,-33.045967],[150.491474,-33.043368],[150.496685,-33.03574],[150.503181,-33.03526],[150.504655,-33.036682],[150.520464,-33.035048],[150.524203,-33.037771],[150.53084,-33.037366],[150.53359,-33.042216],[150.538392,-33.042889],[150.5413,-33.040758],[150.544665,-33.042484],[150.552392,-33.051218],[150.552877,-33.059622],[150.558307,-33.060312],[150.572197,-33.058909],[150.579858,-33.063442],[150.589082,-33.063105],[150.590477,-33.065665],[150.595966,-33.065985],[150.603766,-33.069697],[150.609186,-33.068772],[150.610687,-33.066137],[150.628302,-33.061033],[150.630238,-33.058586],[150.727881,-33.072023],[150.718059,-33.068653],[150.716605,-33.065307],[150.707381,-33.058849],[150.70518,-33.054292],[150.706413,-33.048568],[150.705568,-33.044748],[150.700216,-33.042408],[150.695166,-33.041928],[150.690898,-33.044088],[150.682095,-33.044743],[150.683069,-33.040067],[150.681888,-33.031523],[150.679034,-33.027715],[150.67242,-33.02681],[150.672198,-33.021474],[150.675234,-33.018003],[150.677184,-33.013276],[150.683725,-33.008754],[150.687344,-33.001404],[150.685789,-32.99677],[150.693956,-32.996069],[150.699818,-32.999506],[150.703759,-33.005804],[150.702842,-33.010244],[150.709412,-33.011436],[150.714768,-33.01405],[150.716594,-33.012007],[150.723449,-33.012633],[150.729523,-33.015652],[150.735702,-33.016211],[150.745841,-33.021913],[150.751153,-33.020569],[150.752012,-33.017765],[150.756645,-33.015357],[150.761058,-33.014783],[150.763832,-33.000322],[150.80474,-33.006038],[150.806048,-33.010702],[150.812731,-33.012509],[150.816568,-33.016211],[150.818296,-33.023571],[150.826234,-33.025437],[150.82989,-33.029853],[150.830161,-33.03318],[150.835699,-33.030835],[150.838515,-33.034597],[150.842568,-33.03324],[150.84599,-33.03527],[150.851681,-33.030302],[150.855073,-33.032476],[150.852666,-33.037145],[150.857239,-33.039554],[150.857322,-33.043226],[150.850685,-33.043454],[150.852023,-33.05235],[150.854764,-33.055573],[150.853808,-33.05943],[150.858449,-33.060146],[150.856379,-33.064245],[150.851726,-33.066879],[150.855563,-33.070485],[150.848995,-33.07414],[150.848756,-33.078704],[150.852732,-33.083849],[150.848773,-33.087742],[150.851078,-33.091149],[150.848025,-33.092859],[150.846749,-33.0978],[150.851689,-33.097593],[150.853502,-33.094406],[150.858456,-33.094072],[150.865068,-33.099225],[150.866317,-33.102512],[150.872525,-33.104183],[150.871966,-33.10838],[150.87408,-33.115068],[150.88448,-33.118972],[150.899991,-33.121177],[150.905238,-33.115839],[150.911377,-33.114495],[150.916385,-33.11161],[150.919638,-33.11256],[150.924108,-33.111106],[150.931398,-33.113125],[150.933927,-33.11917],[150.939011,-33.120422],[150.94198,-33.123217],[150.945587,-33.121925],[150.950243,-33.122678],[150.95133,-33.124926],[150.962079,-33.12721],[150.964933,-33.12949],[150.972613,-33.130433],[150.980185,-33.126904],[150.985635,-33.128008],[150.987866,-33.12495],[150.993782,-33.122509],[151.003802,-33.126027],[151.012251,-33.124464],[151.013179,-33.122827],[151.020443,-33.122157],[151.025688,-33.125358],[151.029868,-33.123642],[151.037159,-33.123549],[151.03529,-33.119331],[151.040005,-33.106088],[151.039776,-33.097085],[151.04231,-33.09233],[151.047305,-33.088737],[151.052491,-33.07994],[151.05977,-33.080332],[151.063531,-33.081902],[151.070871,-33.080268],[151.072719,-33.07725],[151.076215,-33.077389],[151.083942,-33.075248],[151.088366,-33.078773],[151.094368,-33.076967],[151.09874,-33.078372],[151.104072,-33.076993],[151.109365,-33.086028],[151.113734,-33.090347],[151.126687,-33.09199],[151.129802,-33.094739],[151.130635,-33.100933],[151.134269,-33.104227],[151.135811,-33.10996],[151.15061,-33.113168],[151.15557,-33.118289],[151.160655,-33.121217],[151.163569,-33.124715],[151.172299,-33.128284],[151.177624,-33.129429],[151.186027,-33.133735],[151.191959,-33.134131],[151.195537,-33.137134],[151.202438,-33.138989],[151.204795,-33.134444],[151.209171,-33.132994],[151.214615,-33.129154],[151.218573,-33.130672],[151.218946,-33.123639],[151.221096,-33.120536],[151.232326,-33.113462],[151.232353,-33.108538],[151.241181,-33.107747],[151.248783,-33.100083],[151.254386,-33.101217],[151.259958,-33.100407],[151.262054,-33.09707],[151.260141,-33.094081],[151.26368,-33.089842],[151.262426,-33.084431],[151.264238,-33.08072],[151.262303,-33.074641],[151.264317,-33.073257],[151.267284,-33.063614],[151.266703,-33.058556],[151.27775,-33.056723],[151.281592,-33.058352],[151.289266,-33.055201],[151.296928,-33.054257],[151.299838,-33.051594],[151.300625,-33.047559],[151.30355,-33.043733],[151.309038,-33.047287],[151.315283,-33.048252],[151.319182,-33.053025],[151.323272,-33.055273],[151.326263,-33.060143],[151.331453,-33.062237],[151.332755,-33.069027],[151.33887,-33.073234],[151.345545,-33.075132],[151.353888,-33.079317],[151.35748,-33.083085],[151.356018,-33.088134],[151.363189,-33.093981],[151.372057,-33.094486],[151.378995,-33.099827],[151.379353,-33.104678],[151.382261,-33.108779],[151.38035,-33.113107],[151.382127,-33.115427],[151.380152,-33.119225],[151.381047,-33.126862],[151.3837,-33.129183],[151.383068,-33.139816],[151.387441,-33.143349],[151.388489,-33.150296],[151.392312,-33.152037],[151.393007,-33.158897],[151.397477,-33.165259],[151.392869,-33.169819],[151.397806,-33.170178],[151.400568,-33.175853],[151.398625,-33.185747],[151.411069,-33.187461],[151.412386,-33.189345],[151.410957,-33.194141],[151.417933,-33.195151],[151.418526,-33.19214],[151.43317,-33.194209],[151.43146,-33.199307],[151.435442,-33.199876],[151.438643,-33.195382],[151.4447,-33.193356],[151.443243,-33.20103],[151.455115,-33.202843],[151.461136,-33.199749],[151.464382,-33.193886],[151.468636,-33.19324],[151.474832,-33.189586],[151.481901,-33.189962],[151.488004,-33.189099],[151.490526,-33.186818],[151.50294,-33.192448],[151.51218,-33.194307],[151.51551,-33.18395],[151.527571,-33.180086],[151.526168,-33.174493],[151.5297,-33.169509],[151.529271,-33.164614],[151.526221,-33.157532],[151.530435,-33.154347],[151.53217,-33.150205],[151.531013,-33.144073],[151.532684,-33.140792],[151.544567,-33.131917],[151.555294,-33.126872],[151.565572,-33.124933],[151.572767,-33.122132],[151.575336,-33.114483],[151.572381,-33.10511],[151.573409,-33.096599],[151.575208,-33.090243],[151.581631,-33.083671],[151.589725,-33.081409],[151.597819,-33.084426],[151.601801,-33.088735],[151.60861,-33.090782],[151.613877,-33.090566],[151.6221,-33.081948],[151.621714,-33.065788],[151.63212,-33.051244],[151.633277,-33.041009],[151.622999,-33.029697],[151.618888,-33.019786],[151.618502,-33.013429],[151.621457,-33.009874],[151.62711,-33.006103],[151.628266,-33.00341],[151.623898,-32.995869],[151.624284,-32.991715],[151.630643,-32.981747],[151.630547,-32.979726],[151.623513,-32.972504],[151.615194,-32.966738],[151.614,-32.962703],[151.614129,-32.955406],[151.616506,-32.950851],[151.621115,-32.945212],[151.632971,-32.937274],[151.635865,-32.936698],[151.65104,-32.938052],[151.657289,-32.936173],[151.655583,-32.933828],[151.662412,-32.929851]]],[[[151.728353,-32.985569],[151.730629093244,-32.988139142902675],[151.73570411605348,-32.98227789190242],[151.74413907900436,-32.96778279539493],[151.74850839423203,-32.95544686007422],[151.745797,-32.956695],[151.737915,-32.962947],[151.737739,-32.968131],[151.731628,-32.972134],[151.726931,-32.978167],[151.728978,-32.982608],[151.728353,-32.985569]]],[[[151.622218,-33.195364],[151.6233845142669,-33.19642758653746],[151.63753137824406,-33.1846266022522],[151.64541271084414,-33.17446255252116],[151.65097913132223,-33.17256253560577],[151.6659416059321,-33.16397769395359],[151.67899134806572,-33.15269587748239],[151.6872143480657,-33.14407787748238],[151.6973944270846,-33.13125062924024],[151.70508168139204,-33.11679108472775],[151.7100216037391,-33.101177966093054],[151.71097515595685,-33.093541347326465],[151.7149102577265,-33.08653951282499],[151.72058523296107,-33.067794001726256],[151.7216132329611,-33.06229900172626],[151.72311468850822,-33.04819746050979],[151.7232436885082,-33.04345746050979],[151.72206969603886,-33.02631692287834],[151.71919254115147,-33.01548280931326],[151.707644,-33.021904],[151.681834,-33.039898],[151.668856,-33.051945],[151.660299,-33.064419],[151.657554,-33.073647],[151.657722,-33.078886],[151.660402,-33.083552],[151.662856,-33.082862],[151.665739,-33.086781],[151.665423,-33.090256],[151.652298,-33.102613],[151.647299,-33.111137],[151.646057,-33.11576],[151.647951,-33.119748],[151.646986,-33.128698],[151.642682,-33.130735],[151.64455,-33.137512],[151.639466,-33.144137],[151.634871,-33.147005],[151.629697,-33.155562],[151.630071,-33.158572],[151.636112,-33.161548],[151.63641,-33.165846],[151.631777,-33.167162],[151.631621,-33.170255],[151.635548,-33.17184],[151.633089,-33.175641],[151.628325,-33.17913],[151.630096,-33.184958],[151.628207,-33.185604],[151.622819,-33.188011],[151.622218,-33.195364]]],[[[151.561813,-33.262433],[151.56296927007844,-33.268477079926356],[151.57551376911627,-33.25825098868953],[151.57922719437047,-33.25378382954958],[151.59122420705776,-33.24371201065022],[151.60138587284283,-33.231577610998265],[151.61240105539068,-33.21026626560484],[151.61415317361644,-33.202266192718376],[151.61208,-33.202133],[151.599754,-33.210699],[151.573884,-33.233899],[151.565085,-33.247326],[151.561813,-33.262433]]]]},"bbox":[150.226655,-33.268477079926356,151.74850839423203,-32.130034]},
{"properties":{"electorateShortName":"kingsford-smith","electorateName":"Kingsford Smith","area":91.027221,"state":"NSW"},"type":"Feature","geometry":{"type":"Polygon","coordinates":[[[151.231926,-34.016739],[151.229852,-34.018881],[151.228577,-34.024599],[151.230295,-34.026401],[151.225423,-34.034278],[151.220659,-34.039339],[151.207359,-34.041497],[151.2032,-34.040228],[151.198776,-34.041682],[151.194148,-34.036629],[151.185918,-34.034563],[151.175625,-34.036214],[151.16529,-34.040893],[151.158281,-34.048053],[151.154915,-34.055118],[151.158404,-34.058437],[151.155472,-34.063918],[151.158344,-34.066813],[151.156756,-34.069717],[151.162586,-34.072444],[151.169078,-34.074987],[151.171847,-34.082236],[151.171761,-34.086503],[151.1682317166567,-34.09082210163374],[151.18158552303797,-34.091024297759006],[151.19347733417163,-34.0981128293066],[151.20973518899672,-34.10396037299434],[151.2268108481101,-34.1065935225414],[151.24407501737528,-34.10591523773638],[151.26089145543736,-34.10195051560268],[151.2766404213072,-34.09484546917612],[151.2907415138529,-34.084861942759524],[151.3086955138529,-34.06936094275952],[151.32021044371677,-34.05739517840668],[151.32933089872398,-34.04351748310884],[151.3357463632707,-34.02820033778187],[151.33751016526293,-34.022050667501134],[151.34051192313683,-34.0184557498787],[151.3491123752982,-34.00247581224209],[151.35433225859077,-33.98509539214757],[151.35595934532972,-33.96702113495692],[151.35533921413318,-33.961517332185764],[151.35524794390932,-33.949458232230114],[151.35505699661738,-33.94852323015677],[151.3556626906188,-33.94378254489555],[151.35521605101957,-33.937851995530075],[151.35567284029878,-33.93655424571664],[151.35816721553732,-33.91901095028422],[151.35717599304874,-33.90131895773283],[151.35273759666998,-33.88416408203975],[151.34502407679415,-33.86821131633643],[151.3343344409937,-33.85407905505544],[151.32108306326424,-33.842315122433604],[151.31937306326424,-33.84107512243361],[151.2984021075398,-33.829764088291114],[151.290672,-33.828322],[151.280955,-33.832769],[151.287848,-33.850202],[151.286273,-33.852492],[151.286331,-33.857691],[151.282829,-33.862556],[151.28462,-33.873529],[151.282691,-33.877446],[151.285816,-33.885969],[151.285699,-33.891955],[151.282233,-33.890967],[151.274326,-33.893627],[151.27637,-33.898681],[151.270437,-33.90047],[151.268401,-33.90374],[151.271398,-33.914235],[151.266539,-33.913935],[151.25314,-33.911339],[151.247664,-33.90835],[151.231002,-33.906214],[151.222841,-33.901398],[151.215031,-33.900896],[151.211284,-33.919806],[151.211162,-33.923502],[151.180834,-33.919165],[151.179039,-33.920542],[151.17424,-33.924966],[151.165099,-33.929719],[151.162069,-33.933737],[151.159989,-33.944801],[151.165327,-33.947371],[151.165221,-33.950632],[151.157771,-33.959321],[151.154842,-33.966669],[151.151068,-33.974298],[151.148619,-33.982831],[151.148239,-33.990182],[151.149176,-33.994409],[151.153421,-33.996893],[151.163887,-34.000746],[151.221147,-34.001613],[151.22823,-34.004195],[151.230092,-34.008285],[151.231926,-34.016739]]]},"bbox":[151.148239,-34.1065935225414,151.35816721553732,-33.828322]},
{"properties":{"electorateShortName":"lindsay","electorateName":"Lindsay","area":339.036628,"state":"NSW"},"type":"Feature","geometry":{"type":"Polygon","coordinates":[[[150.812394,-33.677614],[150.796438,-33.660184],[150.791687,-33.649208],[150.787845,-33.643419],[150.782148,-33.637517],[150.773668,-33.634578],[150.721427,-33.617971],[150.708442,-33.61346],[150.69952,-33.612281],[150.694364,-33.620099],[150.687803,-33.622524],[150.685214,-33.622036],[150.681494,-33.625074],[150.677209,-33.630807],[150.66891,-33.649237],[150.666241,-33.654087],[150.667916,-33.663122],[150.667144,-33.666432],[150.660753,-33.669754],[150.657889,-33.677031],[150.659825,-33.692884],[150.658593,-33.702417],[150.657963,-33.713722],[150.655767,-33.716939],[150.649672,-33.716031],[150.648439,-33.721852],[150.644053,-33.721212],[150.64248,-33.730184],[150.644155,-33.734116],[150.640571,-33.748033],[150.643841,-33.749361],[150.644641,-33.753256],[150.641691,-33.758026],[150.643217,-33.766645],[150.642706,-33.775381],[150.639596,-33.779237],[150.64072,-33.781917],[150.633115,-33.795626],[150.628089,-33.80157],[150.619689,-33.814068],[150.609144,-33.822584],[150.599826,-33.826015],[150.594507,-33.830241],[150.591258,-33.834996],[150.588042,-33.844933],[150.591947,-33.85464],[150.597329,-33.857296],[150.61039,-33.857395],[150.612801,-33.861848],[150.619973,-33.860986],[150.628607,-33.861964],[150.63203,-33.856514],[150.64115,-33.85362],[150.656267,-33.846744],[150.672337,-33.842403],[150.67834,-33.843112],[150.688377,-33.848169],[150.69215,-33.851548],[150.697679,-33.860238],[150.698269,-33.864047],[150.709284,-33.864782],[150.718105,-33.869001],[150.720908,-33.869416],[150.767908,-33.875728],[150.773293,-33.873935],[150.775955,-33.870768],[150.769596,-33.866758],[150.771061,-33.861625],[150.768358,-33.856717],[150.77067,-33.851859],[150.768453,-33.848819],[150.769528,-33.841975],[150.768791,-33.836438],[150.765855,-33.835483],[150.766245,-33.828873],[150.762042,-33.828598],[150.76133,-33.825995],[150.765882,-33.822112],[150.764587,-33.812699],[150.768243,-33.813251],[150.770333,-33.808894],[150.768249,-33.804835],[150.764682,-33.80533],[150.763756,-33.796769],[150.759028,-33.794667],[150.758555,-33.792497],[150.763007,-33.789155],[150.761727,-33.786098],[150.765151,-33.783428],[150.781632,-33.785783],[150.801251,-33.790162],[150.811485,-33.791122],[150.809399,-33.787934],[150.808085,-33.781308],[150.803381,-33.776811],[150.802833,-33.772919],[150.795689,-33.764249],[150.791719,-33.755375],[150.788978,-33.751299],[150.788571,-33.746318],[150.78494,-33.744317],[150.783785,-33.740777],[150.778461,-33.739948],[150.775572,-33.736269],[150.761788,-33.735201],[150.75963,-33.730076],[150.763955,-33.725692],[150.762459,-33.721631],[150.767748,-33.713497],[150.765994,-33.705777],[150.772859,-33.701415],[150.775818,-33.704047],[150.779569,-33.701251],[150.778876,-33.697056],[150.789749,-33.689908],[150.790364,-33.686672],[150.795086,-33.684965],[150.796804,-33.679157],[150.799339,-33.675604],[150.805005,-33.674842],[150.807524,-33.678094],[150.812394,-33.677614]]]},"bbox":[150.588042,-33.875728,150.812394,-33.612281]},
{"properties":{"electorateShortName":"lyne","electorateName":"Lyne","area":16099.473299,"state":"NSW"},"type":"Feature","geometry":{"type":"Polygon","coordinates":[[[152.194486,-32.707671],[152.187884,-32.711732],[152.189322,-32.717873],[152.18588,-32.718554],[152.183552,-32.725531],[152.184584,-32.72763],[152.183126,-32.735844],[152.18685,-32.741132],[152.176112,-32.7404],[152.170981,-32.744437],[152.172862,-32.752081],[152.176033,-32.754788],[152.169265,-32.757533],[152.168341,-32.761956],[152.1638,-32.758813],[152.160653,-32.759693],[152.160065,-32.763869],[152.153836,-32.765534],[152.134114,-32.766347],[152.132348,-32.764151],[152.125107,-32.766969],[152.119383,-32.771139],[152.116187,-32.776736],[152.119088,-32.781887],[152.120644,-32.788958],[152.11770033219332,-32.789711812352074],[152.16947003704965,-32.79372484711672],[152.17581154154794,-32.795712266469316],[152.1927193560681,-32.797653659269535],[152.20544463113058,-32.79669669859406],[152.21398339999885,-32.799059206868236],[152.23079180721135,-32.80044497000763],[152.2475636298983,-32.798670468315365],[152.2653739019169,-32.79312001591416],[152.28072802319076,-32.78505996511842],[152.2942513555156,-32.77420487682978],[152.30544184357788,-32.76095774748603],[152.31388403918353,-32.74581037833233],[152.31926452482122,-32.72932511724175],[152.32036016837594,-32.720426083780225],[152.33640839198358,-32.718378674528196],[152.3526225054952,-32.71306359362124],[152.356633032854,-32.7124132058381],[152.37275834636569,-32.707011417475755],[152.38757965405892,-32.69867271903867],[152.4005677711087,-32.687694838147394],[152.4112589655293,-32.67446973265734],[152.41927151541296,-32.659469596067176],[152.4243193380539,-32.643229998167364],[152.42642278466536,-32.63030920208908],[152.42649730465578,-32.61230821496612],[152.42298795800116,-32.59465246302271],[152.4182783997524,-32.5834054560288],[152.44265553752223,-32.57283365932181],[152.46021708539763,-32.56294889651922],[152.47786599339614,-32.555916193090795],[152.50806929307288,-32.546910506498406],[152.51957115218067,-32.5448871909587],[152.5368017162897,-32.54331613782588],[152.55403030206963,-32.53815432236852],[152.56988852741492,-32.529669913391444],[152.5738188995725,-32.52641653161333],[152.5828270547457,-32.522570693146825],[152.59680095947465,-32.51319976826348],[152.60878649585163,-32.501391670859654],[152.61836478529216,-32.48755907826332],[152.6252010792963,-32.47218542122175],[152.62905645846436,-32.455807988638675],[152.62979618241278,-32.4389991500404],[152.62739439877163,-32.42234635202074],[152.62501439877164,-32.41248635202074],[152.62084817996413,-32.400756337627676],[152.62214395283874,-32.394115084957306],[152.6270301331223,-32.38366727686338],[152.63318179381633,-32.37280800440594],[152.6387406013793,-32.35746153823057],[152.64143625699893,-32.3413634698255],[152.64118009877623,-32.32504327532425],[152.63798055192484,-32.30903773673475],[152.63088619584167,-32.29218982687528],[152.64170311641385,-32.27873759943513],[152.64988317228946,-32.26303083968806],[152.65386161878442,-32.24935310020044],[152.65719125178674,-32.24110821876214],[152.66048044544442,-32.224019089973154],[152.66041920015053,-32.206616407228864],[152.65700980585243,-32.18955085279297],[152.65037973901062,-32.173460503780056],[152.64077689628357,-32.15894697460056],[152.63741489628356,-32.15480097460056],[152.62495897031735,-32.142207740409006],[152.61468781117452,-32.135274659717204],[152.62198599262837,-32.12513831224652],[152.62595299262838,-32.11826631224652],[152.63370416624312,-32.10076949252657],[152.6375808215912,-32.0820294035185],[152.63745998880677,-32.068674153280135],[152.63923889118655,-32.066881764011306],[152.64889662921502,-32.05238910950011],[152.65558225309377,-32.03630771117909],[152.67329649391814,-32.01431595589449],[152.68008339184,-32.00313882092969],[152.69398956795177,-31.989248951441436],[152.71132533783873,-31.975047444090304],[152.73379901070535,-31.959508313793926],[152.74750962894393,-31.952818155238653],[152.7605240853165,-31.943256269873306],[152.7675347534829,-31.937064074537588],[152.77554498873778,-31.932360651517694],[152.7785139578625,-31.93182989142141],[152.79406890270764,-31.925939905861846],[152.80827435393493,-31.9172881202394],[152.82064513709167,-31.906170028536412],[152.83075873916857,-31.892965359208553],[152.83826973915262,-31.878125105899834],[152.8429216055724,-31.862156124158965],[152.8445794581003,-31.841503820242455],[152.84309918471388,-31.824712591773473],[152.8412432936608,-31.818147392293472],[152.8513099795829,-31.80764907379113],[152.86296284154628,-31.799695393910447],[152.8751532054051,-31.78747351179238],[152.88478597899334,-31.773149090459714],[152.89150679591114,-31.757249090664885],[152.89506841358877,-31.74035843487428],[152.89533980874177,-31.72309848938801],[152.8947206584369,-31.719624514059074],[152.90031478591314,-31.715645011304158],[152.91436531303606,-31.703760735989253],[152.92570484459353,-31.68926700161026],[152.93385928553369,-31.672769777445396],[152.93848770642023,-31.654958796779276],[152.93939659736887,-31.636578719808938],[152.93633320553127,-31.61782789471995],[152.93802033715482,-31.60851096919932],[152.93773832120243,-31.59716712405432],[152.9566823012967,-31.57704654294705],[152.97631691553696,-31.558883897642588],[152.98825202248588,-31.54538684947775],[152.9972595633227,-31.529782962297983],[153.00297855018718,-31.512697580350544],[153.00517978791183,-31.494815420539],[153.00377505928947,-31.476853131582867],[152.99882066048227,-31.45953057347198],[152.99051514488633,-31.443541968225365],[152.97919136586953,-31.429528078122168],[152.9653031372786,-31.41805052639492],[152.9494070463122,-31.409569289513758],[152.93214014763024,-31.40442426308497],[152.92426131862516,-31.403029649267925],[152.91675988011747,-31.402988836894],[152.914861,-31.410307],[152.914747,-31.42373],[152.919414,-31.428968],[152.923912,-31.430142],[152.926839,-31.443212],[152.930096,-31.446632],[152.933401,-31.447599],[152.931171,-31.452564],[152.933154,-31.458059],[152.935522,-31.460035],[152.934198,-31.46726],[152.938449,-31.472927],[152.937732,-31.476252],[152.932944,-31.476575],[152.915202,-31.492816],[152.909138,-31.492967],[152.874346,-31.488122],[152.872234,-31.485909],[152.867798,-31.48551],[152.843392,-31.479562],[152.84069,-31.476018],[152.830273,-31.476475],[152.827396,-31.475218],[152.823561,-31.476847],[152.814899,-31.476896],[152.8186,-31.469593],[152.820146,-31.464566],[152.823998,-31.446452],[152.822614,-31.429026],[152.825532,-31.417166],[152.824844,-31.413747],[152.808712,-31.388195],[152.804653,-31.382577],[152.802221,-31.374976],[152.793948,-31.355012],[152.788026,-31.354077],[152.788645,-31.348168],[152.785199,-31.348135],[152.785939,-31.343094],[152.769521,-31.340568],[152.765805,-31.338947],[152.759192,-31.34064],[152.757761,-31.347603],[152.744183,-31.345726],[152.744744,-31.342776],[152.736674,-31.340141],[152.734767,-31.333129],[152.745874,-31.328723],[152.749183,-31.325619],[152.747264,-31.323442],[152.740111,-31.325376],[152.732222,-31.325718],[152.731738,-31.32255],[152.735387,-31.319015],[152.732347,-31.31517],[152.726045,-31.313502],[152.719496,-31.305832],[152.711973,-31.301117],[152.709638,-31.295636],[152.706585,-31.292338],[152.706213,-31.288193],[152.700555,-31.28275],[152.6979,-31.276063],[152.692304,-31.274989],[152.692466,-31.266152],[152.69005,-31.262699],[152.680821,-31.259178],[152.679214,-31.256227],[152.674271,-31.253765],[152.679693,-31.227203],[152.689657,-31.228642],[152.691416,-31.219235],[152.697074,-31.220024],[152.698277,-31.213778],[152.705219,-31.207461],[152.712374,-31.208294],[152.721208,-31.205644],[152.724094,-31.206176],[152.726882,-31.213217],[152.746399,-31.21646],[152.748086,-31.213885],[152.751654,-31.194713],[152.739285,-31.192914],[152.740383,-31.187278],[152.726196,-31.185229],[152.72796,-31.176278],[152.719212,-31.174937],[152.717725,-31.182455],[152.705956,-31.180721],[152.709376,-31.163456],[152.704083,-31.165232],[152.706943,-31.151512],[152.700599,-31.151722],[152.698292,-31.150317],[152.693307,-31.141455],[152.681127,-31.140929],[152.679144,-31.148426],[152.671742,-31.153149],[152.66882,-31.149024],[152.662814,-31.151271],[152.657781,-31.149226],[152.650273,-31.154256],[152.645539,-31.153283],[152.64048,-31.14974],[152.637072,-31.143359],[152.631646,-31.138326],[152.628541,-31.138996],[152.625232,-31.136023],[152.619992,-31.134767],[152.614845,-31.136131],[152.60964,-31.130551],[152.605896,-31.129823],[152.597606,-31.123699],[152.593567,-31.124548],[152.588513,-31.128189],[152.578054,-31.127998],[152.574175,-31.131573],[152.567077,-31.128355],[152.561495,-31.129865],[152.560512,-31.134688],[152.560598,-31.141774],[152.556634,-31.145598],[152.555966,-31.148409],[152.551146,-31.150587],[152.547833,-31.148418],[152.541162,-31.152034],[152.539697,-31.162886],[152.535205,-31.162806],[152.525169,-31.164552],[152.519671,-31.167136],[152.513884,-31.167638],[152.505574,-31.163125],[152.495087,-31.165672],[152.49118,-31.168036],[152.48302,-31.164655],[152.470766,-31.166289],[152.462394,-31.159632],[152.459013,-31.159491],[152.455832,-31.155831],[152.449824,-31.159897],[152.443454,-31.160467],[152.436407,-31.158379],[152.431331,-31.158611],[152.424922,-31.162593],[152.420968,-31.160946],[152.412845,-31.165378],[152.405619,-31.163231],[152.39832,-31.164314],[152.394155,-31.166756],[152.389469,-31.164629],[152.385897,-31.166653],[152.382625,-31.165119],[152.380807,-31.161674],[152.36943,-31.156354],[152.371598,-31.149352],[152.36693,-31.140874],[152.368173,-31.136362],[152.359171,-31.128132],[152.356038,-31.126887],[152.354681,-31.121797],[152.349587,-31.117004],[152.3419,-31.1145],[152.336641,-31.116269],[152.343458,-31.124362],[152.342684,-31.127637],[152.330897,-31.127464],[152.316572,-31.202936],[152.254681,-31.194535],[152.256969,-31.198432],[152.253103,-31.205393],[152.249432,-31.206676],[152.24245,-31.204362],[152.240152,-31.200939],[152.234107,-31.197461],[152.232366,-31.199593],[152.23206,-31.205451],[152.223397,-31.207902],[152.21735,-31.202238],[152.212483,-31.202024],[152.209412,-31.197584],[152.206952,-31.198257],[152.199673,-31.193581],[152.197088,-31.193678],[152.188251,-31.197206],[152.182362,-31.197735],[152.178964,-31.199509],[152.175595,-31.19851],[152.170211,-31.190611],[152.167083,-31.19126],[152.163944,-31.188815],[152.160504,-31.188778],[152.157201,-31.186285],[152.152879,-31.187264],[152.14755,-31.196017],[152.147466,-31.202172],[152.149213,-31.20552],[152.152496,-31.205937],[152.154124,-31.209319],[152.152741,-31.214794],[152.153548,-31.219007],[152.150169,-31.221594],[152.151562,-31.226388],[152.156766,-31.228663],[152.159773,-31.226799],[152.163188,-31.22791],[152.16305,-31.231321],[152.160004,-31.234131],[152.158665,-31.237989],[152.160937,-31.23998],[152.159974,-31.245028],[152.157693,-31.248307],[152.157775,-31.252088],[152.152258,-31.268575],[152.15303,-31.272551],[152.1475,-31.279899],[152.137785,-31.284686],[152.136909,-31.281776],[152.133207,-31.279433],[152.128782,-31.281115],[152.123679,-31.278729],[152.103123,-31.373415],[152.09976,-31.392027],[152.096636,-31.38825],[152.092323,-31.392091],[152.087244,-31.391719],[152.076859,-31.401305],[152.06905,-31.403177],[152.065575,-31.409145],[152.061895,-31.429235],[152.065802,-31.435384],[152.064663,-31.438591],[152.075463,-31.44548],[152.085306,-31.449821],[152.087676,-31.455776],[152.08609,-31.459377],[152.083128,-31.459067],[152.079653,-31.46276],[152.079485,-31.465738],[152.082218,-31.474815],[152.080791,-31.480083],[152.084147,-31.482546],[152.081713,-31.485222],[152.082114,-31.490563],[152.087032,-31.496032],[152.083904,-31.500522],[152.07001,-31.498415],[152.00692,-31.489958],[151.980718,-31.486175],[151.976509,-31.485864],[151.91277,-31.4767],[151.911358,-31.482175],[151.915377,-31.482671],[151.912266,-31.487655],[151.912146,-31.492129],[151.914658,-31.493625],[151.911067,-31.499202],[151.913028,-31.503777],[151.916966,-31.504183],[151.918336,-31.508291],[151.915755,-31.510067],[151.84458,-31.499475],[151.842759,-31.509038],[151.817896,-31.505699],[151.817453,-31.507163],[151.802351,-31.505003],[151.79737,-31.506929],[151.795334,-31.510786],[151.789327,-31.514938],[151.780585,-31.513627],[151.777422,-31.511729],[151.774371,-31.513092],[151.761575,-31.511185],[151.7607,-31.515421],[151.753343,-31.514308],[151.756638,-31.520256],[151.753741,-31.524385],[151.754767,-31.526993],[151.759741,-31.530675],[151.758457,-31.535372],[151.763901,-31.540943],[151.773447,-31.544387],[151.78041,-31.545198],[151.787466,-31.549545],[151.788201,-31.559293],[151.792802,-31.564847],[151.800421,-31.567626],[151.802497,-31.573861],[151.783284,-31.585595],[151.781646,-31.592628],[151.775327,-31.59042],[151.757149,-31.601741],[151.757288,-31.607456],[151.75595,-31.609247],[151.758396,-31.61466],[151.758617,-31.618978],[151.75635,-31.620144],[151.758746,-31.625068],[151.756105,-31.625707],[151.756107,-31.63144],[151.753853,-31.634047],[151.756756,-31.638142],[151.739632,-31.635846],[151.733015,-31.62837],[151.725031,-31.62924],[151.719034,-31.6268],[151.713236,-31.620648],[151.708399,-31.623864],[151.702102,-31.620164],[151.698445,-31.623311],[151.696272,-31.621955],[151.690622,-31.622773],[151.688156,-31.618518],[151.688803,-31.614094],[151.680427,-31.608977],[151.674732,-31.613062],[151.667365,-31.611417],[151.66467,-31.613662],[151.65693,-31.612134],[151.656169,-31.604527],[151.650144,-31.602314],[151.646967,-31.60712],[151.643215,-31.606213],[151.644412,-31.611373],[151.637177,-31.610179],[151.634462,-31.614695],[151.628563,-31.612009],[151.628276,-31.608739],[151.623888,-31.606812],[151.619783,-31.608431],[151.610475,-31.606683],[151.609443,-31.601869],[151.60399,-31.599645],[151.600991,-31.595498],[151.596316,-31.600537],[151.591084,-31.602573],[151.585328,-31.602682],[151.584392,-31.604952],[151.576601,-31.602515],[151.575694,-31.604999],[151.571346,-31.606027],[151.569831,-31.609953],[151.558956,-31.603567],[151.557818,-31.601403],[151.551422,-31.600815],[151.549352,-31.602757],[151.540071,-31.600501],[151.535647,-31.596086],[151.524081,-31.659787],[151.520908,-31.664807],[151.522519,-31.671332],[151.521103,-31.675951],[151.522466,-31.679691],[151.534772,-31.694157],[151.532389,-31.697316],[151.523332,-31.741067],[151.517871,-31.768467],[151.522236,-31.770965],[151.532135,-31.773089],[151.535891,-31.775703],[151.540731,-31.775763],[151.54256,-31.780081],[151.551459,-31.78469],[151.55445,-31.787303],[151.558579,-31.787524],[151.56809,-31.790521],[151.572235,-31.787187],[151.578621,-31.788723],[151.590993,-31.788273],[151.594022,-31.78969],[151.588801,-31.814006],[151.58954,-31.816479],[151.585374,-31.81926],[151.587194,-31.822102],[151.584638,-31.831588],[151.584899,-31.837576],[151.58242,-31.840784],[151.581486,-31.845016],[151.577421,-31.846384],[151.578871,-31.851254],[151.57678,-31.85484],[151.570992,-31.856272],[151.564345,-31.86129],[151.556248,-31.861963],[151.556427,-31.849326],[151.551372,-31.848553],[151.548112,-31.850321],[151.544214,-31.849744],[151.541845,-31.847238],[151.535463,-31.84554],[151.52704,-31.848132],[151.523088,-31.851048],[151.516642,-31.852535],[151.512161,-31.857692],[151.515154,-31.865728],[151.505763,-31.873053],[151.491173,-31.878161],[151.488098,-31.883171],[151.490632,-31.885178],[151.484698,-31.892795],[151.476862,-31.893325],[151.474586,-31.895508],[151.469466,-31.896611],[151.467828,-31.900363],[151.469226,-31.906085],[151.465612,-31.913151],[151.462026,-31.915806],[151.460027,-31.920881],[151.455799,-31.923058],[151.450361,-31.944195],[151.443801,-31.947418],[151.442452,-31.949366],[151.448739,-31.961657],[151.446091,-31.970044],[151.446969,-31.975108],[151.449756,-31.977066],[151.448894,-31.982641],[151.451139,-31.99095],[151.454637,-31.993265],[151.454726,-31.995979],[151.450874,-32.000743],[151.447404,-32.00226],[151.442454,-32.006725],[151.44328,-32.009733],[151.437999,-32.011461],[151.433128,-32.016711],[151.427854,-32.018273],[151.421012,-32.022047],[151.417461,-32.026382],[151.408589,-32.032685],[151.402881,-32.040946],[151.405995,-32.044979],[151.406738,-32.058774],[151.400821,-32.066893],[151.394632,-32.069713],[151.392307,-32.081226],[151.387446,-32.083526],[151.378641,-32.081882],[151.367701,-32.081511],[151.363162,-32.083102],[151.35298,-32.080969],[151.335448,-32.082403],[151.334411,-32.091944],[151.328732,-32.094955],[151.324628,-32.094257],[151.320766,-32.098468],[151.320672,-32.102083],[151.312247,-32.111336],[151.303943,-32.116747],[151.310287,-32.121363],[151.30999,-32.12933],[151.308333,-32.134833],[151.309698,-32.138984],[151.312956,-32.139322],[151.315448,-32.143502],[151.321493,-32.150159],[151.327558,-32.154221],[151.327214,-32.171672],[151.335064,-32.173165],[151.34264,-32.176516],[151.345197,-32.186787],[151.343636,-32.192718],[151.346671,-32.195793],[151.345404,-32.198811],[151.348728,-32.203724],[151.34836,-32.211398],[151.350679,-32.213576],[151.348126,-32.219062],[151.340293,-32.224233],[151.342116,-32.226661],[151.338004,-32.233566],[151.33714,-32.237322],[151.33995,-32.239158],[151.342958,-32.249068],[151.34021,-32.255144],[151.341288,-32.259349],[151.339355,-32.261983],[151.342282,-32.268103],[151.348607,-32.27612],[151.354043,-32.27677],[151.355472,-32.284239],[151.358076,-32.285079],[151.361307,-32.289213],[151.371487,-32.291598],[151.376947,-32.302601],[151.377317,-32.306857],[151.380554,-32.314226],[151.39027,-32.315592],[151.389537,-32.320312],[151.383861,-32.319491],[151.382997,-32.324113],[151.393668,-32.325601],[151.395901,-32.339514],[151.401029,-32.345106],[151.410765,-32.349036],[151.413338,-32.356242],[151.417842,-32.357569],[151.422119,-32.362867],[151.421757,-32.368063],[151.428128,-32.370042],[151.428382,-32.376962],[151.432368,-32.381],[151.434188,-32.387463],[151.442703,-32.397726],[151.449633,-32.400784],[151.446149,-32.407075],[151.453039,-32.411792],[151.466505,-32.419382],[151.470202,-32.426256],[151.473929,-32.429147],[151.467989,-32.436818],[151.470167,-32.440876],[151.466756,-32.443634],[151.468575,-32.4481],[151.465969,-32.453542],[151.462473,-32.454606],[151.459916,-32.45921],[151.457004,-32.460056],[151.454373,-32.464599],[151.456798,-32.472384],[151.460782,-32.47405],[151.464922,-32.478483],[151.470001,-32.480587],[151.47396,-32.485049],[151.485127,-32.492409],[151.496538,-32.497268],[151.500727,-32.504188],[151.499094,-32.509239],[151.498447,-32.517293],[151.495738,-32.519158],[151.49508,-32.524045],[151.502072,-32.529277],[151.496068,-32.557305],[151.479718,-32.555213],[151.473945,-32.586517],[151.476519,-32.586888],[151.477057,-32.593755],[151.474918,-32.598539],[151.470816,-32.618177],[151.451169,-32.615481],[151.452465,-32.608653],[151.44586,-32.607757],[151.445046,-32.612383],[151.441134,-32.61541],[151.434772,-32.613621],[151.432792,-32.627337],[151.426431,-32.63888],[151.424383,-32.646217],[151.413532,-32.655791],[151.407377,-32.657412],[151.403078,-32.661303],[151.404435,-32.671539],[151.407184,-32.679147],[151.40853,-32.682242],[151.41241,-32.684632],[151.41926,-32.686563],[151.424995,-32.691366],[151.432256,-32.691732],[151.43051,-32.687103],[151.438599,-32.68217],[151.440012,-32.678736],[151.437698,-32.671561],[151.43852,-32.669282],[151.443201,-32.669055],[151.451577,-32.670754],[151.454598,-32.665982],[151.45361,-32.663086],[151.44927,-32.658831],[151.453371,-32.656502],[151.457148,-32.657339],[151.471345,-32.662503],[151.477099,-32.659775],[151.47874,-32.654311],[151.477981,-32.648406],[151.481215,-32.64097],[151.484052,-32.637074],[151.488447,-32.635764],[151.496875,-32.638999],[151.498909,-32.641625],[151.501238,-32.650055],[151.506274,-32.65897],[151.510743,-32.66365],[151.510224,-32.673313],[151.511018,-32.679041],[151.509915,-32.687487],[151.513029,-32.692013],[151.518456,-32.693278],[151.525859,-32.688648],[151.535393,-32.679101],[151.541299,-32.678315],[151.542934,-32.682061],[151.543176,-32.687608],[151.552355,-32.689631],[151.559718,-32.686809],[151.566236,-32.688561],[151.569049,-32.697386],[151.566318,-32.70574],[151.559674,-32.716222],[151.554002,-32.728486],[151.557076,-32.732309],[151.561038,-32.733157],[151.566907,-32.731023],[151.574824,-32.732774],[151.580725,-32.736048],[151.58995,-32.732383],[151.589503,-32.722869],[151.590326,-32.720842],[151.59572,-32.71993],[151.599749,-32.716142],[151.605322,-32.715167],[151.610583,-32.716186],[151.612901,-32.714914],[151.618943,-32.717878],[151.619945,-32.722822],[151.624948,-32.724075],[151.63063,-32.723382],[151.638088,-32.719507],[151.641298,-32.71886],[151.646373,-32.722879],[151.654059,-32.724982],[151.665226,-32.739649],[151.6685,-32.741328],[151.673875,-32.741315],[151.680561,-32.735555],[151.67988,-32.730622],[151.686176,-32.727182],[151.691205,-32.727636],[151.69395,-32.730518],[151.70436,-32.732496],[151.714642,-32.736929],[151.717627,-32.737079],[151.72363,-32.73475],[151.725264,-32.739586],[151.721508,-32.744532],[151.722459,-32.74796],[151.727015,-32.751268],[151.72844,-32.760024],[151.732351,-32.758772],[151.734625,-32.754481],[151.73797,-32.752987],[151.744219,-32.754321],[151.751776,-32.750261],[151.743356,-32.746645],[151.738975,-32.740358],[151.734006,-32.736067],[151.743349,-32.724268],[151.747545,-32.720581],[151.744122,-32.713501],[151.746096,-32.709703],[151.751505,-32.705146],[151.753831,-32.700754],[151.753217,-32.695614],[151.749351,-32.687152],[151.750643,-32.683842],[151.756003,-32.678348],[151.789911,-32.683146],[151.809842,-32.686222],[151.828093,-32.673142],[151.835597,-32.668405],[151.844219,-32.661604],[151.894875,-32.668889],[151.896241,-32.658999],[151.912841,-32.661336],[151.913385,-32.658548],[151.932013,-32.661416],[151.939127,-32.666313],[151.940611,-32.673964],[151.944606,-32.676772],[151.951065,-32.676313],[151.976222,-32.684583],[152.039421,-32.692282],[152.05231,-32.688083],[152.074763,-32.692632],[152.124656,-32.699981],[152.187855,-32.70488],[152.194486,-32.707671]],[[152.197109,-32.746103],[152.190502,-32.751173],[152.184939,-32.749721],[152.192662,-32.739777],[152.202932,-32.742184],[152.197109,-32.746103]]]},"bbox":[151.303943,-32.80044497000763,153.00517978791183,-31.1145]},
{"properties":{"electorateShortName":"macarthur","electorateName":"Macarthur","area":362.760223,"state":"NSW"},"type":"Feature","geometry":{"type":"Polygon","coordinates":[[[150.922732,-34.130009],[150.922684,-34.126427],[150.927288,-34.125861],[150.928999,-34.122366],[150.926025,-34.117511],[150.927994,-34.114037],[150.933527,-34.109405],[150.936595,-34.095129],[150.92531,-34.093351],[150.923393,-34.089694],[150.932289,-34.084641],[150.934247,-34.081178],[150.933466,-34.077926],[150.936889,-34.075705],[150.938057,-34.070833],[150.935688,-34.068506],[150.9375,-34.064653],[150.934371,-34.05897],[150.937129,-34.054401],[150.935653,-34.050016],[150.940791,-34.040033],[150.907863,-34.035331],[150.906602,-34.033483],[150.899819,-34.035805],[150.89534,-34.035267],[150.891967,-34.032905],[150.886657,-34.032115],[150.886112,-34.02867],[150.886767,-34.018949],[150.888529,-34.005539],[150.868335,-33.989648],[150.866289,-33.986657],[150.859521,-33.989182],[150.85222,-33.996489],[150.838883,-34.003277],[150.844836,-33.99334],[150.844454,-33.984479],[150.834173,-33.979643],[150.829398,-33.974211],[150.826334,-33.973542],[150.820741,-33.975709],[150.815099,-33.967756],[150.821735,-33.956644],[150.822614,-33.951998],[150.813046,-33.951229],[150.757521,-33.943755],[150.751164,-33.941355],[150.731767,-33.939866],[150.737154,-33.946808],[150.739889,-33.952152],[150.737368,-33.971098],[150.733699,-33.982187],[150.733179,-33.987647],[150.729742,-33.992387],[150.726044,-33.995256],[150.723491,-33.999417],[150.722812,-34.003788],[150.724148,-34.007897],[150.724028,-34.015587],[150.727056,-34.028023],[150.732107,-34.035322],[150.736004,-34.038057],[150.755737,-34.043571],[150.766987,-34.051773],[150.775776,-34.055088],[150.78131,-34.059891],[150.776453,-34.064377],[150.774704,-34.070286],[150.770918,-34.072706],[150.766419,-34.078065],[150.741876,-34.08075],[150.740982,-34.083295],[150.739641,-34.096436],[150.738141,-34.100236],[150.736991,-34.112839],[150.740117,-34.118417],[150.746224,-34.11676],[150.752606,-34.117205],[150.756578,-34.121342],[150.755903,-34.124778],[150.750125,-34.132286],[150.755208,-34.136126],[150.756249,-34.141331],[150.751811,-34.146559],[150.74978,-34.1521],[150.754651,-34.161765],[150.752063,-34.163864],[150.80168,-34.171223],[150.840897,-34.176524],[150.845685,-34.178846],[150.849112,-34.182158],[150.855005,-34.184149],[150.853664,-34.17844],[150.856023,-34.177722],[150.859442,-34.181408],[150.862476,-34.183178],[150.870599,-34.182473],[150.874078,-34.187863],[150.879449,-34.187138],[150.899306,-34.189606],[150.898911,-34.187371],[150.903908,-34.185063],[150.904029,-34.180881],[150.907085,-34.164498],[150.914114,-34.159257],[150.916568,-34.153225],[150.915083,-34.150649],[150.91871,-34.146877],[150.91947,-34.141238],[150.917943,-34.137899],[150.922458,-34.133936],[150.922732,-34.130009]]]},"bbox":[150.722812,-34.189606,150.940791,-33.939866]},
{"properties":{"electorateShortName":"mackellar","electorateName":"Mackellar","area":233.24486,"state":"NSW"},"type":"Feature","geometry":{"type":"Polygon","coordinates":[[[151.299717,-33.756601],[151.301848,-33.760243],[151.302525,-33.768177],[151.298518,-33.767561],[151.29314,-33.773274],[151.295954,-33.781772],[151.289885,-33.782404],[151.291345,-33.785715],[151.288595,-33.787268],[151.288071,-33.79454],[151.290332,-33.799121],[151.29413,-33.800895],[151.297149,-33.799331],[151.30214,-33.802652],[151.303564,-33.806415],[151.307595,-33.807763],[151.301061,-33.818464],[151.301529,-33.823317],[151.290672,-33.828322],[151.280955,-33.832769],[151.28700195002025,-33.848062265588766],[151.29909369170278,-33.84667503396292],[151.3041118021592,-33.84649363437002],[151.32112913841988,-33.84401678992543],[151.33736473471106,-33.83834846522752],[151.35222584245716,-33.829695606256614],[151.36516989455492,-33.81837412194133],[151.36885976329953,-33.81605856643966],[151.38202243132312,-33.80496449172213],[151.39283207928625,-33.791567259386646],[151.400893241792,-33.77635700027007],[151.40591100536676,-33.759890173859205],[151.4077017977175,-33.74276921050739],[151.40620010362943,-33.72562047183064],[151.40306812140298,-33.714683785647054],[151.4041769021087,-33.707200651065826],[151.41160853771203,-33.69049131709575],[151.41206448848013,-33.68842684441424],[151.4230377974114,-33.66841819148878],[151.4296127067762,-33.64904116770387],[151.43272412127203,-33.63181211076407],[151.43244097803537,-33.61430665066994],[151.4287739918111,-33.59718723142655],[151.4246407725845,-33.58756852869663],[151.4251965753877,-33.58141487677309],[151.42328215628194,-33.563719316172744],[151.41778470217264,-33.54640395311699],[151.40892187284427,-33.530545389003784],[151.39706,-33.526504],[151.391571,-33.523077],[151.386905,-33.524573],[151.38474,-33.530278],[151.380183,-33.531665],[151.373582,-33.531492],[151.370241,-33.528967],[151.360156,-33.532518],[151.359282,-33.534918],[151.348535,-33.539918],[151.346402,-33.543242],[151.3352,-33.5822],[151.328127,-33.578163],[151.322677,-33.579818],[151.310802,-33.579452],[151.30875,-33.57598],[151.302304,-33.573509],[151.2919,-33.572015],[151.289405,-33.573637],[151.284798,-33.572214],[151.282942,-33.577835],[151.27633,-33.582946],[151.272329,-33.583007],[151.272277,-33.586237],[151.267299,-33.586403],[151.260747,-33.590032],[151.25021,-33.587935],[151.250946,-33.593755],[151.258392,-33.593282],[151.255461,-33.596804],[151.251843,-33.59823],[151.254334,-33.603694],[151.246419,-33.601793],[151.24616,-33.59584],[151.241199,-33.600433],[151.231648,-33.603577],[151.226685,-33.598772],[151.215461,-33.612847],[151.205049,-33.615435],[151.196143,-33.622227],[151.187736,-33.62162],[151.185202,-33.622583],[151.182257,-33.627768],[151.179502,-33.62595],[151.173041,-33.626718],[151.173397,-33.631961],[151.169891,-33.634415],[151.168843,-33.639395],[151.165104,-33.639403],[151.164817,-33.648482],[151.160861,-33.650604],[151.161546,-33.654399],[151.164108,-33.656222],[151.161505,-33.659605],[151.166919,-33.664547],[151.168875,-33.667781],[151.16723,-33.672301],[151.168831,-33.676212],[151.171846,-33.677542],[151.165852,-33.686067],[151.172725,-33.692784],[151.176324,-33.697875],[151.188405,-33.698545],[151.191417,-33.702699],[151.187746,-33.720649],[151.188837,-33.725118],[151.187522,-33.728208],[151.182553,-33.732406],[151.18035,-33.740095],[151.182132,-33.742698],[151.188384,-33.743645],[151.193976,-33.750466],[151.190988,-33.757003],[151.193803,-33.759981],[151.198416,-33.761605],[151.199426,-33.76791],[151.203518,-33.770556],[151.203599,-33.773133],[151.205658,-33.769778],[151.204514,-33.765689],[151.209219,-33.76019],[151.218316,-33.760127],[151.221316,-33.755477],[151.227126,-33.751393],[151.239887,-33.753112],[151.247201,-33.751709],[151.258469,-33.7533],[151.263439,-33.755157],[151.266866,-33.754371],[151.274556,-33.755306],[151.28048,-33.758586],[151.284494,-33.754431],[151.299717,-33.756601]]]},"bbox":[151.160861,-33.848062265588766,151.43272412127203,-33.523077]},
{"properties":{"electorateShortName":"macquarie","electorateName":"Macquarie","area":4373.992082,"state":"NSW"},"type":"Feature","geometry":{"type":"Polygon","coordinates":[[[151.135811,-33.10996],[151.134269,-33.104227],[151.130635,-33.100933],[151.129802,-33.094739],[151.126687,-33.09199],[151.113734,-33.090347],[151.109365,-33.086028],[151.104072,-33.076993],[151.09874,-33.078372],[151.094368,-33.076967],[151.088366,-33.078773],[151.083942,-33.075248],[151.076215,-33.077389],[151.072719,-33.07725],[151.070871,-33.080268],[151.063531,-33.081902],[151.05977,-33.080332],[151.052491,-33.07994],[151.047305,-33.088737],[151.04231,-33.09233],[151.039776,-33.097085],[151.040005,-33.106088],[151.03529,-33.119331],[151.037159,-33.123549],[151.029868,-33.123642],[151.025688,-33.125358],[151.020443,-33.122157],[151.013179,-33.122827],[151.012251,-33.124464],[151.003802,-33.126027],[150.993782,-33.122509],[150.987866,-33.12495],[150.985635,-33.128008],[150.980185,-33.126904],[150.972613,-33.130433],[150.964933,-33.12949],[150.962079,-33.12721],[150.95133,-33.124926],[150.950243,-33.122678],[150.945587,-33.121925],[150.94198,-33.123217],[150.939011,-33.120422],[150.933927,-33.11917],[150.931398,-33.113125],[150.924108,-33.111106],[150.919638,-33.11256],[150.916385,-33.11161],[150.911377,-33.114495],[150.905238,-33.115839],[150.899991,-33.121177],[150.88448,-33.118972],[150.87408,-33.115068],[150.871966,-33.10838],[150.872525,-33.104183],[150.866317,-33.102512],[150.865068,-33.099225],[150.858456,-33.094072],[150.853502,-33.094406],[150.851689,-33.097593],[150.846749,-33.0978],[150.848025,-33.092859],[150.851078,-33.091149],[150.848773,-33.087742],[150.852732,-33.083849],[150.848756,-33.078704],[150.848995,-33.07414],[150.855563,-33.070485],[150.851726,-33.066879],[150.856379,-33.064245],[150.858449,-33.060146],[150.853808,-33.05943],[150.854764,-33.055573],[150.852023,-33.05235],[150.850685,-33.043454],[150.857322,-33.043226],[150.857239,-33.039554],[150.852666,-33.037145],[150.855073,-33.032476],[150.851681,-33.030302],[150.84599,-33.03527],[150.842568,-33.03324],[150.838515,-33.034597],[150.835699,-33.030835],[150.830161,-33.03318],[150.82989,-33.029853],[150.826234,-33.025437],[150.818296,-33.023571],[150.816568,-33.016211],[150.812731,-33.012509],[150.806048,-33.010702],[150.80474,-33.006038],[150.763832,-33.000322],[150.761058,-33.014783],[150.756645,-33.015357],[150.752012,-33.017765],[150.751153,-33.020569],[150.745841,-33.021913],[150.735702,-33.016211],[150.729523,-33.015652],[150.723449,-33.012633],[150.716594,-33.012007],[150.714768,-33.01405],[150.709412,-33.011436],[150.702842,-33.010244],[150.703759,-33.005804],[150.699818,-32.999506],[150.693956,-32.996069],[150.685789,-32.99677],[150.687344,-33.001404],[150.683725,-33.008754],[150.677184,-33.013276],[150.675234,-33.018003],[150.672198,-33.021474],[150.67242,-33.02681],[150.679034,-33.027715],[150.681888,-33.031523],[150.683069,-33.040067],[150.682095,-33.044743],[150.690898,-33.044088],[150.695166,-33.041928],[150.700216,-33.042408],[150.705568,-33.044748],[150.706413,-33.048568],[150.70518,-33.054292],[150.707381,-33.058849],[150.716605,-33.065307],[150.718059,-33.068653],[150.727881,-33.072023],[150.630238,-33.058586],[150.628302,-33.061033],[150.610687,-33.066137],[150.612507,-33.072258],[150.609832,-33.083299],[150.613546,-33.089187],[150.610914,-33.098752],[150.607115,-33.100932],[150.616785,-33.103606],[150.619741,-33.110009],[150.613723,-33.110012],[150.609284,-33.111963],[150.612028,-33.114895],[150.611668,-33.119417],[150.60831,-33.119741],[150.606592,-33.124546],[150.602723,-33.122644],[150.59865,-33.124654],[150.599497,-33.127922],[150.605086,-33.132483],[150.610509,-33.135035],[150.61181,-33.138498],[150.610163,-33.142866],[150.604485,-33.1473],[150.595648,-33.145242],[150.593156,-33.147487],[150.587936,-33.14746],[150.586393,-33.1517],[150.589786,-33.160277],[150.585439,-33.161782],[150.585563,-33.166025],[150.581126,-33.168448],[150.576792,-33.167721],[150.570949,-33.168698],[150.570094,-33.164484],[150.572854,-33.161213],[150.572718,-33.156826],[150.566823,-33.157243],[150.563113,-33.162301],[150.559832,-33.161035],[150.554055,-33.162685],[150.554719,-33.168258],[150.552122,-33.171145],[150.55542,-33.174281],[150.552354,-33.183727],[150.543547,-33.185464],[150.539,-33.187797],[150.536844,-33.191916],[150.531291,-33.191286],[150.527999,-33.194059],[150.530778,-33.199328],[150.5306,-33.202188],[150.534081,-33.211498],[150.5395,-33.213079],[150.543207,-33.216862],[150.542957,-33.222186],[150.532535,-33.223316],[150.530233,-33.225633],[150.529587,-33.233836],[150.525863,-33.236883],[150.527084,-33.240151],[150.53315,-33.240176],[150.535805,-33.245715],[150.539721,-33.248086],[150.541433,-33.253286],[150.543929,-33.255993],[150.549228,-33.257329],[150.555318,-33.254255],[150.560389,-33.256919],[150.562852,-33.26403],[150.562045,-33.266164],[150.555345,-33.265422],[150.552368,-33.271817],[150.554024,-33.276508],[150.557395,-33.280644],[150.564387,-33.283181],[150.575561,-33.289619],[150.566112,-33.290837],[150.56158,-33.289092],[150.557503,-33.290777],[150.556317,-33.293352],[150.565444,-33.29868],[150.566799,-33.30573],[150.564321,-33.309625],[150.560319,-33.312407],[150.553543,-33.31098],[150.551523,-33.315285],[150.554153,-33.318294],[150.561509,-33.320563],[150.569422,-33.320656],[150.574565,-33.322405],[150.58063,-33.320707],[150.583788,-33.321942],[150.585587,-33.325331],[150.582165,-33.329463],[150.583174,-33.33254],[150.591305,-33.337363],[150.590621,-33.342604],[150.582762,-33.34305],[150.580771,-33.347624],[150.580997,-33.351442],[150.576968,-33.352138],[150.574088,-33.357999],[150.567424,-33.355576],[150.566463,-33.359863],[150.560141,-33.361656],[150.559071,-33.366022],[150.555069,-33.365971],[150.550972,-33.368615],[150.549405,-33.364845],[150.545835,-33.366295],[150.542538,-33.364039],[150.538791,-33.367729],[150.5282,-33.370725],[150.526229,-33.375303],[150.521103,-33.373831],[150.51573,-33.377498],[150.511648,-33.375392],[150.509062,-33.37915],[150.504376,-33.375716],[150.501161,-33.378272],[150.496375,-33.377127],[150.493852,-33.379181],[150.489808,-33.377476],[150.487535,-33.381892],[150.482172,-33.38384],[150.487725,-33.386328],[150.484435,-33.389258],[150.483236,-33.39284],[150.485214,-33.395367],[150.480138,-33.396699],[150.475923,-33.399445],[150.479116,-33.401926],[150.477604,-33.404708],[150.480221,-33.408536],[150.478817,-33.412533],[150.48035,-33.414933],[150.478193,-33.41879],[150.476945,-33.427524],[150.479044,-33.430037],[150.473715,-33.432908],[150.472755,-33.438565],[150.460296,-33.449083],[150.465794,-33.451301],[150.468351,-33.454068],[150.465404,-33.456469],[150.455614,-33.457227],[150.451186,-33.458985],[150.450839,-33.466658],[150.447816,-33.473436],[150.4474,-33.481423],[150.441811,-33.482738],[150.440457,-33.480904],[150.431947,-33.482026],[150.428664,-33.481157],[150.422948,-33.48233],[150.419212,-33.486562],[150.408594,-33.480962],[150.411016,-33.47848],[150.409409,-33.473919],[150.402519,-33.476926],[150.397605,-33.482563],[150.400411,-33.48728],[150.39308,-33.487081],[150.389435,-33.481546],[150.384153,-33.479874],[150.38183,-33.487721],[150.375798,-33.486303],[150.369314,-33.488578],[150.364006,-33.489175],[150.35677,-33.485726],[150.353547,-33.490626],[150.35577,-33.495917],[150.347034,-33.502089],[150.349161,-33.504979],[150.348298,-33.508797],[150.344467,-33.509466],[150.342197,-33.512052],[150.335619,-33.511948],[150.332084,-33.522197],[150.330777,-33.522495],[150.311912,-33.52015],[150.314668,-33.504414],[150.301649,-33.502262],[150.27679,-33.49918],[150.260788,-33.496272],[150.256814,-33.494305],[150.255703,-33.50549],[150.253341,-33.518181],[150.25767,-33.51874],[150.250674,-33.558046],[150.241251,-33.556794],[150.240555,-33.56042],[150.235422,-33.562018],[150.226118,-33.560516],[150.227786,-33.550626],[150.22689,-33.549511],[150.215642,-33.547977],[150.21372,-33.557651],[150.224756,-33.560321],[150.227451,-33.563532],[150.225521,-33.571677],[150.228146,-33.575059],[150.235253,-33.576002],[150.235428,-33.581367],[150.239418,-33.58181],[150.236942,-33.593271],[150.244826,-33.59442],[150.243219,-33.60244],[150.250274,-33.603441],[150.249016,-33.609112],[150.260282,-33.610715],[150.258977,-33.61747],[150.27147,-33.619145],[150.270759,-33.622929],[150.266463,-33.622346],[150.267516,-33.629347],[150.264089,-33.631226],[150.261918,-33.641664],[150.240504,-33.638576],[150.237807,-33.651222],[150.241629,-33.654497],[150.246824,-33.656256],[150.248329,-33.658346],[150.248256,-33.663644],[150.243138,-33.66454],[150.231364,-33.663004],[150.228915,-33.675998],[150.214826,-33.674875],[150.207621,-33.708514],[150.181602,-33.704467],[150.182809,-33.709169],[150.18065,-33.714379],[150.178003,-33.715309],[150.177654,-33.721036],[150.181753,-33.722527],[150.190722,-33.719125],[150.195512,-33.71289],[150.199456,-33.713469],[150.199111,-33.716788],[150.202331,-33.718103],[150.206317,-33.714092],[150.212336,-33.720971],[150.210142,-33.725839],[150.198909,-33.728766],[150.19454,-33.734365],[150.190084,-33.73363],[150.188077,-33.737183],[150.179646,-33.743476],[150.180063,-33.745869],[150.185842,-33.750854],[150.190628,-33.749664],[150.19551,-33.757427],[150.193354,-33.76248],[150.195675,-33.766337],[150.191167,-33.770044],[150.190419,-33.774913],[150.183949,-33.778115],[150.177912,-33.778027],[150.179286,-33.782186],[150.177901,-33.786165],[150.171853,-33.787983],[150.171948,-33.792935],[150.16873,-33.795131],[150.171948,-33.798754],[150.179346,-33.796961],[150.181131,-33.802595],[150.180411,-33.805847],[150.173391,-33.816977],[150.174279,-33.821168],[150.169176,-33.826616],[150.172096,-33.831211],[150.176151,-33.834295],[150.178608,-33.830459],[150.182725,-33.829878],[150.185295,-33.838119],[150.182331,-33.841668],[150.181839,-33.847939],[150.175586,-33.852848],[150.176052,-33.860469],[150.174315,-33.862304],[150.166036,-33.864556],[150.170536,-33.872325],[150.179152,-33.873107],[150.186093,-33.88118],[150.1871,-33.885071],[150.19069,-33.885525],[150.19308,-33.880259],[150.197074,-33.877805],[150.202321,-33.882731],[150.206974,-33.885348],[150.212998,-33.882277],[150.223906,-33.883026],[150.232966,-33.884501],[150.236463,-33.883629],[150.239802,-33.878817],[150.245148,-33.878267],[150.246584,-33.870384],[150.25306,-33.871987],[150.26485,-33.865542],[150.265332,-33.860257],[150.272107,-33.859509],[150.276238,-33.853552],[150.280855,-33.85066],[150.290642,-33.851765],[150.295824,-33.84793],[150.304233,-33.844842],[150.307928,-33.846295],[150.3116,-33.851148],[150.314386,-33.851526],[150.321056,-33.849302],[150.320188,-33.8536],[150.326633,-33.85673],[150.332307,-33.855843],[150.340998,-33.856488],[150.345224,-33.857912],[150.346954,-33.862221],[150.342012,-33.863657],[150.333241,-33.864477],[150.330523,-33.866016],[150.332376,-33.877094],[150.33843,-33.885095],[150.340777,-33.89566],[150.340653,-33.900687],[150.34263,-33.902841],[150.34683,-33.901405],[150.354984,-33.895353],[150.363137,-33.892891],[150.36882,-33.908175],[150.385992,-33.910944],[150.404275,-33.940691],[150.427624,-33.944076],[150.436642,-33.950538],[150.449691,-33.949012],[150.457422,-33.950937],[150.470564,-33.963447],[150.494532,-33.94966],[150.523615,-33.921497],[150.557209,-33.904856],[150.570001,-33.897066],[150.582552,-33.890941],[150.607147,-33.876195],[150.611755,-33.872054],[150.612801,-33.861848],[150.61039,-33.857395],[150.597329,-33.857296],[150.591947,-33.85464],[150.588042,-33.844933],[150.591258,-33.834996],[150.594507,-33.830241],[150.599826,-33.826015],[150.609144,-33.822584],[150.619689,-33.814068],[150.628089,-33.80157],[150.633115,-33.795626],[150.64072,-33.781917],[150.639596,-33.779237],[150.642706,-33.775381],[150.643217,-33.766645],[150.641691,-33.758026],[150.644641,-33.753256],[150.643841,-33.749361],[150.640571,-33.748033],[150.644155,-33.734116],[150.64248,-33.730184],[150.644053,-33.721212],[150.648439,-33.721852],[150.649672,-33.716031],[150.655767,-33.716939],[150.657963,-33.713722],[150.658593,-33.702417],[150.659825,-33.692884],[150.657889,-33.677031],[150.660753,-33.669754],[150.667144,-33.666432],[150.667916,-33.663122],[150.666241,-33.654087],[150.66891,-33.649237],[150.677209,-33.630807],[150.681494,-33.625074],[150.685214,-33.622036],[150.687803,-33.622524],[150.694364,-33.620099],[150.69952,-33.612281],[150.708442,-33.61346],[150.721427,-33.617971],[150.773668,-33.634578],[150.782148,-33.637517],[150.787845,-33.643419],[150.791687,-33.649208],[150.796438,-33.660184],[150.812394,-33.677614],[150.819109,-33.675789],[150.813903,-33.672146],[150.813439,-33.667572],[150.817758,-33.66197],[150.827172,-33.657267],[150.835156,-33.658009],[150.851043,-33.650137],[150.85874,-33.646317],[150.866382,-33.652394],[150.87402,-33.656763],[150.886604,-33.637608],[150.904371,-33.611787],[150.919403,-33.588947],[150.93579,-33.564704],[150.933641,-33.560749],[150.927895,-33.558527],[150.921632,-33.560817],[150.920449,-33.557272],[150.91613,-33.55442],[150.908117,-33.557541],[150.904734,-33.554705],[150.900027,-33.555985],[150.896005,-33.555291],[150.893435,-33.561034],[150.889795,-33.56155],[150.889073,-33.555299],[150.89203,-33.552406],[150.893058,-33.548612],[150.88933,-33.542181],[150.890101,-33.539159],[150.895756,-33.535493],[150.900538,-33.526885],[150.906618,-33.524024],[150.905756,-33.519529],[150.899585,-33.515352],[150.899449,-33.511538],[150.905348,-33.510585],[150.914559,-33.517305],[150.919278,-33.51676],[150.926583,-33.508451],[150.927672,-33.504864],[150.925449,-33.502048],[150.915058,-33.501367],[150.910294,-33.49996],[150.90442,-33.494224],[150.900901,-33.489371],[150.893512,-33.484659],[150.890205,-33.486066],[150.87645,-33.499906],[150.873157,-33.501839],[150.869657,-33.497669],[150.878734,-33.490145],[150.877397,-33.481776],[150.872734,-33.47756],[150.871064,-33.473126],[150.876553,-33.470806],[150.896116,-33.474744],[150.900127,-33.474462],[150.904772,-33.472001],[150.904842,-33.466797],[150.898251,-33.451749],[150.884608,-33.456488],[150.878951,-33.45574],[150.87554,-33.452747],[150.885357,-33.446262],[150.887353,-33.437201],[150.890847,-33.43612],[150.896254,-33.43745],[150.899249,-33.434374],[150.893342,-33.4303],[150.893758,-33.427224],[150.903575,-33.419493],[150.92221,-33.417664],[150.924622,-33.42049],[150.921461,-33.42606],[150.921544,-33.429136],[150.924955,-33.432462],[150.929947,-33.430799],[150.931278,-33.428471],[150.932442,-33.420407],[150.934273,-33.4165],[150.939846,-33.413923],[150.943673,-33.424896],[150.949247,-33.428139],[150.953407,-33.425229],[150.951077,-33.416832],[150.951743,-33.413756],[150.96106,-33.412259],[150.976652,-33.400233],[150.979737,-33.39472],[150.981576,-33.383515],[150.983831,-33.378535],[150.988458,-33.379232],[150.98469,-33.374556],[150.984146,-33.371598],[150.986909,-33.3686],[150.9876,-33.364468],[150.992446,-33.364117],[150.998656,-33.35499],[150.999641,-33.351156],[151.003929,-33.349861],[151.012378,-33.349201],[151.015163,-33.353517],[151.018358,-33.3536],[151.024278,-33.349771],[151.031244,-33.350785],[151.051469,-33.34089],[151.056441,-33.343103],[151.064369,-33.341887],[151.066758,-33.339794],[151.065826,-33.335163],[151.069965,-33.332963],[151.078149,-33.335507],[151.081096,-33.334326],[151.088058,-33.32774],[151.090015,-33.324428],[151.086536,-33.319888],[151.086442,-33.316888],[151.090411,-33.315679],[151.093515,-33.312192],[151.095188,-33.303085],[151.09362,-33.295858],[151.095267,-33.291534],[151.093315,-33.289721],[151.093673,-33.284478],[151.089746,-33.280698],[151.091452,-33.277828],[151.089704,-33.275108],[151.089995,-33.268492],[151.098213,-33.257092],[151.099663,-33.25323],[151.098506,-33.249942],[151.100336,-33.241632],[151.105924,-33.23422],[151.106299,-33.22835],[151.104195,-33.227219],[151.102418,-33.222111],[151.098677,-33.22073],[151.098984,-33.210773],[151.098285,-33.202588],[151.100444,-33.19573],[151.096711,-33.193462],[151.09996,-33.183887],[151.104181,-33.181218],[151.10106,-33.177376],[151.100573,-33.171098],[151.101794,-33.167869],[151.100964,-33.162629],[151.10582,-33.151514],[151.099671,-33.144458],[151.101014,-33.136573],[151.107597,-33.128015],[151.116777,-33.12498],[151.120174,-33.120718],[151.123355,-33.119021],[151.125588,-33.115146],[151.135811,-33.10996]]]},"bbox":[150.166036,-33.963447,151.135811,-32.996069]},
{"properties":{"electorateShortName":"mcmahon","electorateName":"McMahon","area":168.416907,"state":"NSW"},"type":"Feature","geometry":{"type":"Polygon","coordinates":[[[150.996472,-33.851322],[150.997077,-33.849159],[150.989168,-33.847627],[150.991228,-33.843901],[150.991835,-33.836892],[150.969496,-33.832332],[150.969478,-33.815672],[150.952387,-33.811574],[150.94517,-33.809184],[150.937883,-33.808343],[150.930746,-33.805643],[150.915236,-33.802293],[150.906862,-33.801419],[150.896938,-33.797945],[150.888638,-33.795588],[150.866235,-33.791558],[150.803381,-33.776811],[150.808085,-33.781308],[150.809399,-33.787934],[150.811485,-33.791122],[150.801251,-33.790162],[150.781632,-33.785783],[150.765151,-33.783428],[150.761727,-33.786098],[150.763007,-33.789155],[150.758555,-33.792497],[150.759028,-33.794667],[150.763756,-33.796769],[150.764682,-33.80533],[150.768249,-33.804835],[150.770333,-33.808894],[150.768243,-33.813251],[150.764587,-33.812699],[150.765882,-33.822112],[150.76133,-33.825995],[150.762042,-33.828598],[150.766245,-33.828873],[150.765855,-33.835483],[150.768791,-33.836438],[150.769528,-33.841975],[150.768453,-33.848819],[150.77067,-33.851859],[150.768358,-33.856717],[150.771061,-33.861625],[150.769596,-33.866758],[150.775955,-33.870768],[150.773293,-33.873935],[150.767908,-33.875728],[150.780965,-33.877507],[150.787282,-33.879868],[150.793829,-33.880744],[150.809075,-33.880527],[150.814645,-33.879529],[150.821907,-33.880246],[150.827896,-33.875988],[150.840236,-33.874883],[150.843477,-33.877197],[150.845364,-33.874223],[150.852379,-33.869654],[150.853667,-33.863161],[150.869703,-33.865388],[150.871953,-33.862241],[150.875878,-33.852024],[150.886286,-33.853183],[150.892601,-33.852242],[150.891835,-33.855855],[150.916357,-33.858883],[150.918291,-33.865227],[150.916567,-33.874458],[150.922366,-33.875644],[150.925953,-33.874439],[150.935612,-33.882234],[150.942666,-33.882881],[150.945003,-33.885677],[150.959541,-33.881462],[150.963891,-33.869157],[150.969905,-33.868426],[150.985518,-33.870492],[150.993779,-33.859763],[150.996472,-33.851322]]]},"bbox":[150.758555,-33.885677,150.997077,-33.776811]},
{"properties":{"electorateShortName":"mitchell","electorateName":"Mitchell","area":101.066745,"state":"NSW"},"type":"Feature","geometry":{"type":"Polygon","coordinates":[[[151.031131,-33.768966],[151.027502,-33.761361],[151.019263,-33.756961],[151.020852,-33.751848],[151.024284,-33.746624],[151.02303,-33.737679],[151.026935,-33.732754],[151.016831,-33.730682],[151.018197,-33.72761],[151.019071,-33.717193],[151.01612,-33.714719],[151.001583,-33.71458],[150.997119,-33.713178],[150.997297,-33.710865],[150.990494,-33.706213],[150.989082,-33.703553],[150.984298,-33.703089],[150.98167,-33.699147],[150.979287,-33.699549],[150.969687,-33.693746],[150.967731,-33.687976],[150.962217,-33.682222],[150.96206,-33.679846],[150.956265,-33.676137],[150.949119,-33.673934],[150.946675,-33.668028],[150.942946,-33.667481],[150.937936,-33.664168],[150.936921,-33.661192],[150.930022,-33.659839],[150.926878,-33.654424],[150.927946,-33.649118],[150.930459,-33.648283],[150.936538,-33.649601],[150.93784,-33.644321],[150.935792,-33.641505],[150.927218,-33.641921],[150.924754,-33.639732],[150.927854,-33.636523],[150.923565,-33.629482],[150.92776,-33.628091],[150.931724,-33.629894],[150.936607,-33.623159],[150.935453,-33.618282],[150.92956,-33.615815],[150.925141,-33.616065],[150.923116,-33.619871],[150.914946,-33.616827],[150.904371,-33.611787],[150.886604,-33.637608],[150.87402,-33.656763],[150.87639,-33.659359],[150.884401,-33.660007],[150.894768,-33.6629],[150.900008,-33.666442],[150.903615,-33.670809],[150.910773,-33.674697],[150.916771,-33.683878],[150.926924,-33.696016],[150.945925,-33.73935],[150.950557,-33.749365],[150.957873,-33.762967],[150.960975,-33.773546],[150.966879,-33.781121],[150.97273,-33.786315],[150.987451,-33.796571],[150.99888,-33.791321],[151.00151,-33.791567],[151.007594,-33.787602],[151.012275,-33.777723],[151.016875,-33.775088],[151.025167,-33.775124],[151.031131,-33.768966]]]},"bbox":[150.87402,-33.796571,151.031131,-33.611787]},
{"properties":{"electorateShortName":"new-england","electorateName":"New England","area":66394.207326,"state":"NSW"},"type":"Feature","geometry":{"type":"Polygon","coordinates":[[[152.428078,-30.418897],[152.424197,-30.417938],[152.418225,-30.41101],[152.416237,-30.406891],[152.409379,-30.40186],[152.408253,-30.399368],[152.40424,-30.397937],[152.401941,-30.394744],[152.396828,-30.392564],[152.394419,-30.387025],[152.390374,-30.386282],[152.387531,-30.383159],[152.389916,-30.374706],[152.385967,-30.370863],[152.383528,-30.364052],[152.38192,-30.362628],[152.364574,-30.360976],[152.365554,-30.354135],[152.360832,-30.353455],[152.35514,-30.355882],[152.35178,-30.355359],[152.354767,-30.34037],[152.349464,-30.33955],[152.351166,-30.333711],[152.345622,-30.33295],[152.347016,-30.325947],[152.342873,-30.324239],[152.344599,-30.315088],[152.342286,-30.313618],[152.344473,-30.301603],[152.346957,-30.300368],[152.347884,-30.292555],[152.342513,-30.287965],[152.339105,-30.278623],[152.341179,-30.275374],[152.34212,-30.26899],[152.340459,-30.26421],[152.337868,-30.262865],[152.337373,-30.258078],[152.343326,-30.247144],[152.344591,-30.241792],[152.347434,-30.24038],[152.348472,-30.236709],[152.344765,-30.228089],[152.339077,-30.225491],[152.338259,-30.219133],[152.331396,-30.220644],[152.32987,-30.216779],[152.327006,-30.217074],[152.323219,-30.212536],[152.32476,-30.210719],[152.315346,-30.208661],[152.31098,-30.195078],[152.313217,-30.192364],[152.311011,-30.189978],[152.314438,-30.187554],[152.312709,-30.183686],[152.316956,-30.182255],[152.311339,-30.178789],[152.308429,-30.181194],[152.303481,-30.178463],[152.311073,-30.173596],[152.309627,-30.168325],[152.30646,-30.167695],[152.309578,-30.160722],[152.304725,-30.161071],[152.304777,-30.157571],[152.308252,-30.151798],[152.309102,-30.147343],[152.305579,-30.145275],[152.303867,-30.141956],[152.297179,-30.138543],[152.296481,-30.132767],[152.300661,-30.133398],[152.302323,-30.131266],[152.2998,-30.12795],[152.300524,-30.123361],[152.297523,-30.122328],[152.298003,-30.115985],[152.29186,-30.111521],[152.286954,-30.109408],[152.286719,-30.105776],[152.283753,-30.102156],[152.280638,-30.101331],[152.279692,-30.097757],[152.283874,-30.095814],[152.28362,-30.092186],[152.279714,-30.087692],[152.287256,-30.086807],[152.289623,-30.085233],[152.294757,-30.085144],[152.294952,-30.082681],[152.291906,-30.077191],[152.295967,-30.075714],[152.2941,-30.070318],[152.299084,-30.072169],[152.297974,-30.067601],[152.293274,-30.065859],[152.29151,-30.063202],[152.293708,-30.05989],[152.299775,-30.05798],[152.29764,-30.053265],[152.293442,-30.05295],[152.293354,-30.049754],[152.297348,-30.049219],[152.299513,-30.046532],[152.295166,-30.044577],[152.297192,-30.038916],[152.30361,-30.039663],[152.30871,-30.03456],[152.315555,-30.034309],[152.313134,-30.027999],[152.315724,-30.019048],[152.312667,-30.014979],[152.312967,-30.012352],[152.317005,-30.006747],[152.316915,-30.000952],[152.308907,-29.995322],[152.307396,-29.98682],[152.301705,-29.987356],[152.300566,-29.984298],[152.307205,-29.982751],[152.304635,-29.978878],[152.297603,-29.978791],[152.291972,-29.977111],[152.28529,-29.969412],[152.288005,-29.96502],[152.282316,-29.965734],[152.275504,-29.96122],[152.272123,-29.95087],[152.273614,-29.946393],[152.27164,-29.939512],[152.269286,-29.935529],[152.269237,-29.932046],[152.279097,-29.929984],[152.283929,-29.925041],[152.281848,-29.921591],[152.277708,-29.921329],[152.272042,-29.928478],[152.267146,-29.928025],[152.267013,-29.924092],[152.269382,-29.921995],[152.275983,-29.920606],[152.277702,-29.916065],[152.269352,-29.915886],[152.26866,-29.91238],[152.271555,-29.910338],[152.277336,-29.911587],[152.284601,-29.909409],[152.28566,-29.907312],[152.281073,-29.899898],[152.280846,-29.895508],[152.284977,-29.884674],[152.280781,-29.877606],[152.286737,-29.876071],[152.286288,-29.871487],[152.27741,-29.867582],[152.276253,-29.86205],[152.2816,-29.858571],[152.281886,-29.85685],[152.27563,-29.852829],[152.27393,-29.846247],[152.268662,-29.847336],[152.26254,-29.852481],[152.257362,-29.860257],[152.254131,-29.861426],[152.251076,-29.865088],[152.243707,-29.862923],[152.23625,-29.865271],[152.234488,-29.863884],[152.227785,-29.865886],[152.228134,-29.867805],[152.222813,-29.870364],[152.217028,-29.871375],[152.21025,-29.868606],[152.200337,-29.868248],[152.198074,-29.871503],[152.197778,-29.875633],[152.193438,-29.875842],[152.179631,-29.872042],[152.168485,-29.869784],[152.170149,-29.862828],[152.169378,-29.855438],[152.175416,-29.84576],[152.175214,-29.842337],[152.170564,-29.841611],[152.172758,-29.836824],[152.175157,-29.836563],[152.1747,-29.827095],[152.176502,-29.823296],[152.170699,-29.821527],[152.176354,-29.817288],[152.176888,-29.811336],[152.17919,-29.807549],[152.18771,-29.804057],[152.187983,-29.799659],[152.190344,-29.796948],[152.190846,-29.792664],[152.196129,-29.788842],[152.202765,-29.787141],[152.201602,-29.78096],[152.206784,-29.776574],[152.205592,-29.77137],[152.210149,-29.768684],[152.213975,-29.761978],[152.216838,-29.760481],[152.224886,-29.7616],[152.227152,-29.760484],[152.22775,-29.756309],[152.230407,-29.754758],[152.235813,-29.757041],[152.241781,-29.754826],[152.246617,-29.757008],[152.250179,-29.756185],[152.252728,-29.752612],[152.25765,-29.758348],[152.264601,-29.750703],[152.26266,-29.746786],[152.258306,-29.744296],[152.259201,-29.739491],[152.255079,-29.73343],[152.260367,-29.72951],[152.264965,-29.728435],[152.265863,-29.725984],[152.262054,-29.715076],[152.264298,-29.709365],[152.271073,-29.707675],[152.268339,-29.703832],[152.263555,-29.70277],[152.261009,-29.700579],[152.261842,-29.697489],[152.265827,-29.693673],[152.270398,-29.691168],[152.271207,-29.685855],[152.276473,-29.68154],[152.276789,-29.672523],[152.280708,-29.665904],[152.28345,-29.665956],[152.285713,-29.673218],[152.289543,-29.676294],[152.293557,-29.669745],[152.30303,-29.66794],[152.304397,-29.662856],[152.310957,-29.665286],[152.312214,-29.663098],[152.310268,-29.655777],[152.312202,-29.651606],[152.315315,-29.65149],[152.322233,-29.655095],[152.327136,-29.65388],[152.325919,-29.649651],[152.336123,-29.640777],[152.3391,-29.623416],[152.354492,-29.545471],[152.358684,-29.540345],[152.363964,-29.538722],[152.378027,-29.531125],[152.38099,-29.531236],[152.383346,-29.52794],[152.387239,-29.527534],[152.386799,-29.524425],[152.389782,-29.52199],[152.400914,-29.51964],[152.40543,-29.516645],[152.409433,-29.511782],[152.408931,-29.508891],[152.412456,-29.50688],[152.388785,-29.445316],[152.394556,-29.446113],[152.397171,-29.431767],[152.404317,-29.432778],[152.410052,-29.400771],[152.421038,-29.397423],[152.421242,-29.395417],[152.429492,-29.391941],[152.432312,-29.392534],[152.433132,-29.387309],[152.436076,-29.38122],[152.434374,-29.378763],[152.439903,-29.376464],[152.440688,-29.371987],[152.444028,-29.370755],[152.447509,-29.360804],[152.451081,-29.358053],[152.420219,-29.353722],[152.331517,-29.341837],[152.335325,-29.340442],[152.336513,-29.334657],[152.331189,-29.32889],[152.322716,-29.326751],[152.319179,-29.324215],[152.310687,-29.32254],[152.303043,-29.31763],[152.300097,-29.313605],[152.301428,-29.310777],[152.298279,-29.307447],[152.300035,-29.304458],[152.308811,-29.304891],[152.309494,-29.302034],[152.314656,-29.298519],[152.310686,-29.292839],[152.311461,-29.29008],[152.308705,-29.287685],[152.306473,-29.283097],[152.320994,-29.277583],[152.32318,-29.269926],[152.328733,-29.268528],[152.33886,-29.261859],[152.340145,-29.257761],[152.34415,-29.254071],[152.346527,-29.253982],[152.351323,-29.249123],[152.357498,-29.250633],[152.36576,-29.246099],[152.369003,-29.246949],[152.374502,-29.244159],[152.379027,-29.245286],[152.387215,-29.240105],[152.394086,-29.24125],[152.399887,-29.236702],[152.404461,-29.235111],[152.412805,-29.230414],[152.411005,-29.219805],[152.405201,-29.212154],[152.410177,-29.200865],[152.418325,-29.190383],[152.421705,-29.180721],[152.424963,-29.178626],[152.421531,-29.17393],[152.417948,-29.172646],[152.418846,-29.168955],[152.414465,-29.165374],[152.413804,-29.161257],[152.415795,-29.158984],[152.41689,-29.153095],[152.423835,-29.152229],[152.429618,-29.150025],[152.435213,-29.14518],[152.441396,-29.14543],[152.444231,-29.144175],[152.449974,-29.116519],[152.449061,-29.116383],[152.451815,-29.101929],[152.455006,-29.089027],[152.421006,-29.084096],[152.418978,-29.081045],[152.428747,-29.07432],[152.43111,-29.071963],[152.430571,-29.064585],[152.435678,-29.059363],[152.436061,-29.056547],[152.441565,-29.052136],[152.443897,-29.039755],[152.424203,-29.036863],[152.429755,-29.03267],[152.437109,-29.032428],[152.446122,-29.02834],[152.456824,-29.033239],[152.459386,-29.029856],[152.454072,-29.024549],[152.455898,-29.019338],[152.462974,-29.011631],[152.46464,-29.008025],[152.472365,-29.003551],[152.464953,-28.998733],[152.463819,-28.992874],[152.46552,-28.99043],[152.473804,-28.991998],[152.476205,-28.990648],[152.473742,-28.981331],[152.470635,-28.979371],[152.464342,-28.979461],[152.462084,-28.977318],[152.467109,-28.973664],[152.477542,-28.972734],[152.488649,-28.977093],[152.486653,-28.969974],[152.509573,-28.973254],[152.508325,-28.980353],[152.516943,-28.981566],[152.516572,-28.983581],[152.525715,-28.984731],[152.530943,-28.987577],[152.534048,-28.985697],[152.549462,-28.987987],[152.558516,-28.990078],[152.560612,-28.98633],[152.558263,-28.974134],[152.555817,-28.965075],[152.553408,-28.960114],[152.553601,-28.955808],[152.550148,-28.954584],[152.549108,-28.94674],[152.545781,-28.942359],[152.544018,-28.935846],[152.548638,-28.932364],[152.554287,-28.930673],[152.560707,-28.930585],[152.563581,-28.92735],[152.567459,-28.926445],[152.571934,-28.930515],[152.577328,-28.932486],[152.580988,-28.928604],[152.580107,-28.911484],[152.573694,-28.908669],[152.571142,-28.905675],[152.567178,-28.904199],[152.563501,-28.909226],[152.555079,-28.912589],[152.549367,-28.910167],[152.554729,-28.902509],[152.554495,-28.899534],[152.557145,-28.89375],[152.564307,-28.887482],[152.565676,-28.884922],[152.570753,-28.86966],[152.573425,-28.863705],[152.567877,-28.858052],[152.561198,-28.857808],[152.556286,-28.856124],[152.544747,-28.85373],[152.540604,-28.851604],[152.537301,-28.84685],[152.545624,-28.837014],[152.552538,-28.830686],[152.556973,-28.824527],[152.55488,-28.817862],[152.544233,-28.817867],[152.539335,-28.815156],[152.537034,-28.803606],[152.540228,-28.797193],[152.543678,-28.787938],[152.542992,-28.78377],[152.54079,-28.781511],[152.530992,-28.781374],[152.525454,-28.787235],[152.521678,-28.793089],[152.517063,-28.794426],[152.514027,-28.789245],[152.515242,-28.784393],[152.51331,-28.780909],[152.508518,-28.780094],[152.503107,-28.785176],[152.496297,-28.785396],[152.490571,-28.782599],[152.480325,-28.780262],[152.477761,-28.777384],[152.479981,-28.77298],[152.490324,-28.768883],[152.492089,-28.764999],[152.488846,-28.758949],[152.48037,-28.753224],[152.48071,-28.749537],[152.486577,-28.748681],[152.493561,-28.749296],[152.498235,-28.74483],[152.499036,-28.741115],[152.496039,-28.736485],[152.493554,-28.735639],[152.484161,-28.738602],[152.47974,-28.742438],[152.477743,-28.746271],[152.473711,-28.747146],[152.471246,-28.742706],[152.474771,-28.735515],[152.473627,-28.731073],[152.464635,-28.735505],[152.455816,-28.731834],[152.450011,-28.730273],[152.440932,-28.729164],[152.435037,-28.725093],[152.429335,-28.725364],[152.426474,-28.724078],[152.421238,-28.718079],[152.414274,-28.722832],[152.407521,-28.723073],[152.404789,-28.710113],[152.406486,-28.705472],[152.397393,-28.706918],[152.391604,-28.703675],[152.385991,-28.701988],[152.378832,-28.703981],[152.375208,-28.699883],[152.376136,-28.69426],[152.373705,-28.687903],[152.378172,-28.684799],[152.384483,-28.686102],[152.389048,-28.681288],[152.386341,-28.676333],[152.391442,-28.669829],[152.389091,-28.665769],[152.390769,-28.664157],[152.398024,-28.662836],[152.402465,-28.659427],[152.403248,-28.652435],[152.398771,-28.647626],[152.399648,-28.645827],[152.407829,-28.642945],[152.408076,-28.636777],[152.413981,-28.632035],[152.408765,-28.628211],[152.411525,-28.625629],[152.405834,-28.62302],[152.406612,-28.620758],[152.413065,-28.621255],[152.416608,-28.618534],[152.417347,-28.612965],[152.422079,-28.606845],[152.428814,-28.603617],[152.434765,-28.602244],[152.439391,-28.604725],[152.44282,-28.603383],[152.441951,-28.60001],[152.439097,-28.598856],[152.441811,-28.592688],[152.440995,-28.587651],[152.43866,-28.582308],[152.442461,-28.581121],[152.446421,-28.584282],[152.447357,-28.576241],[152.441666,-28.577634],[152.441062,-28.574986],[152.45011,-28.567932],[152.455687,-28.569809],[152.456435,-28.565369],[152.451841,-28.562728],[152.447451,-28.555561],[152.442458,-28.556841],[152.441134,-28.553207],[152.443219,-28.550323],[152.446419,-28.539191],[152.442997,-28.532658],[152.443981,-28.529536],[152.447754,-28.527473],[152.454691,-28.527083],[152.460079,-28.52932],[152.462678,-28.528058],[152.459743,-28.522668],[152.463412,-28.52283],[152.466564,-28.526306],[152.469177,-28.520762],[152.475763,-28.519907],[152.476979,-28.522673],[152.476117,-28.52696],[152.483019,-28.525895],[152.487327,-28.527262],[152.493511,-28.527216],[152.501119,-28.528449],[152.5001,-28.523736],[152.500368,-28.517493],[152.502987,-28.511686],[152.507962,-28.513586],[152.512818,-28.513333],[152.518799,-28.510349],[152.524707,-28.512962],[152.528612,-28.512124],[152.533082,-28.513825],[152.536842,-28.506618],[152.536506,-28.499624],[152.527144,-28.497411],[152.535656,-28.48656],[152.543552,-28.479437],[152.550951,-28.479249],[152.553433,-28.475383],[152.548651,-28.470497],[152.551342,-28.466817],[152.55547,-28.466104],[152.557985,-28.46973],[152.562095,-28.465685],[152.561313,-28.457009],[152.566667,-28.450597],[152.564267,-28.44685],[152.566273,-28.445062],[152.566459,-28.438797],[152.577861,-28.435713],[152.580125,-28.425367],[152.582758,-28.4224],[152.57752,-28.418124],[152.57821,-28.414854],[152.583561,-28.41709],[152.594411,-28.408933],[152.593347,-28.400869],[152.598038,-28.399601],[152.597105,-28.394984],[152.605153,-28.391846],[152.605129,-28.385224],[152.602572,-28.384177],[152.603784,-28.378654],[152.607134,-28.37838],[152.611897,-28.374662],[152.610967,-28.369336],[152.614853,-28.365552],[152.615006,-28.360785],[152.612842,-28.357841],[152.616398,-28.354359],[152.618427,-28.34819],[152.620937,-28.34694],[152.626211,-28.347854],[152.631389,-28.338518],[152.629151,-28.334209],[152.627986,-28.327717],[152.622868,-28.327726],[152.617481,-28.320005],[152.607771,-28.320192],[152.600412,-28.317237],[152.597844,-28.314788],[152.592602,-28.323712],[152.585055,-28.329201],[152.582603,-28.335027],[152.578709,-28.33877],[152.572048,-28.325692],[152.568635,-28.323575],[152.556514,-28.323388],[152.55527,-28.319129],[152.54806,-28.320979],[152.544186,-28.318984],[152.541246,-28.313053],[152.53294,-28.31002],[152.525036,-28.303964],[152.528792,-28.299431],[152.529467,-28.285205],[152.533192,-28.279307],[152.532881,-28.272672],[152.536753,-28.265694],[152.529165,-28.261835],[152.521834,-28.260815],[152.516721,-28.254656],[152.515661,-28.25182],[152.507785,-28.249433],[152.501845,-28.252527],[152.49341,-28.254323],[152.487617,-28.253908],[152.483875,-28.257343],[152.477459,-28.257964],[152.472178,-28.256958],[152.463908,-28.259227],[152.46002,-28.26447],[152.459634,-28.270489],[152.454129,-28.278316],[152.448252,-28.281026],[152.44275,-28.290772],[152.444958,-28.29845],[152.436223,-28.299196],[152.428631,-28.297759],[152.424119,-28.299424],[152.416802,-28.296886],[152.412831,-28.301654],[152.413441,-28.307504],[152.410671,-28.310248],[152.409517,-28.315734],[152.411341,-28.321264],[152.417218,-28.330099],[152.416967,-28.333604],[152.409634,-28.341496],[152.400063,-28.34768],[152.398866,-28.351475],[152.394768,-28.356188],[152.391939,-28.362138],[152.38508,-28.368855],[152.37739,-28.365822],[152.371318,-28.366828],[152.364758,-28.366106],[152.355946,-28.361197],[152.341582,-28.36786],[152.336055,-28.366448],[152.332476,-28.367952],[152.326859,-28.366609],[152.320854,-28.366757],[152.312222,-28.362717],[152.309659,-28.363168],[152.30715,-28.369084],[152.293817,-28.379176],[152.290697,-28.382471],[152.289255,-28.392497],[152.28471,-28.39406],[152.27708,-28.392961],[152.267606,-28.390047],[152.265398,-28.394294],[152.260017,-28.401051],[152.252482,-28.407427],[152.252211,-28.410416],[152.248759,-28.411452],[152.243246,-28.416025],[152.239263,-28.417583],[152.237884,-28.423436],[152.230609,-28.429826],[152.228544,-28.436965],[152.225596,-28.43721],[152.222021,-28.441954],[152.221671,-28.444888],[152.217189,-28.449236],[152.213873,-28.446106],[152.210516,-28.446297],[152.207429,-28.443902],[152.204648,-28.438247],[152.195287,-28.436373],[152.190266,-28.433948],[152.186412,-28.438425],[152.174712,-28.434786],[152.168318,-28.434444],[152.164947,-28.432626],[152.156671,-28.434382],[152.154614,-28.437947],[152.146635,-28.439131],[152.142038,-28.442236],[152.135179,-28.452083],[152.127902,-28.453683],[152.121721,-28.460333],[152.111504,-28.463862],[152.105932,-28.462904],[152.098047,-28.466208],[152.094093,-28.469047],[152.085338,-28.467738],[152.080069,-28.470171],[152.07472,-28.467722],[152.06929,-28.468759],[152.068865,-28.475737],[152.066914,-28.47933],[152.067201,-28.484989],[152.05964,-28.490651],[152.055382,-28.490016],[152.051341,-28.492859],[152.045672,-28.494966],[152.043055,-28.499626],[152.035945,-28.507253],[152.018973,-28.51781],[152.020099,-28.521049],[152.016864,-28.525281],[152.008525,-28.526215],[151.999468,-28.528516],[151.992074,-28.524695],[151.98794,-28.524745],[151.986887,-28.519874],[151.98428,-28.515179],[151.985993,-28.511075],[151.982893,-28.503395],[151.978447,-28.503184],[151.973621,-28.505252],[151.973083,-28.507622],[151.961712,-28.516076],[151.958633,-28.516116],[151.95573,-28.519862],[151.956915,-28.525421],[151.958747,-28.527218],[151.955395,-28.532549],[151.953867,-28.539913],[151.95687,-28.542854],[151.9547,-28.551613],[151.958501,-28.556807],[151.957677,-28.563409],[151.959918,-28.566075],[151.964954,-28.567354],[151.967773,-28.571831],[151.976436,-28.573009],[151.980163,-28.577172],[151.985979,-28.581498],[151.988368,-28.59176],[151.99178,-28.594703],[151.988991,-28.60074],[151.989622,-28.605099],[151.993912,-28.611297],[151.993677,-28.615288],[151.990804,-28.6244],[151.995953,-28.630502],[151.997088,-28.633663],[152.001794,-28.63993],[152.00203,-28.650129],[152.006259,-28.653968],[152.010201,-28.661064],[152.010168,-28.664951],[152.013854,-28.665753],[152.02051,-28.66377],[152.024472,-28.665289],[152.031519,-28.66616],[152.03915,-28.664448],[152.04498,-28.668174],[152.044526,-28.672894],[152.052567,-28.68194],[152.058234,-28.67964],[152.063105,-28.679091],[152.066354,-28.680968],[152.068045,-28.684912],[152.064588,-28.690609],[152.066534,-28.69653],[152.071963,-28.704818],[152.076049,-28.708175],[152.071199,-28.714861],[152.062101,-28.718202],[152.053866,-28.72543],[152.043603,-28.730613],[152.046331,-28.7342],[152.047714,-28.740329],[152.043845,-28.746091],[152.042057,-28.751501],[152.036326,-28.756992],[152.0387,-28.764765],[152.037268,-28.776817],[152.041495,-28.777537],[152.039782,-28.785048],[152.034743,-28.79071],[152.038351,-28.797031],[152.035462,-28.807127],[152.036482,-28.812941],[152.035478,-28.816197],[152.037291,-28.819231],[152.033326,-28.828205],[152.02799,-28.832381],[152.023168,-28.831587],[152.020046,-28.837891],[152.017057,-28.838514],[152.018449,-28.844752],[152.015064,-28.850626],[152.022897,-28.854696],[152.025956,-28.858253],[152.02953,-28.854572],[152.036909,-28.851794],[152.039547,-28.854623],[152.035874,-28.858658],[152.038126,-28.864696],[152.03292,-28.866952],[152.030336,-28.870299],[152.031466,-28.874253],[152.028386,-28.876781],[152.026288,-28.883943],[152.024022,-28.886755],[152.023571,-28.891181],[152.016715,-28.892531],[152.016322,-28.897094],[152.012501,-28.900925],[152.009703,-28.907663],[152.004034,-28.910065],[152.00109,-28.90973],[152.000081,-28.903215],[152.000928,-28.899316],[151.999534,-28.896318],[151.981171,-28.909181],[151.977206,-28.908174],[151.972263,-28.910598],[151.968198,-28.916567],[151.961287,-28.91879],[151.95623,-28.916793],[151.951819,-28.919221],[151.944573,-28.920143],[151.927347,-28.925411],[151.922386,-28.928444],[151.916048,-28.929307],[151.91674,-28.925127],[151.91338,-28.920595],[151.907636,-28.917535],[151.89576,-28.913727],[151.892642,-28.915807],[151.881636,-28.911884],[151.875617,-28.914409],[151.868312,-28.913884],[151.865074,-28.909722],[151.859105,-28.907213],[151.851865,-28.90736],[151.847287,-28.90863],[151.839704,-28.913013],[151.836954,-28.92023],[151.836012,-28.931241],[151.836361,-28.936848],[151.839377,-28.939658],[151.839557,-28.942665],[151.835678,-28.948583],[151.834235,-28.957209],[151.832232,-28.959829],[151.825579,-28.963333],[151.813804,-28.959374],[151.812645,-28.956052],[151.815466,-28.954088],[151.815,-28.950786],[151.806394,-28.944636],[151.793825,-28.949658],[151.789909,-28.953663],[151.783631,-28.954495],[151.77828,-28.958047],[151.777834,-28.959885],[151.770227,-28.955846],[151.773175,-28.9474],[151.772735,-28.938251],[151.762362,-28.934138],[151.757978,-28.929941],[151.758584,-28.927557],[151.754586,-28.922326],[151.750976,-28.9228],[151.743502,-28.918587],[151.746738,-28.915188],[151.743342,-28.906626],[151.7398,-28.901277],[151.740854,-28.897458],[151.736957,-28.895653],[151.736465,-28.891769],[151.731799,-28.882695],[151.733634,-28.878901],[151.73386,-28.871578],[151.726628,-28.866876],[151.72288,-28.868534],[151.719293,-28.87331],[151.713612,-28.87537],[151.711267,-28.871335],[151.706536,-28.871784],[151.703856,-28.875782],[151.702131,-28.882271],[151.697945,-28.884583],[151.695686,-28.888407],[151.688425,-28.886915],[151.682837,-28.895627],[151.677736,-28.900162],[151.677394,-28.903941],[151.674758,-28.907595],[151.666316,-28.905359],[151.658407,-28.911886],[151.64994,-28.917429],[151.644389,-28.916839],[151.636751,-28.922061],[151.636364,-28.926732],[151.633143,-28.929686],[151.630887,-28.926768],[151.625809,-28.923689],[151.616835,-28.926122],[151.611953,-28.923521],[151.605064,-28.925082],[151.603426,-28.927418],[151.591471,-28.930359],[151.588361,-28.931922],[151.580528,-28.942411],[151.570471,-28.944128],[151.566806,-28.941731],[151.54908,-28.952484],[151.545415,-28.953148],[151.544415,-28.961929],[151.537499,-28.974039],[151.536094,-28.980619],[151.532154,-28.984414],[151.52467,-28.98876],[151.522036,-28.996096],[151.51679,-28.997378],[151.51128,-29.004387],[151.506963,-29.008443],[151.502443,-29.016393],[151.499374,-29.017755],[151.498041,-29.025652],[151.496045,-29.029003],[151.495335,-29.034907],[151.497026,-29.042502],[151.494831,-29.04543],[151.49181,-29.057406],[151.496892,-29.062672],[151.502679,-29.06637],[151.502799,-29.069884],[151.500038,-29.072549],[151.495813,-29.073117],[151.491621,-29.077398],[151.487389,-29.087198],[151.485145,-29.089277],[151.475234,-29.09216],[151.464364,-29.09791],[151.462463,-29.099701],[151.457638,-29.11712],[151.45402,-29.12381],[151.449346,-29.128957],[151.434385,-29.13903],[151.430062,-29.14597],[151.424112,-29.149114],[151.418887,-29.148815],[151.410638,-29.152566],[151.405812,-29.161868],[151.402782,-29.166084],[151.400984,-29.172049],[151.395282,-29.177187],[151.38751,-29.176534],[151.376561,-29.176842],[151.361895,-29.173024],[151.357686,-29.173248],[151.352882,-29.175685],[151.346581,-29.177125],[151.337204,-29.176624],[151.331436,-29.172574],[151.31996,-29.16636],[151.314762,-29.165531],[151.311694,-29.160306],[151.308844,-29.147526],[151.309922,-29.144221],[151.315953,-29.138596],[151.31566,-29.134865],[151.304585,-29.121888],[151.302964,-29.11603],[151.298299,-29.113209],[151.29001,-29.11145],[151.285366,-29.106471],[151.281159,-29.103695],[151.278435,-29.097727],[151.277816,-29.093175],[151.279484,-29.08972],[151.27542,-29.078376],[151.284484,-29.064533],[151.284284,-29.059148],[151.28865,-29.051751],[151.28667,-29.046252],[151.286752,-29.040848],[151.283358,-29.036334],[151.274837,-29.034575],[151.271294,-29.030954],[151.274179,-29.024376],[151.281662,-29.019431],[151.282834,-29.016923],[151.283879,-29.004948],[151.279382,-28.99802],[151.277003,-28.991597],[151.276695,-28.984841],[151.280705,-28.983689],[151.282435,-28.980375],[151.276207,-28.975238],[151.272148,-28.973172],[151.273085,-28.970135],[151.2804,-28.961006],[151.28234,-28.95408],[151.281944,-28.949959],[151.277763,-28.944711],[151.275161,-28.939412],[151.268014,-28.936472],[151.264784,-28.932983],[151.258258,-28.931883],[151.255119,-28.929253],[151.243581,-28.923979],[151.240702,-28.91966],[151.239037,-28.910465],[151.236469,-28.906017],[151.233348,-28.904681],[151.228409,-28.908511],[151.218057,-28.905259],[151.208099,-28.90085],[151.207035,-28.893711],[151.200196,-28.884349],[151.185828,-28.878832],[151.174247,-28.880048],[151.165338,-28.871771],[151.161334,-28.865471],[151.149958,-28.864343],[151.144698,-28.860955],[151.138824,-28.861706],[151.13399,-28.860628],[151.130196,-28.858089],[151.1254,-28.851756],[151.116497,-28.850708],[151.108245,-28.842839],[151.103917,-28.843669],[151.103478,-28.837047],[151.097089,-28.838124],[151.086516,-28.834071],[151.081783,-28.834939],[151.072582,-28.840369],[151.068211,-28.844366],[151.060546,-28.845743],[151.055809,-28.849073],[151.052376,-28.84864],[151.053225,-28.845021],[151.050612,-28.843534],[151.0458,-28.844768],[151.044323,-28.840488],[151.040502,-28.839449],[151.042813,-28.835437],[151.041577,-28.830764],[151.037362,-28.827649],[151.037822,-28.818657],[151.041637,-28.816214],[151.041314,-28.808155],[151.041903,-28.799153],[151.032633,-28.793671],[151.024702,-28.792749],[151.026409,-28.78718],[151.024953,-28.778351],[151.019891,-28.773462],[151.020575,-28.771066],[151.028264,-28.770984],[151.029475,-28.768914],[151.026719,-28.75579],[151.023655,-28.752042],[151.015968,-28.746159],[151.013319,-28.745301],[151.010299,-28.740641],[150.998157,-28.738005],[150.994032,-28.738062],[150.988298,-28.735574],[150.982176,-28.734772],[150.980466,-28.732397],[150.970383,-28.731625],[150.965696,-28.735773],[150.957757,-28.734916],[150.954483,-28.736417],[150.948417,-28.734381],[150.945211,-28.728717],[150.937874,-28.730447],[150.937708,-28.725427],[150.932496,-28.722916],[150.932794,-28.719135],[150.930908,-28.705519],[150.924705,-28.698808],[150.919746,-28.70017],[150.916173,-28.698628],[150.910931,-28.694366],[150.908208,-28.689052],[150.904256,-28.686987],[150.893584,-28.688408],[150.891146,-28.693705],[150.88524,-28.695367],[150.884613,-28.690857],[150.880567,-28.68859],[150.876977,-28.693009],[150.872699,-28.692688],[150.872219,-28.689012],[150.868525,-28.685373],[150.864038,-28.687486],[150.85282,-28.680266],[150.849411,-28.673736],[150.839158,-28.672034],[150.83545,-28.669226],[150.828718,-28.666774],[150.819536,-28.66675],[150.816504,-28.66258],[150.8192,-28.657513],[150.8136,-28.656884],[150.804297,-28.653216],[150.794955,-28.654823],[150.780674,-28.643881],[150.773597,-28.644144],[150.768168,-28.638355],[150.766042,-28.637605],[150.757903,-28.639112],[150.755421,-28.635175],[150.751597,-28.633424],[150.745636,-28.634678],[150.729851,-28.634142],[150.726288,-28.63549],[150.725575,-28.638604],[150.722056,-28.640928],[150.710955,-28.644391],[150.708997,-28.646568],[150.708625,-28.651951],[150.701819,-28.654709],[150.693642,-28.653288],[150.68757,-28.658178],[150.681695,-28.661351],[150.679629,-28.660859],[150.67304,-28.650346],[150.669788,-28.653762],[150.659699,-28.658327],[150.654319,-28.659615],[150.642047,-28.664574],[150.635743,-28.671064],[150.632541,-28.676572],[150.626771,-28.672027],[150.626505,-28.669162],[150.620514,-28.668632],[150.617553,-28.673514],[150.605224,-28.670584],[150.600191,-28.670758],[150.600597,-28.665576],[150.592947,-28.660861],[150.586797,-28.658751],[150.58306,-28.656108],[150.578002,-28.655994],[150.569369,-28.659057],[150.566591,-28.661475],[150.560718,-28.661519],[150.555607,-28.653605],[150.552955,-28.653245],[150.548167,-28.658494],[150.55276,-28.663446],[150.550566,-28.670145],[150.544079,-28.671524],[150.535145,-28.67203],[150.528256,-28.669675],[150.525931,-28.66545],[150.532463,-28.662019],[150.539153,-28.661206],[150.53778,-28.657312],[150.524353,-28.654328],[150.521152,-28.655305],[150.517876,-28.66101],[150.51481,-28.661759],[150.502931,-28.660577],[150.499946,-28.659331],[150.493143,-28.659391],[150.487084,-28.657421],[150.483443,-28.662131],[150.48542,-28.666146],[150.479525,-28.674646],[150.482378,-28.676322],[150.488246,-28.675006],[150.491895,-28.676197],[150.499677,-28.68259],[150.513623,-28.68366],[150.519232,-28.680655],[150.521609,-28.68143],[150.522626,-28.686348],[150.530981,-28.692831],[150.530325,-28.697594],[150.533962,-28.700518],[150.534191,-28.704122],[150.541723,-28.705507],[150.54407,-28.700036],[150.547635,-28.703825],[150.551624,-28.705952],[150.557956,-28.705187],[150.56821,-28.708326],[150.577271,-28.705986],[150.58333,-28.712237],[150.588098,-28.711296],[150.595946,-28.714767],[150.600465,-28.719659],[150.6055,-28.720606],[150.605715,-28.724777],[150.611135,-28.724667],[150.617615,-28.729688],[150.623339,-28.730325],[150.634183,-28.729637],[150.633677,-28.73287],[150.637305,-28.733664],[150.639141,-28.7366],[150.647871,-28.736246],[150.653272,-28.739006],[150.655839,-28.736699],[150.658856,-28.738141],[150.663931,-28.733209],[150.666033,-28.73561],[150.662906,-28.739216],[150.66986,-28.742085],[150.672984,-28.739474],[150.670942,-28.751936],[150.665282,-28.782079],[150.667366,-28.783865],[150.668015,-28.788223],[150.672435,-28.793873],[150.660569,-28.801981],[150.65748,-28.805993],[150.657154,-28.809777],[150.652375,-28.812211],[150.644473,-28.813123],[150.64457,-28.819459],[150.642519,-28.826596],[150.637382,-28.826564],[150.637119,-28.832211],[150.638157,-28.837803],[150.641147,-28.840729],[150.634117,-28.851503],[150.63366,-28.85523],[150.629724,-28.857291],[150.629461,-28.861419],[150.626435,-28.863423],[150.62562,-28.866605],[150.622074,-28.867663],[150.621812,-28.871533],[150.6182,-28.875056],[150.615331,-28.882851],[150.611815,-28.887005],[150.609654,-28.904175],[150.613687,-28.906874],[150.616609,-28.915362],[150.619275,-28.917514],[150.619076,-28.922044],[150.616145,-28.92594],[150.62135,-28.928898],[150.623428,-28.935121],[150.628828,-28.939024],[150.631169,-28.943126],[150.628302,-28.947682],[150.624394,-28.950144],[150.624748,-28.956824],[150.622825,-28.958886],[150.624223,-28.962127],[150.621552,-28.963558],[150.621479,-28.975168],[150.616754,-28.979235],[150.613429,-28.98399],[150.617528,-28.98947],[150.614627,-28.992649],[150.614753,-28.996949],[150.611552,-29.000026],[150.617344,-29.006395],[150.620824,-29.01153],[150.627567,-29.012195],[150.630758,-29.01429],[150.626879,-29.017068],[150.629156,-29.020653],[150.626384,-29.023432],[150.634166,-29.028971],[150.636476,-29.033044],[150.634062,-29.036482],[150.638753,-29.038034],[150.644876,-29.041937],[150.645624,-29.044288],[150.649891,-29.046327],[150.64891,-29.051343],[150.656011,-29.057253],[150.666668,-29.057575],[150.665035,-29.06368],[150.670184,-29.065031],[150.671319,-29.075524],[150.678621,-29.075871],[150.681273,-29.079628],[150.683998,-29.07834],[150.684098,-29.073294],[150.687814,-29.072692],[150.688006,-29.081351],[150.693026,-29.083875],[150.695404,-29.088463],[150.699285,-29.087059],[150.702024,-29.083907],[150.704925,-29.086717],[150.70525,-29.089871],[150.701825,-29.098413],[150.70502,-29.09979],[150.709683,-29.09509],[150.712878,-29.098559],[150.722301,-29.096583],[150.723638,-29.100453],[150.720997,-29.104782],[150.724909,-29.106933],[150.726475,-29.112524],[150.726148,-29.117111],[150.733682,-29.12015],[150.731399,-29.125254],[150.738966,-29.129899],[150.738836,-29.133711],[150.749121,-29.13476],[150.748459,-29.137381],[150.743958,-29.141682],[150.747938,-29.144061],[150.747938,-29.147989],[150.752278,-29.15097],[150.745102,-29.165621],[150.752315,-29.174021],[150.750129,-29.179468],[150.751468,-29.184485],[150.74876,-29.187123],[150.750719,-29.19171],[150.755581,-29.190018],[150.75815,-29.192418],[150.754768,-29.204697],[150.757184,-29.20742],[150.761329,-29.206933],[150.763679,-29.209513],[150.761037,-29.216336],[150.763324,-29.222242],[150.76022,-29.226597],[150.758755,-29.231158],[150.759735,-29.233825],[150.755656,-29.242741],[150.757289,-29.245379],[150.753265,-29.249081],[150.754767,-29.254038],[150.75098,-29.258824],[150.751241,-29.263237],[150.757675,-29.263925],[150.756532,-29.268109],[150.763848,-29.270258],[150.758917,-29.275904],[150.764503,-29.280575],[150.764667,-29.285389],[150.772049,-29.286993],[150.77437,-29.292466],[150.771365,-29.295418],[150.771431,-29.299172],[150.777802,-29.300375],[150.775484,-29.307798],[150.782476,-29.307797],[150.784633,-29.308971],[150.785158,-29.314817],[150.795123,-29.313725],[150.802741,-29.324269],[150.797774,-29.324299],[150.796502,-29.327538],[150.804999,-29.330516],[150.805525,-29.335301],[150.800886,-29.340002],[150.805923,-29.346707],[150.809716,-29.349858],[150.811421,-29.358741],[150.818844,-29.363667],[150.819403,-29.36871],[150.822838,-29.372062],[150.817675,-29.37705],[150.82386,-29.384785],[150.821715,-29.391475],[150.830182,-29.396522],[150.827929,-29.411862],[150.850265,-29.414715],[150.851655,-29.407877],[150.878722,-29.41158],[150.878056,-29.415147],[150.89041,-29.41715],[150.890605,-29.420644],[150.88343,-29.459179],[150.863628,-29.456517],[150.859924,-29.475912],[150.865916,-29.476709],[150.864235,-29.486344],[150.858467,-29.485476],[150.855832,-29.500475],[150.858838,-29.500892],[150.856784,-29.512519],[150.853534,-29.513834],[150.83414,-29.517945],[150.828171,-29.519839],[150.82614,-29.522084],[150.813498,-29.527107],[150.80968,-29.527091],[150.79743,-29.533904],[150.791326,-29.539469],[150.788419,-29.540518],[150.781368,-29.546082],[150.771915,-29.550261],[150.767796,-29.554631],[150.7594,-29.559413],[150.755306,-29.566086],[150.748532,-29.569203],[150.743648,-29.570339],[150.740767,-29.56941],[150.736308,-29.57112],[150.733308,-29.569273],[150.724725,-29.620843],[150.728484,-29.621458],[150.726065,-29.635481],[150.720533,-29.638871],[150.716435,-29.643314],[150.712501,-29.644334],[150.709195,-29.64829],[150.71193,-29.656824],[150.704486,-29.661944],[150.69932,-29.663681],[150.696459,-29.666506],[150.697206,-29.671498],[150.689007,-29.67782],[150.687934,-29.681464],[150.691285,-29.685302],[150.692402,-29.694161],[150.690129,-29.701096],[150.694324,-29.704952],[150.688866,-29.705842],[150.688362,-29.71169],[150.683087,-29.712465],[150.684995,-29.716838],[150.686602,-29.725213],[150.682526,-29.726049],[150.679939,-29.730894],[150.683362,-29.732577],[150.67952,-29.738763],[150.681093,-29.742159],[150.679877,-29.74526],[150.675499,-29.748894],[150.676472,-29.756124],[150.673251,-29.756955],[150.669008,-29.760502],[150.669778,-29.765172],[150.662732,-29.76446],[150.662162,-29.770535],[150.658319,-29.773993],[150.651497,-29.771412],[150.638262,-29.777164],[150.632766,-29.77784],[150.627965,-29.780895],[150.625834,-29.785304],[150.621443,-29.790912],[150.612074,-29.795893],[150.604461,-29.795409],[150.599641,-29.796922],[150.600278,-29.801834],[150.594135,-29.801406],[150.588503,-29.796364],[150.585374,-29.796436],[150.581584,-29.801381],[150.578438,-29.801969],[150.569512,-29.798929],[150.565085,-29.800027],[150.559346,-29.806795],[150.555632,-29.808273],[150.553719,-29.812168],[150.547449,-29.813302],[150.539751,-29.806379],[150.536744,-29.806067],[150.530825,-29.810712],[150.525355,-29.810999],[150.520859,-29.80637],[150.513033,-29.807774],[150.509532,-29.807136],[150.509293,-29.799972],[150.494735,-29.788766],[150.489896,-29.786246],[150.480289,-29.779089],[150.472506,-29.776037],[150.467162,-29.772211],[150.462626,-29.771564],[150.453672,-29.775867],[150.448701,-29.774823],[150.439801,-29.765404],[150.433273,-29.766584],[150.425027,-29.775174],[150.418598,-29.778563],[150.413941,-29.776688],[150.412372,-29.770495],[150.415073,-29.765222],[150.425223,-29.757331],[150.42106,-29.756003],[150.416526,-29.752124],[150.412538,-29.746103],[150.406833,-29.745087],[150.401877,-29.749168],[150.400192,-29.752484],[150.381113,-29.749611],[150.381499,-29.746991],[150.302421,-29.735565],[150.299332,-29.739125],[150.298058,-29.744221],[150.293222,-29.74609],[150.28796,-29.749832],[150.291971,-29.75543],[150.293233,-29.763954],[150.290687,-29.767209],[150.292081,-29.769602],[150.290127,-29.774071],[150.289255,-29.789468],[150.292227,-29.796397],[150.29072,-29.802698],[150.298251,-29.808285],[150.29936,-29.817174],[150.306484,-29.81985],[150.307027,-29.825922],[150.302375,-29.827035],[150.301353,-29.831057],[150.301779,-29.840026],[150.300742,-29.843303],[150.296801,-29.843317],[150.294081,-29.846606],[150.296765,-29.850213],[150.294258,-29.857041],[150.293831,-29.870525],[150.298382,-29.872632],[150.297078,-29.878627],[150.302342,-29.879261],[150.306053,-29.885274],[150.305017,-29.889455],[150.312409,-29.892556],[150.313714,-29.897114],[150.312038,-29.90691],[150.306912,-29.913797],[150.300511,-29.920914],[150.300885,-29.932541],[150.30252,-29.938875],[150.298682,-29.946048],[150.302223,-29.949311],[150.301924,-29.957239],[150.297188,-29.959028],[150.295295,-29.963553],[150.292466,-29.963772],[150.292408,-29.98068],[150.293514,-29.983085],[150.292859,-29.990531],[150.290319,-29.992285],[150.285923,-29.991851],[150.285121,-29.996387],[150.278474,-29.995908],[150.275564,-29.994282],[150.272628,-29.989392],[150.268455,-29.990904],[150.264322,-29.98866],[150.260676,-29.990104],[150.254329,-29.989891],[150.253404,-29.9932],[150.248852,-29.99348],[150.250879,-30.001988],[150.248841,-30.010267],[150.245146,-30.009724],[150.236102,-30.012698],[150.236992,-30.016169],[150.231681,-30.024417],[150.224954,-30.027031],[150.217425,-30.035421],[150.213702,-30.042997],[150.204337,-30.053722],[150.200962,-30.055795],[150.197512,-30.062574],[150.188487,-30.065706],[150.182099,-30.064621],[150.179171,-30.065514],[150.175734,-30.062271],[150.171956,-30.062964],[150.164022,-30.070652],[150.162021,-30.074676],[150.162812,-30.078139],[150.158003,-30.082769],[150.153588,-30.082015],[150.144869,-30.087298],[150.139505,-30.086488],[150.124153,-30.070046],[150.119478,-30.07208],[150.120279,-30.074873],[150.118096,-30.077794],[150.113319,-30.080521],[150.102979,-30.081962],[150.101185,-30.085002],[150.097022,-30.086885],[150.091529,-30.092626],[150.091593,-30.096286],[150.083633,-30.097049],[150.07566,-30.107363],[150.074464,-30.113683],[150.077205,-30.12205],[150.074876,-30.12775],[150.076534,-30.132673],[150.074402,-30.137122],[150.076406,-30.139499],[150.080728,-30.140085],[150.085033,-30.151249],[150.085303,-30.155467],[150.088669,-30.158066],[150.090429,-30.164582],[150.089365,-30.171677],[150.100706,-30.188012],[150.102263,-30.191946],[150.111106,-30.194335],[150.125231,-30.19599],[150.128105,-30.198556],[150.129844,-30.203072],[150.132676,-30.203341],[150.136509,-30.20072],[150.144859,-30.202355],[150.146369,-30.215644],[150.158769,-30.222448],[150.16293,-30.221816],[150.167062,-30.228544],[150.169035,-30.237471],[150.168487,-30.239443],[150.173049,-30.243568],[150.17393,-30.248429],[150.171438,-30.251593],[150.17117,-30.255697],[150.174054,-30.260458],[150.175503,-30.265359],[150.169542,-30.267385],[150.169036,-30.274894],[150.172995,-30.278854],[150.177096,-30.277598],[150.181347,-30.279575],[150.184263,-30.287797],[150.186723,-30.290665],[150.193656,-30.293246],[150.182964,-30.299506],[150.189526,-30.307726],[150.193747,-30.316389],[150.194998,-30.321087],[150.191254,-30.32616],[150.194135,-30.331729],[150.193704,-30.340276],[150.195547,-30.345626],[150.188295,-30.359725],[150.192199,-30.366188],[150.200959,-30.373952],[150.203418,-30.375046],[150.213486,-30.372652],[150.216517,-30.373167],[150.224023,-30.370921],[150.228799,-30.376523],[150.235857,-30.378521],[150.238545,-30.382079],[150.237671,-30.384604],[150.227391,-30.391036],[150.225261,-30.394324],[150.225751,-30.399298],[150.229654,-30.402077],[150.239201,-30.40157],[150.245546,-30.406038],[150.248907,-30.41164],[150.25277,-30.413992],[150.263307,-30.415754],[150.27017,-30.420651],[150.274604,-30.421448],[150.279108,-30.427759],[150.283241,-30.430848],[150.29346,-30.428206],[150.298584,-30.4301],[150.300528,-30.432724],[150.306453,-30.431809],[150.310606,-30.427866],[150.313896,-30.429214],[150.318873,-30.426358],[150.322965,-30.419373],[150.322884,-30.414714],[150.320222,-30.411142],[150.322216,-30.407071],[150.328624,-30.402452],[150.338779,-30.41508],[150.344603,-30.412213],[150.351488,-30.418184],[150.353256,-30.424667],[150.355686,-30.428051],[150.362791,-30.433258],[150.362424,-30.436095],[150.364082,-30.445719],[150.361079,-30.453865],[150.351613,-30.457539],[150.351667,-30.465195],[150.346325,-30.469477],[150.34665,-30.473195],[150.350862,-30.472987],[150.356376,-30.470352],[150.36321,-30.468485],[150.367582,-30.470081],[150.364197,-30.489071],[150.355065,-30.493369],[150.349736,-30.492639],[150.348388,-30.496715],[150.36257,-30.498579],[150.358849,-30.519138],[150.356477,-30.519738],[150.354745,-30.528235],[150.368537,-30.530077],[150.366127,-30.543415],[150.393759,-30.547065],[150.388654,-30.551035],[150.390518,-30.557689],[150.388263,-30.559908],[150.39169,-30.562965],[150.390702,-30.56932],[150.372742,-30.566742],[150.373754,-30.561229],[150.360449,-30.55944],[150.358876,-30.566618],[150.359985,-30.570019],[150.366634,-30.575504],[150.370236,-30.576225],[150.368006,-30.581758],[150.36502,-30.583433],[150.371989,-30.588984],[150.371693,-30.594562],[150.377127,-30.599395],[150.378269,-30.602705],[150.384609,-30.602017],[150.390829,-30.605231],[150.394623,-30.602644],[150.394235,-30.596257],[150.396077,-30.593689],[150.402578,-30.593862],[150.404273,-30.59087],[150.410649,-30.589852],[150.411864,-30.593768],[150.415801,-30.591339],[150.420946,-30.592643],[150.421935,-30.597152],[150.430031,-30.60087],[150.430929,-30.602725],[150.437868,-30.597427],[150.441236,-30.604886],[150.449033,-30.604869],[150.454351,-30.607517],[150.455788,-30.61224],[150.454791,-30.615393],[150.456351,-30.619198],[150.461953,-30.621007],[150.468508,-30.628335],[150.47185,-30.628479],[150.475413,-30.626218],[150.48611,-30.63214],[150.490168,-30.636809],[150.494753,-30.638642],[150.499184,-30.638655],[150.502756,-30.642227],[150.507405,-30.651059],[150.506386,-30.656015],[150.509647,-30.660088],[150.475354,-30.679836],[150.457961,-30.690158],[150.453462,-30.715383],[150.464497,-30.717095],[150.463406,-30.718784],[150.464447,-30.725508],[150.467057,-30.734025],[150.463847,-30.739544],[150.467178,-30.745206],[150.458334,-30.748598],[150.457013,-30.75189],[150.452613,-30.757233],[150.467416,-30.759534],[150.466331,-30.764641],[150.457808,-30.763312],[150.456319,-30.772761],[150.464437,-30.773983],[150.463393,-30.778957],[150.490387,-30.783325],[150.487268,-30.798984],[150.501624,-30.801019],[150.501927,-30.799419],[150.515322,-30.801635],[150.520149,-30.800458],[150.525065,-30.80222],[150.531308,-30.806557],[150.54384,-30.813422],[150.549331,-30.813202],[150.555378,-30.810253],[150.559266,-30.810814],[150.55599,-30.828422],[150.563202,-30.829941],[150.561702,-30.837589],[150.55754,-30.836976],[150.555997,-30.844956],[150.549465,-30.843992],[150.54661,-30.858757],[150.521061,-30.854963],[150.530401,-30.875117],[150.531694,-30.889384],[150.530215,-30.903012],[150.525403,-30.902247],[150.52454,-30.906436],[150.520057,-30.905757],[150.520933,-30.901552],[150.51677,-30.900918],[150.515505,-30.907365],[150.507019,-30.90615],[150.506294,-30.909852],[150.499366,-30.908822],[150.498687,-30.912981],[150.493029,-30.916593],[150.49177,-30.92138],[150.500552,-30.922243],[150.510418,-30.921303],[150.51357,-30.928452],[150.518269,-30.928084],[150.519776,-30.922154],[150.522263,-30.923575],[150.523233,-30.928141],[150.525873,-30.930764],[150.528592,-30.938181],[150.533062,-30.9405],[150.527741,-30.968574],[150.528269,-30.970917],[150.533144,-30.978633],[150.535771,-30.980159],[150.539871,-30.986252],[150.544419,-30.999412],[150.549726,-31.005414],[150.551811,-31.011416],[150.5579,-31.016074],[150.561927,-31.014672],[150.575263,-31.020065],[150.576352,-31.02599],[150.578,-31.028097],[150.583118,-31.028432],[150.589728,-31.036198],[150.595879,-31.03697],[150.596476,-31.043532],[150.599399,-31.046846],[150.596757,-31.059287],[150.58431,-31.125056],[150.580899,-31.141223],[150.590495,-31.142482],[150.589532,-31.147311],[150.581669,-31.146311],[150.579729,-31.147056],[150.578303,-31.15943],[150.572125,-31.206047],[150.571431,-31.208215],[150.586718,-31.210359],[150.585536,-31.217611],[150.580918,-31.218318],[150.580167,-31.222317],[150.569044,-31.220816],[150.569509,-31.218361],[150.561964,-31.217305],[150.56046,-31.225274],[150.564196,-31.225842],[150.562324,-31.235923],[150.583751,-31.228476],[150.575295,-31.273798],[150.56586,-31.272451],[150.566555,-31.268537],[150.556253,-31.267097],[150.548416,-31.264927],[150.546033,-31.277541],[150.550391,-31.278162],[150.548966,-31.285435],[150.550514,-31.289523],[150.546772,-31.309566],[150.551579,-31.310253],[150.549849,-31.319229],[150.548091,-31.318962],[150.546135,-31.3292],[150.537653,-31.328101],[150.534605,-31.343092],[150.549846,-31.343969],[150.547014,-31.357459],[150.54452,-31.357076],[150.543292,-31.36287],[150.532884,-31.360397],[150.518266,-31.358407],[150.516695,-31.366749],[150.505697,-31.367288],[150.507647,-31.356856],[150.497969,-31.355606],[150.498841,-31.350986],[150.485538,-31.349161],[150.484234,-31.356201],[150.468341,-31.353996],[150.469625,-31.346978],[150.419482,-31.34003],[150.427821,-31.350392],[150.426929,-31.357941],[150.430346,-31.362335],[150.433278,-31.36388],[150.43187,-31.377709],[150.433392,-31.380318],[150.429634,-31.384383],[150.434163,-31.387001],[150.434616,-31.3933],[150.418905,-31.391036],[150.417667,-31.397631],[150.382465,-31.392679],[150.383718,-31.386122],[150.370359,-31.384207],[150.366284,-31.386459],[150.351856,-31.384543],[150.350951,-31.389338],[150.338623,-31.387612],[150.33888,-31.386238],[150.303409,-31.381349],[150.304184,-31.37732],[150.285675,-31.375049],[150.285905,-31.373839],[150.237969,-31.367195],[150.237233,-31.371153],[150.226534,-31.369676],[150.227149,-31.366392],[150.200263,-31.362883],[150.201711,-31.354087],[150.192906,-31.352953],[150.191955,-31.358432],[150.174012,-31.356094],[150.160961,-31.354959],[150.163276,-31.34153],[150.15888,-31.340962],[150.160931,-31.329103],[150.156807,-31.328574],[150.15936,-31.313773],[150.151496,-31.312758],[150.152988,-31.304395],[150.148646,-31.303841],[150.157848,-31.252418],[150.154467,-31.251937],[150.156288,-31.242337],[150.163289,-31.243325],[150.165295,-31.233006],[150.159665,-31.232256],[150.158496,-31.237667],[150.144799,-31.236738],[150.147657,-31.225161],[150.138318,-31.223918],[150.134651,-31.244313],[150.103379,-31.240018],[150.096406,-31.278328],[150.094952,-31.278132],[150.091357,-31.297896],[150.086472,-31.297257],[150.078838,-31.338094],[150.039868,-31.332773],[150.041308,-31.325018],[150.006557,-31.320806],[150.005558,-31.326216],[149.994616,-31.324779],[149.986677,-31.329315],[149.99871,-31.344639],[149.995759,-31.360109],[149.999201,-31.361647],[149.98813,-31.427367],[150.004391,-31.429592],[150.004013,-31.436268],[150.002257,-31.445629],[149.999306,-31.447979],[149.986349,-31.45443],[149.971349,-31.45803],[149.968049,-31.45813],[149.943549,-31.45513],[149.93685,-31.45683],[149.89765,-31.45113],[149.882911,-31.451994],[149.866949,-31.537269],[149.874525,-31.538332],[149.875955,-31.534964],[149.892615,-31.537123],[149.904408,-31.536897],[149.905761,-31.543933],[149.903174,-31.54531],[149.911777,-31.552989],[149.913288,-31.561597],[149.912686,-31.567151],[149.914094,-31.572537],[149.911314,-31.572789],[149.911718,-31.577396],[149.908173,-31.576634],[149.90412,-31.579502],[149.901521,-31.58433],[149.899503,-31.584291],[149.89291,-31.592552],[149.892543,-31.59537],[149.896758,-31.602487],[149.895892,-31.605249],[149.897107,-31.610738],[149.895418,-31.613206],[149.898799,-31.617178],[149.89666,-31.620186],[149.901069,-31.624427],[149.887015,-31.622489],[149.887255,-31.621153],[149.863643,-31.617768],[149.857331,-31.618312],[149.840889,-31.616108],[149.842905,-31.619753],[149.849681,-31.623959],[149.851432,-31.628732],[149.858218,-31.631792],[149.864563,-31.636342],[149.864961,-31.640949],[149.863071,-31.643363],[149.866465,-31.651505],[149.86475,-31.65512],[149.864676,-31.664367],[149.863574,-31.669611],[149.86681,-31.678956],[149.870213,-31.683005],[149.877771,-31.683283],[149.879684,-31.689171],[149.878832,-31.691837],[149.883716,-31.694618],[149.890059,-31.69556],[149.892587,-31.698467],[149.897302,-31.698558],[149.904783,-31.706764],[149.907964,-31.707349],[149.919362,-31.706317],[149.925439,-31.700331],[149.930174,-31.698388],[149.933434,-31.705155],[149.93933,-31.706498],[149.941737,-31.711008],[149.945201,-31.709043],[149.944412,-31.706384],[149.946991,-31.702277],[149.95421,-31.701694],[149.958311,-31.700183],[149.965541,-31.700973],[149.971833,-31.706119],[149.971625,-31.709498],[149.980844,-31.718763],[149.981931,-31.723065],[149.979712,-31.725883],[149.98412,-31.727937],[149.993737,-31.721789],[149.990545,-31.713973],[149.995779,-31.714723],[150.002707,-31.707615],[150.004382,-31.702569],[150.009998,-31.706996],[150.01387,-31.704792],[150.013668,-31.697585],[150.02086,-31.696345],[150.027473,-31.693363],[150.030212,-31.69088],[150.038454,-31.694272],[150.041785,-31.692285],[150.044312,-31.695854],[150.052178,-31.698507],[150.050241,-31.704444],[150.044686,-31.710931],[150.045769,-31.714157],[150.051531,-31.721227],[150.057577,-31.719709],[150.075072,-31.739869],[150.078715,-31.741679],[150.087071,-31.742291],[150.094151,-31.740402],[150.102595,-31.740355],[150.104099,-31.743043],[150.110638,-31.746135],[150.110257,-31.748919],[150.099944,-31.748999],[150.089364,-31.754411],[150.084247,-31.758537],[150.069755,-31.76552],[150.068656,-31.772915],[150.061711,-31.776951],[150.049893,-31.786316],[150.045344,-31.797175],[150.041336,-31.798357],[150.041078,-31.804479],[150.036363,-31.812036],[150.034337,-31.816898],[150.025732,-31.824981],[150.023983,-31.828752],[150.018505,-31.83114],[150.015334,-31.834578],[150.009959,-31.837442],[150.006645,-31.835658],[150.002157,-31.839717],[149.992219,-31.843498],[149.991623,-31.845753],[149.986155,-31.849877],[149.978572,-31.85351],[149.977285,-31.857501],[149.973486,-31.857642],[149.968322,-31.861497],[149.959059,-31.863238],[149.9509,-31.869702],[149.941452,-31.878752],[149.933259,-31.881685],[149.92829,-31.881696],[149.924604,-31.886163],[149.919587,-31.886679],[149.919454,-31.893978],[149.914575,-31.895948],[149.913861,-31.898922],[149.909069,-31.899965],[149.905532,-31.904501],[149.897359,-31.912621],[149.898585,-31.918615],[149.888344,-31.929688],[149.886594,-31.93404],[149.883302,-31.934375],[149.883297,-31.937943],[149.878336,-31.939045],[149.872976,-31.944084],[149.872871,-31.947597],[149.869418,-31.950598],[149.869154,-31.953621],[149.866233,-31.956917],[149.866099,-31.961503],[149.851323,-31.970932],[149.846338,-31.98054],[149.843314,-31.981455],[149.839116,-31.987378],[149.857806,-31.989533],[149.858932,-31.982647],[149.875564,-31.984515],[149.873787,-31.995918],[149.882576,-31.996901],[149.879703,-31.999875],[149.873485,-32.01204],[149.872892,-32.018975],[149.87485,-32.031064],[149.868526,-32.03024],[149.869721,-32.023779],[149.859837,-32.02253],[149.85838,-32.030402],[149.849773,-32.025807],[149.840192,-32.031119],[149.828063,-32.034136],[149.825774,-32.037536],[149.812148,-32.040014],[149.808111,-32.039529],[149.805267,-32.055177],[149.80291,-32.057922],[149.795665,-32.05809],[149.791608,-32.079359],[149.79754,-32.080168],[149.795238,-32.092721],[149.802182,-32.093675],[149.803022,-32.089331],[149.81249,-32.090657],[149.812097,-32.092904],[149.815993,-32.095748],[149.820768,-32.096376],[149.81943,-32.103624],[149.828982,-32.103896],[149.845959,-32.10608],[149.845189,-32.11697],[149.848468,-32.117368],[149.849847,-32.109167],[149.86088,-32.110573],[149.861229,-32.108567],[149.892267,-32.11267],[149.892172,-32.117859],[149.893994,-32.11996],[149.921931,-32.123016],[149.922783,-32.11806],[149.932317,-32.119232],[149.930319,-32.131107],[149.921928,-32.13009],[149.92077,-32.137369],[149.933553,-32.133589],[149.947996,-32.134952],[149.944886,-32.141092],[149.940363,-32.152712],[149.939343,-32.157041],[149.964628,-32.160154],[149.960754,-32.181876],[149.982621,-32.184721],[149.985142,-32.170585],[149.98935,-32.171135],[149.990684,-32.163682],[150.00064,-32.164655],[150.001156,-32.161588],[150.00946,-32.162659],[150.008146,-32.176603],[150.015475,-32.178376],[150.013982,-32.186598],[150.017097,-32.186711],[150.023077,-32.183632],[150.028746,-32.187263],[150.026908,-32.194864],[150.034803,-32.195905],[150.03576,-32.190264],[150.04176,-32.188531],[150.045029,-32.193727],[150.049627,-32.191801],[150.053194,-32.187877],[150.058476,-32.19256],[150.061362,-32.192052],[150.061542,-32.187715],[150.0639,-32.18419],[150.069726,-32.187841],[150.072083,-32.192886],[150.065351,-32.196854],[150.062718,-32.208113],[150.058896,-32.207632],[150.05774,-32.214676],[150.051395,-32.21388],[150.04884,-32.216252],[150.047941,-32.221496],[150.049282,-32.22546],[150.060247,-32.227224],[150.059027,-32.234529],[150.055455,-32.239116],[150.062277,-32.242852],[150.062501,-32.247197],[150.057791,-32.250354],[150.047243,-32.244276],[150.045812,-32.251923],[150.051872,-32.253843],[150.053136,-32.258416],[150.04711,-32.261384],[150.041813,-32.262032],[150.04272,-32.268396],[150.04577,-32.276028],[150.043992,-32.278321],[150.043911,-32.283034],[150.041236,-32.286972],[150.036512,-32.285362],[150.03253,-32.289367],[150.037456,-32.292514],[150.034829,-32.295757],[150.030106,-32.291558],[150.021931,-32.305593],[150.02641,-32.310936],[150.032068,-32.315553],[150.027724,-32.324452],[150.028658,-32.332032],[150.030674,-32.33398],[150.037448,-32.328178],[150.047259,-32.337463],[150.050781,-32.346724],[150.053646,-32.350755],[150.067073,-32.356008],[150.069754,-32.354795],[150.066266,-32.347703],[150.067384,-32.343541],[150.074879,-32.344702],[150.078799,-32.343106],[150.09134,-32.341906],[150.102209,-32.342791],[150.113007,-32.341056],[150.117906,-32.338999],[150.127247,-32.341279],[150.132276,-32.336576],[150.142012,-32.341451],[150.145027,-32.339928],[150.149961,-32.334725],[150.151684,-32.329392],[150.159054,-32.326233],[150.15956,-32.332052],[150.164651,-32.331603],[150.165778,-32.328793],[150.163331,-32.320836],[150.165772,-32.319959],[150.170936,-32.324638],[150.176846,-32.325747],[150.17927,-32.333881],[150.18757,-32.334989],[150.185981,-32.343733],[150.186801,-32.350736],[150.189564,-32.351719],[150.190794,-32.344222],[150.195557,-32.340853],[150.195338,-32.335713],[150.197112,-32.332611],[150.206128,-32.333502],[150.206174,-32.338374],[150.209968,-32.339769],[150.218141,-32.337819],[150.215366,-32.334095],[150.214117,-32.328076],[150.206605,-32.326101],[150.205963,-32.323277],[150.208533,-32.318443],[150.212665,-32.322215],[150.217188,-32.323074],[150.220506,-32.315794],[150.223691,-32.314477],[150.232254,-32.313887],[150.235609,-32.308222],[150.240507,-32.309412],[150.244282,-32.31356],[150.246518,-32.312697],[150.249223,-32.30561],[150.25279,-32.308426],[150.25528,-32.313771],[150.262383,-32.315621],[150.261391,-32.317924],[150.25674,-32.319582],[150.251908,-32.323452],[150.253509,-32.326097],[150.261057,-32.327178],[150.265386,-32.322485],[150.270576,-32.321442],[150.27144,-32.324624],[150.267698,-32.327274],[150.260895,-32.334576],[150.26056,-32.346173],[150.261842,-32.351743],[150.264749,-32.35504],[150.259637,-32.356372],[150.259542,-32.359631],[150.264699,-32.362144],[150.265473,-32.369131],[150.268574,-32.371552],[150.266882,-32.375964],[150.273245,-32.380385],[150.276805,-32.381146],[150.278826,-32.375134],[150.285274,-32.374744],[150.287433,-32.380318],[150.28191,-32.383116],[150.284291,-32.386226],[150.28843,-32.3869],[150.294834,-32.385022],[150.304668,-32.37325],[150.307258,-32.374897],[150.306487,-32.380795],[150.309427,-32.38668],[150.316837,-32.384971],[150.320379,-32.388209],[150.319376,-32.390888],[150.315072,-32.392688],[150.314967,-32.403495],[150.319073,-32.40827],[150.323047,-32.40802],[150.327927,-32.40467],[150.328862,-32.399868],[150.337788,-32.396947],[150.342192,-32.391475],[150.340799,-32.387857],[150.342449,-32.385065],[150.352769,-32.383663],[150.353452,-32.386891],[150.357639,-32.387176],[150.361274,-32.381764],[150.366836,-32.384523],[150.37121,-32.385008],[150.374341,-32.381835],[150.381039,-32.383115],[150.38685,-32.378895],[150.384596,-32.375997],[150.385735,-32.371521],[150.391611,-32.365651],[150.392342,-32.3546],[150.393989,-32.352555],[150.392217,-32.343481],[150.393601,-32.333752],[150.397184,-32.332872],[150.406867,-32.333056],[150.41327,-32.337423],[150.410956,-32.344176],[150.418387,-32.346974],[150.428267,-32.345327],[150.432778,-32.339563],[150.429727,-32.3371],[150.43033,-32.327418],[150.438733,-32.322157],[150.441755,-32.321543],[150.446639,-32.325251],[150.453032,-32.321935],[150.457261,-32.323615],[150.461477,-32.322376],[150.469168,-32.321905],[150.473109,-32.328306],[150.477468,-32.332657],[150.482952,-32.334363],[150.487669,-32.337428],[150.491482,-32.343544],[150.489532,-32.347326],[150.495027,-32.352515],[150.496768,-32.34223],[150.511871,-32.344253],[150.50731,-32.368374],[150.521026,-32.369708],[150.518034,-32.367084],[150.519231,-32.363171],[150.523785,-32.363211],[150.521429,-32.357689],[150.525002,-32.355178],[150.525697,-32.351743],[150.536331,-32.35332],[150.53748,-32.34791],[150.540408,-32.343611],[150.552621,-32.34542],[150.554639,-32.33574],[150.557781,-32.33616],[150.558504,-32.332008],[150.546742,-32.330705],[150.544942,-32.3267],[150.534978,-32.329378],[150.52953,-32.331582],[150.526692,-32.323747],[150.528081,-32.31833],[150.527348,-32.313199],[150.522038,-32.307546],[150.521001,-32.304956],[150.515843,-32.300805],[150.514928,-32.295163],[150.510136,-32.291353],[150.50948,-32.28583],[150.510884,-32.281878],[150.507085,-32.273463],[150.502919,-32.270926],[150.504109,-32.267489],[150.500302,-32.265696],[150.498259,-32.262555],[150.50028,-32.258172],[150.50028,-32.253915],[150.48965,-32.246927],[150.49064,-32.244738],[150.486444,-32.23985],[150.493641,-32.225397],[150.494709,-32.219689],[150.492631,-32.212897],[150.493399,-32.209278],[150.496489,-32.2063],[150.493122,-32.2036],[150.491949,-32.194275],[150.493809,-32.189725],[150.493178,-32.183704],[150.49584,-32.175677],[150.491585,-32.173318],[150.490974,-32.170776],[150.495208,-32.169255],[150.497453,-32.164118],[150.509039,-32.155969],[150.507602,-32.153639],[150.50902,-32.149123],[150.501238,-32.139067],[150.498859,-32.130034],[150.535357,-32.134982],[150.552788,-32.136761],[150.573132,-32.139606],[150.577252,-32.141213],[150.629114,-32.148247],[150.629495,-32.146335],[150.656733,-32.150204],[150.659868,-32.157387],[150.656558,-32.160607],[150.697662,-32.166257],[150.70883,-32.168205],[150.735884,-32.172114],[150.749541,-32.173741],[150.762825,-32.175859],[150.764491,-32.178556],[150.769368,-32.179249],[150.779294,-32.177476],[150.848696,-32.187528],[150.861055,-32.189501],[150.866921,-32.192634],[150.87779,-32.199892],[150.880229,-32.197844],[150.872464,-32.191746],[150.868041,-32.191064],[150.870253,-32.187207],[150.874117,-32.190646],[150.878212,-32.190647],[150.875398,-32.185988],[150.876946,-32.180901],[150.872342,-32.179666],[150.871949,-32.176882],[150.877022,-32.176774],[150.916081,-32.181753],[150.93018,-32.176945],[150.940047,-32.174862],[150.948159,-32.176205],[150.953718,-32.178181],[150.965534,-32.178562],[150.967658,-32.172835],[150.973146,-32.172531],[150.975451,-32.170118],[151.000858,-32.173588],[151.004427,-32.16978],[151.006681,-32.172651],[151.009771,-32.172227],[151.015907,-32.177565],[151.017837,-32.174903],[151.022868,-32.173506],[151.029343,-32.166475],[151.031817,-32.166471],[151.037547,-32.174078],[151.04067,-32.17437],[151.044722,-32.177354],[151.046117,-32.170195],[151.057533,-32.171948],[151.057975,-32.169714],[151.066043,-32.165754],[151.080567,-32.171407],[151.079708,-32.175413],[151.101009,-32.178657],[151.101957,-32.184399],[151.111567,-32.188969],[151.114224,-32.195095],[151.118349,-32.193692],[151.140573,-32.197129],[151.139695,-32.201334],[151.147205,-32.202451],[151.14806,-32.198294],[151.154761,-32.199338],[151.153917,-32.203639],[151.160382,-32.204603],[151.159047,-32.211093],[151.168509,-32.21249],[151.174018,-32.211807],[151.184688,-32.223143],[151.186215,-32.228198],[151.190637,-32.231647],[151.196823,-32.23366],[151.200324,-32.232528],[151.201036,-32.227704],[151.207227,-32.224839],[151.208815,-32.220166],[151.215261,-32.218238],[151.217578,-32.215945],[151.222955,-32.217273],[151.226163,-32.211824],[151.230916,-32.209607],[151.238403,-32.207745],[151.246256,-32.209568],[151.251788,-32.201318],[151.254664,-32.20045],[151.264351,-32.189801],[151.268371,-32.187475],[151.271239,-32.183211],[151.27646,-32.180617],[151.285015,-32.17876],[151.294798,-32.169629],[151.296656,-32.164173],[151.298975,-32.162671],[151.302543,-32.156814],[151.302447,-32.154043],[151.307236,-32.147613],[151.307686,-32.142392],[151.309698,-32.138984],[151.308333,-32.134833],[151.30999,-32.12933],[151.310287,-32.121363],[151.303943,-32.116747],[151.312247,-32.111336],[151.320672,-32.102083],[151.320766,-32.098468],[151.324628,-32.094257],[151.328732,-32.094955],[151.334411,-32.091944],[151.335448,-32.082403],[151.35298,-32.080969],[151.363162,-32.083102],[151.367701,-32.081511],[151.378641,-32.081882],[151.387446,-32.083526],[151.392307,-32.081226],[151.394632,-32.069713],[151.400821,-32.066893],[151.406738,-32.058774],[151.405995,-32.044979],[151.402881,-32.040946],[151.408589,-32.032685],[151.417461,-32.026382],[151.421012,-32.022047],[151.427854,-32.018273],[151.433128,-32.016711],[151.437999,-32.011461],[151.44328,-32.009733],[151.442454,-32.006725],[151.447404,-32.00226],[151.450874,-32.000743],[151.454726,-31.995979],[151.454637,-31.993265],[151.451139,-31.99095],[151.448894,-31.982641],[151.449756,-31.977066],[151.446969,-31.975108],[151.446091,-31.970044],[151.448739,-31.961657],[151.442452,-31.949366],[151.443801,-31.947418],[151.450361,-31.944195],[151.455799,-31.923058],[151.460027,-31.920881],[151.462026,-31.915806],[151.465612,-31.913151],[151.469226,-31.906085],[151.467828,-31.900363],[151.469466,-31.896611],[151.474586,-31.895508],[151.476862,-31.893325],[151.484698,-31.892795],[151.490632,-31.885178],[151.488098,-31.883171],[151.491173,-31.878161],[151.505763,-31.873053],[151.515154,-31.865728],[151.512161,-31.857692],[151.516642,-31.852535],[151.523088,-31.851048],[151.52704,-31.848132],[151.535463,-31.84554],[151.541845,-31.847238],[151.544214,-31.849744],[151.548112,-31.850321],[151.551372,-31.848553],[151.556427,-31.849326],[151.556248,-31.861963],[151.564345,-31.86129],[151.570992,-31.856272],[151.57678,-31.85484],[151.578871,-31.851254],[151.577421,-31.846384],[151.581486,-31.845016],[151.58242,-31.840784],[151.584899,-31.837576],[151.584638,-31.831588],[151.587194,-31.822102],[151.585374,-31.81926],[151.58954,-31.816479],[151.588801,-31.814006],[151.594022,-31.78969],[151.590993,-31.788273],[151.578621,-31.788723],[151.572235,-31.787187],[151.56809,-31.790521],[151.558579,-31.787524],[151.55445,-31.787303],[151.551459,-31.78469],[151.54256,-31.780081],[151.540731,-31.775763],[151.535891,-31.775703],[151.532135,-31.773089],[151.522236,-31.770965],[151.517871,-31.768467],[151.523332,-31.741067],[151.532389,-31.697316],[151.534772,-31.694157],[151.522466,-31.679691],[151.521103,-31.675951],[151.522519,-31.671332],[151.520908,-31.664807],[151.524081,-31.659787],[151.535647,-31.596086],[151.540071,-31.600501],[151.549352,-31.602757],[151.551422,-31.600815],[151.557818,-31.601403],[151.558956,-31.603567],[151.569831,-31.609953],[151.571346,-31.606027],[151.575694,-31.604999],[151.576601,-31.602515],[151.584392,-31.604952],[151.585328,-31.602682],[151.591084,-31.602573],[151.596316,-31.600537],[151.600991,-31.595498],[151.60399,-31.599645],[151.609443,-31.601869],[151.610475,-31.606683],[151.619783,-31.608431],[151.623888,-31.606812],[151.628276,-31.608739],[151.628563,-31.612009],[151.634462,-31.614695],[151.637177,-31.610179],[151.644412,-31.611373],[151.643215,-31.606213],[151.646967,-31.60712],[151.650144,-31.602314],[151.656169,-31.604527],[151.65693,-31.612134],[151.66467,-31.613662],[151.667365,-31.611417],[151.674732,-31.613062],[151.680427,-31.608977],[151.688803,-31.614094],[151.688156,-31.618518],[151.690622,-31.622773],[151.696272,-31.621955],[151.698445,-31.623311],[151.702102,-31.620164],[151.708399,-31.623864],[151.713236,-31.620648],[151.719034,-31.6268],[151.725031,-31.62924],[151.733015,-31.62837],[151.739632,-31.635846],[151.756756,-31.638142],[151.753853,-31.634047],[151.756107,-31.63144],[151.756105,-31.625707],[151.758746,-31.625068],[151.75635,-31.620144],[151.758617,-31.618978],[151.758396,-31.61466],[151.75595,-31.609247],[151.757288,-31.607456],[151.757149,-31.601741],[151.775327,-31.59042],[151.781646,-31.592628],[151.783284,-31.585595],[151.802497,-31.573861],[151.800421,-31.567626],[151.792802,-31.564847],[151.788201,-31.559293],[151.787466,-31.549545],[151.78041,-31.545198],[151.773447,-31.544387],[151.763901,-31.540943],[151.758457,-31.535372],[151.759741,-31.530675],[151.754767,-31.526993],[151.753741,-31.524385],[151.756638,-31.520256],[151.753343,-31.514308],[151.7607,-31.515421],[151.761575,-31.511185],[151.774371,-31.513092],[151.777422,-31.511729],[151.780585,-31.513627],[151.789327,-31.514938],[151.795334,-31.510786],[151.79737,-31.506929],[151.802351,-31.505003],[151.817453,-31.507163],[151.817896,-31.505699],[151.842759,-31.509038],[151.84458,-31.499475],[151.915755,-31.510067],[151.918336,-31.508291],[151.916966,-31.504183],[151.913028,-31.503777],[151.911067,-31.499202],[151.914658,-31.493625],[151.912146,-31.492129],[151.912266,-31.487655],[151.915377,-31.482671],[151.911358,-31.482175],[151.91277,-31.4767],[151.976509,-31.485864],[151.980718,-31.486175],[152.00692,-31.489958],[152.07001,-31.498415],[152.083904,-31.500522],[152.087032,-31.496032],[152.082114,-31.490563],[152.081713,-31.485222],[152.084147,-31.482546],[152.080791,-31.480083],[152.082218,-31.474815],[152.079485,-31.465738],[152.079653,-31.46276],[152.083128,-31.459067],[152.08609,-31.459377],[152.087676,-31.455776],[152.085306,-31.449821],[152.075463,-31.44548],[152.064663,-31.438591],[152.065802,-31.435384],[152.061895,-31.429235],[152.065575,-31.409145],[152.06905,-31.403177],[152.076859,-31.401305],[152.087244,-31.391719],[152.092323,-31.392091],[152.096636,-31.38825],[152.09976,-31.392027],[152.103123,-31.373415],[152.123679,-31.278729],[152.128782,-31.281115],[152.133207,-31.279433],[152.136909,-31.281776],[152.137785,-31.284686],[152.1475,-31.279899],[152.15303,-31.272551],[152.152258,-31.268575],[152.157775,-31.252088],[152.157693,-31.248307],[152.159974,-31.245028],[152.160937,-31.23998],[152.158665,-31.237989],[152.160004,-31.234131],[152.16305,-31.231321],[152.163188,-31.22791],[152.159773,-31.226799],[152.156766,-31.228663],[152.151562,-31.226388],[152.150169,-31.221594],[152.153548,-31.219007],[152.152741,-31.214794],[152.154124,-31.209319],[152.152496,-31.205937],[152.149213,-31.20552],[152.147466,-31.202172],[152.14755,-31.196017],[152.152879,-31.187264],[152.157201,-31.186285],[152.160504,-31.188778],[152.163944,-31.188815],[152.167083,-31.19126],[152.170211,-31.190611],[152.175595,-31.19851],[152.178964,-31.199509],[152.182362,-31.197735],[152.188251,-31.197206],[152.197088,-31.193678],[152.199673,-31.193581],[152.206952,-31.198257],[152.209412,-31.197584],[152.212483,-31.202024],[152.21735,-31.202238],[152.223397,-31.207902],[152.23206,-31.205451],[152.232366,-31.199593],[152.234107,-31.197461],[152.240152,-31.200939],[152.24245,-31.204362],[152.249432,-31.206676],[152.253103,-31.205393],[152.256969,-31.198432],[152.254681,-31.194535],[152.316572,-31.202936],[152.330897,-31.127464],[152.342684,-31.127637],[152.343458,-31.124362],[152.336641,-31.116269],[152.3419,-31.1145],[152.349587,-31.117004],[152.34815,-31.109224],[152.342982,-31.106365],[152.338112,-31.106029],[152.334987,-31.096198],[152.335077,-31.091283],[152.336743,-31.088797],[152.334937,-31.084906],[152.337351,-31.080097],[152.334219,-31.075715],[152.336799,-31.071404],[152.340634,-31.06821],[152.337633,-31.065899],[152.331245,-31.057657],[152.331474,-31.05557],[152.34517,-31.050618],[152.344607,-31.042386],[152.340341,-31.036442],[152.334049,-31.035471],[152.33116,-31.031617],[152.326425,-31.030117],[152.324392,-31.024857],[152.319215,-31.025088],[152.315267,-31.02785],[152.311316,-31.024989],[152.307849,-31.025194],[152.299635,-31.019833],[152.299045,-31.017317],[152.294233,-31.016354],[152.285222,-31.010356],[152.275066,-31.008692],[152.273443,-31.003872],[152.269825,-30.999147],[152.270845,-30.996295],[152.275194,-30.993949],[152.282404,-30.985676],[152.284119,-30.979437],[152.288659,-30.980927],[152.29117,-30.975444],[152.291524,-30.968167],[152.287964,-30.966871],[152.290658,-30.961333],[152.28599,-30.959675],[152.287238,-30.956807],[152.284306,-30.949125],[152.285433,-30.943909],[152.293185,-30.936259],[152.296107,-30.930719],[152.295131,-30.928065],[152.291013,-30.924718],[152.293296,-30.91878],[152.294739,-30.910623],[152.291747,-30.906489],[152.289493,-30.900382],[152.287243,-30.89997],[152.28898,-30.89161],[152.290594,-30.888218],[152.290613,-30.882266],[152.294013,-30.876665],[152.295075,-30.872234],[152.299116,-30.868431],[152.299031,-30.864954],[152.296218,-30.862705],[152.296535,-30.859042],[152.294238,-30.857384],[152.28951,-30.844152],[152.28454,-30.841506],[152.288597,-30.832337],[152.286781,-30.829869],[152.291453,-30.823737],[152.298103,-30.823219],[152.304217,-30.816397],[152.303904,-30.814047],[152.310699,-30.804966],[152.316736,-30.802765],[152.31791,-30.800261],[152.315094,-30.796546],[152.315673,-30.793799],[152.321037,-30.790831],[152.324515,-30.791848],[152.333339,-30.789489],[152.341232,-30.792067],[152.343857,-30.791901],[152.348538,-30.779729],[152.354998,-30.77812],[152.351956,-30.769156],[152.357768,-30.763766],[152.361448,-30.757902],[152.365477,-30.758481],[152.36675,-30.751786],[152.375309,-30.745347],[152.37586,-30.731802],[152.371082,-30.728387],[152.371882,-30.721824],[152.369392,-30.711234],[152.367003,-30.708878],[152.365915,-30.702985],[152.369327,-30.698688],[152.366724,-30.694202],[152.362344,-30.690139],[152.358405,-30.684213],[152.357992,-30.678444],[152.359475,-30.673425],[152.364359,-30.663496],[152.369291,-30.658905],[152.364491,-30.654615],[152.355535,-30.64877],[152.350185,-30.647314],[152.349223,-30.643146],[152.343798,-30.639482],[152.337037,-30.640624],[152.333571,-30.63659],[152.331578,-30.628318],[152.333891,-30.624023],[152.333149,-30.620307],[152.321906,-30.615829],[152.317822,-30.611685],[152.316055,-30.602971],[152.311722,-30.600191],[152.317728,-30.593425],[152.322966,-30.590328],[152.329911,-30.584223],[152.330239,-30.579028],[152.335719,-30.57348],[152.335809,-30.567038],[152.343383,-30.565586],[152.348328,-30.563125],[152.352503,-30.556123],[152.361994,-30.555286],[152.363655,-30.546112],[152.368345,-30.542896],[152.37254,-30.543139],[152.376388,-30.540287],[152.376725,-30.535486],[152.386854,-30.528965],[152.388156,-30.526408],[152.386866,-30.521258],[152.382551,-30.519325],[152.382797,-30.514723],[152.38499,-30.511588],[152.385807,-30.505194],[152.392128,-30.500786],[152.400253,-30.500942],[152.404659,-30.495843],[152.408423,-30.489261],[152.403551,-30.48701],[152.398057,-30.481549],[152.394568,-30.479499],[152.392931,-30.4725],[152.395074,-30.468166],[152.389645,-30.453052],[152.39205,-30.442917],[152.396846,-30.442124],[152.401805,-30.435009],[152.411021,-30.437011],[152.41753,-30.436503],[152.419692,-30.426637],[152.425068,-30.423699],[152.428078,-30.418897]]]},"bbox":[149.791608,-32.40827,152.631389,-28.249433]},
{"properties":{"electorateShortName":"newcastle","electorateName":"Newcastle","area":170.783963,"state":"NSW"},"type":"Feature","geometry":{"type":"Polygon","coordinates":[[[151.737915,-32.962947],[151.737739,-32.968131],[151.731628,-32.972134],[151.726931,-32.978167],[151.728978,-32.982608],[151.728353,-32.985569],[151.732022,-32.989712],[151.730253,-32.991758],[151.731553,-32.99761],[151.729956,-33.002037],[151.730916,-33.005938],[151.725833,-33.014238],[151.721836,-33.014013],[151.707644,-33.021904],[151.68241924911894,-33.03948998091259],[151.68994149185625,-33.04074406867895],[151.71004133413902,-33.04907155586052],[151.72790573847413,-33.05248431062373],[151.737427,-33.052974000000006],[151.74582544292556,-33.05259868650238],[151.7629771040416,-33.04938710030656],[151.7791866349827,-33.04292607317451],[151.79459490294363,-33.03286341816238],[151.80817585518335,-33.02471650110579],[151.81224049530874,-33.02086742722781],[151.81896928256432,-33.01799096801621],[151.8306281128247,-33.01070597144167],[151.83271369195998,-33.00985217342456],[151.84701405107728,-33.00051073070141],[151.8592919516896,-32.98863571577143],[151.86576985453377,-32.98125462017235],[151.87958320554068,-32.96326779456098],[151.88745380160483,-32.947442494834156],[151.8920798291087,-32.93038417535707],[151.89315814614895,-32.911785977745325],[151.89689652549973,-32.902054827284566],[151.89988629013544,-32.88456174498991],[151.8993853462278,-32.86682208107128],[151.89541317162755,-32.84952559444279],[151.8895386271026,-32.83648467348084],[151.852437,-32.853585],[151.81011,-32.87822],[151.793951,-32.875713],[151.786362,-32.87521],[151.781586,-32.860739],[151.777455,-32.85653],[151.766921,-32.853735],[151.755311,-32.853511],[151.749348,-32.852201],[151.736322,-32.847836],[151.731309,-32.839712],[151.72725,-32.837075],[151.70833,-32.832356],[151.70239,-32.832952],[151.6951,-32.830312],[151.685972,-32.823141],[151.681811,-32.826965],[151.677251,-32.824352],[151.672974,-32.829504],[151.635341,-32.860248],[151.631152,-32.858755],[151.619902,-32.856909],[151.614151,-32.856826],[151.60937,-32.880272],[151.608578,-32.880151],[151.600846,-32.88926],[151.609824,-32.897261],[151.615161,-32.900922],[151.61948,-32.902353],[151.631408,-32.903795],[151.635599,-32.905247],[151.645959,-32.910623],[151.650002,-32.911095],[151.664783,-32.907491],[151.664437,-32.910431],[151.652138,-32.923585],[151.659364,-32.925125],[151.662412,-32.929851],[151.668522,-32.930162],[151.671396,-32.935354],[151.684951,-32.938301],[151.68689,-32.944037],[151.684586,-32.948435],[151.729059,-32.955082],[151.728116,-32.959393],[151.737915,-32.962947]]]},"bbox":[151.600846,-33.052974000000006,151.89988629013544,-32.823141]},
{"properties":{"electorateShortName":"north-sydney","electorateName":"North Sydney","area":52.820342,"state":"NSW"},"type":"Feature","geometry":{"type":"MultiPolygon","coordinates":[[[[151.22665,-33.854461],[151.22028,-33.84388],[151.213501,-33.837705],[151.218518,-33.830068],[151.223163,-33.831551],[151.230912,-33.827778],[151.234028,-33.814165],[151.233208,-33.811542],[151.235228,-33.806873],[151.233018,-33.804093],[151.234281,-33.798376],[151.232938,-33.792589],[151.224925,-33.794695],[151.219566,-33.791325],[151.203381,-33.786613],[151.202999,-33.790238],[151.178237,-33.797722],[151.17511,-33.795733],[151.168269,-33.796875],[151.164582,-33.794275],[151.157106,-33.792709],[151.158202,-33.800259],[151.152604,-33.799016],[151.145154,-33.799862],[151.14398,-33.80431],[151.141076,-33.806574],[151.140788,-33.814081],[151.143037,-33.817115],[151.137719,-33.818003],[151.130158,-33.828068],[151.126708,-33.830181],[151.128351,-33.836121],[151.128305,-33.842931],[151.135387,-33.846828],[151.142981,-33.842946],[151.15172,-33.840804],[151.156257,-33.842113],[151.159279,-33.845383],[151.16194,-33.846754],[151.173688,-33.844691],[151.182761,-33.844215],[151.187207,-33.844913],[151.191549,-33.84953],[151.195942,-33.849776],[151.22665,-33.854461]]],[[[151.25946,-33.937314],[151.2677854930286,-33.9345101799664],[151.28320215754974,-33.924474237865915],[151.29625624273294,-33.91151335291033],[151.30640238809562,-33.89616899195653],[151.31321671814956,-33.87908219633191],[151.31641455064593,-33.86096680105257],[151.3162387711916,-33.85511433189016],[151.3192487841443,-33.845000443701274],[151.3195061532116,-33.84368011443565],[151.31979665374266,-33.84218202554323],[151.31992093797098,-33.84174648258379],[151.32076309504762,-33.837993327382044],[151.32180690677154,-33.83234988163393],[151.32339825241385,-33.826057391524294],[151.3247472943902,-33.81616256037096],[151.32497893287396,-33.80018195761082],[151.32336913519725,-33.79041310991469],[151.32195111838237,-33.77803023034573],[151.32060811838235,-33.77224323034573],[151.31447053116239,-33.75447802569795],[151.307883,-33.744221],[151.30129,-33.748421],[151.297485,-33.753217],[151.299717,-33.756601],[151.301848,-33.760243],[151.302525,-33.768177],[151.298518,-33.767561],[151.29314,-33.773274],[151.295954,-33.781772],[151.289885,-33.782404],[151.291345,-33.785715],[151.288595,-33.787268],[151.288071,-33.79454],[151.290332,-33.799121],[151.29413,-33.800895],[151.297149,-33.799331],[151.30214,-33.802652],[151.303564,-33.806415],[151.307595,-33.807763],[151.301061,-33.818464],[151.301529,-33.823317],[151.290672,-33.828322],[151.280955,-33.832769],[151.287848,-33.850202],[151.286273,-33.852492],[151.286331,-33.857691],[151.282829,-33.862556],[151.28462,-33.873529],[151.282691,-33.877446],[151.285816,-33.885969],[151.285699,-33.891955],[151.282233,-33.890967],[151.274326,-33.893627],[151.27637,-33.898681],[151.270437,-33.90047],[151.268401,-33.90374],[151.271398,-33.914235],[151.266539,-33.913935],[151.261402,-33.914886],[151.262888,-33.917735],[151.257682,-33.922042],[151.261377,-33.927516],[151.259779,-33.929651],[151.261772,-33.935191],[151.25946,-33.937314]]]]},"bbox":[151.126708,-33.937314,151.32497893287396,-33.744221]},
{"properties":{"electorateShortName":"page","electorateName":"Page","area":19342.197652,"state":"NSW"},"type":"Feature","geometry":{"type":"Polygon","coordinates":[[[153.14942550125318,-30.2407895015836],[153.143639,-30.248052],[153.140185,-30.255886],[153.138258,-30.262552],[153.14028,-30.267791],[153.14524,-30.267687],[153.142791,-30.274485],[153.147838,-30.277603],[153.140878,-30.284349],[153.139025,-30.296585],[153.140955,-30.301646],[153.146042,-30.302443],[153.148646,-30.304976],[153.153984,-30.304225],[153.152929,-30.309492],[153.148814,-30.313768],[153.14286,-30.312221],[153.136083,-30.315935],[153.124613,-30.326353],[153.113451,-30.340617],[153.106312,-30.354371],[153.109789,-30.35632],[153.10362,-30.366641],[153.11416933493638,-30.361384220941634],[153.12342426618207,-30.3540922101321],[153.1311739636347,-30.349833210637602],[153.14559698306635,-30.339042480264215],[153.15327050054785,-30.330433256421223],[153.16464007087376,-30.329053897487842],[153.16843563703466,-30.32970983277982],[153.18586001173503,-30.330732273562546],[153.20315406168933,-30.32837217715933],[153.21966732945558,-30.32271831064747],[153.23477872408412,-30.31398332517335],[153.2479198813619,-30.30249575779577],[153.25274566100086,-30.29625459537532],[153.26808292264928,-30.29759828849022],[153.28570461569345,-30.29565349646492],[153.3026031863824,-30.290292098285903],[153.3181229153433,-30.281722133598446],[153.33386656559668,-30.26886105145461],[153.34472480717346,-30.25540640822207],[153.35280991890073,-30.24012374474307],[153.35782352139248,-30.223577064571217],[153.35958058867953,-30.206377019536287],[153.35801627655493,-30.189158373764],[153.35318831563598,-30.17255657783645],[153.3452748808278,-30.157184317619052],[153.33456801581497,-30.14360890321462],[153.3214628552495,-30.13233133250067],[153.31235931977048,-30.127140961268108],[153.30371347931887,-30.109417858964907],[153.3019305162682,-30.091895756746478],[153.29716720650237,-30.076355092318536],[153.29773871367172,-30.063835948279223],[153.29561341572028,-30.04976320435811],[153.30041241364742,-30.042896241699914],[153.3096481844056,-30.03159648185706],[153.31376005336784,-30.023689985123422],[153.3193374630798,-30.01972069295413],[153.33156562481545,-30.006682114955005],[153.34097572233478,-29.9914840058506],[153.34546838998756,-29.979381329347415],[153.35593212735657,-29.964545688437404],[153.36366460284574,-29.947726783651575],[153.36779253721187,-29.929681648760013],[153.36814130011007,-29.91117367480751],[153.36614996624704,-29.9006609451928],[153.36689039482079,-29.89383552179519],[153.36556916499012,-29.880131306611805],[153.37531607865293,-29.86451778737591],[153.38155434972907,-29.847598487564536],[153.3842944463724,-29.829775171304316],[153.3837603337833,-29.81869286542272],[153.39077706599176,-29.79867468245859],[153.39180706599177,-29.79403268245859],[153.39391932420136,-29.776644376297863],[153.39262346346914,-29.75917624615049],[153.39076502860968,-29.752434510318576],[153.40339028057306,-29.738258216011108],[153.4122097885038,-29.722744487126942],[153.41733895488807,-29.708466841379995],[153.4221947698596,-29.692358182971546],[153.42396756501134,-29.675627223282756],[153.42259538710255,-29.658858653202255],[153.42103533791948,-29.653196726530606],[153.42754339502673,-29.638543930372027],[153.4317514679107,-29.62187473582051],[153.4327131077374,-29.604709504297553],[153.43039322415984,-29.587674597060364],[153.44104384202157,-29.5708312657813],[153.44602865792703,-29.55908711275456],[153.45115338488665,-29.541369455832143],[153.4525586881108,-29.522979150884176],[153.45190110874623,-29.51791095844375],[153.45533866473244,-29.508918181656288],[153.45852172697505,-29.491637945536326],[153.45828656952528,-29.474068564597438],[153.4573669830731,-29.469731341274837],[153.46010405219872,-29.462101181578507],[153.4626879765685,-29.444276058672326],[153.46209903817802,-29.43386449032106],[153.46269038633298,-29.420349743820264],[153.46177956631442,-29.414316187468685],[153.4633402973448,-29.40759579722403],[153.46373120144227,-29.388986068011306],[153.46489958162712,-29.383418970904433],[153.4666794890872,-29.366268278213713],[153.46515599615222,-29.34909290923325],[153.46038502335077,-29.332523294003384],[153.45254169149564,-29.317167628086583],[153.44134658733813,-29.30309717594553],[153.44616328093142,-29.295617071695723],[153.45598150353118,-29.283728921015694],[153.46877238667017,-29.263102146271184],[153.47029868378675,-29.259682745653905],[153.4860197089018,-29.238195074253124],[153.50693594741466,-29.219231048209778],[153.5202430454326,-29.203490324963862],[153.52322524020238,-29.200762739824096],[153.53315338307232,-29.187610503987155],[153.54051708170195,-29.17286854784667],[153.54546547097806,-29.154952089709877],[153.54705467459948,-29.13786998350119],[153.54537362425947,-29.12079667127334],[153.53991647967567,-29.102958467532744],[153.53563378571138,-29.08728433357171],[153.5327698417663,-29.081317631241372],[153.54841408702808,-29.054645460112784],[153.56942801146042,-29.02633103018727],[153.61242804859808,-28.976815720752995],[153.62222384632662,-28.963137397124882],[153.62930271359187,-28.947874899666907],[153.6334172796478,-28.9315615757694],[153.63442376114088,-28.914767493912453],[153.6322869866138,-28.89807952264468],[153.6270816255707,-28.882080822484205],[153.6189895791543,-28.867330467396666],[153.60829362361733,-28.854343907976823],[153.6024023438833,-28.849008370251155],[153.598503,-28.855113],[153.598794,-28.859471],[153.594094,-28.863978],[153.594395,-28.866031],[153.589714,-28.873409],[153.583466,-28.871165],[153.581076,-28.868061],[153.577043,-28.868449],[153.578509,-28.860404],[153.574199,-28.854034],[153.574686,-28.850231],[153.571198,-28.847775],[153.572457,-28.842471],[153.563443,-28.847083],[153.569118,-28.847525],[153.571057,-28.849291],[153.570521,-28.863992],[153.576789,-28.869838],[153.571836,-28.872939],[153.564636,-28.873708],[153.554535,-28.868876],[153.545765,-28.86689],[153.529065,-28.871144],[153.526945,-28.872891],[153.530165,-28.877919],[153.536096,-28.876604],[153.541442,-28.878331],[153.54698,-28.876744],[153.555088,-28.877984],[153.559758,-28.881407],[153.570746,-28.88507],[153.57400700637186,-28.877160071570465],[153.57687,-28.877759],[153.582173,-28.874997],[153.58636216686338,-28.876365658994192],[153.579532,-28.881682],[153.544475,-28.917804],[153.53809,-28.916827],[153.53301,-28.918326],[153.52241,-28.916959],[153.518517,-28.918317],[153.512397,-28.913597],[153.507797,-28.912851],[153.500495,-28.917229],[153.497254,-28.921028],[153.494665,-28.920215],[153.491145,-28.922726],[153.489465,-28.919872],[153.484006,-28.920681],[153.478917,-28.924761],[153.475801,-28.924591],[153.482855,-28.888026],[153.491704,-28.869839],[153.495095,-28.867168],[153.494448,-28.863343],[153.486858,-28.864848],[153.482168,-28.863032],[153.481722,-28.859487],[153.476706,-28.855357],[153.478418,-28.848182],[153.473126,-28.845857],[153.465035,-28.840742],[153.451238,-28.838635],[153.45253,-28.830749],[153.445085,-28.829767],[153.447738,-28.82717],[153.441382,-28.823097],[153.445499,-28.809762],[153.446092,-28.801828],[153.444901,-28.796568],[153.448426,-28.796294],[153.448111,-28.791336],[153.4502,-28.789236],[153.453966,-28.781664],[153.450663,-28.781638],[153.443857,-28.776147],[153.446913,-28.772682],[153.442656,-28.765944],[153.442034,-28.762724],[153.44671,-28.760494],[153.450324,-28.757052],[153.448133,-28.746851],[153.442096,-28.744977],[153.434404,-28.747257],[153.424878,-28.739003],[153.422215,-28.742755],[153.416507,-28.743917],[153.414337,-28.742028],[153.406752,-28.742947],[153.409498,-28.725621],[153.41212,-28.720597],[153.407149,-28.719933],[153.409153,-28.707793],[153.404054,-28.703919],[153.400828,-28.697518],[153.406263,-28.69598],[153.408379,-28.693305],[153.407364,-28.686644],[153.414597,-28.692783],[153.420879,-28.695845],[153.424229,-28.693138],[153.422369,-28.685922],[153.426426,-28.682582],[153.426047,-28.680392],[153.421794,-28.676673],[153.417204,-28.677616],[153.416737,-28.670557],[153.417876,-28.663639],[153.426967,-28.666711],[153.430116,-28.661373],[153.42418,-28.660495],[153.426768,-28.655561],[153.420985,-28.653793],[153.420963,-28.649142],[153.415288,-28.64719],[153.418137,-28.642062],[153.414176,-28.64038],[153.415381,-28.637127],[153.412299,-28.634882],[153.415793,-28.625232],[153.413249,-28.623143],[153.412573,-28.618571],[153.373087,-28.613976],[153.375449,-28.603359],[153.375371,-28.599574],[153.378442,-28.595467],[153.379954,-28.589958],[153.379857,-28.584761],[153.37289,-28.577856],[153.363686,-28.573744],[153.359668,-28.567964],[153.355982,-28.567174],[153.351826,-28.568595],[153.347611,-28.564883],[153.346758,-28.559157],[153.339228,-28.557975],[153.337316,-28.549393],[153.334326,-28.548747],[153.327104,-28.542397],[153.322951,-28.540974],[153.318022,-28.54235],[153.313924,-28.540611],[153.310776,-28.54277],[153.305371,-28.541755],[153.301701,-28.539412],[153.298932,-28.540659],[153.291259,-28.541367],[153.291483,-28.537849],[153.28791,-28.535679],[153.283753,-28.529743],[153.284973,-28.524267],[153.28252,-28.522508],[153.283133,-28.517595],[153.281572,-28.516234],[153.273306,-28.522004],[153.268788,-28.522317],[153.2547,-28.527147],[153.252595,-28.520576],[153.246749,-28.515811],[153.23679,-28.517431],[153.228848,-28.517005],[153.225596,-28.518079],[153.219644,-28.522855],[153.215763,-28.522896],[153.205943,-28.526532],[153.19787,-28.526996],[153.193084,-28.523175],[153.186001,-28.521294],[153.178087,-28.52295],[153.172847,-28.521659],[153.170026,-28.523615],[153.160381,-28.524078],[153.159471,-28.519068],[153.155032,-28.515531],[153.153438,-28.510141],[153.151128,-28.509057],[153.149773,-28.502945],[153.152552,-28.499061],[153.154522,-28.491996],[153.153674,-28.484325],[153.147352,-28.480213],[153.146008,-28.476838],[153.141014,-28.470775],[153.141195,-28.466257],[153.143898,-28.462728],[153.135998,-28.457227],[153.140181,-28.449535],[153.143132,-28.448875],[153.145213,-28.44445],[153.142746,-28.443286],[153.14387,-28.438768],[153.142127,-28.436139],[153.13155,-28.432002],[153.126653,-28.435329],[153.120886,-28.433412],[153.124034,-28.430592],[153.127518,-28.419263],[153.120837,-28.415282],[153.122463,-28.41175],[153.126464,-28.408957],[153.1277,-28.405931],[153.118418,-28.402984],[153.118442,-28.396624],[153.115033,-28.394172],[153.110781,-28.388469],[153.110503,-28.3783],[153.106738,-28.37616],[153.112564,-28.372538],[153.112955,-28.361311],[153.1094,-28.35744],[153.100722,-28.357661],[153.091264,-28.353991],[153.080842,-28.354211],[153.074254,-28.352029],[153.070501,-28.347918],[153.065283,-28.344234],[153.057662,-28.342688],[153.049015,-28.342055],[153.04606,-28.339455],[153.039112,-28.342938],[153.029918,-28.340017],[153.020061,-28.338683],[153.009458,-28.341753],[153.00228,-28.340045],[152.996234,-28.339964],[152.98917,-28.336675],[152.983261,-28.337892],[152.978971,-28.334497],[152.973663,-28.332068],[152.951157,-28.33379],[152.945207,-28.335646],[152.941574,-28.334512],[152.933471,-28.338183],[152.923737,-28.331808],[152.914829,-28.330026],[152.909212,-28.32667],[152.898906,-28.324718],[152.893159,-28.317675],[152.882129,-28.312092],[152.879914,-28.309613],[152.875102,-28.312321],[152.865537,-28.313051],[152.858413,-28.311206],[152.854657,-28.312495],[152.848701,-28.312335],[152.847576,-28.31579],[152.841839,-28.320946],[152.83864,-28.322021],[152.831926,-28.319961],[152.829326,-28.321847],[152.827771,-28.326006],[152.824504,-28.328424],[152.823263,-28.335392],[152.818441,-28.335629],[152.808904,-28.342765],[152.80777,-28.345329],[152.808546,-28.350216],[152.803636,-28.353735],[152.793786,-28.354014],[152.787691,-28.351758],[152.782472,-28.347456],[152.775822,-28.34657],[152.773336,-28.347949],[152.760694,-28.352027],[152.758844,-28.354738],[152.762235,-28.35738],[152.758139,-28.362872],[152.751062,-28.363914],[152.747747,-28.361147],[152.740742,-28.359934],[152.736809,-28.354795],[152.729746,-28.351758],[152.72288,-28.344096],[152.720215,-28.34512],[152.712849,-28.341484],[152.708468,-28.343866],[152.698895,-28.335358],[152.692385,-28.336667],[152.688551,-28.334678],[152.686418,-28.329075],[152.679339,-28.330416],[152.673641,-28.325981],[152.673369,-28.317837],[152.667228,-28.311752],[152.656128,-28.309697],[152.650516,-28.312833],[152.643902,-28.31278],[152.638288,-28.310997],[152.634355,-28.306184],[152.627857,-28.303031],[152.6228,-28.29404],[152.6237,-28.290308],[152.620784,-28.284094],[152.617664,-28.283183],[152.617666,-28.278312],[152.616031,-28.272333],[152.613585,-28.271322],[152.60535,-28.27829],[152.600303,-28.283836],[152.598005,-28.291087],[152.598382,-28.295931],[152.601701,-28.306722],[152.597019,-28.313648],[152.597844,-28.314788],[152.600412,-28.317237],[152.607771,-28.320192],[152.617481,-28.320005],[152.622868,-28.327726],[152.627986,-28.327717],[152.629151,-28.334209],[152.631389,-28.338518],[152.626211,-28.347854],[152.620937,-28.34694],[152.618427,-28.34819],[152.616398,-28.354359],[152.612842,-28.357841],[152.615006,-28.360785],[152.614853,-28.365552],[152.610967,-28.369336],[152.611897,-28.374662],[152.607134,-28.37838],[152.603784,-28.378654],[152.602572,-28.384177],[152.605129,-28.385224],[152.605153,-28.391846],[152.597105,-28.394984],[152.598038,-28.399601],[152.593347,-28.400869],[152.594411,-28.408933],[152.583561,-28.41709],[152.57821,-28.414854],[152.57752,-28.418124],[152.582758,-28.4224],[152.580125,-28.425367],[152.577861,-28.435713],[152.566459,-28.438797],[152.566273,-28.445062],[152.564267,-28.44685],[152.566667,-28.450597],[152.561313,-28.457009],[152.562095,-28.465685],[152.557985,-28.46973],[152.55547,-28.466104],[152.551342,-28.466817],[152.548651,-28.470497],[152.553433,-28.475383],[152.550951,-28.479249],[152.543552,-28.479437],[152.535656,-28.48656],[152.527144,-28.497411],[152.536506,-28.499624],[152.536842,-28.506618],[152.533082,-28.513825],[152.528612,-28.512124],[152.524707,-28.512962],[152.518799,-28.510349],[152.512818,-28.513333],[152.507962,-28.513586],[152.502987,-28.511686],[152.500368,-28.517493],[152.5001,-28.523736],[152.501119,-28.528449],[152.493511,-28.527216],[152.487327,-28.527262],[152.483019,-28.525895],[152.476117,-28.52696],[152.476979,-28.522673],[152.475763,-28.519907],[152.469177,-28.520762],[152.466564,-28.526306],[152.463412,-28.52283],[152.459743,-28.522668],[152.462678,-28.528058],[152.460079,-28.52932],[152.454691,-28.527083],[152.447754,-28.527473],[152.443981,-28.529536],[152.442997,-28.532658],[152.446419,-28.539191],[152.443219,-28.550323],[152.441134,-28.553207],[152.442458,-28.556841],[152.447451,-28.555561],[152.451841,-28.562728],[152.456435,-28.565369],[152.455687,-28.569809],[152.45011,-28.567932],[152.441062,-28.574986],[152.441666,-28.577634],[152.447357,-28.576241],[152.446421,-28.584282],[152.442461,-28.581121],[152.43866,-28.582308],[152.440995,-28.587651],[152.441811,-28.592688],[152.439097,-28.598856],[152.441951,-28.60001],[152.44282,-28.603383],[152.439391,-28.604725],[152.434765,-28.602244],[152.428814,-28.603617],[152.422079,-28.606845],[152.417347,-28.612965],[152.416608,-28.618534],[152.413065,-28.621255],[152.406612,-28.620758],[152.405834,-28.62302],[152.411525,-28.625629],[152.408765,-28.628211],[152.413981,-28.632035],[152.408076,-28.636777],[152.407829,-28.642945],[152.399648,-28.645827],[152.398771,-28.647626],[152.403248,-28.652435],[152.402465,-28.659427],[152.398024,-28.662836],[152.390769,-28.664157],[152.389091,-28.665769],[152.391442,-28.669829],[152.386341,-28.676333],[152.389048,-28.681288],[152.384483,-28.686102],[152.378172,-28.684799],[152.373705,-28.687903],[152.376136,-28.69426],[152.375208,-28.699883],[152.378832,-28.703981],[152.385991,-28.701988],[152.391604,-28.703675],[152.397393,-28.706918],[152.406486,-28.705472],[152.404789,-28.710113],[152.407521,-28.723073],[152.414274,-28.722832],[152.421238,-28.718079],[152.426474,-28.724078],[152.429335,-28.725364],[152.435037,-28.725093],[152.440932,-28.729164],[152.450011,-28.730273],[152.455816,-28.731834],[152.464635,-28.735505],[152.473627,-28.731073],[152.474771,-28.735515],[152.471246,-28.742706],[152.473711,-28.747146],[152.477743,-28.746271],[152.47974,-28.742438],[152.484161,-28.738602],[152.493554,-28.735639],[152.496039,-28.736485],[152.499036,-28.741115],[152.498235,-28.74483],[152.493561,-28.749296],[152.486577,-28.748681],[152.48071,-28.749537],[152.48037,-28.753224],[152.488846,-28.758949],[152.492089,-28.764999],[152.490324,-28.768883],[152.479981,-28.77298],[152.477761,-28.777384],[152.480325,-28.780262],[152.490571,-28.782599],[152.496297,-28.785396],[152.503107,-28.785176],[152.508518,-28.780094],[152.51331,-28.780909],[152.515242,-28.784393],[152.514027,-28.789245],[152.517063,-28.794426],[152.521678,-28.793089],[152.525454,-28.787235],[152.530992,-28.781374],[152.54079,-28.781511],[152.542992,-28.78377],[152.543678,-28.787938],[152.540228,-28.797193],[152.537034,-28.803606],[152.539335,-28.815156],[152.544233,-28.817867],[152.55488,-28.817862],[152.556973,-28.824527],[152.552538,-28.830686],[152.545624,-28.837014],[152.537301,-28.84685],[152.540604,-28.851604],[152.544747,-28.85373],[152.556286,-28.856124],[152.561198,-28.857808],[152.567877,-28.858052],[152.573425,-28.863705],[152.570753,-28.86966],[152.565676,-28.884922],[152.564307,-28.887482],[152.557145,-28.89375],[152.554495,-28.899534],[152.554729,-28.902509],[152.549367,-28.910167],[152.555079,-28.912589],[152.563501,-28.909226],[152.567178,-28.904199],[152.571142,-28.905675],[152.573694,-28.908669],[152.580107,-28.911484],[152.580988,-28.928604],[152.577328,-28.932486],[152.571934,-28.930515],[152.567459,-28.926445],[152.563581,-28.92735],[152.560707,-28.930585],[152.554287,-28.930673],[152.548638,-28.932364],[152.544018,-28.935846],[152.545781,-28.942359],[152.549108,-28.94674],[152.550148,-28.954584],[152.553601,-28.955808],[152.553408,-28.960114],[152.555817,-28.965075],[152.558263,-28.974134],[152.560612,-28.98633],[152.558516,-28.990078],[152.549462,-28.987987],[152.534048,-28.985697],[152.530943,-28.987577],[152.525715,-28.984731],[152.516572,-28.983581],[152.516943,-28.981566],[152.508325,-28.980353],[152.509573,-28.973254],[152.486653,-28.969974],[152.488649,-28.977093],[152.477542,-28.972734],[152.467109,-28.973664],[152.462084,-28.977318],[152.464342,-28.979461],[152.470635,-28.979371],[152.473742,-28.981331],[152.476205,-28.990648],[152.473804,-28.991998],[152.46552,-28.99043],[152.463819,-28.992874],[152.464953,-28.998733],[152.472365,-29.003551],[152.46464,-29.008025],[152.462974,-29.011631],[152.455898,-29.019338],[152.454072,-29.024549],[152.459386,-29.029856],[152.456824,-29.033239],[152.446122,-29.02834],[152.437109,-29.032428],[152.429755,-29.03267],[152.424203,-29.036863],[152.443897,-29.039755],[152.441565,-29.052136],[152.436061,-29.056547],[152.435678,-29.059363],[152.430571,-29.064585],[152.43111,-29.071963],[152.428747,-29.07432],[152.418978,-29.081045],[152.421006,-29.084096],[152.455006,-29.089027],[152.451815,-29.101929],[152.449061,-29.116383],[152.449974,-29.116519],[152.444231,-29.144175],[152.441396,-29.14543],[152.435213,-29.14518],[152.429618,-29.150025],[152.423835,-29.152229],[152.41689,-29.153095],[152.415795,-29.158984],[152.413804,-29.161257],[152.414465,-29.165374],[152.418846,-29.168955],[152.417948,-29.172646],[152.421531,-29.17393],[152.424963,-29.178626],[152.421705,-29.180721],[152.418325,-29.190383],[152.410177,-29.200865],[152.405201,-29.212154],[152.411005,-29.219805],[152.412805,-29.230414],[152.404461,-29.235111],[152.399887,-29.236702],[152.394086,-29.24125],[152.387215,-29.240105],[152.379027,-29.245286],[152.374502,-29.244159],[152.369003,-29.246949],[152.36576,-29.246099],[152.357498,-29.250633],[152.351323,-29.249123],[152.346527,-29.253982],[152.34415,-29.254071],[152.340145,-29.257761],[152.33886,-29.261859],[152.328733,-29.268528],[152.32318,-29.269926],[152.320994,-29.277583],[152.306473,-29.283097],[152.308705,-29.287685],[152.311461,-29.29008],[152.310686,-29.292839],[152.314656,-29.298519],[152.309494,-29.302034],[152.308811,-29.304891],[152.300035,-29.304458],[152.298279,-29.307447],[152.301428,-29.310777],[152.300097,-29.313605],[152.303043,-29.31763],[152.310687,-29.32254],[152.319179,-29.324215],[152.322716,-29.326751],[152.331189,-29.32889],[152.336513,-29.334657],[152.335325,-29.340442],[152.331517,-29.341837],[152.420219,-29.353722],[152.451081,-29.358053],[152.447509,-29.360804],[152.444028,-29.370755],[152.440688,-29.371987],[152.439903,-29.376464],[152.434374,-29.378763],[152.436076,-29.38122],[152.433132,-29.387309],[152.432312,-29.392534],[152.429492,-29.391941],[152.421242,-29.395417],[152.421038,-29.397423],[152.410052,-29.400771],[152.404317,-29.432778],[152.397171,-29.431767],[152.394556,-29.446113],[152.388785,-29.445316],[152.412456,-29.50688],[152.408931,-29.508891],[152.409433,-29.511782],[152.40543,-29.516645],[152.400914,-29.51964],[152.389782,-29.52199],[152.386799,-29.524425],[152.387239,-29.527534],[152.383346,-29.52794],[152.38099,-29.531236],[152.378027,-29.531125],[152.363964,-29.538722],[152.358684,-29.540345],[152.354492,-29.545471],[152.3391,-29.623416],[152.336123,-29.640777],[152.325919,-29.649651],[152.327136,-29.65388],[152.322233,-29.655095],[152.315315,-29.65149],[152.312202,-29.651606],[152.310268,-29.655777],[152.312214,-29.663098],[152.310957,-29.665286],[152.304397,-29.662856],[152.30303,-29.66794],[152.293557,-29.669745],[152.289543,-29.676294],[152.285713,-29.673218],[152.28345,-29.665956],[152.280708,-29.665904],[152.276789,-29.672523],[152.276473,-29.68154],[152.271207,-29.685855],[152.270398,-29.691168],[152.265827,-29.693673],[152.261842,-29.697489],[152.261009,-29.700579],[152.263555,-29.70277],[152.268339,-29.703832],[152.271073,-29.707675],[152.264298,-29.709365],[152.262054,-29.715076],[152.265863,-29.725984],[152.264965,-29.728435],[152.260367,-29.72951],[152.255079,-29.73343],[152.259201,-29.739491],[152.258306,-29.744296],[152.26266,-29.746786],[152.264601,-29.750703],[152.25765,-29.758348],[152.252728,-29.752612],[152.250179,-29.756185],[152.246617,-29.757008],[152.241781,-29.754826],[152.235813,-29.757041],[152.230407,-29.754758],[152.22775,-29.756309],[152.227152,-29.760484],[152.224886,-29.7616],[152.216838,-29.760481],[152.213975,-29.761978],[152.210149,-29.768684],[152.205592,-29.77137],[152.206784,-29.776574],[152.201602,-29.78096],[152.202765,-29.787141],[152.196129,-29.788842],[152.190846,-29.792664],[152.190344,-29.796948],[152.187983,-29.799659],[152.18771,-29.804057],[152.17919,-29.807549],[152.176888,-29.811336],[152.176354,-29.817288],[152.170699,-29.821527],[152.176502,-29.823296],[152.1747,-29.827095],[152.175157,-29.836563],[152.172758,-29.836824],[152.170564,-29.841611],[152.175214,-29.842337],[152.175416,-29.84576],[152.169378,-29.855438],[152.170149,-29.862828],[152.168485,-29.869784],[152.179631,-29.872042],[152.193438,-29.875842],[152.197778,-29.875633],[152.198074,-29.871503],[152.200337,-29.868248],[152.21025,-29.868606],[152.217028,-29.871375],[152.222813,-29.870364],[152.228134,-29.867805],[152.227785,-29.865886],[152.234488,-29.863884],[152.23625,-29.865271],[152.243707,-29.862923],[152.251076,-29.865088],[152.254131,-29.861426],[152.257362,-29.860257],[152.26254,-29.852481],[152.268662,-29.847336],[152.27393,-29.846247],[152.27563,-29.852829],[152.281886,-29.85685],[152.2816,-29.858571],[152.276253,-29.86205],[152.27741,-29.867582],[152.286288,-29.871487],[152.286737,-29.876071],[152.280781,-29.877606],[152.284977,-29.884674],[152.280846,-29.895508],[152.281073,-29.899898],[152.28566,-29.907312],[152.284601,-29.909409],[152.277336,-29.911587],[152.271555,-29.910338],[152.26866,-29.91238],[152.269352,-29.915886],[152.277702,-29.916065],[152.275983,-29.920606],[152.269382,-29.921995],[152.267013,-29.924092],[152.267146,-29.928025],[152.272042,-29.928478],[152.277708,-29.921329],[152.281848,-29.921591],[152.283929,-29.925041],[152.279097,-29.929984],[152.269237,-29.932046],[152.269286,-29.935529],[152.27164,-29.939512],[152.273614,-29.946393],[152.272123,-29.95087],[152.275504,-29.96122],[152.282316,-29.965734],[152.288005,-29.96502],[152.28529,-29.969412],[152.291972,-29.977111],[152.297603,-29.978791],[152.304635,-29.978878],[152.307205,-29.982751],[152.300566,-29.984298],[152.301705,-29.987356],[152.307396,-29.98682],[152.308907,-29.995322],[152.316915,-30.000952],[152.317005,-30.006747],[152.312967,-30.012352],[152.312667,-30.014979],[152.315724,-30.019048],[152.313134,-30.027999],[152.315555,-30.034309],[152.30871,-30.03456],[152.30361,-30.039663],[152.297192,-30.038916],[152.295166,-30.044577],[152.299513,-30.046532],[152.297348,-30.049219],[152.293354,-30.049754],[152.293442,-30.05295],[152.29764,-30.053265],[152.299775,-30.05798],[152.293708,-30.05989],[152.29151,-30.063202],[152.293274,-30.065859],[152.297974,-30.067601],[152.299084,-30.072169],[152.2941,-30.070318],[152.295967,-30.075714],[152.291906,-30.077191],[152.294952,-30.082681],[152.294757,-30.085144],[152.289623,-30.085233],[152.287256,-30.086807],[152.279714,-30.087692],[152.28362,-30.092186],[152.283874,-30.095814],[152.279692,-30.097757],[152.280638,-30.101331],[152.283753,-30.102156],[152.286719,-30.105776],[152.286954,-30.109408],[152.29186,-30.111521],[152.298003,-30.115985],[152.297523,-30.122328],[152.300524,-30.123361],[152.2998,-30.12795],[152.302323,-30.131266],[152.300661,-30.133398],[152.296481,-30.132767],[152.297179,-30.138543],[152.303867,-30.141956],[152.305579,-30.145275],[152.309102,-30.147343],[152.308252,-30.151798],[152.304777,-30.157571],[152.304725,-30.161071],[152.309578,-30.160722],[152.30646,-30.167695],[152.309627,-30.168325],[152.311073,-30.173596],[152.303481,-30.178463],[152.308429,-30.181194],[152.311339,-30.178789],[152.316956,-30.182255],[152.312709,-30.183686],[152.314438,-30.187554],[152.311011,-30.189978],[152.313217,-30.192364],[152.31098,-30.195078],[152.315346,-30.208661],[152.32476,-30.210719],[152.323219,-30.212536],[152.327006,-30.217074],[152.32987,-30.216779],[152.331396,-30.220644],[152.338259,-30.219133],[152.339077,-30.225491],[152.344765,-30.228089],[152.348472,-30.236709],[152.347434,-30.24038],[152.344591,-30.241792],[152.343326,-30.247144],[152.337373,-30.258078],[152.337868,-30.262865],[152.340459,-30.26421],[152.34212,-30.26899],[152.341179,-30.275374],[152.339105,-30.278623],[152.342513,-30.287965],[152.347884,-30.292555],[152.346957,-30.300368],[152.344473,-30.301603],[152.342286,-30.313618],[152.344599,-30.315088],[152.342873,-30.324239],[152.347016,-30.325947],[152.345622,-30.33295],[152.351166,-30.333711],[152.349464,-30.33955],[152.354767,-30.34037],[152.35178,-30.355359],[152.35514,-30.355882],[152.360832,-30.353455],[152.365554,-30.354135],[152.364574,-30.360976],[152.38192,-30.362628],[152.383528,-30.364052],[152.385967,-30.370863],[152.389916,-30.374706],[152.387531,-30.383159],[152.390374,-30.386282],[152.394419,-30.387025],[152.396828,-30.392564],[152.401941,-30.394744],[152.40424,-30.397937],[152.408253,-30.399368],[152.409379,-30.40186],[152.416237,-30.406891],[152.418225,-30.41101],[152.424197,-30.417938],[152.428078,-30.418897],[152.429957,-30.415254],[152.430484,-30.406173],[152.434682,-30.405573],[152.435586,-30.40281],[152.44109,-30.398902],[152.450928,-30.398355],[152.456268,-30.396551],[152.460534,-30.398083],[152.465233,-30.395579],[152.478585,-30.396993],[152.484632,-30.390795],[152.477668,-30.389834],[152.477361,-30.37907],[152.478,-30.37421],[152.476185,-30.367019],[152.476566,-30.361574],[152.474912,-30.356637],[152.477936,-30.348232],[152.482101,-30.345338],[152.479941,-30.340735],[152.481623,-30.33787],[152.480573,-30.333043],[152.490477,-30.337341],[152.49592,-30.334864],[152.496458,-30.331494],[152.501693,-30.329694],[152.506245,-30.320598],[152.510693,-30.319524],[152.513515,-30.316879],[152.517572,-30.317073],[152.527107,-30.309438],[152.529328,-30.301111],[152.535396,-30.294983],[152.542474,-30.290329],[152.547091,-30.28865],[152.546576,-30.285373],[152.550432,-30.281324],[152.550971,-30.275647],[152.555282,-30.273888],[152.55721,-30.262152],[152.551689,-30.259172],[152.554825,-30.253133],[152.554962,-30.249645],[152.55772,-30.248241],[152.559647,-30.243719],[152.558213,-30.240646],[152.569803,-30.239287],[152.573454,-30.244055],[152.580537,-30.242227],[152.583599,-30.244044],[152.586725,-30.24099],[152.589764,-30.244985],[152.598015,-30.247926],[152.598318,-30.250331],[152.603012,-30.252486],[152.610902,-30.249251],[152.612786,-30.254309],[152.615696,-30.257952],[152.625973,-30.258376],[152.630549,-30.256008],[152.635409,-30.25166],[152.641544,-30.252712],[152.644753,-30.257292],[152.646943,-30.25417],[152.655376,-30.255316],[152.658089,-30.252253],[152.663602,-30.251438],[152.662996,-30.248164],[152.665166,-30.245788],[152.669445,-30.244978],[152.670631,-30.239541],[152.673992,-30.238218],[152.682015,-30.231104],[152.68596,-30.230282],[152.697823,-30.223335],[152.693396,-30.218782],[152.694852,-30.209951],[152.700424,-30.209452],[152.705889,-30.207145],[152.706547,-30.202967],[152.702589,-30.202658],[152.698602,-30.200212],[152.694868,-30.195276],[152.692987,-30.189015],[152.750763,-30.196616],[152.7506,-30.187883],[152.755151,-30.186547],[152.755184,-30.180789],[152.767936,-30.182442],[152.767521,-30.184706],[152.803453,-30.189567],[152.806353,-30.192805],[152.80927,-30.200639],[152.813695,-30.202416],[152.817555,-30.20687],[152.817606,-30.213377],[152.822002,-30.212613],[152.831375,-30.215633],[152.831515,-30.219594],[152.82954,-30.222078],[152.868435,-30.210215],[152.869312,-30.214769],[152.873489,-30.220503],[152.878766,-30.223257],[152.882005,-30.222205],[152.884422,-30.224797],[152.890097,-30.227469],[152.891758,-30.225911],[152.911059,-30.228489],[152.915033,-30.226862],[152.918727,-30.228277],[152.922411,-30.226813],[152.927924,-30.227114],[152.932759,-30.22146],[152.936759,-30.221875],[152.937008,-30.218641],[152.952152,-30.215507],[152.958331,-30.219547],[152.966118,-30.222588],[152.975682,-30.218734],[152.974913,-30.216036],[152.982412,-30.213909],[152.984128,-30.22024],[152.98726,-30.222288],[152.99908,-30.221404],[152.99494,-30.24676],[153.010696,-30.248775],[153.009672,-30.254251],[153.017729,-30.259232],[153.017178,-30.262189],[153.021702,-30.263862],[153.020376,-30.267484],[153.027458,-30.272981],[153.034252,-30.270049],[153.046471,-30.271946],[153.045714,-30.275312],[153.047405,-30.280003],[153.058655,-30.286735],[153.063319,-30.287125],[153.0677,-30.28263],[153.069036,-30.279087],[153.074526,-30.27631],[153.084741,-30.272736],[153.082509,-30.268954],[153.086,-30.266165],[153.082838,-30.257402],[153.086427,-30.256036],[153.089043,-30.251419],[153.088061,-30.249266],[153.09517,-30.239992],[153.111631,-30.232286],[153.114076,-30.23471],[153.120824,-30.236025],[153.128433,-30.233978],[153.139155,-30.233553],[153.141569,-30.23243],[153.147822,-30.234106],[153.146361,-30.239602],[153.148938,-30.240568],[153.14942550125318,-30.2407895015836]]]},"bbox":[152.168485,-30.418897,153.63442376114088,-28.271322]},
{"properties":{"electorateShortName":"parkes","electorateName":"Parkes","area":393412.854202,"state":"NSW"},"type":"Feature","geometry":{"type":"Polygon","coordinates":[[[149.795665,-32.05809],[149.80291,-32.057922],[149.805267,-32.055177],[149.808111,-32.039529],[149.812148,-32.040014],[149.825774,-32.037536],[149.828063,-32.034136],[149.840192,-32.031119],[149.849773,-32.025807],[149.85838,-32.030402],[149.859837,-32.02253],[149.869721,-32.023779],[149.868526,-32.03024],[149.87485,-32.031064],[149.872892,-32.018975],[149.873485,-32.01204],[149.879703,-31.999875],[149.882576,-31.996901],[149.873787,-31.995918],[149.875564,-31.984515],[149.858932,-31.982647],[149.857806,-31.989533],[149.839116,-31.987378],[149.843314,-31.981455],[149.846338,-31.98054],[149.851323,-31.970932],[149.866099,-31.961503],[149.866233,-31.956917],[149.869154,-31.953621],[149.869418,-31.950598],[149.872871,-31.947597],[149.872976,-31.944084],[149.878336,-31.939045],[149.883297,-31.937943],[149.883302,-31.934375],[149.886594,-31.93404],[149.888344,-31.929688],[149.898585,-31.918615],[149.897359,-31.912621],[149.905532,-31.904501],[149.909069,-31.899965],[149.913861,-31.898922],[149.914575,-31.895948],[149.919454,-31.893978],[149.919587,-31.886679],[149.924604,-31.886163],[149.92829,-31.881696],[149.933259,-31.881685],[149.941452,-31.878752],[149.9509,-31.869702],[149.959059,-31.863238],[149.968322,-31.861497],[149.973486,-31.857642],[149.977285,-31.857501],[149.978572,-31.85351],[149.986155,-31.849877],[149.991623,-31.845753],[149.992219,-31.843498],[150.002157,-31.839717],[150.006645,-31.835658],[150.009959,-31.837442],[150.015334,-31.834578],[150.018505,-31.83114],[150.023983,-31.828752],[150.025732,-31.824981],[150.034337,-31.816898],[150.036363,-31.812036],[150.041078,-31.804479],[150.041336,-31.798357],[150.045344,-31.797175],[150.049893,-31.786316],[150.061711,-31.776951],[150.068656,-31.772915],[150.069755,-31.76552],[150.084247,-31.758537],[150.089364,-31.754411],[150.099944,-31.748999],[150.110257,-31.748919],[150.110638,-31.746135],[150.104099,-31.743043],[150.102595,-31.740355],[150.094151,-31.740402],[150.087071,-31.742291],[150.078715,-31.741679],[150.075072,-31.739869],[150.057577,-31.719709],[150.051531,-31.721227],[150.045769,-31.714157],[150.044686,-31.710931],[150.050241,-31.704444],[150.052178,-31.698507],[150.044312,-31.695854],[150.041785,-31.692285],[150.038454,-31.694272],[150.030212,-31.69088],[150.027473,-31.693363],[150.02086,-31.696345],[150.013668,-31.697585],[150.01387,-31.704792],[150.009998,-31.706996],[150.004382,-31.702569],[150.002707,-31.707615],[149.995779,-31.714723],[149.990545,-31.713973],[149.993737,-31.721789],[149.98412,-31.727937],[149.979712,-31.725883],[149.981931,-31.723065],[149.980844,-31.718763],[149.971625,-31.709498],[149.971833,-31.706119],[149.965541,-31.700973],[149.958311,-31.700183],[149.95421,-31.701694],[149.946991,-31.702277],[149.944412,-31.706384],[149.945201,-31.709043],[149.941737,-31.711008],[149.93933,-31.706498],[149.933434,-31.705155],[149.930174,-31.698388],[149.925439,-31.700331],[149.919362,-31.706317],[149.907964,-31.707349],[149.904783,-31.706764],[149.897302,-31.698558],[149.892587,-31.698467],[149.890059,-31.69556],[149.883716,-31.694618],[149.878832,-31.691837],[149.879684,-31.689171],[149.877771,-31.683283],[149.870213,-31.683005],[149.86681,-31.678956],[149.863574,-31.669611],[149.864676,-31.664367],[149.86475,-31.65512],[149.866465,-31.651505],[149.863071,-31.643363],[149.864961,-31.640949],[149.864563,-31.636342],[149.858218,-31.631792],[149.851432,-31.628732],[149.849681,-31.623959],[149.842905,-31.619753],[149.840889,-31.616108],[149.857331,-31.618312],[149.863643,-31.617768],[149.887255,-31.621153],[149.887015,-31.622489],[149.901069,-31.624427],[149.89666,-31.620186],[149.898799,-31.617178],[149.895418,-31.613206],[149.897107,-31.610738],[149.895892,-31.605249],[149.896758,-31.602487],[149.892543,-31.59537],[149.89291,-31.592552],[149.899503,-31.584291],[149.901521,-31.58433],[149.90412,-31.579502],[149.908173,-31.576634],[149.911718,-31.577396],[149.911314,-31.572789],[149.914094,-31.572537],[149.912686,-31.567151],[149.913288,-31.561597],[149.911777,-31.552989],[149.903174,-31.54531],[149.905761,-31.543933],[149.904408,-31.536897],[149.892615,-31.537123],[149.875955,-31.534964],[149.874525,-31.538332],[149.866949,-31.537269],[149.882911,-31.451994],[149.89765,-31.45113],[149.93685,-31.45683],[149.943549,-31.45513],[149.968049,-31.45813],[149.971349,-31.45803],[149.986349,-31.45443],[149.999306,-31.447979],[150.002257,-31.445629],[150.004013,-31.436268],[150.004391,-31.429592],[149.98813,-31.427367],[149.999201,-31.361647],[149.995759,-31.360109],[149.99871,-31.344639],[149.986677,-31.329315],[149.994616,-31.324779],[150.005558,-31.326216],[150.006557,-31.320806],[150.041308,-31.325018],[150.039868,-31.332773],[150.078838,-31.338094],[150.086472,-31.297257],[150.091357,-31.297896],[150.094952,-31.278132],[150.096406,-31.278328],[150.103379,-31.240018],[150.134651,-31.244313],[150.138318,-31.223918],[150.147657,-31.225161],[150.144799,-31.236738],[150.158496,-31.237667],[150.159665,-31.232256],[150.165295,-31.233006],[150.163289,-31.243325],[150.156288,-31.242337],[150.154467,-31.251937],[150.157848,-31.252418],[150.148646,-31.303841],[150.152988,-31.304395],[150.151496,-31.312758],[150.15936,-31.313773],[150.156807,-31.328574],[150.160931,-31.329103],[150.15888,-31.340962],[150.163276,-31.34153],[150.160961,-31.354959],[150.174012,-31.356094],[150.191955,-31.358432],[150.192906,-31.352953],[150.201711,-31.354087],[150.200263,-31.362883],[150.227149,-31.366392],[150.226534,-31.369676],[150.237233,-31.371153],[150.237969,-31.367195],[150.285905,-31.373839],[150.285675,-31.375049],[150.304184,-31.37732],[150.303409,-31.381349],[150.33888,-31.386238],[150.338623,-31.387612],[150.350951,-31.389338],[150.351856,-31.384543],[150.366284,-31.386459],[150.370359,-31.384207],[150.383718,-31.386122],[150.382465,-31.392679],[150.417667,-31.397631],[150.418905,-31.391036],[150.434616,-31.3933],[150.434163,-31.387001],[150.429634,-31.384383],[150.433392,-31.380318],[150.43187,-31.377709],[150.433278,-31.36388],[150.430346,-31.362335],[150.426929,-31.357941],[150.427821,-31.350392],[150.419482,-31.34003],[150.469625,-31.346978],[150.468341,-31.353996],[150.484234,-31.356201],[150.485538,-31.349161],[150.498841,-31.350986],[150.497969,-31.355606],[150.507647,-31.356856],[150.505697,-31.367288],[150.516695,-31.366749],[150.518266,-31.358407],[150.532884,-31.360397],[150.543292,-31.36287],[150.54452,-31.357076],[150.547014,-31.357459],[150.549846,-31.343969],[150.534605,-31.343092],[150.537653,-31.328101],[150.546135,-31.3292],[150.548091,-31.318962],[150.549849,-31.319229],[150.551579,-31.310253],[150.546772,-31.309566],[150.550514,-31.289523],[150.548966,-31.285435],[150.550391,-31.278162],[150.546033,-31.277541],[150.548416,-31.264927],[150.556253,-31.267097],[150.566555,-31.268537],[150.56586,-31.272451],[150.575295,-31.273798],[150.583751,-31.228476],[150.562324,-31.235923],[150.564196,-31.225842],[150.56046,-31.225274],[150.561964,-31.217305],[150.569509,-31.218361],[150.569044,-31.220816],[150.580167,-31.222317],[150.580918,-31.218318],[150.585536,-31.217611],[150.586718,-31.210359],[150.571431,-31.208215],[150.572125,-31.206047],[150.578303,-31.15943],[150.579729,-31.147056],[150.581669,-31.146311],[150.589532,-31.147311],[150.590495,-31.142482],[150.580899,-31.141223],[150.58431,-31.125056],[150.596757,-31.059287],[150.599399,-31.046846],[150.596476,-31.043532],[150.595879,-31.03697],[150.589728,-31.036198],[150.583118,-31.028432],[150.578,-31.028097],[150.576352,-31.02599],[150.575263,-31.020065],[150.561927,-31.014672],[150.5579,-31.016074],[150.551811,-31.011416],[150.549726,-31.005414],[150.544419,-30.999412],[150.539871,-30.986252],[150.535771,-30.980159],[150.533144,-30.978633],[150.528269,-30.970917],[150.527741,-30.968574],[150.533062,-30.9405],[150.528592,-30.938181],[150.525873,-30.930764],[150.523233,-30.928141],[150.522263,-30.923575],[150.519776,-30.922154],[150.518269,-30.928084],[150.51357,-30.928452],[150.510418,-30.921303],[150.500552,-30.922243],[150.49177,-30.92138],[150.493029,-30.916593],[150.498687,-30.912981],[150.499366,-30.908822],[150.506294,-30.909852],[150.507019,-30.90615],[150.515505,-30.907365],[150.51677,-30.900918],[150.520933,-30.901552],[150.520057,-30.905757],[150.52454,-30.906436],[150.525403,-30.902247],[150.530215,-30.903012],[150.531694,-30.889384],[150.530401,-30.875117],[150.521061,-30.854963],[150.54661,-30.858757],[150.549465,-30.843992],[150.555997,-30.844956],[150.55754,-30.836976],[150.561702,-30.837589],[150.563202,-30.829941],[150.55599,-30.828422],[150.559266,-30.810814],[150.555378,-30.810253],[150.549331,-30.813202],[150.54384,-30.813422],[150.531308,-30.806557],[150.525065,-30.80222],[150.520149,-30.800458],[150.515322,-30.801635],[150.501927,-30.799419],[150.501624,-30.801019],[150.487268,-30.798984],[150.490387,-30.783325],[150.463393,-30.778957],[150.464437,-30.773983],[150.456319,-30.772761],[150.457808,-30.763312],[150.466331,-30.764641],[150.467416,-30.759534],[150.452613,-30.757233],[150.457013,-30.75189],[150.458334,-30.748598],[150.467178,-30.745206],[150.463847,-30.739544],[150.467057,-30.734025],[150.464447,-30.725508],[150.463406,-30.718784],[150.464497,-30.717095],[150.453462,-30.715383],[150.457961,-30.690158],[150.475354,-30.679836],[150.509647,-30.660088],[150.506386,-30.656015],[150.507405,-30.651059],[150.502756,-30.642227],[150.499184,-30.638655],[150.494753,-30.638642],[150.490168,-30.636809],[150.48611,-30.63214],[150.475413,-30.626218],[150.47185,-30.628479],[150.468508,-30.628335],[150.461953,-30.621007],[150.456351,-30.619198],[150.454791,-30.615393],[150.455788,-30.61224],[150.454351,-30.607517],[150.449033,-30.604869],[150.441236,-30.604886],[150.437868,-30.597427],[150.430929,-30.602725],[150.430031,-30.60087],[150.421935,-30.597152],[150.420946,-30.592643],[150.415801,-30.591339],[150.411864,-30.593768],[150.410649,-30.589852],[150.404273,-30.59087],[150.402578,-30.593862],[150.396077,-30.593689],[150.394235,-30.596257],[150.394623,-30.602644],[150.390829,-30.605231],[150.384609,-30.602017],[150.378269,-30.602705],[150.377127,-30.599395],[150.371693,-30.594562],[150.371989,-30.588984],[150.36502,-30.583433],[150.368006,-30.581758],[150.370236,-30.576225],[150.366634,-30.575504],[150.359985,-30.570019],[150.358876,-30.566618],[150.360449,-30.55944],[150.373754,-30.561229],[150.372742,-30.566742],[150.390702,-30.56932],[150.39169,-30.562965],[150.388263,-30.559908],[150.390518,-30.557689],[150.388654,-30.551035],[150.393759,-30.547065],[150.366127,-30.543415],[150.368537,-30.530077],[150.354745,-30.528235],[150.356477,-30.519738],[150.358849,-30.519138],[150.36257,-30.498579],[150.348388,-30.496715],[150.349736,-30.492639],[150.355065,-30.493369],[150.364197,-30.489071],[150.367582,-30.470081],[150.36321,-30.468485],[150.356376,-30.470352],[150.350862,-30.472987],[150.34665,-30.473195],[150.346325,-30.469477],[150.351667,-30.465195],[150.351613,-30.457539],[150.361079,-30.453865],[150.364082,-30.445719],[150.362424,-30.436095],[150.362791,-30.433258],[150.355686,-30.428051],[150.353256,-30.424667],[150.351488,-30.418184],[150.344603,-30.412213],[150.338779,-30.41508],[150.328624,-30.402452],[150.322216,-30.407071],[150.320222,-30.411142],[150.322884,-30.414714],[150.322965,-30.419373],[150.318873,-30.426358],[150.313896,-30.429214],[150.310606,-30.427866],[150.306453,-30.431809],[150.300528,-30.432724],[150.298584,-30.4301],[150.29346,-30.428206],[150.283241,-30.430848],[150.279108,-30.427759],[150.274604,-30.421448],[150.27017,-30.420651],[150.263307,-30.415754],[150.25277,-30.413992],[150.248907,-30.41164],[150.245546,-30.406038],[150.239201,-30.40157],[150.229654,-30.402077],[150.225751,-30.399298],[150.225261,-30.394324],[150.227391,-30.391036],[150.237671,-30.384604],[150.238545,-30.382079],[150.235857,-30.378521],[150.228799,-30.376523],[150.224023,-30.370921],[150.216517,-30.373167],[150.213486,-30.372652],[150.203418,-30.375046],[150.200959,-30.373952],[150.192199,-30.366188],[150.188295,-30.359725],[150.195547,-30.345626],[150.193704,-30.340276],[150.194135,-30.331729],[150.191254,-30.32616],[150.194998,-30.321087],[150.193747,-30.316389],[150.189526,-30.307726],[150.182964,-30.299506],[150.193656,-30.293246],[150.186723,-30.290665],[150.184263,-30.287797],[150.181347,-30.279575],[150.177096,-30.277598],[150.172995,-30.278854],[150.169036,-30.274894],[150.169542,-30.267385],[150.175503,-30.265359],[150.174054,-30.260458],[150.17117,-30.255697],[150.171438,-30.251593],[150.17393,-30.248429],[150.173049,-30.243568],[150.168487,-30.239443],[150.169035,-30.237471],[150.167062,-30.228544],[150.16293,-30.221816],[150.158769,-30.222448],[150.146369,-30.215644],[150.144859,-30.202355],[150.136509,-30.20072],[150.132676,-30.203341],[150.129844,-30.203072],[150.128105,-30.198556],[150.125231,-30.19599],[150.111106,-30.194335],[150.102263,-30.191946],[150.100706,-30.188012],[150.089365,-30.171677],[150.090429,-30.164582],[150.088669,-30.158066],[150.085303,-30.155467],[150.085033,-30.151249],[150.080728,-30.140085],[150.076406,-30.139499],[150.074402,-30.137122],[150.076534,-30.132673],[150.074876,-30.12775],[150.077205,-30.12205],[150.074464,-30.113683],[150.07566,-30.107363],[150.083633,-30.097049],[150.091593,-30.096286],[150.091529,-30.092626],[150.097022,-30.086885],[150.101185,-30.085002],[150.102979,-30.081962],[150.113319,-30.080521],[150.118096,-30.077794],[150.120279,-30.074873],[150.119478,-30.07208],[150.124153,-30.070046],[150.139505,-30.086488],[150.144869,-30.087298],[150.153588,-30.082015],[150.158003,-30.082769],[150.162812,-30.078139],[150.162021,-30.074676],[150.164022,-30.070652],[150.171956,-30.062964],[150.175734,-30.062271],[150.179171,-30.065514],[150.182099,-30.064621],[150.188487,-30.065706],[150.197512,-30.062574],[150.200962,-30.055795],[150.204337,-30.053722],[150.213702,-30.042997],[150.217425,-30.035421],[150.224954,-30.027031],[150.231681,-30.024417],[150.236992,-30.016169],[150.236102,-30.012698],[150.245146,-30.009724],[150.248841,-30.010267],[150.250879,-30.001988],[150.248852,-29.99348],[150.253404,-29.9932],[150.254329,-29.989891],[150.260676,-29.990104],[150.264322,-29.98866],[150.268455,-29.990904],[150.272628,-29.989392],[150.275564,-29.994282],[150.278474,-29.995908],[150.285121,-29.996387],[150.285923,-29.991851],[150.290319,-29.992285],[150.292859,-29.990531],[150.293514,-29.983085],[150.292408,-29.98068],[150.292466,-29.963772],[150.295295,-29.963553],[150.297188,-29.959028],[150.301924,-29.957239],[150.302223,-29.949311],[150.298682,-29.946048],[150.30252,-29.938875],[150.300885,-29.932541],[150.300511,-29.920914],[150.306912,-29.913797],[150.312038,-29.90691],[150.313714,-29.897114],[150.312409,-29.892556],[150.305017,-29.889455],[150.306053,-29.885274],[150.302342,-29.879261],[150.297078,-29.878627],[150.298382,-29.872632],[150.293831,-29.870525],[150.294258,-29.857041],[150.296765,-29.850213],[150.294081,-29.846606],[150.296801,-29.843317],[150.300742,-29.843303],[150.301779,-29.840026],[150.301353,-29.831057],[150.302375,-29.827035],[150.307027,-29.825922],[150.306484,-29.81985],[150.29936,-29.817174],[150.298251,-29.808285],[150.29072,-29.802698],[150.292227,-29.796397],[150.289255,-29.789468],[150.290127,-29.774071],[150.292081,-29.769602],[150.290687,-29.767209],[150.293233,-29.763954],[150.291971,-29.75543],[150.28796,-29.749832],[150.293222,-29.74609],[150.298058,-29.744221],[150.299332,-29.739125],[150.302421,-29.735565],[150.381499,-29.746991],[150.381113,-29.749611],[150.400192,-29.752484],[150.401877,-29.749168],[150.406833,-29.745087],[150.412538,-29.746103],[150.416526,-29.752124],[150.42106,-29.756003],[150.425223,-29.757331],[150.415073,-29.765222],[150.412372,-29.770495],[150.413941,-29.776688],[150.418598,-29.778563],[150.425027,-29.775174],[150.433273,-29.766584],[150.439801,-29.765404],[150.448701,-29.774823],[150.453672,-29.775867],[150.462626,-29.771564],[150.467162,-29.772211],[150.472506,-29.776037],[150.480289,-29.779089],[150.489896,-29.786246],[150.494735,-29.788766],[150.509293,-29.799972],[150.509532,-29.807136],[150.513033,-29.807774],[150.520859,-29.80637],[150.525355,-29.810999],[150.530825,-29.810712],[150.536744,-29.806067],[150.539751,-29.806379],[150.547449,-29.813302],[150.553719,-29.812168],[150.555632,-29.808273],[150.559346,-29.806795],[150.565085,-29.800027],[150.569512,-29.798929],[150.578438,-29.801969],[150.581584,-29.801381],[150.585374,-29.796436],[150.588503,-29.796364],[150.594135,-29.801406],[150.600278,-29.801834],[150.599641,-29.796922],[150.604461,-29.795409],[150.612074,-29.795893],[150.621443,-29.790912],[150.625834,-29.785304],[150.627965,-29.780895],[150.632766,-29.77784],[150.638262,-29.777164],[150.651497,-29.771412],[150.658319,-29.773993],[150.662162,-29.770535],[150.662732,-29.76446],[150.669778,-29.765172],[150.669008,-29.760502],[150.673251,-29.756955],[150.676472,-29.756124],[150.675499,-29.748894],[150.679877,-29.74526],[150.681093,-29.742159],[150.67952,-29.738763],[150.683362,-29.732577],[150.679939,-29.730894],[150.682526,-29.726049],[150.686602,-29.725213],[150.684995,-29.716838],[150.683087,-29.712465],[150.688362,-29.71169],[150.688866,-29.705842],[150.694324,-29.704952],[150.690129,-29.701096],[150.692402,-29.694161],[150.691285,-29.685302],[150.687934,-29.681464],[150.689007,-29.67782],[150.697206,-29.671498],[150.696459,-29.666506],[150.69932,-29.663681],[150.704486,-29.661944],[150.71193,-29.656824],[150.709195,-29.64829],[150.712501,-29.644334],[150.716435,-29.643314],[150.720533,-29.638871],[150.726065,-29.635481],[150.728484,-29.621458],[150.724725,-29.620843],[150.733308,-29.569273],[150.736308,-29.57112],[150.740767,-29.56941],[150.743648,-29.570339],[150.748532,-29.569203],[150.755306,-29.566086],[150.7594,-29.559413],[150.767796,-29.554631],[150.771915,-29.550261],[150.781368,-29.546082],[150.788419,-29.540518],[150.791326,-29.539469],[150.79743,-29.533904],[150.80968,-29.527091],[150.813498,-29.527107],[150.82614,-29.522084],[150.828171,-29.519839],[150.83414,-29.517945],[150.853534,-29.513834],[150.856784,-29.512519],[150.858838,-29.500892],[150.855832,-29.500475],[150.858467,-29.485476],[150.864235,-29.486344],[150.865916,-29.476709],[150.859924,-29.475912],[150.863628,-29.456517],[150.88343,-29.459179],[150.890605,-29.420644],[150.89041,-29.41715],[150.878056,-29.415147],[150.878722,-29.41158],[150.851655,-29.407877],[150.850265,-29.414715],[150.827929,-29.411862],[150.830182,-29.396522],[150.821715,-29.391475],[150.82386,-29.384785],[150.817675,-29.37705],[150.822838,-29.372062],[150.819403,-29.36871],[150.818844,-29.363667],[150.811421,-29.358741],[150.809716,-29.349858],[150.805923,-29.346707],[150.800886,-29.340002],[150.805525,-29.335301],[150.804999,-29.330516],[150.796502,-29.327538],[150.797774,-29.324299],[150.802741,-29.324269],[150.795123,-29.313725],[150.785158,-29.314817],[150.784633,-29.308971],[150.782476,-29.307797],[150.775484,-29.307798],[150.777802,-29.300375],[150.771431,-29.299172],[150.771365,-29.295418],[150.77437,-29.292466],[150.772049,-29.286993],[150.764667,-29.285389],[150.764503,-29.280575],[150.758917,-29.275904],[150.763848,-29.270258],[150.756532,-29.268109],[150.757675,-29.263925],[150.751241,-29.263237],[150.75098,-29.258824],[150.754767,-29.254038],[150.753265,-29.249081],[150.757289,-29.245379],[150.755656,-29.242741],[150.759735,-29.233825],[150.758755,-29.231158],[150.76022,-29.226597],[150.763324,-29.222242],[150.761037,-29.216336],[150.763679,-29.209513],[150.761329,-29.206933],[150.757184,-29.20742],[150.754768,-29.204697],[150.75815,-29.192418],[150.755581,-29.190018],[150.750719,-29.19171],[150.74876,-29.187123],[150.751468,-29.184485],[150.750129,-29.179468],[150.752315,-29.174021],[150.745102,-29.165621],[150.752278,-29.15097],[150.747938,-29.147989],[150.747938,-29.144061],[150.743958,-29.141682],[150.748459,-29.137381],[150.749121,-29.13476],[150.738836,-29.133711],[150.738966,-29.129899],[150.731399,-29.125254],[150.733682,-29.12015],[150.726148,-29.117111],[150.726475,-29.112524],[150.724909,-29.106933],[150.720997,-29.104782],[150.723638,-29.100453],[150.722301,-29.096583],[150.712878,-29.098559],[150.709683,-29.09509],[150.70502,-29.09979],[150.701825,-29.098413],[150.70525,-29.089871],[150.704925,-29.086717],[150.702024,-29.083907],[150.699285,-29.087059],[150.695404,-29.088463],[150.693026,-29.083875],[150.688006,-29.081351],[150.687814,-29.072692],[150.684098,-29.073294],[150.683998,-29.07834],[150.681273,-29.079628],[150.678621,-29.075871],[150.671319,-29.075524],[150.670184,-29.065031],[150.665035,-29.06368],[150.666668,-29.057575],[150.656011,-29.057253],[150.64891,-29.051343],[150.649891,-29.046327],[150.645624,-29.044288],[150.644876,-29.041937],[150.638753,-29.038034],[150.634062,-29.036482],[150.636476,-29.033044],[150.634166,-29.028971],[150.626384,-29.023432],[150.629156,-29.020653],[150.626879,-29.017068],[150.630758,-29.01429],[150.627567,-29.012195],[150.620824,-29.01153],[150.617344,-29.006395],[150.611552,-29.000026],[150.614753,-28.996949],[150.614627,-28.992649],[150.617528,-28.98947],[150.613429,-28.98399],[150.616754,-28.979235],[150.621479,-28.975168],[150.621552,-28.963558],[150.624223,-28.962127],[150.622825,-28.958886],[150.624748,-28.956824],[150.624394,-28.950144],[150.628302,-28.947682],[150.631169,-28.943126],[150.628828,-28.939024],[150.623428,-28.935121],[150.62135,-28.928898],[150.616145,-28.92594],[150.619076,-28.922044],[150.619275,-28.917514],[150.616609,-28.915362],[150.613687,-28.906874],[150.609654,-28.904175],[150.611815,-28.887005],[150.615331,-28.882851],[150.6182,-28.875056],[150.621812,-28.871533],[150.622074,-28.867663],[150.62562,-28.866605],[150.626435,-28.863423],[150.629461,-28.861419],[150.629724,-28.857291],[150.63366,-28.85523],[150.634117,-28.851503],[150.641147,-28.840729],[150.638157,-28.837803],[150.637119,-28.832211],[150.637382,-28.826564],[150.642519,-28.826596],[150.64457,-28.819459],[150.644473,-28.813123],[150.652375,-28.812211],[150.657154,-28.809777],[150.65748,-28.805993],[150.660569,-28.801981],[150.672435,-28.793873],[150.668015,-28.788223],[150.667366,-28.783865],[150.665282,-28.782079],[150.670942,-28.751936],[150.672984,-28.739474],[150.66986,-28.742085],[150.662906,-28.739216],[150.666033,-28.73561],[150.663931,-28.733209],[150.658856,-28.738141],[150.655839,-28.736699],[150.653272,-28.739006],[150.647871,-28.736246],[150.639141,-28.7366],[150.637305,-28.733664],[150.633677,-28.73287],[150.634183,-28.729637],[150.623339,-28.730325],[150.617615,-28.729688],[150.611135,-28.724667],[150.605715,-28.724777],[150.6055,-28.720606],[150.600465,-28.719659],[150.595946,-28.714767],[150.588098,-28.711296],[150.58333,-28.712237],[150.577271,-28.705986],[150.56821,-28.708326],[150.557956,-28.705187],[150.551624,-28.705952],[150.547635,-28.703825],[150.54407,-28.700036],[150.541723,-28.705507],[150.534191,-28.704122],[150.533962,-28.700518],[150.530325,-28.697594],[150.530981,-28.692831],[150.522626,-28.686348],[150.521609,-28.68143],[150.519232,-28.680655],[150.513623,-28.68366],[150.499677,-28.68259],[150.491895,-28.676197],[150.488246,-28.675006],[150.482378,-28.676322],[150.479525,-28.674646],[150.48542,-28.666146],[150.483443,-28.662131],[150.481727,-28.663777],[150.473599,-28.659949],[150.462976,-28.667695],[150.458604,-28.668311],[150.458353,-28.66487],[150.445551,-28.665141],[150.437262,-28.66121],[150.4305,-28.652129],[150.420995,-28.650233],[150.414296,-28.649864],[150.41641,-28.644149],[150.416115,-28.635317],[150.408798,-28.63389],[150.402446,-28.627563],[150.398146,-28.62834],[150.392281,-28.633355],[150.387879,-28.633924],[150.385749,-28.630493],[150.387735,-28.628037],[150.386103,-28.625195],[150.38011,-28.627067],[150.37595,-28.622436],[150.370045,-28.62068],[150.368789,-28.614149],[150.369432,-28.611233],[150.363809,-28.607244],[150.366967,-28.60435],[150.369605,-28.598407],[150.365168,-28.597648],[150.362879,-28.595387],[150.36322,-28.589415],[150.356447,-28.589807],[150.352542,-28.587759],[150.349452,-28.582527],[150.351573,-28.576053],[150.341826,-28.574937],[150.329605,-28.572074],[150.324473,-28.568359],[150.322559,-28.565199],[150.321743,-28.559444],[150.319715,-28.556537],[150.312722,-28.555132],[150.309109,-28.550592],[150.300536,-28.548467],[150.297828,-28.545041],[150.297166,-28.54121],[150.293302,-28.537851],[150.289648,-28.537157],[150.282523,-28.542639],[150.277488,-28.542109],[150.272191,-28.53933],[150.266691,-28.541162],[150.262192,-28.544869],[150.254795,-28.546105],[150.251017,-28.548821],[150.249043,-28.552242],[150.244011,-28.554447],[150.236053,-28.55381],[150.228929,-28.558576],[150.233425,-28.560387],[150.229074,-28.567687],[150.226225,-28.568782],[150.219983,-28.566728],[150.212304,-28.568484],[150.212287,-28.574181],[150.20322,-28.572507],[150.201496,-28.56903],[150.197123,-28.567147],[150.190377,-28.567065],[150.189752,-28.570221],[150.186688,-28.572795],[150.186598,-28.565211],[150.181437,-28.565038],[150.179529,-28.563041],[150.184067,-28.558642],[150.181243,-28.556171],[150.17693,-28.558982],[150.174363,-28.55783],[150.169825,-28.559393],[150.169679,-28.551113],[150.166171,-28.551491],[150.161356,-28.554497],[150.152262,-28.555528],[150.153993,-28.550717],[150.148228,-28.552281],[150.148186,-28.557933],[150.144093,-28.557241],[150.141293,-28.559879],[150.136274,-28.559994],[150.130734,-28.562688],[150.127515,-28.56256],[150.121475,-28.559734],[150.11282,-28.563591],[150.115733,-28.566362],[150.110908,-28.570297],[150.097152,-28.563369],[150.091932,-28.564239],[150.091024,-28.569217],[150.09367,-28.57465],[150.092923,-28.578618],[150.088126,-28.577631],[150.087386,-28.580732],[150.081008,-28.578056],[150.079036,-28.584309],[150.072567,-28.580124],[150.073281,-28.576562],[150.059394,-28.578451],[150.057701,-28.582964],[150.054539,-28.585841],[150.051271,-28.585359],[150.049319,-28.588994],[150.037923,-28.583674],[150.031806,-28.584102],[150.030222,-28.580345],[150.02093,-28.582711],[150.017933,-28.580389],[150.013196,-28.583245],[150.00812,-28.59111],[150.006412,-28.58756],[149.994799,-28.593672],[149.992715,-28.600555],[149.984654,-28.603087],[149.976841,-28.611116],[149.97158,-28.607665],[149.957355,-28.609874],[149.94996,-28.608341],[149.949102,-28.612535],[149.94282,-28.613865],[149.941012,-28.617576],[149.937246,-28.614581],[149.937332,-28.611025],[149.934184,-28.610389],[149.929987,-28.61199],[149.925115,-28.608895],[149.92164,-28.610329],[149.917404,-28.608056],[149.903232,-28.615107],[149.903163,-28.61966],[149.895869,-28.618901],[149.893635,-28.615858],[149.889815,-28.618768],[149.887304,-28.615159],[149.878226,-28.609867],[149.873229,-28.603448],[149.868058,-28.607214],[149.865366,-28.602713],[149.85839,-28.605603],[149.851357,-28.605283],[149.849908,-28.608492],[149.844852,-28.610477],[149.842976,-28.606783],[149.83914,-28.603501],[149.830077,-28.603846],[149.826509,-28.608765],[149.823011,-28.60857],[149.818185,-28.612818],[149.812191,-28.606157],[149.809993,-28.607376],[149.799654,-28.608081],[149.797277,-28.610244],[149.783895,-28.612174],[149.778769,-28.609973],[149.772194,-28.608872],[149.771242,-28.611415],[149.767089,-28.611485],[149.764244,-28.614094],[149.756417,-28.611907],[149.755332,-28.609409],[149.750039,-28.611797],[149.741585,-28.613086],[149.738773,-28.61598],[149.727794,-28.615673],[149.729713,-28.611102],[149.721169,-28.609183],[149.716991,-28.614285],[149.712927,-28.614753],[149.708894,-28.613076],[149.703151,-28.618877],[149.706194,-28.622261],[149.703381,-28.626083],[149.7056,-28.631067],[149.702712,-28.633629],[149.696606,-28.630759],[149.693786,-28.632082],[149.686285,-28.631294],[149.671085,-28.631934],[149.67277,-28.623563],[149.663735,-28.61711],[149.664601,-28.613285],[149.660926,-28.609536],[149.651171,-28.613529],[149.646218,-28.610025],[149.645675,-28.604052],[149.639734,-28.598115],[149.637548,-28.599366],[149.629807,-28.594969],[149.624832,-28.593436],[149.619542,-28.596037],[149.618393,-28.598606],[149.609868,-28.599693],[149.607464,-28.597256],[149.604841,-28.591064],[149.605716,-28.587469],[149.602484,-28.586036],[149.598525,-28.587896],[149.597205,-28.584244],[149.599526,-28.581341],[149.594362,-28.576669],[149.590131,-28.575669],[149.587511,-28.572882],[149.58389,-28.574322],[149.576706,-28.572146],[149.567962,-28.571309],[149.561804,-28.573937],[149.55662,-28.578552],[149.544491,-28.575399],[149.535051,-28.574678],[149.531636,-28.576571],[149.529213,-28.574282],[149.524574,-28.579434],[149.514827,-28.579702],[149.511995,-28.575992],[149.509764,-28.577122],[149.502461,-28.574896],[149.503274,-28.578381],[149.495463,-28.578765],[149.489865,-28.584564],[149.484809,-28.582563],[149.480875,-28.589708],[149.476908,-28.590969],[149.474862,-28.593894],[149.467857,-28.592296],[149.465126,-28.593766],[149.461772,-28.591551],[149.455597,-28.596022],[149.450648,-28.605189],[149.444233,-28.606455],[149.444029,-28.609163],[149.439559,-28.611956],[149.439052,-28.615531],[149.442589,-28.620811],[149.434675,-28.626518],[149.429699,-28.627981],[149.429017,-28.632224],[149.432649,-28.635445],[149.429525,-28.641066],[149.430569,-28.642874],[149.426309,-28.646952],[149.42627,-28.649695],[149.419191,-28.650203],[149.416943,-28.651587],[149.41741,-28.660456],[149.415526,-28.662768],[149.410694,-28.663466],[149.41208,-28.667232],[149.404855,-28.675513],[149.399273,-28.674854],[149.394119,-28.677104],[149.393261,-28.682836],[149.394167,-28.685725],[149.391403,-28.691734],[149.385786,-28.695165],[149.384963,-28.691494],[149.367922,-28.688879],[149.363844,-28.690229],[149.362573,-28.686127],[149.358975,-28.68433],[149.35324,-28.688134],[149.351359,-28.692666],[149.348262,-28.690989],[149.345872,-28.694837],[149.339402,-28.69568],[149.336087,-28.698295],[149.330396,-28.697897],[149.331991,-28.702181],[149.328676,-28.704427],[149.328147,-28.707439],[149.319586,-28.708302],[149.313974,-28.71206],[149.305889,-28.711453],[149.302018,-28.709098],[149.293978,-28.711683],[149.290852,-28.718805],[149.279917,-28.731434],[149.272167,-28.73356],[149.272215,-28.740224],[149.269404,-28.743253],[149.263889,-28.739934],[149.262875,-28.73534],[149.257462,-28.737104],[149.256643,-28.739378],[149.250094,-28.740077],[149.247182,-28.738815],[149.237119,-28.750356],[149.232807,-28.749481],[149.230408,-28.75137],[149.227815,-28.76018],[149.220633,-28.765841],[149.219127,-28.763085],[149.213953,-28.763726],[149.210362,-28.768212],[149.208266,-28.765903],[149.201837,-28.770665],[149.19392,-28.771459],[149.193775,-28.773916],[149.188805,-28.775118],[149.192314,-28.78014],[149.186373,-28.782338],[149.186364,-28.787309],[149.184324,-28.790786],[149.186797,-28.794288],[149.179604,-28.79945],[149.179491,-28.802596],[149.173703,-28.803846],[149.169073,-28.808112],[149.160868,-28.807065],[149.160775,-28.810405],[149.151035,-28.807744],[149.146036,-28.80939],[149.139757,-28.807197],[149.139175,-28.812137],[149.142466,-28.81548],[149.143437,-28.82092],[149.14239,-28.823873],[149.136091,-28.828258],[149.127867,-28.832281],[149.121205,-28.832766],[149.11879,-28.829457],[149.108745,-28.833448],[149.104776,-28.837452],[149.102345,-28.833044],[149.099622,-28.834186],[149.092499,-28.834273],[149.090949,-28.836836],[149.086989,-28.838376],[149.086065,-28.842577],[149.080325,-28.843459],[149.081108,-28.845866],[149.079584,-28.851921],[149.080157,-28.858186],[149.076706,-28.858731],[149.073934,-28.861529],[149.069922,-28.872098],[149.066755,-28.873165],[149.063957,-28.877815],[149.057388,-28.881111],[149.054828,-28.885574],[149.063475,-28.887528],[149.058088,-28.893417],[149.060067,-28.895275],[149.056187,-28.900266],[149.058652,-28.910358],[149.055182,-28.911819],[149.05081,-28.917701],[149.046904,-28.920679],[149.047329,-28.924569],[149.043389,-28.926466],[149.042949,-28.931059],[149.045403,-28.931806],[149.042373,-28.939312],[149.035062,-28.945749],[149.035682,-28.950154],[149.03127,-28.957064],[149.027847,-28.954529],[149.021133,-28.957199],[149.01672,-28.956773],[149.011119,-28.960323],[149.005775,-28.960245],[149.003913,-28.968097],[148.997895,-28.972839],[148.991398,-28.971643],[148.989309,-28.975829],[148.984564,-28.976605],[148.976618,-28.976309],[148.972485,-28.979861],[148.97142,-28.984725],[148.963818,-28.995784],[148.957893,-28.999051],[148.856631,-28.999052],[148.716016,-28.999052],[148.361055,-28.999043],[148.140571,-28.999055],[148.062205,-28.999054],[147.94549,-28.999055],[147.902859,-28.999149],[147.77231,-28.999056],[147.599628,-28.999057],[147.233259,-28.999059],[147.147011,-28.999058],[147.001174,-28.999059],[146.945013,-28.999094],[146.745786,-28.998946],[146.58314,-28.998873],[146.528921,-28.998849],[146.375389,-28.998781],[146.067784,-28.998645],[146.012417,-28.998762],[146.001189,-28.998615],[145.911733,-28.999027],[145.748711,-28.999103],[145.666844,-28.999081],[145.501196,-28.999064],[145.414241,-28.999066],[145.17023,-28.999068],[144.874157,-28.999071],[144.794973,-28.999074],[144.694392,-28.999078],[144.5784,-28.999083],[144.434006,-28.998922],[144.40849,-28.999086],[144.356013,-28.998775],[144.260857,-28.99908],[144.231513,-28.999077],[144.070361,-28.999079],[143.997837,-28.999079],[143.451899,-28.999084],[143.253411,-28.999085],[143.187899,-28.99905],[143.023009,-28.998852],[142.856697,-28.998612],[142.691973,-28.99846],[142.602575,-28.999048],[142.526664,-28.998157],[142.484375,-28.99783],[142.363938,-28.997796],[142.263125,-28.998705],[142.200593,-28.998988],[142.133841,-28.998988],[142.109102,-28.998544],[142.034374,-28.998359],[141.919945,-28.999098],[141.859439,-28.999099],[141.537022,-28.99887],[141.46978,-28.9991],[141.372663,-28.998982],[141.202522,-28.999102],[141.01619,-28.998999],[140.999475,-28.999095],[140.999557,-29.179581],[140.999635,-29.233882],[140.999762,-29.329607],[140.999883,-29.472053],[141.000018,-29.646656],[141.000084,-29.732442],[141.000135,-29.80765],[141.000216,-29.904013],[140.999971,-29.9985],[141.00033,-30.050624],[141.0004,-30.184098],[141.000455,-30.285945],[141.000507,-30.384005],[141.000568,-30.475266],[141.00065,-30.620917],[141.000705,-30.757124],[141.000659,-30.844149],[141.000642,-30.920737],[141.000615,-31.034688],[141.000624,-31.092715],[141.000594,-31.199968],[141.000764,-31.353757],[141.000843,-31.425818],[141.000932,-31.506659],[141.001078,-31.591785],[141.001129,-31.683869],[141.001288,-31.817219],[141.001289,-31.893869],[141.001363,-31.998499],[141.001437,-32.102224],[141.00153,-32.21807],[141.001928,-32.723901],[141.00202,-32.840448],[141.002092,-32.931789],[141.002143,-32.998503],[141.002204,-33.074584],[141.002324,-33.226997],[141.002391,-33.31116],[141.002404,-33.328807],[141.263992,-33.355755],[141.266626,-33.337241],[141.308721,-33.341403],[141.30584,-33.362454],[141.348003,-33.366658],[141.362415,-33.26469],[141.377234,-33.1596],[141.383712,-33.113573],[141.401831,-32.98666],[141.573204,-33.005572],[141.560773,-33.096293],[141.639883,-33.10432],[141.755369,-33.115945],[141.859683,-33.126351],[141.884476,-33.128715],[142.038355,-33.143941],[142.022933,-33.0848],[142.107802,-33.090131],[142.105679,-33.11242],[142.168599,-33.116529],[142.178229,-33.115346],[142.222586,-33.120049],[142.22689,-33.125888],[142.222371,-33.128952],[142.242827,-33.130873],[142.244707,-33.118793],[142.254173,-33.120929],[142.268842,-33.12243],[142.273903,-33.121184],[142.275099,-33.124521],[142.280463,-33.122385],[142.279301,-33.116031],[142.2936,-33.11638],[142.295361,-33.109272],[142.288883,-33.10916],[142.290611,-33.101089],[142.296722,-33.10229],[142.294964,-33.095463],[142.295925,-33.091523],[142.288747,-33.088258],[142.287555,-33.08549],[142.289216,-33.081971],[142.29752,-33.076315],[142.301472,-33.074751],[142.306289,-33.070269],[142.310607,-33.068062],[142.314377,-33.05939],[142.312683,-33.052687],[142.316785,-33.049126],[142.326484,-33.050411],[142.329357,-33.047395],[142.333758,-33.047087],[142.341249,-33.041613],[142.344809,-33.037641],[142.348187,-33.037827],[142.352509,-33.033667],[142.357678,-33.035573],[142.357475,-33.028123],[142.363515,-33.025583],[142.366825,-33.017077],[142.373369,-33.01617],[142.375808,-33.014583],[142.379165,-33.008014],[142.383234,-33.00504],[142.384858,-32.999411],[142.379198,-32.996954],[142.372474,-32.995602],[142.375348,-32.988024],[142.374469,-32.983309],[142.375569,-32.979831],[142.372007,-32.975211],[142.376475,-32.973676],[142.428011,-32.979027],[142.424469,-33.005226],[142.547987,-33.01714],[142.551917,-32.991617],[142.549908,-32.991416],[142.515536,-32.847454],[142.59596,-32.855649],[142.705129,-32.866688],[142.79212,-32.875413],[142.94435,-32.890533],[142.964638,-32.748537],[143.071628,-32.759322],[143.271212,-32.780229],[143.269614,-32.791387],[143.432435,-32.808446],[143.416969,-32.907493],[143.43243,-32.909315],[143.438317,-32.9112],[143.499566,-32.918349],[143.505852,-32.876004],[143.550719,-32.881162],[143.591987,-32.885141],[143.585153,-32.93103],[143.671807,-32.940764],[143.670598,-32.94527],[143.661538,-32.955298],[143.653413,-33.012413],[143.602799,-33.007104],[143.57281,-33.012429],[143.55246,-33.140481],[143.637288,-33.149916],[143.636107,-33.157788],[143.648475,-33.15901],[143.66485,-33.178855],[143.666482,-33.179093],[143.674028,-33.170711],[143.690486,-33.163458],[143.714801,-33.154611],[143.719453,-33.149103],[143.720951,-33.140453],[143.789876,-33.148866],[143.816663,-33.137446],[143.839022,-33.15459],[143.898192,-33.161392],[143.905907,-33.115708],[144.00949,-33.127458],[144.07974,-33.135369],[144.140087,-33.142435],[144.251426,-33.15507],[144.236255,-33.249829],[144.277778,-33.254216],[144.264268,-33.263015],[144.262641,-33.272906],[144.359521,-33.281918],[144.414163,-33.286491],[144.416202,-33.279072],[144.433489,-33.280482],[144.433578,-33.287676],[144.471702,-33.291203],[144.471793,-33.29897],[144.488676,-33.300463],[144.491092,-33.292975],[144.530284,-33.296625],[144.530799,-33.298321],[144.546877,-33.300003],[144.547946,-33.298439],[144.548851,-33.289555],[144.55163,-33.285907],[144.577529,-33.288666],[144.577591,-33.284923],[144.58018,-33.268377],[144.595668,-33.270038],[144.598013,-33.255074],[144.609431,-33.256277],[144.61222,-33.237804],[144.642648,-33.241122],[144.645681,-33.222352],[144.733424,-33.231398],[144.742269,-33.170377],[144.749554,-33.170871],[144.747833,-33.165838],[144.747817,-33.16143],[144.752914,-33.159526],[144.752168,-33.155859],[144.759846,-33.156872],[144.762118,-33.163334],[144.76476,-33.160292],[144.768033,-33.161599],[144.771622,-33.157294],[144.775708,-33.157854],[144.777959,-33.163551],[144.798235,-33.036219],[144.913078,-33.049131],[144.908865,-33.074448],[144.942311,-33.078304],[144.941139,-33.084777],[144.96278,-33.087289],[144.9635,-33.081991],[144.979402,-33.083791],[144.980927,-33.07304],[144.985912,-33.070528],[144.986442,-33.066677],[144.982305,-33.06332],[144.987542,-33.026363],[144.984357,-33.025867],[144.98488,-33.021563],[144.993555,-33.022522],[144.991731,-33.033662],[145.007975,-33.035543],[145.010379,-33.023904],[145.027199,-33.02588],[145.027716,-33.022132],[145.108693,-33.034231],[145.119832,-32.953477],[145.12735,-32.95407],[145.14842,-32.818818],[145.15955,-32.747169],[145.164993,-32.71483],[145.249374,-32.724393],[145.257279,-32.671254],[145.344278,-32.682486],[145.34467,-32.682896],[145.340052,-32.712149],[145.330992,-32.767376],[145.41197,-32.776486],[145.412631,-32.775949],[145.414944,-32.761412],[145.467462,-32.722507],[145.510436,-32.727862],[145.506254,-32.752996],[145.504348,-32.770092],[145.544859,-32.775372],[145.537932,-32.783255],[145.550822,-32.791615],[145.560599,-32.781409],[145.569099,-32.757875],[145.561076,-32.756899],[145.557476,-32.766127],[145.54889,-32.765196],[145.552592,-32.755852],[145.552498,-32.749179],[145.554424,-32.73598],[145.556637,-32.733284],[145.595723,-32.737769],[145.586515,-32.796236],[145.671923,-32.805722],[145.651811,-32.935199],[145.668586,-32.935769],[145.659699,-32.990288],[145.645258,-33.080312],[145.686333,-33.082059],[145.754709,-33.082677],[145.87087,-33.086311],[145.872639,-33.0748],[145.906825,-33.078623],[145.905331,-33.087748],[145.973354,-33.090817],[146.03166,-33.093579],[146.093631,-33.189083],[146.068914,-33.204006],[146.058892,-33.211808],[146.076584,-33.24436],[146.094951,-33.27596],[146.091941,-33.280688],[146.094045,-33.284537],[146.089951,-33.288678],[146.086197,-33.289163],[146.087394,-33.296068],[146.084223,-33.297653],[146.088527,-33.301098],[146.088511,-33.3043],[146.081197,-33.303532],[146.084935,-33.308529],[146.081941,-33.309871],[146.083835,-33.314707],[146.086424,-33.314109],[146.090679,-33.318977],[146.087831,-33.320497],[146.088737,-33.324896],[146.08568,-33.327823],[146.08335,-33.334179],[146.079272,-33.340308],[146.076036,-33.339079],[146.075049,-33.344141],[146.071198,-33.350044],[146.072768,-33.356432],[146.067233,-33.356755],[146.071231,-33.368966],[146.067088,-33.371064],[146.06118,-33.419428],[146.053962,-33.475767],[146.066884,-33.516494],[146.095141,-33.603131],[146.115796,-33.598607],[146.180657,-33.583236],[146.226613,-33.572876],[146.226415,-33.574139],[146.308509,-33.553734],[146.395891,-33.532017],[146.438971,-33.521641],[146.440808,-33.520858],[146.445623,-33.563875],[146.501228,-33.570271],[146.520299,-33.572679],[146.603523,-33.582402],[146.721899,-33.596839],[146.80888,-33.607151],[146.81169,-33.591995],[146.818558,-33.55169],[146.821455,-33.53759],[146.817579,-33.53726],[146.814289,-33.5301],[146.82041,-33.528173],[146.829805,-33.53798],[146.830767,-33.532427],[146.865492,-33.536698],[146.870796,-33.537719],[146.943339,-33.546703],[146.943719,-33.546476],[146.988475,-33.55196],[146.986431,-33.563834],[147.008123,-33.566178],[147.053281,-33.572049],[147.104374,-33.57748],[147.108457,-33.575447],[147.15895,-33.581356],[147.159861,-33.581855],[147.242778,-33.591816],[147.245877,-33.571913],[147.276131,-33.575188],[147.278115,-33.562807],[147.32036,-33.567801],[147.322408,-33.554812],[147.338935,-33.556749],[147.34275,-33.53519],[147.35835,-33.525344],[147.403225,-33.530578],[147.407473,-33.49615],[147.414008,-33.496927],[147.411192,-33.490716],[147.41551,-33.46526],[147.419067,-33.45592],[147.423736,-33.448403],[147.426412,-33.43462],[147.4804,-33.441743],[147.48393,-33.423307],[147.485964,-33.423228],[147.496005,-33.365781],[147.503282,-33.327624],[147.514722,-33.263086],[147.499294,-33.263706],[147.496148,-33.262238],[147.497778,-33.257901],[147.494179,-33.25682],[147.48979,-33.258981],[147.483481,-33.256127],[147.482804,-33.251193],[147.485534,-33.246619],[147.477876,-33.244477],[147.472329,-33.244823],[147.471268,-33.240472],[147.46457,-33.23587],[147.464821,-33.22742],[147.458758,-33.228253],[147.457479,-33.226193],[147.451639,-33.226823],[147.450456,-33.229531],[147.445226,-33.23161],[147.442535,-33.230847],[147.445284,-33.224],[147.439597,-33.222354],[147.433592,-33.223187],[147.428533,-33.225271],[147.427782,-33.227326],[147.421417,-33.228187],[147.410229,-33.225618],[147.403668,-33.22098],[147.399915,-33.222757],[147.385474,-33.218827],[147.383584,-33.220244],[147.37701,-33.216979],[147.376176,-33.219508],[147.36817,-33.217202],[147.363194,-33.224369],[147.356467,-33.224091],[147.354354,-33.218924],[147.346015,-33.214229],[147.340623,-33.213757],[147.337565,-33.215146],[147.334479,-33.213479],[147.329587,-33.214479],[147.325945,-33.20809],[147.31919,-33.205007],[147.308794,-33.207062],[147.308099,-33.202673],[147.312463,-33.200173],[147.31099,-33.194812],[147.302928,-33.195562],[147.29794,-33.19184],[147.297285,-33.187007],[147.300843,-33.186451],[147.306153,-33.180283],[147.299898,-33.178923],[147.297396,-33.176062],[147.296817,-33.171641],[147.30328,-33.133789],[147.308075,-33.104384],[147.312067,-33.102802],[147.311988,-33.109312],[147.317414,-33.117352],[147.320293,-33.114122],[147.327206,-33.111434],[147.342354,-33.114281],[147.342743,-33.119246],[147.340204,-33.121201],[147.34309,-33.124335],[147.351166,-33.124834],[147.353859,-33.120618],[147.358854,-33.123697],[147.362685,-33.123697],[147.364405,-33.128024],[147.369193,-33.131837],[147.372274,-33.129924],[147.37602,-33.131754],[147.379712,-33.130395],[147.382376,-33.132448],[147.381558,-33.137065],[147.388534,-33.139417],[147.397646,-33.083174],[147.398185,-33.081804],[147.405017,-33.038017],[147.405831,-33.037354],[147.443336,-33.041785],[147.443986,-33.03822],[147.457425,-33.039813],[147.456833,-33.043377],[147.469284,-33.044846],[147.470348,-33.038107],[147.517118,-33.043816],[147.554975,-33.048197],[147.559165,-33.022032],[147.54302,-33.020151],[147.548409,-32.988072],[147.550656,-32.988308],[147.556128,-32.954943],[147.556894,-32.948209],[147.57105,-32.949714],[147.579227,-32.893168],[147.578742,-32.893081],[147.587637,-32.835624],[147.593174,-32.836156],[147.597896,-32.804729],[147.600856,-32.787301],[147.604589,-32.762737],[147.599829,-32.762124],[147.602441,-32.744318],[147.598394,-32.738625],[147.568364,-32.735381],[147.577635,-32.675638],[147.553706,-32.672984],[147.557018,-32.652394],[147.559096,-32.647782],[147.557458,-32.641803],[147.558039,-32.638436],[147.556507,-32.632653],[147.55694,-32.629158],[147.560341,-32.622028],[147.563476,-32.620276],[147.564722,-32.61556],[147.569489,-32.61568],[147.574017,-32.614042],[147.577178,-32.60761],[147.581526,-32.604564],[147.569333,-32.603758],[147.54986,-32.601378],[147.550501,-32.595033],[147.556241,-32.55915],[147.560848,-32.559681],[147.561756,-32.553765],[147.545261,-32.551855],[147.551899,-32.508133],[147.555675,-32.485382],[147.556812,-32.482067],[147.560865,-32.455918],[147.561644,-32.456001],[147.589521,-32.438367],[147.611509,-32.441179],[147.613993,-32.42765],[147.612298,-32.423304],[147.636631,-32.407849],[147.696901,-32.368952],[147.70106,-32.372519],[147.70394,-32.377403],[147.701753,-32.379717],[147.707371,-32.383751],[147.708431,-32.386888],[147.718243,-32.391798],[147.719592,-32.395668],[147.728332,-32.397692],[147.73328,-32.402291],[147.737342,-32.403591],[147.741538,-32.402803],[147.74938,-32.409646],[147.755887,-32.406864],[147.764157,-32.408945],[147.764359,-32.412705],[147.767104,-32.414928],[147.771726,-32.422679],[147.782366,-32.419829],[147.782555,-32.421674],[147.795706,-32.422021],[147.804787,-32.418363],[147.81018,-32.418599],[147.815511,-32.421312],[147.81909,-32.419287],[147.82354,-32.419837],[147.825088,-32.422534],[147.831456,-32.426445],[147.835974,-32.427005],[147.84274,-32.429904],[147.850276,-32.434414],[147.864343,-32.435987],[147.86938,-32.435465],[147.875342,-32.438906],[147.879988,-32.438558],[147.884151,-32.440243],[147.888975,-32.436878],[147.894629,-32.435779],[147.897731,-32.433468],[147.906082,-32.43335],[147.906513,-32.436237],[147.903677,-32.441287],[147.905894,-32.44289],[147.90441,-32.44635],[147.901284,-32.447526],[147.899715,-32.452259],[147.903716,-32.453806],[147.90394,-32.457795],[147.913683,-32.466817],[147.918339,-32.467397],[147.920703,-32.470203],[147.924942,-32.469513],[147.926379,-32.474526],[147.929912,-32.476533],[147.928676,-32.479029],[147.935932,-32.485967],[147.936613,-32.491087],[147.944125,-32.494916],[147.951378,-32.493976],[147.956741,-32.494768],[147.955723,-32.49785],[147.965,-32.498077],[147.966555,-32.506116],[147.963778,-32.510586],[147.964233,-32.518949],[147.967767,-32.522327],[147.973645,-32.525327],[147.976151,-32.524915],[147.98251,-32.52872],[147.985291,-32.53363],[147.992485,-32.538356],[147.991756,-32.539981],[147.996856,-32.543736],[148.0005,-32.548034],[148.002981,-32.55403],[148.004727,-32.55425],[148.003325,-32.561651],[148.004885,-32.56502],[148.011645,-32.564876],[148.021793,-32.568314],[148.026837,-32.571768],[148.031455,-32.570638],[148.034703,-32.576486],[148.041435,-32.576856],[148.042092,-32.580949],[148.05502,-32.584675],[148.060078,-32.589101],[148.06265,-32.594782],[148.077133,-32.600957],[148.083492,-32.601071],[148.085334,-32.605067],[148.09149,-32.605068],[148.092408,-32.616151],[148.094984,-32.616586],[148.097674,-32.62072],[148.099132,-32.626293],[148.105289,-32.636898],[148.104691,-32.643009],[148.106705,-32.644423],[148.107895,-32.650116],[148.111582,-32.652661],[148.115372,-32.657956],[148.119681,-32.658804],[148.12274,-32.67024],[148.122381,-32.673855],[148.124913,-32.676038],[148.130204,-32.676819],[148.129628,-32.681955],[148.127704,-32.682974],[148.214278,-32.682181],[148.248725,-32.68164],[148.24694,-32.689907],[148.26304,-32.692104],[148.265119,-32.678209],[148.325171,-32.676647],[148.347143,-32.675763],[148.347663,-32.672819],[148.342801,-32.664758],[148.346763,-32.660719],[148.344554,-32.653727],[148.348767,-32.645278],[148.347257,-32.641587],[148.349499,-32.636824],[148.355706,-32.633293],[148.356308,-32.629571],[148.359792,-32.62655],[148.361775,-32.621947],[148.366306,-32.624198],[148.369629,-32.628854],[148.375462,-32.630361],[148.378215,-32.62679],[148.38473,-32.624724],[148.385925,-32.622079],[148.391421,-32.621925],[148.401477,-32.62371],[148.420432,-32.621734],[148.424954,-32.620122],[148.427457,-32.621384],[148.435418,-32.620599],[148.459516,-32.60721],[148.463891,-32.61335],[148.467384,-32.621001],[148.47149,-32.625837],[148.475148,-32.627842],[148.501184,-32.614117],[148.604781,-32.652036],[148.614067,-32.653575],[148.616435,-32.653134],[148.621315,-32.647987],[148.623194,-32.647936],[148.627795,-32.652856],[148.631834,-32.649419],[148.630079,-32.644168],[148.635565,-32.640827],[148.63452,-32.637372],[148.637557,-32.63329],[148.641238,-32.634789],[148.64562,-32.63946],[148.658853,-32.638707],[148.66445,-32.640668],[148.664408,-32.634848],[148.667179,-32.630708],[148.669562,-32.624041],[148.678041,-32.619574],[148.682549,-32.614839],[148.686155,-32.612737],[148.693947,-32.613557],[148.697775,-32.615316],[148.7026,-32.612075],[148.699774,-32.607024],[148.693894,-32.604953],[148.690485,-32.600692],[148.692833,-32.597355],[148.696925,-32.597117],[148.698267,-32.59439],[148.708254,-32.58926],[148.709107,-32.583894],[148.700969,-32.582471],[148.698229,-32.580018],[148.700857,-32.576506],[148.70925,-32.574637],[148.719957,-32.575391],[148.723539,-32.573597],[148.723659,-32.568773],[148.717867,-32.56645],[148.714541,-32.561977],[148.715897,-32.556386],[148.714699,-32.552531],[148.710445,-32.552341],[148.706761,-32.554718],[148.701208,-32.554063],[148.701491,-32.548838],[148.70543,-32.544895],[148.712669,-32.531306],[148.708746,-32.523119],[148.703379,-32.524195],[148.699642,-32.523412],[148.699205,-32.516992],[148.702499,-32.509846],[148.702687,-32.505991],[148.700407,-32.496936],[148.702093,-32.49525],[148.709519,-32.493943],[148.714604,-32.491885],[148.717952,-32.492458],[148.719586,-32.495371],[148.724458,-32.493788],[148.7226,-32.483155],[148.723329,-32.479618],[148.72766,-32.472939],[148.73372,-32.469475],[148.731995,-32.465031],[148.725946,-32.462179],[148.72171,-32.451291],[148.716681,-32.446327],[148.715613,-32.442211],[148.717157,-32.436744],[148.711782,-32.434273],[148.70675,-32.436423],[148.703837,-32.434946],[148.705094,-32.428598],[148.704409,-32.420476],[148.698419,-32.408755],[148.700428,-32.405867],[148.706803,-32.405438],[148.710111,-32.407473],[148.716606,-32.415897],[148.721967,-32.414503],[148.72466,-32.416117],[148.724161,-32.421029],[148.734998,-32.423472],[148.739025,-32.42234],[148.740778,-32.418047],[148.749041,-32.417811],[148.754109,-32.419051],[148.75601,-32.40866],[148.757358,-32.395653],[148.764591,-32.39658],[148.765665,-32.390262],[148.758379,-32.389373],[148.760477,-32.386089],[148.768123,-32.343124],[148.770239,-32.343616],[148.790523,-32.359617],[148.799842,-32.363262],[148.805097,-32.367108],[148.820526,-32.352182],[148.841097,-32.331192],[148.850666,-32.332466],[148.852684,-32.319664],[148.851192,-32.31338],[148.883545,-32.312008],[148.8873,-32.290286],[148.89617,-32.291159],[148.927247,-32.271664],[148.931552,-32.248435],[148.934434,-32.236129],[148.939146,-32.210435],[148.935174,-32.209943],[148.938574,-32.189759],[148.941022,-32.186101],[148.942027,-32.180772],[148.944905,-32.178903],[148.944185,-32.174016],[148.946132,-32.170208],[148.950374,-32.165805],[148.952913,-32.157583],[148.955402,-32.162008],[148.959971,-32.161548],[148.964489,-32.167292],[148.968396,-32.167622],[148.974492,-32.162059],[148.981011,-32.157329],[148.98716,-32.15001],[148.988214,-32.142606],[148.990911,-32.138475],[148.993543,-32.138268],[148.996868,-32.142018],[149.001224,-32.139404],[149.004268,-32.122178],[149.008957,-32.118713],[149.008757,-32.112981],[149.012024,-32.106866],[149.015556,-32.105149],[149.0185,-32.108669],[149.025932,-32.108786],[149.032429,-32.1],[149.034582,-32.099371],[149.041509,-32.101405],[149.047124,-32.104126],[149.051834,-32.100521],[149.055568,-32.100264],[149.059438,-32.096086],[149.056853,-32.088243],[149.059604,-32.086972],[149.070806,-32.094315],[149.070501,-32.100469],[149.071743,-32.103446],[149.077091,-32.10173],[149.082369,-32.105653],[149.09397,-32.109063],[149.092761,-32.111644],[149.095629,-32.114747],[149.100358,-32.115175],[149.104236,-32.113092],[149.104398,-32.106633],[149.107258,-32.104658],[149.109272,-32.11004],[149.111828,-32.110814],[149.115395,-32.107151],[149.119632,-32.108011],[149.122056,-32.105264],[149.12115,-32.101915],[149.123841,-32.100284],[149.1312,-32.112021],[149.136512,-32.115258],[149.144279,-32.11795],[149.155144,-32.116093],[149.155107,-32.121617],[149.162908,-32.123995],[149.169734,-32.124255],[149.173367,-32.123283],[149.174142,-32.120306],[149.168124,-32.117356],[149.165604,-32.113005],[149.166214,-32.10665],[149.178188,-32.104477],[149.177585,-32.100269],[149.182395,-32.09987],[149.185756,-32.103993],[149.193723,-32.104417],[149.193389,-32.106714],[149.198129,-32.109779],[149.195839,-32.1141],[149.20021,-32.116992],[149.200175,-32.119482],[149.195968,-32.124405],[149.200102,-32.128957],[149.201478,-32.133165],[149.197872,-32.145157],[149.203153,-32.144386],[149.203958,-32.147564],[149.210415,-32.148939],[149.212196,-32.151001],[149.212022,-32.160819],[149.210776,-32.163767],[149.214605,-32.172297],[149.220284,-32.180113],[149.218841,-32.18479],[149.205981,-32.1831],[149.205385,-32.18616],[149.198763,-32.186752],[149.199006,-32.194443],[149.196513,-32.202271],[149.192528,-32.201953],[149.190704,-32.212045],[149.203123,-32.213625],[149.198555,-32.236461],[149.196199,-32.236153],[149.192127,-32.258286],[149.194979,-32.258674],[149.189159,-32.290575],[149.225781,-32.295275],[149.234998,-32.293416],[149.23412,-32.29693],[149.238575,-32.299269],[149.242722,-32.29753],[149.253305,-32.295055],[149.257833,-32.295986],[149.264557,-32.293979],[149.265158,-32.291873],[149.273224,-32.294852],[149.280004,-32.288237],[149.284998,-32.288772],[149.289023,-32.296501],[149.29333,-32.302698],[149.296049,-32.303942],[149.305892,-32.304507],[149.307309,-32.300297],[149.312734,-32.299326],[149.315209,-32.292634],[149.321015,-32.286807],[149.329354,-32.289245],[149.335167,-32.284461],[149.331359,-32.277842],[149.327897,-32.274684],[149.325403,-32.266076],[149.326494,-32.260376],[149.329722,-32.258322],[149.339784,-32.256435],[149.345953,-32.24606],[149.346378,-32.238059],[149.351634,-32.235576],[149.356421,-32.234832],[149.356991,-32.2308],[149.36008,-32.225456],[149.361011,-32.220394],[149.363747,-32.220186],[149.366813,-32.216562],[149.373717,-32.215765],[149.373614,-32.211552],[149.375344,-32.20492],[149.373174,-32.203613],[149.373747,-32.197698],[149.373105,-32.189919],[149.384681,-32.193166],[149.388541,-32.191351],[149.38858,-32.183529],[149.39626,-32.18036],[149.396757,-32.176834],[149.407363,-32.178088],[149.409086,-32.175025],[149.413277,-32.175537],[149.417288,-32.153064],[149.411783,-32.138195],[149.412891,-32.135524],[149.427939,-32.137201],[149.428251,-32.124041],[149.421577,-32.116777],[149.417065,-32.115198],[149.416943,-32.111455],[149.412256,-32.10611],[149.41308,-32.097709],[149.415023,-32.095554],[149.427052,-32.097023],[149.432506,-32.095033],[149.447643,-32.096816],[149.446976,-32.100632],[149.470718,-32.103526],[149.472505,-32.093272],[149.480145,-32.094151],[149.478736,-32.101989],[149.479716,-32.108794],[149.494803,-32.102092],[149.497482,-32.089619],[149.500301,-32.073225],[149.510431,-32.074656],[149.51379,-32.079585],[149.51826,-32.08378],[149.524422,-32.086935],[149.528595,-32.086364],[149.532066,-32.089365],[149.539369,-32.088248],[149.544751,-32.088568],[149.546809,-32.08666],[149.551882,-32.089234],[149.559911,-32.086149],[149.560957,-32.084361],[149.567636,-32.084674],[149.573383,-32.086081],[149.576362,-32.091038],[149.574904,-32.095179],[149.578441,-32.099266],[149.577139,-32.101449],[149.57844,-32.106699],[149.581462,-32.106866],[149.581727,-32.111109],[149.588975,-32.115827],[149.591934,-32.116411],[149.593955,-32.121979],[149.59752,-32.124786],[149.604367,-32.12695],[149.608589,-32.123283],[149.616683,-32.122779],[149.618445,-32.117837],[149.621742,-32.118205],[149.627047,-32.115947],[149.633471,-32.116695],[149.639956,-32.112853],[149.643502,-32.114579],[149.64521,-32.118201],[149.649289,-32.115024],[149.655123,-32.11657],[149.669345,-32.122255],[149.674493,-32.121333],[149.675092,-32.116466],[149.681179,-32.114894],[149.692121,-32.116378],[149.692819,-32.112377],[149.711904,-32.114997],[149.750811,-32.119822],[149.753312,-32.106283],[149.750841,-32.104646],[149.751833,-32.099561],[149.755687,-32.096385],[149.758087,-32.092369],[149.762869,-32.089301],[149.768034,-32.091146],[149.777619,-32.091553],[149.778478,-32.07755],[149.782548,-32.07108],[149.78552,-32.07053],[149.788175,-32.066524],[149.792019,-32.066365],[149.793148,-32.059792],[149.795665,-32.05809]]]},"bbox":[140.999475,-33.607151,150.890605,-28.537157]},
{"properties":{"electorateShortName":"parramatta","electorateName":"Parramatta","area":56.770103,"state":"NSW"},"type":"Feature","geometry":{"type":"Polygon","coordinates":[[[151.051103,-33.824238],[151.053567,-33.803331],[151.055069,-33.799389],[151.065127,-33.796557],[151.066274,-33.793266],[151.057502,-33.782998],[151.052412,-33.779747],[151.051068,-33.770762],[151.0476,-33.766489],[151.040415,-33.769436],[151.031131,-33.768966],[151.025167,-33.775124],[151.016875,-33.775088],[151.012275,-33.777723],[151.007594,-33.787602],[151.00151,-33.791567],[150.99888,-33.791321],[150.987451,-33.796571],[150.97273,-33.786315],[150.966879,-33.781121],[150.960825,-33.779263],[150.95593,-33.780553],[150.951541,-33.777416],[150.94763,-33.780375],[150.95105,-33.786022],[150.952461,-33.7953],[150.955899,-33.801038],[150.952387,-33.811574],[150.969478,-33.815672],[150.969496,-33.832332],[150.991835,-33.836892],[150.991228,-33.843901],[150.989168,-33.847627],[150.997077,-33.849159],[150.996472,-33.851322],[151.008245,-33.852656],[151.011589,-33.85369],[151.017749,-33.850504],[151.016398,-33.846905],[151.017763,-33.838896],[151.024371,-33.834395],[151.029782,-33.835268],[151.035243,-33.831804],[151.038219,-33.832126],[151.045111,-33.829567],[151.048326,-33.82521],[151.051103,-33.824238]]]},"bbox":[150.94763,-33.85369,151.066274,-33.766489]},
{"properties":{"electorateShortName":"paterson","electorateName":"Paterson","area":1123.491177,"state":"NSW"},"type":"Feature","geometry":{"type":"Polygon","coordinates":[[[151.81011,-32.87822],[151.795393,-32.890876],[151.788615,-32.902716],[151.788315,-32.909339],[151.791413,-32.915383],[151.798978,-32.912764],[151.803324,-32.915471],[151.792983,-32.922815],[151.791215,-32.927638],[151.783961,-32.931765],[151.779388,-32.937162],[151.771558,-32.939154],[151.75872,-32.947187],[151.753763,-32.953028],[151.7472959545776,-32.95600498412804],[151.76111200228627,-32.96159540163394],[151.7787990482129,-32.96489166903145],[151.79609503555164,-32.967122085304624],[151.8165357736911,-32.967990314873404],[151.83664445196408,-32.96421955150445],[151.8553819293513,-32.956004654095864],[151.89400335854864,-32.93352635635975],[151.92577288214449,-32.9188836231625],[151.9805366223821,-32.89810763714309],[152.03053365340512,-32.88275520297653],[152.0584216788718,-32.87640389787091],[152.07325369176,-32.8795095855636],[152.088560787747,-32.88108860285068],[152.10383695121945,-32.88335182802358],[152.12612577270727,-32.88225860573515],[152.1439602799073,-32.87829150187582],[152.1606261194253,-32.87080435600714],[152.17721208198267,-32.85895837214759],[152.18598974654884,-32.85025582489003],[152.19608203044461,-32.84854269910931],[152.21279005339062,-32.842191489599685],[152.22261641824625,-32.83600079585306],[152.23184827188058,-32.833820510799164],[152.2487413144566,-32.825873203788994],[152.26363125935484,-32.8146115823642],[152.27610922236622,-32.800806756392355],[152.284732524619,-32.78638455826672],[152.2905245629701,-32.77061073716156],[152.2932834304374,-32.75403515901733],[152.29291295455621,-32.73723563854384],[152.29233366022854,-32.73182334614109],[152.28862512987274,-32.71467604673891],[152.28402412354595,-32.70403872433744],[152.2830931904167,-32.69189868861393],[152.2782182806919,-32.67467243684739],[152.27003017254157,-32.65875190357528],[152.2588528608075,-32.644767047582135],[152.2451286199785,-32.633271234935066],[152.2294005038532,-32.62471934286957],[152.22260079074894,-32.62187278187251],[152.214414,-32.627575],[152.195678,-32.647922],[152.191057,-32.656433],[152.18698,-32.669451],[152.187085,-32.686966],[152.191883,-32.694347],[152.201769,-32.693684],[152.207487,-32.694687],[152.209158,-32.696684],[152.205043,-32.70122],[152.194486,-32.707671],[152.187855,-32.70488],[152.124656,-32.699981],[152.074763,-32.692632],[152.05231,-32.688083],[152.039421,-32.692282],[151.976222,-32.684583],[151.951065,-32.676313],[151.944606,-32.676772],[151.940611,-32.673964],[151.939127,-32.666313],[151.932013,-32.661416],[151.913385,-32.658548],[151.912841,-32.661336],[151.896241,-32.658999],[151.894875,-32.668889],[151.844219,-32.661604],[151.835597,-32.668405],[151.828093,-32.673142],[151.809842,-32.686222],[151.789911,-32.683146],[151.756003,-32.678348],[151.750643,-32.683842],[151.749351,-32.687152],[151.753217,-32.695614],[151.753831,-32.700754],[151.751505,-32.705146],[151.746096,-32.709703],[151.744122,-32.713501],[151.747545,-32.720581],[151.743349,-32.724268],[151.734006,-32.736067],[151.738975,-32.740358],[151.743356,-32.746645],[151.751776,-32.750261],[151.744219,-32.754321],[151.73797,-32.752987],[151.734625,-32.754481],[151.732351,-32.758772],[151.72844,-32.760024],[151.727015,-32.751268],[151.722459,-32.74796],[151.721508,-32.744532],[151.725264,-32.739586],[151.72363,-32.73475],[151.717627,-32.737079],[151.714642,-32.736929],[151.70436,-32.732496],[151.69395,-32.730518],[151.691205,-32.727636],[151.686176,-32.727182],[151.67988,-32.730622],[151.680561,-32.735555],[151.673875,-32.741315],[151.6685,-32.741328],[151.665226,-32.739649],[151.654059,-32.724982],[151.646373,-32.722879],[151.641298,-32.71886],[151.638088,-32.719507],[151.63063,-32.723382],[151.624948,-32.724075],[151.619945,-32.722822],[151.618943,-32.717878],[151.612901,-32.714914],[151.610583,-32.716186],[151.605322,-32.715167],[151.599749,-32.716142],[151.59572,-32.71993],[151.590326,-32.720842],[151.589503,-32.722869],[151.58995,-32.732383],[151.580725,-32.736048],[151.574824,-32.732774],[151.566907,-32.731023],[151.561038,-32.733157],[151.557076,-32.732309],[151.554002,-32.728486],[151.559674,-32.716222],[151.566318,-32.70574],[151.569049,-32.697386],[151.566236,-32.688561],[151.559718,-32.686809],[151.552355,-32.689631],[151.543176,-32.687608],[151.542934,-32.682061],[151.541299,-32.678315],[151.535393,-32.679101],[151.525859,-32.688648],[151.518456,-32.693278],[151.513029,-32.692013],[151.509915,-32.687487],[151.511018,-32.679041],[151.510224,-32.673313],[151.510743,-32.66365],[151.506274,-32.65897],[151.501238,-32.650055],[151.498909,-32.641625],[151.496875,-32.638999],[151.488447,-32.635764],[151.484052,-32.637074],[151.481215,-32.64097],[151.477981,-32.648406],[151.47874,-32.654311],[151.477099,-32.659775],[151.471345,-32.662503],[151.457148,-32.657339],[151.453371,-32.656502],[151.44927,-32.658831],[151.45361,-32.663086],[151.454598,-32.665982],[151.451577,-32.670754],[151.443201,-32.669055],[151.43852,-32.669282],[151.437698,-32.671561],[151.440012,-32.678736],[151.438599,-32.68217],[151.43051,-32.687103],[151.432256,-32.691732],[151.424995,-32.691366],[151.41926,-32.686563],[151.41241,-32.684632],[151.40853,-32.682242],[151.407184,-32.679147],[151.400305,-32.680842],[151.399184,-32.686616],[151.402867,-32.690938],[151.400589,-32.702881],[151.404762,-32.706545],[151.412011,-32.717728],[151.417647,-32.722431],[151.423423,-32.723477],[151.421343,-32.734594],[151.424732,-32.737488],[151.428296,-32.743552],[151.430498,-32.75244],[151.433194,-32.757466],[151.431497,-32.764322],[151.422489,-32.762983],[151.416367,-32.763207],[151.415286,-32.768635],[151.410984,-32.767948],[151.409319,-32.776356],[151.400342,-32.777701],[151.396164,-32.77718],[151.396647,-32.791596],[151.402718,-32.800822],[151.405999,-32.800203],[151.408758,-32.796525],[151.413539,-32.797265],[151.414368,-32.800218],[151.411065,-32.808623],[151.407551,-32.825686],[151.398003,-32.827409],[151.398494,-32.829689],[151.413656,-32.827414],[151.415862,-32.83194],[151.435573,-32.834713],[151.436172,-32.842237],[151.433459,-32.847216],[151.43292,-32.851145],[151.438284,-32.85373],[151.441256,-32.849319],[151.442616,-32.842799],[151.457817,-32.845145],[151.458552,-32.841583],[151.465862,-32.842566],[151.465048,-32.846226],[151.487259,-32.849374],[151.483579,-32.860593],[151.481107,-32.863584],[151.477827,-32.87227],[151.482988,-32.871939],[151.50995,-32.873972],[151.540262,-32.876688],[151.541115,-32.872275],[151.550849,-32.873627],[151.54949,-32.880659],[151.556535,-32.881649],[151.558239,-32.872786],[151.589536,-32.877094],[151.608578,-32.880151],[151.60937,-32.880272],[151.614151,-32.856826],[151.619902,-32.856909],[151.631152,-32.858755],[151.635341,-32.860248],[151.672974,-32.829504],[151.677251,-32.824352],[151.681811,-32.826965],[151.685972,-32.823141],[151.6951,-32.830312],[151.70239,-32.832952],[151.70833,-32.832356],[151.72725,-32.837075],[151.731309,-32.839712],[151.736322,-32.847836],[151.749348,-32.852201],[151.755311,-32.853511],[151.766921,-32.853735],[151.777455,-32.85653],[151.781586,-32.860739],[151.786362,-32.87521],[151.793951,-32.875713],[151.81011,-32.87822]],[[152.223921,-32.692407],[152.222668,-32.684061],[152.228733,-32.687263],[152.223921,-32.692407]]]},"bbox":[151.396164,-32.967990314873404,152.2932834304374,-32.62187278187251]},
{"properties":{"electorateShortName":"reid","electorateName":"Reid","area":55.106741,"state":"NSW"},"type":"Feature","geometry":{"type":"Polygon","coordinates":[[[151.117504,-33.888516],[151.122424,-33.880907],[151.129642,-33.876961],[151.12769,-33.874243],[151.136977,-33.873142],[151.142072,-33.87042],[151.141704,-33.868351],[151.14661,-33.866646],[151.144478,-33.863224],[151.149639,-33.862113],[151.156706,-33.857548],[151.160927,-33.858238],[151.164849,-33.855249],[151.156733,-33.847552],[151.159279,-33.845383],[151.156257,-33.842113],[151.15172,-33.840804],[151.142981,-33.842946],[151.135387,-33.846828],[151.128305,-33.842931],[151.124449,-33.843059],[151.120207,-33.839663],[151.114577,-33.83883],[151.112263,-33.836396],[151.108484,-33.837229],[151.106555,-33.833577],[151.101542,-33.83332],[151.097917,-33.826785],[151.093708,-33.823032],[151.084492,-33.820334],[151.071641,-33.819693],[151.065455,-33.823712],[151.051103,-33.824238],[151.048326,-33.82521],[151.045111,-33.829567],[151.038219,-33.832126],[151.035243,-33.831804],[151.029782,-33.835268],[151.044015,-33.842853],[151.037245,-33.851238],[151.03996,-33.852916],[151.043064,-33.858894],[151.042403,-33.86282],[151.048135,-33.864406],[151.056972,-33.864481],[151.061723,-33.867594],[151.065551,-33.872251],[151.069108,-33.883052],[151.068769,-33.885839],[151.080842,-33.891017],[151.087733,-33.892706],[151.093419,-33.88594],[151.103286,-33.888345],[151.105872,-33.886996],[151.112628,-33.886648],[151.117504,-33.888516]]]},"bbox":[151.029782,-33.892706,151.164849,-33.819693]},
{"properties":{"electorateShortName":"richmond","electorateName":"Richmond","area":2147.573376,"state":"NSW"},"type":"Feature","geometry":{"type":"Polygon","coordinates":[[[153.544475,-28.917804],[153.499213,-28.969924],[153.473336,-29.004791],[153.46787302348278,-29.014032200040766],[153.47705909244922,-29.014896052348544],[153.48456752656932,-29.014583444575337],[153.500343276207,-29.011774372886347],[153.50867771416188,-29.011002229411535],[153.51766116814173,-29.00847099279696],[153.53576509610986,-29.008297335242585],[153.55852749206917,-29.006700161146846],[153.57713000010844,-29.001670864540877],[153.59423542906615,-28.992796664302276],[153.60905957499835,-28.980484401022018],[153.6314459004681,-28.957417999201613],[153.6455704000688,-28.948436929925048],[153.66024642049408,-28.9343095254038],[153.67015112389404,-28.92029654228333],[153.67721614449047,-28.90465837329371],[153.67926365375624,-28.89863691142604],[153.6837442275355,-28.893124957009032],[153.69181157250438,-28.878101288187526],[153.69690031827204,-28.8618256208827],[153.69882777718192,-28.844882256935247],[153.6976529196676,-28.827138426186732],[153.69816881384898,-28.820243747023518],[153.6953835590282,-28.796257375287396],[153.69133113742208,-28.77935238921574],[153.6903731796806,-28.77725661309132],[153.70058699682772,-28.759960154521412],[153.7065517657563,-28.74253322683888],[153.70884373219894,-28.724256926156038],[153.70814454931977,-28.715564631347206],[153.70903586405873,-28.70885945587495],[153.70829465471925,-28.697424969239396],[153.710405362805,-28.695007145224565],[153.719140052008,-28.679861042090838],[153.72478140264957,-28.663311891099063],[153.72633140264955,-28.656728891099064],[153.72866297110215,-28.639496274872936],[153.727145938034,-28.61901093935601],[153.72246822392407,-28.601275330404466],[153.71429193131738,-28.58485640615876],[153.70295666185527,-28.570436125287802],[153.68893322502305,-28.55861343297221],[153.67280408311683,-28.549879383765475],[153.6552391587199,-28.544596745683464],[153.64893776911825,-28.544040860463163],[153.64632647588635,-28.519391938960577],[153.6422973466159,-28.506405450413354],[153.64197010300586,-28.4998593639507],[153.64365779236323,-28.47069942519229],[153.6462795464671,-28.454987191876807],[153.65209965259623,-28.435060026157196],[153.65470998509403,-28.423200533503067],[153.6560154378151,-28.414512084291516],[153.6582696984856,-28.408618755134665],[153.66585371608215,-28.39212054801635],[153.66997177977834,-28.37443581696333],[153.67045626498054,-28.356284413846428],[153.66768370298226,-28.340640938092296],[153.66817588823903,-28.334694599807666],[153.666337128781,-28.317691789819804],[153.66473396735506,-28.31247289276601],[153.67308923882757,-28.28201636945994],[153.67619338147702,-28.26250260372585],[153.67496443976623,-28.24278174023095],[153.66946164910365,-28.223804331302524],[153.66062352645415,-28.207711065644123],[153.66142412104816,-28.200550728182765],[153.65988527319092,-28.182829521615023],[153.65489114790913,-28.165757089813606],[153.6466368300497,-28.150000330894986],[153.64271637964194,-28.145157393622434],[153.6387434529577,-28.132801971683225],[153.63037974878958,-28.117632513592564],[153.61926483744028,-28.10434632708651],[153.61820351306903,-28.103485653204775],[153.61714382330146,-28.102130136900527],[153.60337201233116,-28.090391404994122],[153.58753028599884,-28.081644959374064],[153.5702590814991,-28.07624439465357],[153.5522566258764,-28.07440804073218],[153.53425070863625,-28.07621013632157],[153.5296700611138,-28.077632904837095],[153.51975396343732,-28.073618021897847],[153.5034352638762,-28.06874306031235],[153.48649037212616,-28.067029628257945],[153.46828461733375,-28.067436295752024],[153.4502654809873,-28.07106099758732],[153.44662927631197,-28.072611617781806],[153.447581,-28.076061],[153.452174,-28.086693],[153.45439,-28.089031],[153.46003,-28.090866],[153.459964,-28.094797],[153.473484,-28.120061],[153.479953,-28.126831],[153.485018,-28.127628],[153.488613,-28.131105],[153.500411,-28.147743],[153.514318,-28.161019],[153.523277,-28.166121],[153.529245,-28.167217],[153.536585,-28.165053],[153.543606,-28.166862],[153.5447,-28.164489],[153.552171,-28.164408],[153.541487,-28.168967],[153.539506,-28.172062],[153.534058,-28.176929],[153.531167,-28.175249],[153.485949,-28.157028],[153.481498,-28.158373],[153.476931,-28.15702],[153.47247,-28.161953],[153.468504,-28.162512],[153.458678,-28.175157],[153.457134,-28.18054],[153.450629,-28.181801],[153.448719,-28.183433],[153.436847,-28.186652],[153.431159,-28.191044],[153.428865,-28.194275],[153.421973,-28.199364],[153.419196,-28.199681],[153.416685,-28.205956],[153.413933,-28.208334],[153.40661,-28.210415],[153.394932,-28.222519],[153.389655,-28.230025],[153.389527,-28.234935],[153.382862,-28.23721],[153.378468,-28.240432],[153.372359,-28.242801],[153.369669,-28.245229],[153.356812,-28.249619],[153.346223,-28.248172],[153.33958,-28.250311],[153.331698,-28.245415],[153.330213,-28.237064],[153.324189,-28.236483],[153.316484,-28.238649],[153.314307,-28.237362],[153.304989,-28.239676],[153.300823,-28.238346],[153.296863,-28.234233],[153.291408,-28.233878],[153.287774,-28.235154],[153.280601,-28.233606],[153.277468,-28.23442],[153.27409,-28.238156],[153.269065,-28.23862],[153.264137,-28.243548],[153.254319,-28.245504],[153.24962,-28.247658],[153.243881,-28.247515],[153.239103,-28.251801],[153.235582,-28.256693],[153.234546,-28.262944],[153.232793,-28.265143],[153.219835,-28.263143],[153.213888,-28.259939],[153.207883,-28.253579],[153.20386,-28.25367],[153.202292,-28.255929],[153.19715,-28.255827],[153.191075,-28.249738],[153.184434,-28.246209],[153.178214,-28.247395],[153.175445,-28.250855],[153.175686,-28.253725],[153.171729,-28.260256],[153.174531,-28.268749],[153.174911,-28.274777],[153.16964,-28.275913],[153.161063,-28.2801],[153.165761,-28.284968],[153.165773,-28.289513],[153.168878,-28.2929],[153.165821,-28.296956],[153.154503,-28.295889],[153.151708,-28.302145],[153.143269,-28.30471],[153.14351,-28.311487],[153.13522,-28.31209],[153.13299,-28.316997],[153.125633,-28.317917],[153.124149,-28.322671],[153.12974,-28.329282],[153.123599,-28.340176],[153.116927,-28.343028],[153.112724,-28.35409],[153.1094,-28.35744],[153.112955,-28.361311],[153.112564,-28.372538],[153.106738,-28.37616],[153.110503,-28.3783],[153.110781,-28.388469],[153.115033,-28.394172],[153.118442,-28.396624],[153.118418,-28.402984],[153.1277,-28.405931],[153.126464,-28.408957],[153.122463,-28.41175],[153.120837,-28.415282],[153.127518,-28.419263],[153.124034,-28.430592],[153.120886,-28.433412],[153.126653,-28.435329],[153.13155,-28.432002],[153.142127,-28.436139],[153.14387,-28.438768],[153.142746,-28.443286],[153.145213,-28.44445],[153.143132,-28.448875],[153.140181,-28.449535],[153.135998,-28.457227],[153.143898,-28.462728],[153.141195,-28.466257],[153.141014,-28.470775],[153.146008,-28.476838],[153.147352,-28.480213],[153.153674,-28.484325],[153.154522,-28.491996],[153.152552,-28.499061],[153.149773,-28.502945],[153.151128,-28.509057],[153.153438,-28.510141],[153.155032,-28.515531],[153.159471,-28.519068],[153.160381,-28.524078],[153.170026,-28.523615],[153.172847,-28.521659],[153.178087,-28.52295],[153.186001,-28.521294],[153.193084,-28.523175],[153.19787,-28.526996],[153.205943,-28.526532],[153.215763,-28.522896],[153.219644,-28.522855],[153.225596,-28.518079],[153.228848,-28.517005],[153.23679,-28.517431],[153.246749,-28.515811],[153.252595,-28.520576],[153.2547,-28.527147],[153.268788,-28.522317],[153.273306,-28.522004],[153.281572,-28.516234],[153.283133,-28.517595],[153.28252,-28.522508],[153.284973,-28.524267],[153.283753,-28.529743],[153.28791,-28.535679],[153.291483,-28.537849],[153.291259,-28.541367],[153.298932,-28.540659],[153.301701,-28.539412],[153.305371,-28.541755],[153.310776,-28.54277],[153.313924,-28.540611],[153.318022,-28.54235],[153.322951,-28.540974],[153.327104,-28.542397],[153.334326,-28.548747],[153.337316,-28.549393],[153.339228,-28.557975],[153.346758,-28.559157],[153.347611,-28.564883],[153.351826,-28.568595],[153.355982,-28.567174],[153.359668,-28.567964],[153.363686,-28.573744],[153.37289,-28.577856],[153.379857,-28.584761],[153.379954,-28.589958],[153.378442,-28.595467],[153.375371,-28.599574],[153.375449,-28.603359],[153.373087,-28.613976],[153.412573,-28.618571],[153.413249,-28.623143],[153.415793,-28.625232],[153.412299,-28.634882],[153.415381,-28.637127],[153.414176,-28.64038],[153.418137,-28.642062],[153.415288,-28.64719],[153.420963,-28.649142],[153.420985,-28.653793],[153.426768,-28.655561],[153.42418,-28.660495],[153.430116,-28.661373],[153.426967,-28.666711],[153.417876,-28.663639],[153.416737,-28.670557],[153.417204,-28.677616],[153.421794,-28.676673],[153.426047,-28.680392],[153.426426,-28.682582],[153.422369,-28.685922],[153.424229,-28.693138],[153.420879,-28.695845],[153.414597,-28.692783],[153.407364,-28.686644],[153.408379,-28.693305],[153.406263,-28.69598],[153.400828,-28.697518],[153.404054,-28.703919],[153.409153,-28.707793],[153.407149,-28.719933],[153.41212,-28.720597],[153.409498,-28.725621],[153.406752,-28.742947],[153.414337,-28.742028],[153.416507,-28.743917],[153.422215,-28.742755],[153.424878,-28.739003],[153.434404,-28.747257],[153.442096,-28.744977],[153.448133,-28.746851],[153.450324,-28.757052],[153.44671,-28.760494],[153.442034,-28.762724],[153.442656,-28.765944],[153.446913,-28.772682],[153.443857,-28.776147],[153.450663,-28.781638],[153.453966,-28.781664],[153.4502,-28.789236],[153.448111,-28.791336],[153.448426,-28.796294],[153.444901,-28.796568],[153.446092,-28.801828],[153.445499,-28.809762],[153.441382,-28.823097],[153.447738,-28.82717],[153.445085,-28.829767],[153.45253,-28.830749],[153.451238,-28.838635],[153.465035,-28.840742],[153.473126,-28.845857],[153.478418,-28.848182],[153.476706,-28.855357],[153.481722,-28.859487],[153.482168,-28.863032],[153.486858,-28.864848],[153.494448,-28.863343],[153.495095,-28.867168],[153.491704,-28.869839],[153.482855,-28.888026],[153.475801,-28.924591],[153.478917,-28.924761],[153.484006,-28.920681],[153.489465,-28.919872],[153.491145,-28.922726],[153.494665,-28.920215],[153.497254,-28.921028],[153.500495,-28.917229],[153.507797,-28.912851],[153.512397,-28.913597],[153.518517,-28.918317],[153.52241,-28.916959],[153.53301,-28.918326],[153.53809,-28.916827],[153.544475,-28.917804]]]},"bbox":[153.106738,-29.014896052348544,153.72866297110215,-28.067029628257945]},
{"properties":{"electorateShortName":"riverina","electorateName":"Riverina","area":48988.422154,"state":"NSW"},"type":"Feature","geometry":{"type":"Polygon","coordinates":[[[149.119836,-33.887828],[149.118527,-33.878653],[149.121863,-33.875587],[149.118462,-33.872095],[149.120373,-33.868598],[149.125151,-33.867224],[149.134793,-33.868585],[149.137454,-33.864753],[149.13561,-33.860279],[149.138181,-33.857688],[149.142147,-33.856901],[149.144044,-33.851115],[149.14828,-33.849389],[149.151252,-33.851646],[149.155893,-33.85195],[149.163865,-33.856577],[149.167472,-33.85237],[149.175399,-33.859665],[149.184096,-33.852565],[149.175988,-33.850232],[149.174233,-33.844105],[149.177477,-33.840498],[149.183019,-33.83911],[149.181128,-33.835088],[149.18167,-33.830653],[149.1805,-33.825729],[149.178024,-33.822947],[149.17852,-33.819301],[149.182485,-33.815732],[149.180371,-33.806749],[149.184379,-33.80521],[149.182354,-33.801976],[149.187623,-33.797769],[149.191225,-33.799048],[149.197303,-33.798261],[149.202121,-33.801871],[149.208785,-33.799242],[149.210586,-33.797212],[149.219365,-33.791689],[149.21995,-33.786766],[149.222291,-33.786315],[149.226971,-33.777784],[149.228365,-33.770418],[149.230976,-33.7682],[149.234978,-33.759632],[149.240469,-33.760308],[149.253306,-33.748142],[149.254704,-33.743572],[149.257771,-33.74066],[149.236403,-33.738028],[149.235585,-33.733629],[149.232545,-33.730152],[149.225046,-33.726275],[149.222151,-33.730318],[149.217287,-33.728661],[149.214839,-33.732635],[149.206795,-33.729098],[149.205446,-33.73056],[149.17209,-33.72628],[149.173022,-33.721684],[149.169131,-33.721122],[149.156177,-33.730789],[149.149455,-33.730307],[149.141085,-33.738504],[149.141039,-33.740727],[149.133245,-33.74988],[149.134986,-33.751394],[149.134144,-33.756484],[149.13118,-33.75887],[149.130187,-33.764289],[149.108198,-33.761111],[149.106922,-33.768429],[149.098837,-33.765477],[149.091447,-33.765415],[149.088345,-33.781192],[149.093958,-33.781996],[149.091597,-33.793688],[149.067175,-33.790083],[149.068106,-33.794445],[149.064589,-33.812386],[149.041283,-33.809334],[149.042028,-33.805596],[149.026006,-33.803346],[149.030796,-33.7987],[149.028849,-33.793145],[149.019597,-33.791832],[149.018642,-33.79644],[149.007713,-33.794905],[149.009881,-33.784013],[148.988919,-33.781096],[148.990494,-33.773598],[148.981954,-33.772288],[148.984838,-33.758045],[148.974566,-33.756454],[148.975614,-33.751722],[148.992937,-33.754018],[148.987471,-33.748846],[148.976026,-33.749861],[148.978397,-33.737606],[148.986587,-33.729662],[148.993041,-33.726771],[148.99366,-33.720609],[148.981829,-33.714127],[148.970416,-33.711266],[148.96561,-33.70939],[148.958613,-33.703439],[148.958759,-33.699605],[148.961256,-33.695799],[148.958536,-33.692126],[148.957793,-33.688219],[148.949927,-33.689151],[148.937117,-33.682734],[148.9304,-33.688021],[148.925936,-33.686045],[148.914553,-33.685372],[148.911309,-33.684218],[148.910793,-33.68016],[148.907206,-33.673819],[148.909113,-33.6687],[148.907541,-33.660548],[148.911656,-33.647903],[148.910559,-33.644411],[148.912342,-33.641623],[148.911174,-33.633206],[148.91444,-33.630375],[148.912346,-33.625308],[148.914397,-33.622256],[148.914414,-33.616917],[148.919204,-33.613705],[148.919476,-33.605735],[148.917618,-33.602734],[148.922539,-33.598657],[148.919247,-33.596413],[148.910833,-33.594224],[148.909653,-33.583402],[148.904443,-33.585074],[148.898437,-33.579117],[148.892739,-33.580376],[148.888798,-33.582833],[148.882194,-33.582929],[148.881185,-33.588347],[148.875823,-33.593852],[148.871944,-33.590744],[148.874132,-33.578632],[148.872176,-33.573563],[148.869167,-33.573648],[148.864928,-33.579713],[148.860615,-33.579651],[148.856065,-33.576921],[148.851076,-33.576372],[148.850417,-33.579569],[148.84569,-33.577403],[148.847096,-33.570406],[148.84372,-33.568687],[148.831908,-33.568796],[148.831938,-33.571977],[148.82753,-33.57441],[148.824365,-33.569569],[148.819244,-33.569658],[148.814609,-33.567565],[148.816024,-33.561998],[148.818702,-33.558043],[148.81298,-33.553697],[148.811792,-33.548738],[148.808684,-33.546228],[148.805873,-33.550784],[148.802858,-33.549401],[148.798328,-33.539375],[148.793339,-33.537996],[148.794359,-33.534798],[148.787796,-33.529269],[148.782479,-33.527767],[148.776609,-33.528505],[148.775941,-33.525513],[148.769763,-33.525995],[148.768582,-33.529092],[148.761418,-33.52753],[148.754102,-33.529633],[148.745204,-33.536755],[148.738927,-33.53792],[148.736038,-33.540177],[148.735486,-33.544107],[148.73031,-33.555292],[148.723761,-33.55887],[148.721212,-33.565366],[148.717853,-33.565822],[148.712026,-33.573728],[148.709027,-33.573734],[148.701975,-33.579158],[148.695827,-33.577216],[148.691247,-33.581999],[148.686089,-33.582104],[148.682814,-33.586415],[148.677238,-33.58563],[148.676146,-33.580518],[148.663098,-33.57807],[148.662437,-33.579256],[148.652535,-33.577102],[148.658306,-33.566439],[148.654742,-33.562731],[148.648553,-33.562975],[148.645311,-33.567075],[148.635899,-33.567008],[148.629347,-33.57168],[148.629554,-33.574863],[148.6265,-33.576838],[148.623599,-33.581425],[148.625431,-33.584941],[148.621066,-33.591714],[148.616968,-33.591659],[148.602018,-33.59441],[148.594851,-33.591607],[148.585722,-33.594832],[148.582421,-33.593648],[148.569568,-33.598218],[148.566295,-33.601027],[148.56307,-33.596179],[148.557937,-33.602925],[148.551799,-33.603514],[148.55151,-33.600886],[148.545849,-33.602205],[148.54324,-33.599913],[148.542002,-33.593942],[148.534736,-33.588299],[148.535451,-33.584013],[148.530686,-33.580105],[148.524169,-33.577287],[148.520661,-33.57304],[148.514625,-33.575086],[148.51355,-33.581145],[148.502857,-33.579226],[148.493466,-33.58219],[148.483455,-33.581299],[148.481223,-33.589844],[148.476064,-33.593477],[148.479417,-33.600132],[148.476902,-33.601518],[148.468423,-33.602253],[148.45667,-33.608492],[148.451159,-33.609955],[148.446819,-33.613971],[148.442462,-33.60816],[148.43585,-33.607194],[148.436868,-33.604136],[148.426934,-33.607866],[148.417382,-33.607154],[148.413811,-33.60338],[148.41714,-33.595915],[148.414106,-33.596161],[148.407668,-33.590184],[148.402002,-33.586093],[148.395545,-33.584388],[148.393834,-33.581933],[148.388833,-33.57999],[148.387872,-33.573132],[148.390459,-33.567654],[148.393344,-33.567228],[148.397255,-33.569588],[148.401362,-33.567563],[148.409817,-33.570222],[148.415161,-33.567108],[148.418308,-33.573161],[148.422681,-33.568616],[148.423547,-33.564449],[148.421274,-33.55957],[148.41558,-33.556066],[148.410564,-33.558502],[148.407273,-33.555467],[148.403737,-33.557585],[148.396593,-33.55387],[148.39125,-33.546972],[148.390233,-33.540161],[148.398803,-33.536717],[148.400175,-33.535056],[148.395599,-33.527162],[148.395116,-33.522415],[148.392772,-33.518727],[148.384773,-33.518738],[148.378922,-33.515776],[148.37723,-33.51334],[148.370213,-33.511865],[148.367207,-33.513853],[148.359634,-33.512578],[148.357113,-33.510524],[148.356411,-33.502323],[148.353292,-33.499124],[148.351789,-33.49463],[148.342868,-33.497074],[148.34086,-33.492502],[148.332744,-33.492149],[148.328952,-33.490636],[148.322571,-33.493051],[148.32511,-33.497162],[148.319787,-33.497781],[148.314945,-33.499899],[148.30838,-33.49914],[148.308506,-33.494466],[148.304537,-33.493774],[148.302352,-33.497973],[148.297935,-33.494271],[148.290656,-33.491909],[148.290344,-33.485772],[148.293234,-33.478291],[148.300064,-33.473681],[148.307341,-33.465745],[148.315991,-33.466261],[148.315826,-33.460462],[148.308663,-33.458684],[148.313524,-33.453189],[148.319232,-33.45268],[148.320062,-33.448655],[148.323404,-33.449102],[148.324195,-33.454276],[148.329322,-33.455928],[148.329611,-33.451228],[148.333004,-33.449012],[148.333022,-33.444225],[148.348144,-33.451627],[148.352463,-33.443937],[148.355627,-33.447888],[148.360481,-33.446278],[148.365145,-33.435299],[148.354995,-33.433953],[148.355552,-33.43097],[148.344124,-33.42947],[148.345935,-33.420913],[148.357159,-33.421674],[148.35758,-33.419581],[148.367777,-33.42084],[148.366939,-33.415954],[148.367931,-33.410824],[148.384025,-33.413015],[148.388437,-33.412704],[148.390759,-33.405906],[148.395763,-33.404584],[148.396207,-33.401777],[148.404482,-33.405398],[148.408395,-33.401768],[148.405508,-33.397956],[148.401247,-33.397109],[148.403638,-33.392221],[148.412518,-33.393026],[148.410606,-33.390246],[148.418223,-33.385],[148.417433,-33.380433],[148.413,-33.37989],[148.41474,-33.370297],[148.403173,-33.36891],[148.402142,-33.365058],[148.397321,-33.364215],[148.390472,-33.357573],[148.386058,-33.356555],[148.384037,-33.353254],[148.385666,-33.350789],[148.39194,-33.347301],[148.393449,-33.34152],[148.396655,-33.33921],[148.398745,-33.335101],[148.409727,-33.326489],[148.415578,-33.327606],[148.413762,-33.322561],[148.414682,-33.319528],[148.412847,-33.313627],[148.409601,-33.308753],[148.405274,-33.305801],[148.402028,-33.2997],[148.403431,-33.29744],[148.400922,-33.293916],[148.400981,-33.28751],[148.399063,-33.284574],[148.398675,-33.274327],[148.397185,-33.269909],[148.401671,-33.266776],[148.401701,-33.259592],[148.414688,-33.250728],[148.422762,-33.242617],[148.428194,-33.239169],[148.431711,-33.232299],[148.432654,-33.225572],[148.429009,-33.220244],[148.431691,-33.212422],[148.42915,-33.207238],[148.42834,-33.202387],[148.431934,-33.200082],[148.436592,-33.203122],[148.442501,-33.204476],[148.44755,-33.202623],[148.458002,-33.204896],[148.46668,-33.208771],[148.475442,-33.198397],[148.475887,-33.196242],[148.482474,-33.197187],[148.489988,-33.194898],[148.495895,-33.190869],[148.497126,-33.187684],[148.4927,-33.185358],[148.493043,-33.179705],[148.505521,-33.165857],[148.505708,-33.162295],[148.502941,-33.157372],[148.505823,-33.150971],[148.503878,-33.147559],[148.502386,-33.140386],[148.504332,-33.134199],[148.497977,-33.134124],[148.49205,-33.129862],[148.491298,-33.125007],[148.486567,-33.123236],[148.490432,-33.107743],[148.499758,-33.097941],[148.497275,-33.096367],[148.499598,-33.082631],[148.502703,-33.079039],[148.505455,-33.062037],[148.503823,-33.060008],[148.507243,-33.05343],[148.503815,-33.052799],[148.503737,-33.046861],[148.495488,-33.039428],[148.495564,-33.035183],[148.493038,-33.03024],[148.487583,-33.025463],[148.486498,-33.02081],[148.481055,-33.016377],[148.472815,-33.01718],[148.464864,-33.014495],[148.460007,-33.008728],[148.459038,-33.004772],[148.454646,-33.000726],[148.456264,-32.99844],[148.455275,-32.993992],[148.44635,-32.992575],[148.439192,-32.983498],[148.439687,-32.980485],[148.437365,-32.976252],[148.430165,-32.969942],[148.42144,-32.974409],[148.418644,-32.973569],[148.41419,-32.968974],[148.406958,-32.966374],[148.399352,-32.959165],[148.398032,-32.960691],[148.391627,-32.974233],[148.389789,-32.974747],[148.382944,-32.971448],[148.374386,-32.972392],[148.372179,-32.971583],[148.376304,-32.961737],[148.375862,-32.955923],[148.379267,-32.953875],[148.377921,-32.951286],[148.378367,-32.942259],[148.381831,-32.93455],[148.378497,-32.93378],[148.372514,-32.929172],[148.378697,-32.921153],[148.381257,-32.914022],[148.382125,-32.889427],[148.380598,-32.878381],[148.384572,-32.874917],[148.385047,-32.865789],[148.383154,-32.85222],[148.37795,-32.85021],[148.375828,-32.845576],[148.378526,-32.842034],[148.3781,-32.833621],[148.37306,-32.830317],[148.368127,-32.832295],[148.367733,-32.825991],[148.359879,-32.824577],[148.35303,-32.820663],[148.347443,-32.81636],[148.346743,-32.812669],[148.34251,-32.81081],[148.329377,-32.810831],[148.327759,-32.802517],[148.328315,-32.798687],[148.331807,-32.795715],[148.330872,-32.79203],[148.332648,-32.789708],[148.331597,-32.784338],[148.33533,-32.781608],[148.334944,-32.768913],[148.332528,-32.758459],[148.331923,-32.746568],[148.330803,-32.743667],[148.333806,-32.739992],[148.335609,-32.73187],[148.33182,-32.728392],[148.32974,-32.715975],[148.331908,-32.709749],[148.329513,-32.701025],[148.332072,-32.694899],[148.331129,-32.692033],[148.333072,-32.68885],[148.332035,-32.685435],[148.33496,-32.679034],[148.341368,-32.678677],[148.347143,-32.675763],[148.325171,-32.676647],[148.265119,-32.678209],[148.26304,-32.692104],[148.24694,-32.689907],[148.248725,-32.68164],[148.214278,-32.682181],[148.127704,-32.682974],[148.129628,-32.681955],[148.130204,-32.676819],[148.124913,-32.676038],[148.122381,-32.673855],[148.12274,-32.67024],[148.119681,-32.658804],[148.115372,-32.657956],[148.111582,-32.652661],[148.107895,-32.650116],[148.106705,-32.644423],[148.104691,-32.643009],[148.105289,-32.636898],[148.099132,-32.626293],[148.097674,-32.62072],[148.094984,-32.616586],[148.092408,-32.616151],[148.09149,-32.605068],[148.085334,-32.605067],[148.083492,-32.601071],[148.077133,-32.600957],[148.06265,-32.594782],[148.060078,-32.589101],[148.05502,-32.584675],[148.042092,-32.580949],[148.041435,-32.576856],[148.034703,-32.576486],[148.031455,-32.570638],[148.026837,-32.571768],[148.021793,-32.568314],[148.011645,-32.564876],[148.004885,-32.56502],[148.003325,-32.561651],[148.004727,-32.55425],[148.002981,-32.55403],[148.0005,-32.548034],[147.996856,-32.543736],[147.991756,-32.539981],[147.992485,-32.538356],[147.985291,-32.53363],[147.98251,-32.52872],[147.976151,-32.524915],[147.973645,-32.525327],[147.967767,-32.522327],[147.964233,-32.518949],[147.963778,-32.510586],[147.966555,-32.506116],[147.965,-32.498077],[147.955723,-32.49785],[147.956741,-32.494768],[147.951378,-32.493976],[147.944125,-32.494916],[147.936613,-32.491087],[147.935932,-32.485967],[147.928676,-32.479029],[147.929912,-32.476533],[147.926379,-32.474526],[147.924942,-32.469513],[147.920703,-32.470203],[147.918339,-32.467397],[147.913683,-32.466817],[147.90394,-32.457795],[147.903716,-32.453806],[147.899715,-32.452259],[147.901284,-32.447526],[147.90441,-32.44635],[147.905894,-32.44289],[147.903677,-32.441287],[147.906513,-32.436237],[147.906082,-32.43335],[147.897731,-32.433468],[147.894629,-32.435779],[147.888975,-32.436878],[147.884151,-32.440243],[147.879988,-32.438558],[147.875342,-32.438906],[147.86938,-32.435465],[147.864343,-32.435987],[147.850276,-32.434414],[147.84274,-32.429904],[147.835974,-32.427005],[147.831456,-32.426445],[147.825088,-32.422534],[147.82354,-32.419837],[147.81909,-32.419287],[147.815511,-32.421312],[147.81018,-32.418599],[147.804787,-32.418363],[147.795706,-32.422021],[147.782555,-32.421674],[147.782366,-32.419829],[147.771726,-32.422679],[147.767104,-32.414928],[147.764359,-32.412705],[147.764157,-32.408945],[147.755887,-32.406864],[147.74938,-32.409646],[147.741538,-32.402803],[147.737342,-32.403591],[147.73328,-32.402291],[147.728332,-32.397692],[147.719592,-32.395668],[147.718243,-32.391798],[147.708431,-32.386888],[147.707371,-32.383751],[147.701753,-32.379717],[147.70394,-32.377403],[147.70106,-32.372519],[147.696901,-32.368952],[147.636631,-32.407849],[147.612298,-32.423304],[147.613993,-32.42765],[147.611509,-32.441179],[147.589521,-32.438367],[147.561644,-32.456001],[147.560865,-32.455918],[147.556812,-32.482067],[147.555675,-32.485382],[147.551899,-32.508133],[147.545261,-32.551855],[147.561756,-32.553765],[147.560848,-32.559681],[147.556241,-32.55915],[147.550501,-32.595033],[147.54986,-32.601378],[147.569333,-32.603758],[147.581526,-32.604564],[147.577178,-32.60761],[147.574017,-32.614042],[147.569489,-32.61568],[147.564722,-32.61556],[147.563476,-32.620276],[147.560341,-32.622028],[147.55694,-32.629158],[147.556507,-32.632653],[147.558039,-32.638436],[147.557458,-32.641803],[147.559096,-32.647782],[147.557018,-32.652394],[147.553706,-32.672984],[147.577635,-32.675638],[147.568364,-32.735381],[147.598394,-32.738625],[147.602441,-32.744318],[147.599829,-32.762124],[147.604589,-32.762737],[147.600856,-32.787301],[147.597896,-32.804729],[147.593174,-32.836156],[147.587637,-32.835624],[147.578742,-32.893081],[147.579227,-32.893168],[147.57105,-32.949714],[147.556894,-32.948209],[147.556128,-32.954943],[147.550656,-32.988308],[147.548409,-32.988072],[147.54302,-33.020151],[147.559165,-33.022032],[147.554975,-33.048197],[147.517118,-33.043816],[147.470348,-33.038107],[147.469284,-33.044846],[147.456833,-33.043377],[147.457425,-33.039813],[147.443986,-33.03822],[147.443336,-33.041785],[147.405831,-33.037354],[147.405017,-33.038017],[147.398185,-33.081804],[147.397646,-33.083174],[147.388534,-33.139417],[147.381558,-33.137065],[147.382376,-33.132448],[147.379712,-33.130395],[147.37602,-33.131754],[147.372274,-33.129924],[147.369193,-33.131837],[147.364405,-33.128024],[147.362685,-33.123697],[147.358854,-33.123697],[147.353859,-33.120618],[147.351166,-33.124834],[147.34309,-33.124335],[147.340204,-33.121201],[147.342743,-33.119246],[147.342354,-33.114281],[147.327206,-33.111434],[147.320293,-33.114122],[147.317414,-33.117352],[147.311988,-33.109312],[147.312067,-33.102802],[147.308075,-33.104384],[147.30328,-33.133789],[147.296817,-33.171641],[147.297396,-33.176062],[147.299898,-33.178923],[147.306153,-33.180283],[147.300843,-33.186451],[147.297285,-33.187007],[147.29794,-33.19184],[147.302928,-33.195562],[147.31099,-33.194812],[147.312463,-33.200173],[147.308099,-33.202673],[147.308794,-33.207062],[147.31919,-33.205007],[147.325945,-33.20809],[147.329587,-33.214479],[147.334479,-33.213479],[147.337565,-33.215146],[147.340623,-33.213757],[147.346015,-33.214229],[147.354354,-33.218924],[147.356467,-33.224091],[147.363194,-33.224369],[147.36817,-33.217202],[147.376176,-33.219508],[147.37701,-33.216979],[147.383584,-33.220244],[147.385474,-33.218827],[147.399915,-33.222757],[147.403668,-33.22098],[147.410229,-33.225618],[147.421417,-33.228187],[147.427782,-33.227326],[147.428533,-33.225271],[147.433592,-33.223187],[147.439597,-33.222354],[147.445284,-33.224],[147.442535,-33.230847],[147.445226,-33.23161],[147.450456,-33.229531],[147.451639,-33.226823],[147.457479,-33.226193],[147.458758,-33.228253],[147.464821,-33.22742],[147.46457,-33.23587],[147.471268,-33.240472],[147.472329,-33.244823],[147.477876,-33.244477],[147.485534,-33.246619],[147.482804,-33.251193],[147.483481,-33.256127],[147.48979,-33.258981],[147.494179,-33.25682],[147.497778,-33.257901],[147.496148,-33.262238],[147.499294,-33.263706],[147.514722,-33.263086],[147.503282,-33.327624],[147.496005,-33.365781],[147.485964,-33.423228],[147.48393,-33.423307],[147.4804,-33.441743],[147.426412,-33.43462],[147.423736,-33.448403],[147.419067,-33.45592],[147.41551,-33.46526],[147.411192,-33.490716],[147.414008,-33.496927],[147.407473,-33.49615],[147.403225,-33.530578],[147.35835,-33.525344],[147.34275,-33.53519],[147.338935,-33.556749],[147.322408,-33.554812],[147.32036,-33.567801],[147.278115,-33.562807],[147.276131,-33.575188],[147.245877,-33.571913],[147.242778,-33.591816],[147.159861,-33.581855],[147.15895,-33.581356],[147.108457,-33.575447],[147.104374,-33.57748],[147.053281,-33.572049],[147.008123,-33.566178],[146.986431,-33.563834],[146.988475,-33.55196],[146.943719,-33.546476],[146.943339,-33.546703],[146.870796,-33.537719],[146.865492,-33.536698],[146.830767,-33.532427],[146.829805,-33.53798],[146.82041,-33.528173],[146.814289,-33.5301],[146.817579,-33.53726],[146.821455,-33.53759],[146.818558,-33.55169],[146.81169,-33.591995],[146.80888,-33.607151],[146.721899,-33.596839],[146.603523,-33.582402],[146.520299,-33.572679],[146.501228,-33.570271],[146.445623,-33.563875],[146.440808,-33.520858],[146.438971,-33.521641],[146.395891,-33.532017],[146.308509,-33.553734],[146.226415,-33.574139],[146.226613,-33.572876],[146.180657,-33.583236],[146.115796,-33.598607],[146.095141,-33.603131],[146.093808,-33.611238],[146.092419,-33.613912],[146.092711,-33.618956],[146.08104,-33.691866],[146.076461,-33.716539],[146.074577,-33.731759],[146.07178,-33.748219],[146.0703,-33.753534],[146.09783,-33.756752],[146.175904,-33.765069],[146.187217,-33.766455],[146.317227,-33.780549],[146.353197,-33.785305],[146.397941,-33.790417],[146.437173,-33.794594],[146.425368,-33.865316],[146.424818,-33.865759],[146.417149,-33.910601],[146.486701,-33.919097],[146.492733,-33.919648],[146.487146,-33.952096],[146.480292,-33.998455],[146.470404,-34.063848],[146.467429,-34.079142],[146.458028,-34.132912],[146.570387,-34.144385],[146.586486,-34.146321],[146.590361,-34.144285],[146.591522,-34.14012],[146.598472,-34.140859],[146.597436,-34.147188],[146.635404,-34.151187],[146.623872,-34.224735],[146.626411,-34.225474],[146.664241,-34.229567],[146.729043,-34.236768],[146.721756,-34.279208],[146.718745,-34.298111],[146.74675,-34.301459],[146.823028,-34.310851],[146.817282,-34.343089],[146.802747,-34.426883],[146.799998,-34.426499],[146.796979,-34.442773],[146.792622,-34.442203],[146.791758,-34.446766],[146.796184,-34.447307],[146.791751,-34.472298],[146.795492,-34.470798],[146.834718,-34.475518],[146.835253,-34.472721],[146.903439,-34.481344],[146.911568,-34.482591],[146.902227,-34.534519],[146.898652,-34.548979],[146.888326,-34.605114],[146.887975,-34.605278],[146.877378,-34.66019],[146.876409,-34.66252],[146.869459,-34.700734],[146.868826,-34.702119],[146.853673,-34.782049],[146.843266,-34.83723],[146.846616,-34.842743],[146.845958,-34.845511],[146.839929,-34.857393],[146.839641,-34.860648],[146.835375,-34.860049],[146.832805,-34.872931],[146.829472,-34.877017],[146.831065,-34.880911],[146.840776,-34.880359],[146.841931,-34.885202],[146.8358,-34.888441],[146.833176,-34.891876],[146.839619,-34.892924],[146.84358,-34.899125],[146.842359,-34.902664],[146.832728,-34.906537],[146.831858,-34.905052],[146.813702,-34.912379],[146.813658,-34.913318],[146.794718,-34.919892],[146.784477,-34.924058],[146.782367,-34.931224],[146.782602,-34.934724],[146.779076,-34.939641],[146.779606,-34.947042],[146.784985,-34.952505],[146.787884,-34.953535],[146.793643,-34.958616],[146.795692,-34.963028],[146.795358,-34.967424],[146.804343,-34.969337],[146.804013,-34.972082],[146.807696,-34.975709],[146.808883,-34.985049],[146.807657,-34.986944],[146.7942,-35.058208],[146.791455,-35.056466],[146.788852,-35.070642],[146.784221,-35.070069],[146.778785,-35.098405],[146.770305,-35.097288],[146.771955,-35.087708],[146.761524,-35.076441],[146.68864,-35.067993],[146.687293,-35.071209],[146.662039,-35.089024],[146.658451,-35.090466],[146.649665,-35.091126],[146.634073,-35.09641],[146.625993,-35.10171],[146.614742,-35.114432],[146.604346,-35.112005],[146.600234,-35.11622],[146.595284,-35.115558],[146.59133,-35.117137],[146.58259,-35.117401],[146.572021,-35.116577],[146.563727,-35.119126],[146.535133,-35.138242],[146.51014,-35.154063],[146.501247,-35.15918],[146.451315,-35.191178],[146.451981,-35.187689],[146.448255,-35.187211],[146.44681,-35.194149],[146.413481,-35.215749],[146.389251,-35.231731],[146.386399,-35.247397],[146.413658,-35.250545],[146.403804,-35.304452],[146.392465,-35.302996],[146.388761,-35.322851],[146.372069,-35.3209],[146.369914,-35.337214],[146.364032,-35.337739],[146.362181,-35.346356],[146.354226,-35.387797],[146.364495,-35.389009],[146.368338,-35.393679],[146.368431,-35.397338],[146.374495,-35.404895],[146.380793,-35.405695],[146.379707,-35.411433],[146.390934,-35.425512],[146.391512,-35.430422],[146.399603,-35.435003],[146.403819,-35.439575],[146.405522,-35.444508],[146.428237,-35.471405],[146.470028,-35.476339],[146.469615,-35.47844],[146.491071,-35.481279],[146.507447,-35.483025],[146.518947,-35.48572],[146.522619,-35.485109],[146.540285,-35.487197],[146.539694,-35.4905],[146.545008,-35.48998],[146.554844,-35.491567],[146.554291,-35.494367],[146.606145,-35.505817],[146.669769,-35.520279],[146.667093,-35.537631],[146.664286,-35.537325],[146.662323,-35.547763],[146.674166,-35.549163],[146.672963,-35.555276],[146.70066,-35.55823],[146.70339,-35.561583],[146.713999,-35.562724],[146.777012,-35.571154],[146.778933,-35.572631],[146.796881,-35.574699],[146.798401,-35.566387],[146.871365,-35.57586],[146.872344,-35.57106],[146.888378,-35.573241],[146.890907,-35.560482],[146.900932,-35.560108],[146.910234,-35.554649],[146.911649,-35.547462],[146.919702,-35.548203],[146.922198,-35.547126],[146.953062,-35.528029],[146.955467,-35.523077],[146.962147,-35.523882],[146.970767,-35.51943],[146.97783,-35.522475],[146.980825,-35.521619],[146.981895,-35.515643],[146.991181,-35.51684],[146.992877,-35.50744],[146.990605,-35.50713],[146.993901,-35.489287],[147.004082,-35.490703],[147.003809,-35.492125],[147.016925,-35.493713],[147.032203,-35.485661],[147.040223,-35.484238],[147.043605,-35.477981],[147.048718,-35.476843],[147.051967,-35.472808],[147.051858,-35.470362],[147.057487,-35.469574],[147.060257,-35.46687],[147.063897,-35.4665],[147.071242,-35.460598],[147.071309,-35.455482],[147.073065,-35.452919],[147.087341,-35.450465],[147.096771,-35.452516],[147.10058,-35.454613],[147.105258,-35.452748],[147.11023,-35.455957],[147.113395,-35.454981],[147.11929,-35.456988],[147.121813,-35.456215],[147.124671,-35.462578],[147.133695,-35.468283],[147.138084,-35.467031],[147.145131,-35.46835],[147.151053,-35.467864],[147.157792,-35.46916],[147.159909,-35.464533],[147.163783,-35.461844],[147.16624,-35.456831],[147.171589,-35.45489],[147.174938,-35.457091],[147.184978,-35.448477],[147.188142,-35.452287],[147.194093,-35.454699],[147.192314,-35.462098],[147.195453,-35.46609],[147.208459,-35.470732],[147.21101,-35.472735],[147.215861,-35.471074],[147.223089,-35.471487],[147.226524,-35.473668],[147.230919,-35.471621],[147.238204,-35.47101],[147.242639,-35.478338],[147.24561,-35.487059],[147.250842,-35.491228],[147.263197,-35.488551],[147.267042,-35.492117],[147.269134,-35.491019],[147.279422,-35.493703],[147.283199,-35.500123],[147.290892,-35.499578],[147.294903,-35.501003],[147.29683,-35.496272],[147.303027,-35.495596],[147.305561,-35.499336],[147.309672,-35.499058],[147.318332,-35.502131],[147.329491,-35.504863],[147.332623,-35.509005],[147.341398,-35.509225],[147.34657,-35.511232],[147.35389,-35.512073],[147.360796,-35.515383],[147.363804,-35.513871],[147.368525,-35.516903],[147.378022,-35.524904],[147.378027,-35.530826],[147.383966,-35.529828],[147.387873,-35.531749],[147.38482,-35.535233],[147.387917,-35.53793],[147.385167,-35.54211],[147.382318,-35.550764],[147.386125,-35.554221],[147.385008,-35.559241],[147.391507,-35.563624],[147.3958,-35.559379],[147.395214,-35.554942],[147.401386,-35.550571],[147.4043,-35.544418],[147.411996,-35.540549],[147.414069,-35.536594],[147.419431,-35.533527],[147.423712,-35.534503],[147.426699,-35.539301],[147.430127,-35.537086],[147.438217,-35.537415],[147.444597,-35.530111],[147.45167,-35.531391],[147.456277,-35.530956],[147.457858,-35.533741],[147.463456,-35.536039],[147.467446,-35.539235],[147.480995,-35.54516],[147.48825,-35.545658],[147.488405,-35.5408],[147.492728,-35.535874],[147.495272,-35.529997],[147.500446,-35.528482],[147.501735,-35.522092],[147.500532,-35.516888],[147.498231,-35.513771],[147.500164,-35.508757],[147.506154,-35.506373],[147.518147,-35.496963],[147.520095,-35.494156],[147.514898,-35.488566],[147.519717,-35.485135],[147.525087,-35.483406],[147.529065,-35.488179],[147.528498,-35.490839],[147.535372,-35.491722],[147.544992,-35.494687],[147.553328,-35.498601],[147.555876,-35.501661],[147.556535,-35.505655],[147.567569,-35.511282],[147.569161,-35.515933],[147.582259,-35.517138],[147.588633,-35.524311],[147.592827,-35.523508],[147.594349,-35.526617],[147.600542,-35.529414],[147.600458,-35.531274],[147.606933,-35.537284],[147.607828,-35.539335],[147.616577,-35.542522],[147.621256,-35.542967],[147.625241,-35.545884],[147.631217,-35.54716],[147.637018,-35.54584],[147.643184,-35.539949],[147.649898,-35.538841],[147.655697,-35.54028],[147.660621,-35.544565],[147.666595,-35.545982],[147.672441,-35.550885],[147.679627,-35.554472],[147.681189,-35.556669],[147.685594,-35.534198],[147.738557,-35.541117],[147.741347,-35.535238],[147.737221,-35.53106],[147.755718,-35.533462],[147.753531,-35.543268],[147.754375,-35.544684],[147.779775,-35.547543],[147.779377,-35.549633],[147.79159,-35.55146],[147.795449,-35.550368],[147.806792,-35.5522],[147.807351,-35.549438],[147.812125,-35.549421],[147.835348,-35.552638],[147.845391,-35.554599],[147.847301,-35.544897],[147.862168,-35.546868],[147.863331,-35.54066],[147.892675,-35.544318],[147.890971,-35.553284],[147.929807,-35.558493],[147.931407,-35.55023],[147.921962,-35.54883],[147.92309,-35.542743],[147.915425,-35.541725],[147.913976,-35.538924],[147.908077,-35.538195],[147.909452,-35.531048],[147.90802,-35.526173],[147.925596,-35.528523],[147.927969,-35.516335],[147.90476,-35.51331],[147.906305,-35.50514],[147.904607,-35.504927],[147.907221,-35.490301],[147.899998,-35.492709],[147.89944,-35.489085],[147.892246,-35.48953],[147.883819,-35.488498],[147.885704,-35.478956],[147.883059,-35.478586],[147.885969,-35.464125],[147.880477,-35.463362],[147.881495,-35.45815],[147.873016,-35.457017],[147.875082,-35.446575],[147.871962,-35.44614],[147.872786,-35.442108],[147.889358,-35.444288],[147.893206,-35.424362],[147.908162,-35.426253],[147.908842,-35.421252],[147.89795,-35.412611],[147.89422,-35.399648],[147.895302,-35.393827],[147.898306,-35.388417],[147.899867,-35.380803],[147.898046,-35.378294],[147.890239,-35.37713],[147.888908,-35.370979],[147.885524,-35.361803],[147.88534,-35.358071],[147.880402,-35.358728],[147.874676,-35.35744],[147.868655,-35.359034],[147.865256,-35.355689],[147.864949,-35.348055],[147.862163,-35.347613],[147.85921,-35.339855],[147.854305,-35.339897],[147.851788,-35.335864],[147.852958,-35.333717],[147.847283,-35.330494],[147.846795,-35.328457],[147.851229,-35.321662],[147.848448,-35.315285],[147.844993,-35.31334],[147.843864,-35.307195],[147.846781,-35.303493],[147.845647,-35.301184],[147.846861,-35.291233],[147.855238,-35.283511],[147.85475,-35.28091],[147.862107,-35.278377],[147.863623,-35.280511],[147.872687,-35.281295],[147.873891,-35.277986],[147.884552,-35.277283],[147.883962,-35.272937],[147.879823,-35.267918],[147.884034,-35.259504],[147.891817,-35.258139],[147.893507,-35.250291],[147.899938,-35.241473],[147.89538,-35.240715],[147.894818,-35.233537],[147.900025,-35.230347],[147.913841,-35.231487],[147.927807,-35.233233],[147.928247,-35.230806],[147.934059,-35.231141],[147.934953,-35.225918],[147.958622,-35.229068],[147.961047,-35.217348],[147.965512,-35.217892],[147.966543,-35.21203],[147.974179,-35.213013],[147.977577,-35.208784],[147.977163,-35.206344],[147.971317,-35.20062],[147.966233,-35.197765],[147.964281,-35.194218],[147.964299,-35.187705],[147.993548,-35.191436],[147.993141,-35.193412],[148.001459,-35.19358],[148.013542,-35.195319],[148.018114,-35.192583],[148.029191,-35.193847],[148.03262,-35.196671],[148.037544,-35.194221],[148.038904,-35.198879],[148.044768,-35.198253],[148.059289,-35.20088],[148.064445,-35.198597],[148.077424,-35.200369],[148.078139,-35.196932],[148.082578,-35.194722],[148.087848,-35.195431],[148.087156,-35.19892],[148.107883,-35.202076],[148.119788,-35.202562],[148.122193,-35.189981],[148.136027,-35.194083],[148.155501,-35.197105],[148.157761,-35.18629],[148.161366,-35.18679],[148.160118,-35.192865],[148.164444,-35.193414],[148.170942,-35.19164],[148.172596,-35.192776],[148.183829,-35.189374],[148.186201,-35.187552],[148.183869,-35.184453],[148.187668,-35.182298],[148.190791,-35.177653],[148.191675,-35.173325],[148.196515,-35.17493],[148.198381,-35.17033],[148.206719,-35.170896],[148.215314,-35.167395],[148.221527,-35.166189],[148.223639,-35.16284],[148.222888,-35.159002],[148.219099,-35.158359],[148.213818,-35.152867],[148.216763,-35.148182],[148.211787,-35.143706],[148.211061,-35.136386],[148.20632,-35.1215],[148.201915,-35.118078],[148.199136,-35.11864],[148.198669,-35.112061],[148.200068,-35.110937],[148.215124,-35.112979],[148.215651,-35.110415],[148.227456,-35.112954],[148.241535,-35.115019],[148.251009,-35.117115],[148.25673,-35.119843],[148.261872,-35.11711],[148.275998,-35.119025],[148.283762,-35.118246],[148.283205,-35.121138],[148.292958,-35.122401],[148.292561,-35.124712],[148.300623,-35.125538],[148.314847,-35.129035],[148.31417,-35.132346],[148.322874,-35.133555],[148.323361,-35.131403],[148.330293,-35.132407],[148.334291,-35.134761],[148.333559,-35.138318],[148.347045,-35.139882],[148.347588,-35.13708],[148.38954,-35.141565],[148.39682,-35.13989],[148.394688,-35.150509],[148.413685,-35.153002],[148.411903,-35.156039],[148.415854,-35.162356],[148.422705,-35.164309],[148.427125,-35.163318],[148.456831,-35.154524],[148.45837,-35.146646],[148.455964,-35.146737],[148.4595,-35.12833],[148.462454,-35.11695],[148.46636,-35.117436],[148.471909,-35.088777],[148.46771,-35.088228],[148.469226,-35.080143],[148.481033,-35.081608],[148.480835,-35.082713],[148.496883,-35.084673],[148.497034,-35.083812],[148.51497,-35.085883],[148.524721,-35.087737],[148.525832,-35.090508],[148.524181,-35.100056],[148.529144,-35.101139],[148.526624,-35.114979],[148.527467,-35.11606],[148.525371,-35.124261],[148.528424,-35.124574],[148.531931,-35.1291],[148.537236,-35.131521],[148.54182,-35.135366],[148.548241,-35.132211],[148.547667,-35.127531],[148.54418,-35.120376],[148.545031,-35.115869],[148.550911,-35.107604],[148.555861,-35.105191],[148.560789,-35.098036],[148.567022,-35.094995],[148.568643,-35.091639],[148.564873,-35.088446],[148.56877,-35.078351],[148.573294,-35.077223],[148.572714,-35.074044],[148.568137,-35.074359],[148.569124,-35.069214],[148.56417,-35.066155],[148.564622,-35.057179],[148.566451,-35.052232],[148.571878,-35.049578],[148.575514,-35.041618],[148.573778,-35.038459],[148.573671,-35.033718],[148.576406,-35.024381],[148.575452,-35.020652],[148.572175,-35.01861],[148.583095,-35.002645],[148.573666,-35.001496],[148.564113,-35.005004],[148.559064,-35.003052],[148.563415,-34.994056],[148.560632,-34.98864],[148.558447,-34.98767],[148.55007,-34.990175],[148.546708,-34.993157],[148.540971,-34.994808],[148.534849,-34.993664],[148.531103,-34.98869],[148.532771,-34.973379],[148.538038,-34.966289],[148.543287,-34.952692],[148.541866,-34.943828],[148.537014,-34.935973],[148.536196,-34.929103],[148.537311,-34.92633],[148.545458,-34.920146],[148.549662,-34.911945],[148.549299,-34.908795],[148.544304,-34.907814],[148.541588,-34.913493],[148.53583,-34.91582],[148.532494,-34.912841],[148.529333,-34.90477],[148.522239,-34.901612],[148.52465,-34.88965],[148.528189,-34.890115],[148.530575,-34.877982],[148.526984,-34.877513],[148.527873,-34.872238],[148.539208,-34.873667],[148.540893,-34.861633],[148.544006,-34.862045],[148.545243,-34.855743],[148.554713,-34.856975],[148.558647,-34.859354],[148.56497,-34.827476],[148.561824,-34.825037],[148.563539,-34.815616],[148.561613,-34.815359],[148.563403,-34.805531],[148.56837,-34.806591],[148.581301,-34.805379],[148.574451,-34.798703],[148.57822,-34.778782],[148.574838,-34.778489],[148.575926,-34.773025],[148.571482,-34.7724],[148.573535,-34.761624],[148.571795,-34.761407],[148.573935,-34.750096],[148.575867,-34.746054],[148.577947,-34.73548],[148.575416,-34.735138],[148.577316,-34.72557],[148.571732,-34.722661],[148.57453,-34.708423],[148.56327,-34.706901],[148.564417,-34.701078],[148.572112,-34.702118],[148.586709,-34.627441],[148.593403,-34.627138],[148.595051,-34.618744],[148.626398,-34.622858],[148.629127,-34.610711],[148.637821,-34.611461],[148.658767,-34.614207],[148.659822,-34.603093],[148.666322,-34.596709],[148.669808,-34.58919],[148.659404,-34.587797],[148.661367,-34.577476],[148.653393,-34.57663],[148.654426,-34.571256],[148.649466,-34.5708],[148.651265,-34.566273],[148.646639,-34.565655],[148.647305,-34.562747],[148.651544,-34.557127],[148.653642,-34.542419],[148.654308,-34.539066],[148.645796,-34.537961],[148.643665,-34.549215],[148.630683,-34.547524],[148.632483,-34.537907],[148.625773,-34.53707],[148.628393,-34.530615],[148.619591,-34.529463],[148.622363,-34.526737],[148.624148,-34.517183],[148.622292,-34.51628],[148.625248,-34.500532],[148.612588,-34.498893],[148.6194,-34.491774],[148.621525,-34.488135],[148.60954,-34.487082],[148.611512,-34.484097],[148.614761,-34.466248],[148.600806,-34.464041],[148.600505,-34.465634],[148.584624,-34.46354],[148.580569,-34.462064],[148.581678,-34.456342],[148.577935,-34.445442],[148.580291,-34.43329],[148.567707,-34.431637],[148.568604,-34.427014],[148.563134,-34.426282],[148.564342,-34.418828],[148.561374,-34.41844],[148.562472,-34.412935],[148.553622,-34.411429],[148.556689,-34.399686],[148.561102,-34.398173],[148.562193,-34.392098],[148.568246,-34.391194],[148.571959,-34.387418],[148.575908,-34.376774],[148.579212,-34.377187],[148.579944,-34.373337],[148.587836,-34.374192],[148.600886,-34.36192],[148.602896,-34.357133],[148.605707,-34.358184],[148.609878,-34.356317],[148.609093,-34.347076],[148.614465,-34.34574],[148.616157,-34.342405],[148.61662,-34.333202],[148.619653,-34.331736],[148.619707,-34.327135],[148.622108,-34.314407],[148.614834,-34.313419],[148.612417,-34.311602],[148.612971,-34.30723],[148.608096,-34.30067],[148.608795,-34.296204],[148.611634,-34.295222],[148.614328,-34.289907],[148.619166,-34.290268],[148.621234,-34.279516],[148.624655,-34.279378],[148.638006,-34.281135],[148.634378,-34.276297],[148.635493,-34.2703],[148.645351,-34.251831],[148.644233,-34.247105],[148.640997,-34.246103],[148.645619,-34.239749],[148.648395,-34.234098],[148.645927,-34.226313],[148.646816,-34.219585],[148.639325,-34.209029],[148.639322,-34.203419],[148.637667,-34.201843],[148.639727,-34.191139],[148.635776,-34.190572],[148.637209,-34.182941],[148.621345,-34.180966],[148.623227,-34.170549],[148.643315,-34.173061],[148.646055,-34.158886],[148.650244,-34.159455],[148.64747,-34.152303],[148.636239,-34.146204],[148.638421,-34.135285],[148.636918,-34.132945],[148.639355,-34.129568],[148.640911,-34.122401],[148.644862,-34.121679],[148.641949,-34.117538],[148.642699,-34.114031],[148.6407,-34.106448],[148.645477,-34.10725],[148.652185,-34.104421],[148.657543,-34.104621],[148.660417,-34.108169],[148.662874,-34.104871],[148.661493,-34.099385],[148.664574,-34.096758],[148.670473,-34.097246],[148.677137,-34.094223],[148.676053,-34.090549],[148.678966,-34.087271],[148.686901,-34.08213],[148.691121,-34.082889],[148.702353,-34.080325],[148.709251,-34.082028],[148.718179,-34.074003],[148.723502,-34.077804],[148.730955,-34.078698],[148.732223,-34.070052],[148.73922,-34.06989],[148.741793,-34.058146],[148.747691,-34.058888],[148.748025,-34.051823],[148.753191,-34.049515],[148.758879,-34.04894],[148.759101,-34.043659],[148.763135,-34.038251],[148.757375,-34.034334],[148.751755,-34.024396],[148.743717,-34.020724],[148.746214,-34.008019],[148.753714,-34.008953],[148.755159,-34.001026],[148.765323,-34.000588],[148.761864,-33.994885],[148.76584,-33.992361],[148.767696,-33.987328],[148.767364,-33.981956],[148.771101,-33.980906],[148.77555,-33.984322],[148.785451,-33.982508],[148.791016,-33.984653],[148.794615,-33.983616],[148.799235,-33.984887],[148.803995,-33.983898],[148.807928,-33.963928],[148.821514,-33.965832],[148.824669,-33.958953],[148.828955,-33.959581],[148.831737,-33.945283],[148.83478,-33.947159],[148.845268,-33.95101],[148.851359,-33.95185],[148.870473,-33.946538],[148.881073,-33.948019],[148.884141,-33.946849],[148.887426,-33.939191],[148.891223,-33.940383],[148.892056,-33.945389],[148.887968,-33.953657],[148.888211,-33.960481],[148.891,-33.96474],[148.898857,-33.968436],[148.90331,-33.974148],[148.907816,-33.975395],[148.916042,-33.970548],[148.920757,-33.973353],[148.928353,-33.981549],[148.934528,-33.982034],[148.940427,-33.978286],[148.93955,-33.972562],[148.942445,-33.969352],[148.956707,-33.971213],[148.966308,-33.970116],[148.968066,-33.967885],[148.969158,-33.958441],[148.973888,-33.952623],[148.97983,-33.951496],[148.980787,-33.94873],[148.977859,-33.942387],[148.97837,-33.932499],[148.979466,-33.925907],[148.98282,-33.924184],[148.996347,-33.926659],[148.999519,-33.928672],[149.016331,-33.934133],[149.025106,-33.93214],[149.02457,-33.91886],[149.033464,-33.911237],[149.04192,-33.910595],[149.050389,-33.913175],[149.054939,-33.90845],[149.054739,-33.902746],[149.066226,-33.892356],[149.072121,-33.892152],[149.074258,-33.895246],[149.069935,-33.898807],[149.078711,-33.9062],[149.079047,-33.910897],[149.082078,-33.91288],[149.092719,-33.910798],[149.096735,-33.907665],[149.097699,-33.900384],[149.10498,-33.899757],[149.104781,-33.894266],[149.116828,-33.894006],[149.119836,-33.887828]]]},"bbox":[146.0703,-35.57586,149.257771,-32.368952]},
{"properties":{"electorateShortName":"robertson","electorateName":"Robertson","area":980.031041,"state":"NSW"},"type":"Feature","geometry":{"type":"Polygon","coordinates":[[[151.3352,-33.5822],[151.330518,-33.582194],[151.326445,-33.588515],[151.325275,-33.597025],[151.326997,-33.599985],[151.336072,-33.604632],[151.332616,-33.60826],[151.331783,-33.612771],[151.33358,-33.616319],[151.339057,-33.617308],[151.343021,-33.624508],[151.340258,-33.626073],[151.34014,-33.633376],[151.334764,-33.633481],[151.331914,-33.636464],[151.33433,-33.643854],[151.329688,-33.643848],[151.323662,-33.65308],[151.323549,-33.657545],[151.326096,-33.662427],[151.319113,-33.667793],[151.31844440864546,-33.67024218496193],[151.32350739271487,-33.67143722841323],[151.3417397044234,-33.67196208701927],[151.35970340974862,-33.66880013227871],[151.37666068239054,-33.662081235692185],[151.39191503342857,-33.65208136363292],[151.4048399183285,-33.63921124253338],[151.41490447111187,-33.6239994890492],[151.41748483634302,-33.6175670060292],[151.42026450041848,-33.61740090785588],[151.43957783912325,-33.61177027890689],[151.4498469926356,-33.607373802957774],[151.46672031455105,-33.59840127014504],[151.48131878161422,-33.586068383340056],[151.4865227816142,-33.580625383340056],[151.49661291230015,-33.567964765729485],[151.5008268901929,-33.5601166683565],[151.50725144901622,-33.554969145719674],[151.51880762164112,-33.541089162815915],[151.52665281858478,-33.52763053923349],[151.5331249805535,-33.51187528501679],[151.53651287804976,-33.495182799685445],[151.53664128398967,-33.48318542450082],[151.5368633263755,-33.48273557252156],[151.54145584430685,-33.4653837125047],[151.542363675091,-33.443801585899884],[151.5391090308684,-33.41991651070123],[151.5357878919052,-33.40341921875969],[151.52945364364132,-33.387828583610684],[151.52032774281764,-33.37368968197111],[151.50872924738218,-33.36149683533666],[151.50177690858033,-33.35588827583829],[151.499447,-33.364883],[151.489404,-33.371634],[151.48608,-33.37907],[151.488672,-33.381832],[151.483409,-33.384339],[151.487178,-33.390914],[151.484475,-33.394819],[151.485003,-33.398629],[151.479228,-33.402519],[151.4764,-33.40752],[151.468196,-33.410269],[151.45963,-33.419528],[151.449605,-33.429352],[151.445688,-33.425939],[151.438677,-33.422679],[151.427531,-33.424141],[151.420909,-33.426961],[151.414406,-33.427199],[151.41098,-33.425376],[151.405028,-33.424945],[151.39507,-33.427578],[151.390708,-33.422519],[151.38581,-33.42299],[151.379307,-33.418728],[151.377719,-33.419961],[151.370119,-33.418727],[151.363073,-33.414984],[151.34508,-33.412419],[151.348734,-33.408066],[151.348346,-33.404232],[151.343612,-33.399409],[151.343542,-33.395501],[151.350671,-33.389574],[151.354362,-33.383311],[151.358641,-33.382049],[151.365867,-33.383223],[151.371765,-33.38088],[151.374883,-33.377343],[151.376638,-33.371292],[151.366269,-33.369596],[151.329939,-33.364503],[151.325034,-33.366797],[151.321805,-33.365557],[151.312153,-33.364762],[151.302593,-33.36238],[151.299982,-33.360495],[151.299425,-33.356064],[151.295728,-33.351467],[151.290931,-33.350176],[151.293104,-33.339319],[151.300129,-33.340321],[151.302527,-33.328444],[151.298491,-33.32784],[151.300126,-33.319908],[151.296322,-33.322193],[151.279948,-33.319933],[151.281261,-33.313005],[151.263872,-33.310595],[151.266561,-33.296632],[151.250464,-33.294355],[151.251492,-33.289008],[151.247133,-33.286869],[151.236333,-33.285381],[151.239042,-33.271337],[151.232467,-33.270269],[151.233442,-33.265118],[151.226105,-33.264112],[151.228891,-33.249994],[151.216733,-33.248361],[151.216628,-33.23361],[151.221683,-33.226976],[151.22353,-33.219062],[151.213221,-33.217578],[151.204118,-33.211376],[151.199234,-33.199734],[151.199595,-33.195676],[151.203362,-33.186523],[151.208877,-33.179991],[151.208732,-33.175856],[151.206505,-33.172218],[151.20214,-33.16857],[151.201141,-33.165191],[151.20323,-33.161335],[151.201548,-33.15766],[151.206571,-33.155911],[151.208787,-33.152269],[151.204188,-33.147347],[151.202438,-33.138989],[151.195537,-33.137134],[151.191959,-33.134131],[151.186027,-33.133735],[151.177624,-33.129429],[151.172299,-33.128284],[151.163569,-33.124715],[151.160655,-33.121217],[151.15557,-33.118289],[151.15061,-33.113168],[151.135811,-33.10996],[151.125588,-33.115146],[151.123355,-33.119021],[151.120174,-33.120718],[151.116777,-33.12498],[151.107597,-33.128015],[151.101014,-33.136573],[151.099671,-33.144458],[151.10582,-33.151514],[151.100964,-33.162629],[151.101794,-33.167869],[151.100573,-33.171098],[151.10106,-33.177376],[151.104181,-33.181218],[151.09996,-33.183887],[151.096711,-33.193462],[151.100444,-33.19573],[151.098285,-33.202588],[151.098984,-33.210773],[151.098677,-33.22073],[151.102418,-33.222111],[151.104195,-33.227219],[151.106299,-33.22835],[151.105924,-33.23422],[151.100336,-33.241632],[151.098506,-33.249942],[151.099663,-33.25323],[151.098213,-33.257092],[151.089995,-33.268492],[151.089704,-33.275108],[151.091452,-33.277828],[151.089746,-33.280698],[151.093673,-33.284478],[151.093315,-33.289721],[151.095267,-33.291534],[151.09362,-33.295858],[151.095188,-33.303085],[151.093515,-33.312192],[151.090411,-33.315679],[151.086442,-33.316888],[151.086536,-33.319888],[151.090015,-33.324428],[151.088058,-33.32774],[151.081096,-33.334326],[151.078149,-33.335507],[151.069965,-33.332963],[151.065826,-33.335163],[151.066758,-33.339794],[151.064369,-33.341887],[151.056441,-33.343103],[151.051469,-33.34089],[151.031244,-33.350785],[151.024278,-33.349771],[151.018358,-33.3536],[151.015163,-33.353517],[151.012378,-33.349201],[151.003929,-33.349861],[150.999641,-33.351156],[150.998656,-33.35499],[150.992446,-33.364117],[150.9876,-33.364468],[150.986909,-33.3686],[150.984146,-33.371598],[150.98469,-33.374556],[150.988458,-33.379232],[150.990938,-33.381194],[150.993104,-33.387957],[150.993367,-33.397455],[150.994807,-33.399384],[151.0026,-33.401579],[151.01766,-33.400094],[151.02323,-33.400977],[151.029563,-33.403616],[151.032748,-33.406351],[151.033423,-33.412649],[151.030911,-33.421797],[151.03233,-33.427343],[151.035715,-33.429243],[151.043029,-33.429271],[151.045882,-33.431075],[151.048447,-33.437733],[151.05257,-33.44112],[151.062181,-33.442013],[151.064324,-33.446195],[151.063987,-33.454504],[151.067796,-33.459646],[151.071362,-33.461391],[151.076048,-33.459821],[151.076882,-33.45742],[151.074544,-33.449394],[151.077458,-33.446536],[151.080265,-33.447383],[151.08229,-33.451135],[151.086202,-33.469627],[151.089369,-33.476673],[151.093559,-33.48074],[151.097586,-33.482275],[151.103296,-33.482514],[151.105872,-33.480094],[151.108483,-33.473935],[151.114089,-33.467592],[151.12117,-33.463885],[151.124807,-33.464472],[151.138876,-33.472571],[151.145295,-33.472193],[151.151518,-33.463303],[151.156365,-33.461077],[151.159765,-33.461456],[151.162647,-33.46442],[151.161672,-33.468899],[151.155206,-33.476392],[151.151061,-33.482338],[151.149505,-33.487558],[151.150473,-33.490606],[151.157741,-33.496559],[151.157967,-33.508276],[151.158792,-33.517262],[151.162496,-33.523123],[151.16873,-33.521295],[151.174245,-33.509632],[151.17654,-33.506317],[151.180962,-33.504047],[151.184075,-33.505798],[151.186379,-33.510212],[151.187383,-33.518973],[151.190837,-33.531666],[151.194585,-33.538259],[151.207769,-33.540864],[151.225132,-33.536305],[151.2305,-33.535448],[151.24238,-33.535399],[151.246473,-33.53721],[151.24875,-33.541251],[151.247478,-33.5453],[151.242372,-33.552665],[151.239819,-33.560895],[151.241995,-33.567258],[151.251151,-33.577001],[151.260413,-33.579351],[151.267694,-33.57945],[151.273471,-33.57736],[151.279568,-33.571875],[151.284798,-33.572214],[151.289405,-33.573637],[151.2919,-33.572015],[151.302304,-33.573509],[151.30875,-33.57598],[151.310802,-33.579452],[151.322677,-33.579818],[151.328127,-33.578163],[151.3352,-33.5822]]]},"bbox":[150.984146,-33.67196208701927,151.542363675091,-33.10996]},
{"properties":{"electorateShortName":"shortland","electorateName":"Shortland","area":264.714471,"state":"NSW"},"type":"Feature","geometry":{"type":"Polygon","coordinates":[[[151.51218,-33.194307],[151.519071,-33.195038],[151.5227,-33.199574],[151.520224,-33.203425],[151.516367,-33.205833],[151.514558,-33.211862],[151.508896,-33.216175],[151.513245,-33.220786],[151.527986,-33.244476],[151.538012,-33.245949],[151.549461,-33.240454],[151.565085,-33.247326],[151.561813,-33.262433],[151.563591,-33.271727],[151.567402,-33.276246],[151.567509,-33.278539],[151.57654,-33.27939],[151.579025,-33.282227],[151.571714,-33.285655],[151.570336,-33.289529],[151.56418,-33.291816],[151.562559,-33.294352],[151.55034,-33.299767],[151.527994,-33.312872],[151.509143,-33.331355],[151.51490381389783,-33.333520126177916],[151.52492981389784,-33.33499312617792],[151.54268192822613,-33.335827761508845],[151.5472985575827,-33.33512622770799],[151.560183872789,-33.337192450647954],[151.57893925812502,-33.33625327102417],[151.59709147603428,-33.3314424995222],[151.6138502404929,-33.32296958082264],[151.6284859317159,-33.31120339707877],[151.64036136132876,-33.29665620803831],[151.64271985142415,-33.29305722559588],[151.6521667074738,-33.28458536396651],[151.6584718374237,-33.2819573530414],[151.66057889142596,-33.28075984181096],[151.6762907377645,-33.27208272868098],[151.6899682888789,-33.26046037938529],[151.70106755916697,-33.24635503973288],[151.70755021970126,-33.23349544082719],[151.71207015052883,-33.228183867083274],[151.72038839357737,-33.21359397132141],[151.725851114194,-33.197712632926255],[151.72826808950404,-33.18109287191392],[151.7279428384828,-33.17124786835741],[151.73746145272872,-33.15310091700425],[151.73840043059585,-33.149754576220175],[151.7450776281716,-33.14280357529627],[151.75441922220196,-33.128350787013495],[151.76083917550434,-33.112384175983905],[151.76410263161327,-33.09529816994566],[151.7695077970694,-33.0929305161686],[151.78342034596463,-33.08340227968791],[151.79818332088874,-33.067958066970306],[151.8104853931804,-33.048326153225936],[151.8126963931804,-33.043514153225935],[151.81900011175117,-33.024409309022644],[151.82006575226737,-33.01319078558381],[151.820432775838,-33.011765756673164],[151.82109685509607,-33.0013723227667],[151.8254639160489,-32.98823918500551],[151.82768717579825,-32.9711847960916],[151.82786317579823,-32.9660007960916],[151.8268807909079,-32.94934229316257],[151.82283984120784,-32.93315150796139],[151.81587925095675,-32.917985065291276],[151.8062383190602,-32.904364373969784],[151.79429179331984,-32.89279961863278],[151.788615,-32.902716],[151.788315,-32.909339],[151.791413,-32.915383],[151.798978,-32.912764],[151.803324,-32.915471],[151.792983,-32.922815],[151.791215,-32.927638],[151.783961,-32.931765],[151.779388,-32.937162],[151.771558,-32.939154],[151.75872,-32.947187],[151.753763,-32.953028],[151.745797,-32.956695],[151.737915,-32.962947],[151.728116,-32.959393],[151.729059,-32.955082],[151.684586,-32.948435],[151.68689,-32.944037],[151.684951,-32.938301],[151.671396,-32.935354],[151.668522,-32.930162],[151.662412,-32.929851],[151.655583,-32.933828],[151.657289,-32.936173],[151.65104,-32.938052],[151.635865,-32.936698],[151.632971,-32.937274],[151.621115,-32.945212],[151.616506,-32.950851],[151.614129,-32.955406],[151.614,-32.962703],[151.615194,-32.966738],[151.623513,-32.972504],[151.630547,-32.979726],[151.630643,-32.981747],[151.624284,-32.991715],[151.623898,-32.995869],[151.628266,-33.00341],[151.62711,-33.006103],[151.621457,-33.009874],[151.618502,-33.013429],[151.618888,-33.019786],[151.622999,-33.029697],[151.633277,-33.041009],[151.63212,-33.051244],[151.621714,-33.065788],[151.6221,-33.081948],[151.613877,-33.090566],[151.60861,-33.090782],[151.601801,-33.088735],[151.597819,-33.084426],[151.589725,-33.081409],[151.581631,-33.083671],[151.575208,-33.090243],[151.573409,-33.096599],[151.572381,-33.10511],[151.575336,-33.114483],[151.572767,-33.122132],[151.565572,-33.124933],[151.555294,-33.126872],[151.544567,-33.131917],[151.532684,-33.140792],[151.531013,-33.144073],[151.53217,-33.150205],[151.530435,-33.154347],[151.526221,-33.157532],[151.529271,-33.164614],[151.5297,-33.169509],[151.526168,-33.174493],[151.527571,-33.180086],[151.51551,-33.18395],[151.51218,-33.194307]]]},"bbox":[151.508896,-33.337192450647954,151.82786317579823,-32.89279961863278]},
{"properties":{"electorateShortName":"sydney","electorateName":"Sydney","area":43.987546,"state":"NSW"},"type":"Feature","geometry":{"type":"MultiPolygon","coordinates":[[[[151.179039,-33.920542],[151.180834,-33.919165],[151.211162,-33.923502],[151.211284,-33.919806],[151.215031,-33.900896],[151.218198,-33.885041],[151.216993,-33.880587],[151.22137,-33.881371],[151.229422,-33.876931],[151.224443,-33.875994],[151.225734,-33.868378],[151.228845,-33.866495],[151.228883,-33.861091],[151.230842,-33.85917],[151.22665,-33.854461],[151.195942,-33.849776],[151.194129,-33.853752],[151.197663,-33.856925],[151.198189,-33.86109],[151.193246,-33.861],[151.188947,-33.864133],[151.185222,-33.869707],[151.17558,-33.871593],[151.174994,-33.875612],[151.176844,-33.878278],[151.175265,-33.883008],[151.17654,-33.886821],[151.173136,-33.887914],[151.171947,-33.894771],[151.176072,-33.897513],[151.181554,-33.906851],[151.181261,-33.915908],[151.176697,-33.917844],[151.179039,-33.920542]]],[[[158.94976394558378,-31.496391718459954],[158.94782181703312,-31.50409042570681],[158.94710125113576,-31.522822122904444],[158.95027661142998,-31.541296775326565],[158.95183361143,-31.546824775326563],[158.95818029116379,-31.56310283993674],[158.96755249645068,-31.577847923834657],[158.97714120218023,-31.58792375846292],[158.9776506028357,-31.599764563717297],[158.98132027006153,-31.617926024002426],[158.9855775216217,-31.630106332890694],[158.99383193757268,-31.645584695711328],[159.00493207473266,-31.659167849002365],[159.01845624423785,-31.670339775313174],[159.0245876896778,-31.673950884485627],[159.04020738396278,-31.681766134341068],[159.05704245511657,-31.68641730184045],[159.0744588798525,-31.687729220007785],[159.0939207406071,-31.685186480874396],[159.11086783305893,-31.67965351187525],[159.12639185431473,-31.670888670030337],[159.13988369220755,-31.65923585926254],[159.14894796523552,-31.650181624805377],[159.1518356685067,-31.646203023366898],[159.160543553505,-31.63962927350128],[159.172145406949,-31.62668331082874],[159.1798514278346,-31.613746940576956],[159.18447625185027,-31.60693930457082],[159.19134432027892,-31.590733558002533],[159.19492692629612,-31.573500986519978],[159.19500247844095,-31.56519640967148],[159.19676447033785,-31.560078598753687],[159.19915021980623,-31.542720911903622],[159.19812767493156,-31.525229900060676],[159.19373558904016,-31.508268453340733],[159.18614041735788,-31.492479391923816],[159.1756300085398,-31.478461103876118],[159.16260269552308,-31.466744866900257],[159.1543270343274,-31.461812541174893],[159.15339422058878,-31.45884297780166],[159.14504715425417,-31.443513277219637],[159.1338979910787,-31.430083109803842],[159.12036609546084,-31.41905763760008],[159.10496045584887,-31.41085157249704],[159.08826053965987,-31.405773577261694],[159.07089449720397,-31.404014655504216],[159.05351553445118,-31.40564096727205],[159.0367773433553,-31.410591340507224],[159.02130951389805,-31.4186795719709],[159.01001808918735,-31.426860817448684],[159.0070147942273,-31.427643313143612],[158.9914381102521,-31.43511241639771],[158.97757538796213,-31.445419963040663],[158.9659373584346,-31.45818620194647],[158.9569527905094,-31.472940798731283],[158.95095269406747,-31.489140163835266],[158.94976394558378,-31.496391718459954]]],[[[151.297149,-33.799331],[151.29386659402525,-33.794611777050626],[151.28843543675487,-33.78948239679102],[151.288071,-33.79454],[151.290332,-33.799121],[151.29413,-33.800895],[151.297149,-33.799331]]],[[[151.24988,-34.001238],[151.23932131695716,-34.01035408253575],[151.2474620818981,-34.007986963552334],[151.26262907179498,-34.00023461349151],[151.27606380085436,-33.98976348322305],[151.28728504618047,-33.976948641541256],[151.29589087036567,-33.96224910739588],[151.30157301861627,-33.94619140814423],[151.30412796023032,-33.929350719697894],[151.30403992054005,-33.9270932357397],[151.3122664106789,-33.91209921888107],[151.31761455557833,-33.89487739631135],[151.3205535668928,-33.86695546691169],[151.3202868042313,-33.84891983030638],[151.31592874660578,-33.82979604923934],[151.31591974660577,-33.829770049239336],[151.30922165549023,-33.814924846909456],[151.30598638233494,-33.81039749917874],[151.301061,-33.818464],[151.301529,-33.823317],[151.290672,-33.828322],[151.280955,-33.832769],[151.287848,-33.850202],[151.286273,-33.852492],[151.286331,-33.857691],[151.282829,-33.862556],[151.28462,-33.873529],[151.282691,-33.877446],[151.285816,-33.885969],[151.285699,-33.891955],[151.282233,-33.890967],[151.274326,-33.893627],[151.27637,-33.898681],[151.270437,-33.90047],[151.268401,-33.90374],[151.271398,-33.914235],[151.266539,-33.913935],[151.261402,-33.914886],[151.262888,-33.917735],[151.257682,-33.922042],[151.261377,-33.927516],[151.259779,-33.929651],[151.261772,-33.935191],[151.25946,-33.937314],[151.265693,-33.941447],[151.261745,-33.945022],[151.258558,-33.945658],[151.256967,-33.951596],[151.265739,-33.958847],[151.262961,-33.961215],[151.265965,-33.96803],[151.260411,-33.967842],[151.256485,-33.964933],[151.251886,-33.964671],[151.257516,-33.971637],[151.258952,-33.975768],[151.251185,-33.978936],[151.254113,-33.983334],[151.252027,-33.98647],[151.253132,-33.991321],[151.249186,-33.998521],[151.24988,-34.001238]]]]},"bbox":[151.171947,-34.01035408253575,159.19915021980623,-31.404014655504216]},
{"properties":{"electorateShortName":"warringah","electorateName":"Warringah","area":68.22812,"state":"NSW"},"type":"Feature","geometry":{"type":"Polygon","coordinates":[[[151.290672,-33.828322],[151.280955,-33.832769],[151.287848,-33.850202],[151.286273,-33.852492],[151.286331,-33.857691],[151.282829,-33.862556],[151.28462,-33.873529],[151.282691,-33.877446],[151.285816,-33.885969],[151.285699,-33.891955],[151.282233,-33.890967],[151.274326,-33.893627],[151.27637,-33.898681],[151.270437,-33.90047],[151.268401,-33.90374],[151.271398,-33.914235],[151.266539,-33.913935],[151.261402,-33.914886],[151.262888,-33.917735],[151.257682,-33.922042],[151.261377,-33.927516],[151.259779,-33.929651],[151.261772,-33.935191],[151.25946,-33.937314],[151.265693,-33.941447],[151.261745,-33.945022],[151.258558,-33.945658],[151.2582523218866,-33.946798865265464],[151.27231781728764,-33.94462457355239],[151.28762917083318,-33.939317181876376],[151.3017405717338,-33.931350104719655],[151.31419452148418,-33.92098163861258],[151.3233577889999,-33.911836224930354],[151.33920747267004,-33.90505030225344],[151.35511672776147,-33.895624367766786],[151.36876370323563,-33.8831458783182],[151.3795722732566,-33.868141630499245],[151.3870861391778,-33.8512450492643],[151.38792710256416,-33.84734932904932],[151.39218193210138,-33.83850468046274],[151.39659770020737,-33.82112411356871],[151.39747991702387,-33.80321308883497],[151.39479355711504,-33.785482702940584],[151.391926154766,-33.77762624229919],[151.39219913197186,-33.76052519922553],[151.39152213197187,-33.752591199225535],[151.3876328207775,-33.73302233644869],[151.379527692599,-33.71479120842118],[151.36798289516983,-33.697951468402046],[151.35635424934085,-33.68665657929971],[151.34288803995602,-33.677630997409686],[151.32802117057065,-33.67116755263712],[151.32752917057067,-33.67100455263712],[151.31879460807517,-33.668959333828575],[151.318151,-33.671317],[151.320384,-33.674968],[151.316188,-33.67593],[151.313098,-33.680309],[151.308813,-33.689414],[151.308949,-33.692078],[151.315268,-33.696384],[151.310706,-33.697815],[151.308767,-33.700713],[151.310237,-33.703814],[151.306235,-33.705297],[151.300203,-33.718072],[151.299895,-33.72561],[151.302516,-33.732569],[151.305268,-33.734037],[151.30748,-33.738554],[151.312757,-33.738467],[151.317705,-33.74201],[151.307883,-33.744221],[151.30129,-33.748421],[151.297485,-33.753217],[151.299717,-33.756601],[151.284494,-33.754431],[151.28048,-33.758586],[151.274556,-33.755306],[151.266866,-33.754371],[151.263439,-33.755157],[151.258469,-33.7533],[151.247201,-33.751709],[151.239887,-33.753112],[151.227126,-33.751393],[151.221316,-33.755477],[151.218316,-33.760127],[151.209219,-33.76019],[151.204514,-33.765689],[151.205658,-33.769778],[151.203599,-33.773133],[151.212466,-33.778566],[151.213645,-33.782764],[151.222669,-33.785059],[151.230941,-33.784287],[151.234942,-33.788918],[151.232938,-33.792589],[151.234281,-33.798376],[151.233018,-33.804093],[151.235228,-33.806873],[151.233208,-33.811542],[151.234028,-33.814165],[151.230912,-33.827778],[151.223163,-33.831551],[151.218518,-33.830068],[151.213501,-33.837705],[151.22028,-33.84388],[151.22665,-33.854461],[151.250617,-33.85728],[151.268491,-33.838962],[151.275665,-33.82916],[151.281141,-33.823585],[151.290672,-33.828322]]]},"bbox":[151.203599,-33.946798865265464,151.39747991702387,-33.668959333828575]},
{"properties":{"electorateShortName":"watson","electorateName":"Watson","area":47.483262,"state":"NSW"},"type":"Feature","geometry":{"type":"Polygon","coordinates":[[[151.119054,-33.9122],[151.12595,-33.907561],[151.13201,-33.900908],[151.132299,-33.88981],[151.127833,-33.890198],[151.122645,-33.887694],[151.117504,-33.888516],[151.112628,-33.886648],[151.105872,-33.886996],[151.103286,-33.888345],[151.093419,-33.88594],[151.087733,-33.892706],[151.080842,-33.891017],[151.068769,-33.885839],[151.069108,-33.883052],[151.065551,-33.872251],[151.061723,-33.867594],[151.056972,-33.864481],[151.048135,-33.864406],[151.042403,-33.86282],[151.041217,-33.867203],[151.042473,-33.870255],[151.036703,-33.902488],[151.03962,-33.904935],[151.042239,-33.913377],[151.038127,-33.925233],[151.038737,-33.928568],[151.035641,-33.940462],[151.060683,-33.94352],[151.076976,-33.943251],[151.085254,-33.940361],[151.095719,-33.940053],[151.100666,-33.938766],[151.098558,-33.929307],[151.094878,-33.922206],[151.119054,-33.9122]]]},"bbox":[151.035641,-33.94352,151.132299,-33.86282]},
{"properties":{"electorateShortName":"wentworth","electorateName":"Wentworth","area":37.652063,"state":"NSW"},"type":"Feature","geometry":{"type":"Polygon","coordinates":[[[151.266539,-33.913935],[151.261402,-33.914886],[151.262888,-33.917735],[151.257682,-33.922042],[151.261377,-33.927516],[151.259779,-33.929651],[151.261772,-33.935191],[151.25946,-33.937314],[151.265693,-33.941447],[151.261745,-33.945022],[151.258558,-33.945658],[151.256967,-33.951596],[151.265739,-33.958847],[151.262961,-33.961215],[151.265965,-33.96803],[151.260411,-33.967842],[151.256485,-33.964933],[151.251886,-33.964671],[151.257516,-33.971637],[151.258952,-33.975768],[151.251185,-33.978936],[151.254113,-33.983334],[151.252027,-33.98647],[151.253132,-33.991321],[151.249186,-33.998521],[151.24988,-34.001238],[151.2488939600829,-34.00208932030494],[151.2616304888269,-34.00388472135196],[151.26732348882692,-34.004142721351954],[151.28432543326136,-34.00330172481501],[151.30086490533077,-33.99927441139394],[151.3163502138147,-33.992204856182745],[151.33022737966002,-33.98234596893173],[151.34199995430043,-33.97005044632949],[151.3512467798521,-33.95575815445787],[151.35317024405288,-33.95100907009229],[151.35585410134811,-33.94833107431202],[151.366431461054,-33.93173275423734],[151.37314776820836,-33.9132320519302],[151.3756818135413,-33.893713768657854],[151.3757988135413,-33.887727768657854],[151.37474376132036,-33.873340490800466],[151.37585442808717,-33.8690399567719],[151.3778377824309,-33.851558118741394],[151.37948170681548,-33.84291089904517],[151.38062318108362,-33.82535804627908],[151.37832868010616,-33.807918411277235],[151.3726858497423,-33.791258157100955],[151.36391023608292,-33.776013675849235],[151.3523370519727,-33.762767279611595],[151.3384083724755,-33.752024957181284],[151.3325793724755,-33.74837795718128],[151.317705,-33.74201],[151.307883,-33.744221],[151.30129,-33.748421],[151.297485,-33.753217],[151.299717,-33.756601],[151.301848,-33.760243],[151.302525,-33.768177],[151.298518,-33.767561],[151.29314,-33.773274],[151.295954,-33.781772],[151.289885,-33.782404],[151.291345,-33.785715],[151.288595,-33.787268],[151.288071,-33.79454],[151.290332,-33.799121],[151.29413,-33.800895],[151.297149,-33.799331],[151.30214,-33.802652],[151.303564,-33.806415],[151.307595,-33.807763],[151.301061,-33.818464],[151.301529,-33.823317],[151.290672,-33.828322],[151.281141,-33.823585],[151.275665,-33.82916],[151.268491,-33.838962],[151.250617,-33.85728],[151.22665,-33.854461],[151.230842,-33.85917],[151.228883,-33.861091],[151.228845,-33.866495],[151.225734,-33.868378],[151.224443,-33.875994],[151.229422,-33.876931],[151.22137,-33.881371],[151.216993,-33.880587],[151.218198,-33.885041],[151.215031,-33.900896],[151.222841,-33.901398],[151.231002,-33.906214],[151.247664,-33.90835],[151.25314,-33.911339],[151.266539,-33.913935]]]},"bbox":[151.215031,-34.004142721351954,151.38062318108362,-33.74201]},
{"properties":{"electorateShortName":"werriwa","electorateName":"Werriwa","area":171.618108,"state":"NSW"},"type":"Feature","geometry":{"type":"Polygon","coordinates":[[[150.918927,-33.939096],[150.910119,-33.937635],[150.904291,-33.938185],[150.906407,-33.92742],[150.90002,-33.92656],[150.901259,-33.921874],[150.905114,-33.921293],[150.904129,-33.915252],[150.900437,-33.910452],[150.894981,-33.898969],[150.888631,-33.89274],[150.881878,-33.888583],[150.875316,-33.887385],[150.865039,-33.883457],[150.852466,-33.883538],[150.843477,-33.877197],[150.840236,-33.874883],[150.827896,-33.875988],[150.821907,-33.880246],[150.814645,-33.879529],[150.809075,-33.880527],[150.793829,-33.880744],[150.787282,-33.879868],[150.780965,-33.877507],[150.767908,-33.875728],[150.720908,-33.869416],[150.721313,-33.88256],[150.723427,-33.884988],[150.716249,-33.890416],[150.715087,-33.89792],[150.713543,-33.898289],[150.71223,-33.905219],[150.704974,-33.904262],[150.704789,-33.913048],[150.713746,-33.918749],[150.717315,-33.922383],[150.726542,-33.929623],[150.731767,-33.939866],[150.751164,-33.941355],[150.757521,-33.943755],[150.813046,-33.951229],[150.822614,-33.951998],[150.821735,-33.956644],[150.815099,-33.967756],[150.820741,-33.975709],[150.826334,-33.973542],[150.829398,-33.974211],[150.834173,-33.979643],[150.844454,-33.984479],[150.844836,-33.99334],[150.838883,-34.003277],[150.85222,-33.996489],[150.859521,-33.989182],[150.866289,-33.986657],[150.868335,-33.989648],[150.888529,-34.005539],[150.892281,-34.00558],[150.893475,-34.013376],[150.89274,-34.018835],[150.896934,-34.020821],[150.905814,-34.018428],[150.902115,-34.011389],[150.901501,-34.007225],[150.904901,-34.004121],[150.910927,-34.001743],[150.908956,-33.997838],[150.90782,-33.990355],[150.911225,-33.978407],[150.913392,-33.963395],[150.912247,-33.953938],[150.91359,-33.949984],[150.918707,-33.944131],[150.918927,-33.939096]]]},"bbox":[150.704789,-34.020821,150.918927,-33.869416]},
{"properties":{"electorateShortName":"whitlam","electorateName":"Whitlam","area":1330.838738,"state":"NSW"},"type":"Feature","geometry":{"type":"Polygon","coordinates":[[[150.398433,-34.705382],[150.405418,-34.701217],[150.406826,-34.702856],[150.412497,-34.700494],[150.424871,-34.697373],[150.428757,-34.692942],[150.441824,-34.690164],[150.451792,-34.691769],[150.458384,-34.687224],[150.460509,-34.683897],[150.469216,-34.678192],[150.498253,-34.681892],[150.50076,-34.68022],[150.500771,-34.675258],[150.504882,-34.673788],[150.501543,-34.67056],[150.504252,-34.666829],[150.508381,-34.66671],[150.514208,-34.6644],[150.517303,-34.665117],[150.518632,-34.660928],[150.53054,-34.656811],[150.538386,-34.662078],[150.541627,-34.656924],[150.541561,-34.652083],[150.546392,-34.644113],[150.548328,-34.650451],[150.551332,-34.650166],[150.551189,-34.645957],[150.554802,-34.641431],[150.565491,-34.655824],[150.567558,-34.672992],[150.562498,-34.68215],[150.564494,-34.683637],[150.563762,-34.689596],[150.568456,-34.69652],[150.577055,-34.695536],[150.579649,-34.693488],[150.579305,-34.679885],[150.576726,-34.675565],[150.576376,-34.669631],[150.582243,-34.666894],[150.582947,-34.661687],[150.590467,-34.658718],[150.592084,-34.653436],[150.591921,-34.648857],[150.594113,-34.647513],[150.603458,-34.651838],[150.61136,-34.646171],[150.618401,-34.644202],[150.623283,-34.644297],[150.625441,-34.640944],[150.632351,-34.633934],[150.632739,-34.628836],[150.642787,-34.624886],[150.654761,-34.624469],[150.663307,-34.619229],[150.666991,-34.619261],[150.666625,-34.611709],[150.668884,-34.609586],[150.673899,-34.609849],[150.682659,-34.608085],[150.688417,-34.608446],[150.693134,-34.607265],[150.693815,-34.603805],[150.698591,-34.602595],[150.700452,-34.604969],[150.758131,-34.613022],[150.759991,-34.605954],[150.766636,-34.606761],[150.768286,-34.598949],[150.790387,-34.602184],[150.788127,-34.613501],[150.795873,-34.614609],[150.793003,-34.628734],[150.799275,-34.629579],[150.796939,-34.641425],[150.803508,-34.643238],[150.814947,-34.640819],[150.832741,-34.6389],[150.835945,-34.632892],[150.842437,-34.631564],[150.848929,-34.634094],[150.850047,-34.628296],[150.846324,-34.621915],[150.838414,-34.615208],[150.849196,-34.614642],[150.858721,-34.628075],[150.860886,-34.627883],[150.861898,-34.632248],[150.857141,-34.636805],[150.855795,-34.642622],[150.857028,-34.646718],[150.859817,-34.648922],[150.863591,-34.647716],[150.863163,-34.653961],[150.857449,-34.654953],[150.854737,-34.662747],[150.857435,-34.667808],[150.864702,-34.671638],[150.858918,-34.672428],[150.858798,-34.675235],[150.855094,-34.676398],[150.855894,-34.681024],[150.859497,-34.681895],[150.858825,-34.686322],[150.854428,-34.690163],[150.857168,-34.695089],[150.851956,-34.697455],[150.856019,-34.700538],[150.849982,-34.703602],[150.852583,-34.706574],[150.849763,-34.708414],[150.851534,-34.71377],[150.846216,-34.716981],[150.84809,-34.720719],[150.846035,-34.725446],[150.8480896894389,-34.727658291908824],[150.85787013703717,-34.72590105806621],[150.8727518361727,-34.72244260939803],[150.8871367841526,-34.71662261250747],[150.89892154132318,-34.70928185653836],[150.90560428872675,-34.706187662845466],[150.91773019253603,-34.69777409653013],[150.92831797321927,-34.6874918525368],[150.93052347482617,-34.684520884729885],[150.9457057587052,-34.67816498033894],[150.96026994389834,-34.6683762915806],[150.97265779875505,-34.65594749558111],[150.97927998730765,-34.64698170735495],[150.9873637341743,-34.63198667521888],[150.99247715330316,-34.615737032238854],[150.9944370466992,-34.59881495287366],[150.99317319744267,-34.58182670289838],[150.9887308853442,-34.56538091877644],[150.98679549987628,-34.56140876308465],[150.9825749265571,-34.55119322407827],[150.97691776137816,-34.542749281380736],[150.9803786874579,-34.53646452809042],[150.98564175488636,-34.520224590404105],[150.98774358398202,-34.50328299162285],[150.98660855159446,-34.4862492851474],[150.98227749583225,-34.46973633838441],[150.97490624672088,-34.4543382819697],[150.96476001948716,-34.440609133134686],[150.95956042149595,-34.435538626467974],[150.95460541964925,-34.42379793245467],[150.94573117334355,-34.41024195609816],[150.93457020613604,-34.39849676331701],[150.92148423910757,-34.388943009635746],[150.916523,-34.386118],[150.911563,-34.388634],[150.903812,-34.401143],[150.902049,-34.408038],[150.903085,-34.411056],[150.902211,-34.417201],[150.910776,-34.42216],[150.907179,-34.423381],[150.902981,-34.431233],[150.899948,-34.44525],[150.901876,-34.46205],[150.913644,-34.4648],[150.913061,-34.474807],[150.915456,-34.47783],[150.913669,-34.481025],[150.918791,-34.493344],[150.909228,-34.49304],[150.89778,-34.500723],[150.896243,-34.499058],[150.88733,-34.497918],[150.886605,-34.491595],[150.879164,-34.492975],[150.873632,-34.492705],[150.865901,-34.489973],[150.86532,-34.485839],[150.867474,-34.484564],[150.868532,-34.478977],[150.873296,-34.47953],[150.875174,-34.466114],[150.869677,-34.46506],[150.864942,-34.459168],[150.850837,-34.450786],[150.841049,-34.459939],[150.836525,-34.462168],[150.827272,-34.463363],[150.821838,-34.461237],[150.814883,-34.461801],[150.804622,-34.455215],[150.803249,-34.452755],[150.798363,-34.450307],[150.792239,-34.44283],[150.787005,-34.445053],[150.78477,-34.448065],[150.769382,-34.450523],[150.766458,-34.449297],[150.760032,-34.449966],[150.755197,-34.454579],[150.751164,-34.455918],[150.747162,-34.461249],[150.742902,-34.459684],[150.734918,-34.460658],[150.727989,-34.456861],[150.717595,-34.45478],[150.716918,-34.449473],[150.711898,-34.449777],[150.70928,-34.447213],[150.701766,-34.443988],[150.689634,-34.441706],[150.745677,-34.337416],[150.634633,-34.319652],[150.628234,-34.329812],[150.621363,-34.331912],[150.615745,-34.337926],[150.604573,-34.335697],[150.603373,-34.342259],[150.59325,-34.352224],[150.59445,-34.361571],[150.590476,-34.366801],[150.584927,-34.36745],[150.579004,-34.369988],[150.57488,-34.368657],[150.569984,-34.377018],[150.570022,-34.380552],[150.557208,-34.384457],[150.546974,-34.381828],[150.538097,-34.382392],[150.535851,-34.378859],[150.532942,-34.380696],[150.530565,-34.385063],[150.530817,-34.392416],[150.533063,-34.395255],[150.53156,-34.402537],[150.529536,-34.406489],[150.523889,-34.409506],[150.519975,-34.410226],[150.516307,-34.407836],[150.506361,-34.405121],[150.501174,-34.412315],[150.493634,-34.417265],[150.476652,-34.422029],[150.471868,-34.424254],[150.464032,-34.429754],[150.455892,-34.432129],[150.432915,-34.433405],[150.426093,-34.435427],[150.415747,-34.440217],[150.404139,-34.443705],[150.382528,-34.447029],[150.374728,-34.449503],[150.367093,-34.453116],[150.355424,-34.461864],[150.348721,-34.465313],[150.333572,-34.469382],[150.329248,-34.471086],[150.32004,-34.476547],[150.314817,-34.481171],[150.312002,-34.487988],[150.309147,-34.508201],[150.306483,-34.512697],[150.297093,-34.51964],[150.265076,-34.55376],[150.258619,-34.559328],[150.254535,-34.566204],[150.252348,-34.580855],[150.248841,-34.588172],[150.238448,-34.598579],[150.228424,-34.607196],[150.232362,-34.609788],[150.251036,-34.611457],[150.251727,-34.607104],[150.248406,-34.606644],[150.249405,-34.601708],[150.2565,-34.602676],[150.257508,-34.597417],[150.285856,-34.60109],[150.287237,-34.593935],[150.289913,-34.59576],[150.305432,-34.603165],[150.308933,-34.598009],[150.313508,-34.600117],[150.31835,-34.598317],[150.332816,-34.603731],[150.333199,-34.602075],[150.328285,-34.596858],[150.329778,-34.594224],[150.33464,-34.59162],[150.340998,-34.592213],[150.357245,-34.59949],[150.365621,-34.605701],[150.370752,-34.606537],[150.376025,-34.609138],[150.380868,-34.613911],[150.377503,-34.616243],[150.375306,-34.620998],[150.379416,-34.628309],[150.384834,-34.630764],[150.388157,-34.62781],[150.399839,-34.632453],[150.408728,-34.628949],[150.409455,-34.631613],[150.407677,-34.636264],[150.403663,-34.640152],[150.408093,-34.645659],[150.407999,-34.650979],[150.412233,-34.655943],[150.416149,-34.662966],[150.415441,-34.671485],[150.40972,-34.67389],[150.405623,-34.680128],[150.397591,-34.686682],[150.394806,-34.691458],[150.397311,-34.695693],[150.394716,-34.702649],[150.398433,-34.705382]]]},"bbox":[150.228424,-34.727658291908824,150.9944370466992,-34.319652]}],"bbox":[140.999475,-37.594906123159106,159.19915021980623,-28.067029628257945]}