{"type":"FeatureCollection","features":[
{"properties":{"electorateShortName":"banks","electorateName":"Banks","area":49.47,"state":null},"type":"Feature","geometry":{"type":"Polygon","coordinates":[[[151.129671,-33.973631],[151.076976,-33.943251],[151.035641,-33.940462],[150.970677,-33.946946],[151.034708,-33.991575],[151.092083,-33.995127],[151.129671,-33.973631]]]},"bbox":[150.970677,-33.995127,151.129671,-33.940462]},
{"properties":{"electorateShortName":"barton","electorateName":"Barton","area":39.65,"state":null},"type":"Feature","geometry":{"type":"MultiPolygon","coordinates":[[[[151.17424,-33.924966],[151.119054,-33.9122],[151.076976,-33.943251],[151.129671,-33.973631],[151.154842,-33.966669],[151.17424,-33.924966]]],[[[151.25946,-33.937314],[151.26372833332346,-33.93454922487424],[151.26380860318437,-33.916164561276844],[151.261402,-33.914886],[151.257682,-33.922042],[151.25946,-33.937314]]],[[[151.158404,-34.058437],[151.2032,-34.040228],[151.185918,-34.034563],[151.158404,-34.058437]]]]},"bbox":[151.076976,-34.058437,151.26380860318437,-33.9122]},
{"properties":{"electorateShortName":"bennelong","electorateName":"Bennelong","area":58.76,"state":null},"type":"Feature","geometry":{"type":"Polygon","coordinates":[[[151.128305,-33.842931],[151.157106,-33.792709],[151.10009,-33.753523],[151.0476,-33.766489],[151.051103,-33.824238],[151.128305,-33.842931]]]},"bbox":[151.0476,-33.842931,151.157106,-33.753523]},
{"properties":{"electorateShortName":"berowra","electorateName":"Berowra","area":741.64,"state":null},"type":"Feature","geometry":{"type":"MultiPolygon","coordinates":[[[[151.284798,-33.572214],[151.2305,-33.535448],[151.158792,-33.517262],[151.103296,-33.482514],[151.032748,-33.406351],[150.988457,-33.379232],[150.943673,-33.424896],[150.887353,-33.437201],[150.926583,-33.508451],[150.935653,-33.564909],[150.904302,-33.61188],[150.930022,-33.659839],[151.019071,-33.717193],[151.031131,-33.768966],[151.0476,-33.766489],[151.10009,-33.753523],[151.11223,-33.679097],[151.161505,-33.659605],[151.175919,-33.627211],[151.284798,-33.572214]]],[[[151.319113,-33.667793],[151.3625974354418,-33.619727858634555],[151.360156,-33.532518],[151.335198,-33.582209],[151.319113,-33.667793]]]]},"bbox":[150.887353,-33.768966,151.3625974354418,-33.379232]},
{"properties":{"electorateShortName":"blaxland","electorateName":"Blaxland","area":61.16,"state":null},"type":"Feature","geometry":{"type":"Polygon","coordinates":[[[151.042278,-33.861729],[151.030078,-33.835178],[150.996472,-33.851322],[150.985518,-33.870492],[150.968598,-33.931074],[150.970677,-33.946946],[151.035641,-33.940462],[151.042278,-33.861729]]]},"bbox":[150.968598,-33.946946,151.042278,-33.835178]},
{"properties":{"electorateShortName":"bradfield","electorateName":"Bradfield","area":100.58,"state":null},"type":"Feature","geometry":{"type":"MultiPolygon","coordinates":[[[[151.232938,-33.792589],[151.203599,-33.773133],[151.191417,-33.702699],[151.161505,-33.659605],[151.11223,-33.679097],[151.10009,-33.753523],[151.157106,-33.792709],[151.232938,-33.792589]]],[[[151.282829,-33.862556],[151.297434836172,-33.85565127166434],[151.30737722932173,-33.843870789638686],[151.30785922932174,-33.84318878963869],[151.31832853479554,-33.82364285539864],[151.307883,-33.744221],[151.299717,-33.756601],[151.288071,-33.79454],[151.297149,-33.799331],[151.301061,-33.818464],[151.290672,-33.828322],[151.280955,-33.832769],[151.282829,-33.862556]]]]},"bbox":[151.10009,-33.862556,151.31832853479554,-33.659605]},
{"properties":{"electorateShortName":"calare","electorateName":"Calare","area":32647.97,"state":null},"type":"Feature","geometry":{"type":"Polygon","coordinates":[[[150.186093,-33.88118],[150.177912,-33.778027],[150.214826,-33.674875],[150.266463,-33.622346],[150.236942,-33.593271],[150.256814,-33.494305],[150.335619,-33.511948],[150.402519,-33.476926],[150.4474,-33.481423],[150.475923,-33.399445],[150.580997,-33.351442],[150.53315,-33.240176],[150.527999,-33.194059],[150.604485,-33.1473],[150.610687,-33.066137],[150.488448,-33.048124],[150.371672,-33.015457],[150.366455,-32.936634],[150.340685,-32.87098],[150.3622,-32.845066],[150.337975,-32.790387],[150.288566,-32.765054],[150.311343,-32.646919],[150.236447,-32.608444],[150.246977,-32.460298],[150.318917,-32.408261],[150.217873,-32.336569],[150.164314,-32.320185],[150.054166,-32.351038],[150.021827,-32.305597],[150.063026,-32.245722],[150.034803,-32.195905],[149.947996,-32.134952],[149.81943,-32.103624],[149.795665,-32.05809],[149.750811,-32.119822],[149.638067,-32.112778],[149.573847,-32.086985],[149.494803,-32.102092],[149.432506,-32.095033],[149.413277,-32.175537],[149.346378,-32.238059],[149.305892,-32.304507],[149.189159,-32.290575],[149.220152,-32.180984],[149.193756,-32.104421],[149.100358,-32.115175],[149.059265,-32.096665],[148.944185,-32.174016],[148.927247,-32.271664],[148.851192,-32.31338],[148.754109,-32.419051],[148.703837,-32.434946],[148.700407,-32.496936],[148.719957,-32.575391],[148.669562,-32.624041],[148.605154,-32.652179],[148.501184,-32.614117],[148.391421,-32.621925],[148.347143,-32.675763],[148.329513,-32.701025],[148.328315,-32.798687],[148.378164,-32.833103],[148.381831,-32.93455],[148.430165,-32.969942],[148.505455,-33.062037],[148.486567,-33.123236],[148.495895,-33.190869],[148.397185,-33.269909],[148.418223,-33.385],[148.365145,-33.435299],[148.313524,-33.453189],[148.290651,-33.491909],[148.392772,-33.518727],[148.388833,-33.57999],[148.417382,-33.607154],[148.524169,-33.577287],[148.557937,-33.602925],[148.635899,-33.567008],[148.712026,-33.573728],[148.787796,-33.529269],[148.82321,-33.56568],[148.922397,-33.599333],[148.907469,-33.673053],[148.99366,-33.720609],[148.974557,-33.756454],[149.041283,-33.809334],[149.091447,-33.765415],[149.17209,-33.72628],[149.257743,-33.740656],[149.174789,-33.844937],[149.119836,-33.887828],[149.197738,-33.984896],[149.279321,-33.948523],[149.347778,-33.953299],[149.434733,-34.022927],[149.480219,-34.015379],[149.547501,-34.085569],[149.629447,-34.114099],[149.681688,-34.191454],[149.804704,-34.20262],[149.920374,-34.181677],[149.949395,-34.124609],[149.932543,-34.090534],[150.105241,-34.138496],[150.115857,-34.080292],[150.2412,-33.952033],[150.175556,-33.945178],[150.186093,-33.88118]]]},"bbox":[148.290651,-34.20262,150.610687,-32.05809]},
{"properties":{"electorateShortName":"chifley","electorateName":"Chifley","area":125.9,"state":null},"type":"Feature","geometry":{"type":"Polygon","coordinates":[[[150.896938,-33.797945],[150.906339,-33.765656],[150.851042,-33.650138],[150.812394,-33.677614],[150.765994,-33.705777],[150.803381,-33.776811],[150.896938,-33.797945]]]},"bbox":[150.765994,-33.797945,150.906339,-33.650138]},
{"properties":{"electorateShortName":"cook","electorateName":"Cook","area":64.4,"state":null},"type":"Feature","geometry":{"type":"Polygon","coordinates":[[[151.162586,-34.072444],[151.171761,-34.086503],[151.135818,-34.120275],[151.095677,-34.158109],[151.09707229276623,-34.16431573951414],[151.1356639176509,-34.16740332170961],[151.1495759176509,-34.167778321709605],[151.16384177935302,-34.16702868851698],[151.20412851185833,-34.153987728463925],[151.23187196783292,-34.12983763618443],[151.2415695181609,-34.12776893969093],[151.25211191369948,-34.123307117135695],[151.2561500271334,-34.12204563209814],[151.28619243741466,-34.10102666959952],[151.30196528820727,-34.08162013890392],[151.30683728820728,-34.07374313890392],[151.31433410205494,-34.058610149721815],[151.32190936260267,-34.01846944928137],[151.32072480042794,-34.000221726838454],[151.31715931319778,-33.9841899095423],[151.31275807743862,-33.972091684327125],[151.30470449465903,-33.95653899480223],[151.29446611176627,-33.94316006040645],[151.2819137129544,-33.93192361729071],[151.28164171295438,-33.9317226172907],[151.27329840662867,-33.92624526542164],[151.26913546229673,-33.92390821255461],[151.26641060464183,-33.922427324316615],[151.26606970061383,-33.92228459137845],[151.26597646229672,-33.92223521255461],[151.2659719797204,-33.92224367666613],[151.26030578809173,-33.919871301707445],[151.257682,-33.922042],[151.25946,-33.937314],[151.258558,-33.945658],[151.256967,-33.951596],[151.256485,-33.964933],[151.251886,-33.964671],[151.251185,-33.978936],[151.24988,-34.001238],[151.231926,-34.016739],[151.163887,-34.000746],[151.154842,-33.966669],[151.129671,-33.973631],[151.092083,-33.995127],[151.076868,-34.053482],[151.162586,-34.072444]]]},"bbox":[151.076868,-34.167778321709605,151.32190936260267,-33.919871301707445]},
{"properties":{"electorateShortName":"cowper","electorateName":"Cowper","area":7288.1,"state":null},"type":"Feature","geometry":{"type":"Polygon","coordinates":[[[152.349587,-31.117004],[152.385897,-31.166653],[152.455832,-31.155831],[152.539697,-31.162886],[152.597606,-31.123699],[152.64048,-31.14974],[152.706943,-31.151512],[152.679693,-31.227203],[152.736674,-31.340141],[152.785939,-31.343094],[152.824844,-31.413747],[152.81498,-31.476781],[152.915196,-31.492814],[152.84532692977479,-31.573271875028873],[152.9314844218849,-31.581327769056003],[152.96259644986364,-31.569320191597313],[152.97595020139235,-31.559213751604798],[152.98010054534552,-31.555416285104027],[152.9930800903177,-31.547220929104103],[153.02334716607183,-31.50400165474551],[153.01427211311966,-31.409017800402548],[153.06638046976363,-31.316739852444222],[153.0738075201467,-31.183920025432855],[153.1338591774662,-31.1232967377639],[153.15634894321533,-31.049895083534526],[153.1414990714044,-30.9983059734123],[153.1774986193648,-30.94540476674883],[153.15915214511574,-30.84239845960212],[153.0927555450887,-30.78916277830022],[153.08342919966285,-30.712212919632304],[153.10848932642756,-30.66584701754086],[153.10417513322315,-30.596904281217356],[153.12026759856033,-30.519237607989783],[153.15082014099042,-30.484892456873173],[153.192954918278,-30.391663262411736],[153.24223110174984,-30.32190122789952],[153.24398188106747,-30.304842578633263],[153.2424653734997,-30.287761508766152],[153.23710647905327,-30.26991627238354],[153.23844510160416,-30.226956680489042],[153.232349342164,-30.20320084789413],[153.19844912080353,-30.159693507737426],[153.1494270451918,-30.24079020308918],[153.1494270451918,-30.240790203089176],[153.148938,-30.240568],[153.092125,-30.241608],[153.063319,-30.287125],[152.952152,-30.215507],[152.82954,-30.222078],[152.803453,-30.189567],[152.692987,-30.189015],[152.655376,-30.255316],[152.559647,-30.243719],[152.547091,-30.28865],[152.474912,-30.356637],[152.478585,-30.396993],[152.428078,-30.418897],[152.389645,-30.453052],[152.386854,-30.528965],[152.316055,-30.602971],[152.369291,-30.658905],[152.375309,-30.745347],[152.315673,-30.793799],[152.28951,-30.844152],[152.29117,-30.975444],[152.269825,-30.999147],[152.34517,-31.050618],[152.349587,-31.117004]]]},"bbox":[152.269825,-31.581327769056003,153.24398188106747,-30.159693507737426]},
{"properties":{"electorateShortName":"cunningham","electorateName":"Cunningham","area":516.34,"state":null},"type":"Feature","geometry":{"type":"Polygon","coordinates":[[[150.89778,-34.500723],[150.87465,-34.537108],[150.873518,-34.584325],[150.9026090022349,-34.59059335516462],[150.9325445073641,-34.583618413205414],[150.93346018781884,-34.58352243892535],[150.9461700647795,-34.58318971782462],[150.9641303460205,-34.578954791397415],[150.9808494041804,-34.571145860718644],[150.9956244065799,-34.56009119617403],[151.03501608432597,-34.48381571447626],[151.01392228287497,-34.40436305826749],[151.0191586608625,-34.34990696285817],[151.0541082358919,-34.29807306590455],[151.11246912775817,-34.25426495284798],[151.11970310276072,-34.24696039567742],[151.1213629419242,-34.24555649081441],[151.133140854706,-34.233533475028345],[151.14990157517673,-34.20529888954513],[151.15613104175523,-34.170126329504924],[151.1539045675955,-34.152315507670906],[151.14818791887794,-34.13530073500045],[151.135818,-34.120275],[151.095677,-34.158109],[151.066158,-34.172329],[150.922732,-34.130009],[150.899355,-34.189613],[150.859526,-34.181048],[150.890517,-34.214076],[150.876359,-34.25966],[150.81676,-34.306375],[150.750861,-34.301926],[150.745677,-34.337416],[150.689634,-34.441706],[150.747162,-34.461249],[150.850837,-34.450786],[150.89778,-34.500723]]]},"bbox":[150.689634,-34.59059335516462,151.15613104175523,-34.120275]},
{"properties":{"electorateShortName":"dobell","electorateName":"Dobell","area":720,"state":null},"type":"Feature","geometry":{"type":"Polygon","coordinates":[[[151.202626,-33.13886],[151.216733,-33.248361],[151.302527,-33.328444],[151.302593,-33.36238],[151.376638,-33.371292],[151.34508,-33.412419],[151.449605,-33.429352],[151.442572,-33.481745],[151.49709277278077,-33.505804020485535],[151.5336697041643,-33.47694752325219],[151.5453597034156,-33.46535216496753],[151.54821720635044,-33.462691189437166],[151.55897145928367,-33.44989952790057],[151.59198923021634,-33.381687328300956],[151.6573461955336,-33.32656423412875],[151.66854220505175,-33.2915366723747],[151.66855613620393,-33.27305227111938],[151.66479347509525,-33.25495487723999],[151.64245608805368,-33.2013508465648],[151.63253830715806,-33.187743692614],[151.628207,-33.185604],[151.622218,-33.195364],[151.62012,-33.198056],[151.61208,-33.202133],[151.565085,-33.247326],[151.51218,-33.194307],[151.455115,-33.202843],[151.398625,-33.185747],[151.37894,-33.099711],[151.315283,-33.048252],[151.266703,-33.058556],[151.202626,-33.13886]]]},"bbox":[151.202626,-33.505804020485535,151.66855613620393,-33.048252]},
{"properties":{"electorateShortName":"eden-monaro","electorateName":"Eden-Monaro","area":41624.37,"state":null},"type":"Feature","geometry":{"type":"Polygon","coordinates":[[[149.976291,-37.505032],[149.906609,-37.542865],[149.94389056780616,-37.58899754051307],[150.02725480847002,-37.57921212015514],[150.04060263750785,-37.5679924104264],[150.0515364265998,-37.55440938121666],[150.0534414265998,-37.551506381216655],[150.06180695578905,-37.53543377551405],[150.06678354989734,-37.51801125434836],[150.06701843343998,-37.45506640788834],[150.04493872797684,-37.38669953546762],[150.05878649694463,-37.352369050427576],[150.11813075403904,-37.32324614953057],[150.14193057342615,-37.261766264116424],[150.08507615287644,-37.097652453553536],[150.03455068113178,-37.05398367905843],[150.02771673370313,-36.89988532015922],[150.08831293075718,-36.69664353355051],[150.15524884441868,-36.577321476849654],[150.1520628522493,-36.50247775761232],[150.17025999319247,-36.40108524370718],[150.21778840583346,-36.348965308725006],[150.28696536780615,-36.32786644884946],[150.3101390455576,-36.298071662310406],[150.31818904780616,-36.22287249613729],[150.2775225262046,-36.16680404257324],[150.21978000895572,-36.14065255804302],[150.22957577385802,-36.11295553882609],[150.2314964139016,-36.095437729528726],[150.22996657366923,-36.07788147452889],[150.2211635439018,-36.04188364971085],[150.17574660372753,-35.964586782965185],[150.134459,-36.066015],[150.014268,-36.035793],[149.966665,-36.010489],[149.855705,-35.809015],[149.817232,-35.753041],[149.856847,-35.719476],[149.934096,-35.61165],[149.929853,-35.565592],[149.964045,-35.500787],[149.998742,-35.478744],[150.038056,-35.406213],[150.03804,-35.331635],[150.197489,-35.230222],[150.204326,-35.177566],[150.141643,-35.14446],[150.129401,-35.09779],[150.071681,-35.049501],[150.05191,-35.007276],[149.980741,-35.095146],[150.018646,-35.107978],[149.931118,-35.235045],[149.798404,-35.207386],[149.660656,-35.137933],[149.559783,-35.115521],[149.538247,-35.068569],[149.551228,-34.97557],[149.526448,-34.907917],[149.447813,-34.927857],[149.280448,-34.911674],[149.182133,-34.892721],[149.043337,-34.827568],[149.037599,-34.758318],[148.990355,-34.706223],[148.941412,-34.690235],[148.847386,-34.56897],[148.782707,-34.572021],[148.653642,-34.542419],[148.659582,-34.61429],[148.586709,-34.627441],[148.563403,-34.805531],[148.522267,-34.90147],[148.572949,-35.001426],[148.567022,-35.094995],[148.469226,-35.080143],[148.456831,-35.154524],[148.333559,-35.138318],[148.215651,-35.110415],[148.221527,-35.166189],[148.119788,-35.202562],[147.97579,-35.203695],[147.894832,-35.233724],[147.845544,-35.329987],[147.884291,-35.357405],[147.897578,-35.412494],[147.883819,-35.488498],[147.92309,-35.542743],[147.845391,-35.554599],[147.89396,-35.62422],[147.833648,-35.641585],[147.801663,-35.678005],[147.819657,-35.744114],[147.760588,-35.839756],[147.714259,-35.838507],[147.689329,-35.937679],[147.913997,-35.997954],[147.924591,-36.042748],[147.997571,-36.047766],[147.99078,-36.120669],[148.021889,-36.176971],[148.038261,-36.365556],[148.087713,-36.451949],[148.124717,-36.46484],[148.124448,-36.55098],[148.217443,-36.598853],[148.185114,-36.692217],[148.134466,-36.743739],[148.10882,-36.797001],[148.194946,-36.796253],[148.680015,-36.992665],[149.199775,-37.201189],[149.976291,-37.505032]],[[148.961731,-35.218467],[149.120948,-35.124416],[149.164278,-35.141905],[149.200699,-35.205565],[149.271628,-35.270805],[149.3153,-35.276231],[149.39718,-35.324254],[149.336346,-35.339884],[149.249308,-35.330127],[149.206345,-35.345905],[149.146391,-35.415303],[149.140486,-35.588292],[149.078148,-35.586417],[149.109418,-35.696586],[149.101088,-35.805063],[149.048811,-35.92041],[148.958406,-35.891788],[148.912654,-35.85546],[148.889403,-35.722723],[148.834726,-35.740511],[148.788443,-35.697807],[148.798521,-35.666979],[148.768896,-35.604262],[148.76279,-35.495499],[148.80866,-35.382455],[148.810134,-35.307449],[148.961731,-35.218467]]]},"bbox":[147.689329,-37.58899754051307,150.31818904780616,-34.542419]},
{"properties":{"electorateShortName":"farrer","electorateName":"Farrer","area":126564.02,"state":null},"type":"Feature","geometry":{"type":"Polygon","coordinates":[[[147.689329,-35.937679],[147.714259,-35.838507],[147.760588,-35.839756],[147.819657,-35.744114],[147.801663,-35.678005],[147.833648,-35.641585],[147.89396,-35.62422],[147.845391,-35.554599],[147.685594,-35.534198],[147.607787,-35.539571],[147.525087,-35.483406],[147.480995,-35.54516],[147.283199,-35.500123],[147.226524,-35.473668],[147.087341,-35.450465],[146.871365,-35.57586],[146.796881,-35.574699],[146.662323,-35.547763],[146.669769,-35.520279],[146.540094,-35.487174],[146.428237,-35.471405],[146.354226,-35.387797],[146.364032,-35.337739],[146.403804,-35.304452],[146.389251,-35.231731],[146.563727,-35.119126],[146.615161,-35.114348],[146.688478,-35.067979],[146.761524,-35.076441],[146.7942,-35.058208],[146.807657,-34.986944],[146.784477,-34.924058],[146.84358,-34.899125],[146.843266,-34.83723],[146.911568,-34.482591],[146.795492,-34.470798],[146.823028,-34.310851],[146.718745,-34.298111],[146.729043,-34.236768],[146.623872,-34.224735],[146.635404,-34.151187],[146.458206,-34.13293],[146.492809,-33.919657],[146.417433,-33.910635],[146.437185,-33.794499],[146.0703,-33.753534],[146.095141,-33.603131],[146.053962,-33.475767],[146.066897,-33.359114],[146.095088,-33.276178],[146.058892,-33.211808],[146.093631,-33.189083],[146.03166,-33.093579],[145.645258,-33.080312],[145.668529,-32.935871],[145.671923,-32.805722],[145.586515,-32.796236],[145.504348,-32.770092],[145.467462,-32.722507],[145.412631,-32.775949],[145.330563,-32.766674],[145.344278,-32.682486],[145.257279,-32.671254],[145.249374,-32.724393],[145.164993,-32.71483],[145.127254,-32.954686],[145.107556,-33.033712],[144.991731,-33.033662],[144.979402,-33.083791],[144.913078,-33.049131],[144.798235,-33.036219],[144.777974,-33.163461],[144.741889,-33.173591],[144.733424,-33.231398],[144.645681,-33.222352],[144.546947,-33.300011],[144.262641,-33.272906],[144.236255,-33.249829],[144.251426,-33.15507],[143.905907,-33.115708],[143.898192,-33.161392],[143.720951,-33.140453],[143.66485,-33.178855],[143.637288,-33.149916],[143.55246,-33.140481],[143.57281,-33.012429],[143.653413,-33.012413],[143.671807,-32.940764],[143.585153,-32.93103],[143.591987,-32.885141],[143.505852,-32.876004],[143.499566,-32.918349],[143.416969,-32.907493],[143.432435,-32.808446],[143.271212,-32.780229],[142.964638,-32.748537],[142.94435,-32.890533],[142.515536,-32.847454],[142.547987,-33.01714],[142.382492,-33.005539],[142.28965,-33.081676],[142.27428,-33.123423],[142.105679,-33.11242],[142.022933,-33.0848],[142.038355,-33.143941],[141.560773,-33.096293],[141.573204,-33.005572],[141.40258,-32.98766],[141.348003,-33.366658],[141.002258,-33.329008],[141.002956,-34.021892],[141.008944,-34.044659],[141.261021,-34.078979],[141.333928,-34.130235],[141.357551,-34.110689],[141.452499,-34.161286],[141.49464,-34.154513],[141.517587,-34.206455],[141.567974,-34.19183],[141.635074,-34.12039],[141.704907,-34.095686],[141.877847,-34.136849],[141.899106,-34.111489],[141.983492,-34.112412],[142.074484,-34.130492],[142.082078,-34.172992],[142.220316,-34.181665],[142.249565,-34.266928],[142.238544,-34.30782],[142.3337,-34.339302],[142.351891,-34.394745],[142.368408,-34.527088],[142.434747,-34.576146],[142.471582,-34.666869],[142.51417,-34.690931],[142.526185,-34.759814],[142.63143,-34.784396],[142.616551,-34.737954],[142.696762,-34.720165],[142.678929,-34.680153],[142.699546,-34.603155],[142.763518,-34.596737],[142.924713,-34.649591],[143.040044,-34.702511],[143.104118,-34.694001],[143.196437,-34.728109],[143.273544,-34.777017],[143.351547,-34.796004],[143.323091,-34.884688],[143.342789,-34.932533],[143.319601,-34.968697],[143.346988,-35.104778],[143.396379,-35.193113],[143.471482,-35.219293],[143.563927,-35.202627],[143.584421,-35.278789],[143.563748,-35.316119],[143.642338,-35.401037],[143.746463,-35.388599],[143.866592,-35.480323],[143.948097,-35.500832],[143.989386,-35.553192],[144.04785,-35.556174],[144.104918,-35.590724],[144.117546,-35.625926],[144.24841,-35.7215],[144.296367,-35.737179],[144.375727,-35.801211],[144.36476,-35.819647],[144.408376,-35.898742],[144.51644,-35.995631],[144.583275,-36.039025],[144.692392,-36.069351],[144.717616,-36.112711],[144.805787,-36.123842],[144.874824,-36.057628],[144.986877,-36.064296],[144.923615,-35.988951],[144.971073,-35.860927],[145.072861,-35.827757],[145.168353,-35.842476],[145.246515,-35.830412],[145.352396,-35.865795],[145.533964,-35.805286],[145.684681,-35.930753],[145.793445,-35.982817],[145.84426,-35.983005],[145.908007,-35.953565],[145.989126,-36.013079],[146.032803,-35.994774],[146.177951,-36.033848],[146.242797,-36.028965],[146.299882,-36.047795],[146.387672,-36.035514],[146.414345,-35.975453],[146.517902,-35.960061],[146.607972,-35.985904],[146.760209,-36.058169],[146.836347,-36.082187],[147.016178,-36.089497],[147.137173,-36.028625],[147.204328,-36.049889],[147.352244,-36.032293],[147.404264,-35.943562],[147.498602,-35.946642],[147.555245,-36.00321],[147.689329,-35.937679]]]},"bbox":[141.002258,-36.123842,147.89396,-32.671254]},
{"properties":{"electorateShortName":"fowler","electorateName":"Fowler","area":60.3,"state":null},"type":"Feature","geometry":{"type":"Polygon","coordinates":[[[150.985518,-33.870492],[150.945003,-33.885677],[150.875878,-33.852024],[150.842448,-33.876249],[150.881878,-33.888583],[150.918927,-33.939096],[150.968598,-33.931074],[150.985518,-33.870492]]]},"bbox":[150.842448,-33.939096,150.985518,-33.852024]},
{"properties":{"electorateShortName":"gilmore","electorateName":"Gilmore","area":6341.26,"state":null},"type":"Feature","geometry":{"type":"Polygon","coordinates":[[[150.134459,-36.066015],[150.12512275482607,-36.1561757526425],[150.2123659027386,-36.11940532565086],[150.2219812299956,-36.10432759169972],[150.22450190968038,-36.098287197737356],[150.2312197429336,-36.08119438299286],[150.23300939552018,-36.07077225070443],[150.2476458335504,-36.04760117473377],[150.2506843798072,-35.92782528494971],[150.30718103880133,-35.88962065191807],[150.32684660208355,-35.81245359735795],[150.37893173864376,-35.73959593768797],[150.42440612070624,-35.64773157285101],[150.4827155146378,-35.59659918490668],[150.51085597074174,-35.53784369678447],[150.49931239843232,-35.48257108939416],[150.57442901713446,-35.403641052061154],[150.57789973350938,-35.33905831592088],[150.63123455938543,-35.27397054571478],[150.63189562819608,-35.27376237545618],[150.6478424822623,-35.26487911879944],[150.66166887989368,-35.252960849966385],[150.69870361803953,-35.21269603064045],[150.7720735308685,-35.17824613993274],[150.84403981074553,-35.175996361063554],[150.85910478741337,-35.167138004224206],[150.86797220771317,-35.15926532829685],[150.89271760823897,-35.14242284990866],[150.92285588455948,-35.096866650427536],[150.9395814002648,-35.01813488448038],[150.9280037706139,-34.96849653642892],[150.87487295659093,-34.920673964207445],[150.85575556059553,-34.86692420036947],[150.9056370203611,-34.82274707645958],[150.94687748342344,-34.71488421703995],[150.9544885533188,-34.67783274318483],[150.95406209951264,-34.662977864568646],[150.95520441642608,-34.641877853728495],[150.94856051195183,-34.60755617157033],[150.94277018159045,-34.590533558166655],[150.93371158774386,-34.575001682223686],[150.87465,-34.537108],[150.873518,-34.584325],[150.860886,-34.627883],[150.796952,-34.641328],[150.758131,-34.613022],[150.666625,-34.611709],[150.576376,-34.669631],[150.548328,-34.650451],[150.398143,-34.705149],[150.37784,-34.736644],[150.28782,-34.764691],[150.209564,-34.814495],[150.127115,-34.817387],[150.07422,-34.768097],[150.037447,-34.843872],[150.088242,-34.924887],[150.05191,-35.007276],[150.071681,-35.049501],[150.129401,-35.09779],[150.141643,-35.14446],[150.204326,-35.177566],[150.197489,-35.230222],[150.03804,-35.331635],[150.038056,-35.406213],[149.998742,-35.478744],[149.964045,-35.500787],[149.929853,-35.565592],[149.934096,-35.61165],[149.856847,-35.719476],[149.817232,-35.753041],[149.855705,-35.809015],[149.966665,-36.010489],[150.014268,-36.035793],[150.134459,-36.066015]],[[150.593971,-35.185018],[150.607504,-35.143847],[150.701604,-35.122862],[150.760481,-35.16227],[150.695731,-35.190068],[150.654952,-35.163097],[150.593971,-35.185018]]]},"bbox":[149.817232,-36.1561757526425,150.95520441642608,-34.537108]},
{"properties":{"electorateShortName":"grayndler","electorateName":"Grayndler","area":27.73,"state":null},"type":"Feature","geometry":{"type":"MultiPolygon","coordinates":[[[[151.179039,-33.920542],[151.195942,-33.849776],[151.159279,-33.845383],[151.117504,-33.888516],[151.119054,-33.9122],[151.17424,-33.924966],[151.179039,-33.920542]]],[[[151.256967,-33.951596],[151.26192903065484,-33.955697651194505],[151.26380123200525,-33.950826913216964],[151.26456068417792,-33.94915101745726],[151.26473988976127,-33.94838489170085],[151.26801167539242,-33.9398729810966],[151.2710103189601,-33.9226206556742],[151.27117056761287,-33.91422095807447],[151.266539,-33.913935],[151.261402,-33.914886],[151.257682,-33.922042],[151.25946,-33.937314],[151.258558,-33.945658],[151.256967,-33.951596]]]]},"bbox":[151.117504,-33.955697651194505,151.27117056761287,-33.845383]},
{"properties":{"electorateShortName":"greenway","electorateName":"Greenway","area":81.27,"state":null},"type":"Feature","geometry":{"type":"Polygon","coordinates":[[[150.966879,-33.781121],[150.927603,-33.697],[150.874039,-33.656671],[150.851042,-33.650138],[150.906339,-33.765656],[150.896938,-33.797945],[150.952387,-33.811574],[150.966879,-33.781121]]]},"bbox":[150.851042,-33.811574,150.966879,-33.650138]},
{"properties":{"electorateShortName":"hughes","electorateName":"Hughes","area":358.87,"state":null},"type":"Feature","geometry":{"type":"Polygon","coordinates":[[[151.066158,-34.172329],[150.986237,-34.236572],[150.977149,-34.245157],[151.08506637994935,-34.26032032438877],[151.1132052397561,-34.250885089626514],[151.12720990690354,-34.24409666322684],[151.14178890690354,-34.235398663226846],[151.18224536004385,-34.209645041886766],[151.25226733734507,-34.12673643941649],[151.25914273075745,-34.10805371065732],[151.26174272607477,-34.088316552482624],[151.2605133910816,-34.06679996771934],[151.231926,-34.016739],[151.2032,-34.040228],[151.185918,-34.034563],[151.158404,-34.058437],[151.162586,-34.072444],[151.076868,-34.053482],[151.092083,-33.995127],[151.034708,-33.991575],[150.970677,-33.946946],[150.968598,-33.931074],[150.918927,-33.939096],[150.888573,-34.005463],[150.940791,-34.040033],[150.922732,-34.130009],[151.066158,-34.172329]]]},"bbox":[150.888573,-34.26032032438877,151.26174272607477,-33.931074]},
{"properties":{"electorateShortName":"hume","electorateName":"Hume","area":17236.13,"state":null},"type":"Feature","geometry":{"type":"Polygon","coordinates":[[[150.745677,-34.337416],[150.750861,-34.301926],[150.81676,-34.306375],[150.876359,-34.25966],[150.890517,-34.214076],[150.859526,-34.181048],[150.752063,-34.163864],[150.722585,-34.002382],[150.731798,-33.939931],[150.720944,-33.869447],[150.672337,-33.842403],[150.612793,-33.861847],[150.470564,-33.963447],[150.404275,-33.940691],[150.326633,-33.85673],[150.280855,-33.85066],[150.232966,-33.884501],[150.186093,-33.88118],[150.175556,-33.945178],[150.2412,-33.952033],[150.115857,-34.080292],[150.105241,-34.138496],[149.932543,-34.090534],[149.949395,-34.124609],[149.920374,-34.181677],[149.804704,-34.20262],[149.681688,-34.191454],[149.629447,-34.114099],[149.547501,-34.085569],[149.480219,-34.015379],[149.434733,-34.022927],[149.347778,-33.953299],[149.279321,-33.948523],[149.197738,-33.984896],[149.119836,-33.887828],[149.082078,-33.91288],[148.982051,-33.924165],[148.927697,-33.981342],[148.869453,-33.94686],[148.767364,-33.981956],[148.763135,-34.038251],[148.730955,-34.078698],[148.645477,-34.10725],[148.645351,-34.251831],[148.608096,-34.30067],[148.609878,-34.356317],[148.553622,-34.411429],[148.614754,-34.466283],[148.622363,-34.526737],[148.653642,-34.542419],[148.782707,-34.572021],[148.847386,-34.56897],[148.941412,-34.690235],[148.990355,-34.706223],[149.037599,-34.758318],[149.043337,-34.827568],[149.182133,-34.892721],[149.280448,-34.911674],[149.447813,-34.927857],[149.526448,-34.907917],[149.551228,-34.97557],[149.538247,-35.068569],[149.559783,-35.115521],[149.660656,-35.137933],[149.798404,-35.207386],[149.931118,-35.235045],[150.018646,-35.107978],[149.980741,-35.095146],[150.05191,-35.007276],[150.088242,-34.924887],[150.037447,-34.843872],[150.07422,-34.768097],[150.127115,-34.817387],[150.209564,-34.814495],[150.28782,-34.764691],[150.37784,-34.736644],[150.398143,-34.705149],[150.416149,-34.662966],[150.340998,-34.592213],[150.257508,-34.597417],[150.254535,-34.566204],[150.32004,-34.476547],[150.455872,-34.432114],[150.530565,-34.385063],[150.570022,-34.380552],[150.634633,-34.319652],[150.745677,-34.337416]]]},"bbox":[148.553622,-35.235045,150.890517,-33.842403]},
{"properties":{"electorateShortName":"hunter","electorateName":"Hunter","area":10576.69,"state":null},"type":"Feature","geometry":{"type":"MultiPolygon","coordinates":[[[[151.662412,-32.929851],[151.608578,-32.880151],[151.477827,-32.87227],[151.407551,-32.825686],[151.396164,-32.77718],[151.433194,-32.757466],[151.407184,-32.679147],[151.434772,-32.613621],[151.470816,-32.618177],[151.500727,-32.504188],[151.456798,-32.472384],[151.446149,-32.407075],[151.371487,-32.291598],[151.339229,-32.262123],[151.341902,-32.175586],[151.309698,-32.138984],[151.246256,-32.209568],[151.208815,-32.220166],[151.066043,-32.165754],[150.861315,-32.189542],[150.656558,-32.160607],[150.4989,-32.130039],[150.486529,-32.239935],[150.527595,-32.313603],[150.393601,-32.333752],[150.38685,-32.378895],[150.318917,-32.408261],[150.246977,-32.460298],[150.236447,-32.608444],[150.311343,-32.646919],[150.288566,-32.765054],[150.337975,-32.790387],[150.3622,-32.845066],[150.340685,-32.87098],[150.366455,-32.936634],[150.371672,-33.015457],[150.488448,-33.048124],[150.610687,-33.066137],[150.718059,-33.068653],[150.745841,-33.021913],[150.804787,-33.006045],[150.855141,-33.056316],[150.848251,-33.092812],[150.973962,-33.129606],[151.035356,-33.117464],[151.052491,-33.07994],[151.103972,-33.076969],[151.135527,-33.110401],[151.202626,-33.13886],[151.266703,-33.058556],[151.315283,-33.048252],[151.37894,-33.099711],[151.398625,-33.185747],[151.455115,-33.202843],[151.51218,-33.194307],[151.532684,-33.140792],[151.613877,-33.090566],[151.633277,-33.041009],[151.614129,-32.955406],[151.662412,-32.929851]]],[[[151.728353,-32.985569],[151.745797,-32.956695],[151.737915,-32.962947],[151.728353,-32.985569]]],[[[151.622218,-33.195364],[151.6233845142669,-33.19642758653746],[151.63753137824406,-33.1846266022522],[151.64541271084414,-33.17446255252116],[151.6659416059321,-33.16397769395359],[151.6973944270846,-33.13125062924024],[151.7232436885082,-33.04345746050979],[151.707644,-33.021904],[151.668856,-33.051945],[151.628207,-33.185604],[151.622218,-33.195364]]],[[[151.561813,-33.262433],[151.61208,-33.202133],[151.565085,-33.247326],[151.561813,-33.262433]]]]},"bbox":[150.236447,-33.262433,151.745797,-32.130039]},
{"properties":{"electorateShortName":"kingsford-smith","electorateName":"Kingsford Smith","area":57.86,"state":null},"type":"Feature","geometry":{"type":"Polygon","coordinates":[[[151.231926,-34.016739],[151.2032,-34.040228],[151.185918,-34.034563],[151.158404,-34.058437],[151.162586,-34.072444],[151.171761,-34.086503],[151.20973518899672,-34.10396037299434],[151.24407501737528,-34.10591523773638],[151.26089145543736,-34.10195051560268],[151.2766404213072,-34.09484546917612],[151.2907415138529,-34.084861942759524],[151.3086955138529,-34.06936094275952],[151.32021044371677,-34.05739517840668],[151.35433225859077,-33.98509539214757],[151.35595934532972,-33.96702113495692],[151.35533921413318,-33.961517332185764],[151.35524794390932,-33.949458232230114],[151.35505699661738,-33.94852323015677],[151.3556626906188,-33.94378254489555],[151.35521605101957,-33.937851995530075],[151.35567284029878,-33.93655424571664],[151.35816721553732,-33.91901095028422],[151.35717599304874,-33.90131895773283],[151.35273759666998,-33.88416408203975],[151.3343344409937,-33.85407905505544],[151.32108306326424,-33.842315122433604],[151.31937306326424,-33.84107512243361],[151.2984021075398,-33.829764088291114],[151.290672,-33.828322],[151.280955,-33.832769],[151.282829,-33.862556],[151.282691,-33.877446],[151.281274,-33.891017],[151.270355,-33.906403],[151.266539,-33.913935],[151.215031,-33.900896],[151.179039,-33.920542],[151.17424,-33.924966],[151.154842,-33.966669],[151.163887,-34.000746],[151.231926,-34.016739]]]},"bbox":[151.154842,-34.10591523773638,151.35816721553732,-33.828322]},
{"properties":{"electorateShortName":"lindsay","electorateName":"Lindsay","area":338.97,"state":null},"type":"Feature","geometry":{"type":"Polygon","coordinates":[[[150.812394,-33.677614],[150.782148,-33.637517],[150.681494,-33.625074],[150.644053,-33.721212],[150.64072,-33.781917],[150.588042,-33.844933],[150.612793,-33.861847],[150.672337,-33.842403],[150.720944,-33.869447],[150.767908,-33.875728],[150.765151,-33.783428],[150.803381,-33.776811],[150.765994,-33.705777],[150.812394,-33.677614]]]},"bbox":[150.588042,-33.875728,150.812394,-33.625074]},
{"properties":{"electorateShortName":"lyne","electorateName":"Lyne","area":16040.73,"state":null},"type":"Feature","geometry":{"type":"Polygon","coordinates":[[[152.194486,-32.707671],[152.176033,-32.754788],[152.23079180721135,-32.80044497000763],[152.2653739019169,-32.79312001591416],[152.28072802319076,-32.78505996511842],[152.2942513555156,-32.77420487682978],[152.32036016837594,-32.720426083780225],[152.37275834636569,-32.707011417475755],[152.41927151541296,-32.659469596067176],[152.4182783997524,-32.5834054560288],[152.55403030206963,-32.53815432236852],[152.59680095947465,-32.51319976826348],[152.62905645846436,-32.455807988638675],[152.6387406013793,-32.35746153823057],[152.63088619584167,-32.29218982687528],[152.65700980585243,-32.18955085279297],[152.61468781117452,-32.135274659717204],[152.63745998880677,-32.068674153280135],[152.71132533783873,-31.975047444090304],[152.82064513709167,-31.906170028536412],[152.8412432936608,-31.818147392293472],[152.8751532054051,-31.78747351179238],[152.8947206584369,-31.719624514059074],[152.93385928553369,-31.672769777445396],[152.93773886499014,-31.597188997439705],[152.95670456880933,-31.577025153060667],[152.97632318117488,-31.558870549422558],[152.98824830515258,-31.545381677444386],[153.00377743652436,-31.47689768436845],[152.9792456058732,-31.429587043822362],[152.915196,-31.492814],[152.81498,-31.476781],[152.824844,-31.413747],[152.785939,-31.343094],[152.736674,-31.340141],[152.679693,-31.227203],[152.706943,-31.151512],[152.64048,-31.14974],[152.597606,-31.123699],[152.539697,-31.162886],[152.455832,-31.155831],[152.385897,-31.166653],[152.349587,-31.117004],[152.316572,-31.202936],[152.14755,-31.196017],[152.160941,-31.240885],[152.123679,-31.278729],[152.09976,-31.392027],[152.065575,-31.409145],[152.083657,-31.500485],[151.91277,-31.4767],[151.761575,-31.511185],[151.802497,-31.573861],[151.757149,-31.601741],[151.756867,-31.638158],[151.659977,-31.61219],[151.536255,-31.598101],[151.517871,-31.768467],[151.594022,-31.78969],[151.57678,-31.85484],[151.535463,-31.84554],[151.491173,-31.878161],[151.442452,-31.949366],[151.454726,-31.995979],[151.408589,-32.032685],[151.387447,-32.083526],[151.335448,-32.082403],[151.309698,-32.138984],[151.341902,-32.175586],[151.339229,-32.262123],[151.371487,-32.291598],[151.446149,-32.407075],[151.456798,-32.472384],[151.500727,-32.504188],[151.470816,-32.618177],[151.434772,-32.613621],[151.407184,-32.679147],[151.496875,-32.638999],[151.509915,-32.687487],[151.569049,-32.697386],[151.727015,-32.751268],[151.756003,-32.678348],[151.844219,-32.661604],[151.932013,-32.661416],[151.976222,-32.684583],[152.194486,-32.707671]]]},"bbox":[151.309698,-32.80044497000763,153.00377743652436,-31.117004]},
{"properties":{"electorateShortName":"macarthur","electorateName":"Macarthur","area":362.6,"state":null},"type":"Feature","geometry":{"type":"Polygon","coordinates":[[[150.922732,-34.130009],[150.940791,-34.040033],[150.888573,-34.005463],[150.731798,-33.939931],[150.722585,-34.002382],[150.752063,-34.163864],[150.859526,-34.181048],[150.899355,-34.189613],[150.922732,-34.130009]]]},"bbox":[150.722585,-34.189613,150.940791,-33.939931]},
{"properties":{"electorateShortName":"mackellar","electorateName":"Mackellar","area":212.29,"state":null},"type":"Feature","geometry":{"type":"Polygon","coordinates":[[[151.299717,-33.756601],[151.288071,-33.79454],[151.297149,-33.799331],[151.301061,-33.818464],[151.290672,-33.828322],[151.280955,-33.832769],[151.28706473017968,-33.848221042103916],[151.3041118021592,-33.84649363437002],[151.32112913841988,-33.84401678992543],[151.33736473471106,-33.83834846522752],[151.35222584245716,-33.829695606256614],[151.36516989455492,-33.81837412194133],[151.36885976329953,-33.81605856643966],[151.38202243132312,-33.80496449172213],[151.39283207928625,-33.791567259386646],[151.400893241792,-33.77635700027007],[151.4041769021087,-33.707200651065826],[151.43272412127203,-33.63181211076407],[151.43244097803537,-33.61430665066994],[151.4287739918111,-33.59718723142655],[151.42465197079233,-33.587594588827045],[151.42329115628192,-33.56376231617274],[151.40892187284427,-33.530545389003784],[151.360156,-33.532518],[151.335198,-33.582209],[151.284798,-33.572214],[151.175919,-33.627211],[151.161505,-33.659605],[151.191417,-33.702699],[151.203599,-33.773133],[151.227126,-33.751393],[151.299717,-33.756601]]]},"bbox":[151.161505,-33.848221042103916,151.43272412127203,-33.530545389003784]},
{"properties":{"electorateShortName":"macquarie","electorateName":"Macquarie","area":4373.46,"state":null},"type":"Feature","geometry":{"type":"Polygon","coordinates":[[[151.135527,-33.110401],[151.103972,-33.076969],[151.052491,-33.07994],[151.035356,-33.117464],[150.973962,-33.129606],[150.848251,-33.092812],[150.855141,-33.056316],[150.804787,-33.006045],[150.745841,-33.021913],[150.718059,-33.068653],[150.610687,-33.066137],[150.604485,-33.1473],[150.527999,-33.194059],[150.53315,-33.240176],[150.580997,-33.351442],[150.475923,-33.399445],[150.4474,-33.481423],[150.402519,-33.476926],[150.335619,-33.511948],[150.256814,-33.494305],[150.236942,-33.593271],[150.266463,-33.622346],[150.214826,-33.674875],[150.177912,-33.778027],[150.186093,-33.88118],[150.232966,-33.884501],[150.280855,-33.85066],[150.326633,-33.85673],[150.404275,-33.940691],[150.470564,-33.963447],[150.612793,-33.861847],[150.588042,-33.844933],[150.64072,-33.781917],[150.644053,-33.721212],[150.681494,-33.625074],[150.782148,-33.637517],[150.812394,-33.677614],[150.851042,-33.650138],[150.874039,-33.656671],[150.904302,-33.61188],[150.935653,-33.564909],[150.926583,-33.508451],[150.887353,-33.437201],[150.943673,-33.424896],[150.988457,-33.379232],[150.999641,-33.351156],[151.090244,-33.324986],[151.099671,-33.144458],[151.135527,-33.110401]]]},"bbox":[150.177912,-33.963447,151.135527,-33.006045]},
{"properties":{"electorateShortName":"mcmahon","electorateName":"McMahon","area":168.35,"state":null},"type":"Feature","geometry":{"type":"Polygon","coordinates":[[[150.996472,-33.851322],[150.952387,-33.811574],[150.896938,-33.797945],[150.803381,-33.776811],[150.765151,-33.783428],[150.767908,-33.875728],[150.842448,-33.876249],[150.875878,-33.852024],[150.945003,-33.885677],[150.985518,-33.870492],[150.996472,-33.851322]]]},"bbox":[150.765151,-33.885677,150.996472,-33.776811]},
{"properties":{"electorateShortName":"mitchell","electorateName":"Mitchell","area":101.11,"state":null},"type":"Feature","geometry":{"type":"Polygon","coordinates":[[[151.031131,-33.768966],[151.019071,-33.717193],[150.930022,-33.659839],[150.904302,-33.61188],[150.874039,-33.656671],[150.927603,-33.697],[150.966879,-33.781121],[151.031131,-33.768966]]]},"bbox":[150.874039,-33.781121,151.031131,-33.61188]},
{"properties":{"electorateShortName":"new-england","electorateName":"New England","area":66327.59,"state":null},"type":"Feature","geometry":{"type":"Polygon","coordinates":[[[152.428078,-30.418897],[152.35178,-30.355359],[152.309672,-30.147907],[152.280721,-30.087436],[152.313319,-30.030123],[152.275042,-29.960416],[152.285582,-29.907048],[152.267689,-29.847868],[152.197742,-29.875924],[152.17596,-29.817476],[152.205433,-29.771754],[152.264365,-29.750938],[152.280708,-29.665904],[152.336123,-29.640777],[152.354492,-29.545471],[152.412456,-29.50688],[152.388785,-29.445316],[152.451081,-29.358053],[152.331517,-29.341837],[152.298279,-29.307447],[152.351323,-29.249123],[152.394086,-29.24125],[152.444231,-29.144175],[152.421006,-29.084096],[152.467109,-28.973664],[152.558516,-28.990078],[152.548638,-28.932364],[152.573306,-28.86365],[152.556973,-28.824527],[152.480325,-28.780262],[152.498235,-28.74483],[152.375208,-28.699883],[152.441811,-28.592688],[152.447754,-28.527473],[152.500138,-28.528526],[152.577038,-28.437617],[152.627861,-28.327548],[152.597846,-28.314779],[152.525036,-28.303964],[152.487617,-28.253908],[152.44275,-28.290772],[152.38508,-28.368855],[152.312222,-28.362717],[152.217189,-28.449236],[152.164947,-28.432626],[152.06929,-28.468759],[152.016864,-28.525281],[151.955149,-28.519412],[152.013854,-28.665753],[152.076049,-28.708175],[152.043603,-28.730613],[152.023571,-28.891181],[151.927348,-28.925411],[151.847287,-28.90863],[151.834235,-28.957209],[151.772735,-28.938251],[151.726628,-28.866876],[151.636751,-28.922061],[151.54908,-28.952484],[151.499374,-29.017755],[151.502799,-29.069884],[151.395282,-29.177187],[151.33931,-29.177266],[151.281159,-29.103695],[151.281944,-28.949959],[151.103478,-28.837047],[151.055809,-28.849073],[151.010299,-28.740641],[150.948417,-28.734381],[150.930908,-28.705519],[150.729851,-28.634142],[150.632541,-28.676572],[150.58306,-28.656108],[150.483443,-28.662131],[150.539403,-28.707396],[150.672684,-28.741396],[150.672147,-28.793301],[150.611922,-28.887505],[150.630952,-28.941345],[150.611552,-29.000026],[150.702024,-29.083907],[150.752277,-29.15097],[150.751241,-29.263237],[150.795123,-29.313725],[150.827929,-29.411862],[150.863628,-29.456517],[150.856784,-29.512519],[150.733308,-29.569273],[150.726032,-29.635639],[150.68871,-29.677912],[150.676957,-29.754931],[150.612074,-29.795893],[150.525355,-29.810999],[150.406833,-29.745087],[150.302421,-29.735565],[150.28796,-29.749832],[150.312409,-29.892556],[150.292859,-29.990531],[150.248852,-29.99348],[150.197512,-30.062574],[150.124153,-30.070046],[150.07566,-30.107363],[150.102263,-30.191946],[150.167062,-30.228544],[150.194998,-30.321087],[150.188295,-30.359725],[150.283241,-30.430848],[150.351488,-30.418184],[150.36502,-30.583433],[150.454351,-30.607517],[150.509647,-30.660088],[150.457961,-30.690158],[150.487268,-30.798984],[150.559266,-30.810814],[150.530401,-30.875117],[150.527741,-30.968574],[150.599399,-31.046846],[150.572125,-31.206047],[150.575295,-31.273798],[150.550514,-31.289523],[150.543292,-31.36287],[150.433278,-31.36388],[150.417667,-31.397631],[150.160961,-31.354959],[150.158496,-31.237667],[150.103379,-31.240018],[150.078838,-31.338094],[150.006557,-31.320806],[149.98813,-31.427367],[149.968049,-31.45813],[149.882911,-31.451994],[149.866949,-31.537269],[149.911314,-31.572789],[149.863574,-31.669611],[149.904783,-31.706764],[150.030212,-31.69088],[150.075072,-31.739869],[150.023983,-31.828752],[149.897359,-31.912621],[149.866099,-31.961503],[149.869721,-32.023779],[149.795665,-32.05809],[149.81943,-32.103624],[149.947996,-32.134952],[150.034803,-32.195905],[150.063026,-32.245722],[150.021827,-32.305597],[150.054166,-32.351038],[150.164314,-32.320185],[150.217873,-32.336569],[150.318917,-32.408261],[150.38685,-32.378895],[150.393601,-32.333752],[150.527595,-32.313603],[150.486529,-32.239935],[150.4989,-32.130039],[150.656558,-32.160607],[150.861315,-32.189542],[151.066043,-32.165754],[151.208815,-32.220166],[151.246256,-32.209568],[151.309698,-32.138984],[151.335448,-32.082403],[151.387447,-32.083526],[151.408589,-32.032685],[151.454726,-31.995979],[151.442452,-31.949366],[151.491173,-31.878161],[151.535463,-31.84554],[151.57678,-31.85484],[151.594022,-31.78969],[151.517871,-31.768467],[151.536255,-31.598101],[151.659977,-31.61219],[151.756867,-31.638158],[151.757149,-31.601741],[151.802497,-31.573861],[151.761575,-31.511185],[151.91277,-31.4767],[152.083657,-31.500485],[152.065575,-31.409145],[152.09976,-31.392027],[152.123679,-31.278729],[152.160941,-31.240885],[152.14755,-31.196017],[152.316572,-31.202936],[152.349587,-31.117004],[152.34517,-31.050618],[152.269825,-30.999147],[152.29117,-30.975444],[152.28951,-30.844152],[152.315673,-30.793799],[152.375309,-30.745347],[152.369291,-30.658905],[152.316055,-30.602971],[152.386854,-30.528965],[152.389645,-30.453052],[152.428078,-30.418897]]]},"bbox":[149.795665,-32.408261,152.627861,-28.253908]},
{"properties":{"electorateShortName":"newcastle","electorateName":"Newcastle","area":156.76,"state":null},"type":"Feature","geometry":{"type":"Polygon","coordinates":[[[151.737915,-32.962947],[151.728353,-32.985569],[151.707644,-33.021904],[151.74582544292556,-33.05259868650238],[151.7791866349827,-33.04292607317451],[151.80817585518335,-33.02471650110579],[151.81224049530874,-33.02086742722781],[151.81896928256432,-33.01799096801621],[151.8306281128247,-33.01070597144167],[151.83271369195998,-33.00985217342456],[151.84701405107728,-33.00051073070141],[151.87958320554068,-32.96326779456098],[151.88745380160483,-32.947442494834156],[151.8920798291087,-32.93038417535707],[151.89988629013544,-32.88456174498991],[151.8895386271026,-32.83648467348084],[151.81011,-32.87822],[151.72725,-32.837075],[151.672974,-32.829504],[151.608578,-32.880151],[151.662412,-32.929851],[151.737915,-32.962947]]]},"bbox":[151.608578,-33.05259868650238,151.89988629013544,-32.829504]},
{"properties":{"electorateShortName":"north-sydney","electorateName":"North Sydney","area":41.61,"state":null},"type":"Feature","geometry":{"type":"MultiPolygon","coordinates":[[[[151.22665,-33.854461],[151.232938,-33.792589],[151.157106,-33.792709],[151.128305,-33.842931],[151.159279,-33.845383],[151.195942,-33.849776],[151.22665,-33.854461]]],[[[151.25946,-33.937314],[151.2677854930286,-33.9345101799664],[151.28320215754974,-33.924474237865915],[151.30640238809562,-33.89616899195653],[151.31321671814956,-33.87908219633191],[151.3162387711916,-33.85511433189016],[151.3192487841443,-33.845000443701274],[151.3195061532116,-33.84368011443565],[151.31979665374266,-33.84218202554323],[151.31992093797098,-33.84174648258379],[151.32076309504762,-33.837993327382044],[151.32180690677154,-33.83234988163393],[151.32339825241385,-33.826057391524294],[151.307883,-33.744221],[151.299717,-33.756601],[151.288071,-33.79454],[151.297149,-33.799331],[151.301061,-33.818464],[151.290672,-33.828322],[151.280955,-33.832769],[151.282829,-33.862556],[151.282691,-33.877446],[151.281274,-33.891017],[151.270355,-33.906403],[151.266539,-33.913935],[151.261402,-33.914886],[151.257682,-33.922042],[151.25946,-33.937314]]]]},"bbox":[151.128305,-33.937314,151.32339825241385,-33.744221]},
{"properties":{"electorateShortName":"page","electorateName":"Page","area":19318.14,"state":null},"type":"Feature","geometry":{"type":"Polygon","coordinates":[[[153.1494270451918,-30.24079020308918],[153.136083,-30.315935],[153.21966732945558,-30.32271831064747],[153.23477872408412,-30.31398332517335],[153.2479198813619,-30.30249575779577],[153.25293388090665,-30.29601117128831],[153.2779221751681,-30.296843109330904],[153.32997787572538,-30.272547140941565],[153.35779263724731,-30.189293415667763],[153.30306561721292,-30.1030251777421],[153.34261771300353,-30.073372202044812],[153.36160918541148,-30.015938076285064],[153.42547700738288,-30.017343917292695],[153.4767003830864,-29.970100488298677],[153.48356195406274,-29.917674316891585],[153.44428504924315,-29.850535272073888],[153.38368643572488,-29.833730055919954],[153.39076502860968,-29.752434510318576],[153.4221947698596,-29.692358182971546],[153.43039322415984,-29.587674597060364],[153.45115338488665,-29.541369455832143],[153.4666794890872,-29.366268278213713],[153.44134658733813,-29.30309717594553],[153.53315338307232,-29.187610503987155],[153.5327698417663,-29.081317631241372],[153.56942801146042,-29.02633103018727],[153.61242804859808,-28.976815720752995],[153.62930271359187,-28.947874899666907],[153.63442376114088,-28.914767493912453],[153.6024023438833,-28.849008370251155],[153.57400700637186,-28.877160071570465],[153.58636216686338,-28.876365658994192],[153.544475,-28.917804],[153.475801,-28.924591],[153.486858,-28.864848],[153.441382,-28.823097],[153.448133,-28.746851],[153.40682,-28.742889],[153.412627,-28.618563],[153.32783,-28.542733],[153.247732,-28.515887],[153.160263,-28.524129],[153.1094,-28.35744],[152.941574,-28.334512],[152.882129,-28.312092],[152.803636,-28.353735],[152.740742,-28.359934],[152.627857,-28.303031],[152.597846,-28.314779],[152.627861,-28.327548],[152.577038,-28.437617],[152.500138,-28.528526],[152.447754,-28.527473],[152.441811,-28.592688],[152.375208,-28.699883],[152.498235,-28.74483],[152.480325,-28.780262],[152.556973,-28.824527],[152.573306,-28.86365],[152.548638,-28.932364],[152.558516,-28.990078],[152.467109,-28.973664],[152.421006,-29.084096],[152.444231,-29.144175],[152.394086,-29.24125],[152.351323,-29.249123],[152.298279,-29.307447],[152.331517,-29.341837],[152.451081,-29.358053],[152.388785,-29.445316],[152.412456,-29.50688],[152.354492,-29.545471],[152.336123,-29.640777],[152.280708,-29.665904],[152.264365,-29.750938],[152.205433,-29.771754],[152.17596,-29.817476],[152.197742,-29.875924],[152.267689,-29.847868],[152.285582,-29.907048],[152.275042,-29.960416],[152.313319,-30.030123],[152.280721,-30.087436],[152.309672,-30.147907],[152.35178,-30.355359],[152.428078,-30.418897],[152.478585,-30.396993],[152.474912,-30.356637],[152.547091,-30.28865],[152.559647,-30.243719],[152.655376,-30.255316],[152.692987,-30.189015],[152.803453,-30.189567],[152.82954,-30.222078],[152.952152,-30.215507],[153.063319,-30.287125],[153.092125,-30.241608],[153.148938,-30.240568],[153.1494270451918,-30.24079020308918]]]},"bbox":[152.17596,-30.418897,153.63442376114088,-28.303031]},
{"properties":{"electorateShortName":"parkes","electorateName":"Parkes","area":393047.12,"state":null},"type":"Feature","geometry":{"type":"Polygon","coordinates":[[[149.795665,-32.05809],[149.869721,-32.023779],[149.866099,-31.961503],[149.897359,-31.912621],[150.023983,-31.828752],[150.075072,-31.739869],[150.030212,-31.69088],[149.904783,-31.706764],[149.863574,-31.669611],[149.911314,-31.572789],[149.866949,-31.537269],[149.882911,-31.451994],[149.968049,-31.45813],[149.98813,-31.427367],[150.006557,-31.320806],[150.078838,-31.338094],[150.103379,-31.240018],[150.158496,-31.237667],[150.160961,-31.354959],[150.417667,-31.397631],[150.433278,-31.36388],[150.543292,-31.36287],[150.550514,-31.289523],[150.575295,-31.273798],[150.572125,-31.206047],[150.599399,-31.046846],[150.527741,-30.968574],[150.530401,-30.875117],[150.559266,-30.810814],[150.487268,-30.798984],[150.457961,-30.690158],[150.509647,-30.660088],[150.454351,-30.607517],[150.36502,-30.583433],[150.351488,-30.418184],[150.283241,-30.430848],[150.188295,-30.359725],[150.194998,-30.321087],[150.167062,-30.228544],[150.102263,-30.191946],[150.07566,-30.107363],[150.124153,-30.070046],[150.197512,-30.062574],[150.248852,-29.99348],[150.292859,-29.990531],[150.312409,-29.892556],[150.28796,-29.749832],[150.302421,-29.735565],[150.406833,-29.745087],[150.525355,-29.810999],[150.612074,-29.795893],[150.676957,-29.754931],[150.68871,-29.677912],[150.726032,-29.635639],[150.733308,-29.569273],[150.856784,-29.512519],[150.863628,-29.456517],[150.827929,-29.411862],[150.795123,-29.313725],[150.751241,-29.263237],[150.752277,-29.15097],[150.702024,-29.083907],[150.611552,-29.000026],[150.630952,-28.941345],[150.611922,-28.887505],[150.672147,-28.793301],[150.672684,-28.741396],[150.539403,-28.707396],[150.483443,-28.662131],[150.414296,-28.649864],[150.289648,-28.537157],[150.181437,-28.565038],[150.169679,-28.551113],[149.97158,-28.607665],[149.830077,-28.603846],[149.696606,-28.630759],[149.587511,-28.572882],[149.461772,-28.591551],[149.391403,-28.691734],[149.293978,-28.711683],[149.14239,-28.823873],[149.081108,-28.845866],[149.042373,-28.939312],[148.958086,-28.999051],[148.361055,-28.999043],[147.599628,-28.999057],[146.745786,-28.998946],[146.067784,-28.998645],[145.666844,-28.999081],[144.87418,-28.999091],[144.196177,-28.999115],[143.451901,-28.999069],[142.70748,-28.999091],[142.264797,-28.999074],[141.537076,-28.998996],[140.999265,-28.999101],[141.000018,-29.646656],[141.000455,-30.285945],[141.000699,-30.70755],[141.000764,-31.353757],[141.001289,-31.829147],[141.001004,-32.467467],[141.00215,-33.227123],[141.002239,-33.311159],[141.002258,-33.329008],[141.348003,-33.366658],[141.40258,-32.98766],[141.573204,-33.005572],[141.560773,-33.096293],[142.038355,-33.143941],[142.022933,-33.0848],[142.105679,-33.11242],[142.27428,-33.123423],[142.28965,-33.081676],[142.382492,-33.005539],[142.547987,-33.01714],[142.515536,-32.847454],[142.94435,-32.890533],[142.964638,-32.748537],[143.271212,-32.780229],[143.432435,-32.808446],[143.416969,-32.907493],[143.499566,-32.918349],[143.505852,-32.876004],[143.591987,-32.885141],[143.585153,-32.93103],[143.671807,-32.940764],[143.653413,-33.012413],[143.57281,-33.012429],[143.55246,-33.140481],[143.637288,-33.149916],[143.66485,-33.178855],[143.720951,-33.140453],[143.898192,-33.161392],[143.905907,-33.115708],[144.251426,-33.15507],[144.236255,-33.249829],[144.262641,-33.272906],[144.546947,-33.300011],[144.645681,-33.222352],[144.733424,-33.231398],[144.741889,-33.173591],[144.777974,-33.163461],[144.798235,-33.036219],[144.913078,-33.049131],[144.979402,-33.083791],[144.991731,-33.033662],[145.107556,-33.033712],[145.127254,-32.954686],[145.164993,-32.71483],[145.249374,-32.724393],[145.257279,-32.671254],[145.344278,-32.682486],[145.330563,-32.766674],[145.412631,-32.775949],[145.467462,-32.722507],[145.504348,-32.770092],[145.586515,-32.796236],[145.671923,-32.805722],[145.668529,-32.935871],[145.645258,-33.080312],[146.03166,-33.093579],[146.093631,-33.189083],[146.058892,-33.211808],[146.095088,-33.276178],[146.066897,-33.359114],[146.053962,-33.475767],[146.095141,-33.603131],[146.440808,-33.520858],[146.445623,-33.563875],[146.80888,-33.607151],[146.830767,-33.532427],[146.986431,-33.563834],[147.242778,-33.591816],[147.32036,-33.567801],[147.358351,-33.525343],[147.403505,-33.527012],[147.426412,-33.43462],[147.4804,-33.441743],[147.514722,-33.263086],[147.442535,-33.230847],[147.29794,-33.19184],[147.308075,-33.104384],[147.388534,-33.139417],[147.405017,-33.038017],[147.554975,-33.048197],[147.54302,-33.020151],[147.57105,-32.949714],[147.604257,-32.762695],[147.568364,-32.735381],[147.577635,-32.675638],[147.545261,-32.551855],[147.561644,-32.456001],[147.696383,-32.369297],[147.769979,-32.420741],[147.884373,-32.440303],[147.965854,-32.499699],[148.003651,-32.564126],[148.092036,-32.614783],[148.128486,-32.682979],[148.347143,-32.675763],[148.391421,-32.621925],[148.501184,-32.614117],[148.605154,-32.652179],[148.669562,-32.624041],[148.719957,-32.575391],[148.700407,-32.496936],[148.703837,-32.434946],[148.754109,-32.419051],[148.851192,-32.31338],[148.927247,-32.271664],[148.944185,-32.174016],[149.059265,-32.096665],[149.100358,-32.115175],[149.193756,-32.104421],[149.220152,-32.180984],[149.189159,-32.290575],[149.305892,-32.304507],[149.346378,-32.238059],[149.413277,-32.175537],[149.432506,-32.095033],[149.494803,-32.102092],[149.573847,-32.086985],[149.638067,-32.112778],[149.750811,-32.119822],[149.795665,-32.05809]]]},"bbox":[140.999265,-33.607151,150.863628,-28.537157]},
{"properties":{"electorateShortName":"parramatta","electorateName":"Parramatta","area":56.81,"state":null},"type":"Feature","geometry":{"type":"Polygon","coordinates":[[[151.051103,-33.824238],[151.0476,-33.766489],[151.031131,-33.768966],[150.966879,-33.781121],[150.952387,-33.811574],[150.996472,-33.851322],[151.030078,-33.835178],[151.051103,-33.824238]]]},"bbox":[150.952387,-33.851322,151.051103,-33.766489]},
{"properties":{"electorateShortName":"paterson","electorateName":"Paterson","area":1036.73,"state":null},"type":"Feature","geometry":{"type":"Polygon","coordinates":[[[151.81011,-32.87822],[151.788615,-32.902716],[151.753763,-32.953028],[151.8165357736911,-32.967990314873404],[151.83664445196408,-32.96421955150445],[151.8553819293513,-32.956004654095864],[151.89400335854864,-32.93352635635975],[151.9805366223821,-32.89810763714309],[152.0584216788718,-32.87640389787091],[152.12612577270727,-32.88225860573515],[152.2487413144566,-32.825873203788994],[152.27610922236622,-32.800806756392355],[152.284732524619,-32.78638455826672],[152.2905245629701,-32.77061073716156],[152.2782182806919,-32.67467243684739],[152.22260079074894,-32.62187278187251],[152.18698,-32.669451],[152.194486,-32.707671],[151.976222,-32.684583],[151.932013,-32.661416],[151.844219,-32.661604],[151.756003,-32.678348],[151.727015,-32.751268],[151.569049,-32.697386],[151.509915,-32.687487],[151.496875,-32.638999],[151.407184,-32.679147],[151.433194,-32.757466],[151.396164,-32.77718],[151.407551,-32.825686],[151.477827,-32.87227],[151.608578,-32.880151],[151.672974,-32.829504],[151.72725,-32.837075],[151.81011,-32.87822]]]},"bbox":[151.396164,-32.967990314873404,152.2905245629701,-32.62187278187251]},
{"properties":{"electorateShortName":"reid","electorateName":"Reid","area":49.16,"state":null},"type":"Feature","geometry":{"type":"Polygon","coordinates":[[[151.117504,-33.888516],[151.159279,-33.845383],[151.128305,-33.842931],[151.051103,-33.824238],[151.030078,-33.835178],[151.042278,-33.861729],[151.117504,-33.888516]]]},"bbox":[151.030078,-33.888516,151.159279,-33.824238]},
{"properties":{"electorateShortName":"richmond","electorateName":"Richmond","area":2133.02,"state":null},"type":"Feature","geometry":{"type":"Polygon","coordinates":[[[153.1094,-28.35744],[153.160263,-28.524129],[153.247732,-28.515887],[153.32783,-28.542733],[153.412627,-28.618563],[153.40682,-28.742889],[153.448133,-28.746851],[153.441382,-28.823097],[153.486858,-28.864848],[153.475801,-28.924591],[153.544475,-28.917804],[153.46787302348278,-29.014032200040766],[153.59549656343637,-28.991944407771395],[153.60905957499835,-28.980484401022018],[153.6314459004681,-28.957417999201613],[153.6455704000688,-28.948436929925048],[153.67015112389404,-28.92029654228333],[153.69882777718192,-28.844882256935247],[153.6903731796806,-28.77725661309132],[153.72866297110215,-28.639496274872936],[153.70295666185527,-28.570436125287802],[153.64893776911825,-28.544040860463163],[153.6433126969106,-28.475979753496002],[153.67045626498054,-28.356284413846428],[153.67619338147702,-28.26250260372585],[153.6614271081666,-28.158597579478773],[153.65242931896688,-28.14323189545776],[153.63940867978158,-28.12831855697785],[153.63404774238148,-28.124285244721126],[153.63037974878958,-28.117632513592564],[153.61926483744028,-28.10434632708651],[153.61820351306903,-28.103485653204775],[153.61714382330146,-28.102130136900527],[153.60337201233116,-28.090391404994122],[153.58753028599884,-28.081644959374064],[153.5522566258764,-28.07440804073218],[153.53425070863625,-28.07621013632157],[153.52972103667435,-28.077617071612156],[153.46828461733375,-28.067436295752024],[153.4502654809873,-28.07106099758732],[153.447581,-28.076061],[153.45439,-28.089031],[153.498658,-28.145515],[153.552171,-28.164408],[153.485949,-28.157028],[153.356812,-28.249619],[153.296863,-28.234233],[153.184434,-28.246209],[153.1094,-28.35744]]]},"bbox":[153.1094,-29.014032200040766,153.72866297110215,-28.067436295752024]},
{"properties":{"electorateShortName":"riverina","electorateName":"Riverina","area":48976.17,"state":null},"type":"Feature","geometry":{"type":"Polygon","coordinates":[[[149.119836,-33.887828],[149.174789,-33.844937],[149.257743,-33.740656],[149.17209,-33.72628],[149.091447,-33.765415],[149.041283,-33.809334],[148.974557,-33.756454],[148.99366,-33.720609],[148.907469,-33.673053],[148.922397,-33.599333],[148.82321,-33.56568],[148.787796,-33.529269],[148.712026,-33.573728],[148.635899,-33.567008],[148.557937,-33.602925],[148.524169,-33.577287],[148.417382,-33.607154],[148.388833,-33.57999],[148.392772,-33.518727],[148.290651,-33.491909],[148.313524,-33.453189],[148.365145,-33.435299],[148.418223,-33.385],[148.397185,-33.269909],[148.495895,-33.190869],[148.486567,-33.123236],[148.505455,-33.062037],[148.430165,-32.969942],[148.381831,-32.93455],[148.378164,-32.833103],[148.328315,-32.798687],[148.329513,-32.701025],[148.347143,-32.675763],[148.128486,-32.682979],[148.092036,-32.614783],[148.003651,-32.564126],[147.965854,-32.499699],[147.884373,-32.440303],[147.769979,-32.420741],[147.696383,-32.369297],[147.561644,-32.456001],[147.545261,-32.551855],[147.577635,-32.675638],[147.568364,-32.735381],[147.604257,-32.762695],[147.57105,-32.949714],[147.54302,-33.020151],[147.554975,-33.048197],[147.405017,-33.038017],[147.388534,-33.139417],[147.308075,-33.104384],[147.29794,-33.19184],[147.442535,-33.230847],[147.514722,-33.263086],[147.4804,-33.441743],[147.426412,-33.43462],[147.403505,-33.527012],[147.358351,-33.525343],[147.32036,-33.567801],[147.242778,-33.591816],[146.986431,-33.563834],[146.830767,-33.532427],[146.80888,-33.607151],[146.445623,-33.563875],[146.440808,-33.520858],[146.095141,-33.603131],[146.0703,-33.753534],[146.437185,-33.794499],[146.417433,-33.910635],[146.492809,-33.919657],[146.458206,-34.13293],[146.635404,-34.151187],[146.623872,-34.224735],[146.729043,-34.236768],[146.718745,-34.298111],[146.823028,-34.310851],[146.795492,-34.470798],[146.911568,-34.482591],[146.843266,-34.83723],[146.84358,-34.899125],[146.784477,-34.924058],[146.807657,-34.986944],[146.7942,-35.058208],[146.761524,-35.076441],[146.688478,-35.067979],[146.615161,-35.114348],[146.563727,-35.119126],[146.389251,-35.231731],[146.403804,-35.304452],[146.364032,-35.337739],[146.354226,-35.387797],[146.428237,-35.471405],[146.540094,-35.487174],[146.669769,-35.520279],[146.662323,-35.547763],[146.796881,-35.574699],[146.871365,-35.57586],[147.087341,-35.450465],[147.226524,-35.473668],[147.283199,-35.500123],[147.480995,-35.54516],[147.525087,-35.483406],[147.607787,-35.539571],[147.685594,-35.534198],[147.845391,-35.554599],[147.92309,-35.542743],[147.883819,-35.488498],[147.897578,-35.412494],[147.884291,-35.357405],[147.845544,-35.329987],[147.894832,-35.233724],[147.97579,-35.203695],[148.119788,-35.202562],[148.221527,-35.166189],[148.215651,-35.110415],[148.333559,-35.138318],[148.456831,-35.154524],[148.469226,-35.080143],[148.567022,-35.094995],[148.572949,-35.001426],[148.522267,-34.90147],[148.563403,-34.805531],[148.586709,-34.627441],[148.659582,-34.61429],[148.653642,-34.542419],[148.622363,-34.526737],[148.614754,-34.466283],[148.553622,-34.411429],[148.609878,-34.356317],[148.608096,-34.30067],[148.645351,-34.251831],[148.645477,-34.10725],[148.730955,-34.078698],[148.763135,-34.038251],[148.767364,-33.981956],[148.869453,-33.94686],[148.927697,-33.981342],[148.982051,-33.924165],[149.082078,-33.91288],[149.119836,-33.887828]]]},"bbox":[146.0703,-35.57586,149.257743,-32.369297]},
{"properties":{"electorateShortName":"robertson","electorateName":"Robertson","area":893.72,"state":null},"type":"Feature","geometry":{"type":"Polygon","coordinates":[[[151.335198,-33.582209],[151.319113,-33.667793],[151.3764779200196,-33.662183797299996],[151.41748297095455,-33.61756711749504],[151.42026450041848,-33.61740090785588],[151.43957783912325,-33.61177027890689],[151.46672031455105,-33.59840127014504],[151.5331249805535,-33.51187528501679],[151.53664128398967,-33.48318542450082],[151.5368633263755,-33.48273557252156],[151.54145584430685,-33.4653837125047],[151.542363675091,-33.443801585899884],[151.5357878919052,-33.40341921875969],[151.485003,-33.398629],[151.449605,-33.429352],[151.34508,-33.412419],[151.376638,-33.371292],[151.302593,-33.36238],[151.302527,-33.328444],[151.216733,-33.248361],[151.202626,-33.13886],[151.135527,-33.110401],[151.099671,-33.144458],[151.090244,-33.324986],[150.999641,-33.351156],[150.988457,-33.379232],[151.032748,-33.406351],[151.103296,-33.482514],[151.158792,-33.517262],[151.2305,-33.535448],[151.284798,-33.572214],[151.335198,-33.582209]]]},"bbox":[150.988457,-33.667793,151.542363675091,-33.110401]},
{"properties":{"electorateShortName":"shortland","electorateName":"Shortland","area":199.14,"state":null},"type":"Feature","geometry":{"type":"Polygon","coordinates":[[[151.51218,-33.194307],[151.565085,-33.247326],[151.561813,-33.262433],[151.59709147603428,-33.3314424995222],[151.6284859317159,-33.31120339707877],[151.6521667074738,-33.28458536396651],[151.6584718374237,-33.2819573530414],[151.66057889142596,-33.28075984181096],[151.6762907377645,-33.27208272868098],[151.70106755916697,-33.24635503973288],[151.76410263161327,-33.09529816994566],[151.8104853931804,-33.048326153225936],[151.81900011175117,-33.024409309022644],[151.82006575226737,-33.01319078558381],[151.820432775838,-33.011765756673164],[151.82109685509607,-33.0013723227667],[151.82768717579825,-32.9711847960916],[151.82786317579823,-32.9660007960916],[151.8268807909079,-32.94934229316257],[151.81587925095675,-32.917985065291276],[151.788615,-32.902716],[151.753763,-32.953028],[151.745797,-32.956695],[151.737915,-32.962947],[151.662412,-32.929851],[151.614129,-32.955406],[151.633277,-33.041009],[151.613877,-33.090566],[151.532684,-33.140792],[151.51218,-33.194307]]]},"bbox":[151.51218,-33.3314424995222,151.82786317579823,-32.902716]},
{"properties":{"electorateShortName":"sydney","electorateName":"Sydney","area":40.64,"state":null},"type":"Feature","geometry":{"type":"MultiPolygon","coordinates":[[[[151.179039,-33.920542],[151.215031,-33.900896],[151.22665,-33.854461],[151.195942,-33.849776],[151.179039,-33.920542]]],[[[158.94976394558378,-31.496391718459954],[158.95818029116379,-31.56310283993674],[159.01845624423785,-31.670339775313174],[159.0744588798525,-31.687729220007785],[159.12639185431473,-31.670888670030337],[159.19134432027892,-31.590733558002533],[159.19373558904016,-31.508268453340733],[159.12036609546084,-31.41905763760008],[159.0367773433553,-31.410591340507224],[158.9659373584346,-31.45818620194647],[158.94976394558378,-31.496391718459954]]],[[[151.24988,-34.001238],[151.28728504618047,-33.976948641541256],[151.29589087036567,-33.96224910739588],[151.30157301861627,-33.94619140814423],[151.30412796023032,-33.929350719697894],[151.30403992054005,-33.9270932357397],[151.31761455557833,-33.89487739631135],[151.3202868042313,-33.84891983030638],[151.31592874660578,-33.82979604923934],[151.31591974660577,-33.829770049239336],[151.30922165549023,-33.814924846909456],[151.30598638233494,-33.81039749917874],[151.301061,-33.818464],[151.290672,-33.828322],[151.280955,-33.832769],[151.282829,-33.862556],[151.282691,-33.877446],[151.281274,-33.891017],[151.270355,-33.906403],[151.266539,-33.913935],[151.261402,-33.914886],[151.257682,-33.922042],[151.25946,-33.937314],[151.258558,-33.945658],[151.256967,-33.951596],[151.256485,-33.964933],[151.251886,-33.964671],[151.251185,-33.978936],[151.24988,-34.001238]]]]},"bbox":[151.179039,-34.001238,159.19373558904016,-31.410591340507224]},
{"properties":{"electorateShortName":"warringah","electorateName":"Warringah","area":52.24,"state":null},"type":"Feature","geometry":{"type":"Polygon","coordinates":[[[151.290672,-33.828322],[151.280955,-33.832769],[151.282829,-33.862556],[151.282691,-33.877446],[151.281274,-33.891017],[151.270355,-33.906403],[151.266539,-33.913935],[151.261402,-33.914886],[151.257682,-33.922042],[151.25946,-33.937314],[151.258558,-33.945658],[151.2582523218866,-33.946798865265464],[151.27231781728764,-33.94462457355239],[151.28762917083318,-33.939317181876376],[151.3017405717338,-33.931350104719655],[151.31419452148418,-33.92098163861258],[151.3233577889999,-33.911836224930354],[151.35511672776147,-33.895624367766786],[151.36876370323563,-33.8831458783182],[151.3795722732566,-33.868141630499245],[151.39747991702387,-33.80321308883497],[151.39479355711504,-33.785482702940584],[151.391926154766,-33.77762624229919],[151.3876328207775,-33.73302233644869],[151.36798289516983,-33.697951468402046],[151.31879460807517,-33.668959333828575],[151.302516,-33.732569],[151.30748,-33.738554],[151.317705,-33.74201],[151.307883,-33.744221],[151.299717,-33.756601],[151.227126,-33.751393],[151.203599,-33.773133],[151.232938,-33.792589],[151.22665,-33.854461],[151.290672,-33.828322]]]},"bbox":[151.203599,-33.946798865265464,151.39747991702387,-33.668959333828575]},
{"properties":{"electorateShortName":"watson","electorateName":"Watson","area":47.47,"state":null},"type":"Feature","geometry":{"type":"Polygon","coordinates":[[[151.119054,-33.9122],[151.117504,-33.888516],[151.042278,-33.861729],[151.035641,-33.940462],[151.076976,-33.943251],[151.119054,-33.9122]]]},"bbox":[151.035641,-33.943251,151.119054,-33.861729]},
{"properties":{"electorateShortName":"wentworth","electorateName":"Wentworth","area":27.98,"state":null},"type":"Feature","geometry":{"type":"Polygon","coordinates":[[[151.266539,-33.913935],[151.261402,-33.914886],[151.257682,-33.922042],[151.25946,-33.937314],[151.258558,-33.945658],[151.256967,-33.951596],[151.256485,-33.964933],[151.251886,-33.964671],[151.251185,-33.978936],[151.24988,-34.001238],[151.28475731187217,-34.00323797065998],[151.31748003007198,-33.99154248026192],[151.3315377561438,-33.98119177509382],[151.34333276650986,-33.96832186871296],[151.3533666208724,-33.95085347354664],[151.36013108552564,-33.94280325014113],[151.36858969049587,-33.927460667010926],[151.3759068670846,-33.89336376099774],[151.3760018670846,-33.887578760997734],[151.37481245431866,-33.872617205111425],[151.38062318108362,-33.82535804627908],[151.37832868010616,-33.807918411277235],[151.3726858497423,-33.791258157100955],[151.3523370519727,-33.762767279611595],[151.317705,-33.74201],[151.307883,-33.744221],[151.299717,-33.756601],[151.288071,-33.79454],[151.297149,-33.799331],[151.301061,-33.818464],[151.290672,-33.828322],[151.22665,-33.854461],[151.215031,-33.900896],[151.266539,-33.913935]]]},"bbox":[151.215031,-34.00323797065998,151.38062318108362,-33.74201]},
{"properties":{"electorateShortName":"werriwa","electorateName":"Werriwa","area":171.49,"state":null},"type":"Feature","geometry":{"type":"Polygon","coordinates":[[[150.918927,-33.939096],[150.881878,-33.888583],[150.842448,-33.876249],[150.767908,-33.875728],[150.720944,-33.869447],[150.731798,-33.939931],[150.888573,-34.005463],[150.918927,-33.939096]]]},"bbox":[150.720944,-34.005463,150.918927,-33.869447]},
{"properties":{"electorateShortName":"whitlam","electorateName":"Whitlam","area":1295.54,"state":null},"type":"Feature","geometry":{"type":"Polygon","coordinates":[[[150.398143,-34.705149],[150.548328,-34.650451],[150.576376,-34.669631],[150.666625,-34.611709],[150.758131,-34.613022],[150.796952,-34.641328],[150.860886,-34.627883],[150.8480896894389,-34.727658291908824],[150.8871367841526,-34.71662261250747],[150.93052347482617,-34.684520884729885],[150.9457057587052,-34.67816498033894],[150.96026994389834,-34.6683762915806],[150.9944370466992,-34.59881495287366],[150.9887308853442,-34.56538091877644],[150.98679549987628,-34.56140876308465],[150.9825749265571,-34.55119322407827],[150.97691776137816,-34.542749281380736],[150.98660855159446,-34.4862492851474],[150.94573117334355,-34.41024195609816],[150.89778,-34.500723],[150.850837,-34.450786],[150.747162,-34.461249],[150.689634,-34.441706],[150.745677,-34.337416],[150.634633,-34.319652],[150.570022,-34.380552],[150.530565,-34.385063],[150.455872,-34.432114],[150.32004,-34.476547],[150.254535,-34.566204],[150.257508,-34.597417],[150.340998,-34.592213],[150.416149,-34.662966],[150.398143,-34.705149]]]},"bbox":[150.254535,-34.727658291908824,150.9944370466992,-34.319652]},
{"properties":{"electorateShortName":"bean","electorateName":"Bean","area":1913.8,"state":null},"type":"Feature","geometry":{"type":"MultiPolygon","coordinates":[[[[148.961731,-35.218467],[148.810134,-35.307449],[148.80866,-35.382455],[148.76279,-35.495499],[148.768896,-35.604262],[148.798521,-35.666979],[148.788443,-35.697807],[148.834726,-35.740511],[148.889403,-35.722723],[148.912654,-35.85546],[148.958406,-35.891788],[149.048811,-35.92041],[149.101088,-35.805063],[149.109418,-35.696586],[149.078148,-35.586417],[149.140486,-35.588292],[149.146391,-35.415303],[149.206345,-35.345905],[149.069556,-35.34837],[149.03396,-35.265887],[148.979653,-35.25937],[148.961731,-35.218467]]],[[[167.82914756990164,-29.03761620986369],[167.85698028875942,-29.15094162022373],[167.93247987763982,-29.221112516789887],[167.99912819946843,-29.20884773723631],[168.0439068720894,-29.16360639736982],[168.08435949541587,-29.05796224602058],[168.08666362691164,-29.013321594575746],[168.04872476902204,-28.953015319262146],[167.9190038618016,-28.905293081763933],[167.8535358886041,-28.93418929071207],[167.8281946453923,-28.980280815231556],[167.82914756990164,-29.03761620986369]]]]},"bbox":[148.76279,-35.92041,168.08666362691164,-28.905293081763933]},
{"properties":{"electorateShortName":"canberra","electorateName":"Canberra","area":312.39,"state":null},"type":"Feature","geometry":{"type":"Polygon","coordinates":[[[149.206345,-35.345905],[149.249308,-35.330127],[149.336346,-35.339884],[149.39718,-35.324254],[149.3153,-35.276231],[149.271628,-35.270805],[149.200699,-35.205565],[149.07339,-35.241107],[149.03396,-35.265887],[149.069556,-35.34837],[149.206345,-35.345905]]]},"bbox":[149.03396,-35.34837,149.39718,-35.205565]},
{"properties":{"electorateShortName":"fenner","electorateName":"Fenner","area":238.48,"state":null},"type":"Feature","geometry":{"type":"MultiPolygon","coordinates":[[[[149.03396,-35.265887],[149.07339,-35.241107],[149.200699,-35.205565],[149.164278,-35.141905],[149.120948,-35.124416],[148.961731,-35.218467],[148.979653,-35.25937],[149.03396,-35.265887]]],[[[150.701604,-35.122862],[150.607504,-35.143847],[150.593971,-35.185018],[150.539507,-35.216614],[150.57510496828473,-35.273018413904246],[150.6331708912447,-35.26561565823347],[150.63791567709697,-35.26974400555528],[150.6524586286991,-35.27970124018871],[150.68590825246176,-35.29027408189822],[150.72085894202002,-35.287255537367905],[150.80703598624854,-35.244604499027744],[150.84561985897454,-35.1914483257318],[150.84944952770863,-35.175856797906675],[150.84955629240272,-35.17414338924785],[150.85132457111789,-35.16777302900864],[150.85171534378281,-35.16189151440761],[150.86201552240138,-35.13039810342723],[150.85787445391327,-35.08852433969004],[150.799512,-35.09063],[150.785012,-35.030788],[150.6759124530531,-35.02899759421448],[150.701604,-35.122862]]]]},"bbox":[148.961731,-35.29027408189822,150.86201552240138,-35.02899759421448]},
{"properties":{"electorateShortName":"lingiari","electorateName":"Lingiari","area":1348053.47,"state":null},"type":"Feature","geometry":{"type":"MultiPolygon","coordinates":[[[[137.998246,-23.520895],[137.998262,-22.999868],[137.997914,-22.418519],[137.997458,-21.682468],[137.997153,-21.173006],[137.996893,-20.745111],[137.996578,-20.224427],[137.996355,-19.852127],[137.996076,-19.293339],[137.996616,-18.868219],[137.995607,-18.178295],[137.995204,-17.611374],[137.994903,-17.044272],[138.00118,-16.544509],[137.9989547891849,-16.417235122298322],[137.93141404025528,-16.36447775099117],[137.78316080072145,-16.159872160135716],[137.6081482534936,-16.09164684238411],[137.51330223792775,-16.075255821926095],[137.37988056871336,-16.028384946687858],[137.28526469650652,-15.92722961745233],[137.162717696466,-15.87420837115471],[137.195946045536,-15.781194669838689],[137.1877932418214,-15.703775496382796],[137.15834075603271,-15.594257258849314],[137.04626986188697,-15.505033728330412],[137.00383229083775,-15.423768706349048],[136.9233632888297,-15.402925816764718],[136.8159262676659,-15.433593918481703],[136.78288451260445,-15.471125522822234],[136.713569457271,-15.512142249971747],[136.67816515250993,-15.464589161843913],[136.5990015811722,-15.423207926989901],[136.47729393238626,-15.437101010480449],[136.42454200595753,-15.49177339374145],[136.41817913842146,-15.536757243654835],[136.35847854093348,-15.5091372250749],[136.32313041922103,-15.38230387155685],[136.25345175186547,-15.314199339062634],[136.19506668667307,-15.301030161853701],[135.98291073043893,-15.178689991864452],[135.93885388171904,-15.128059808982748],[135.88019612465013,-15.09066929858162],[135.8692714841926,-15.048617621345956],[135.81913549964486,-14.972979656159895],[135.85322619894035,-14.922015967812913],[135.85454794017284,-14.847622160802368],[135.83279620201372,-14.795678643466982],[135.77608578406972,-14.751214697163325],[135.70005067864687,-14.748552643510699],[135.6384468581391,-14.796754368893374],[135.57634993866017,-14.93388779019139],[135.53135318568272,-14.899129766163698],[135.48628847458204,-14.793160686259215],[135.55837002128783,-14.756520391976226],[135.62106598885524,-14.693924786150536],[135.62743966653284,-14.62482033253753],[135.68331010444882,-14.589892785358364],[135.7202681915635,-14.499373165700591],[135.80997658032388,-14.341464058777069],[135.89253683452387,-14.28340960162621],[135.97765534595896,-14.241647465751651],[135.99196821584593,-14.20752555560861],[135.978629182662,-14.139505407587148],[136.0049545035284,-14.024668559839672],[136.0773631983064,-13.913611958106983],[136.21494362821898,-13.946525763701876],[136.2984277950707,-13.925798834159375],[136.3187811894639,-13.965700115654357],[136.33876079791378,-14.10571544988454],[136.2718645052592,-14.14028944010307],[136.2351451270261,-14.198073974726151],[136.2473514060896,-14.292123987515271],[136.30065434003,-14.332839347364674],[136.3673128370173,-14.325383606374068],[136.40981393014476,-14.295739146196142],[136.51735555699202,-14.342024513412985],[136.5749567376797,-14.352590141110943],[136.60941077137957,-14.385854187519898],[136.67995777038672,-14.399371650753888],[136.73479383826532,-14.370714127521673],[136.79993255566617,-14.425115314676566],[136.86584239774683,-14.415537880809904],[136.95451498569784,-14.443715066393832],[137.02733866138007,-14.402786430807083],[137.0749541535164,-14.258171220222005],[137.0489889709967,-14.193194247026334],[137.04876260866368,-14.137641525080166],[137.01785335596125,-14.094019854246339],[136.94434671098347,-14.052422726686514],[136.89524343624225,-14.05037932324043],[136.89326263880008,-13.995096515272177],[136.9384802783003,-13.952731624079961],[136.9615024010068,-13.888970983586873],[137.01427041107087,-13.811465382618431],[136.99240480844145,-13.734905034189149],[137.053058222993,-13.63858638761473],[137.0344572712518,-13.572777622524463],[137.00625693305437,-13.546974322849204],[136.94108001857262,-13.536781313172156],[136.88126480200626,-13.560932812027602],[136.81864960019817,-13.616216229142752],[136.75572856801628,-13.546408342963273],[136.6883311430998,-13.528144971914477],[136.62045328245415,-13.566672374106927],[136.56094505187488,-13.567456463256486],[136.50493611949526,-13.601809401866776],[136.48889119798378,-13.567564767690701],[136.35269367550595,-13.503661300287112],[136.3507417672248,-13.415133989094091],[136.41375528250174,-13.401100628542348],[136.46805915734748,-13.34373722785936],[136.5372649314926,-13.30551314957318],[136.56605990505517,-13.237162693569752],[136.61155174470258,-13.195732514857044],[136.64312400878683,-13.107140402021134],[136.70192388770568,-13.092649858033237],[136.7541513246124,-13.030992134497158],[136.75280954769076,-12.974676585585733],[136.80876584124334,-12.9313920041985],[136.80828485516471,-12.83875534901179],[136.75728794881033,-12.796381184266059],[136.78905089844093,-12.712221607657982],[136.78042951914244,-12.66501571202574],[136.8342413065467,-12.631285202722943],[136.85924021822905,-12.57823390568086],[136.96458292578208,-12.463902055814922],[137.02826271768095,-12.436836635040557],[137.0647017626043,-12.373834269316843],[137.05952563184968,-12.302912082023255],[137.01397391104337,-12.25986663793531],[136.98765546607717,-12.206591565905136],[136.9341920943049,-12.153668156872417],[136.9568551472734,-12.068497270176191],[136.91476766197553,-12.011465232035878],[136.83938568708567,-11.983911780303442],[136.76432985203888,-12.000927965310062],[136.68004973952148,-12.092510240290443],[136.65517688297223,-12.025529536321935],[136.6256298104717,-11.995072111576473],[136.66490016760577,-11.949008921463372],[136.74246808903027,-11.895586911763505],[136.77663370260453,-11.841171164824871],[136.76243427669738,-11.771386928292044],[136.71966515011943,-11.738314524868755],[136.68753588888927,-11.673843981146792],[136.64763335191012,-11.651142068923873],[136.56525597890882,-11.657198119744875],[136.48270028442008,-11.68704497592342],[136.35901692264468,-11.77930978524284],[136.2838234471342,-11.869957768948282],[136.22087633781612,-11.908633855068818],[136.18309635130078,-11.908271627611125],[136.09431212858024,-11.944701448384803],[136.05952061582585,-11.974502426586787],[136.02446413677347,-11.958377831018016],[136.0746540910243,-11.889553659115647],[136.21370936832767,-11.773642358427283],[136.3073970960867,-11.741228071906276],[136.38497816415276,-11.69655113527241],[136.45192164796165,-11.63424140632791],[136.51619048125974,-11.593473377857272],[136.55302040594432,-11.531427176611718],[136.6064764438955,-11.499079975306323],[136.75497963629445,-11.305192401276036],[136.80742371526776,-11.215428684991036],[136.85447195593554,-11.054990156973977],[136.84796345521917,-10.97691304457943],[136.80156147713905,-10.921908164802689],[136.74783996571367,-10.911472433543905],[136.6759825532239,-10.94050460136272],[136.631669726955,-11.016871999498878],[136.59340770488816,-11.121602100752423],[136.56645172108438,-11.138909929900562],[136.49020173158377,-11.27991832991627],[136.4269682366919,-11.336596012998312],[136.39389564942763,-11.408507605962717],[136.2934501250567,-11.482540339886235],[136.20380749998745,-11.506183380707565],[136.15806439169535,-11.46160029362351],[136.06420277575938,-11.469331724751955],[135.99327670111361,-11.554223854363826],[135.90974452953395,-11.596976540452465],[135.86308093029228,-11.666995724813635],[135.81519775107733,-11.690500126120806],[135.78196757387437,-11.733199446126154],[135.74830108576563,-11.816542862662338],[135.70311130800525,-11.84365505965729],[135.5684602661132,-11.86433359051185],[135.49703212722852,-11.928733371437875],[135.44958258316692,-11.948146647091837],[135.41917882928573,-11.993271927371957],[135.34992017569107,-11.996739882508733],[135.25780468272262,-12.048416814722207],[135.2213313820279,-12.093913929466929],[135.15105313187138,-12.136471323942931],[135.07939683064188,-12.159232967057092],[135.09154064751175,-12.103973010027556],[135.08150432548737,-12.039885069010603],[135.17954067071352,-11.999591543515033],[135.21017258093923,-11.94637430629559],[135.1958894852069,-11.875756725187216],[135.16566732764565,-11.847724684032526],[135.08316970046033,-11.825214723801723],[134.99561885054317,-11.850677939095974],[134.9571304316212,-11.926141976124718],[134.898582476928,-11.934772207462121],[134.85247038167597,-11.919078083412371],[134.7937334363548,-11.868103051672163],[134.72765484612353,-11.861110879833449],[134.64166387371063,-11.885722374867536],[134.59129830973538,-11.952501287280931],[134.49817119714217,-11.981371658535425],[134.3885873749444,-11.956907931795067],[134.30330487297854,-11.89518886176719],[134.2667875890163,-11.81848048814565],[134.20022674518574,-11.800075888327283],[134.16048545333558,-11.813695152623222],[134.0308467025711,-11.76537427549202],[133.97877488488072,-11.677638423659948],[133.86753893598944,-11.638708138907752],[133.77825127083165,-11.63707541978318],[133.70348313751086,-11.690808646710348],[133.60861590788898,-11.709622456887784],[133.55476868652403,-11.673341972504415],[133.57720686865116,-11.477820277823218],[133.5525149817609,-11.427168173386193],[133.50829730594847,-11.385502702216984],[133.44373683984713,-11.377428922695422],[133.3578149787487,-11.40507091968159],[133.3145082735272,-11.439574344833295],[133.29280690661747,-11.553826446252604],[133.21858166345262,-11.63848078886789],[133.16576782145074,-11.538690181340742],[133.1612857009394,-11.49266682796604],[133.07837255686587,-11.378120101332932],[133.03159388042957,-11.342601787494862],[132.96447279513797,-11.255028617213801],[133.00971283360067,-11.177273378326742],[133.0594506215314,-11.159486736986455],[133.09923417335412,-11.104526906585843],[133.10051093228182,-11.034409184177978],[133.06877098232684,-10.994591099308275],[133.12869500045275,-10.936213319019341],[133.12584491131958,-10.870081474553704],[133.09344806338837,-10.831780664191255],[133.0166896206387,-10.817800629043212],[132.97708680649268,-10.833281352171525],[132.93597527683326,-10.89983608512182],[132.82244448328788,-10.876907547145365],[132.78260221710232,-10.88664682788315],[132.72997217102244,-10.957900080226059],[132.72919950776765,-11.046447738302083],[132.77652915076786,-11.107287561425233],[132.75727522639406,-11.138575064054466],[132.69816959087893,-11.098604708855673],[132.6752221243138,-11.022345862465727],[132.6739627020126,-10.926636200962237],[132.6214607965151,-10.884172862396115],[132.55338003123737,-10.885385141654522],[132.48560412400636,-10.936883797085532],[132.4277246896137,-10.937672030684636],[132.37539530370879,-10.986101299176124],[132.36772504847588,-11.033311735689752],[132.28068364409168,-11.011303657261218],[132.22907367479579,-11.034559831105557],[132.12748299547232,-11.032743502018956],[132.0695088199116,-11.061856020000656],[131.989452067031,-11.035236500752351],[131.9175289613135,-11.058549140312927],[131.76557370333623,-11.137323305442985],[131.72569107227824,-11.211630003068187],[131.6727493097399,-11.276472793559586],[131.6851490398979,-11.360435921111646],[131.74326748623466,-11.410431229248747],[131.84180413777528,-11.406376156697762],[131.86386867136844,-11.444301247733579],[131.86491896020618,-11.513175273742512],[131.92944390146343,-11.573452012361653],[131.99057171366385,-11.572819092772647],[132.02046334040975,-11.600993066742802],[132.0561693033877,-11.69274565337903],[132.13062713010632,-11.718075510409717],[132.18066898614137,-11.704960119231005],[132.23323115915346,-11.654211644660426],[132.29452856584186,-11.68806671072396],[132.37209064472069,-11.671259943075983],[132.49064592334668,-11.793287058396423],[132.5002235539629,-11.82832272458492],[132.55324508906457,-11.884170099416487],[132.5305686341714,-11.999804332650072],[132.4835544673625,-12.032257222984079],[132.42271830321357,-11.988725741966274],[132.3673122067872,-11.983535356643028],[132.2847991348268,-12.009514284779797],[132.24654074456714,-12.080556356206051],[132.18620530885158,-12.096187550689534],[132.03811250902908,-12.20630858906793],[131.99034269225655,-12.194694077995315],[131.94352997509378,-12.141647878533876],[131.85905355230443,-12.126848435137722],[131.73545343622445,-12.185152776157608],[131.65915326959657,-12.195035862828556],[131.46243550138877,-12.191771307985993],[131.42074031829804,-12.172336013176473],[131.44726047456803,-12.10826240391449],[131.43870899640316,-12.067130596255293],[131.3434648026207,-11.963260466260406],[131.27421804627522,-11.955573227721336],[131.22102144079957,-11.987888325999053],[131.17479186728218,-11.924612398617567],[131.27805540041916,-11.829767469635604],[131.33920667502247,-11.808965466883821],[131.4218120114186,-11.704260976361871],[131.50676955106394,-11.69101298246218],[131.55906324031815,-11.630647980781973],[131.55721433115008,-11.56154888044549],[131.60047541047447,-11.530623221475896],[131.6330702101186,-11.463425629019003],[131.623570523219,-11.387315175421108],[131.54992204281936,-11.308218623923965],[131.5156244797344,-11.222948229919172],[131.45371522673133,-11.175398295681758],[131.3799183082075,-11.164470454029114],[131.3378298705409,-11.11886189450572],[131.28962881711047,-11.101047372269754],[131.20162934631378,-11.118539585604568],[131.1525567996032,-11.160370033861582],[131.07412215238367,-11.177705980401697],[130.98809935181342,-11.245907118037325],[130.94836616086127,-11.226649470034383],[130.86744888972427,-11.224420745910697],[130.80490998106498,-11.272537267507312],[130.74303205142385,-11.279284104749113],[130.71999174234534,-11.247199547757768],[130.58755776883635,-11.182493293234392],[130.53616714011272,-11.178102904504236],[130.4512901923227,-11.09050882377263],[130.39970954636513,-11.075684611936735],[130.32291332276054,-11.095661191460685],[130.28428802015924,-11.153683822216566],[130.27384250799443,-11.251732256921308],[130.1947045310933,-11.276352403253316],[130.15861646829558,-11.338093817636153],[130.1061933145866,-11.377705717749727],[130.05847615113612,-11.475499063115883],[130.08778075566764,-11.579587127023297],[130.02431588404187,-11.595449443140597],[129.93104933907645,-11.766619162877042],[129.94981105925643,-11.849154579371367],[130.03440680364852,-11.912728903625004],[130.15739292499563,-11.911174389970682],[130.31788889105147,-11.864903276948386],[130.3656604066039,-11.88701466030353],[130.49067105464167,-11.919439522506059],[130.6629589806711,-11.909668514464546],[130.70377180121187,-11.896169202041737],[130.82403346512186,-11.940055559348785],[130.91697098033953,-12.023323663203099],[130.9046313782107,-12.185171273266425],[130.91130259498573,-12.220074342553234],[130.9190425949857,-12.239034342553234],[130.92256246486022,-12.245718923575788],[130.92284128167776,-12.246534509697332],[130.92435752313153,-12.249127916772318],[130.9267430251325,-12.253658221009013],[130.86419965015736,-12.289911766628718],[130.84698647818448,-12.361957243940978],[130.8282476900981,-12.373196011807373],[130.7928099315363,-12.348032475102027],[130.77384135004823,-12.340370933211561],[130.7536325767819,-12.337191028986624],[130.7513088943931,-12.3370929707784],[130.7124137217049,-12.324793614699558],[130.6296298126158,-12.291967771006822],[130.5937831604175,-12.295066042587976],[130.51060702265826,-12.346272177158093],[130.49424492517537,-12.438786529247652],[130.4465767492304,-12.423517628792865],[130.37801826196497,-12.44519641481643],[130.2803798884598,-12.59406661329572],[130.25795171298466,-12.681418998133502],[130.26443922168247,-12.810344703915929],[130.14437594746946,-12.825938581646955],[130.08164332380383,-12.86590625188958],[130.04363964680743,-12.938764213822196],[130.0400944357476,-13.024159549750875],[129.97703218004406,-13.03133053324235],[129.92687090099787,-13.113212047495297],[129.9355228759459,-13.20964602112463],[129.95433421346434,-13.240897177506996],[130.0556211151809,-13.300855968581441],[130.12863451072857,-13.311186644134896],[130.1013389174989,-13.366869567386155],[130.0430432085917,-13.392354130361953],[129.9892018338987,-13.441588640067014],[129.94196626857732,-13.36220124184117],[129.8758132361265,-13.353044833685793],[129.74087389473158,-13.454265924570873],[129.7274477167045,-13.494760185565195],[129.74112875882176,-13.555029535675443],[129.7027934383236,-13.645310007118693],[129.697450234632,-13.74686168722845],[129.64933805565806,-13.79558586959784],[129.6251178363391,-13.890683544331447],[129.52284757882947,-13.962816130266097],[129.44717856042172,-13.963464480901568],[129.38841110937267,-14.037002434281382],[129.4028062253986,-14.111648039085106],[129.33646818444268,-14.18305899595872],[129.31865781941596,-14.258046789019248],[129.27765326226108,-14.326312476689774],[129.26577156608613,-14.423904239367562],[129.2933534448247,-14.487496851106428],[129.3452715979336,-14.512500256367515],[129.3876739428371,-14.567666475914464],[129.49076853682053,-14.634615426835873],[129.5071550232985,-14.69827384197769],[129.4466540941024,-14.717408317913643],[129.40324845034615,-14.80103138738649],[129.26897171990626,-14.754779215884671],[129.17655722635342,-14.764930771175418],[129.13401569806734,-14.826348526279693],[129.08770666847505,-14.8037453151011],[129.03430978347745,-14.793561919248518],[129.01519978347744,-14.79056191924852],[128.9980054556632,-14.78953121448984],[128.93651046386213,-14.816944380718647],[128.91355134762296,-14.8600616300726],[129.001242,-14.879473],[129.000483,-15.608673],[129.000486,-16.199584],[129.00049,-16.781258],[129.000497,-17.372407],[129.000493,-17.667988],[129.000509,-18.240778],[129.000513,-18.682594],[129.000522,-19.083935],[129.001279,-19.998565],[129.001289,-20.998579],[129.000492,-21.232009],[129.001015,-21.998576],[129.001267,-22.248443],[129.001302,-22.998575],[129.000535,-23.440312],[129.001311,-23.99858],[129.000753,-24.331991],[129.000698,-24.831973],[129.000658,-25.33197],[129.001838,-25.998606],[129.801317,-25.99858],[130.499313,-25.998576],[131.048379,-25.998592],[131.751301,-25.998563],[132.414689,-25.998578],[132.993367,-25.998573],[133.614654,-25.998585],[134.149291,-25.998546],[134.77428,-25.998568],[135.401282,-25.998533],[136.249275,-25.998325],[136.999238,-25.997699],[137.415882,-25.997353],[137.999054,-25.996867],[137.998902,-25.457199],[137.996879,-25.137999],[137.998745,-24.833129],[137.9986,-24.249828],[137.998246,-23.520895]],[[130.955869,-12.534051],[130.849204,-12.44535],[130.837721,-12.411611],[130.896927,-12.33006],[130.936876,-12.342998],[130.950977,-12.443369],[131.000654,-12.488903],[130.955869,-12.534051]],[[135.96322739786478,-13.587859080527902],[135.9975038440333,-13.528077120522472],[136.02562465570665,-13.558653435876481],[135.96322739786478,-13.587859080527902]]],[[[136.75188147730543,-11.605369965178044],[136.72222659795645,-11.694696358736957],[136.76422841384675,-11.751930312873702],[136.82873540522093,-11.766439071611673],[136.91326087987113,-11.716570161992538],[136.92465095043178,-11.64188654199131],[136.86565204858093,-11.573079958900296],[136.8014043188878,-11.571916226082005],[136.75188147730543,-11.605369965178044]]],[[[135.88363669814603,-14.52540480984581],[135.93166796327984,-14.502208917927756],[135.96456331719222,-14.412705947985032],[135.92599583437993,-14.353740120037317],[135.8567679524931,-14.340628294630514],[135.7921075129206,-14.38886067152515],[135.78024780035472,-14.455196424931568],[135.81776941522605,-14.511171538862584],[135.88363669814603,-14.52540480984581]]],[[[135.23284817049722,-11.638193657847172],[135.16133247609363,-11.595999991333235],[135.1051127147907,-11.608597959549],[135.06003859502172,-11.677488171968267],[135.07038366145903,-11.736671557490922],[135.13114067629027,-11.793099696636762],[135.18686601930867,-11.796917338538929],[135.24150325346025,-11.759518633102351],[135.2583834614021,-11.689600410957517],[135.23284817049722,-11.638193657847172]]],[[[105.45856189994248,-10.459130172707372],[105.44904196827908,-10.543908036107105],[105.4962559121624,-10.595770769893898],[105.56031559752732,-10.603776013560992],[105.63760457391486,-10.659527866991283],[105.69512209172402,-10.653198242244262],[105.74869789396774,-10.604389716056145],[105.75752816286914,-10.558644029117211],[105.80225775068966,-10.47477803437727],[105.78803555844205,-10.384945142833708],[105.74305880347833,-10.333453233379437],[105.65778218273282,-10.325751700637175],[105.59888858111607,-10.364367801640821],[105.53596619952233,-10.353287456884805],[105.46405534365466,-10.417138666310702],[105.45856189994248,-10.459130172707372]]],[[[96.7292518118346,-12.162903053601019],[96.74621930704251,-12.23467327148594],[96.8201683127543,-12.293147975539123],[96.91796537915731,-12.29599083128604],[96.99321361296656,-12.252217386002492],[97.01698098095385,-12.202608655615313],[97.00098994257834,-12.10594932075023],[96.92765317141856,-12.009235924346367],[96.85533161967876,-11.983752384076027],[96.79440332646486,-11.993084146294766],[96.75630304218998,-12.025861795760392],[96.7292518118346,-12.162903053601019]]],[[[96.913970729066,-11.855122718923313],[96.90918291500618,-11.779540373136934],[96.87885536741754,-11.742896845549497],[96.81229419494633,-11.725430424549675],[96.73969413838945,-11.777012410189792],[96.7339946942229,-11.864615066550725],[96.77285521322419,-11.910031632231973],[96.8441338804279,-11.92176226203781],[96.913970729066,-11.855122718923313]]]]},"bbox":[96.7292518118346,-25.998606,138.00118,-10.325751700637175]},
{"properties":{"electorateShortName":"solomon","electorateName":"Solomon","area":190.74,"state":null},"type":"Feature","geometry":{"type":"Polygon","coordinates":[[[130.936876,-12.342998],[131.02486655312515,-12.324086031283517],[130.99769085347336,-12.276653794548311],[130.9660835271467,-12.25786915437189],[130.9443326523976,-12.253615742543476],[130.92902799950883,-12.245979527650388],[130.91202192716878,-12.241334901105889],[130.84301961622634,-12.25729572121893],[130.78380164125912,-12.310383655946492],[130.7649263379172,-12.333456021205835],[130.75690451251393,-12.339521769833512],[130.75484451251393,-12.341451769833512],[130.7427883750975,-12.355317191673208],[130.72915257782708,-12.428247591702204],[130.767338,-12.443129],[130.7706592360983,-12.536342267087957],[130.884649,-12.574792],[130.873858,-12.528031],[130.922618,-12.509251],[130.955869,-12.534051],[131.000654,-12.488903],[130.950977,-12.443369],[130.936876,-12.342998]]]},"bbox":[130.72915257782708,-12.574792,131.02486655312515,-12.241334901105889]},
{"properties":{"electorateShortName":"blair","electorateName":"Blair","area":6471.4,"state":null},"type":"Feature","geometry":{"type":"Polygon","coordinates":[[[152.927755,-27.685268],[152.854983,-27.636885],[152.860812,-27.597965],[152.842765,-27.496515],[152.748793,-27.495279],[152.747224,-27.407082],[152.707818,-27.351805],[152.748503,-27.318755],[152.683571,-27.271608],[152.703542,-27.199205],[152.733396,-27.170662],[152.733514,-27.107431],[152.686905,-27.08333],[152.702502,-27.030798],[152.663073,-26.948173],[152.688613,-26.896925],[152.670009,-26.854815],[152.679214,-26.799877],[152.667303,-26.773009],[152.58682,-26.733463],[152.552933,-26.706037],[152.583203,-26.645384],[152.575195,-26.584007],[152.456971,-26.580891],[152.440343,-26.557075],[152.442847,-26.460453],[152.314662,-26.479876],[152.284392,-26.452367],[152.2063,-26.508644],[152.167652,-26.475419],[152.125717,-26.50656],[152.126748,-26.637973],[152.073393,-26.66841],[152.176618,-26.779782],[152.184254,-26.871025],[152.154591,-26.873643],[152.125438,-26.954225],[152.198108,-27.008236],[152.191318,-27.072344],[152.134036,-27.141624],[152.188492,-27.169149],[152.158854,-27.206431],[152.233115,-27.222092],[152.151987,-27.269404],[152.206186,-27.292046],[152.191723,-27.386849],[152.373374,-27.40198],[152.499344,-27.511697],[152.497013,-27.582952],[152.457828,-27.662455],[152.422454,-27.654351],[152.391951,-27.817693],[152.451178,-27.802002],[152.519325,-27.761172],[152.529456,-27.71763],[152.757806,-27.767276],[152.882789,-27.747358],[152.927755,-27.685268]]]},"bbox":[152.073393,-27.817693,152.927755,-26.452367]},
{"properties":{"electorateShortName":"bonner","electorateName":"Bonner","area":373.73,"state":null},"type":"Feature","geometry":{"type":"MultiPolygon","coordinates":[[[[153.453271,-27.388101],[153.527412,-27.425895],[153.54123491529143,-27.369065517169176],[153.52711571437402,-27.33677618537031],[153.52683127995508,-27.326683584419794],[153.52488916345033,-27.310454705674704],[153.5072900584639,-27.26420146138795],[153.5159832872237,-27.17420130044347],[153.55794321018578,-27.03470766531716],[153.53551657929538,-26.968034992639456],[153.4739622296892,-26.93404236046161],[153.38433782882018,-26.94536469237065],[153.28599441099286,-27.011708657498893],[153.09042441099285,-27.31677665749889],[153.08635254094847,-27.325198003658166],[153.087776,-27.326976],[153.087822,-27.329247],[153.084035,-27.33127],[153.093608,-27.338916],[153.122436,-27.352404],[153.138618,-27.361152],[153.15022,-27.360859],[153.157067,-27.374526],[153.146378,-27.388189],[153.153136,-27.397989],[153.099932,-27.445258],[153.094642,-27.531143],[153.055774,-27.525627],[153.111147,-27.593945],[153.175762,-27.606707],[153.188111,-27.484049],[153.21773,-27.448402],[153.453271,-27.388101]]],[[[153.003899,-27.47611],[153.003037,-27.476914],[153.006586,-27.473604],[153.003899,-27.47611]]]]},"bbox":[153.003037,-27.606707,153.55794321018578,-26.93404236046161]},
{"properties":{"electorateShortName":"bowman","electorateName":"Bowman","area":537.28,"state":null},"type":"Feature","geometry":{"type":"Polygon","coordinates":[[[153.449354,-27.732333],[153.43270735516134,-27.830335224879672],[153.49043922966308,-27.8124079892509],[153.5311642259475,-27.775074511522],[153.53843063688944,-27.75991824649483],[153.54275215791841,-27.743675169398806],[153.5436645086766,-27.711629593152573],[153.55787462688906,-27.63807001005223],[153.63439831295722,-27.41456844591866],[153.59078912616317,-27.348878055212197],[153.5590478045046,-27.336729656666904],[153.5396384841564,-27.334497491792536],[153.53123461028315,-27.331921609874733],[153.52663514473326,-27.331615978041313],[153.46546782403917,-27.298931288307305],[153.42343410798543,-27.30200133698718],[153.453271,-27.388101],[153.21773,-27.448402],[153.188111,-27.484049],[153.175762,-27.606707],[153.173841,-27.634252],[153.279909,-27.658423],[153.286674,-27.694354],[153.358758,-27.690982],[153.418063,-27.741407],[153.449354,-27.732333]]]},"bbox":[153.173841,-27.830335224879672,153.63439831295722,-27.298931288307305]},
{"properties":{"electorateShortName":"brisbane","electorateName":"Brisbane","area":55.01,"state":null},"type":"Feature","geometry":{"type":"MultiPolygon","coordinates":[[[[153.099932,-27.445258],[153.074746,-27.406965],[152.992406,-27.412586],[153.003899,-27.47611],[153.003037,-27.476914],[153.006586,-27.473604],[153.048416,-27.444306],[153.099932,-27.445258]]],[[[153.15022,-27.360859],[153.14846421437977,-27.3550122166744],[153.14380852599032,-27.34925566363372],[153.13085809655962,-27.33659858315443],[153.1156360602814,-27.326790172465504],[153.09875865650437,-27.320227509100143],[153.08090913943477,-27.317176271797024],[153.075354,-27.320609],[153.087776,-27.326976],[153.087822,-27.329247],[153.084035,-27.33127],[153.093608,-27.338916],[153.122436,-27.352404],[153.138618,-27.361152],[153.15022,-27.360859]]],[[[153.160637,-27.381531],[153.157067,-27.374526],[153.146378,-27.388189],[153.153136,-27.397989],[153.160637,-27.381531]]]]},"bbox":[152.992406,-27.476914,153.160637,-27.317176271797024]},
{"properties":{"electorateShortName":"capricornia","electorateName":"Capricornia","area":90896.59,"state":null},"type":"Feature","geometry":{"type":"Polygon","coordinates":[[[152.908736,-23.165072],[152.720898,-22.364034],[152.738751,-22.287197],[152.766709,-22.242979],[152.766439,-22.145206],[152.734242,-21.999951],[152.67615,-21.900725],[152.652276,-21.816026],[152.603968,-21.753499],[152.560039,-21.667342],[152.554383,-21.557566],[152.567229,-21.537375],[152.589327,-21.394643],[152.588945,-21.315206],[152.653539,-21.236472],[151.836784,-21.24469],[150.09178,-21.248983],[149.751162,-21.247711],[149.257767,-21.224197],[149.149293,-21.196304],[149.147331,-21.144351],[148.990512,-21.13737],[148.905695,-21.079514],[148.781871,-21.066458],[148.739443,-21.074736],[148.580652,-21.059257],[148.643049,-21.008182],[148.570546,-20.834989],[148.484894,-20.803627],[148.431496,-20.705719],[148.373612,-20.674192],[148.329999,-20.608572],[148.22731,-20.558863],[148.194687,-20.568431],[148.152612,-20.531724],[148.101027,-20.564314],[148.059037,-20.507459],[147.991579,-20.532791],[147.987332,-20.493415],[147.936097,-20.469194],[147.868277,-20.403765],[147.819529,-20.437105],[147.722445,-20.30853],[147.638212,-20.302557],[147.574466,-20.334256],[147.552523,-20.38],[147.467416,-20.374603],[147.456961,-20.465184],[147.389015,-20.442909],[147.397251,-20.409653],[147.341334,-20.387472],[147.338812,-20.426919],[147.297819,-20.447431],[147.279528,-20.55239],[147.178723,-20.606456],[147.148618,-20.651831],[147.073275,-20.648893],[147.011894,-20.606059],[146.976003,-20.619695],[146.960118,-20.74182],[146.909893,-20.78672],[146.851807,-20.812892],[146.865953,-20.885978],[146.853461,-20.919202],[146.882281,-21.005834],[146.848807,-21.100944],[146.885653,-21.217748],[146.949719,-21.239578],[146.963275,-21.294753],[146.882787,-21.36212],[146.873668,-21.393704],[146.909744,-21.441144],[146.834724,-21.574405],[146.833884,-21.643224],[146.756055,-21.636697],[146.651612,-21.609274],[146.656718,-21.582545],[146.492307,-21.566479],[146.483889,-21.680292],[146.395972,-21.66319],[146.340708,-21.570118],[146.346695,-21.518123],[146.150511,-21.500057],[146.093438,-21.509941],[146.069187,-21.808809],[146.126718,-21.813565],[146.118452,-21.900853],[146.211379,-21.908495],[146.201384,-22.007584],[146.072068,-21.997239],[146.039479,-22.02335],[146.031455,-22.104814],[146.074055,-22.123377],[146.070664,-22.226622],[146.052132,-22.338502],[146.122071,-22.347422],[146.108921,-22.445663],[146.283188,-22.463379],[146.311092,-22.493311],[146.387628,-22.519329],[146.428595,-22.487942],[146.401429,-22.755504],[146.548396,-22.76889],[146.526585,-22.81233],[146.559193,-22.877335],[146.646063,-22.883208],[146.702277,-22.96222],[146.779435,-23.021589],[146.788875,-23.126644],[146.853726,-23.167071],[146.88446,-23.220274],[146.854576,-23.304746],[146.932705,-23.315483],[146.939723,-23.260355],[147.079057,-23.279834],[147.074854,-23.306916],[147.161882,-23.33971],[147.286615,-23.351236],[147.26075,-23.210132],[147.351258,-23.186534],[147.486973,-23.078755],[147.484001,-23.046347],[147.553034,-23.009169],[147.605208,-22.892413],[147.640506,-22.926287],[147.69977,-22.908772],[147.794069,-22.800503],[147.907405,-22.749165],[147.929003,-22.718738],[147.993769,-22.693531],[148.060759,-22.709873],[148.063937,-22.739495],[148.176142,-22.79034],[148.235372,-22.771757],[148.239066,-22.739765],[148.343134,-22.725418],[148.368575,-22.795246],[148.280482,-22.885819],[148.325051,-22.949835],[148.458068,-22.86749],[148.541899,-22.877303],[148.561538,-22.998657],[148.603569,-22.999462],[148.579188,-23.117531],[148.624423,-23.14898],[148.512161,-23.289023],[148.502667,-23.330327],[148.550342,-23.34683],[148.550383,-23.406916],[148.572977,-23.468959],[148.522879,-23.505184],[148.525498,-23.550323],[148.618668,-23.535828],[148.678514,-23.449371],[148.680399,-23.406066],[148.747531,-23.37911],[148.824323,-23.379128],[148.868587,-23.351642],[148.84566,-23.2906],[148.880456,-23.247974],[148.914246,-23.265127],[148.98544,-23.194509],[149.005738,-23.15022],[148.9796,-23.092321],[149.039604,-23.061738],[149.125102,-23.062709],[149.202604,-23.046849],[149.234149,-22.982527],[149.286321,-22.940571],[149.328337,-22.877677],[149.368591,-22.877874],[149.414489,-22.916572],[149.411298,-22.988103],[149.485786,-23.057813],[149.502879,-23.124087],[149.672626,-23.082061],[149.731223,-23.025897],[149.826492,-22.981597],[149.933171,-23.013746],[149.925217,-23.055259],[150.001067,-23.086839],[150.032639,-23.044771],[150.067954,-23.086117],[150.122531,-23.090106],[150.163031,-23.145759],[150.215837,-23.108256],[150.392683,-23.161213],[150.380008,-23.206863],[150.42666,-23.253756],[150.460435,-23.337474],[150.493211,-23.358567],[150.433543,-23.405685],[150.46756,-23.426791],[150.544677,-23.425671],[150.551909,-23.377622],[150.625494,-23.457245],[150.648302,-23.518221],[150.728743,-23.491588],[150.772836,-23.506628],[150.968222,-23.49908],[151.001072,-23.431756],[151.251067,-23.165086],[152.048,-23.167255],[152.908736,-23.165072]]]},"bbox":[146.031455,-23.550323,152.908736,-20.302557]},
{"properties":{"electorateShortName":"dawson","electorateName":"Dawson","area":14651.51,"state":null},"type":"Feature","geometry":{"type":"Polygon","coordinates":[[[152.653539,-21.236472],[152.676092,-21.119807],[152.638703,-21.044181],[152.595882,-21.026707],[152.400514,-21.004694],[152.236059,-20.962154],[152.183572,-20.936822],[152.090603,-20.854642],[152.042772,-20.890872],[152.040733,-20.985157],[152.116129,-21.126482],[152.095694,-21.187665],[151.996262,-21.213449],[151.891318,-21.201131],[151.85008,-21.175458],[151.768538,-21.067626],[151.598111,-20.993025],[151.528072,-20.93461],[151.400166,-20.874562],[151.284867,-20.784623],[151.189336,-20.728798],[151.03451,-20.665884],[150.851665,-20.560696],[150.630365,-20.298852],[150.562316,-20.166267],[150.40491,-20.024149],[150.383609,-19.949484],[150.330166,-19.919843],[150.291292,-19.873006],[150.247028,-19.857591],[150.19216,-19.787775],[150.052424,-19.712541],[150.012355,-19.703077],[149.950158,-19.648231],[149.861522,-19.607919],[149.652063,-19.461582],[149.420921,-19.333748],[149.325557,-19.298439],[148.001086,-19.298446],[147.167765,-19.298449],[147.1084,-19.38051],[147.04257,-19.29224],[147.06064,-19.25735],[147.00802,-19.22555],[146.977376,-19.283714],[146.902527,-19.304832],[146.835576,-19.269349],[146.805946,-19.34159],[146.874619,-19.356463],[146.915185,-19.400775],[147.023476,-19.396521],[147.043174,-19.429493],[147.010687,-19.491897],[147.030613,-19.552257],[147.003246,-19.596601],[147.050406,-19.704152],[147.214695,-19.836035],[147.236376,-19.861237],[147.219007,-19.913374],[147.293904,-20.064716],[147.274799,-20.125817],[147.294549,-20.16115],[147.311331,-20.2621],[147.300575,-20.321708],[147.341334,-20.387472],[147.397251,-20.409653],[147.389015,-20.442909],[147.456961,-20.465184],[147.467416,-20.374603],[147.552523,-20.38],[147.574466,-20.334256],[147.638212,-20.302557],[147.722445,-20.30853],[147.819529,-20.437105],[147.868277,-20.403765],[147.936097,-20.469194],[147.987332,-20.493415],[147.991579,-20.532791],[148.059037,-20.507459],[148.101027,-20.564314],[148.152612,-20.531724],[148.194687,-20.568431],[148.22731,-20.558863],[148.329999,-20.608572],[148.373612,-20.674192],[148.431496,-20.705719],[148.484894,-20.803627],[148.570546,-20.834989],[148.643049,-21.008182],[148.580652,-21.059257],[148.739443,-21.074736],[148.781871,-21.066458],[148.905695,-21.079514],[148.990512,-21.13737],[149.147331,-21.144351],[149.149293,-21.196304],[149.257767,-21.224197],[149.751162,-21.247711],[150.09178,-21.248983],[151.836784,-21.24469],[152.653539,-21.236472]]]},"bbox":[146.805946,-21.248983,152.676092,-19.22555]},
{"properties":{"electorateShortName":"dickson","electorateName":"Dickson","area":724.44,"state":null},"type":"Feature","geometry":{"type":"MultiPolygon","coordinates":[[[[152.999425,-27.357035],[153.018296,-27.249001],[152.945766,-27.197649],[152.844535,-27.182806],[152.828929,-27.115855],[152.733514,-27.107431],[152.733396,-27.170662],[152.703542,-27.199205],[152.683571,-27.271608],[152.748503,-27.318755],[152.775615,-27.401686],[152.897229,-27.41728],[152.976999,-27.400782],[152.999425,-27.357035]]],[[[153.093196,-27.204013],[153.09374991713096,-27.19994280609122],[153.08317919375784,-27.18662976329764],[153.06889919998116,-27.174346058947147],[153.039471,-27.159209],[153.035202,-27.163609],[153.033037,-27.190912],[153.093196,-27.204013]]],[[[153.093608,-27.338916],[153.09741203950978,-27.335815430119098],[153.10447464579912,-27.32010947068689],[153.1105899741344,-27.285496766509546],[153.1105889741344,-27.284177766509547],[153.11054906156946,-27.281502387887905],[153.11049708628465,-27.27991587654069],[153.10984586270618,-27.27212696533717],[153.108013,-27.261472],[153.103742,-27.263441],[153.069523,-27.276801],[153.071824,-27.316929],[153.075354,-27.320609],[153.087776,-27.326976],[153.087822,-27.329247],[153.084035,-27.33127],[153.093608,-27.338916]]],[[[153.003899,-27.47611],[153.003037,-27.476914],[153.006586,-27.473604],[153.003899,-27.47611]]]]},"bbox":[152.683571,-27.476914,153.1105899741344,-27.107431]},
{"properties":{"electorateShortName":"fadden","electorateName":"Fadden","area":388.99,"state":null},"type":"Feature","geometry":{"type":"Polygon","coordinates":[[[153.433728,-27.933812],[153.429372,-27.974545],[153.437734,-28.040372],[153.43878126610812,-28.044167661636283],[153.44024804117666,-28.043794146315175],[153.44238191391912,-28.04288206421742],[153.4518853953868,-28.03948888279941],[153.48089690252354,-28.017509414708247],[153.48901690252356,-28.008229414708246],[153.49543003567553,-27.999274040688757],[153.5065500364649,-27.986698208080263],[153.52105232029083,-27.955594173577094],[153.5155301110665,-27.897281034861074],[153.51580398143045,-27.889028388408487],[153.52399359251652,-27.82634465265086],[153.53620997516416,-27.767009256408475],[153.53705697516415,-27.760890256408477],[153.5373722843691,-27.753628947854995],[153.53935279677717,-27.731867619872933],[153.5122605124699,-27.667968641160087],[153.46455107176305,-27.64371416736409],[153.449354,-27.732333],[153.418063,-27.741407],[153.358758,-27.690982],[153.286674,-27.694354],[153.220795,-27.726245],[153.314466,-27.876863],[153.292111,-27.903996],[153.299254,-27.953572],[153.344076,-27.976893],[153.433728,-27.933812]]]},"bbox":[153.220795,-28.044167661636283,153.53935279677717,-27.64371416736409]},
{"properties":{"electorateShortName":"fairfax","electorateName":"Fairfax","area":1003.96,"state":null},"type":"Feature","geometry":{"type":"Polygon","coordinates":[[[152.58682,-26.733463],[152.648599,-26.691344],[152.665685,-26.616254],[152.794331,-26.64532],[152.845007,-26.677339],[152.908083,-26.653329],[153.002534,-26.680511],[153.022226,-26.711105],[153.105786,-26.715363],[153.106212,-26.664523],[153.134576,-26.729017],[153.148634,-26.791311],[153.1872772151411,-26.767129187682755],[153.1987770373339,-26.750488617937695],[153.2068027692301,-26.72989684615649],[153.20903220211827,-26.696668157166748],[153.19540642660874,-26.6567790297812],[153.19160325760754,-26.630902006283343],[153.19199023072252,-26.619606506993485],[153.1892048119505,-26.594101384379275],[153.18782300910297,-26.583988089450816],[153.19248246163016,-26.541134477287038],[153.17621049853395,-26.458630345249208],[153.11446685791054,-26.39841267240613],[153.102535,-26.45121],[153.05675,-26.477345],[153.030792,-26.443104],[152.921839,-26.443048],[152.814092,-26.498097],[152.767154,-26.537338],[152.728448,-26.536977],[152.66026,-26.597107],[152.575195,-26.584007],[152.583203,-26.645384],[152.552933,-26.706037],[152.58682,-26.733463]]]},"bbox":[152.552933,-26.791311,153.20903220211827,-26.39841267240613]},
{"properties":{"electorateShortName":"fisher","electorateName":"Fisher","area":1199.46,"state":null},"type":"Feature","geometry":{"type":"Polygon","coordinates":[[[153.133027,-26.812312],[153.13865,-26.908253],[153.1986455280639,-26.916514911510916],[153.21081044110588,-26.868944263611702],[153.21638390284775,-26.863910039574694],[153.22670613816567,-26.850925570467687],[153.2394121527349,-26.820433098496753],[153.22906851945464,-26.67150198019665],[153.20921425099635,-26.62240083209979],[153.19660116373427,-26.609713642103987],[153.1817278116752,-26.59977190388589],[153.098090837158,-26.57519552913786],[153.106212,-26.664523],[153.105786,-26.715363],[153.022226,-26.711105],[153.002534,-26.680511],[152.908083,-26.653329],[152.845007,-26.677339],[152.794331,-26.64532],[152.665685,-26.616254],[152.648599,-26.691344],[152.58682,-26.733463],[152.667303,-26.773009],[152.679214,-26.799877],[152.74948,-26.816297],[152.779492,-26.797128],[152.857475,-26.871231],[152.858011,-26.956217],[152.903713,-26.953895],[153.002964,-26.984787],[153.066317,-26.98369],[153.077112,-26.905598],[153.109977,-26.89028],[153.133027,-26.812312]]]},"bbox":[152.58682,-26.984787,153.2394121527349,-26.57519552913786]},
{"properties":{"electorateShortName":"flynn","electorateName":"Flynn","area":132847.37,"state":null},"type":"Feature","geometry":{"type":"Polygon","coordinates":[[[153.264621,-24.697089],[153.225558,-24.515998],[152.908736,-23.165072],[152.048,-23.167255],[151.251067,-23.165086],[151.001072,-23.431756],[150.968222,-23.49908],[150.772836,-23.506628],[150.728743,-23.491588],[150.648302,-23.518221],[150.625494,-23.457245],[150.551909,-23.377622],[150.544677,-23.425671],[150.46756,-23.426791],[150.433543,-23.405685],[150.493211,-23.358567],[150.460435,-23.337474],[150.42666,-23.253756],[150.380008,-23.206863],[150.392683,-23.161213],[150.215837,-23.108256],[150.163031,-23.145759],[150.122531,-23.090106],[150.067954,-23.086117],[150.032639,-23.044771],[150.001067,-23.086839],[149.925217,-23.055259],[149.933171,-23.013746],[149.826492,-22.981597],[149.731223,-23.025897],[149.672626,-23.082061],[149.502879,-23.124087],[149.485786,-23.057813],[149.411298,-22.988103],[149.414489,-22.916572],[149.368591,-22.877874],[149.328337,-22.877677],[149.286321,-22.940571],[149.234149,-22.982527],[149.202604,-23.046849],[149.125102,-23.062709],[149.039604,-23.061738],[148.9796,-23.092321],[149.005738,-23.15022],[148.98544,-23.194509],[148.914246,-23.265127],[148.880456,-23.247974],[148.84566,-23.2906],[148.868587,-23.351642],[148.824323,-23.379128],[148.747531,-23.37911],[148.680399,-23.406066],[148.678514,-23.449371],[148.618668,-23.535828],[148.525498,-23.550323],[148.522879,-23.505184],[148.572977,-23.468959],[148.550383,-23.406916],[148.550342,-23.34683],[148.502667,-23.330327],[148.512161,-23.289023],[148.624423,-23.14898],[148.579188,-23.117531],[148.603569,-22.999462],[148.561538,-22.998657],[148.541899,-22.877303],[148.458068,-22.86749],[148.325051,-22.949835],[148.280482,-22.885819],[148.368575,-22.795246],[148.343134,-22.725418],[148.239066,-22.739765],[148.235372,-22.771757],[148.176142,-22.79034],[148.063937,-22.739495],[148.060759,-22.709873],[147.993769,-22.693531],[147.929003,-22.718738],[147.907405,-22.749165],[147.794069,-22.800503],[147.69977,-22.908772],[147.640506,-22.926287],[147.605208,-22.892413],[147.553034,-23.009169],[147.484001,-23.046347],[147.486973,-23.078755],[147.351258,-23.186534],[147.26075,-23.210132],[147.286615,-23.351236],[147.259839,-23.43807],[147.283772,-23.524784],[147.2344,-23.551871],[147.199904,-23.606229],[147.199777,-23.773309],[147.229553,-23.787489],[147.241147,-23.9032],[147.168985,-23.955351],[147.183316,-24.085741],[147.110288,-24.093341],[146.957122,-24.16999],[146.923093,-24.29469],[146.864237,-24.368793],[146.805026,-24.405198],[146.729701,-24.418552],[146.712721,-24.377528],[146.595864,-24.417187],[146.596051,-24.453012],[146.680792,-24.578937],[146.682499,-24.605848],[146.774156,-24.662766],[146.800113,-24.620586],[146.883106,-24.600802],[146.942012,-24.704363],[146.882273,-24.762487],[146.903382,-24.805192],[147.091547,-24.814128],[147.138836,-24.848994],[147.136624,-24.882882],[147.296394,-24.895801],[147.318466,-24.872592],[147.485925,-24.875806],[147.542436,-24.817561],[147.647279,-24.796988],[147.730304,-24.73301],[147.824435,-24.735092],[147.854187,-24.779593],[147.919557,-24.824789],[147.951945,-24.883207],[148.057673,-24.915533],[148.085083,-25.002144],[148.16059,-25.084158],[148.213314,-25.086419],[148.294554,-25.166089],[148.306379,-25.204066],[148.400133,-25.24599],[148.566593,-25.249519],[148.643119,-25.284125],[148.745256,-25.279722],[148.718979,-25.386953],[148.775948,-25.434942],[148.900436,-25.472457],[148.938047,-25.458588],[149.024318,-25.559799],[149.019693,-25.604013],[149.059655,-25.652623],[148.973513,-25.713302],[148.942382,-25.685517],[148.911223,-25.767597],[149.025279,-25.798982],[149.110591,-25.876186],[149.085523,-25.941109],[149.3028,-25.966084],[149.327807,-25.92525],[149.401437,-25.882486],[149.483531,-25.891873],[149.476835,-25.933506],[149.575487,-25.944165],[149.584391,-25.886616],[149.649194,-25.894488],[149.736105,-25.849599],[149.823117,-25.849048],[149.906393,-25.817178],[149.961377,-25.850635],[150.028006,-25.834568],[150.096674,-25.794322],[150.140981,-25.82252],[150.174465,-25.780107],[150.386739,-25.80581],[150.426022,-25.773976],[150.418493,-25.67516],[150.446103,-25.59883],[150.524181,-25.645387],[150.654161,-25.659782],[150.664276,-25.732738],[150.644123,-25.786199],[150.698644,-25.856755],[150.672754,-25.969587],[150.763635,-25.981599],[150.789811,-26.048923],[150.849566,-26.056405],[150.920428,-26.005017],[150.983982,-26.007806],[151.015886,-26.07722],[151.067346,-26.0854],[151.115867,-26.140866],[151.02286,-26.19499],[151.016714,-26.256222],[151.135653,-26.263126],[151.114728,-26.379598],[151.076963,-26.462816],[151.207725,-26.478767],[151.200782,-26.449264],[151.284892,-26.393278],[151.365386,-26.400973],[151.428038,-26.433727],[151.507509,-26.375876],[151.6715,-26.394175],[151.719506,-26.373923],[151.891556,-26.390819],[151.922653,-26.417623],[151.995889,-26.432648],[152.011798,-26.375274],[151.981362,-26.313347],[151.887749,-26.302294],[151.907515,-26.260096],[151.872218,-26.210447],[151.829549,-26.203487],[151.72065,-26.092598],[151.748131,-25.962301],[151.779773,-25.918549],[151.762195,-25.799748],[151.810575,-25.763555],[151.863018,-25.805697],[151.901243,-25.869509],[151.928602,-25.867609],[151.997389,-25.771044],[151.982369,-25.714891],[152.041155,-25.619681],[152.092612,-25.632195],[152.111252,-25.59843],[152.214937,-25.512918],[152.26976,-25.521904],[152.273607,-25.431306],[152.199366,-25.394552],[152.167244,-25.3361],[152.07615,-25.320364],[152.012174,-25.273272],[152.01162,-25.217304],[151.98244,-25.137224],[151.996047,-25.081705],[152.057759,-25.039531],[152.108215,-25.029534],[152.090165,-24.975131],[152.142289,-24.967046],[152.257679,-24.887614],[152.371398,-24.832517],[152.382998,-24.790996],[152.38111,-24.773377],[152.399561,-24.748098],[152.819303,-24.747662],[153.171305,-24.747295],[153.264621,-24.697089]]]},"bbox":[146.595864,-26.478767,153.264621,-22.693531]},
{"properties":{"electorateShortName":"forde","electorateName":"Forde","area":417.65,"state":null},"type":"Feature","geometry":{"type":"Polygon","coordinates":[[[153.292111,-27.903996],[153.314466,-27.876863],[153.220795,-27.726245],[153.286674,-27.694354],[153.279909,-27.658423],[153.173841,-27.634252],[153.099301,-27.700167],[153.016596,-27.678932],[153.002367,-27.707205],[153.08568,-27.770095],[153.158555,-27.769347],[153.18894,-27.855104],[153.180683,-27.895079],[153.292111,-27.903996]]]},"bbox":[153.002367,-27.903996,153.314466,-27.634252]},
{"properties":{"electorateShortName":"griffith","electorateName":"Griffith","area":54.29,"state":null},"type":"Feature","geometry":{"type":"MultiPolygon","coordinates":[[[[153.055774,-27.525627],[153.094642,-27.531143],[153.099932,-27.445258],[153.048416,-27.444306],[153.006586,-27.473604],[153.003899,-27.47611],[153.003037,-27.476914],[153.021748,-27.500406],[153.055774,-27.525627]]],[[[153.160637,-27.381531],[153.146378,-27.388189],[153.153136,-27.397989],[153.160637,-27.381531]]]]},"bbox":[153.003037,-27.531143,153.160637,-27.381531]},
{"properties":{"electorateShortName":"groom","electorateName":"Groom","area":5585.61,"state":null},"type":"Feature","geometry":{"type":"Polygon","coordinates":[[[152.148272,-27.862854],[152.131541,-27.771666],[152.010483,-27.699779],[151.985241,-27.64869],[152.000524,-27.55692],[151.955189,-27.514264],[151.966858,-27.473577],[152.029058,-27.416256],[152.070838,-27.402759],[152.062329,-27.32839],[152.036431,-27.297562],[151.989037,-27.355141],[151.915407,-27.316282],[151.932792,-27.276023],[151.881714,-27.223721],[151.852695,-27.168106],[151.813489,-27.154896],[151.761824,-27.074402],[151.772878,-26.989885],[151.69397,-26.969204],[151.627521,-27.002613],[151.58118,-27.055961],[151.568505,-27.124785],[151.464934,-27.110822],[151.450784,-27.278638],[151.337736,-27.208293],[151.308622,-27.413824],[151.087765,-27.376423],[151.081734,-27.493046],[151.201819,-27.510589],[151.260165,-27.537731],[151.327465,-27.629251],[151.361344,-27.709305],[151.416556,-27.778568],[151.473438,-27.796217],[151.579891,-27.859109],[151.623829,-27.906668],[151.659481,-27.858572],[151.760196,-27.822867],[151.941678,-27.849462],[152.013697,-27.834761],[152.148272,-27.862854]]]},"bbox":[151.081734,-27.906668,152.148272,-26.969204]},
{"properties":{"electorateShortName":"herbert","electorateName":"Herbert","area":947.22,"state":null},"type":"Feature","geometry":{"type":"Polygon","coordinates":[[[146.805946,-19.34159],[146.835576,-19.269349],[146.902527,-19.304832],[146.977376,-19.283714],[147.00802,-19.22555],[147.06064,-19.25735],[147.04257,-19.29224],[147.1084,-19.38051],[147.167765,-19.298449],[148.001086,-19.298446],[149.325557,-19.298439],[149.097628,-19.214047],[148.966427,-19.182911],[148.91591,-19.106576],[148.700877,-19.071529],[148.435854,-18.980579],[148.345125,-18.928127],[148.117469,-18.835125],[148.066351,-18.837661],[147.984005,-18.794765],[147.869915,-18.694894],[147.724735,-18.654575],[147.615122,-18.609304],[147.599399,-18.581784],[147.001096,-18.581787],[147.001095,-18.498454],[146.484849,-18.498739],[146.33591,-18.501345],[146.34494,-18.55416],[146.32932,-18.64346],[146.301843,-18.705106],[146.27542,-18.858775],[146.340123,-18.958628],[146.396268,-18.998504],[146.456628,-19.075064],[146.532182,-19.116906],[146.513882,-19.176641],[146.420443,-19.200935],[146.403588,-19.235251],[146.425521,-19.299903],[146.459617,-19.31903],[146.469852,-19.371804],[146.553709,-19.416314],[146.582004,-19.402494],[146.596195,-19.315833],[146.702064,-19.319254],[146.749937,-19.346849],[146.805946,-19.34159]]]},"bbox":[146.27542,-19.416314,149.325557,-18.498454]},
{"properties":{"electorateShortName":"hinkler","electorateName":"Hinkler","area":3815.02,"state":null},"type":"Feature","geometry":{"type":"Polygon","coordinates":[[[152.273607,-25.431306],[152.327056,-25.401554],[152.416075,-25.412806],[152.40096,-25.464669],[152.450577,-25.480861],[152.510262,-25.457858],[152.603176,-25.481191],[152.649894,-25.467251],[152.74125,-25.468546],[152.758929,-25.506286],[152.848902,-25.485972],[152.86885,-25.447048],[153.034164,-25.384709],[153.050075,-25.262659],[153.030724,-25.175517],[153.072756,-25.155583],[153.161352,-25.082542],[153.22341,-24.99022],[153.22932,-24.91878],[153.17464,-24.83856],[153.12048,-24.80628],[153.15536,-24.76913],[153.16444,-24.75558],[153.16997,-24.74997],[153.17086,-24.74852],[153.171304,-24.747295],[152.819303,-24.747662],[152.399561,-24.748098],[152.38111,-24.773377],[152.382998,-24.790996],[152.371398,-24.832517],[152.257679,-24.887614],[152.142289,-24.967046],[152.090165,-24.975131],[152.108215,-25.029534],[152.057759,-25.039531],[151.996047,-25.081705],[151.98244,-25.137224],[152.01162,-25.217304],[152.012174,-25.273272],[152.07615,-25.320364],[152.167244,-25.3361],[152.199366,-25.394552],[152.273607,-25.431306]]]},"bbox":[151.98244,-25.506286,153.22932,-24.747295]},
{"properties":{"electorateShortName":"kennedy","electorateName":"Kennedy","area":567471.23,"state":null},"type":"Feature","geometry":{"type":"Polygon","coordinates":[[[146.805946,-19.34159],[146.749937,-19.346849],[146.702064,-19.319254],[146.596195,-19.315833],[146.582004,-19.402494],[146.553709,-19.416314],[146.469852,-19.371804],[146.459617,-19.31903],[146.425521,-19.299903],[146.403588,-19.235251],[146.420443,-19.200935],[146.513882,-19.176641],[146.532182,-19.116906],[146.456628,-19.075064],[146.396268,-18.998504],[146.340123,-18.958628],[146.27542,-18.858775],[146.301843,-18.705106],[146.32932,-18.64346],[146.34494,-18.55416],[146.33591,-18.501345],[146.484849,-18.498739],[147.001095,-18.498454],[147.001096,-18.581787],[147.599399,-18.581784],[147.530668,-18.434918],[147.462564,-18.40471],[147.394812,-18.261489],[147.042177,-18.184452],[146.982749,-18.13448],[146.843284,-17.993212],[146.796774,-17.921401],[146.744292,-17.86659],[146.680394,-17.769167],[146.720017,-17.67761],[146.684261,-17.581],[146.550247,-17.422262],[146.564996,-17.382002],[146.540039,-17.344946],[146.541976,-17.177607],[146.514307,-17.097194],[146.473531,-17.03524],[146.52679,-16.993898],[146.484389,-16.970815],[146.397194,-16.870217],[146.356127,-16.855323],[145.927408,-16.865119],[145.884721,-16.906559],[145.839422,-16.87807],[145.792437,-16.911435],[145.771441,-16.985598],[145.706622,-16.998225],[145.689174,-17.045015],[145.634705,-17.018359],[145.649867,-16.956861],[145.557163,-16.908849],[145.51273,-16.821286],[145.549226,-16.793583],[145.504554,-16.740805],[145.501768,-16.64059],[145.447162,-16.643543],[145.433212,-16.551974],[145.385373,-16.510364],[145.354645,-16.556411],[145.273891,-16.512565],[145.265755,-16.471866],[145.20852,-16.416927],[145.152123,-16.464801],[145.119074,-16.460682],[145.061377,-16.400595],[144.998642,-16.503586],[144.917262,-16.512932],[144.88025,-16.575418],[144.846753,-16.596967],[144.771075,-16.561716],[144.668191,-16.578533],[144.665142,-16.619921],[144.61625,-16.666463],[144.598328,-16.611844],[144.495941,-16.596423],[144.478221,-16.540833],[144.426152,-16.503673],[144.300605,-16.466083],[144.249703,-16.479954],[144.212229,-16.458761],[144.161824,-16.497514],[144.091574,-16.486545],[144.055175,-16.459969],[144.035325,-16.394855],[143.935562,-16.360989],[143.848046,-16.374189],[143.797302,-16.432087],[143.729853,-16.473486],[143.6961,-16.531783],[143.605225,-16.510145],[143.526693,-16.530425],[143.454025,-16.496914],[143.356643,-16.488701],[143.328352,-16.464269],[143.185023,-16.430228],[143.064595,-16.360467],[143.014046,-16.303508],[142.969673,-16.222416],[142.843876,-16.174545],[142.820627,-16.138067],[142.772872,-16.135556],[142.706069,-16.074039],[142.648804,-16.050138],[142.622547,-16.012761],[142.467759,-15.962075],[142.380496,-15.963124],[142.368497,-15.90122],[142.235421,-16.005092],[142.09471,-16.005092],[141.925639,-15.866596],[141.904914,-15.903319],[141.854738,-15.88863],[141.74675,-15.895974],[141.615856,-15.867645],[141.532956,-15.881285],[141.516594,-15.842464],[141.415748,-15.837752],[141.392669,-15.951202],[141.404471,-16.0],[141.0,-16.0],[137.99166,-16.0],[138.00118,-16.544509],[137.994903,-17.044272],[137.995204,-17.611374],[137.995607,-18.178295],[137.996616,-18.868219],[137.996076,-19.293339],[137.996355,-19.852127],[137.996578,-20.224427],[137.996893,-20.745111],[137.997153,-21.173006],[137.997458,-21.682468],[137.997914,-22.418519],[137.998262,-22.999868],[137.998246,-23.520895],[138.464389,-23.555056],[138.592055,-23.46253],[138.736465,-23.611343],[138.921104,-23.476494],[138.899454,-23.448333],[139.076354,-23.306816],[139.122701,-23.352076],[139.174868,-23.309969],[139.338996,-23.473871],[139.295422,-23.509979],[139.475759,-23.520779],[139.463728,-23.671293],[139.892609,-23.693644],[139.862623,-23.629454],[139.936229,-23.577092],[139.937919,-23.487231],[140.355569,-23.525775],[140.341912,-23.418267],[140.413234,-23.34621],[140.572649,-23.231406],[140.662341,-23.157725],[140.759621,-23.223156],[140.82219,-23.161545],[140.946999,-23.067769],[140.924565,-23.044439],[141.046356,-22.947653],[140.999074,-22.898415],[141.122257,-22.804494],[141.117252,-22.702695],[141.090848,-22.618233],[141.145629,-22.633357],[141.198923,-22.597559],[141.07972,-22.465648],[141.245778,-22.335434],[141.18285,-22.249626],[141.198634,-22.055173],[141.294338,-22.061885],[141.284543,-21.988843],[141.304782,-21.949605],[141.481129,-21.964069],[141.50783,-21.750468],[141.583156,-21.755977],[141.580016,-21.793194],[141.738279,-21.807024],[141.740477,-21.791727],[142.048704,-21.815995],[142.06622,-21.695149],[142.071999,-21.540753],[142.231842,-21.550869],[142.228163,-21.596278],[142.335189,-21.607104],[142.332562,-21.636322],[142.491224,-21.644184],[142.49559,-21.598003],[142.718468,-21.614949],[142.693958,-21.587863],[142.815399,-21.493135],[142.862092,-21.54506],[142.953327,-21.493758],[143.18803,-21.308656],[143.35953,-21.322011],[143.329875,-21.611515],[143.649256,-21.641178],[143.630837,-21.797422],[144.044621,-21.830302],[144.038846,-21.894713],[144.185983,-21.913747],[144.180328,-21.989558],[144.263435,-21.997391],[144.26849,-22.047868],[144.417213,-22.061724],[144.397776,-22.157051],[144.501776,-22.165143],[144.500514,-22.185662],[144.737423,-22.210332],[144.752316,-22.0948],[144.796356,-22.098431],[144.800906,-22.045386],[144.943048,-22.059149],[144.956305,-21.930311],[145.082206,-21.942606],[145.075195,-21.891442],[145.152964,-21.898926],[145.166068,-21.784894],[145.243999,-21.792608],[145.262042,-21.828722],[145.418234,-21.846247],[145.434731,-21.692052],[145.529402,-21.701941],[145.532833,-21.658254],[145.678477,-21.668189],[145.64578,-21.797513],[145.640624,-21.893986],[145.668263,-21.932034],[145.661171,-22.041156],[145.76961,-22.06659],[146.031455,-22.104814],[146.039479,-22.02335],[146.072068,-21.997239],[146.201384,-22.007584],[146.211379,-21.908495],[146.118452,-21.900853],[146.126718,-21.813565],[146.069187,-21.808809],[146.093438,-21.509941],[146.150511,-21.500057],[146.346695,-21.518123],[146.340708,-21.570118],[146.395972,-21.66319],[146.483889,-21.680292],[146.492307,-21.566479],[146.656718,-21.582545],[146.651612,-21.609274],[146.756055,-21.636697],[146.833884,-21.643224],[146.834724,-21.574405],[146.909744,-21.441144],[146.873668,-21.393704],[146.882787,-21.36212],[146.963275,-21.294753],[146.949719,-21.239578],[146.885653,-21.217748],[146.848807,-21.100944],[146.882281,-21.005834],[146.853461,-20.919202],[146.865953,-20.885978],[146.851807,-20.812892],[146.909893,-20.78672],[146.960118,-20.74182],[146.976003,-20.619695],[147.011894,-20.606059],[147.073275,-20.648893],[147.148618,-20.651831],[147.178723,-20.606456],[147.279528,-20.55239],[147.297819,-20.447431],[147.338812,-20.426919],[147.341334,-20.387472],[147.300575,-20.321708],[147.311331,-20.2621],[147.294549,-20.16115],[147.274799,-20.125817],[147.293904,-20.064716],[147.219007,-19.913374],[147.236376,-19.861237],[147.214695,-19.836035],[147.050406,-19.704152],[147.003246,-19.596601],[147.030613,-19.552257],[147.010687,-19.491897],[147.043174,-19.429493],[147.023476,-19.396521],[146.915185,-19.400775],[146.874619,-19.356463],[146.805946,-19.34159]]]},"bbox":[137.99166,-23.693644,147.599399,-15.837752]},
{"properties":{"electorateShortName":"leichhardt","electorateName":"Leichhardt","area":148437.34,"state":null},"type":"Feature","geometry":{"type":"Polygon","coordinates":[[[145.927408,-16.865119],[146.356127,-16.855322],[146.355719,-16.802973],[146.287607,-16.784414],[146.255716,-16.687658],[146.163729,-16.605942],[146.133745,-16.526834],[146.104055,-16.491886],[146.082781,-16.423641],[146.04516,-16.389133],[145.92132,-16.337231],[145.891882,-16.247614],[145.907869,-16.225916],[145.863066,-16.113964],[145.866735,-16.040174],[145.844831,-16.008856],[145.817099,-15.857512],[145.828417,-15.830732],[145.796606,-15.754381],[145.815496,-15.636784],[145.782457,-15.576452],[145.802359,-15.47101],[145.77725,-15.338604],[145.743662,-15.2558],[145.748529,-15.203953],[145.723135,-15.11544],[145.73493,-15.080524],[145.713346,-15.01405],[145.714037,-14.954462],[145.742727,-14.883995],[145.721548,-14.746775],[145.705225,-14.700642],[145.638239,-14.6089],[145.596022,-14.526728],[145.534575,-14.463242],[145.480761,-14.428331],[145.421427,-14.422859],[145.40629,-14.378113],[145.337904,-14.339716],[145.296499,-14.339312],[145.248205,-14.297264],[145.140894,-14.269911],[145.061506,-14.225922],[144.970682,-14.218065],[144.938379,-14.187994],[144.888288,-14.185875],[144.815069,-14.119051],[144.780855,-14.04793],[144.781828,-14.002203],[144.697313,-13.971228],[144.655176,-13.916874],[144.608683,-13.912622],[144.568838,-13.958853],[144.469851,-13.971397],[144.41337,-13.934637],[144.279024,-13.791941],[144.262392,-13.740931],[144.170668,-13.670345],[144.106256,-13.602324],[144.119478,-13.550203],[144.095118,-13.508783],[144.008734,-13.469568],[143.966688,-13.359119],[143.991011,-13.321701],[143.948572,-13.260895],[143.979029,-13.22838],[143.948427,-13.146715],[143.979021,-13.101131],[143.953215,-13.049767],[143.89451,-13.065035],[143.838919,-12.970314],[143.820658,-12.891579],[143.853045,-12.828955],[143.808134,-12.775196],[143.810392,-12.697742],[143.848364,-12.684767],[143.839087,-12.616301],[143.787619,-12.55855],[143.784784,-12.510347],[143.736807,-12.416542],[143.767889,-12.376005],[143.917742,-12.258892],[143.924593,-12.205372],[144.020739,-11.84919],[144.079092,-11.828844],[144.051146,-11.780254],[144.088282,-11.722429],[144.021276,-11.699701],[144.012877,-11.669237],[144.041117,-11.599421],[144.057173,-11.452946],[143.958406,-11.377285],[143.967993,-11.295685],[144.068522,-11.261705],[144.059942,-11.179598],[144.080248,-11.140747],[144.034384,-11.023485],[144.028467,-10.908426],[143.993326,-10.782141],[143.933634,-10.702456],[143.927519,-10.462782],[143.958418,-10.353191],[143.956755,-10.29159],[143.993055,-10.154608],[143.994299,-10.113878],[144.065954,-10.033737],[144.125799,-9.946663],[144.151464,-9.872225],[144.211912,-9.850277],[144.203447,-9.808556],[144.247335,-9.748783],[144.256624,-9.388212],[143.873629,-9.115517],[142.707472,-9.322136],[142.563887,-9.348831],[142.51819,-9.33486],[142.306173,-9.232561],[142.240923,-9.175974],[142.136553,-9.178541],[142.053896,-9.233189],[141.955011,-9.230844],[141.004118,-9.697512],[141.001123,-11.002754],[140.995581,-11.958494],[141.001143,-14.765165],[141.0,-16.0],[141.404471,-16.0],[141.392669,-15.951202],[141.415748,-15.837752],[141.516594,-15.842464],[141.532956,-15.881285],[141.615856,-15.867645],[141.74675,-15.895974],[141.854738,-15.88863],[141.904914,-15.903319],[141.925639,-15.866596],[142.09471,-16.005092],[142.235421,-16.005092],[142.368497,-15.90122],[142.380496,-15.963124],[142.467759,-15.962075],[142.622547,-16.012761],[142.648804,-16.050138],[142.706069,-16.074039],[142.772872,-16.135556],[142.820627,-16.138067],[142.843876,-16.174545],[142.969673,-16.222416],[143.014046,-16.303508],[143.064595,-16.360467],[143.185023,-16.430228],[143.328352,-16.464269],[143.356643,-16.488701],[143.454025,-16.496914],[143.526693,-16.530425],[143.605225,-16.510145],[143.6961,-16.531783],[143.729853,-16.473486],[143.797302,-16.432087],[143.848046,-16.374189],[143.935562,-16.360989],[144.035325,-16.394855],[144.055175,-16.459969],[144.091574,-16.486545],[144.161824,-16.497514],[144.212229,-16.458761],[144.249703,-16.479954],[144.300605,-16.466083],[144.426152,-16.503673],[144.478221,-16.540833],[144.495941,-16.596423],[144.598328,-16.611844],[144.61625,-16.666463],[144.665142,-16.619921],[144.668191,-16.578533],[144.771075,-16.561716],[144.846753,-16.596967],[144.88025,-16.575418],[144.917262,-16.512932],[144.998642,-16.503586],[145.061377,-16.400595],[145.119074,-16.460682],[145.152123,-16.464801],[145.20852,-16.416927],[145.265755,-16.471866],[145.273891,-16.512565],[145.354645,-16.556411],[145.385373,-16.510364],[145.433212,-16.551974],[145.447162,-16.643543],[145.501768,-16.64059],[145.504554,-16.740805],[145.549226,-16.793583],[145.51273,-16.821286],[145.557163,-16.908849],[145.649867,-16.956861],[145.634705,-17.018359],[145.689174,-17.045015],[145.706622,-16.998225],[145.771441,-16.985598],[145.792437,-16.911435],[145.839422,-16.87807],[145.884721,-16.906559],[145.927408,-16.865119]]]},"bbox":[140.995581,-17.045015,146.356127,-9.115517]},
{"properties":{"electorateShortName":"lilley","electorateName":"Lilley","area":141.01,"state":null},"type":"Feature","geometry":{"type":"MultiPolygon","coordinates":[[[[153.153136,-27.397989],[153.160637,-27.381531],[153.21227044185483,-27.293471625659528],[153.2054500874259,-27.288060766963884],[153.1910418221021,-27.28039284771058],[153.1851238221021,-27.277902847710582],[153.15889400031298,-27.270599122220503],[153.15435109400008,-27.246731173457224],[153.1464933586027,-27.230158059520498],[153.1354388626087,-27.21552213695121],[153.12164672531873,-27.203431270145657],[153.115946990894,-27.20020093046569],[153.11553,-27.20119],[153.116397,-27.209208],[153.108013,-27.261472],[153.103742,-27.263441],[153.069523,-27.276801],[153.026437,-27.365258],[152.999425,-27.357035],[152.976999,-27.400782],[152.992406,-27.412586],[153.074746,-27.406965],[153.099932,-27.445258],[153.153136,-27.397989]]],[[[153.103543,-27.193977],[153.08823071699803,-27.188766794575507],[153.0699946916346,-27.1868022360807],[153.033037,-27.190912],[153.093196,-27.204013],[153.103543,-27.193977]]],[[[153.003899,-27.47611],[153.003037,-27.476914],[153.006586,-27.473604],[153.003899,-27.47611]]]]},"bbox":[152.976999,-27.476914,153.21227044185483,-27.1868022360807]},
{"properties":{"electorateShortName":"longman","electorateName":"Longman","area":1246.77,"state":null},"type":"Feature","geometry":{"type":"MultiPolygon","coordinates":[[[[153.035202,-27.163609],[153.033037,-27.190912],[153.093196,-27.204013],[153.103543,-27.193977],[153.11553,-27.20119],[153.116397,-27.209208],[153.1196267073421,-27.206922134895475],[153.12750810154574,-27.191080336909135],[153.12952903370282,-27.183625638522756],[153.13170306092596,-27.18281886350422],[153.1693206893149,-27.190096064571378],[153.19038369064026,-27.18903989644825],[153.21232669064025,-27.18532889644825],[153.22879681092937,-27.18090476020588],[153.25779554115238,-27.163241741655877],[153.29693412994155,-27.09203604968327],[153.29124183580018,-27.04331117132021],[153.2873208358002,-27.03249617132021],[153.2787080144193,-27.01496098669057],[153.25975889528905,-26.98509031337261],[153.24604804432403,-26.95404822797071],[153.22577820006364,-26.88551290120186],[153.219897962873,-26.859587617729726],[153.21935280484183,-26.850836001063165],[153.21586824464492,-26.777136323948532],[153.20783391513064,-26.762272760910676],[153.19716309479145,-26.74917277807811],[153.16949597460354,-26.730031905861942],[153.134576,-26.729017],[153.148634,-26.791311],[153.133027,-26.812312],[153.109977,-26.89028],[153.077112,-26.905598],[153.066317,-26.98369],[153.002964,-26.984787],[152.903713,-26.953895],[152.858011,-26.956217],[152.857475,-26.871231],[152.779492,-26.797128],[152.74948,-26.816297],[152.679214,-26.799877],[152.670009,-26.854815],[152.688613,-26.896925],[152.663073,-26.948173],[152.702502,-27.030798],[152.686905,-27.08333],[152.733514,-27.107431],[152.828929,-27.115855],[152.844535,-27.182806],[152.945766,-27.197649],[153.018296,-27.249001],[152.97767,-27.152091],[153.035202,-27.163609]]],[[[153.071824,-27.316929],[153.103742,-27.263441],[153.069523,-27.276801],[153.071824,-27.316929]]]]},"bbox":[152.663073,-27.316929,153.29693412994155,-26.729017]},
{"properties":{"electorateShortName":"maranoa","electorateName":"Maranoa","area":729861.86,"state":null},"type":"Feature","geometry":{"type":"Polygon","coordinates":[[[152.487617,-28.253908],[152.442049,-28.176017],[152.374893,-28.012336],[152.382276,-27.965632],[152.276931,-27.969723],[152.188454,-27.924176],[152.148272,-27.862854],[152.013697,-27.834761],[151.941678,-27.849462],[151.760196,-27.822867],[151.659481,-27.858572],[151.623829,-27.906668],[151.579891,-27.859109],[151.473438,-27.796217],[151.416556,-27.778568],[151.361344,-27.709305],[151.327465,-27.629251],[151.260165,-27.537731],[151.201819,-27.510589],[151.081734,-27.493046],[151.087765,-27.376423],[151.308622,-27.413824],[151.337736,-27.208293],[151.450784,-27.278638],[151.464934,-27.110822],[151.568505,-27.124785],[151.58118,-27.055961],[151.627521,-27.002613],[151.69397,-26.969204],[151.772878,-26.989885],[151.761824,-27.074402],[151.813489,-27.154896],[151.852695,-27.168106],[151.881714,-27.223721],[151.932792,-27.276023],[151.915407,-27.316282],[151.989037,-27.355141],[152.036431,-27.297562],[152.062329,-27.32839],[152.070838,-27.402759],[152.136975,-27.423638],[152.191723,-27.386849],[152.206186,-27.292046],[152.151987,-27.269404],[152.233115,-27.222092],[152.158854,-27.206431],[152.188492,-27.169149],[152.134036,-27.141624],[152.191318,-27.072344],[152.198108,-27.008236],[152.125438,-26.954225],[152.154591,-26.873643],[152.184254,-26.871025],[152.176618,-26.779782],[152.073393,-26.66841],[152.126748,-26.637973],[152.125717,-26.50656],[152.167652,-26.475419],[152.16719,-26.416696],[152.120144,-26.378695],[152.011798,-26.375274],[151.995889,-26.432648],[151.922653,-26.417623],[151.891556,-26.390819],[151.719506,-26.373923],[151.6715,-26.394175],[151.507509,-26.375876],[151.428038,-26.433727],[151.365386,-26.400973],[151.284892,-26.393278],[151.200782,-26.449264],[151.207725,-26.478767],[151.076963,-26.462816],[151.114728,-26.379598],[151.135653,-26.263126],[151.016714,-26.256222],[151.02286,-26.19499],[151.115867,-26.140866],[151.067346,-26.0854],[151.015886,-26.07722],[150.983982,-26.007806],[150.920428,-26.005017],[150.849566,-26.056405],[150.789811,-26.048923],[150.763635,-25.981599],[150.672754,-25.969587],[150.698644,-25.856755],[150.644123,-25.786199],[150.664276,-25.732738],[150.654161,-25.659782],[150.524181,-25.645387],[150.446103,-25.59883],[150.418493,-25.67516],[150.426022,-25.773976],[150.386739,-25.80581],[150.174465,-25.780107],[150.140981,-25.82252],[150.096674,-25.794322],[150.028006,-25.834568],[149.961377,-25.850635],[149.906393,-25.817178],[149.823117,-25.849048],[149.736105,-25.849599],[149.649194,-25.894488],[149.584391,-25.886616],[149.575487,-25.944165],[149.476835,-25.933506],[149.483531,-25.891873],[149.401437,-25.882486],[149.327807,-25.92525],[149.3028,-25.966084],[149.085523,-25.941109],[149.110591,-25.876186],[149.025279,-25.798982],[148.911223,-25.767597],[148.942382,-25.685517],[148.973513,-25.713302],[149.059655,-25.652623],[149.019693,-25.604013],[149.024318,-25.559799],[148.938047,-25.458588],[148.900436,-25.472457],[148.775948,-25.434942],[148.718979,-25.386953],[148.745256,-25.279722],[148.643119,-25.284125],[148.566593,-25.249519],[148.400133,-25.24599],[148.306379,-25.204066],[148.294554,-25.166089],[148.213314,-25.086419],[148.16059,-25.084158],[148.085083,-25.002144],[148.057673,-24.915533],[147.951945,-24.883207],[147.919557,-24.824789],[147.854187,-24.779593],[147.824435,-24.735092],[147.730304,-24.73301],[147.647279,-24.796988],[147.542436,-24.817561],[147.485925,-24.875806],[147.318466,-24.872592],[147.296394,-24.895801],[147.136624,-24.882882],[147.138836,-24.848994],[147.091547,-24.814128],[146.903382,-24.805192],[146.882273,-24.762487],[146.942012,-24.704363],[146.883106,-24.600802],[146.800113,-24.620586],[146.774156,-24.662766],[146.682499,-24.605848],[146.680792,-24.578937],[146.596051,-24.453012],[146.595864,-24.417187],[146.712721,-24.377528],[146.729701,-24.418552],[146.805026,-24.405198],[146.864237,-24.368793],[146.923093,-24.29469],[146.957122,-24.16999],[147.110288,-24.093341],[147.183316,-24.085741],[147.168985,-23.955351],[147.241147,-23.9032],[147.229553,-23.787489],[147.199777,-23.773309],[147.199904,-23.606229],[147.2344,-23.551871],[147.283772,-23.524784],[147.259839,-23.43807],[147.286615,-23.351236],[147.161882,-23.33971],[147.074854,-23.306916],[147.079057,-23.279834],[146.939723,-23.260355],[146.932705,-23.315483],[146.854576,-23.304746],[146.88446,-23.220274],[146.853726,-23.167071],[146.788875,-23.126644],[146.779435,-23.021589],[146.702277,-22.96222],[146.646063,-22.883208],[146.559193,-22.877335],[146.526585,-22.81233],[146.548396,-22.76889],[146.401429,-22.755504],[146.428595,-22.487942],[146.387628,-22.519329],[146.311092,-22.493311],[146.283188,-22.463379],[146.108921,-22.445663],[146.122071,-22.347422],[146.052132,-22.338502],[146.070664,-22.226622],[146.074055,-22.123377],[146.031455,-22.104814],[145.76961,-22.06659],[145.661171,-22.041156],[145.668263,-21.932034],[145.640624,-21.893986],[145.64578,-21.797513],[145.678477,-21.668189],[145.532833,-21.658254],[145.529402,-21.701941],[145.434731,-21.692052],[145.418234,-21.846247],[145.262042,-21.828722],[145.243999,-21.792608],[145.166068,-21.784894],[145.152964,-21.898926],[145.075195,-21.891442],[145.082206,-21.942606],[144.956305,-21.930311],[144.943048,-22.059149],[144.800906,-22.045386],[144.796356,-22.098431],[144.752316,-22.0948],[144.737423,-22.210332],[144.500514,-22.185662],[144.501776,-22.165143],[144.397776,-22.157051],[144.417213,-22.061724],[144.26849,-22.047868],[144.263435,-21.997391],[144.180328,-21.989558],[144.185983,-21.913747],[144.038846,-21.894713],[144.044621,-21.830302],[143.630837,-21.797422],[143.649256,-21.641178],[143.329875,-21.611515],[143.35953,-21.322011],[143.18803,-21.308656],[142.953327,-21.493758],[142.862092,-21.54506],[142.815399,-21.493135],[142.693958,-21.587863],[142.718468,-21.614949],[142.49559,-21.598003],[142.491224,-21.644184],[142.332562,-21.636322],[142.335189,-21.607104],[142.228163,-21.596278],[142.231842,-21.550869],[142.071999,-21.540753],[142.06622,-21.695149],[142.048704,-21.815995],[141.740477,-21.791727],[141.738279,-21.807024],[141.580016,-21.793194],[141.583156,-21.755977],[141.50783,-21.750468],[141.481129,-21.964069],[141.304782,-21.949605],[141.284543,-21.988843],[141.294338,-22.061885],[141.198634,-22.055173],[141.18285,-22.249626],[141.245778,-22.335434],[141.07972,-22.465648],[141.198923,-22.597559],[141.145629,-22.633357],[141.090848,-22.618233],[141.117252,-22.702695],[141.122257,-22.804494],[140.999074,-22.898415],[141.046356,-22.947653],[140.924565,-23.044439],[140.946999,-23.067769],[140.82219,-23.161545],[140.759621,-23.223156],[140.662341,-23.157725],[140.572649,-23.231406],[140.413234,-23.34621],[140.341912,-23.418267],[140.355569,-23.525775],[139.937919,-23.487231],[139.936229,-23.577092],[139.862623,-23.629454],[139.892609,-23.693644],[139.463728,-23.671293],[139.475759,-23.520779],[139.295422,-23.509979],[139.338996,-23.473871],[139.174868,-23.309969],[139.122701,-23.352076],[139.076354,-23.306816],[138.899454,-23.448333],[138.921104,-23.476494],[138.736465,-23.611343],[138.592055,-23.46253],[138.464389,-23.555056],[137.998246,-23.520895],[137.9986,-24.249828],[137.998745,-24.833129],[137.996879,-25.137999],[137.998902,-25.457199],[137.999054,-25.996867],[138.48863,-25.996773],[139.160052,-25.996671],[139.87258,-25.996524],[140.355301,-25.996521],[140.999394,-25.996376],[140.999446,-26.498488],[140.999466,-26.909368],[140.99956,-27.6678],[140.999375,-28.460198],[140.999265,-28.999101],[141.537076,-28.998996],[142.264797,-28.999074],[142.70748,-28.999091],[143.451901,-28.999069],[144.196177,-28.999115],[144.87418,-28.999091],[145.666844,-28.999081],[146.067784,-28.998645],[146.745786,-28.998946],[147.599628,-28.999057],[148.361055,-28.999043],[148.958086,-28.999051],[149.042373,-28.939312],[149.081108,-28.845866],[149.14239,-28.823873],[149.293978,-28.711683],[149.391403,-28.691734],[149.461772,-28.591551],[149.587511,-28.572882],[149.696606,-28.630759],[149.830077,-28.603846],[149.97158,-28.607665],[150.169679,-28.551113],[150.181437,-28.565038],[150.289648,-28.537157],[150.414296,-28.649864],[150.483443,-28.662131],[150.58306,-28.656108],[150.632541,-28.676572],[150.729851,-28.634142],[150.930908,-28.705519],[150.948417,-28.734381],[151.010299,-28.740641],[151.055809,-28.849073],[151.103478,-28.837047],[151.281944,-28.949959],[151.281159,-29.103695],[151.33931,-29.177266],[151.395282,-29.177187],[151.502799,-29.069884],[151.499374,-29.017755],[151.54908,-28.952484],[151.636751,-28.922061],[151.726628,-28.866876],[151.772735,-28.938251],[151.834235,-28.957209],[151.847287,-28.90863],[151.927348,-28.925411],[152.023571,-28.891181],[152.043603,-28.730613],[152.076049,-28.708175],[152.013854,-28.665753],[151.955149,-28.519412],[152.016864,-28.525281],[152.06929,-28.468759],[152.164947,-28.432626],[152.217189,-28.449236],[152.312222,-28.362717],[152.38508,-28.368855],[152.44275,-28.290772],[152.487617,-28.253908]]]},"bbox":[137.996879,-29.177266,152.487617,-21.308656]},
{"properties":{"electorateShortName":"mcpherson","electorateName":"McPherson","area":229.47,"state":null},"type":"Feature","geometry":{"type":"Polygon","coordinates":[[[153.552171,-28.164408],[153.57953051876083,-28.255506413236546],[153.6167450494998,-28.227099244454035],[153.64214268097837,-28.16215043008373],[153.63424103076935,-28.127468724837694],[153.62532290612674,-28.111979013456086],[153.62304590612675,-28.108802013456085],[153.61144420182606,-28.09556843337967],[153.59748894558638,-28.08484565353467],[153.58171375743507,-28.07704369076177],[153.55895798955976,-28.07057500089857],[153.54189383015364,-28.05380232379864],[153.5313369303013,-28.035954055115443],[153.52174880584639,-28.025789635614213],[153.517843761629,-28.01981916211866],[153.50584901807895,-28.007469177825968],[153.4917221255654,-27.997629112136572],[153.48972653887103,-27.996745533199505],[153.46405758835797,-27.964149804032946],[153.429372,-27.974545],[153.437734,-28.040372],[153.447581,-28.076061],[153.408801,-28.03519],[153.355703,-28.0495],[153.370122,-28.106398],[153.358489,-28.157291],[153.296863,-28.234233],[153.356812,-28.249619],[153.485949,-28.157028],[153.552171,-28.164408]]]},"bbox":[153.296863,-28.255506413236546,153.64214268097837,-27.964149804032946]},
{"properties":{"electorateShortName":"moncrieff","electorateName":"Moncrieff","area":100.31,"state":null},"type":"Feature","geometry":{"type":"Polygon","coordinates":[[[153.447581,-28.076061],[153.45439,-28.089031],[153.498658,-28.145515],[153.5331609098939,-28.103919194890484],[153.53693307413732,-28.086840927984955],[153.537330858144,-28.069355557200783],[153.53433923960466,-28.05212341740066],[153.52580969945868,-28.021209356441],[153.52057424643834,-27.988611979504988],[153.5236722689559,-27.93064522214396],[153.51569621513406,-27.896647343298525],[153.50692871736268,-27.88145118471234],[153.48148790311882,-27.85752968452596],[153.4309356750753,-27.84389576214968],[153.433728,-27.933812],[153.344076,-27.976893],[153.324398,-28.013614],[153.355703,-28.0495],[153.408801,-28.03519],[153.447581,-28.076061]]]},"bbox":[153.324398,-28.145515,153.537330858144,-27.84389576214968]},
{"properties":{"electorateShortName":"moreton","electorateName":"Moreton","area":108.05,"state":null},"type":"Feature","geometry":{"type":"MultiPolygon","coordinates":[[[[153.111147,-27.593945],[153.055774,-27.525627],[153.021748,-27.500406],[152.965154,-27.543654],[153.025278,-27.612874],[153.10107,-27.618091],[153.111147,-27.593945]]],[[[153.003899,-27.47611],[153.003037,-27.476914],[153.006586,-27.473604],[153.003899,-27.47611]]]]},"bbox":[152.965154,-27.618091,153.111147,-27.473604]},
{"properties":{"electorateShortName":"oxley","electorateName":"Oxley","area":157.25,"state":null},"type":"Feature","geometry":{"type":"MultiPolygon","coordinates":[[[[153.025278,-27.612874],[152.965154,-27.543654],[152.905506,-27.543846],[152.860812,-27.597965],[152.854983,-27.636885],[152.927755,-27.685268],[152.940787,-27.628672],[153.019347,-27.657394],[153.025278,-27.612874]]],[[[153.003899,-27.47611],[153.003037,-27.476914],[153.006586,-27.473604],[153.003899,-27.47611]]]]},"bbox":[152.854983,-27.685268,153.025278,-27.473604]},
{"properties":{"electorateShortName":"petrie","electorateName":"Petrie","area":148.82,"state":null},"type":"Feature","geometry":{"type":"Polygon","coordinates":[[[153.069523,-27.276801],[153.071824,-27.316929],[153.075354,-27.320609],[153.087776,-27.326976],[153.087822,-27.329247],[153.084035,-27.33127],[153.093608,-27.338916],[153.122436,-27.352404],[153.13580641513104,-27.35963205534337],[153.1396749729359,-27.345775835833834],[153.14142203973043,-27.345173579831513],[153.14569303973042,-27.343204579831514],[153.16045860777567,-27.334611990600493],[153.18385673670758,-27.309925354912014],[153.19421522953104,-27.288258803259776],[153.19901146071155,-27.271750085969455],[153.19902852238744,-27.271564012122607],[153.20375699098858,-27.260630217364167],[153.2074733179389,-27.242550574941955],[153.20848146193592,-27.198737427203938],[153.20569993667618,-27.188117350245502],[153.20344309388506,-27.174135721266612],[153.20162209388505,-27.16760272126661],[153.19506712474572,-27.150809967750636],[153.17270372037572,-27.122761836633057],[153.09943148930125,-27.093463217299778],[153.039471,-27.159209],[153.035202,-27.163609],[152.97767,-27.152091],[153.018296,-27.249001],[152.999425,-27.357035],[153.026437,-27.365258],[153.069523,-27.276801]]]},"bbox":[152.97767,-27.365258,153.20848146193592,-27.093463217299778]},
{"properties":{"electorateShortName":"rankin","electorateName":"Rankin","area":131.09,"state":null},"type":"Feature","geometry":{"type":"Polygon","coordinates":[[[153.173841,-27.634252],[153.175762,-27.606707],[153.111147,-27.593945],[153.10107,-27.618091],[153.025278,-27.612874],[153.019347,-27.657394],[153.016596,-27.678932],[153.099301,-27.700167],[153.173841,-27.634252]]]},"bbox":[153.016596,-27.700167,153.175762,-27.593945]},
{"properties":{"electorateShortName":"ryan","electorateName":"Ryan","area":367.81,"state":null},"type":"Feature","geometry":{"type":"Polygon","coordinates":[[[153.021748,-27.500406],[153.003037,-27.476914],[153.006586,-27.473604],[153.003899,-27.47611],[152.992406,-27.412586],[152.976999,-27.400782],[152.897229,-27.41728],[152.775615,-27.401686],[152.748503,-27.318755],[152.707818,-27.351805],[152.747224,-27.407082],[152.748793,-27.495279],[152.842765,-27.496515],[152.860812,-27.597965],[152.905506,-27.543846],[152.965154,-27.543654],[153.021748,-27.500406]]]},"bbox":[152.707818,-27.597965,153.021748,-27.318755]},
{"properties":{"electorateShortName":"wide-bay","electorateName":"Wide Bay","area":14224.83,"state":null},"type":"Feature","geometry":{"type":"Polygon","coordinates":[[[152.575195,-26.584007],[152.66026,-26.597107],[152.728448,-26.536977],[152.767154,-26.537338],[152.814092,-26.498097],[152.921839,-26.443048],[153.030792,-26.443104],[153.05675,-26.477345],[153.102535,-26.45121],[153.093173,-26.386366],[153.071174,-26.367606],[153.066389,-26.271765],[153.113189,-26.10351],[153.17692,-25.945318],[153.137977,-25.944868],[153.085906,-25.888748],[153.072996,-25.81403],[153.089358,-25.757713],[153.080423,-25.655766],[153.098901,-25.585052],[153.212031,-25.319322],[153.357926,-25.008795],[153.285148,-24.926539],[153.259634,-24.823713],[153.264621,-24.697089],[153.171305,-24.747295],[153.171304,-24.747295],[153.17086,-24.74852],[153.16997,-24.74997],[153.16444,-24.75558],[153.15536,-24.76913],[153.12048,-24.80628],[153.17464,-24.83856],[153.22932,-24.91878],[153.22341,-24.99022],[153.161352,-25.082542],[153.072756,-25.155583],[153.030724,-25.175517],[153.050075,-25.262659],[153.034164,-25.384709],[152.86885,-25.447048],[152.848902,-25.485972],[152.758929,-25.506286],[152.74125,-25.468546],[152.649894,-25.467251],[152.603176,-25.481191],[152.510262,-25.457858],[152.450577,-25.480861],[152.40096,-25.464669],[152.416075,-25.412806],[152.327056,-25.401554],[152.273607,-25.431306],[152.26976,-25.521904],[152.214937,-25.512918],[152.111252,-25.59843],[152.092612,-25.632195],[152.041155,-25.619681],[151.982369,-25.714891],[151.997389,-25.771044],[151.928602,-25.867609],[151.901243,-25.869509],[151.863018,-25.805697],[151.810575,-25.763555],[151.762195,-25.799748],[151.779773,-25.918549],[151.748131,-25.962301],[151.72065,-26.092598],[151.829549,-26.203487],[151.872218,-26.210447],[151.907515,-26.260096],[151.887749,-26.302294],[151.981362,-26.313347],[152.011798,-26.375274],[152.120144,-26.378695],[152.16719,-26.416696],[152.167652,-26.475419],[152.2063,-26.508644],[152.284392,-26.452367],[152.314662,-26.479876],[152.442847,-26.460453],[152.440343,-26.557075],[152.456971,-26.580891],[152.575195,-26.584007]]]},"bbox":[151.72065,-26.597107,153.357926,-24.697089]},
{"properties":{"electorateShortName":"wright","electorateName":"Wright","area":7577.19,"state":null},"type":"Feature","geometry":{"type":"MultiPolygon","coordinates":[[[[153.296863,-28.234233],[153.358489,-28.157291],[153.370122,-28.106398],[153.355703,-28.0495],[153.324398,-28.013614],[153.344076,-27.976893],[153.299254,-27.953572],[153.292111,-27.903996],[153.180683,-27.895079],[153.18894,-27.855104],[153.158555,-27.769347],[153.08568,-27.770095],[153.002367,-27.707205],[153.016596,-27.678932],[153.019347,-27.657394],[152.940787,-27.628672],[152.927755,-27.685268],[152.882789,-27.747358],[152.757806,-27.767276],[152.529456,-27.71763],[152.519325,-27.761172],[152.451178,-27.802002],[152.391951,-27.817693],[152.422454,-27.654351],[152.457828,-27.662455],[152.497013,-27.582952],[152.499344,-27.511697],[152.373374,-27.40198],[152.191723,-27.386849],[152.136975,-27.423638],[152.070838,-27.402759],[152.029058,-27.416256],[151.966858,-27.473577],[151.955189,-27.514264],[152.000524,-27.55692],[151.985241,-27.64869],[152.010483,-27.699779],[152.131541,-27.771666],[152.148272,-27.862854],[152.188454,-27.924176],[152.276931,-27.969723],[152.382276,-27.965632],[152.374893,-28.012336],[152.442049,-28.176017],[152.487617,-28.253908],[152.525036,-28.303964],[152.597846,-28.314779],[152.627857,-28.303031],[152.740742,-28.359934],[152.803636,-28.353735],[152.882129,-28.312092],[152.941574,-28.334512],[153.1094,-28.35744],[153.184434,-28.246209],[153.296863,-28.234233]]],[[[153.45439,-28.089031],[153.4580883327019,-28.08425866223316],[153.4532160395226,-28.065108010245883],[153.44526461064854,-28.048447761680322],[153.44491305908696,-28.037601875874575],[153.429372,-27.974545],[153.437734,-28.040372],[153.447581,-28.076061],[153.45439,-28.089031]]]]},"bbox":[151.955189,-28.359934,153.4580883327019,-27.386849]},
{"properties":{"electorateShortName":"adelaide","electorateName":"Adelaide","area":86.4,"state":null},"type":"Feature","geometry":{"type":"MultiPolygon","coordinates":[[[[138.626439,-34.964559],[138.612826,-34.909505],[138.63534,-34.846848],[138.564539,-34.849757],[138.554992,-34.967237],[138.626439,-34.964559]]],[[[138.485446,-34.790504],[138.47963509513735,-34.79058061368398],[138.46909354407478,-34.805031824603006],[138.46161815355947,-34.82128237328528],[138.45750421240302,-34.83869033939256],[138.4569142272721,-34.85656808291283],[138.4586028330589,-34.88133783535071],[138.45826942392515,-34.887933644827086],[138.45928974174961,-34.90046621166527],[138.4593865809627,-34.932306052926656],[138.46371692302932,-34.95245453970884],[138.4651634250904,-34.97278921844928],[138.46800532954512,-34.990330703972596],[138.48361971862326,-35.02206397740236],[138.4957834731361,-35.03501863723758],[138.50847169011277,-35.0440597557095],[138.515333,-35.03834],[138.511424,-35.00605],[138.508578,-34.964393],[138.498198,-34.938993],[138.47606,-34.856766],[138.488512,-34.819798],[138.485446,-34.790504]]],[[[138.522502,-34.769668],[138.515749,-34.771573],[138.558473,-34.825161],[138.566193,-34.825394],[138.560364,-34.824763],[138.549122,-34.786195],[138.54347,-34.765944],[138.529523,-34.774156],[138.522502,-34.769668]]]]},"bbox":[138.4569142272721,-35.0440597557095,138.63534,-34.765944]},
{"properties":{"electorateShortName":"barker","electorateName":"Barker","area":65204.13,"state":null},"type":"Feature","geometry":{"type":"Polygon","coordinates":[[[140.973283,-37.358326],[140.96932,-36.793047],[140.96735,-36.373918],[140.963103,-35.748535],[140.966225,-35.389142],[140.965621,-35.008257],[140.964347,-34.438654],[140.961682,-34.095818],[141.002956,-34.021892],[141.002258,-33.329008],[141.00215,-33.227123],[141.002239,-33.311159],[140.373676,-33.310387],[140.374777,-34.004683],[140.2161,-34.005623],[140.215927,-33.945289],[139.857232,-33.943622],[139.857077,-33.875317],[139.699228,-33.875194],[139.699984,-33.800595],[139.355934,-33.803013],[139.35672,-34.126099],[139.350784,-34.319345],[139.162756,-34.327119],[139.034166,-34.306653],[139.048545,-34.244786],[138.978141,-34.252767],[138.965402,-34.19339],[138.838376,-34.193493],[138.837019,-34.300597],[138.779426,-34.298285],[138.744114,-34.445325],[138.747465,-34.558248],[138.82127,-34.564057],[138.800976,-34.609536],[138.847549,-34.680538],[138.909409,-34.708276],[138.928028,-34.755628],[139.043574,-34.817193],[138.975208,-34.8949],[139.034957,-34.928687],[139.029078,-35.060404],[139.066687,-35.165936],[139.066437,-35.214865],[139.158312,-35.253485],[139.144709,-35.471704],[138.981025,-35.518259],[138.931535,-35.562441],[138.878089,-35.558867],[138.79334218880655,-35.5289301481881],[138.7911554637826,-35.58215992340473],[138.83282430053413,-35.636655861556555],[138.8487977629586,-35.64396707892232],[138.8584527704596,-35.64729030866464],[138.90223684597484,-35.667776064933584],[139.00864906396876,-35.726566233190304],[139.15876484719573,-35.82719485778896],[139.35010983264928,-35.99111309246177],[139.45465465441063,-36.10206522074157],[139.5733920956549,-36.261063878424366],[139.63038579677288,-36.35583635322287],[139.70567389600896,-36.50649150637245],[139.772263594926,-36.70344639392751],[139.7655577469785,-36.79093085592045],[139.73516219302846,-36.818934762551876],[139.60883857860668,-36.88204301328775],[139.58010679849454,-36.961441963309696],[139.63944197381915,-37.05298608874938],[139.65610815832028,-37.214636030980465],[139.7707534615323,-37.3787640629142],[139.94224831202737,-37.560296718602345],[140.0201804231165,-37.585334218907555],[140.06317033626513,-37.65361529678957],[140.18015710431183,-37.74552636854381],[140.3041839115057,-37.95223831281351],[140.34765487837092,-37.99562880100288],[140.41078999043845,-38.02006006477763],[140.53011604561493,-38.1050174665515],[140.65248214160025,-38.15092119794748],[140.7864647561963,-38.14827675084543],[140.8381329662366,-38.13352745690855],[140.87097207645408,-38.140989475104355],[140.89027701237006,-38.13935437558428],[140.92291605767164,-38.14312000706316],[140.93560543775348,-38.142684590963526],[140.95343421246176,-38.145144429593145],[140.9702747270851,-38.14587443195642],[141.03034295185688,-38.11864530500481],[141.0515999816571,-38.08162386381632],[140.965735,-38.055989],[140.971091,-37.791453],[140.973283,-37.358326]]]},"bbox":[138.744114,-38.15092119794748,141.0515999816571,-33.227123]},
{"properties":{"electorateShortName":"boothby","electorateName":"Boothby","area":115.6,"state":null},"type":"Feature","geometry":{"type":"Polygon","coordinates":[[[138.586311,-35.037955],[138.648654,-35.015738],[138.675338,-34.974486],[138.626439,-34.964559],[138.554992,-34.967237],[138.508578,-34.964393],[138.498198,-34.938993],[138.4819803588078,-34.87875594234744],[138.46962543368903,-34.88325917488501],[138.45455916031403,-34.89240713361652],[138.42368681053227,-34.934501764649895],[138.4187080411236,-34.9692293717344],[138.41973648309445,-34.98263422336798],[138.4192780288162,-34.98739837266335],[138.42000091782026,-35.00083707282295],[138.4221870540429,-35.01770022592073],[138.41963568545205,-35.024364120814546],[138.41515762425473,-35.04033515402293],[138.41368654337543,-35.05685674156398],[138.43449991952323,-35.11472109852079],[138.44602199288732,-35.12659813606894],[138.44739199288733,-35.12777213606894],[138.46975,-35.140369],[138.493568,-35.084609],[138.503686,-35.056544],[138.586311,-35.037955]]]},"bbox":[138.41368654337543,-35.140369,138.675338,-34.87875594234744]},
{"properties":{"electorateShortName":"grey","electorateName":"Grey","area":908651.63,"state":null},"type":"Feature","geometry":{"type":"MultiPolygon","coordinates":[[[[129.00134,-31.687068],[128.91508893982027,-31.711312264087727],[128.93655804472596,-31.749544381704396],[128.99813397087928,-31.777010878413343],[129.01535341797435,-31.775970329084654],[129.03069341797436,-31.773552329084655],[129.0669520817822,-31.763185702144877],[129.44068785966076,-31.72686735529077],[129.53768609410983,-31.71241397506605],[129.8432897609402,-31.6977467892674],[129.9386388972458,-31.678911280302703],[130.11879857057238,-31.676399679951608],[130.26799324082188,-31.663689477808802],[130.4904804673408,-31.683028384518956],[130.587650270286,-31.67797511844233],[130.72633426641593,-31.695683341014817],[130.8634941924066,-31.686065292150335],[131.06767063226306,-31.617604558539632],[131.15337626518746,-31.55681724687586],[131.2799958696152,-31.603204330642185],[131.53217811724102,-31.709292106521854],[131.7574087143601,-31.82292118270593],[132.04088541688432,-32.008973774302234],[132.09258367968903,-32.0713482902684],[132.18276375427047,-32.11549206679018],[132.26297384602728,-32.12337708565432],[132.40799906570658,-32.10226688249509],[132.49694972310292,-32.11691060175569],[132.55114385646374,-32.07544266076007],[132.56581906373853,-32.023314003829086],[132.670580213584,-32.047407883598325],[132.7495067709878,-32.04498421096619],[132.89438432827737,-32.13478870649386],[132.95655349310866,-32.19352039303378],[133.03651895051254,-32.200819538772485],[133.074911104285,-32.28304467638648],[133.13680575670298,-32.2978225769076],[133.15951396989118,-32.34094657610975],[133.276819419504,-32.39016266990201],[133.201286767665,-32.43120075473425],[133.16129318199629,-32.491049211039375],[133.17378111046162,-32.55931215071908],[133.11160046634478,-32.556124826568734],[133.05564176498692,-32.59517867197984],[133.0434773064392,-32.66773886518352],[133.0867248978112,-32.726361521349006],[133.15827982605668,-32.734357562489194],[133.2243734991675,-32.659782841580636],[133.29646276312204,-32.67749338242638],[133.35309357816223,-32.64949523992073],[133.38835599919355,-32.56454863789486],[133.43025676709703,-32.51606991248231],[133.4360788664062,-32.46908368903034],[133.53021859636993,-32.459786473631695],[133.58829350737608,-32.53981802114368],[133.6548410272464,-32.551927353175394],[133.75744230855963,-32.498348262204935],[133.7620716691699,-32.5650383422052],[133.80622779872354,-32.620912733724566],[133.92966271814524,-32.62371944394684],[133.96759424879713,-32.59251371456655],[134.02909740431537,-32.58715302176344],[134.06441645587708,-32.55852607886563],[134.1250519906528,-32.55201319933894],[134.18467941602012,-32.61293046052625],[134.08434803426343,-32.6196512855267],[134.01347074777752,-32.641279127276846],[133.9181703265417,-32.644778146927756],[133.87724546023944,-32.70538220788071],[133.8896501916303,-32.77098136135785],[133.99191929329768,-32.84183151475167],[133.97087984483144,-32.90000622110213],[133.9904414100784,-32.964392742129114],[134.04919156792943,-33.01047945952479],[134.07049862960477,-33.07872657766822],[134.10665093646026,-33.12161011258358],[134.1707435050417,-33.145583419105144],[134.21239949884955,-33.23109219099442],[134.3246512400233,-33.28940026243968],[134.46433467191522,-33.244587996610186],[134.54164395584584,-33.2815762203032],[134.5803745485875,-33.3196844068006],[134.67943363571544,-33.35138757154354],[134.73413751479302,-33.39634461268758],[134.76790479423923,-33.50340094049796],[134.68814123659686,-33.52995154585375],[134.66444727846786,-33.61404407117953],[134.70670677909254,-33.67109103015476],[134.76230869979935,-33.68844321198926],[134.9811730060451,-33.82333872553626],[135.05717280289937,-33.896467634434146],[135.17211089026588,-34.02497423847312],[135.1845062164989,-34.07182284418448],[135.1524779871335,-34.16502521481515],[135.17941908437598,-34.21504296337959],[135.1698255083605,-34.27429650797229],[135.20859302395434,-34.33357518498357],[135.1294751282002,-34.37233987535675],[135.05838129429586,-34.463251946259234],[135.0191979309776,-34.588643359385514],[135.04238792349733,-34.66250919032841],[134.99295148848424,-34.678749257689226],[134.94378902594116,-34.740390943113184],[134.93916733743808,-34.789733254501485],[134.97212310094054,-34.852676683329044],[135.05523063506155,-34.8726581925614],[135.23234306383833,-34.78231202611429],[135.29841247682427,-34.79953539829906],[135.37218470996936,-34.78297448184127],[135.52561892865066,-34.93393453223825],[135.53218658881565,-35.032029145459944],[135.61559590196111,-35.091777194237224],[135.6662404733228,-35.078325456321906],[135.75995009436213,-35.00018336823521],[135.864431624185,-35.045423905509686],[135.9111858141075,-35.1023446019181],[135.9649509228083,-35.12695978244841],[136.04635791610627,-35.09758744755475],[136.187880881717,-35.15458772190715],[136.2498294411014,-35.141107190952674],[136.29002916839056,-35.08808682142825],[136.29327932533283,-35.03795320875034],[136.2653915899482,-34.95574587676799],[136.1551557451552,-34.8562327978753],[136.10254324258742,-34.84257536896857],[136.09514794284095,-34.71163950721304],[136.1972700300251,-34.73817308771722],[136.24497382187042,-34.77001535850128],[136.37025106478777,-34.769979625244915],[136.44968339265446,-34.69005898294835],[136.45657788181182,-34.62292139342834],[136.39138849168634,-34.531107690849744],[136.38892607610524,-34.47136452379181],[136.34015933526067,-34.4165333116011],[136.2761516101904,-34.379426738934306],[136.33496210937057,-34.318362270865194],[136.4321589028374,-34.17204004308099],[136.446558065195,-34.11840294746626],[136.63753101249716,-34.00792477748059],[136.6602959782808,-33.975462784349496],[136.76577361293837,-33.92095524645256],[136.883070533219,-33.88459399812753],[137.07807681489064,-33.79315583420222],[137.20867060112226,-33.770835700199925],[137.28517920473672,-33.71525064813591],[137.35347741674843,-33.615728274568625],[137.38986530763717,-33.529338132735205],[137.4439456999942,-33.472934616063995],[137.47136894555132,-33.39994163915822],[137.46954088441257,-33.339246250862566],[137.51266096548542,-33.27393093129596],[137.52993064375016,-33.202780232803626],[137.5859994131303,-33.16966690200015],[137.67995169309634,-33.07000788467441],[137.78403769174912,-33.09065188314202],[137.87342655084015,-33.049729065645344],[137.89853892084548,-33.07877732865162],[137.78716434939986,-33.13295767698319],[137.72281046623786,-33.248953518101956],[137.72746831021522,-33.30907765436988],[137.78153077447482,-33.3829192413064],[137.79529606191255,-33.44598663094332],[137.84251085760928,-33.513268237725825],[137.6930603386723,-33.64906358537728],[137.64981710452722,-33.71416042028649],[137.58033232474693,-33.766616967603234],[137.5170195231261,-33.84281314844597],[137.5119198627406,-33.89317742848437],[137.4622170147208,-33.923575851722234],[137.41951519254806,-33.99225517912361],[137.4264458900135,-34.046680803655725],[137.37947911276035,-34.07941903617307],[137.36259985261697,-34.163590014589275],[137.40920456808297,-34.24809500992885],[137.39580653475613,-34.324318813900014],[137.36298685712686,-34.36534428894459],[137.30023625329866,-34.39205069298943],[137.24730666177368,-34.49702681137639],[137.273416703067,-34.58578414635467],[137.33716267643288,-34.62295173050959],[137.41829420105492,-34.60607212308846],[137.3690641715548,-34.84302311812137],[137.27414618062997,-34.80393023866995],[137.09809713828315,-34.829455865256],[137.0262034226555,-34.80386386976275],[136.95931218638304,-34.8212063517424],[136.90630461436962,-34.88477107447544],[136.84071534653611,-35.02027965817396],[136.85507732945842,-35.077722992281856],[136.76598751406735,-35.13933763642626],[136.74206648623854,-35.1839088068031],[136.7344838702352,-35.266580212603195],[136.76907949162174,-35.32353326878433],[136.75787936527863,-35.38987408995887],[136.7965790203313,-35.44586272215417],[136.8948964449157,-35.46129550950971],[136.99899805485688,-35.38544644235732],[137.04417928456675,-35.31488547188238],[137.09390164406628,-35.33120798934425],[137.19735333847075,-35.32427417626315],[137.2764589443123,-35.255177567693444],[137.3951536331416,-35.239544126877476],[137.44288385808923,-35.18784515520847],[137.53077746899368,-35.206368295892034],[137.60232237977596,-35.25104226835011],[137.71009880832946,-35.25178008305849],[137.8135178334664,-35.186046553483145],[137.84881905427048,-35.12157345986248],[137.8510856244602,-35.00862478081795],[137.8880448723999,-34.94693660065903],[137.8930948534617,-34.894478332713526],[137.9531078377552,-34.79637884658915],[137.97032360729764,-34.69116569067917],[137.9975485210587,-34.61107947636978],[137.97513317311365,-34.5568686795957],[137.99947156524817,-34.473487838746976],[138.13545083104705,-34.35949416925547],[138.19073338930295,-34.52670388489076],[138.26505908330844,-34.58713740295703],[138.3406144762201,-34.67326323169248],[138.34585869542735,-34.698826336270066],[138.36400724308,-34.728749264530535],[138.37104424813683,-34.73542272841377],[138.3847911909199,-34.747014572868615],[138.40056820077092,-34.75564215966373],[138.43539377353514,-34.76466764374981],[138.4559072094813,-34.766274595414245],[138.47525731150503,-34.76365243136714],[138.526442,-34.738397],[138.493271,-34.721402],[138.455392,-34.689177],[138.435645,-34.672759],[138.520137,-34.637098],[138.638333,-34.631901],[138.747465,-34.558248],[138.744114,-34.445325],[138.779426,-34.298285],[138.837019,-34.300597],[138.838376,-34.193493],[138.965402,-34.19339],[138.978141,-34.252767],[139.048545,-34.244786],[139.034166,-34.306653],[139.162756,-34.327119],[139.350784,-34.319345],[139.35672,-34.126099],[139.355934,-33.803013],[139.699984,-33.800595],[139.699228,-33.875194],[139.857077,-33.875317],[139.857232,-33.943622],[140.215927,-33.945289],[140.2161,-34.005623],[140.374777,-34.004683],[140.373676,-33.310387],[141.002239,-33.311159],[141.002258,-33.329008],[141.00215,-33.227123],[141.001004,-32.467467],[141.001289,-31.829147],[141.000764,-31.353757],[141.000699,-30.70755],[141.000455,-30.285945],[141.000018,-29.646656],[140.999265,-28.999101],[140.999375,-28.460198],[140.99956,-27.6678],[140.999466,-26.909368],[140.999446,-26.498488],[140.999394,-25.996376],[140.355301,-25.996521],[139.87258,-25.996524],[139.160052,-25.996671],[138.48863,-25.996773],[137.999054,-25.996867],[137.415882,-25.997353],[136.999238,-25.997699],[136.249275,-25.998325],[135.401282,-25.998533],[134.77428,-25.998568],[134.149291,-25.998546],[133.614654,-25.998585],[132.993367,-25.998573],[132.414689,-25.998578],[131.751301,-25.998563],[131.048379,-25.998592],[130.499313,-25.998576],[129.801317,-25.99858],[129.001838,-25.998606],[129.001806,-26.472341],[129.001337,-26.888993],[129.001342,-27.305647],[129.001352,-27.888961],[129.00166,-28.305614],[129.001576,-28.972059],[129.001572,-29.388911],[129.001551,-29.805563],[129.00191,-30.305449],[129.001919,-30.763682],[129.001443,-31.222185],[129.00134,-31.687068]]],[[[136.35225045446455,-35.15543312446243],[136.37194124876746,-35.21378016204904],[136.44335920643186,-35.26716457693373],[136.54646896290484,-35.25328527617079],[136.58467127901335,-35.17028402454825],[136.56443619620555,-35.09334478402845],[136.52984845746164,-35.04538046313818],[136.4600974225569,-35.02626135417235],[136.398076927304,-35.05593413511172],[136.35225045446455,-35.15543312446243]]],[[[135.98740262932876,-35.174308438748426],[135.96766978652806,-35.215919521296485],[135.9776625604162,-35.28064453745801],[136.02059182024053,-35.31847149429018],[136.0264340132843,-35.36564702309324],[136.07257013630738,-35.41739227197849],[136.1252725445062,-35.42994109993047],[136.1909776544993,-35.40270342143348],[136.21638981226212,-35.33627093806163],[136.17284755637414,-35.24560186841537],[136.1535922100198,-35.168425438090246],[136.0623049493299,-35.13285231975282],[135.98740262932876,-35.174308438748426]]],[[[134.34525180061905,-33.673989801791535],[134.30718002088426,-33.652272212873875],[134.2378088399295,-33.66042745281718],[134.19516311385655,-33.7157466242978],[134.21636766052993,-33.80371821209327],[134.27955632173558,-33.83504850138306],[134.36090501929849,-33.797529662081494],[134.39668421007724,-33.84736388954939],[134.4727004982054,-33.86093096935284],[134.55438800285972,-33.81380836054406],[134.6280870168422,-33.80563264064049],[134.68653090508542,-33.77334081559962],[134.70664208291672,-33.70966986018275],[134.67283783656382,-33.64557291927424],[134.53194591512923,-33.58779183402983],[134.44832419242073,-33.603596140385946],[134.34525180061905,-33.673989801791535]]],[[[134.152355784102,-34.01782998380018],[134.1872109431427,-34.080991019187216],[134.25627720992958,-34.09832571356771],[134.29865728884948,-34.08235831307712],[134.36156983214826,-33.98651704948475],[134.3428362829025,-33.88275638571687],[134.2802151466856,-33.84828128075975],[134.1921797523883,-33.8808793990127],[134.152355784102,-34.01782998380018]]]]},"bbox":[128.91508893982027,-35.46129550950971,141.002258,-25.996376]},
{"properties":{"electorateShortName":"hindmarsh","electorateName":"Hindmarsh","area":122.45,"state":null},"type":"Feature","geometry":{"type":"Polygon","coordinates":[[[138.554992,-34.967237],[138.564539,-34.849757],[138.566193,-34.825394],[138.560364,-34.824763],[138.549122,-34.786195],[138.54347,-34.765944],[138.526442,-34.738397],[138.493271,-34.721402],[138.455392,-34.689177],[138.42592575770905,-34.70506557483129],[138.40701228510653,-34.72761215663434],[138.3972084177403,-34.74327635195205],[138.39081046564877,-34.760612702182705],[138.38915457152862,-34.88016357470782],[138.41129257152863,-34.962390574707825],[138.41488624014818,-34.97303930186071],[138.42526624014818,-34.99843930186071],[138.43399726205897,-35.01476872359947],[138.503686,-35.056544],[138.515333,-35.03834],[138.511424,-35.00605],[138.508578,-34.964393],[138.554992,-34.967237]]]},"bbox":[138.38915457152862,-35.056544,138.566193,-34.689177]},
{"properties":{"electorateShortName":"kingston","electorateName":"Kingston","area":165.66,"state":null},"type":"Feature","geometry":{"type":"Polygon","coordinates":[[[138.503686,-35.056544],[138.515333,-35.03834],[138.511424,-35.00605],[138.508578,-34.964393],[138.47019893527994,-34.973005885965534],[138.45524970000199,-34.98068937032914],[138.4419898485234,-34.991018547746876],[138.43088186411126,-35.0036331523646],[138.42231317621233,-35.01809320613532],[138.41485328565656,-35.03388045780577],[138.3894030523119,-35.06754672211044],[138.3777347047797,-35.11393214748379],[138.37925414238478,-35.203336262465214],[138.3776607696245,-35.214415330340806],[138.37654430411962,-35.21781201283512],[138.37264060829088,-35.23646826082095],[138.37514594369972,-35.27102574875315],[138.461979,-35.247361],[138.495826,-35.188171],[138.579705,-35.156046],[138.625424,-35.064487],[138.586311,-35.037955],[138.503686,-35.056544]]]},"bbox":[138.37264060829088,-35.27102574875315,138.625424,-34.964393]},
{"properties":{"electorateShortName":"makin","electorateName":"Makin","area":162.62,"state":null},"type":"Feature","geometry":{"type":"Polygon","coordinates":[[[138.78019,-34.767026],[138.755644,-34.744861],[138.607409,-34.767724],[138.549122,-34.786195],[138.54347,-34.765944],[138.526442,-34.738397],[138.493271,-34.721402],[138.46374386334665,-34.75772442252785],[138.45989563410248,-34.774419787529794],[138.45936823184394,-34.789111100267014],[138.45671653437688,-34.808536147891694],[138.45807088197657,-34.82559727919747],[138.46263046315462,-34.842093541754],[138.47023039193917,-34.857428389041246],[138.47606,-34.856766],[138.488512,-34.819798],[138.485446,-34.790504],[138.515749,-34.771573],[138.558473,-34.825161],[138.566193,-34.825394],[138.564539,-34.849757],[138.63534,-34.846848],[138.747028,-34.840674],[138.78019,-34.767026]]]},"bbox":[138.45671653437688,-34.857428389041246,138.78019,-34.721402]},
{"properties":{"electorateShortName":"mayo","electorateName":"Mayo","area":9134.78,"state":null},"type":"Feature","geometry":{"type":"MultiPolygon","coordinates":[[[[138.461979,-35.247361],[138.46975,-35.140369],[138.493568,-35.084609],[138.45436839736377,-35.10233478689773],[138.44081844285466,-35.11322314386816],[138.43967224803413,-35.114540923080185],[138.42965467675745,-35.12329683476661],[138.4056833121342,-35.17740565306538],[138.39434299535952,-35.18798616630532],[138.38260664964247,-35.20549718261227],[138.37349226860348,-35.21480366083423],[138.3633781052496,-35.230774556426276],[138.35267222535776,-35.28577748824463],[138.2624844477784,-35.346219906001764],[138.2267295517668,-35.4044491790641],[138.1092900434251,-35.4490791360438],[138.011512166279,-35.567207660492166],[138.00632628328657,-35.63538287646088],[137.8852462119407,-35.62950572306651],[137.73222763471446,-35.63972047148457],[137.71525808443005,-35.526625138496705],[137.62404187629176,-35.471219497577856],[137.44016903166042,-35.502243533777964],[137.28426412782534,-35.49411710738952],[137.11250492908334,-35.54445535268779],[137.04955788615268,-35.57727379299798],[136.94681531951528,-35.58430103624674],[136.76575333580143,-35.61201318079402],[136.65872545757233,-35.65457699163115],[136.5895382559335,-35.65660128069048],[136.52542505154005,-35.68362938107136],[136.49685126015402,-35.71919162677488],[136.44570115131458,-35.85444287960943],[136.4528708139788,-35.940668113317834],[136.5483687262059,-36.03749536479019],[136.60495313435518,-36.05151944323836],[136.61308748025573,-36.12774325884634],[136.6402859033171,-36.15861917385943],[136.71626560412025,-36.17429802065706],[136.76962808668142,-36.13877956215493],[136.85926473943087,-36.118148518940345],[136.93120189704584,-36.13218735503896],[136.99802169921185,-36.11119268973742],[137.149046927075,-36.12214617422017],[137.23828375383823,-36.075254130406464],[137.32693241862006,-36.0879307041302],[137.44047028124209,-36.1626626608516],[137.49477442424458,-36.15856357830628],[137.57571422855747,-36.11174404111757],[137.63318307661973,-36.0965897861752],[137.69964978159857,-36.02440920737149],[137.709218703474,-35.96701405588239],[137.78670417909694,-35.94298608173905],[137.91827605443467,-35.95457316560532],[138.00033966355286,-35.99020356645304],[138.07071076166972,-35.9891660604406],[138.20920580817383,-35.89222815735992],[138.3357672244466,-35.856434796833405],[138.38649345385844,-35.79420588743816],[138.38842440703255,-35.730200459944996],[138.5584046677309,-35.72543485351199],[138.65279885059056,-35.677857934288646],[138.7399568592794,-35.60855443014346],[138.78881507351093,-35.62182232121896],[138.8468885295778,-35.64328578135483],[138.86441674702257,-35.64782243546362],[138.96266975214414,-35.64688686706834],[139.00907436339526,-35.62307811132679],[138.878089,-35.558867],[138.931535,-35.562441],[138.981025,-35.518259],[139.144709,-35.471704],[139.158312,-35.253485],[139.066437,-35.214865],[139.066687,-35.165936],[139.029078,-35.060404],[139.034957,-34.928687],[138.975208,-34.8949],[139.043574,-34.817193],[138.928028,-34.755628],[138.909409,-34.708276],[138.847549,-34.680538],[138.78019,-34.767026],[138.747028,-34.840674],[138.706968,-34.881873],[138.675338,-34.974486],[138.648654,-35.015738],[138.586311,-35.037955],[138.625424,-35.064487],[138.579705,-35.156046],[138.495826,-35.188171],[138.461979,-35.247361]]],[[[138.511424,-35.00605],[138.50082755170635,-35.00980220142105],[138.4967368779303,-35.02920990677917],[138.49699654986853,-35.04904233501412],[138.503686,-35.056544],[138.515333,-35.03834],[138.511424,-35.00605]]]]},"bbox":[136.44570115131458,-36.17429802065706,139.158312,-34.680538]},
{"properties":{"electorateShortName":"spence","electorateName":"Spence","area":534.1,"state":null},"type":"Feature","geometry":{"type":"Polygon","coordinates":[[[138.78019,-34.767026],[138.847549,-34.680538],[138.800976,-34.609536],[138.82127,-34.564057],[138.747465,-34.558248],[138.638333,-34.631901],[138.520137,-34.637098],[138.435645,-34.672759],[138.39006349947377,-34.594278311759076],[138.34567322589504,-34.6750128554538],[138.3531324460267,-34.70869892816917],[138.36155130126028,-34.72384837078364],[138.37271786857679,-34.73710320044453],[138.38621804377487,-34.74797187122774],[138.3901092033958,-34.750528989086824],[138.3927522903859,-34.75338751660921],[138.40463156049486,-34.76576768352871],[138.4500748081115,-34.800003028539955],[138.4572341934415,-34.809345884376434],[138.46123773961435,-34.8128928205218],[138.4646976110708,-34.82024370186846],[138.4716546110708,-34.83200770186846],[138.4781820831219,-34.840786951753586],[138.488512,-34.819798],[138.485446,-34.790504],[138.515749,-34.771573],[138.558473,-34.825161],[138.566193,-34.825394],[138.560364,-34.824763],[138.549122,-34.786195],[138.607409,-34.767724],[138.755644,-34.744861],[138.78019,-34.767026]]]},"bbox":[138.34567322589504,-34.840786951753586,138.847549,-34.558248]},
{"properties":{"electorateShortName":"sturt","electorateName":"Sturt","area":97.79,"state":null},"type":"Feature","geometry":{"type":"MultiPolygon","coordinates":[[[[138.675338,-34.974486],[138.706968,-34.881873],[138.747028,-34.840674],[138.63534,-34.846848],[138.612826,-34.909505],[138.626439,-34.964559],[138.675338,-34.974486]]],[[[138.560364,-34.824763],[138.558473,-34.825161],[138.566193,-34.825394],[138.560364,-34.824763]]]]},"bbox":[138.558473,-34.974486,138.747028,-34.824763]},
{"properties":{"electorateShortName":"bass","electorateName":"Bass","area":7978.52,"state":null},"type":"Feature","geometry":{"type":"MultiPolygon","coordinates":[[[[148.257859,-40.90417],[148.33360059512094,-40.95568969119934],[148.34228217246854,-40.85194824253405],[148.33378906580725,-40.838289475272205],[148.32300037618245,-40.82636056249471],[148.30747057389317,-40.815098262934335],[148.2971176216319,-40.79493821322944],[148.27068549138679,-40.77020076549268],[148.22757336005634,-40.74554170411555],[148.21315920541738,-40.73791357552433],[148.19760514262794,-40.73301180742481],[148.1708487714825,-40.731468124636805],[148.10675364779257,-40.68335710972388],[148.0211425244186,-40.654912047331244],[147.9245471459852,-40.65041341413987],[147.9066144277289,-40.655407813010804],[147.8900927809164,-40.66398461840355],[147.86401934909128,-40.690280188568906],[147.8507409243308,-40.72484844414162],[147.85306596117405,-40.77093608769179],[147.8305831905363,-40.79332818413663],[147.8256444339212,-40.79571727383586],[147.82191102799356,-40.79494423444851],[147.79492787264573,-40.77577777283833],[147.7786581565313,-40.77013904304812],[147.76161233957063,-40.76770202432943],[147.74363733957065,-40.76687102432943],[147.73700192000064,-40.760069507699114],[147.72395333360285,-40.74869292598563],[147.68848769752583,-40.73301303198497],[147.55654856657608,-40.76767631627233],[147.54045097177055,-40.777410464556425],[147.52672852257487,-40.79027827670191],[147.49579678583183,-40.84526642239125],[147.4355412242132,-40.90657194685338],[147.37423045448796,-40.85414430535749],[147.2657653394896,-40.852799821072075],[147.16925747940886,-40.91300607296027],[147.03313667018705,-40.89110102211626],[146.97141602468258,-40.89829325013623],[146.9162792574182,-40.93694556463099],[146.85784630624946,-40.93045062718186],[146.73937025825288,-40.97759936682519],[146.66189848381143,-40.98643977569071],[146.64659841529505,-40.9980016360098],[146.64478341529505,-40.9997056360098],[146.63564713931,-41.01029149343274],[146.6139198256796,-41.01967171368339],[146.58893425399472,-41.04276393548188],[146.57692082890358,-41.14820151569073],[146.661412,-41.096121],[146.76206,-41.287177],[146.703586,-41.33269],[146.697505,-41.35525],[146.934304,-41.408496],[147.007986,-41.445219],[147.076192,-41.446506],[147.248515,-41.528177],[147.346759,-41.512041],[147.387993,-41.556073],[147.476144,-41.518051],[147.578908,-41.513592],[147.647934,-41.478488],[147.590573,-41.380856],[147.835459,-41.366796],[147.889529,-41.164957],[147.934817,-41.16847],[148.082295,-41.132139],[148.062331,-41.087321],[148.090397,-40.935621],[148.212412,-40.937587],[148.257859,-40.90417]]],[[[147.63624297549214,-40.105277865787336],[147.6380585505344,-40.164025788943846],[147.70504353253241,-40.26314108491037],[147.7030377886219,-40.33184200928593],[147.7431508467823,-40.383344564852],[147.8086117416554,-40.40505869364368],[147.84990630696655,-40.45745323852665],[147.91211937837997,-40.46749203769253],[147.9547098702854,-40.54851649488152],[148.01725393205584,-40.57530253654484],[148.05713020800482,-40.63517619302829],[148.07175277648895,-40.644698764480225],[148.07415541599084,-40.645666896254866],[148.07953688203264,-40.649627763819765],[148.0952104975263,-40.65703662719307],[148.1621335031077,-40.6827234918448],[148.19912179227396,-40.6822799444328],[148.20925671982982,-40.67904585426059],[148.21584084140292,-40.6784287389022],[148.2331762231127,-40.67315892546103],[148.31837696845992,-40.61179064504875],[148.38742411899673,-40.602929275144895],[148.492839955085,-40.530262082787644],[148.55988973442444,-40.50175749400242],[148.58847978610396,-40.44169238086869],[148.57686824414404,-40.39000891800709],[148.4994048338199,-40.300424498710086],[148.41555994189744,-40.245942637104406],[148.42414210408492,-40.20340724444317],[148.37590119130255,-40.05016828505152],[148.43385552337855,-40.01754823658184],[148.45497566382429,-39.96397866406484],[148.4440622620073,-39.90798206440497],[148.3429869602657,-39.84314619334209],[148.26092667037634,-39.87261762491204],[148.21026710464096,-39.85564046886438],[148.07135754030008,-39.71704104423557],[148.09984899201356,-39.66410080267844],[148.05626654158812,-39.568286619270545],[147.9831525850213,-39.54698523019418],[147.9036270675483,-39.59190618538354],[147.84901889407988,-39.603347744048904],[147.79857115100188,-39.676002346733775],[147.72194595923392,-39.60245385308962],[147.6598398870878,-39.597455526012844],[147.6133894372689,-39.62231225040182],[147.5851362558321,-39.70106925421064],[147.61921192155424,-39.75979370370587],[147.69434684872095,-39.785685378869765],[147.65821591671556,-39.87550391335714],[147.67771820643603,-39.93240530375486],[147.6758629256505,-40.012126791733614],[147.63624297549214,-40.105277865787336]]],[[[147.06788347906746,-39.59232632380993],[147.17291210757324,-39.604641534452355],[147.21432818149387,-39.55635427786535],[147.33718330163947,-39.59407411073103],[147.40995719262293,-39.56576919964507],[147.4593584201717,-39.493702955267246],[147.4721802175676,-39.44348327031918],[147.43375728263433,-39.37029313992071],[147.3965234561364,-39.353972582915894],[147.26542399709433,-39.351617530665536],[147.20114360397207,-39.39171901986157],[147.17739458577958,-39.44213402352117],[147.10897094896183,-39.43041046100127],[147.05276778080145,-39.46724990323028],[147.03692489126553,-39.53984969686536],[147.06788347906746,-39.59232632380993]]],[[[146.8906016277552,-39.2064437286978],[146.90418608557482,-39.281561939753935],[146.98146453662216,-39.322641127631805],[147.04145733614246,-39.30334057128253],[147.0936646394255,-39.20138393055181],[147.0665883537342,-39.13984913225509],[147.00442705946438,-39.11424385656909],[146.9360729628126,-39.131592650783816],[146.8906016277552,-39.2064437286978]]],[[[146.5537777291868,-39.50608206191792],[146.57688199427855,-39.54407994775768],[146.66525168186917,-39.56813743855025],[146.73983770589373,-39.500755459306035],[146.74301165589725,-39.433721983312665],[146.69892342794782,-39.38312762573539],[146.64321993448027,-39.37321142629891],[146.55604118190035,-39.43603896081837],[146.5537777291868,-39.50608206191792]]],[[[146.45918915662625,-39.167784498436774],[146.40799209231017,-39.136527247922075],[146.31927884388,-39.16205708293221],[146.29063956320232,-39.23055710840184],[146.2919447450557,-39.24695391296311],[146.29621231936807,-39.262839331087264],[146.30329973930537,-39.27768275313621],[146.33043856429904,-39.307866728229804],[146.40515315564141,-39.32412577367639],[146.4542103591758,-39.29999869588278],[146.48518873702204,-39.2339933415349],[146.48392140581655,-39.21578737914626],[146.4790073860106,-39.198211384032824],[146.45918915662625,-39.167784498436774]]]]},"bbox":[146.29063956320232,-41.556073,148.58847978610396,-39.11424385656909]},
{"properties":{"electorateShortName":"braddon","electorateName":"Braddon","area":21368.37,"state":null},"type":"Feature","geometry":{"type":"MultiPolygon","coordinates":[[[[146.661412,-41.096121],[146.719432,-41.070753],[146.6964178441827,-41.01320784740611],[146.65402830163876,-41.00250403107627],[146.63673911430703,-41.00394538109362],[146.6239039008846,-41.00685824493302],[146.573728186797,-41.0388649344172],[146.50747567702106,-41.031804837649666],[146.44899168568054,-41.06972763452139],[146.23079490656193,-41.065644458259165],[146.0020572456329,-40.9812692068086],[145.84858432397772,-40.94724941424058],[145.77816107725064,-40.86934444471558],[145.600767792193,-40.82585986710979],[145.520974861881,-40.76359388333273],[145.45231675294534,-40.777330865262115],[145.3982231057992,-40.76014755432487],[145.36218822332253,-40.67770582238351],[145.31164923489624,-40.638330867209206],[145.24359476783377,-40.623940223995355],[145.15144529836832,-40.68014454584468],[145.10145656683738,-40.60699308094654],[145.03982657695283,-40.59103935209548],[145.02069949850372,-40.51785642572112],[145.0598420651069,-40.42915663528121],[145.0257234535862,-40.33600874284964],[144.9647129846846,-40.301825638378695],[144.86972597383817,-40.300379150609956],[144.82632185193452,-40.32030791904488],[144.73317808581558,-40.32584772387635],[144.67949622932775,-40.285893808325405],[144.60913274145997,-40.29498648676271],[144.57412192359592,-40.331791508182256],[144.56499731696576,-40.40026129790081],[144.6229097085179,-40.46586425345209],[144.58858688290914,-40.5597203957866],[144.57989591754023,-40.67747704123148],[144.60834000399925,-40.82033702202569],[144.55377058405765,-40.86687852823835],[144.5222424581801,-40.92628635879122],[144.51863135315526,-41.02397331248368],[144.57579195050397,-41.10894115307449],[144.6069260347717,-41.28481703431757],[144.66578556278887,-41.37915686081965],[144.6687472727276,-41.46785329584843],[144.71570075997172,-41.50946065680323],[144.8005689623488,-41.618159145999925],[144.8364499548617,-41.74905239252246],[144.92142055541999,-41.813275257301356],[144.96934449105498,-41.88086189014506],[145.1234659031066,-42.0084972107108],[145.17095650700523,-42.103608141022235],[145.09494511966054,-42.141288527093685],[145.07568434646944,-42.20488226848402],[145.10914358945178,-42.283207090453445],[145.11121736004148,-42.357668092356505],[145.1808155765234,-42.57616320196338],[145.1765932822837,-42.64712422116958],[145.2175489369443,-42.70247759969406],[145.29085393795796,-42.738185231438266],[145.29258064133126,-42.80345521768683],[145.40408381016073,-42.97669033433636],[145.41586303111492,-43.034609850211545],[145.47016430283455,-43.07806307016417],[145.54590876223602,-43.07202151550713],[145.60714383446089,-43.16766385459556],[145.67025727192367,-43.21012028932848],[145.75580841377734,-43.363760252716176],[145.80131261152323,-43.3959463034366],[145.8266739236697,-43.40395583378425],[145.83394074792102,-43.4045372363466],[145.84628606171646,-43.40928517163375],[145.87992370094221,-43.412123160678796],[145.970756,-43.369699],[145.96079,-43.295028],[145.9757841577109,-43.235327617928476],[145.946408,-43.230004],[145.915252,-43.194875],[145.927708,-43.185034],[145.921338,-43.163191],[145.940454,-43.150439],[145.979595,-43.128207],[145.978141,-43.039171],[145.992963,-42.978703],[145.842663,-42.72503],[145.954701,-42.665621],[145.99276,-42.59866],[146.12571,-42.436789],[146.099125,-42.369677],[146.10695,-42.305306],[146.075328,-42.21047],[145.999753,-42.0669],[146.014916,-42.005321],[146.050484,-41.974556],[145.951331,-41.684662],[145.853526,-41.582863],[145.852831,-41.465863],[145.954065,-41.451806],[146.082866,-41.456594],[146.11467,-41.37119],[146.265684,-41.265593],[146.444449,-41.297836],[146.494373,-41.37673],[146.583073,-41.353196],[146.619945,-41.324477],[146.703586,-41.33269],[146.76206,-41.287177],[146.661412,-41.096121]]],[[[143.73235802303296,-39.65069051376161],[143.76964745205976,-39.821576942937114],[143.7434447355181,-39.92059499042378],[143.78536612476003,-40.00981666324445],[143.7684506116617,-40.054234787666985],[143.79367465161772,-40.15472955206884],[143.87747695923434,-40.23826591668423],[143.9763987924923,-40.23716465154227],[144.01068049106425,-40.197652278351455],[144.1642162657296,-40.11254646537165],[144.21347917564853,-40.02144819136641],[144.24902667863293,-39.85832555759274],[144.24384255039763,-39.78660412933339],[144.19106905250703,-39.74284236677841],[144.19960320853326,-39.66686779918851],[144.15801195491812,-39.59407248950936],[144.05908176655385,-39.52441428702827],[143.9421799316723,-39.48958094513899],[143.87246915696335,-39.52057483055965],[143.83681066792312,-39.575946682520595],[143.76102644050636,-39.601570010766714],[143.73235802303296,-39.65069051376161]]]]},"bbox":[143.73235802303296,-43.412123160678796,146.76206,-39.48958094513899]},
{"properties":{"electorateShortName":"clark","electorateName":"Clark","area":292.3,"state":null},"type":"Feature","geometry":{"type":"MultiPolygon","coordinates":[[[[147.316069,-42.973681],[147.32117660784124,-42.979329728271345],[147.317314,-42.977441],[147.321578,-42.979526],[147.32422,-42.974379],[147.328476,-42.977419],[147.329554,-42.977814],[147.324121,-42.983113],[147.33042,-42.989362],[147.330434,-43.010675],[147.345149,-43.049127],[147.4154441733089,-43.020316076591534],[147.44970916319454,-42.94716675311194],[147.404691,-42.884291],[147.35094,-42.870474],[147.292566,-42.790883],[147.223421,-42.737187],[147.226904,-42.75042],[147.200835,-42.806465],[147.153641,-42.834332],[147.150368,-42.913351],[147.146155,-42.974447],[147.316069,-42.973681]]],[[[147.32184759066962,-42.97900079819207],[147.32814105061755,-42.97717975044112],[147.32422,-42.974379],[147.32184759066962,-42.97900079819207]]]]},"bbox":[147.146155,-43.049127,147.44970916319454,-42.737187]},
{"properties":{"electorateShortName":"franklin","electorateName":"Franklin","area":6405.09,"state":null},"type":"Feature","geometry":{"type":"Polygon","coordinates":[[[145.978141,-43.039171],[145.979595,-43.128207],[145.940454,-43.150439],[145.920472,-43.161382],[145.92572,-43.183331],[145.910036,-43.194087],[145.916801,-43.20475],[145.92673,-43.24774],[145.920475,-43.295251],[145.85829256152866,-43.317194593433285],[145.83301147622322,-43.3646941834315],[145.83318218096926,-43.39716701954894],[145.8307550726017,-43.409417384506796],[145.8306340726017,-43.4106963845068],[145.83063387630952,-43.427647540379965],[145.8400562358876,-43.46005730190107],[145.94456043999156,-43.52981035682527],[145.93986233483938,-43.57447285460159],[145.9746321140978,-43.64101890983547],[146.04479050918076,-43.659908549780326],[146.1274961213069,-43.645333920437864],[146.21542773641102,-43.746102824691306],[146.28093893021372,-43.74744787869896],[146.3203964155454,-43.814576930424366],[146.38749055125092,-43.82904717553221],[146.43751777529488,-43.80302565981668],[146.46514491145228,-43.740325986594115],[146.4646857477595,-43.65811940991327],[146.58663402427536,-43.66115117491386],[146.69728326669446,-43.72300859580088],[146.8028067046706,-43.72988333852633],[146.9139406412297,-43.71769121290049],[146.99992405270615,-43.64245757820369],[147.04501173974256,-43.62741405756547],[147.0832361188868,-43.57331462343926],[147.14272712666659,-43.588923891781164],[147.21179754405716,-43.57537474520372],[147.26510900381223,-43.613916079421756],[147.31999600680507,-43.61385940483236],[147.3878891357824,-43.56595238006747],[147.46194619054566,-43.42508104273831],[147.46519992776174,-43.334672415428344],[147.51019555719174,-43.293351448632656],[147.52273019964858,-43.21960417921498],[147.5000201556199,-43.15450662846156],[147.53508687246995,-43.14237189121459],[147.55025236979776,-43.13087112443288],[147.5626602026541,-43.11643832742135],[147.5751098928354,-43.09275091756002],[147.6263932252939,-43.038749874818926],[147.63262262335215,-42.93362530740214],[147.670495,-42.893653],[147.610119,-42.865916],[147.587838,-42.797638],[147.43648771840182,-42.77707596483164],[147.43642534468486,-42.776953076361906],[147.434128,-42.77554],[147.368526,-42.761214],[147.292566,-42.790883],[147.223421,-42.737187],[147.226904,-42.75042],[147.327849,-42.84461],[147.341196,-42.877063],[147.35585,-42.951108],[147.344532,-42.954768],[147.338563,-42.974427],[147.32859524345332,-42.977383630077085],[147.32814105061755,-42.97717975044112],[147.32422,-42.974379],[147.32184759066962,-42.97900079819207],[147.32117660784124,-42.979329728271345],[147.317314,-42.977441],[147.316069,-42.973681],[147.146155,-42.974447],[147.150368,-42.913351],[146.955489,-42.882079],[146.937466,-42.928528],[146.855266,-42.939115],[146.846451,-42.908202],[146.723042,-42.858121],[146.647289,-42.853658],[146.648406,-42.921704],[146.458808,-43.087277],[146.222191,-43.118804],[146.08907,-43.053903],[145.978141,-43.039171]]]},"bbox":[145.83063387630952,-43.82904717553221,147.670495,-42.737187]},
{"properties":{"electorateShortName":"lyons","electorateName":"Lyons","area":31973.48,"state":null},"type":"Feature","geometry":{"type":"MultiPolygon","coordinates":[[[[146.3944336595687,-41.22749326641407],[146.365113,-41.177668],[146.3956892713691,-41.16492129589323],[146.34051922681053,-41.15289412648452],[146.31020747297217,-41.10305309668383],[146.2468485717144,-41.082851980014205],[146.18215644152468,-41.11562756670021],[146.1697318872186,-41.150303147869764],[146.323329,-41.154069],[146.366804,-41.165248],[146.362145,-41.175757],[146.36683,-41.192633],[146.36526,-41.218316],[146.3944336595687,-41.22749326641407]]],[[[147.43648771840182,-42.77707596483164],[147.54630911357543,-42.938935487906974],[147.5306897461232,-42.990494445095536],[147.5350053444232,-43.08554350200119],[147.5497095900312,-43.11941885557883],[147.56046891477513,-43.13399006033757],[147.5806550976706,-43.15006748058487],[147.59687808931608,-43.19225606313465],[147.64310556355056,-43.2526902652257],[147.7360855865482,-43.31311844033485],[147.81682792267296,-43.33070077661171],[147.90309866141394,-43.29235940989925],[147.9777640046686,-43.333919089657904],[148.06253996588276,-43.31484292899108],[148.08660194649272,-43.28647450992037],[148.09870233587318,-43.20096620656003],[148.13737684901886,-43.158281852237614],[148.13891566195392,-43.09152204339111],[148.06169446206337,-43.03153853495197],[148.08919478329668,-42.97173193150554],[148.06148864193764,-42.824244348398985],[148.15687952076902,-42.78431299185271],[148.22762240845736,-42.71698120392858],[148.25866793978614,-42.656564864033236],[148.23864438283368,-42.59165711173193],[148.18396161132986,-42.52155190128513],[148.09886980739142,-42.47634305296423],[148.09399146465594,-42.40937783124258],[148.1624872273474,-42.36879046030891],[148.27457465624414,-42.44270773235199],[148.32956335092499,-42.451088153624944],[148.40341404399118,-42.410737866445395],[148.43571750081045,-42.349224268507825],[148.41458690183998,-42.28303564530981],[148.44499551890178,-42.20460726775],[148.43948667538896,-42.10556500091294],[148.3856554234915,-42.00960017632049],[148.41027792468975,-41.94139198412595],[148.4012761310601,-41.84950640901536],[148.37455070234168,-41.80433866879688],[148.40688643910573,-41.64592964160384],[148.40371748182775,-41.552579403462815],[148.3594880774467,-41.47155033197261],[148.42570479358372,-41.39714950720954],[148.4469411998039,-41.30036333645738],[148.442130198931,-41.24172808093491],[148.3748681185482,-41.16669740621706],[148.38671415778555,-41.07707721195263],[148.43955511252324,-40.99841007935825],[148.4032946729254,-40.87082898580829],[148.37781144170472,-40.847063805339154],[148.34521110737657,-40.83475945335014],[148.3277468602056,-40.833558135148756],[148.32736541255892,-40.83356909628803],[148.27831402652728,-40.81033045381642],[148.210738,-40.845054],[148.257859,-40.90417],[148.212412,-40.937587],[148.090397,-40.935621],[148.062331,-41.087321],[148.082295,-41.132139],[147.934817,-41.16847],[147.889529,-41.164957],[147.835459,-41.366796],[147.590573,-41.380856],[147.647934,-41.478488],[147.578908,-41.513592],[147.476144,-41.518051],[147.387993,-41.556073],[147.346759,-41.512041],[147.248515,-41.528177],[147.076192,-41.446506],[147.007986,-41.445219],[146.934304,-41.408496],[146.697505,-41.35525],[146.703586,-41.33269],[146.619945,-41.324477],[146.583073,-41.353196],[146.494373,-41.37673],[146.444449,-41.297836],[146.265684,-41.265593],[146.11467,-41.37119],[146.082866,-41.456594],[145.954065,-41.451806],[145.852831,-41.465863],[145.853526,-41.582863],[145.951331,-41.684662],[146.050484,-41.974556],[146.014916,-42.005321],[145.999753,-42.0669],[146.075328,-42.21047],[146.10695,-42.305306],[146.099125,-42.369677],[146.12571,-42.436789],[145.99276,-42.59866],[145.954701,-42.665621],[145.842663,-42.72503],[145.992963,-42.978703],[145.978141,-43.039171],[146.08907,-43.053903],[146.222191,-43.118804],[146.458808,-43.087277],[146.648406,-42.921704],[146.647289,-42.853658],[146.723042,-42.858121],[146.846451,-42.908202],[146.855266,-42.939115],[146.937466,-42.928528],[146.955489,-42.882079],[147.150368,-42.913351],[147.153641,-42.834332],[147.200835,-42.806465],[147.226904,-42.75042],[147.327849,-42.84461],[147.341196,-42.877063],[147.35094,-42.870474],[147.292566,-42.790883],[147.368526,-42.761214],[147.434128,-42.77554],[147.43642534468486,-42.776953076361906],[147.43648771840182,-42.77707596483164]]],[[[147.88553339572886,-40.69648831984255],[147.85260551461377,-40.74026138233086],[147.85677658906187,-40.808897171318804],[147.90062543310128,-40.85141074432201],[147.981013,-40.742314],[148.079273,-40.769059],[148.1366944453772,-40.82817075770935],[148.20751223843587,-40.77578445361728],[148.21733190155734,-40.742827351587465],[148.21735316412386,-40.72555318549425],[148.21728409954696,-40.723395226093565],[148.2061945557697,-40.68532092234239],[148.19593981955285,-40.669864395755155],[148.1827342551813,-40.656838387208836],[148.14981588946273,-40.640164404188845],[148.07920881596326,-40.63214461514646],[148.06232341402654,-40.633951593129446],[148.0460780273047,-40.63889824636723],[148.02807539576227,-40.649182981145024],[147.94357291368888,-40.636689554361986],[147.91365732701388,-40.65342460906911],[147.90162984601432,-40.66574546433171],[147.89216879531793,-40.680131300884284],[147.88553339572886,-40.69648831984255]]],[[[147.53064053896492,-40.838211911112474],[147.603366,-40.847136],[147.661333,-40.824983],[147.70646,-40.860312],[147.83533,-40.88709],[147.8486680028026,-40.82973134574601],[147.83235681006673,-40.79918293530504],[147.8201118626744,-40.7868256184423],[147.80571823682092,-40.77705497099816],[147.78711472459963,-40.76941505574383],[147.75137589632655,-40.765649629711135],[147.73366407891385,-40.769175974463266],[147.73221399786297,-40.7697848319254],[147.7304188211014,-40.75846876985327],[147.72353642647735,-40.74069700535919],[147.71306623999453,-40.72477286758003],[147.68258520881014,-40.70006077456728],[147.61629816048614,-40.6932681803655],[147.54029833369447,-40.76068764973868],[147.5324922636773,-40.77557829459946],[147.52759192148872,-40.79166097720895],[147.5257683145718,-40.80837445952998],[147.53064053896492,-40.838211911112474]]]]},"bbox":[145.842663,-43.333919089657904,148.4469411998039,-40.63214461514646]},
{"properties":{"electorateShortName":"aston","electorateName":"Aston","area":113.79,"state":null},"type":"Feature","geometry":{"type":"Polygon","coordinates":[[[145.29336,-37.963976],[145.317973,-37.843919],[145.21454,-37.839429],[145.195704,-37.865176],[145.205647,-37.924401],[145.29336,-37.963976]]]},"bbox":[145.195704,-37.963976,145.317973,-37.839429]},
{"properties":{"electorateShortName":"ballarat","electorateName":"Ballarat","area":5398.86,"state":null},"type":"Feature","geometry":{"type":"Polygon","coordinates":[[[143.823154,-38.055792],[143.856907,-38.030336],[144.046016,-38.051564],[144.15996,-37.985069],[144.258315,-38.059803],[144.236834,-37.942383],[144.213431,-37.901447],[144.244126,-37.871819],[144.222446,-37.810201],[144.154193,-37.726714],[144.170947,-37.654817],[144.133417,-37.624445],[144.132388,-37.575816],[144.198075,-37.551673],[144.161557,-37.488444],[144.173933,-37.436052],[144.263533,-37.446291],[144.342047,-37.420649],[144.379278,-37.438789],[144.415258,-37.382483],[144.394957,-37.332105],[144.3104,-37.292786],[144.362987,-37.1794],[144.292162,-37.16357],[144.284252,-37.208014],[144.185148,-37.195358],[144.190446,-37.166139],[144.074341,-37.14766],[144.060778,-37.236051],[144.002785,-37.255481],[143.948948,-37.197919],[143.875002,-37.186402],[143.860272,-37.234298],[143.665129,-37.236655],[143.613246,-37.500982],[143.668559,-37.538443],[143.641965,-37.650303],[143.465148,-37.654997],[143.440712,-37.784849],[143.44652,-37.9005],[143.47941,-37.94085],[143.59345,-37.954669],[143.672409,-38.0294],[143.829715,-38.022363],[143.823154,-38.055792]]]},"bbox":[143.440712,-38.059803,144.415258,-37.14766]},
{"properties":{"electorateShortName":"bendigo","electorateName":"Bendigo","area":5285.02,"state":null},"type":"Feature","geometry":{"type":"Polygon","coordinates":[[[144.415258,-37.382483],[144.501005,-37.307087],[144.564596,-37.299494],[144.594923,-37.242743],[144.659956,-37.208274],[144.703932,-37.212984],[144.703811,-37.212958],[144.728304,-37.065894],[144.714611,-36.997883],[144.796573,-36.965539],[144.844182,-36.872213],[144.798547,-36.832621],[144.794685,-36.750723],[144.666159,-36.762612],[144.666165,-36.725853],[144.519165,-36.72529],[144.537795,-36.655182],[144.626439,-36.52491],[144.611792,-36.49749],[144.671931,-36.443104],[144.668178,-36.406593],[144.369399,-36.407849],[144.344316,-36.385219],[144.344104,-36.48726],[144.209671,-36.487542],[144.170608,-36.524435],[144.125626,-36.662021],[144.068462,-36.662011],[144.071279,-36.766439],[144.025899,-36.897897],[143.891801,-36.881611],[143.846647,-36.927861],[143.89967,-37.021318],[143.973445,-37.029378],[144.012588,-37.066759],[143.96734,-37.099818],[143.948948,-37.197919],[144.002785,-37.255481],[144.060778,-37.236051],[144.074341,-37.14766],[144.190446,-37.166139],[144.185148,-37.195358],[144.284252,-37.208014],[144.292162,-37.16357],[144.362987,-37.1794],[144.3104,-37.292786],[144.394957,-37.332105],[144.415258,-37.382483]]]},"bbox":[143.846647,-37.382483,144.844182,-36.385219]},
{"properties":{"electorateShortName":"bruce","electorateName":"Bruce","area":114.62,"state":null},"type":"Feature","geometry":{"type":"Polygon","coordinates":[[[145.335344,-38.074511],[145.360992,-37.972054],[145.29336,-37.963976],[145.205647,-37.924401],[145.195486,-37.923128],[145.192957,-37.978964],[145.248989,-38.017011],[145.286755,-38.021634],[145.335344,-38.074511]]]},"bbox":[145.192957,-38.074511,145.360992,-37.923128]},
{"properties":{"electorateShortName":"calwell","electorateName":"Calwell","area":221.04,"state":null},"type":"Feature","geometry":{"type":"Polygon","coordinates":[[[144.833918,-37.643988],[144.909592,-37.69402],[144.972061,-37.690999],[144.952624,-37.60034],[144.977205,-37.513729],[144.870505,-37.515536],[144.811356,-37.590563],[144.833918,-37.643988]]]},"bbox":[144.811356,-37.69402,144.977205,-37.513729]},
{"properties":{"electorateShortName":"casey","electorateName":"Casey","area":2480.69,"state":null},"type":"Feature","geometry":{"type":"Polygon","coordinates":[[[146.191923,-37.58753],[146.186005,-37.534824],[145.820049,-37.534378],[145.675853,-37.624195],[145.618012,-37.572296],[145.480491,-37.561281],[145.417552,-37.526238],[145.366412,-37.545126],[145.345786,-37.655737],[145.293592,-37.712234],[145.289573,-37.762819],[145.317973,-37.843919],[145.29336,-37.963976],[145.360992,-37.972054],[145.442652,-37.907018],[145.489986,-37.919163],[145.5534,-37.873679],[145.62511,-37.916976],[145.721541,-37.885239],[145.747876,-37.907446],[145.811644,-37.855634],[145.845103,-37.797714],[145.894867,-37.825818],[145.943614,-37.758232],[146.044161,-37.774023],[146.163222,-37.747768],[146.130947,-37.643909],[146.191923,-37.58753]]]},"bbox":[145.289573,-37.972054,146.191923,-37.526238]},
{"properties":{"electorateShortName":"chisholm","electorateName":"Chisholm","area":76.67,"state":null},"type":"Feature","geometry":{"type":"Polygon","coordinates":[[[145.205647,-37.924401],[145.195704,-37.865176],[145.154192,-37.817561],[145.11503,-37.816894],[145.093654,-37.861375],[145.088226,-37.892976],[145.195486,-37.923128],[145.205647,-37.924401]]]},"bbox":[145.088226,-37.924401,145.205647,-37.816894]},
{"properties":{"electorateShortName":"cooper","electorateName":"Cooper","area":59.41,"state":null},"type":"Feature","geometry":{"type":"MultiPolygon","coordinates":[[[[144.986865,-37.774378],[145.001945,-37.796659],[145.040197,-37.784222],[145.058219,-37.699983],[144.972061,-37.690999],[144.986865,-37.774378]]],[[[144.927165,-37.841327],[144.93096175765638,-37.85198873257106],[144.9429407198713,-37.864618509463305],[144.94638271676195,-37.867066044942234],[144.9486076154758,-37.86947023351966],[144.94876761547582,-37.86960523351966],[144.96620019807702,-37.881138168634834],[144.96638019807702,-37.88122916863484],[144.97931756835888,-37.885604099674616],[144.975658,-37.882121],[144.975503,-37.878642],[144.975607,-37.870261],[144.969681,-37.864589],[144.927165,-37.841327]]]]},"bbox":[144.927165,-37.885604099674616,145.058219,-37.690999]},
{"properties":{"electorateShortName":"corangamite","electorateName":"Corangamite","area":1506.29,"state":null},"type":"Feature","geometry":{"type":"Polygon","coordinates":[[[143.823154,-38.055792],[143.809865,-38.127699],[143.900686,-38.138542],[143.918941,-38.159291],[144.062407,-38.172399],[144.04095,-38.272479],[144.012777,-38.31374],[144.203102,-38.34093],[144.229339,-38.398384],[144.1418536103957,-38.44584273450938],[144.2230411752381,-38.488163381838305],[144.2399277775799,-38.487758928192214],[144.2646247775799,-38.48483292819221],[144.29841035908007,-38.47375816766416],[144.3964131104508,-38.39728835258437],[144.44748321842957,-38.373827113707385],[144.5491822287554,-38.36553984482068],[144.60317422380493,-38.381614108803625],[144.62140294238927,-38.3819379501919],[144.63932290898043,-38.37858148600431],[144.7173674724296,-38.34274963313034],[144.77945635030787,-38.28947411098035],[144.79110130694113,-38.25702640745987],[144.792061885384,-38.23973572625119],[144.7970518666645,-38.22004280311701],[144.80948337029744,-38.17839135258651],[144.8086567280576,-38.13003560119955],[144.76956600081974,-38.0661283490529],[144.75426301963648,-38.05399608709156],[144.75096889715675,-38.052392951115074],[144.74375364373162,-38.04631965021211],[144.73099462254558,-38.03876279528224],[144.69091090850677,-38.02564562958733],[144.675975192197,-38.022579398877255],[144.66040722558742,-38.02209549110815],[144.6382512871268,-38.01764753349704],[144.60171482906756,-38.022415246741176],[144.52418129835542,-38.06941382013093],[144.5185625263819,-38.070400238877006],[144.51341112626173,-38.07050568207256],[144.511644,-38.073191],[144.510226,-38.087795],[144.478739,-38.076697],[144.443259,-38.086266],[144.397943,-38.073816],[144.355617,-38.137201],[144.40667,-38.154661],[144.380248,-38.193155],[144.320571,-38.195553],[144.261105,-38.130341],[144.258315,-38.059803],[144.15996,-37.985069],[144.046016,-38.051564],[143.856907,-38.030336],[143.823154,-38.055792]]]},"bbox":[143.809865,-38.488163381838305,144.80948337029744,-37.985069]},
{"properties":{"electorateShortName":"corio","electorateName":"Corio","area":773.26,"state":null},"type":"Feature","geometry":{"type":"Polygon","coordinates":[[[144.40667,-38.154661],[144.557972,-38.154858],[144.5861498054949,-38.13537097651594],[144.5937019462456,-38.12032191003415],[144.6077663292308,-38.112965552093144],[144.6211505802942,-38.10231215337073],[144.63032181611604,-38.091602291028174],[144.6318229616846,-38.090622115375574],[144.6444907706758,-38.0781908467805],[144.64647821685892,-38.07526887837318],[144.6549830577526,-38.06831930155386],[144.67438204972223,-38.03970914435215],[144.67961271547193,-38.02315131667133],[144.68156629957093,-38.005897185836616],[144.591578,-38.004446],[144.541643,-37.971302],[144.495417,-37.973762],[144.479552,-37.895035],[144.444061,-37.864034],[144.420317,-37.820586],[144.222446,-37.810201],[144.244126,-37.871819],[144.213431,-37.901447],[144.236834,-37.942383],[144.258315,-38.059803],[144.261105,-38.130341],[144.320571,-38.195553],[144.380248,-38.193155],[144.40667,-38.154661]]]},"bbox":[144.213431,-38.195553,144.68156629957093,-37.810201]},
{"properties":{"electorateShortName":"deakin","electorateName":"Deakin","area":84.56,"state":null},"type":"Feature","geometry":{"type":"Polygon","coordinates":[[[145.289573,-37.762819],[145.240569,-37.764763],[145.21336,-37.817222],[145.154192,-37.817561],[145.195704,-37.865176],[145.21454,-37.839429],[145.317973,-37.843919],[145.289573,-37.762819]]]},"bbox":[145.154192,-37.865176,145.317973,-37.762819]},
{"properties":{"electorateShortName":"dunkley","electorateName":"Dunkley","area":152.89,"state":null},"type":"Feature","geometry":{"type":"MultiPolygon","coordinates":[[[[145.239583,-38.077677],[145.156254,-38.067395],[145.122787,-38.085],[145.112784,-38.051975],[145.081111,-38.00581],[145.05971698519002,-38.01900743312214],[145.04789063494894,-38.033870092234515],[145.0360178509995,-38.061101992096994],[145.03304733273993,-38.07815952340456],[145.03333703060107,-38.09245615990088],[145.0189183811598,-38.10601686212571],[145.0108150636249,-38.11432645401618],[145.00064213531198,-38.12837926915965],[144.9999090461254,-38.12996295327065],[144.99624184308496,-38.134889873271646],[144.9811030892583,-38.16046776742377],[144.97186980443243,-38.21208145071834],[144.9948277402656,-38.273513325473566],[145.061238,-38.201436],[145.215767,-38.200652],[145.239583,-38.077677]]],[[[145.259036,-38.2438],[145.277306,-38.24593],[145.25422,-38.22361],[145.259036,-38.2438]]]]},"bbox":[144.97186980443243,-38.273513325473566,145.277306,-38.00581]},
{"properties":{"electorateShortName":"flinders","electorateName":"Flinders","area":871.22,"state":null},"type":"Feature","geometry":{"type":"Polygon","coordinates":[[[145.061238,-38.201436],[145.08755,-38.164238],[145.124443,-38.099138],[145.0909279128674,-38.11666726387435],[145.0455318540158,-38.11281702643157],[145.0454588540158,-38.112830026431574],[145.0257755568689,-38.11871710779772],[145.00088243180858,-38.12837957325408],[144.9840416639658,-38.136781389116045],[144.9693164148875,-38.148501841790505],[144.95735059966643,-38.16302841184018],[144.90036441547193,-38.26147258354222],[144.83937753909692,-38.279143092091246],[144.81219993190584,-38.27301192462616],[144.7932477642472,-38.25279271428953],[144.77788349168156,-38.24344065304829],[144.66466942452496,-38.21274086671329],[144.56814943586855,-38.337008792156475],[144.58944371628724,-38.36887062052126],[144.60355177285746,-38.37981596047911],[144.60581468396384,-38.382024921620484],[144.62939262389628,-38.397626607738715],[144.68312594878932,-38.426343094270024],[144.7972768091149,-38.5148011236121],[144.82021852844517,-38.55825879340179],[144.8803726387515,-38.58902304655672],[144.95178842921734,-38.58592602497209],[145.01055557092675,-38.5742620138236],[145.0411802674585,-38.57653315185353],[145.0589967806654,-38.57270195737099],[145.07567626965874,-38.56536023816247],[145.12101514337712,-38.50360008524735],[145.200452,-38.450896],[145.309821,-38.459747],[145.298315,-38.507257],[145.40368490241576,-38.506994981386995],[145.432868,-38.428709],[145.542195,-38.386766],[145.520721,-38.306578],[145.497964,-38.274077],[145.47918,-38.232301],[145.441756,-38.218692],[145.43647,-38.217589],[145.422665,-38.216895],[145.353378,-38.214725],[145.322151,-38.241109],[145.277306,-38.24593],[145.25422,-38.22361],[145.215767,-38.200652],[145.061238,-38.201436]]]},"bbox":[144.56814943586855,-38.58902304655672,145.542195,-38.099138]},
{"properties":{"electorateShortName":"fraser","electorateName":"Fraser","area":88.42,"state":null},"type":"Feature","geometry":{"type":"MultiPolygon","coordinates":[[[[144.769138,-37.812017],[144.905563,-37.822888],[144.906529,-37.821593],[144.916493,-37.798214],[144.830334,-37.726644],[144.782007,-37.727569],[144.769138,-37.812017]]],[[[144.797522,-37.906676],[144.8194979935188,-37.91248319542644],[144.83574071471548,-37.912445982290976],[144.85171222414675,-37.90948992695025],[144.8601096086719,-37.907135870348284],[144.8721276105312,-37.9097072282334],[144.8834066676683,-37.910966128195774],[144.89172907104037,-37.91190002152788],[144.89551544516618,-37.912325389507195],[144.91263782557874,-37.91260949599193],[144.9295040653136,-37.909645278609055],[144.94550353022473,-37.903540055431755],[144.96005696733417,-37.894514863146334],[144.97263747640918,-37.88289645452465],[144.975503,-37.878642],[144.975607,-37.870261],[144.969681,-37.864589],[144.927165,-37.841327],[144.926912,-37.840035],[144.918525,-37.839688],[144.912499,-37.849458],[144.907213,-37.849526],[144.898362,-37.841204],[144.905593,-37.851732],[144.902042,-37.854318],[144.903492,-37.861283],[144.911555,-37.862068],[144.902906,-37.872753],[144.89215,-37.867605],[144.878621,-37.868083],[144.868582,-37.858712],[144.850369,-37.863943],[144.840214,-37.871507],[144.826561,-37.870863],[144.819567,-37.872528],[144.807735,-37.880643],[144.807636,-37.891284],[144.797522,-37.906676]]]]},"bbox":[144.769138,-37.91260949599193,144.975607,-37.726644]},
{"properties":{"electorateShortName":"gellibrand","electorateName":"Gellibrand","area":146.05,"state":null},"type":"Feature","geometry":{"type":"Polygon","coordinates":[[[144.74049,-37.941279],[144.6648311847324,-37.99157294749939],[144.71914638309406,-38.02871154552724],[144.7528992601842,-38.03041939635138],[144.7711291631637,-38.026778350782266],[144.79104201638648,-38.022194856899],[144.83267543468807,-38.00804305378492],[144.88105319856186,-37.96000707621729],[144.8999219284493,-37.96270351593505],[144.91843868651944,-37.96140251014805],[144.93629470530337,-37.9563304751842],[144.94143370530335,-37.9542774751842],[144.95913471517383,-37.944793461273285],[144.96661371517385,-37.93963646127329],[144.9804457270793,-37.92787412667873],[144.98714291950617,-37.91931577031451],[144.984792,-37.913367],[144.98499,-37.891003],[144.975658,-37.882121],[144.975503,-37.878642],[144.975607,-37.870261],[144.969681,-37.864589],[144.927165,-37.841327],[144.926912,-37.840035],[144.918525,-37.839688],[144.912499,-37.849458],[144.907213,-37.849526],[144.898362,-37.841204],[144.905563,-37.822888],[144.769138,-37.812017],[144.708523,-37.806788],[144.713538,-37.914868],[144.74049,-37.941279]]]},"bbox":[144.6648311847324,-38.03041939635138,144.98714291950617,-37.806788]},
{"properties":{"electorateShortName":"gippsland","electorateName":"Gippsland","area":33131.11,"state":null},"type":"Feature","geometry":{"type":"Polygon","coordinates":[[[146.42636,-38.721348],[146.3341944356933,-38.72336125062652],[146.34682711254146,-38.78080310256206],[146.38492479345632,-38.82675843658501],[146.438267,-38.785605],[146.478636,-38.79178],[146.46831010200282,-38.86668733222666],[146.55579933515259,-38.880329934080606],[146.6247203828556,-38.849117206385365],[146.69029332878844,-38.83869580924263],[146.70877370498198,-38.828864584404194],[146.72741470498195,-38.81596158440419],[146.75698469464666,-38.786892046162606],[146.87392904052666,-38.761025237632126],[147.12381589540237,-38.545162782190005],[147.56123567062718,-38.200855388499896],[147.79261793523597,-38.053308478565356],[147.97709433933,-37.9809336277952],[148.20044505763985,-37.91915055761408],[148.35154050414548,-37.895376026670554],[148.68096380354024,-37.89228267047705],[148.7508109157644,-37.90244163897524],[148.7949843344515,-37.87939862897997],[148.9333558712531,-37.87137126482124],[149.2083532854697,-37.86788278798118],[149.2624921825317,-37.89283231265444],[149.36270377612252,-37.86552696089923],[149.4943349929257,-37.86495117821271],[149.5810347787241,-37.814997892320626],[149.63537293168528,-37.807428138162855],[149.7393634960585,-37.75028722447448],[149.80169396269503,-37.655714277749],[149.95947974764297,-37.64844616107708],[150.00296235979576,-37.598894591692506],[150.02782802493766,-37.581801527229835],[150.03586060177372,-37.57249652804638],[150.04834487185943,-37.55896009611016],[150.0578127356817,-37.543166061040566],[150.06386783808296,-37.525775611821324],[150.06625669304867,-37.507516768454636],[150.06487929544525,-37.48915390470796],[150.0394935641566,-37.4409583245628],[149.97541,-37.44545],[149.976291,-37.505032],[149.199775,-37.201189],[148.680015,-36.992665],[148.194946,-36.796253],[148.10882,-36.797001],[148.134466,-36.743739],[147.960215,-36.612428],[147.541888,-36.737568],[147.529527,-36.768575],[147.439217,-36.801276],[147.367151,-36.733889],[147.290455,-36.737782],[147.26839,-36.777562],[147.344897,-36.868623],[147.289767,-36.904404],[147.263295,-37.006705],[147.386047,-37.030111],[147.380515,-37.098713],[147.325061,-37.141465],[147.384783,-37.211592],[147.336985,-37.275538],[146.838348,-37.205027],[146.75807,-37.147113],[146.647211,-37.162791],[146.547102,-37.368753],[146.435836,-37.618044],[146.488624,-37.642319],[146.504747,-37.695143],[146.473313,-37.994692],[146.570282,-37.983718],[146.569508,-38.058099],[146.478977,-38.1038],[146.419037,-38.1105],[146.340831,-38.083549],[146.319168,-38.138475],[146.34001,-38.169907],[146.258234,-38.2648],[146.223298,-38.440052],[146.317294,-38.56193],[146.394112,-38.598457],[146.525602,-38.619309],[146.518226,-38.707452],[146.42636,-38.721348]]]},"bbox":[146.223298,-38.880329934080606,150.06625669304867,-36.612428]},
{"properties":{"electorateShortName":"goldstein","electorateName":"Goldstein","area":50.67,"state":null},"type":"Feature","geometry":{"type":"Polygon","coordinates":[[[144.98499,-37.891003],[144.975658,-37.882121],[144.975503,-37.878642],[144.975607,-37.870261],[144.969681,-37.864589],[144.927165,-37.841327],[144.926912,-37.840035],[144.918525,-37.839688],[144.912499,-37.849458],[144.907213,-37.849526],[144.905593,-37.851732],[144.9024293015163,-37.856178382800735],[144.903492,-37.861283],[144.911555,-37.862068],[144.902906,-37.872753],[144.89758465581426,-37.870206116412405],[144.895812458732,-37.882073238538396],[144.89402572904336,-37.89049758102195],[144.89357134721223,-37.90676528758479],[144.89387634721223,-37.91163028758479],[144.8955519390276,-37.92173057699334],[144.8959068289967,-37.925160254502956],[144.89576929432295,-37.93285115250136],[144.8984681493797,-37.949061905129845],[144.9040697100709,-37.96451165714153],[144.9075524009427,-37.9704464160345],[144.91175089421637,-37.98260104908271],[144.9768641647337,-38.0666707626178],[145.0096211413578,-38.08207655127312],[145.0171561413578,-38.083897551273125],[145.03334003759002,-38.08627933294922],[145.04968772493453,-38.08569239198532],[145.06565914163374,-38.08215611854726],[145.08072665639702,-38.07578733686883],[145.112784,-38.051975],[145.081111,-38.00581],[145.07207,-37.997362],[145.051691,-37.98682],[145.048317,-37.934691],[145.053446,-37.905646],[145.044819,-37.889737],[144.98499,-37.891003]]]},"bbox":[144.89357134721223,-38.08627933294922,145.112784,-37.839688]},
{"properties":{"electorateShortName":"gorton","electorateName":"Gorton","area":217.27,"state":null},"type":"Feature","geometry":{"type":"MultiPolygon","coordinates":[[[[144.830334,-37.726644],[144.80475,-37.669517],[144.756405,-37.693418],[144.624479,-37.682272],[144.604728,-37.794696],[144.708523,-37.806788],[144.769138,-37.812017],[144.782007,-37.727569],[144.830334,-37.726644]]],[[[144.807636,-37.891284],[144.81113943158113,-37.89161523958565],[144.825435983714,-37.88223478285976],[144.826561,-37.870863],[144.819567,-37.872528],[144.807735,-37.880643],[144.807636,-37.891284]]]]},"bbox":[144.604728,-37.89161523958565,144.830334,-37.669517]},
{"properties":{"electorateShortName":"hawke","electorateName":"Hawke","area":1841.75,"state":null},"type":"Feature","geometry":{"type":"Polygon","coordinates":[[[144.870505,-37.515536],[144.711111,-37.48237],[144.638052,-37.499502],[144.671646,-37.567722],[144.459283,-37.546397],[144.450203,-37.45065],[144.379278,-37.438789],[144.342047,-37.420649],[144.263533,-37.446291],[144.173933,-37.436052],[144.161557,-37.488444],[144.198075,-37.551673],[144.132388,-37.575816],[144.133417,-37.624445],[144.170947,-37.654817],[144.154193,-37.726714],[144.222446,-37.810201],[144.420317,-37.820586],[144.444061,-37.864034],[144.477678,-37.781013],[144.604728,-37.794696],[144.624479,-37.682272],[144.756405,-37.693418],[144.80475,-37.669517],[144.833918,-37.643988],[144.811356,-37.590563],[144.870505,-37.515536]]]},"bbox":[144.132388,-37.864034,144.870505,-37.420649]},
{"properties":{"electorateShortName":"higgins","electorateName":"Higgins","area":39.49,"state":null},"type":"Feature","geometry":{"type":"MultiPolygon","coordinates":[[[[145.093654,-37.861375],[145.024618,-37.834499],[144.98792,-37.829672],[145.044819,-37.889737],[145.053446,-37.905646],[145.088226,-37.892976],[145.093654,-37.861375]]],[[[145.043007,-37.991002],[145.07207,-37.997362],[145.051691,-37.98682],[145.043007,-37.991002]]],[[[144.902906,-37.872753],[144.89473744730157,-37.868843395194176],[144.89565472328644,-37.87601501055185],[144.90151878936672,-37.893183453737194],[144.910706920957,-37.908827013123776],[144.92284575922355,-37.92231001419703],[144.93744204365365,-37.93308457651934],[144.9539026556488,-37.94071287679841],[144.96268654508893,-37.942788477549094],[144.983178365587,-37.97085307711119],[144.9979534163684,-37.98181736782533],[145.01464943376294,-37.98954787877997],[145.026986,-37.988055],[145.014133,-37.974622],[144.987407,-37.919984],[144.984792,-37.913367],[144.98499,-37.891003],[144.975658,-37.882121],[144.975503,-37.878642],[144.975607,-37.870261],[144.969681,-37.864589],[144.927165,-37.841327],[144.926912,-37.840035],[144.918525,-37.839688],[144.912499,-37.849458],[144.907213,-37.849526],[144.898362,-37.841204],[144.905593,-37.851732],[144.902042,-37.854318],[144.903492,-37.861283],[144.911555,-37.862068],[144.902906,-37.872753]]]]},"bbox":[144.89473744730157,-37.997362,145.093654,-37.829672]},
{"properties":{"electorateShortName":"holt","electorateName":"Holt","area":257.84,"state":null},"type":"Feature","geometry":{"type":"Polygon","coordinates":[[[145.25422,-38.22361],[145.259036,-38.2438],[145.372237,-38.314154],[145.425553,-38.308227],[145.450964,-38.306422],[145.497964,-38.274077],[145.47918,-38.232301],[145.441756,-38.218692],[145.43647,-38.217589],[145.429965,-38.215171],[145.38886,-38.192516],[145.399316,-38.142977],[145.327163,-38.118743],[145.335344,-38.074511],[145.286755,-38.021634],[145.248989,-38.017011],[145.239583,-38.077677],[145.215767,-38.200652],[145.25422,-38.22361]]]},"bbox":[145.215767,-38.314154,145.497964,-38.017011]},
{"properties":{"electorateShortName":"hotham","electorateName":"Hotham","area":78.11,"state":null},"type":"Feature","geometry":{"type":"MultiPolygon","coordinates":[[[[145.195486,-37.923128],[145.088226,-37.892976],[145.053446,-37.905646],[145.048317,-37.934691],[145.192957,-37.978964],[145.195486,-37.923128]]],[[[144.975607,-37.870261],[144.96940545904977,-37.87344060484965],[144.96484084039193,-37.88986228399815],[144.96451768734144,-37.89167637537133],[144.96399123678944,-37.894634052196494],[144.96370579086056,-37.89623472988813],[144.963323622918,-37.898447568054465],[144.963165622918,-37.899423568054466],[144.9630247939398,-37.9002940541696],[144.96279330135326,-37.90172581996181],[144.96257625446646,-37.90300001974463],[144.96061805579734,-37.913535219167564],[144.96050691601158,-37.914186783820504],[144.96019730421298,-37.916014684246896],[144.96010263123318,-37.91657256187223],[144.95977563123319,-37.91850256187223],[144.95956242105282,-37.9197703862087],[144.95837230153117,-37.9378455550165],[144.96082580967428,-37.95579293392535],[144.9668235547421,-37.97288548101489],[144.9761225702204,-37.988430783296934],[144.98834615630784,-38.001799106118796],[145.04527555265832,-38.0251327841114],[145.0462387624324,-38.02606782979527],[145.05721403176224,-38.03354920369734],[145.05717478071188,-38.033611403950566],[145.05903272282055,-38.03478892797294],[145.07010686638378,-38.04050127771236],[145.08551338991953,-38.058656521558],[145.112784,-38.051975],[145.081111,-38.00581],[145.07207,-37.997362],[145.051691,-37.98682],[145.043007,-37.991002],[145.026986,-37.988055],[145.014133,-37.974622],[144.987407,-37.919984],[144.984792,-37.913367],[144.98499,-37.891003],[144.975658,-37.882121],[144.975503,-37.878642],[144.975607,-37.870261]]]]},"bbox":[144.95837230153117,-38.058656521558,145.195486,-37.870261]},
{"properties":{"electorateShortName":"indi","electorateName":"Indi","area":29187.45,"state":null},"type":"Feature","geometry":{"type":"Polygon","coordinates":[[[148.134466,-36.743739],[148.185114,-36.692217],[148.217443,-36.598853],[148.124448,-36.55098],[148.124717,-36.46484],[148.087713,-36.451949],[148.038261,-36.365556],[148.021889,-36.176971],[147.99078,-36.120669],[147.997571,-36.047766],[147.924591,-36.042748],[147.913997,-35.997954],[147.689329,-35.937679],[147.555245,-36.00321],[147.498602,-35.946642],[147.404264,-35.943562],[147.352244,-36.032293],[147.204328,-36.049889],[147.137173,-36.028625],[147.016178,-36.089497],[146.836347,-36.082187],[146.760209,-36.058169],[146.607972,-35.985904],[146.517902,-35.960061],[146.414345,-35.975453],[146.387672,-36.035514],[146.299882,-36.047795],[146.242797,-36.028965],[146.177951,-36.033848],[146.238734,-36.135767],[146.220983,-36.186711],[146.131052,-36.186791],[146.131425,-36.255122],[146.036903,-36.255063],[146.030938,-36.299009],[145.798509,-36.29897],[145.775229,-36.443786],[145.73187,-36.499036],[145.63156,-36.499046],[145.644547,-36.623091],[145.572181,-36.701565],[145.494195,-36.699973],[145.453244,-36.730375],[145.477539,-36.788714],[145.463844,-36.909814],[145.413063,-36.992423],[145.372209,-37.093919],[145.288296,-37.099599],[145.219437,-37.191084],[145.174878,-37.204911],[145.163003,-37.277628],[145.195382,-37.29412],[145.279329,-37.337825],[145.26562,-37.419354],[145.222272,-37.472599],[145.294389,-37.498582],[145.366412,-37.545126],[145.417552,-37.526238],[145.480491,-37.561281],[145.618012,-37.572296],[145.675853,-37.624195],[145.820049,-37.534378],[146.186005,-37.534824],[146.191923,-37.58753],[146.250088,-37.610403],[146.298792,-37.591075],[146.367643,-37.629321],[146.435836,-37.618044],[146.547102,-37.368753],[146.647211,-37.162791],[146.75807,-37.147113],[146.838348,-37.205027],[147.336985,-37.275538],[147.384783,-37.211592],[147.325061,-37.141465],[147.380515,-37.098713],[147.386047,-37.030111],[147.263295,-37.006705],[147.289767,-36.904404],[147.344897,-36.868623],[147.26839,-36.777562],[147.290455,-36.737782],[147.367151,-36.733889],[147.439217,-36.801276],[147.529527,-36.768575],[147.541888,-36.737568],[147.960215,-36.612428],[148.134466,-36.743739]]]},"bbox":[145.163003,-37.629321,148.217443,-35.937679]},
{"properties":{"electorateShortName":"isaacs","electorateName":"Isaacs","area":155.81,"state":null},"type":"Feature","geometry":{"type":"Polygon","coordinates":[[[145.239583,-38.077677],[145.248989,-38.017011],[145.192957,-37.978964],[145.048317,-37.934691],[145.051691,-37.98682],[145.043007,-37.991002],[145.026986,-37.988055],[145.014133,-37.974622],[144.987407,-37.919984],[144.984792,-37.913367],[144.98499,-37.891003],[144.975658,-37.882121],[144.975503,-37.878642],[144.975607,-37.870261],[144.96520735890562,-37.87542028916821],[144.95518007918162,-37.89024525524205],[144.94828459553275,-37.906761255454015],[144.9447935996138,-37.92431514121323],[144.94484514779654,-37.94221271927671],[144.9484372015352,-37.95974620460315],[144.9529292899479,-37.97280521568177],[144.95609492005272,-37.980270994757255],[144.95654592005272,-37.981213994757255],[144.96208649250502,-37.991136871101816],[144.96912951724386,-38.02264738568619],[144.98970534561403,-38.05207165630345],[145.01514796409955,-38.068643597318435],[145.02406876350852,-38.07756567754799],[145.02942407635567,-38.08722835304242],[145.03665149195777,-38.111089734653895],[145.04369010620144,-38.127938111176704],[145.08755,-38.164238],[145.124443,-38.099138],[145.122787,-38.085],[145.156254,-38.067395],[145.239583,-38.077677]]]},"bbox":[144.9447935996138,-38.164238,145.248989,-37.870261]},
{"properties":{"electorateShortName":"jagajaga","electorateName":"Jagajaga","area":125.97,"state":null},"type":"Feature","geometry":{"type":"Polygon","coordinates":[[[145.264111,-37.707353],[145.21044,-37.656809],[145.178531,-37.691171],[145.10354,-37.682943],[145.058219,-37.699983],[145.040197,-37.784222],[145.067113,-37.780935],[145.15549,-37.733969],[145.264111,-37.707353]]]},"bbox":[145.040197,-37.784222,145.264111,-37.656809]},
{"properties":{"electorateShortName":"kooyong","electorateName":"Kooyong","area":58.61,"state":null},"type":"Feature","geometry":{"type":"MultiPolygon","coordinates":[[[[145.11503,-37.816894],[145.067113,-37.780935],[145.040197,-37.784222],[145.001945,-37.796659],[145.024618,-37.834499],[145.093654,-37.861375],[145.11503,-37.816894]]],[[[144.918525,-37.839688],[144.92253267204023,-37.85251612544102],[144.93208389941603,-37.86569561696699],[144.93279511059305,-37.86650484533754],[144.9382349816837,-37.87212674154741],[144.94180671060988,-37.875176278980426],[144.94807794433615,-37.88352219456206],[144.95320144426898,-37.8890310658875],[144.95410982229922,-37.8904328616342],[144.9542518222992,-37.8906118616342],[144.96163987092893,-37.89883288528596],[144.96219787092895,-37.89938188528597],[144.96342483269075,-37.90057288106771],[144.96575648562077,-37.90277846685297],[144.9704284164353,-37.906848731217565],[144.984792,-37.913367],[144.98499,-37.891003],[144.975658,-37.882121],[144.975503,-37.878642],[144.975607,-37.870261],[144.969681,-37.864589],[144.927165,-37.841327],[144.926912,-37.840035],[144.918525,-37.839688]]]]},"bbox":[144.918525,-37.913367,145.11503,-37.780935]},
{"properties":{"electorateShortName":"la-trobe","electorateName":"La Trobe","area":1326.98,"state":null},"type":"Feature","geometry":{"type":"Polygon","coordinates":[[[145.429965,-38.215171],[145.422665,-38.216895],[145.353378,-38.214725],[145.322151,-38.241109],[145.3424832580411,-38.26964704307138],[145.425553,-38.308227],[145.450964,-38.306422],[145.502057119961,-38.35315263598072],[145.458997,-38.366097],[145.542195,-38.386766],[145.520721,-38.306578],[145.612426,-38.285715],[145.73268,-38.289375],[145.712927,-38.250871],[145.729725,-38.15398],[145.762787,-38.108946],[145.762536,-37.990723],[145.731067,-37.958834],[145.747876,-37.907446],[145.721541,-37.885239],[145.62511,-37.916976],[145.5534,-37.873679],[145.489986,-37.919163],[145.442652,-37.907018],[145.360992,-37.972054],[145.335344,-38.074511],[145.327163,-38.118743],[145.399316,-38.142977],[145.38886,-38.192516],[145.429965,-38.215171]]]},"bbox":[145.322151,-38.386766,145.762787,-37.873679]},
{"properties":{"electorateShortName":"lalor","electorateName":"Lalor","area":463.78,"state":null},"type":"Feature","geometry":{"type":"Polygon","coordinates":[[[144.591578,-38.004446],[144.53511538332842,-38.0436863325509],[144.51711525499348,-38.05504186155593],[144.514119,-38.06943],[144.51315142441862,-38.070900323944066],[144.51919647030647,-38.07101160538786],[144.536906776405,-38.082046447189995],[144.55206349651536,-38.087985167147764],[144.5899895803622,-38.09443198181414],[144.62313452849173,-38.09096647619857],[144.63397865028213,-38.09182234201591],[144.65255465028213,-38.09163334201591],[144.68980129335688,-38.08314652327053],[144.72513445629903,-38.0587676738464],[144.7363794431818,-38.05448599673987],[144.7538835939954,-38.04495799167527],[144.7685516163892,-38.03208352827724],[144.77571174543135,-38.02669681714957],[144.78049132985396,-38.02219341867209],[144.80177708142145,-38.007187221420715],[144.82358518353152,-37.97585052692406],[144.8313475911008,-37.916141533930634],[144.83711166114202,-37.907657265447114],[144.84418714679987,-37.8904046480638],[144.840214,-37.871507],[144.826561,-37.870863],[144.819567,-37.872528],[144.807735,-37.880643],[144.807636,-37.891284],[144.797522,-37.906676],[144.74049,-37.941279],[144.713538,-37.914868],[144.708523,-37.806788],[144.604728,-37.794696],[144.477678,-37.781013],[144.444061,-37.864034],[144.479552,-37.895035],[144.495417,-37.973762],[144.541643,-37.971302],[144.591578,-38.004446]]]},"bbox":[144.444061,-38.09443198181414,144.84418714679987,-37.781013]},
{"properties":{"electorateShortName":"macnamara","electorateName":"Macnamara","area":40.23,"state":null},"type":"Feature","geometry":{"type":"Polygon","coordinates":[[[145.044819,-37.889737],[144.98792,-37.829672],[144.906529,-37.821593],[144.905563,-37.822888],[144.898362,-37.841204],[144.905593,-37.851732],[144.902042,-37.854318],[144.903492,-37.861283],[144.911555,-37.862068],[144.902906,-37.872753],[144.89215,-37.867605],[144.878621,-37.868083],[144.868582,-37.858712],[144.850369,-37.863943],[144.840214,-37.871507],[144.826561,-37.870863],[144.819567,-37.872528],[144.81517778137348,-37.875538354052935],[144.81970518884734,-37.88494306788326],[144.83030051495965,-37.90009062202999],[144.83912702690816,-37.90839065516447],[144.8396986836553,-37.90903916735403],[144.85227805190033,-37.92081521010423],[144.88294298962754,-37.93619183292463],[144.89990449724652,-37.9392287635444],[144.90664225227582,-37.93913051448003],[144.92294162135113,-37.9561950141355],[144.93769179693314,-37.967572445516105],[144.95446828373483,-37.97566955087003],[144.9725523571276,-37.98013944058284],[144.99616814861608,-37.98156902296726],[145.0129554996511,-37.978934738751065],[145.014133,-37.974622],[144.987407,-37.919984],[144.984792,-37.913367],[144.98499,-37.891003],[145.044819,-37.889737]]]},"bbox":[144.81517778137348,-37.98156902296726,145.044819,-37.821593]},
{"properties":{"electorateShortName":"mallee","electorateName":"Mallee","area":83411.92,"state":null},"type":"Feature","geometry":{"type":"Polygon","coordinates":[[[144.408376,-35.898742],[144.36476,-35.819647],[144.375727,-35.801211],[144.296367,-35.737179],[144.24841,-35.7215],[144.117546,-35.625926],[144.104918,-35.590724],[144.04785,-35.556174],[143.989386,-35.553192],[143.948097,-35.500832],[143.866592,-35.480323],[143.746463,-35.388599],[143.642338,-35.401037],[143.563748,-35.316119],[143.584421,-35.278789],[143.563927,-35.202627],[143.471482,-35.219293],[143.396379,-35.193113],[143.346988,-35.104778],[143.319601,-34.968697],[143.342789,-34.932533],[143.323091,-34.884688],[143.351547,-34.796004],[143.273544,-34.777017],[143.196437,-34.728109],[143.104118,-34.694001],[143.040044,-34.702511],[142.924713,-34.649591],[142.763518,-34.596737],[142.699546,-34.603155],[142.678929,-34.680153],[142.696762,-34.720165],[142.616551,-34.737954],[142.63143,-34.784396],[142.526185,-34.759814],[142.51417,-34.690931],[142.471582,-34.666869],[142.434747,-34.576146],[142.368408,-34.527088],[142.351891,-34.394745],[142.3337,-34.339302],[142.238544,-34.30782],[142.249565,-34.266928],[142.220316,-34.181665],[142.082078,-34.172992],[142.074484,-34.130492],[141.983492,-34.112412],[141.899106,-34.111489],[141.877847,-34.136849],[141.704907,-34.095686],[141.635074,-34.12039],[141.567974,-34.19183],[141.517587,-34.206455],[141.49464,-34.154513],[141.452499,-34.161286],[141.357551,-34.110689],[141.333928,-34.130235],[141.261021,-34.078979],[141.008944,-34.044659],[141.002956,-34.021892],[140.961682,-34.095818],[140.964347,-34.438654],[140.965621,-35.008257],[140.966225,-35.389142],[140.963103,-35.748535],[140.96735,-36.373918],[140.96932,-36.793047],[140.973283,-37.358326],[141.0976,-37.449839],[141.168237,-37.41988],[141.261036,-37.429675],[141.279118,-37.393094],[141.221004,-37.348705],[141.43153,-37.372302],[141.431506,-37.297536],[141.531444,-37.297643],[141.491325,-37.220707],[141.576178,-37.188122],[141.599007,-37.161094],[141.668383,-37.155188],[141.707912,-37.184733],[141.88185,-37.145686],[141.923352,-37.121251],[141.937174,-37.206681],[142.079378,-37.223647],[142.114488,-37.112054],[142.215704,-37.111402],[142.239742,-37.147674],[142.42309,-37.260097],[142.501402,-37.292561],[142.592197,-37.290376],[142.595244,-37.217598],[142.542773,-37.157418],[142.717082,-37.1573],[142.837885,-37.191641],[142.953974,-37.207778],[143.04891,-37.18975],[143.066938,-37.147368],[143.180461,-37.188585],[143.224695,-37.153609],[143.293612,-37.210623],[143.405776,-37.233753],[143.46687,-37.269288],[143.489971,-37.172003],[143.585412,-37.184553],[143.665129,-37.236655],[143.860272,-37.234298],[143.875002,-37.186402],[143.948948,-37.197919],[143.96734,-37.099818],[144.012588,-37.066759],[143.973445,-37.029378],[143.89967,-37.021318],[143.846647,-36.927861],[143.891801,-36.881611],[144.025899,-36.897897],[144.071279,-36.766439],[144.068462,-36.662011],[144.125626,-36.662021],[144.170608,-36.524435],[144.209671,-36.487542],[144.344104,-36.48726],[144.344316,-36.385219],[144.331834,-36.327718],[144.281729,-36.327723],[144.272231,-36.202088],[144.317969,-36.091068],[144.266472,-35.929307],[144.335568,-35.934197],[144.343562,-35.894326],[144.408376,-35.898742]]]},"bbox":[140.961682,-37.449839,144.408376,-34.021892]},
{"properties":{"electorateShortName":"maribyrnong","electorateName":"Maribyrnong","area":97.87,"state":null},"type":"Feature","geometry":{"type":"MultiPolygon","coordinates":[[[[144.916493,-37.798214],[144.937074,-37.777774],[144.909592,-37.69402],[144.833918,-37.643988],[144.80475,-37.669517],[144.830334,-37.726644],[144.916493,-37.798214]]],[[[144.850369,-37.863943],[144.88384963197024,-37.88208539276103],[144.90277687152977,-37.88716268082096],[144.9177708538899,-37.890440553356264],[144.95127570208217,-37.890963393007986],[144.9675152228475,-37.88655145773115],[144.97598597755038,-37.8824331620877],[144.975658,-37.882121],[144.975503,-37.878642],[144.975607,-37.870261],[144.969681,-37.864589],[144.927165,-37.841327],[144.926912,-37.840035],[144.918525,-37.839688],[144.912499,-37.849458],[144.907213,-37.849526],[144.898362,-37.841204],[144.905593,-37.851732],[144.902042,-37.854318],[144.903492,-37.861283],[144.911555,-37.862068],[144.902906,-37.872753],[144.89215,-37.867605],[144.878621,-37.868083],[144.868582,-37.858712],[144.850369,-37.863943]]]]},"bbox":[144.80475,-37.890963393007986,144.97598597755038,-37.643988]},
{"properties":{"electorateShortName":"mcewen","electorateName":"McEwen","area":2676.25,"state":null},"type":"Feature","geometry":{"type":"Polygon","coordinates":[[[145.10354,-37.682943],[145.178531,-37.691171],[145.21044,-37.656809],[145.264111,-37.707353],[145.293592,-37.712234],[145.345786,-37.655737],[145.366412,-37.545126],[145.294389,-37.498582],[145.222272,-37.472599],[145.26562,-37.419354],[145.279329,-37.337825],[145.195382,-37.29412],[145.125267,-37.293897],[145.014252,-37.227777],[144.852212,-37.208949],[144.704053,-37.21301],[144.703932,-37.212984],[144.659956,-37.208274],[144.594923,-37.242743],[144.564596,-37.299494],[144.501005,-37.307087],[144.415258,-37.382483],[144.379278,-37.438789],[144.450203,-37.45065],[144.459283,-37.546397],[144.671646,-37.567722],[144.638052,-37.499502],[144.711111,-37.48237],[144.870505,-37.515536],[144.977205,-37.513729],[144.952624,-37.60034],[145.11624,-37.617721],[145.10354,-37.682943]]]},"bbox":[144.379278,-37.712234,145.366412,-37.208274]},
{"properties":{"electorateShortName":"melbourne","electorateName":"Melbourne","area":40.07,"state":null},"type":"Feature","geometry":{"type":"MultiPolygon","coordinates":[[[[145.024618,-37.834499],[145.001945,-37.796659],[144.986865,-37.774378],[144.937074,-37.777774],[144.916493,-37.798214],[144.906529,-37.821593],[144.98792,-37.829672],[145.024618,-37.834499]]],[[[144.840214,-37.871507],[144.8890627226879,-37.90988189599976],[144.90728782173554,-37.91158980099633],[144.92191767994035,-37.909969526147066],[144.9227473650905,-37.910163758039225],[144.9252472638084,-37.910726366853446],[144.93095328492376,-37.911846267139836],[144.94507465485015,-37.91344718028189],[144.95108001163067,-37.91361563840061],[144.95686118634214,-37.91627300191317],[144.9661436436617,-37.91954443232263],[144.98052323434726,-37.92286340862922],[144.9863085207719,-37.92363625363771],[144.987407,-37.919984],[144.984792,-37.913367],[144.98499,-37.891003],[144.975658,-37.882121],[144.975503,-37.878642],[144.975607,-37.870261],[144.969681,-37.864589],[144.927165,-37.841327],[144.926912,-37.840035],[144.918525,-37.839688],[144.912499,-37.849458],[144.907213,-37.849526],[144.898362,-37.841204],[144.905593,-37.851732],[144.902042,-37.854318],[144.903492,-37.861283],[144.911555,-37.862068],[144.902906,-37.872753],[144.89215,-37.867605],[144.878621,-37.868083],[144.868582,-37.858712],[144.850369,-37.863943],[144.840214,-37.871507]]]]},"bbox":[144.840214,-37.92363625363771,145.024618,-37.774378]},
{"properties":{"electorateShortName":"menzies","electorateName":"Menzies","area":137.31,"state":null},"type":"Feature","geometry":{"type":"Polygon","coordinates":[[[145.289573,-37.762819],[145.293592,-37.712234],[145.264111,-37.707353],[145.15549,-37.733969],[145.067113,-37.780935],[145.11503,-37.816894],[145.154192,-37.817561],[145.21336,-37.817222],[145.240569,-37.764763],[145.289573,-37.762819]]]},"bbox":[145.067113,-37.817561,145.293592,-37.707353]},
{"properties":{"electorateShortName":"monash","electorateName":"Monash","area":8255.15,"state":null},"type":"Feature","geometry":{"type":"Polygon","coordinates":[[[145.520721,-38.306578],[145.497964,-38.274077],[145.47918,-38.232301],[145.43383756278965,-38.28001370835668],[145.450964,-38.306422],[145.502057119961,-38.35315263598072],[145.458997,-38.366097],[145.406087,-38.372763],[145.368225,-38.424275],[145.129935,-38.390452],[145.04666029069688,-38.454043742862886],[145.01945236715875,-38.5194106056088],[145.02705581990742,-38.55473903361302],[145.0360039887477,-38.570543008171775],[145.04794282798738,-38.58422874728435],[145.11359716546923,-38.60963384023837],[145.20993768547828,-38.61924517596591],[145.2666539334714,-38.607163544043964],[145.3262630099505,-38.65362006635023],[145.4394281782706,-38.63806447744822],[145.48875484854548,-38.70557969911963],[145.56822323610166,-38.76014443874186],[145.6640509441572,-38.76731839175406],[145.72162847618716,-38.746420504136594],[145.79296540624438,-38.82423046800416],[145.83161561159588,-38.93917478201949],[145.8680124114344,-38.98221440440571],[145.93220649647296,-38.998934078430246],[146.01959403841332,-38.97558703560781],[146.08774658061984,-38.91566170845614],[146.13644207408117,-38.94743961640049],[146.14657334360928,-39.02288102803139],[146.13413959164356,-39.09606650964856],[146.15901019306824,-39.16548846289953],[146.23857986797398,-39.230356149699034],[146.2873605488531,-39.248681951865656],[146.30402100275793,-39.24854087954463],[146.30650370096092,-39.24805347405595],[146.31106713420274,-39.248337547176995],[146.3291880295283,-39.247140606572756],[146.388608,-39.224415],[146.44305215099766,-39.21912626929782],[146.47722503117208,-39.20419053416217],[146.49111453967384,-39.19254344609839],[146.50238846266018,-39.178349371021675],[146.51424796992598,-39.14984979811366],[146.56398539037465,-39.10100216439561],[146.55807180311652,-38.99005608327755],[146.67871481340077,-39.045279158014736],[146.75491338912667,-39.027326258788946],[146.79590384769207,-38.93439157093819],[146.75728746875959,-38.875948477425005],[146.7102021210817,-38.84606689478448],[146.6960603342615,-38.83877961397863],[146.68085638334227,-38.83409618868752],[146.64485958857102,-38.83314146653462],[146.5904774127716,-38.86426615976239],[146.546138,-38.79085],[146.438635,-38.754542],[146.42636,-38.721348],[146.518226,-38.707452],[146.525602,-38.619309],[146.394112,-38.598457],[146.317294,-38.56193],[146.223298,-38.440052],[146.258234,-38.2648],[146.34001,-38.169907],[146.319168,-38.138475],[146.340831,-38.083549],[146.419037,-38.1105],[146.478977,-38.1038],[146.569508,-38.058099],[146.570282,-37.983718],[146.473313,-37.994692],[146.504747,-37.695143],[146.488624,-37.642319],[146.435836,-37.618044],[146.367643,-37.629321],[146.298792,-37.591075],[146.250088,-37.610403],[146.191923,-37.58753],[146.130947,-37.643909],[146.163222,-37.747768],[146.044161,-37.774023],[145.943614,-37.758232],[145.894867,-37.825818],[145.845103,-37.797714],[145.811644,-37.855634],[145.747876,-37.907446],[145.731067,-37.958834],[145.762536,-37.990723],[145.762787,-38.108946],[145.729725,-38.15398],[145.712927,-38.250871],[145.73268,-38.289375],[145.612426,-38.285715],[145.520721,-38.306578]]]},"bbox":[145.01945236715875,-39.248681951865656,146.79590384769207,-37.58753]},
{"properties":{"electorateShortName":"nicholls","electorateName":"Nicholls","area":14772.67,"state":null},"type":"Feature","geometry":{"type":"Polygon","coordinates":[[[145.195382,-37.29412],[145.163003,-37.277628],[145.174878,-37.204911],[145.219437,-37.191084],[145.288296,-37.099599],[145.372209,-37.093919],[145.413063,-36.992423],[145.463844,-36.909814],[145.477539,-36.788714],[145.453244,-36.730375],[145.494195,-36.699973],[145.572181,-36.701565],[145.644547,-36.623091],[145.63156,-36.499046],[145.73187,-36.499036],[145.775229,-36.443786],[145.798509,-36.29897],[146.030938,-36.299009],[146.036903,-36.255063],[146.131425,-36.255122],[146.131052,-36.186791],[146.220983,-36.186711],[146.238734,-36.135767],[146.177951,-36.033848],[146.032803,-35.994774],[145.989126,-36.013079],[145.908007,-35.953565],[145.84426,-35.983005],[145.793445,-35.982817],[145.684681,-35.930753],[145.533964,-35.805286],[145.352396,-35.865795],[145.246515,-35.830412],[145.168353,-35.842476],[145.072861,-35.827757],[144.971073,-35.860927],[144.923615,-35.988951],[144.986877,-36.064296],[144.874824,-36.057628],[144.805787,-36.123842],[144.717616,-36.112711],[144.692392,-36.069351],[144.583275,-36.039025],[144.51644,-35.995631],[144.408376,-35.898742],[144.343562,-35.894326],[144.335568,-35.934197],[144.266472,-35.929307],[144.317969,-36.091068],[144.272231,-36.202088],[144.281729,-36.327723],[144.331834,-36.327718],[144.344316,-36.385219],[144.369399,-36.407849],[144.668178,-36.406593],[144.671931,-36.443104],[144.611792,-36.49749],[144.626439,-36.52491],[144.537795,-36.655182],[144.519165,-36.72529],[144.666165,-36.725853],[144.666159,-36.762612],[144.794685,-36.750723],[144.798547,-36.832621],[144.844182,-36.872213],[144.796573,-36.965539],[144.714611,-36.997883],[144.728304,-37.065894],[144.703811,-37.212958],[144.704053,-37.21301],[144.852212,-37.208949],[145.014252,-37.227777],[145.125267,-37.293897],[145.195382,-37.29412]]]},"bbox":[144.266472,-37.29412,146.238734,-35.805286]},
{"properties":{"electorateShortName":"scullin","electorateName":"Scullin","area":116.35,"state":null},"type":"Feature","geometry":{"type":"Polygon","coordinates":[[[145.10354,-37.682943],[145.11624,-37.617721],[144.952624,-37.60034],[144.972061,-37.690999],[145.058219,-37.699983],[145.10354,-37.682943]]]},"bbox":[144.952624,-37.699983,145.11624,-37.60034]},
{"properties":{"electorateShortName":"wannon","electorateName":"Wannon","area":33595.18,"state":null},"type":"Feature","geometry":{"type":"Polygon","coordinates":[[[140.965735,-38.055989],[140.87582637743978,-38.05047778833892],[140.8825475126549,-38.09033782747941],[140.93432503386794,-38.140330057780794],[140.9522120376344,-38.14496725289844],[140.97049734569075,-38.1477462637762],[140.9970550944915,-38.156049257852054],[141.17898888659735,-38.24635112674927],[141.2833555962872,-38.32947759517641],[141.2915026119854,-38.43021744627717],[141.33944190767306,-38.469724393781036],[141.45417899343485,-38.47640452186201],[141.55048729305935,-38.52263798096799],[141.65759475520116,-38.49077117323597],[141.72205426090636,-38.447317266867586],[141.7620767422404,-38.34344767774482],[141.91729369083782,-38.37025980918932],[141.90463412327523,-38.431732797201164],[141.9375239155778,-38.491859010420946],[141.97827255837012,-38.51302382573735],[142.11886556320763,-38.47736211929935],[142.2523816006524,-38.48615690925128],[142.36260566214315,-38.44349880091838],[142.44755086257422,-38.49102266903693],[142.51905677972735,-38.50080499318429],[142.7463130946581,-38.64914348617684],[142.8199333071198,-38.68701343913243],[142.93228783623357,-38.71721119014791],[142.99118434388433,-38.71400167188577],[143.0671791903211,-38.7486230214756],[143.13039641728025,-38.8073523410867],[143.25566394093812,-38.86287363518846],[143.34067777840738,-38.845924510210274],[143.44388457850596,-38.92070763724906],[143.502358201355,-38.947243696776184],[143.57364066929273,-38.94347702532681],[143.70460230457,-38.86179008195176],[143.75745639207247,-38.806104798731226],[143.87931256171237,-38.772151772159646],[143.99398854156374,-38.65879948000667],[144.04016352712404,-38.62662361408961],[144.07494963848984,-38.56523676568995],[144.15399395300932,-38.544593044381735],[144.2361084847725,-38.50209091392945],[144.2490484605606,-38.490914585454426],[144.253696245561,-38.485025469098375],[144.29561703111958,-38.45927096568983],[144.31308721450242,-38.43134210321698],[144.318827,-38.34562],[144.229339,-38.398384],[144.203102,-38.34093],[144.012777,-38.31374],[144.04095,-38.272479],[144.062407,-38.172399],[143.918941,-38.159291],[143.900686,-38.138542],[143.809865,-38.127699],[143.823154,-38.055792],[143.829715,-38.022363],[143.672409,-38.0294],[143.59345,-37.954669],[143.47941,-37.94085],[143.44652,-37.9005],[143.440712,-37.784849],[143.465148,-37.654997],[143.641965,-37.650303],[143.668559,-37.538443],[143.613246,-37.500982],[143.665129,-37.236655],[143.585412,-37.184553],[143.489971,-37.172003],[143.46687,-37.269288],[143.405776,-37.233753],[143.293612,-37.210623],[143.224695,-37.153609],[143.180461,-37.188585],[143.066938,-37.147368],[143.04891,-37.18975],[142.953974,-37.207778],[142.837885,-37.191641],[142.717082,-37.1573],[142.542773,-37.157418],[142.595244,-37.217598],[142.592197,-37.290376],[142.501402,-37.292561],[142.42309,-37.260097],[142.239742,-37.147674],[142.215704,-37.111402],[142.114488,-37.112054],[142.079378,-37.223647],[141.937174,-37.206681],[141.923352,-37.121251],[141.88185,-37.145686],[141.707912,-37.184733],[141.668383,-37.155188],[141.599007,-37.161094],[141.576178,-37.188122],[141.491325,-37.220707],[141.531444,-37.297643],[141.431506,-37.297536],[141.43153,-37.372302],[141.221004,-37.348705],[141.279118,-37.393094],[141.261036,-37.429675],[141.168237,-37.41988],[141.0976,-37.449839],[140.973283,-37.358326],[140.971091,-37.791453],[140.965735,-38.055989]]]},"bbox":[140.87582637743978,-38.947243696776184,144.318827,-37.111402]},
{"properties":{"electorateShortName":"wills","electorateName":"Wills","area":46.44,"state":null},"type":"Feature","geometry":{"type":"MultiPolygon","coordinates":[[[[144.937074,-37.777774],[144.986865,-37.774378],[144.972061,-37.690999],[144.909592,-37.69402],[144.937074,-37.777774]]],[[[144.911555,-37.862068],[144.92700670483686,-37.8672253552782],[144.94403353098122,-37.86768863108246],[144.94735406965748,-37.86714479333833],[144.9506438042032,-37.867699208981726],[144.9685781490755,-37.86931413111779],[144.969681,-37.864589],[144.927165,-37.841327],[144.926912,-37.840035],[144.918525,-37.839688],[144.912499,-37.849458],[144.907213,-37.849526],[144.898362,-37.841204],[144.905593,-37.851732],[144.902042,-37.854318],[144.90347188684933,-37.86118638752108],[144.911555,-37.862068]]]]},"bbox":[144.898362,-37.86931413111779,144.986865,-37.690999]},
{"properties":{"electorateShortName":"brand","electorateName":"Brand","area":377.75,"state":null},"type":"Feature","geometry":{"type":"Polygon","coordinates":[[[115.774924,-32.181389],[115.766082,-32.143592],[115.747773,-32.134755],[115.749868,-32.132801],[115.762165,-32.106388],[115.758589,-32.095537],[115.724328,-32.05389],[115.71072167696991,-32.041697627056],[115.69549192864156,-32.03421206907693],[115.67912775964697,-32.029718430738136],[115.66221096430135,-32.02837647409298],[115.64534298441127,-32.03023390964528],[115.59592046476217,-32.05605471756891],[115.57647882577497,-32.08429131924686],[115.571134869686,-32.10066131803123],[115.56900652630235,-32.117749468350155],[115.57223404826361,-32.19332544347547],[115.60740116555188,-32.344900611284494],[115.63447202625397,-32.41529315708736],[115.64434961944033,-32.42983363420364],[115.6568651823348,-32.44217677024595],[115.66252017569356,-32.48435923853995],[115.727917,-32.516497],[115.747816,-32.455643],[115.827484,-32.458152],[115.830186,-32.406383],[115.88973,-32.292138],[115.898546,-32.180241],[115.774924,-32.181389]]]},"bbox":[115.56900652630235,-32.516497,115.898546,-32.02837647409298]},
{"properties":{"electorateShortName":"burt","electorateName":"Burt","area":189.91,"state":null},"type":"Feature","geometry":{"type":"Polygon","coordinates":[[[115.898628,-32.18024],[116.015818,-32.186556],[116.050119,-32.121282],[116.018056,-32.089827],[116.03907,-32.028243],[116.021436,-32.019454],[115.941156,-32.02962],[115.951618,-32.082767],[115.916173,-32.115337],[115.898628,-32.18024]]]},"bbox":[115.898628,-32.186556,116.050119,-32.019454]},
{"properties":{"electorateShortName":"canning","electorateName":"Canning","area":4245.32,"state":null},"type":"Feature","geometry":{"type":"Polygon","coordinates":[[[116.179953,-32.94311],[116.178224,-32.803244],[116.205982,-32.755436],[116.20635,-32.6752],[116.259683,-32.674704],[116.259679,-32.389885],[116.189706,-32.287429],[116.224901,-32.235885],[116.343799,-32.231768],[116.284969,-32.113151],[116.288879,-32.062154],[116.250103,-32.019753],[116.099824,-32.010428],[116.03907,-32.028243],[116.018056,-32.089827],[116.050119,-32.121282],[116.015818,-32.186556],[115.898628,-32.18024],[115.898546,-32.180241],[115.88973,-32.292138],[115.830186,-32.406383],[115.827484,-32.458152],[115.747816,-32.455643],[115.71383857241817,-32.37240937844976],[115.6865547606656,-32.38971075784782],[115.65982699525384,-32.43855728025088],[115.64835588558496,-32.445389333371914],[115.62879906242416,-32.46426030941981],[115.60311994343472,-32.50201793009553],[115.54576723813017,-32.56255041712965],[115.51869956066788,-32.658848533892986],[115.54715694112025,-32.862050088145914],[115.56495387019042,-32.916066982064464],[115.56943491351512,-32.946263130775186],[115.5739416276024,-32.963981673895134],[115.60693842217808,-33.00684581423086],[115.67670916697497,-33.02303432572999],[115.65846,-32.933052],[115.763772,-32.921983],[115.94005,-32.941049],[116.163983,-32.933621],[116.179953,-32.94311]]]},"bbox":[115.51869956066788,-33.02303432572999,116.343799,-32.010428]},
{"properties":{"electorateShortName":"cowan","electorateName":"Cowan","area":94.61,"state":null},"type":"Feature","geometry":{"type":"MultiPolygon","coordinates":[[[[115.955944,-31.887658],[115.917304,-31.841348],[115.820852,-31.820103],[115.801175,-31.86798],[115.820655,-31.901762],[115.955944,-31.887658]]],[[[115.727398,-31.759632],[115.69889282206643,-31.785763393210562],[115.69434355006823,-31.80288553120113],[115.69323648671829,-31.82056710058343],[115.71049060149045,-31.875649277096013],[115.7130228996011,-31.904457992227428],[115.71742170286274,-31.92098010516631],[115.72135866737248,-31.930439483529142],[115.72315535998524,-31.933986178954214],[115.72830094974212,-31.942568401015013],[115.72878494974212,-31.943282401015015],[115.73230053280649,-31.94811500985919],[115.73940008277407,-31.95628575154065],[115.74437189640287,-31.961063392614093],[115.74812565422897,-31.964256064357123],[115.74854065422898,-31.96459006435712],[115.75431563882002,-31.968843489759404],[115.755236,-31.902835],[115.750917,-31.876067],[115.751811,-31.873396],[115.751671,-31.848348],[115.733117,-31.78543],[115.727398,-31.759632]]]]},"bbox":[115.69323648671829,-31.968843489759404,115.955944,-31.759632]},
{"properties":{"electorateShortName":"curtin","electorateName":"Curtin","area":97.95,"state":null},"type":"Feature","geometry":{"type":"Polygon","coordinates":[[[115.838086,-31.991159],[115.820655,-31.901762],[115.801175,-31.86798],[115.751811,-31.873396],[115.751671,-31.848348],[115.733117,-31.78543],[115.71230159554398,-31.78850903020324],[115.70152185802962,-31.799098539195],[115.6986029554249,-31.800808783546312],[115.68493539987841,-31.81316598996865],[115.66557071651276,-31.84750107808393],[115.66121579028808,-31.868739450872322],[115.662066124057,-31.890403033069237],[115.66513536233143,-31.909425346134725],[115.66436033826201,-31.965010228963955],[115.66148106281382,-31.980668364473786],[115.65999830502406,-31.99646033245428],[115.66119569470501,-32.0108800559025],[115.66092796473369,-32.01840137430625],[115.6619663845159,-32.03560190515806],[115.66626394407857,-32.05228925243178],[115.68389260749818,-32.08171867963411],[115.71125266045607,-32.102413810983315],[115.72053330478528,-32.105906502839815],[115.72448645102487,-32.108087476887405],[115.74058985159151,-32.113346291310656],[115.762165,-32.106388],[115.758589,-32.095537],[115.724328,-32.05389],[115.749752,-32.026033],[115.750871,-32.021603],[115.775886,-32.026464],[115.838086,-31.991159]]]},"bbox":[115.65999830502406,-32.113346291310656,115.838086,-31.78543]},
{"properties":{"electorateShortName":"durack","electorateName":"Durack","area":1383954.39,"state":null},"type":"Feature","geometry":{"type":"MultiPolygon","coordinates":[[[[129.001242,-14.879473],[129.065942,-14.891074],[129.08925213829795,-14.860652384792925],[129.06129864647016,-14.81244166990164],[129.02877198185234,-14.793786944546333],[129.01031846705888,-14.78993184886976],[128.9770369217284,-14.78168459018853],[128.9634714129437,-14.780971476732542],[128.92422066441551,-14.767540816141189],[128.86856729873878,-14.767927701914905],[128.8570631580144,-14.723832727262447],[128.80453624342294,-14.682205493818513],[128.72064797999894,-14.692395302240023],[128.67788728467022,-14.641559488392959],[128.6118219994752,-14.632016245309432],[128.5533955782762,-14.678215455048251],[128.4079483051568,-14.706048531710284],[128.3427100160852,-14.652110651653516],[128.27699571085137,-14.646996036750073],[128.20824710668555,-14.617128622243255],[128.09711905892206,-14.51978927305423],[127.96055672999941,-14.418805067873807],[127.91538667050122,-14.319911552684742],[127.84645279447635,-14.270773100588897],[127.78176171090327,-14.172499572844615],[127.69944459496533,-14.09521468640779],[127.55582841534431,-13.985758421573008],[127.49823112171293,-13.88418005549401],[127.36972378287028,-13.81767165526319],[127.33060508627958,-13.744340521821877],[127.27219701316078,-13.726633873185449],[127.22635927249836,-13.737738390360786],[127.17946002296975,-13.794704244487797],[127.00284364748804,-13.661248631108506],[126.97874885656209,-13.6231457084603],[126.91377803566382,-13.598787735903267],[126.84801572451327,-13.614023042721469],[126.80534226507076,-13.672009976623295],[126.75522881355283,-13.6791152815162],[126.69387482642782,-13.71381340117346],[126.65674606884534,-13.768670680770864],[126.56495184422664,-13.783670717951193],[126.47747979890924,-13.782831453408939],[126.41274425075899,-13.67762944570792],[126.34414472876104,-13.66593931940307],[126.27136983476493,-13.729575156618077],[126.1736954151975,-13.659419422435734],[126.103001040332,-13.668716335255223],[126.07277022816089,-13.696271502806512],[126.05656979992727,-13.76371162130621],[126.0740593858593,-13.807817471940487],[125.97019224650892,-13.845610377718506],[125.94117502391174,-13.868651854623865],[125.88683254896998,-13.972911590323696],[125.82617586096366,-13.98605521256865],[125.79510377302476,-14.018853794558213],[125.72152728754354,-14.000412295546475],[125.73136862273383,-13.928278528192266],[125.675979878572,-13.852676933379634],[125.61597378775164,-13.84195999051325],[125.54574648950553,-13.889907869598833],[125.53321063606059,-13.935348250985832],[125.5524085278993,-14.009757859843546],[125.50586064485589,-14.024011896260419],[125.46438590077922,-14.08019409884803],[125.4667701140728,-14.136451454104183],[125.5072997755653,-14.200428580454277],[125.4839042871188,-14.258725414691956],[125.41258127014811,-14.239325325235919],[125.40480648633526,-14.204217870981715],[125.3532227745915,-14.156211119446233],[125.2962818453599,-14.153758602418293],[125.23877455545437,-14.198447656419829],[125.15914151335001,-14.22097003875468],[125.12401207479277,-14.286589825340174],[125.13227871331262,-14.356485556148733],[125.07677145562762,-14.402344657601184],[125.05685725092765,-14.339780405732338],[124.99691211059557,-14.296574542506718],[124.91625627147918,-14.313982283805439],[124.86769364075259,-14.386164604338312],[124.87090154105466,-14.434917785560911],[124.83074066891349,-14.518945564761488],[124.85788631855351,-14.59935761758512],[124.91693272975628,-14.634052648398356],[124.88405316602324,-14.722429264947454],[124.92725357151335,-14.79891034182162],[124.84823383231821,-14.808525309766594],[124.80304155727987,-14.769786521180013],[124.7471595119773,-14.758593216579468],[124.65939854259803,-14.789149806905616],[124.57882530246302,-14.897819305758565],[124.52735361522015,-14.897107035420552],[124.46645255887772,-14.927274393402866],[124.4440104142988,-14.991425451834957],[124.46492853674638,-15.046533836225844],[124.42265393251786,-15.118528574823626],[124.33102603990707,-15.155834299260011],[124.28115736009636,-15.122458810313407],[124.21220459280971,-15.133301870517647],[124.17174036571423,-15.19017631466126],[124.17131520146371,-15.231971226719782],[124.10049541154446,-15.318760579520907],[124.11286198495807,-15.385948701896073],[124.16885052850198,-15.425095335443892],[124.22614381404094,-15.425359616357296],[124.3236797228738,-15.477529272815826],[124.31099353960585,-15.506839419572941],[124.31665838733903,-15.596119721486327],[124.28920382536826,-15.629902987785515],[124.28179852443736,-15.694855357261135],[124.315963548791,-15.810714815351528],[124.27335225771292,-15.848587130257338],[124.1876718861037,-15.826720532234312],[124.15320713452479,-15.834561397050551],[124.10376180368915,-15.88607220413102],[124.02775556355363,-15.887647277900413],[123.87100251314983,-15.996708827057052],[123.84871198129665,-16.03254519200426],[123.77164917798838,-16.018547274629338],[123.79276073410509,-15.934072516788914],[123.74900640159353,-15.816515942471932],[123.69456632254628,-15.777596733615617],[123.61362957094838,-15.783850869827473],[123.55531211350976,-15.831317086911707],[123.54779202352687,-15.895844544051391],[123.49750874725169,-15.905183861390734],[123.42606530434983,-15.975988198954704],[123.35662288648666,-15.9449816892774],[123.26814264439712,-15.946660792387483],[123.20523420286646,-15.980023735885926],[123.18174266844483,-16.0493665901437],[123.19921011779844,-16.13848222043546],[123.22788241941105,-16.198018248574453],[123.17991776656066,-16.26195977722354],[123.14334362881868,-16.2188211712949],[123.09072957174283,-16.191447573259595],[123.01883947156877,-16.19721854256982],[122.98084271795801,-16.23508984128141],[122.97141994129886,-16.289074562233004],[122.90707104867553,-16.301315172750087],[122.85189032800213,-16.337375084864217],[122.81104583678157,-16.426024461959532],[122.69949620284054,-16.536035182770412],[122.6539713797256,-16.663743784065037],[122.54067580512015,-16.680907234287265],[122.49454606441354,-16.72159221107309],[122.44802381842352,-16.810906844360286],[122.39027221926602,-16.87735613908319],[122.3091511885859,-16.92815552879321],[122.27805126994272,-16.97291231021868],[122.19898513640494,-17.037776362755697],[122.16250568025652,-17.123065130165237],[122.08674140311304,-17.23861454045792],[122.0604409978599,-17.34664618539073],[122.05568102982132,-17.569939615320276],[122.11100072430344,-17.71945307783264],[122.11911324858488,-17.90420635755607],[122.08696982351987,-17.956908143825622],[122.09992325287536,-18.02313413263621],[122.1863062300473,-18.096430196082345],[122.08532581638136,-18.226271327337336],[122.00087469566074,-18.261190596097958],[121.95904748062915,-18.31831527853258],[121.88692339169643,-18.36704030586884],[121.79605553426339,-18.36111032966955],[121.75678896385969,-18.38267987300251],[121.65028744983738,-18.530719716425647],[121.64342500916347,-18.604718391179752],[121.57376093336845,-18.628014334605442],[121.53711597113166,-18.66713890323407],[121.53401875660981,-18.76926353186201],[121.54899200482646,-18.79696531482019],[121.46763239779327,-18.915493573104694],[121.46668277226014,-18.969157273668756],[121.42850728810058,-19.055934561487202],[121.26519124082377,-19.282482383489405],[121.15192520947714,-19.39746193731134],[121.06511828843038,-19.462667730650168],[120.93558372787237,-19.543746789297405],[120.59894251848407,-19.68580031692149],[120.549216992734,-19.698196547615126],[120.29295175911156,-19.7907821802698],[120.18067320426415,-19.824519040569676],[120.12890108968364,-19.822532015917282],[119.94979615142468,-19.845981542081514],[119.82101447580816,-19.880534472340177],[119.75969678279662,-19.865673141476314],[119.6268762946056,-19.925945603925285],[119.58479399706461,-19.980567584615212],[119.510607424977,-19.92485787870229],[119.33128169362281,-19.8967974900884],[119.20180571499088,-19.861148857432397],[119.05006053179564,-19.883529429544048],[119.00423368876574,-19.9394626806388],[118.97839502901893,-19.842847378065617],[118.94880202526853,-19.811676179501266],[118.87753614469952,-19.7976518956743],[118.80768543038337,-19.857792883845818],[118.8122511270642,-19.928121153176882],[118.75278430604348,-19.945973374727348],[118.71714402507152,-20.009508970101905],[118.7402848988372,-20.079718050036583],[118.82376425783335,-20.11012546701428],[118.76080483009765,-20.192127362401532],[118.68632069866648,-20.22159654783474],[118.58475147282398,-20.1975357270958],[118.3925824853811,-20.253321183644733],[118.333518864667,-20.24077937385367],[118.25138149220976,-20.26680908477995],[118.220686100528,-20.25029855405242],[118.14458635934147,-20.25436114946166],[118.00794355342818,-20.342576620172714],[117.9676647053993,-20.382852519550514],[117.87313244049379,-20.393782365022034],[117.76750522276726,-20.49254853955405],[117.670562033589,-20.530532772826312],[117.57968829447157,-20.589962772430262],[117.49308057842998,-20.628821245507773],[117.3477000149134,-20.64339744450719],[117.28171171055554,-20.591459829657726],[117.23955040097087,-20.482045495202748],[117.17409546836079,-20.4566764478984],[117.16488593104499,-20.396810790245375],[117.12768853275121,-20.35347107273897],[117.07240905757632,-20.34025976270338],[117.01742907707388,-20.35200503118264],[116.8824655950608,-20.272623468044117],[116.8077121306979,-20.265804473742445],[116.73395872403721,-20.32500060174662],[116.71158920653284,-20.389704276268148],[116.60461588758957,-20.352832881038573],[116.48604120522884,-20.403148171109304],[116.45840505512517,-20.43331289417144],[116.4488395177912,-20.503136761322256],[116.41142446379644,-20.526907140638148],[116.35462688470145,-20.60339571741108],[116.34774231512655,-20.689485854514274],[116.29900910792433,-20.681161696678313],[116.13378372635125,-20.757637328358033],[116.0476520057186,-20.72911144715172],[115.97454037756755,-20.79437876824098],[115.91252460558344,-20.790919194299047],[115.81809492260992,-20.87857321824924],[115.77385968117575,-20.94749724839675],[115.75219734343527,-21.021083980809177],[115.72153537227919,-21.041591527148782],[115.67750125029367,-21.013302778536975],[115.6075607452596,-21.022365832154133],[115.5612479783909,-21.10242616538156],[115.56825812565458,-21.138983672021187],[115.53625286329664,-21.208043731830042],[115.47772262994297,-21.171883929883673],[115.39221324614398,-21.20465361560977],[115.35413766559127,-21.33474258068033],[115.2712282312015,-21.436587209395743],[115.2062133856152,-21.41956583511909],[115.1137197635341,-21.443865714041856],[115.06647587278981,-21.377378133892964],[114.95102241911903,-21.36768263291868],[114.89163928613031,-21.417945295998635],[114.88682241734271,-21.489776509070886],[114.85039016726707,-21.490549845837446],[114.77565518353097,-21.431383783824],[114.70738623022734,-21.450562931802626],[114.67170679530687,-21.501891378196767],[114.5645145443141,-21.52878540761418],[114.48289637435481,-21.512324367685704],[114.43477224562712,-21.547522678516437],[114.38707920162709,-21.534444481479277],[114.31554078406963,-21.560769690598356],[114.22885535351016,-21.65519383611448],[114.21413505007729,-21.710619883801847],[114.15112856989089,-21.69677798636603],[114.04295031841512,-21.73338806708661],[113.92187575535688,-21.82311270949199],[113.85253314688458,-21.934124950833933],[113.80086824791505,-22.069748454561868],[113.74225636694189,-22.255753328077077],[113.6681737680926,-22.3696196095687],[113.65916436123707,-22.421470701042857],[113.59626285474887,-22.492385694702698],[113.5659245228929,-22.560655074343043],[113.58700940528313,-22.667456383207654],[113.58837557582903,-22.753967797625645],[113.6306294768214,-22.80010470530719],[113.68356494967962,-22.812476627347422],[113.73324028409837,-22.953829931296642],[113.73839778345898,-23.01751215153996],[113.67608870780548,-23.09001176435686],[113.67405726705148,-23.184218835669274],[113.70112617677073,-23.30789067620457],[113.69035971311423,-23.444360577438363],[113.64003551155352,-23.506351465192754],[113.60053235638314,-23.524971459898563],[113.5325662046665,-23.59095684979834],[113.49347630877676,-23.687638891042035],[113.45289894396821,-23.731735808735447],[113.42963871214455,-23.80956070829914],[113.39023588739803,-23.857470164239974],[113.3786243638521,-23.959031566681425],[113.33434879272362,-24.023165036083707],[113.33013830239433,-24.10166531405581],[113.34540008250852,-24.145663350414267],[113.30017079983595,-24.225016732271726],[113.31541405586546,-24.307386192055272],[113.31007250241016,-24.401520963280024],[113.32710328593866,-24.530461415726485],[113.4201086974557,-24.633345789407645],[113.54219461143032,-24.787049937220594],[113.52611559189812,-24.837806844540722],[113.53591202971177,-24.909233013694852],[113.57272817393148,-24.962724629814346],[113.57851384772785,-25.04389084175492],[113.62138378139896,-25.13429211040553],[113.66119380290617,-25.179302640029277],[113.7452621180575,-25.235928820323068],[113.8228456414744,-25.452827555338672],[113.88346122524243,-25.554515134890362],[113.90894930144522,-25.628651271328568],[113.96765421632571,-25.730736168083556],[114.02883320210817,-25.77017010797805],[114.06511911249153,-25.835444552407647],[114.13780002668734,-25.91188206773855],[114.10472975783553,-25.98021057266864],[114.13897901446424,-26.088705973550628],[114.10966653896335,-26.130179118208662],[114.10430609169262,-26.224357739536924],[114.1334740260913,-26.30604692307126],[114.0954391266165,-26.335223426904225],[114.05728160375746,-26.300746075071718],[114.02865778937849,-26.1852979825318],[114.02899983883528,-26.104699476145605],[113.99845746034654,-26.062714547295894],[113.99585488285462,-25.944964261607872],[114.0075996273948,-25.831374241557132],[113.98434716152516,-25.767605039475313],[113.8940592378109,-25.711764622112103],[113.79608080240149,-25.74359484583558],[113.68172141126745,-25.660094482207132],[113.67625427897332,-25.61344560275243],[113.55639173894325,-25.425540364004977],[113.48903164589203,-25.416046012407527],[113.45087271685699,-25.4338706518648],[113.35369317324722,-25.581332398960857],[113.32537412686028,-25.678765721191503],[113.32506934703602,-25.73506314245906],[113.39246136812494,-25.8676217103994],[113.42947868480464,-25.901218984486864],[113.39026494310717,-25.931477823618962],[113.26143205250875,-25.934614339574587],[113.24283829483396,-25.86414978884684],[113.19908624781215,-25.808504377607942],[113.14014717549352,-25.663197813631655],[113.10334182578919,-25.54023092739495],[113.10526108973244,-25.463306813728888],[113.05379109652483,-25.414026686806285],[112.98150360118538,-25.391042175163243],[112.89697704879814,-25.423144182680947],[112.84938240402239,-25.483929645971138],[112.83113169784903,-25.587012904605626],[112.84624231066196,-25.676653179352037],[112.88155614660927,-25.751215236254943],[112.8837853163524,-25.81658255195543],[112.93972874584854,-25.89924967017394],[112.97657099570873,-25.985051654354482],[113.077860353905,-26.10480518586782],[113.07606926102348,-26.19251321482619],[113.16858194464062,-26.293333002488204],[113.20282187668948,-26.35064973823597],[113.22556669865176,-26.455340709321025],[113.29383258387172,-26.524831189658602],[113.44338607882995,-26.65582044239815],[113.51258403689874,-26.726672274222405],[113.66310212693583,-26.918663024873013],[113.88700502341786,-27.27468703343066],[114.01994559841144,-27.534764696251948],[114.06708483693932,-27.691586193674308],[114.03489662417563,-27.75581225619137],[114.0161250675416,-27.835901304871435],[114.09564105354175,-28.15315307425962],[114.18032136808377,-28.254634406111744],[114.2548496104905,-28.298687153174853],[114.32373536731397,-28.382296022110655],[114.36286306889012,-28.450660569817778],[114.45350320801349,-28.543227553141385],[114.51221944092784,-28.6466675076962],[114.51894227939025,-28.709130021968196],[114.48905057977039,-28.75630648016688],[114.49117557215801,-28.814265237901445],[114.53722969075807,-28.86554660697625],[114.55398985033469,-28.915056747974468],[114.63071755380585,-29.00320577545996],[114.78435578460483,-29.14888133487865],[114.82523426692349,-29.260016135073773],[114.84077165173787,-29.339951648872567],[114.90329958064754,-29.49872501687816],[114.86863458442264,-29.67261638663764],[114.86970653139025,-29.779053556161067],[114.89126939231207,-29.91266129294583],[114.8728360750435,-29.97381277683243],[114.8685063681124,-30.07425706158997],[114.9101755474283,-30.147364292565435],[114.88087500716978,-30.264562414135025],[114.89952003225068,-30.367701529274523],[114.9380997807315,-30.413174253437415],[114.92816953206489,-30.459975915740177],[114.96225907785966,-30.568456116287024],[115.02307955800072,-30.64437787152995],[115.03033012329696,-30.7336147615523],[115.07946036736166,-30.768639742667943],[115.11780444018913,-30.885349904617808],[115.1665409190365,-30.916430993815105],[115.30251170213911,-31.168371458106243],[115.35670260632433,-31.30947144056826],[115.46743525243072,-31.463881510193406],[115.47481081007959,-31.480664362677317],[115.4761778811636,-31.486016142805727],[115.48390124349326,-31.502071222886208],[115.49463589370275,-31.516290337026895],[115.55787732929602,-31.545174302091304],[115.62035863786878,-31.545190279886164],[115.560745,-31.45522],[115.670095,-31.455129],[115.678385,-31.477001],[115.855007,-31.474564],[115.861396,-31.627194],[115.955359,-31.682999],[115.982838,-31.741886],[116.094234,-31.742279],[116.099034,-31.695844],[116.205448,-31.670468],[116.288043,-31.671104],[116.347233,-31.706578],[116.342883,-31.802217],[116.358281,-31.81948],[116.346175,-31.90679],[116.415125,-31.909333],[116.409065,-32.01232],[116.32374,-32.023442],[116.288879,-32.062154],[116.284969,-32.113151],[116.445445,-32.083146],[116.4451,-32.1117],[116.509365,-32.139774],[116.614217,-32.139773],[116.756002,-32.080523],[116.81162,-32.040104],[116.921423,-31.991773],[117.042548,-31.961888],[117.096419,-31.930533],[117.158314,-31.856642],[117.123759,-31.799935],[117.020857,-31.784291],[116.989337,-31.761261],[116.961452,-31.68298],[116.886001,-31.560855],[116.862619,-31.502596],[117.082305,-31.387866],[117.208515,-31.376293],[117.270229,-31.402607],[117.280218,-31.327628],[117.254219,-31.288066],[117.2682,-31.199584],[117.23962,-31.189721],[117.247801,-31.001882],[117.278235,-31.00209],[117.274568,-30.806594],[117.2418,-30.757242],[117.24206,-30.502552],[117.2497,-30.426938],[117.25097,-30.226352],[117.394383,-30.226279],[117.422316,-30.20619],[117.553435,-30.206142],[117.526849,-30.155083],[117.522193,-29.993315],[117.553728,-29.943122],[117.619435,-29.952146],[117.655783,-29.934382],[117.665424,-29.869196],[117.641027,-29.847685],[117.509301,-29.884423],[117.490157,-29.857022],[117.509424,-29.776705],[117.56731,-29.739881],[117.552974,-29.682614],[117.57596,-29.617947],[117.668962,-29.672592],[117.695229,-29.612434],[118.503212,-29.612429],[118.4357,-29.279378],[118.435744,-29.105093],[118.720335,-29.106923],[118.720338,-29.292284],[119.200641,-29.290941],[119.344406,-29.110937],[119.663042,-29.112987],[119.775784,-28.915122],[119.802614,-28.847811],[119.80261,-28.464089],[120.045187,-28.464007],[120.044976,-28.291144],[120.196178,-28.291143],[120.196175,-28.047205],[120.154283,-28.047607],[120.157504,-27.612622],[120.074693,-27.612623],[120.058396,-27.502273],[120.058394,-27.290273],[119.584957,-27.290279],[119.584957,-27.242168],[119.332534,-27.242172],[119.201084,-27.231052],[119.201353,-27.169384],[119.236548,-27.062833],[119.287867,-27.008656],[119.339526,-26.863788],[119.411368,-26.785149],[119.44751,-26.768846],[119.528459,-26.644437],[119.613872,-26.552722],[119.804642,-26.440293],[119.804632,-26.382191],[119.867298,-26.256946],[119.921764,-26.187648],[119.961071,-26.085744],[120.00788,-26.027034],[120.118849,-25.754399],[120.088338,-25.527427],[120.085041,-25.338552],[120.136996,-25.232399],[120.202186,-25.192078],[120.18968,-25.142323],[120.115382,-24.997553],[120.105409,-24.940156],[120.055309,-24.844965],[120.05603,-24.73353],[120.042849,-24.707384],[120.08504,-24.552886],[120.078139,-24.476128],[120.111407,-24.456297],[120.132462,-24.370668],[120.183458,-24.330903],[120.219556,-24.246102],[120.321122,-24.108595],[120.41012,-24.017236],[120.43642,-23.953645],[120.493061,-23.866211],[120.610007,-23.812349],[120.671006,-23.72795],[121.004776,-23.727947],[121.004772,-23.440313],[121.656532,-23.440713],[122.483783,-23.440217],[122.99685,-23.442986],[123.558797,-23.444084],[124.120744,-23.443158],[124.668017,-23.440313],[125.489188,-23.446435],[126.001329,-23.44908],[127.815929,-23.440315],[128.483794,-23.441419],[129.000535,-23.440312],[129.001302,-22.998575],[129.001267,-22.248443],[129.001015,-21.998576],[129.000492,-21.232009],[129.001289,-20.998579],[129.001279,-19.998565],[129.000522,-19.083935],[129.000513,-18.682594],[129.000509,-18.240778],[129.000493,-17.667988],[129.000497,-17.372407],[129.00049,-16.781258],[129.000486,-16.199584],[129.000483,-15.608673],[129.001242,-14.879473]],[[113.6342083365851,-26.28923406144905],[113.76921952152561,-26.345359556353436],[113.7874629310124,-26.435413449226466],[113.72794070224455,-26.45073727039208],[113.69154304801144,-26.35172341707332],[113.6342083365851,-26.28923406144905]],[[123.51311302288164,-17.147936921831487],[123.46140128598765,-17.192729453512502],[123.4135875771851,-17.10519868140651],[123.39849709141431,-17.036935881270207],[123.30002036399922,-16.907892635040245],[123.2643938130248,-16.880673968375206],[123.26478920034687,-16.834784917191485],[123.22547530664734,-16.74793898674095],[123.23505031021385,-16.7077411880472],[123.21228974831386,-16.636475979556597],[123.11943928364887,-16.58266938992953],[123.09483618873492,-16.55067329703442],[123.1556326907873,-16.523918492419437],[123.2238964985369,-16.51711146613486],[123.2390087488976,-16.62303411618822],[123.26159461445323,-16.648696155119737],[123.40137234934512,-16.696812061373652],[123.44518818890363,-16.738714921020275],[123.53253099272146,-16.757118017541266],[123.57607383053443,-16.80140232522224],[123.64170430369003,-16.832747998948406],[123.66934782861823,-16.87578731649119],[123.64220973127051,-16.907791898225096],[123.54243013549983,-16.942022800249333],[123.49431959829312,-17.021469913484285],[123.51311302288164,-17.147936921831487]],[[114.26634191312755,-22.286345025498843],[114.1734457560501,-22.157840240314275],[114.20301066304503,-22.067400873042732],[114.23668293215196,-21.898904507115333],[114.31021845328223,-21.80154973842923],[114.36647798641764,-21.77779099738517],[114.42819266028441,-21.830019171116046],[114.36470469955383,-21.85884265242896],[114.33107020258836,-21.927026452106027],[114.34958870535357,-22.014265662424414],[114.42358502658989,-22.057354949700613],[114.38480519338124,-22.104893560358992],[114.3279456684035,-22.119590354286036],[114.28954350807312,-22.178714799310537],[114.30553835902599,-22.247377676183635],[114.33416675297369,-22.273359896643424],[114.29224170740105,-22.34471237068605],[114.26634191312755,-22.286345025498843]],[[124.26984084103357,-16.20323919576041],[124.18931252328346,-16.166260856994285],[124.17934585042703,-16.05310368530555],[124.26363577436545,-16.055755027165386],[124.31495176751746,-16.009991654058833],[124.36616460522497,-16.018668194159627],[124.35276364022299,-16.09215510870541],[124.32527578192033,-16.117258971006933],[124.2904440376577,-16.200777964691632],[124.26984084103357,-16.20323919576041]]],[[[123.24279714932983,-15.476819874968276],[123.2145288137139,-15.43869597882142],[123.14044005889814,-15.421041170588827],[123.10075738285886,-15.438233704530456],[123.06390290998968,-15.495820707725159],[123.06476471594459,-15.551325637383673],[123.10766901759206,-15.611534855935904],[123.20312411704684,-15.614877480760759],[123.25541238621788,-15.546120106960625],[123.24279714932983,-15.476819874968276]]],[[[122.2384302171482,-16.820930407196226],[122.15538851795745,-16.76520697737476],[122.07001628421338,-16.76750871866916],[122.01566927850297,-16.807911185455772],[122.00487398010476,-16.874764890548494],[122.04374233559436,-16.930219442153074],[122.1068331741584,-16.94791390782254],[122.15761703408874,-16.984260051024968],[122.2420342391277,-16.982238700324597],[122.2783494025273,-16.944666729983396],[122.27993162727066,-16.864282575792902],[122.2384302171482,-16.820930407196226]]],[[[119.18327571597973,-19.55178423835401],[119.12989490451909,-19.49932200677505],[119.05964691527697,-19.502678781455174],[119.01488102640572,-19.549104699297352],[119.00940213414155,-19.60692841322267],[119.0529397992156,-19.668902738140286],[119.12019292568576,-19.679488786814147],[119.1756169958146,-19.63995121105523],[119.18327571597973,-19.55178423835401]]],[[[115.22696533258103,-20.93819908894984],[115.25097874384409,-21.024081586375893],[115.27580832935028,-21.04878704210104],[115.34321537607948,-21.062126222777913],[115.4017200257492,-21.03067945103977],[115.43056427464691,-20.96861079940127],[115.522162043849,-20.879070778231377],[115.56567108552025,-20.761099948582707],[115.6207539895241,-20.751829817422298],[115.66645100630697,-20.701982460148567],[115.66575396489947,-20.619766216602386],[115.62906071103377,-20.563338922714212],[115.67414322844333,-20.491494411457516],[115.69423925516071,-20.42445121271407],[115.65766199869522,-20.349645238041848],[115.57059612001079,-20.279481117282625],[115.47835032807326,-20.277387550132687],[115.4296105933558,-20.33040133523312],[115.4256818386567,-20.48255085409994],[115.44790255431468,-20.576379676321626],[115.36819209665255,-20.60396519303144],[115.24219349740333,-20.765792042938745],[115.21987140906728,-20.831599366262775],[115.22696533258103,-20.93819908894984]]],[[[115.0137076679127,-21.354695430834017],[115.07596357696742,-21.342850016966345],[115.09358403622565,-21.38094981760511],[115.15012797851347,-21.413707972855217],[115.20893514603166,-21.406562678420848],[115.25602718769368,-21.356653235779298],[115.25425243848997,-21.288056857464174],[115.20861739903152,-21.240554861588077],[115.11798383976972,-21.24511264542905],[115.09247116465473,-21.19927592369654],[115.03612141437682,-21.17269634479423],[114.96858103251073,-21.190454380032747],[114.93294196210432,-21.254312250389095],[114.96256286746707,-21.332776024109858],[115.0137076679127,-21.354695430834017]]],[[[113.49943544561094,-28.28558028771889],[113.50113447560058,-28.32268114506885],[113.54100871686627,-28.37997231211707],[113.60056307605515,-28.397966502018896],[113.59209897412502,-28.456290528630458],[113.61499690027077,-28.540700808375384],[113.67736753251523,-28.574733033572162],[113.7813350276572,-28.58657570857699],[113.69579397153007,-28.677274914132468],[113.70045276023326,-28.8021354623013],[113.7702757871876,-28.86368366164178],[113.77580137658191,-28.926321104689215],[113.8106229616723,-28.982956202314295],[113.86904359109421,-29.006801991492864],[113.94184293989385,-29.072789179852236],[114.01021256591272,-29.061093249771176],[114.09069671855838,-28.92937249248384],[114.09195389314438,-28.876165501426698],[114.1256705489926,-28.835220302850505],[114.1272127683641,-28.768886857469717],[114.06704300259453,-28.713435048935036],[114.00991939045362,-28.71407127745709],[113.95064392710309,-28.777143596378487],[113.96316141893884,-28.634286375986054],[113.87741712806503,-28.53373276010735],[113.9040708143265,-28.46226117852996],[113.87790961126682,-28.400097959616968],[113.78360817881573,-28.345820135140595],[113.68923816384974,-28.325119634365254],[113.67180218559531,-28.24081570412316],[113.63724366142795,-28.209878504939624],[113.57108168928664,-28.20253565242334],[113.52201079210768,-28.235791245973335],[113.49943544561094,-28.28558028771889]]],[[[112.99620620923722,-25.175013268318768],[112.97987871446918,-25.250608656133284],[112.99059890987618,-25.30149888641997],[113.05482333627859,-25.360706255419675],[113.12481433451923,-25.348888520206472],[113.16886728590652,-25.289661351055308],[113.21623413218724,-25.078899671622853],[113.21546090283084,-24.996534490715927],[113.23770517750332,-24.954283914788427],[113.23220742251692,-24.885810349812274],[113.25419726987286,-24.758960221815475],[113.20958171485495,-24.679746117905463],[113.15376734753073,-24.664662542248458],[113.07942132531426,-24.70729187530911],[113.03884682697434,-24.831661439785186],[113.02855317754617,-24.980890103067864],[112.99707010736488,-25.078989353327184],[112.99620620923722,-25.175013268318768]]]]},"bbox":[112.83113169784903,-32.139774,129.08925213829795,-13.598787735903267]},
{"properties":{"electorateShortName":"forrest","electorateName":"Forrest","area":8014.34,"state":null},"type":"Feature","geometry":{"type":"Polygon","coordinates":[[[115.65846,-32.933052],[115.63663091390545,-32.846009250018504],[115.56974517417694,-32.91789681345601],[115.56849888194839,-32.93569722946116],[115.57078892855431,-32.95339366245819],[115.58497196703756,-33.01452151681808],[115.59867172104434,-33.12535364615739],[115.59299736192764,-33.22877709696961],[115.55446417420538,-33.27026902666106],[115.5160837418042,-33.37394606417708],[115.37616351662697,-33.53313225546803],[115.29816016040417,-33.56428495787849],[115.18357016065418,-33.54807177918526],[115.15739618179079,-33.50998375604362],[115.05093842206193,-33.44584382655556],[114.95058474789423,-33.45817435472265],[114.91435030603053,-33.51926171232107],[114.92647223011132,-33.60699779547783],[114.89267665285895,-33.661861106078206],[114.88614326881284,-33.71724962908832],[114.90736091035107,-33.80617430485028],[114.88710244830955,-33.849826379275946],[114.90140238252444,-34.10587580641715],[114.93353258990844,-34.179048780166454],[114.92938252573317,-34.25827200489691],[114.96480549322449,-34.327909626462976],[115.04411846888917,-34.39759071990452],[115.06853582964818,-34.43723189877313],[115.16397374515599,-34.49419240633986],[115.22971259557393,-34.5019504535121],[115.28354456414549,-34.46173835691389],[115.29567028602199,-34.4001855122982],[115.32539086250652,-34.40408297916807],[115.3423733303343,-34.404691967090876],[115.4217166019451,-34.344716798986774],[115.337093,-34.314847],[115.337197,-34.160078],[115.401813,-34.156478],[115.404064,-34.049272],[115.39011,-33.999647],[115.419608,-33.919748],[115.536089,-33.913782],[115.646335,-33.824279],[115.73627,-33.796696],[115.837614,-33.791083],[115.836921,-33.837045],[115.935874,-33.897616],[115.935771,-33.961211],[115.977911,-33.957611],[116.001915,-33.895048],[116.000066,-33.801311],[116.082889,-33.801176],[116.100255,-33.780593],[116.217957,-33.771099],[116.196959,-33.592518],[116.196836,-33.513495],[116.132815,-33.486809],[116.06419,-33.484954],[116.064179,-33.440355],[115.919199,-33.378625],[115.918585,-33.290001],[115.945801,-33.222515],[116.144761,-33.231879],[116.146899,-33.084885],[116.209065,-33.085053],[116.208859,-32.984207],[116.179953,-32.94311],[116.163983,-32.933621],[115.94005,-32.941049],[115.763772,-32.921983],[115.65846,-32.933052]]]},"bbox":[114.88614326881284,-34.5019504535121,116.217957,-32.846009250018504]},
{"properties":{"electorateShortName":"fremantle","electorateName":"Fremantle","area":194.13,"state":null},"type":"Feature","geometry":{"type":"Polygon","coordinates":[[[115.898628,-32.18024],[115.916173,-32.115337],[115.793621,-32.056642],[115.775886,-32.026464],[115.750871,-32.021603],[115.751592,-32.001348],[115.754246,-31.973838],[115.75483660884797,-31.931479414108175],[115.74302029035191,-31.931946062967658],[115.72484680006411,-31.935447669243874],[115.70777383462361,-31.94259265677508],[115.69252338443661,-31.953078874627494],[115.6797403684403,-31.966462876188764],[115.67050628427697,-31.978287335271695],[115.65972750398001,-31.99172910194859],[115.65371053913404,-31.998094173804457],[115.62383916003184,-31.941662151484316],[115.55657342357293,-31.899787868538404],[115.4915864983284,-31.899809212877088],[115.40082591311403,-31.945331714752133],[115.36301632448668,-31.999016780778696],[115.38040314029423,-32.08351243729846],[115.43794614676298,-32.11540320949473],[115.54000918521675,-32.11678038222152],[115.55666894942465,-32.11282492827289],[115.56448564083385,-32.109384282776745],[115.58165465186126,-32.10493295787646],[115.59761728495835,-32.097200973808],[115.65214200635609,-32.10729426542421],[115.683319,-32.205863],[115.7421226856423,-32.264821765657466],[115.774924,-32.181389],[115.898546,-32.180241],[115.898628,-32.18024]]]},"bbox":[115.36301632448668,-32.264821765657466,115.916173,-31.899787868538404]},
{"properties":{"electorateShortName":"hasluck","electorateName":"Hasluck","area":1323.34,"state":null},"type":"Feature","geometry":{"type":"Polygon","coordinates":[[[116.288879,-32.062154],[116.32374,-32.023442],[116.409065,-32.01232],[116.415125,-31.909333],[116.346175,-31.90679],[116.358281,-31.81948],[116.342883,-31.802217],[116.347233,-31.706578],[116.288043,-31.671104],[116.205448,-31.670468],[116.099034,-31.695844],[116.094234,-31.742279],[115.982838,-31.741886],[115.914195,-31.810063],[115.917304,-31.841348],[115.955944,-31.887658],[115.953364,-31.919948],[116.031623,-31.936908],[116.021436,-32.019454],[116.03907,-32.028243],[116.099824,-32.010428],[116.250103,-32.019753],[116.288879,-32.062154]]]},"bbox":[115.914195,-32.062154,116.415125,-31.670468]},
{"properties":{"electorateShortName":"moore","electorateName":"Moore","area":102.19,"state":null},"type":"Feature","geometry":{"type":"Polygon","coordinates":[[[115.820852,-31.820103],[115.768635,-31.717476],[115.70661,-31.712027],[115.680263,-31.644081],[115.61771569006272,-31.69796280216375],[115.6187224500672,-31.7314120088163],[115.62385859113671,-31.747413499277833],[115.62650259113671,-31.753596499277833],[115.63693420910182,-31.771518433866852],[115.63901472203372,-31.822812332611026],[115.65206165330883,-31.865041536802387],[115.66205446685066,-31.880360543878812],[115.662633306638,-31.880943826028183],[115.67066313859794,-31.91231931678921],[115.69864561014256,-31.946102848693357],[115.7156176477184,-31.95631740427064],[115.73441314023482,-31.962571736064096],[115.75412158018844,-31.964562866324062],[115.75437535777908,-31.96456043395099],[115.755236,-31.902835],[115.750917,-31.876067],[115.751811,-31.873396],[115.801175,-31.86798],[115.820852,-31.820103]]]},"bbox":[115.61771569006272,-31.964562866324062,115.820852,-31.644081]},
{"properties":{"electorateShortName":"oconnor","electorateName":"O'Connor","area":1126936.75,"state":null},"type":"Feature","geometry":{"type":"MultiPolygon","coordinates":[[[[115.337093,-34.314847],[115.24708822464117,-34.308892939686494],[115.25364202759619,-34.34855063785791],[115.30010033416393,-34.396892979026035],[115.31633497462293,-34.40242042280878],[115.34440177992013,-34.40907325694414],[115.35249558776889,-34.41190736015126],[115.55578527256324,-34.51335401223266],[115.75906055323406,-34.66968654556361],[115.87129114820307,-34.77400721738402],[115.91270594411004,-34.88672209073757],[115.94869476194137,-34.92744123150773],[116.02877100615163,-34.95811161703271],[116.1284626493595,-34.93509390823283],[116.21884071471708,-34.96038040710991],[116.40029894964917,-35.06125405146259],[116.47550871095052,-35.12405311752535],[116.53922982931218,-35.1162506652029],[116.6117003896711,-35.1488764463607],[116.79029135091965,-35.12523863272942],[116.92321536372502,-35.15432705502135],[116.9936284800221,-35.121483317567545],[117.08127329012272,-35.12740284720039],[117.15751745530034,-35.15761899606444],[117.23085495016429,-35.117399677583826],[117.32711879742473,-35.13385558950789],[117.37474736228046,-35.12115640964403],[117.46903616455933,-35.17749562998135],[117.52753678947342,-35.17293736450379],[117.60121296165859,-35.222758068357294],[117.68254908813395,-35.21359509449528],[117.72026473718799,-35.17461758269166],[117.77855332409472,-35.19840559718593],[117.79858298688077,-35.24729512498561],[117.8630008260537,-35.28134005966262],[117.94507730055979,-35.26394698474682],[117.98457811019821,-35.21109842890541],[118.07233956649851,-35.181994276409],[118.14264071639427,-35.11804605263421],[118.24925107538519,-35.094804038393626],[118.32621435521247,-35.023487405973334],[118.39211219873188,-35.03678463312978],[118.5014275657208,-35.02372555259204],[118.5640073852784,-34.96992957197334],[118.57600393344497,-34.91073176335298],[118.51849943242371,-34.81588579590395],[118.61944864270362,-34.78569772791809],[118.69400632950281,-34.787456562394404],[118.84445299020066,-34.67352379979743],[118.86969041805787,-34.590821751861],[118.93425878371082,-34.59090690293333],[118.99508900039434,-34.5422544542133],[119.05650281772273,-34.553185292163725],[119.1145084889177,-34.59325522414172],[119.1906542166641,-34.615630805793586],[119.27905906886105,-34.621181527217416],[119.35445028965944,-34.57250115320659],[119.4212300808415,-34.566434107009336],[119.49748339789895,-34.50119640958052],[119.66581978036645,-34.45937145332432],[119.7071898787415,-34.405641801295054],[119.68952898579096,-34.32395776222466],[119.61459976944717,-34.26663872497212],[119.67389735550314,-34.19568566887423],[119.74202446036846,-34.15004446429702],[119.85116472142369,-34.10025437473404],[119.8731400862557,-34.06187663887593],[119.97689997838303,-34.06181212365388],[120.04811551122312,-34.01888064147382],[120.10644597680451,-34.042203234240915],[120.24273195824965,-34.02366021462716],[120.44510262010235,-34.06147661141268],[120.51288772913784,-34.04550132816723],[120.62966867825688,-33.9812463948352],[120.72402111728081,-33.9903075708809],[120.82255394430544,-33.982190798585954],[120.8823592739821,-33.952680400534184],[121.00571177339197,-33.96272188101308],[121.11604986385979,-33.944328828998415],[121.19508110685409,-33.9658006144798],[121.24434504549934,-33.937486002772246],[121.33190924446122,-33.961923014017415],[121.38895847659595,-33.95411427782855],[121.42665434029462,-33.91998369761149],[121.56297813250757,-33.93579649379784],[121.50652132663582,-34.00438854687901],[121.51419324999483,-34.072216780284606],[121.5402635222043,-34.10650946063009],[121.6211302864404,-34.131760291281196],[121.77560595618401,-34.07592886760193],[121.82051540622666,-34.18256065329565],[121.89406118689173,-34.254431462558806],[121.98050581844676,-34.26224089049054],[122.00913050954273,-34.302068393142655],[122.07412051010007,-34.32142136637257],[122.11358536024163,-34.30738017141857],[122.12533083160376,-34.38541188053352],[122.16045036754018,-34.44473152158584],[122.22723988483071,-34.461800850777756],[122.28890587370354,-34.42465946270176],[122.30719129622364,-34.37381805549514],[122.29143120118631,-34.31610545624106],[122.38056007045084,-34.293988130267856],[122.42536687758519,-34.25964967880159],[122.49131042221568,-34.28742648027006],[122.58314867606884,-34.24566688218466],[122.5940530238208,-34.16552036248389],[122.63645674213883,-34.09448985386394],[122.73077447839592,-34.094920976362445],[122.79493716983586,-34.20442178803636],[122.86551378000273,-34.218808599701454],[122.92911114918863,-34.16891721836548],[123.05830666505138,-34.211424598543104],[123.10273760406776,-34.24931148640485],[123.18764220086743,-34.24681035020218],[123.25704080686023,-34.19440025351912],[123.33685411613905,-34.25558315044213],[123.40957404296418,-34.22984921069759],[123.43617379853345,-34.17989420014215],[123.42097952492787,-34.11154878408057],[123.3657662093027,-34.075487293311134],[123.38479844931268,-34.00456604671106],[123.43312936766249,-33.9887896793994],[123.44098437840708,-34.048019682709175],[123.48294617211593,-34.10114268453827],[123.5498243273433,-34.11121283269161],[123.60918481137806,-34.06837161713004],[123.62877190625129,-33.977530553189375],[123.69947357411733,-33.96395909707731],[123.74036752805766,-33.910711925689924],[123.79410547054194,-33.893137615816464],[123.8525265362087,-33.812278041085875],[123.84443246940491,-33.75541269097298],[123.91437415889398,-33.71584580102226],[123.89166224812932,-33.83268216905501],[123.92388202660146,-33.89614276392134],[123.99212213493134,-33.9163578286185],[124.0418819214347,-33.89515939211146],[124.08745780790811,-33.94265595859531],[124.16448030689354,-33.95076972730531],[124.21944799001032,-33.90621108690156],[124.25556894040602,-33.76692411449548],[124.23462105496174,-33.70263477884103],[124.12672045728459,-33.631045605538894],[124.05995010146573,-33.63744273131376],[124.08326159418549,-33.458059633891665],[124.16089359860518,-33.28679417618457],[124.18335523254386,-33.21341895368396],[124.22143085395905,-33.1562715415561],[124.29046485878361,-33.09181251273483],[124.38430097190201,-33.0451583016055],[124.47177152178148,-33.024696902567925],[124.76774733561709,-32.986077579218986],[124.95454314391998,-32.9003159910325],[124.98469896669485,-32.864765551321995],[125.0747442216353,-32.81191038431268],[125.13105787264988,-32.80071848901854],[125.2702167772031,-32.724489439584275],[125.39758913195365,-32.67862744469038],[125.46042409816066,-32.67031100380428],[125.6075344272656,-32.61066895334274],[125.73022344286579,-32.519167496899826],[125.84161586412307,-32.44770657658799],[125.988004626148,-32.37329962765553],[126.09262297462391,-32.364667176840825],[126.19035831154844,-32.323724856952786],[126.3840345659138,-32.36858060229229],[126.67642989593158,-32.39829732471538],[126.78740484191252,-32.38278782908961],[126.95826921093636,-32.38758205811299],[127.23996332220034,-32.363854376775535],[127.5453852542987,-32.300113114796694],[127.61612120441796,-32.260459873835835],[127.73261349625002,-32.22334513797335],[127.92838151584763,-32.18728135917442],[128.0766262775274,-32.15183492528923],[128.33976488200125,-32.06568015079974],[128.5342643305566,-31.992804301347835],[128.69579759161982,-31.9244451471791],[128.77731146528788,-31.874893087264162],[128.9225946914757,-31.80394244261346],[128.99049426447726,-31.780616493239386],[129.01775887182572,-31.77555766407423],[129.03554313482647,-31.770315495866495],[129.0660638117969,-31.749604614766707],[129.08571366656588,-31.71839026668412],[129.09182815733834,-31.670048723314515],[129.00134,-31.687068],[129.001443,-31.222185],[129.001919,-30.763682],[129.00191,-30.305449],[129.001551,-29.805563],[129.001572,-29.388911],[129.001576,-28.972059],[129.00166,-28.305614],[129.001352,-27.888961],[129.001342,-27.305647],[129.001337,-26.888993],[129.001806,-26.472341],[129.001838,-25.998606],[129.000658,-25.33197],[129.000698,-24.831973],[129.000753,-24.331991],[129.001311,-23.99858],[129.000535,-23.440312],[128.483794,-23.441419],[127.815929,-23.440315],[126.001329,-23.44908],[125.489188,-23.446435],[124.668017,-23.440313],[124.120744,-23.443158],[123.558797,-23.444084],[122.99685,-23.442986],[122.483783,-23.440217],[121.656532,-23.440713],[121.004772,-23.440313],[121.004776,-23.727947],[120.671006,-23.72795],[120.610007,-23.812349],[120.493061,-23.866211],[120.43642,-23.953645],[120.41012,-24.017236],[120.321122,-24.108595],[120.219556,-24.246102],[120.183458,-24.330903],[120.132462,-24.370668],[120.111407,-24.456297],[120.078139,-24.476128],[120.08504,-24.552886],[120.042849,-24.707384],[120.05603,-24.73353],[120.055309,-24.844965],[120.105409,-24.940156],[120.115382,-24.997553],[120.18968,-25.142323],[120.202186,-25.192078],[120.136996,-25.232399],[120.085041,-25.338552],[120.088338,-25.527427],[120.118849,-25.754399],[120.00788,-26.027034],[119.961071,-26.085744],[119.921764,-26.187648],[119.867298,-26.256946],[119.804632,-26.382191],[119.804642,-26.440293],[119.613872,-26.552722],[119.528459,-26.644437],[119.44751,-26.768846],[119.411368,-26.785149],[119.339526,-26.863788],[119.287867,-27.008656],[119.236548,-27.062833],[119.201353,-27.169384],[119.201084,-27.231052],[119.332534,-27.242172],[119.584957,-27.242168],[119.584957,-27.290279],[120.058394,-27.290273],[120.058396,-27.502273],[120.074693,-27.612623],[120.157504,-27.612622],[120.154283,-28.047607],[120.196175,-28.047205],[120.196178,-28.291143],[120.044976,-28.291144],[120.045187,-28.464007],[119.80261,-28.464089],[119.802614,-28.847811],[119.775784,-28.915122],[119.663042,-29.112987],[119.344406,-29.110937],[119.200641,-29.290941],[118.720338,-29.292284],[118.720335,-29.106923],[118.435744,-29.105093],[118.4357,-29.279378],[118.503212,-29.612429],[117.695229,-29.612434],[117.668962,-29.672592],[117.57596,-29.617947],[117.552974,-29.682614],[117.56731,-29.739881],[117.509424,-29.776705],[117.490157,-29.857022],[117.509301,-29.884423],[117.641027,-29.847685],[117.665424,-29.869196],[117.655783,-29.934382],[117.619435,-29.952146],[117.553728,-29.943122],[117.522193,-29.993315],[117.526849,-30.155083],[117.553435,-30.206142],[117.422316,-30.20619],[117.394383,-30.226279],[117.25097,-30.226352],[117.2497,-30.426938],[117.24206,-30.502552],[117.2418,-30.757242],[117.274568,-30.806594],[117.278235,-31.00209],[117.247801,-31.001882],[117.23962,-31.189721],[117.2682,-31.199584],[117.254219,-31.288066],[117.280218,-31.327628],[117.270229,-31.402607],[117.208515,-31.376293],[117.082305,-31.387866],[116.862619,-31.502596],[116.886001,-31.560855],[116.961452,-31.68298],[116.989337,-31.761261],[117.020857,-31.784291],[117.123759,-31.799935],[117.158314,-31.856642],[117.096419,-31.930533],[117.042548,-31.961888],[116.921423,-31.991773],[116.81162,-32.040104],[116.756002,-32.080523],[116.614217,-32.139773],[116.509365,-32.139774],[116.4451,-32.1117],[116.445445,-32.083146],[116.284969,-32.113151],[116.343799,-32.231768],[116.224901,-32.235885],[116.189706,-32.287429],[116.259679,-32.389885],[116.259683,-32.674704],[116.20635,-32.6752],[116.205982,-32.755436],[116.178224,-32.803244],[116.179953,-32.94311],[116.208859,-32.984207],[116.209065,-33.085053],[116.146899,-33.084885],[116.144761,-33.231879],[115.945801,-33.222515],[115.918585,-33.290001],[115.919199,-33.378625],[116.064179,-33.440355],[116.06419,-33.484954],[116.132815,-33.486809],[116.196836,-33.513495],[116.196959,-33.592518],[116.217957,-33.771099],[116.100255,-33.780593],[116.082889,-33.801176],[116.000066,-33.801311],[116.001915,-33.895048],[115.977911,-33.957611],[115.935771,-33.961211],[115.935874,-33.897616],[115.836921,-33.837045],[115.837614,-33.791083],[115.73627,-33.796696],[115.646335,-33.824279],[115.536089,-33.913782],[115.419608,-33.919748],[115.39011,-33.999647],[115.404064,-34.049272],[115.401813,-34.156478],[115.337197,-34.160078],[115.337093,-34.314847]]],[[[123.79523076888175,-34.10676805514167],[123.80540272089326,-34.149185366844],[123.8610809062445,-34.19475419985697],[123.93235982641485,-34.18496163096423],[123.97459912202305,-34.1466459751897],[123.99276410633132,-34.07718610458109],[123.97986005659244,-34.04286506311786],[123.92073040349788,-34.00234568164943],[123.83303662746874,-34.02770153853965],[123.79523076888175,-34.10676805514167]]],[[[123.44210171097644,-34.368019477157176],[123.45902692758631,-34.42919413285435],[123.54783511123004,-34.46764938979573],[123.62846176633026,-34.41687275889974],[123.64893406188611,-34.313273709000484],[123.6975642423986,-34.263584577954894],[123.70293587152935,-34.19653960815328],[123.6603320790743,-34.14449348203746],[123.5935472534044,-34.136514169068384],[123.51295837239509,-34.20342961086982],[123.50886793723932,-34.26302422669946],[123.4526043146826,-34.31525722590975],[123.44210171097644,-34.368019477157176]]],[[[122.07783519579257,-34.43098710945761],[122.01542089183205,-34.36893373812781],[121.94651919742999,-34.37676471267719],[121.89686127254431,-34.45892443491357],[121.92451799877968,-34.53762295820639],[122.01661360389105,-34.56136370873104],[122.07224656144109,-34.522043572839266],[122.07783519579257,-34.43098710945761]]]]},"bbox":[115.24708822464117,-35.28134005966262,129.09182815733834,-23.440217]},
{"properties":{"electorateShortName":"pearce","electorateName":"Pearce","area":782.75,"state":null},"type":"Feature","geometry":{"type":"Polygon","coordinates":[[[115.982838,-31.741886],[115.955359,-31.682999],[115.861396,-31.627194],[115.855007,-31.474564],[115.678385,-31.477001],[115.670095,-31.455129],[115.560745,-31.45522],[115.51740311018658,-31.37673397424635],[115.47367906142807,-31.43242696727965],[115.47138744036288,-31.465954362379627],[115.47496266376177,-31.482448492237193],[115.47809966376178,-31.49233149223719],[115.50405481092106,-31.54493282451547],[115.55786781107882,-31.613902113895243],[115.60460750155744,-31.701516810241856],[115.61272771706466,-31.719869219219024],[115.61371840195042,-31.721199769458],[115.61953080500692,-31.734087891561064],[115.620053128013,-31.734993925981666],[115.62270853938469,-31.744593008453887],[115.63088615326656,-31.760667508178784],[115.65591317797278,-31.78638984177155],[115.68900156325239,-31.800287653494664],[115.70695260366696,-31.802026347901677],[115.7104390507255,-31.80305142530583],[115.73340473197224,-31.84085597071685],[115.73858686679392,-31.856605710290953],[115.7474523012062,-31.87218451511792],[115.750917,-31.876067],[115.751811,-31.873396],[115.751671,-31.848348],[115.733117,-31.78543],[115.727398,-31.759632],[115.70661,-31.712027],[115.768635,-31.717476],[115.820852,-31.820103],[115.917304,-31.841348],[115.914195,-31.810063],[115.982838,-31.741886]]]},"bbox":[115.47138744036288,-31.876067,115.982838,-31.37673397424635]},
{"properties":{"electorateShortName":"perth","electorateName":"Perth","area":79.92,"state":null},"type":"Feature","geometry":{"type":"MultiPolygon","coordinates":[[[[115.953364,-31.919948],[115.955944,-31.887658],[115.820655,-31.901762],[115.838086,-31.991159],[115.843248,-31.96489],[115.953364,-31.919948]]],[[[115.751671,-31.848348],[115.74212357005139,-31.85779821365003],[115.73509878637961,-31.873831115464395],[115.73090161911445,-31.90842012433144],[115.73365011230011,-31.924293894939396],[115.73398389669978,-31.92728074639202],[115.73456329228875,-31.931023580246617],[115.73464837096256,-31.931514545275142],[115.73406802626454,-31.932939092970297],[115.73072046072221,-31.943775807495502],[115.73058546072221,-31.944335807495502],[115.72875300901765,-31.954434031880034],[115.72868900901766,-31.954954031880035],[115.72814947191198,-31.961029986024716],[115.72996819761877,-31.992324855693763],[115.749752,-32.026033],[115.750871,-32.021603],[115.751592,-32.001348],[115.754246,-31.973838],[115.755236,-31.902835],[115.750917,-31.876067],[115.751811,-31.873396],[115.751671,-31.848348]]]]},"bbox":[115.72814947191198,-32.026033,115.955944,-31.848348]},
{"properties":{"electorateShortName":"swan","electorateName":"Swan","area":150.89,"state":null},"type":"Feature","geometry":{"type":"Polygon","coordinates":[[[116.021436,-32.019454],[116.031623,-31.936908],[115.953364,-31.919948],[115.843248,-31.96489],[115.838086,-31.991159],[115.941156,-32.02962],[116.021436,-32.019454]]]},"bbox":[115.838086,-32.02962,116.031623,-31.919948]},
{"properties":{"electorateShortName":"tangney","electorateName":"Tangney","area":101.97,"state":null},"type":"Feature","geometry":{"type":"MultiPolygon","coordinates":[[[[115.916173,-32.115337],[115.951618,-32.082767],[115.941156,-32.02962],[115.838086,-31.991159],[115.775886,-32.026464],[115.793621,-32.056642],[115.916173,-32.115337]]],[[[115.754246,-31.973838],[115.75498507453919,-31.92083142474129],[115.74153981923304,-31.92600753504363],[115.7277237300481,-31.934198730760034],[115.7155836595772,-31.944715322251206],[115.70550626158241,-31.957222362559975],[115.6860822340575,-32.02052399810247],[115.686162,-32.028826],[115.686162,-32.0295463880496],[115.68615573201743,-32.029872584309125],[115.68612158885284,-32.031661267387456],[115.68605320634059,-32.03726606916652],[115.68767128452048,-32.05534454262929],[115.6928838472249,-32.072730702923984],[115.71310681428703,-32.10265443106146],[115.71989129894762,-32.10806776054643],[115.72045604447815,-32.10905277449805],[115.73246178283641,-32.12266888964306],[115.74477743662918,-32.13367502632588],[115.749868,-32.132801],[115.762165,-32.106388],[115.758589,-32.095537],[115.724328,-32.05389],[115.749752,-32.026033],[115.750871,-32.021603],[115.751592,-32.001348],[115.754246,-31.973838]]]]},"bbox":[115.68605320634059,-32.13367502632588,115.951618,-31.92083142474129]}],"bbox":[96.7292518118346,-43.82904717553221,168.08666362691164,-9.115517]}