{"type":"FeatureCollection","features":[
{"properties":{"electorateShortName":"eden-monaro","electorateName":"Eden-Monaro","area":41617.11144,"state":"NSW"},"type":"Feature","geometry":{"type":"Polygon","coordinates":[[[149.976679,-37.50506],[149.964685,-37.511652],[149.962257,-37.515776],[149.964395,-37.517956],[149.957638,-37.51517],[149.936035,-37.521259],[149.92477,-37.526348],[149.915934,-37.532285],[149.906609,-37.542865],[149.874016,-37.540254],[149.858347,-37.541938],[149.844884,-37.545671],[149.831667,-37.544187],[149.82830551471,-37.544367561709855],[149.85200223294018,-37.553564942446755],[149.92633706431957,-37.58236465385983],[149.9453622952204,-37.58943573111831],[149.963366932241,-37.59407004916289],[149.98193962289835,-37.594906123159106],[150.00028783182808,-37.59190827608947],[150.01762860276824,-37.585204432327664],[150.03322196893262,-37.575080658839255],[150.0464025289336,-37.56196895810891],[150.05660784084415,-37.546428833695316],[150.05812484084416,-37.54349783369531],[150.06442068036625,-37.52792249715988],[150.0677121890553,-37.51144843651808],[150.06788468071008,-37.494649658285454],[150.06671175582235,-37.48807969929885],[150.0662818238431,-37.47985446925928],[150.06675803263616,-37.4748620501493],[150.0661533009419,-37.466953754068925],[150.06701843343998,-37.45506640788834],[150.06510079268097,-37.43837031723129],[150.0645788635697,-37.436691146767465],[150.06423550769358,-37.43095761638032],[150.0594630209257,-37.41327719046673],[150.05793742606713,-37.410255011990856],[150.05258917753054,-37.39772257156095],[150.04493872797684,-37.38669953546762],[150.0448314258451,-37.38365544321492],[150.0488940507555,-37.37754243333916],[150.05192585710657,-37.36967710885981],[150.05351164964384,-37.36702279873748],[150.0587994622531,-37.35233303225377],[150.07213755707846,-37.34999896348396],[150.07532655707845,-37.349136963483964],[150.09110924185507,-37.34323699625285],[150.1055156207021,-37.334498632527215],[150.11804075403904,-37.32322814953057],[150.12824563941842,-37.30982057456417],[150.13577259843973,-37.29474583940971],[150.14035781327817,-37.2785323093508],[150.14184057342615,-37.26174826411643],[150.14016890855197,-37.244981979834144],[150.13540141004555,-37.228821110115064],[150.12770517740645,-37.21383208895787],[150.12247117740645,-37.20563208895787],[150.11354245285082,-37.194023247419274],[150.11045157085988,-37.186483754676246],[150.11076849634372,-37.181356625823526],[150.10786368797838,-37.16238449114369],[150.10100203989765,-37.144459715229736],[150.0963018452682,-37.13727406175063],[150.09589218552964,-37.130208116852174],[150.09204967458405,-37.113410174242],[150.08507615287644,-37.097652453553536],[150.07522726090218,-37.08351261291862],[150.0743232609022,-37.08244861291861],[150.06169466197042,-37.07023350341735],[150.04693348249933,-37.06070470539614],[150.03695710207526,-37.056746615456184],[150.03455068113178,-37.05398367905843],[150.0345866615491,-37.04795687969608],[150.03403560841625,-37.04314940004493],[150.03402206761845,-37.041441310143405],[150.03647418920923,-37.03255012732881],[150.0376734918107,-37.01431130419506],[150.03516306324343,-36.996206311943126],[150.02988001995269,-36.98132924855517],[150.03024140465783,-36.980587327078354],[150.03470070981282,-36.96388230281321],[150.03588334944135,-36.94663282161309],[150.03374567636808,-36.92947550270843],[150.02836658477952,-36.91304356393523],[150.02758915640968,-36.911649681879545],[150.02771673370313,-36.89988532015922],[150.03180554603483,-36.89293533578161],[150.0376937132917,-36.875681421581625],[150.03998398745108,-36.85759488755378],[150.03874531690178,-36.84153082620775],[150.0411537455649,-36.83866691626415],[150.04400753479592,-36.83358989241496],[150.04913451788642,-36.826383826053984],[150.05402728528662,-36.81579264359096],[150.0596116747931,-36.80579709195219],[150.06149135607166,-36.800078546026924],[150.06390067235154,-36.79496542294356],[150.06427620661646,-36.79348040027199],[150.0694773607226,-36.7815912917625],[150.0727170883317,-36.767184754247765],[150.07688955283757,-36.757114679410684],[150.07843227142007,-36.74960036153509],[150.0790856833948,-36.747781235412674],[150.08171578724898,-36.73082126861934],[150.0814373117759,-36.72332571664091],[150.08201847378615,-36.722076168524815],[150.08323015198127,-36.717146543784466],[150.08652436643797,-36.7079338689712],[150.08831293075718,-36.69664353355051],[150.09444866591622,-36.687642157779166],[150.10030703531018,-36.67403826932004],[150.10213552356112,-36.671989521187726],[150.10849865596813,-36.66114414353804],[150.1144798874232,-36.65249355405524],[150.11684827625362,-36.65067562855906],[150.12281169049234,-36.64383844580468],[150.1244565436212,-36.642305244671284],[150.12584577257024,-36.640359805410434],[150.1285951256464,-36.63720761294394],[150.13057298126688,-36.63373994811561],[150.13491998651625,-36.627652517613264],[150.14225735592524,-36.611210222833904],[150.1431208477476,-36.60733675432],[150.14538790083694,-36.599760666796186],[150.14880289065823,-36.59436628981457],[150.15524884441868,-36.577321476849654],[150.15812921058634,-36.55932760401385],[150.15732590269383,-36.541122366709146],[150.15287185398145,-36.52345212565367],[150.1511619159625,-36.51874338383395],[150.15213559574204,-36.50299081334063],[150.1520628522493,-36.50247775761232],[150.15764673589047,-36.49141967080562],[150.16242547363277,-36.473903488409746],[150.16584231289698,-36.46825367914964],[150.1717597567618,-36.45223835556459],[150.17454621115394,-36.43539370052664],[150.1741013958003,-36.41832592765704],[150.17044131893175,-36.40164928024986],[150.17025999319247,-36.40108524370718],[150.17595340294807,-36.39701678320216],[150.17792935398052,-36.39504282675281],[150.1919671170728,-36.383277464600475],[150.194602183355,-36.37994713641158],[150.19908491283408,-36.37564053526391],[150.2008806365072,-36.37316288145169],[150.2048149772392,-36.36900749103006],[150.2073680125173,-36.3648970230199],[150.20891085012403,-36.363113246338244],[150.21778840583346,-36.348965308725006],[150.2185950771599,-36.34911774934271],[150.2352293768404,-36.34914573584571],[150.25158470834035,-36.346111952624675],[150.25361170834037,-36.345537952624674],[150.2712253776629,-36.338470416336804],[150.28696536780615,-36.32786644884946],[150.30013175169114,-36.31419758819553],[150.3101390455576,-36.298071662310406],[150.31654224430068,-36.28020576009306],[150.31697329203786,-36.27698084398901],[150.32041274812659,-36.260333961312575],[150.32065912073887,-36.24332780633287],[150.32055580771623,-36.240459561456426],[150.31818904780616,-36.22287249613729],[150.3124174867333,-36.206091688594334],[150.30346550741487,-36.19076953191539],[150.29168113895585,-36.177501710729025],[150.2775225262046,-36.16680404257324],[150.2615401183018,-36.15909242428393],[150.2443552686845,-36.15466666303396],[150.22663607851985,-36.15369882062909],[150.22377195889078,-36.15382544030081],[150.22319942124412,-36.15072314336766],[150.21978000895572,-36.14065255804302],[150.22356792106208,-36.13239950898531],[150.2242782928934,-36.12976325122801],[150.22957577385802,-36.11295553882609],[150.2314964139016,-36.095437729528726],[150.22996657366923,-36.07788147452889],[150.2250449088409,-36.06095989906814],[150.22418511158588,-36.058998954128285],[150.2211635439018,-36.04188364971085],[150.2149086083864,-36.02566824659315],[150.21216974868392,-36.02131485708901],[150.20782500518243,-36.01079380341369],[150.20538350124227,-36.00722344427768],[150.2004360660885,-35.99495951915302],[150.19676276899222,-35.98851077545235],[150.19341515229965,-35.98348199422829],[150.18389750071336,-35.972067080589035],[150.18193606008901,-35.970113687075674],[150.17574660372753,-35.964586782965185],[150.17085292727864,-35.960828856251275],[150.16734236316054,-35.9584204983395],[150.16286680003603,-35.95566997888017],[150.16021548240082,-35.954225187012625],[150.153878,-35.965258],[150.151067,-35.97886],[150.153522,-35.98491],[150.15272,-35.988726],[150.154079,-35.991911],[150.160188,-35.991831],[150.160546,-35.993514],[150.163409,-35.992594],[150.164327,-35.99364],[150.159793,-35.99688],[150.157407,-36.007989],[150.158966,-36.012012],[150.164553,-36.013024],[150.160261,-36.013824],[150.149238,-36.02881],[150.141363,-36.049267],[150.141419,-36.053646],[150.144535,-36.056992],[150.142047,-36.05829],[150.141666,-36.063714],[150.138681,-36.06344],[150.137374,-36.065698],[150.134459,-36.066015],[150.132716,-36.066008],[150.13116,-36.066889],[150.129751,-36.066559],[150.127477,-36.065293],[150.126751,-36.065774],[150.125174,-36.064673],[150.12317,-36.064714],[150.124214,-36.06339],[150.123988,-36.062389],[150.124965,-36.061376],[150.12627,-36.060932],[150.126207,-36.05998],[150.127726,-36.056991],[150.129297,-36.057098],[150.129957,-36.056252],[150.128403,-36.055015],[150.127025,-36.054625],[150.12536,-36.055757],[150.124223,-36.052462],[150.123152,-36.051152],[150.12121,-36.050299],[150.121911,-36.049193],[150.120602,-36.048402],[150.117882,-36.04803],[150.1154,-36.046117],[150.117138,-36.045981],[150.118557,-36.046967],[150.119587,-36.045055],[150.118883,-36.04322],[150.117851,-36.042063],[150.118163,-36.04139],[150.120268,-36.04072],[150.121046,-36.039327],[150.120674,-36.036649],[150.119768,-36.035213],[150.117828,-36.03359],[150.115546,-36.032549],[150.11363,-36.03226],[150.111672,-36.032505],[150.110578,-36.034066],[150.109469,-36.032325],[150.107741,-36.030665],[150.106099,-36.030282],[150.103512,-36.030591],[150.100498,-36.03196],[150.099874,-36.036144],[150.099383,-36.037219],[150.098314,-36.037332],[150.095489,-36.034853],[150.094187,-36.034305],[150.094603,-36.033382],[150.093614,-36.031576],[150.09156,-36.033191],[150.089259,-36.034401],[150.090099,-36.035022],[150.091525,-36.038628],[150.093595,-36.040008],[150.096901,-36.043794],[150.095511,-36.044365],[150.092496,-36.044878],[150.090107,-36.046022],[150.086377,-36.048758],[150.08384,-36.051295],[150.081813,-36.051748],[150.080125,-36.050891],[150.079302,-36.049119],[150.077553,-36.048786],[150.076855,-36.046521],[150.077283,-36.044959],[150.061208,-36.042536],[150.030846,-36.038177],[150.029338,-36.039609],[150.023026,-36.037994],[150.02196,-36.0369],[150.014268,-36.035793],[150.01502,-36.032365],[150.003422,-36.030681],[150.004167,-36.027329],[150.00318,-36.026237],[150.000835,-36.024655],[149.999651,-36.025062],[149.997809,-36.02274],[149.996583,-36.023484],[149.994395,-36.021607],[149.994146,-36.020303],[149.991548,-36.020286],[149.990534,-36.018957],[149.989041,-36.018967],[149.985369,-36.017413],[149.984306,-36.016204],[149.980512,-36.014521],[149.979138,-36.012518],[149.976476,-36.011641],[149.973921,-36.00957],[149.971933,-36.009169],[149.969888,-36.009967],[149.966665,-36.010489],[149.965206,-36.007787],[149.855705,-35.809015],[149.859796,-35.795142],[149.837634,-35.786406],[149.826941,-35.778131],[149.824958,-35.763239],[149.817232,-35.753041],[149.817356,-35.749602],[149.818628,-35.748715],[149.82057,-35.745809],[149.820648,-35.745059],[149.818616,-35.743848],[149.818161,-35.742452],[149.81845,-35.740719],[149.818138,-35.739615],[149.81532,-35.737967],[149.814402,-35.7363],[149.816614,-35.734922],[149.818132,-35.733504],[149.819649,-35.733455],[149.820995,-35.734707],[149.822735,-35.734519],[149.825287,-35.728889],[149.826354,-35.727757],[149.828446,-35.72686],[149.829816,-35.725133],[149.829216,-35.722681],[149.830246,-35.721324],[149.833102,-35.722547],[149.834041,-35.722535],[149.838721,-35.723793],[149.839891,-35.72276],[149.83886,-35.720613],[149.838349,-35.718662],[149.838718,-35.716328],[149.840917,-35.7148],[149.841988,-35.715183],[149.843685,-35.717013],[149.845995,-35.717459],[149.847452,-35.716722],[149.847995,-35.715709],[149.84929,-35.714841],[149.851037,-35.715127],[149.851493,-35.716035],[149.851564,-35.718883],[149.852368,-35.71978],[149.853893,-35.720146],[149.856847,-35.719476],[149.858306,-35.717047],[149.861072,-35.715164],[149.862615,-35.713806],[149.861381,-35.713207],[149.861464,-35.711407],[149.875458,-35.688275],[149.890393,-35.666336],[149.904062,-35.644347],[149.908399,-35.637019],[149.915654,-35.63802],[149.916947,-35.636038],[149.917782,-35.635544],[149.92057,-35.635428],[149.922055,-35.634334],[149.922249,-35.631946],[149.921584,-35.630395],[149.921541,-35.628719],[149.920978,-35.627419],[149.920079,-35.623145],[149.921935,-35.621057],[149.921992,-35.618577],[149.922779,-35.617282],[149.924278,-35.615923],[149.927372,-35.613891],[149.934096,-35.61165],[149.935114,-35.61062],[149.934245,-35.609052],[149.934381,-35.608],[149.933856,-35.604758],[149.933239,-35.603215],[149.933371,-35.601818],[149.934439,-35.599936],[149.936329,-35.59496],[149.935366,-35.593147],[149.933224,-35.5876],[149.931649,-35.585995],[149.930749,-35.583962],[149.93033,-35.581653],[149.929019,-35.578612],[149.929025,-35.577181],[149.93093,-35.571775],[149.93022,-35.570119],[149.929853,-35.565592],[149.93065,-35.564288],[149.936133,-35.561516],[149.937993,-35.56194],[149.939929,-35.563555],[149.942652,-35.563966],[149.945965,-35.565714],[149.946302,-35.56438],[149.94824,-35.561737],[149.941329,-35.560716],[149.94285,-35.553309],[149.946053,-35.553639],[149.949419,-35.553218],[149.951979,-35.551942],[149.9518,-35.550429],[149.949281,-35.5498],[149.950426,-35.547775],[149.950938,-35.545259],[149.954118,-35.544985],[149.956147,-35.544326],[149.95675,-35.543466],[149.955365,-35.542513],[149.95134,-35.542496],[149.950121,-35.541803],[149.949166,-35.54055],[149.948148,-35.537659],[149.948918,-35.535271],[149.949173,-35.533429],[149.948759,-35.532188],[149.949323,-35.529432],[149.957434,-35.53073],[149.959893,-35.520231],[149.964045,-35.500787],[149.964581,-35.501347],[149.967182,-35.501888],[149.969045,-35.500694],[149.970396,-35.500581],[149.972345,-35.502031],[149.97505,-35.502973],[149.978696,-35.502628],[149.979913,-35.501013],[149.979471,-35.499982],[149.980428,-35.498534],[149.979237,-35.496446],[149.977977,-35.495005],[149.976779,-35.49283],[149.976898,-35.491167],[149.97779,-35.489955],[149.979974,-35.489148],[149.984012,-35.486435],[149.986438,-35.485305],[149.989703,-35.483306],[149.992883,-35.481943],[149.996505,-35.479833],[149.998742,-35.478744],[150.000156,-35.477035],[150.002058,-35.475315],[150.002977,-35.473725],[150.003473,-35.471765],[150.003983,-35.463062],[150.005275,-35.461912],[150.00586,-35.460507],[150.005018,-35.456441],[150.005519,-35.454109],[150.004259,-35.451109],[150.005391,-35.449181],[150.005378,-35.444573],[150.006562,-35.442971],[150.009233,-35.441906],[150.011202,-35.44145],[150.013499,-35.439087],[150.014081,-35.437419],[150.012957,-35.435741],[150.01123,-35.43489],[150.008751,-35.432549],[150.007436,-35.430683],[150.007298,-35.429058],[150.010876,-35.424016],[150.013147,-35.422924],[150.017923,-35.419233],[150.018587,-35.418177],[150.018629,-35.416493],[150.019891,-35.413282],[150.021356,-35.411953],[150.023195,-35.411063],[150.026321,-35.41031],[150.028411,-35.411096],[150.032974,-35.409895],[150.035118,-35.408746],[150.036191,-35.407283],[150.038056,-35.406213],[150.038549,-35.404963],[150.037595,-35.403634],[150.03819,-35.400093],[150.041141,-35.394143],[150.040872,-35.391872],[150.041676,-35.386585],[150.041529,-35.383832],[150.041956,-35.383131],[150.041795,-35.38008],[150.040343,-35.37957],[150.040033,-35.376905],[150.038737,-35.37542],[150.038994,-35.373696],[150.038295,-35.372526],[150.038235,-35.370924],[150.037118,-35.368601],[150.038022,-35.367],[150.040325,-35.365771],[150.041184,-35.363856],[150.044911,-35.358536],[150.044434,-35.355487],[150.044039,-35.354695],[150.045911,-35.348805],[150.046721,-35.347397],[150.043833,-35.346544],[150.042132,-35.345622],[150.041415,-35.344442],[150.04258,-35.34172],[150.039424,-35.336963],[150.038662,-35.336356],[150.038004,-35.334237],[150.03804,-35.331635],[150.040196,-35.32835],[150.041609,-35.323806],[150.042622,-35.322685],[150.042966,-35.320641],[150.044663,-35.317827],[150.046357,-35.31614],[150.047397,-35.315651],[150.051054,-35.315626],[150.050738,-35.31349],[150.049844,-35.312397],[150.051053,-35.309066],[150.053093,-35.309068],[150.057012,-35.307463],[150.059799,-35.306551],[150.062927,-35.306383],[150.063722,-35.306659],[150.066421,-35.308786],[150.067782,-35.309166],[150.071484,-35.307452],[150.074898,-35.306849],[150.077741,-35.305157],[150.080905,-35.30421],[150.084332,-35.304602],[150.085367,-35.305263],[150.087254,-35.30093],[150.086725,-35.29996],[150.084514,-35.297754],[150.083415,-35.295017],[150.082697,-35.294243],[150.08258,-35.29272],[150.086777,-35.290821],[150.089161,-35.292274],[150.091714,-35.292066],[150.093588,-35.291229],[150.096664,-35.292229],[150.100387,-35.291565],[150.101631,-35.290049],[150.102726,-35.289635],[150.103583,-35.287298],[150.104699,-35.286629],[150.106111,-35.285018],[150.10883,-35.287371],[150.109716,-35.28783],[150.113762,-35.290943],[150.113872,-35.292672],[150.114848,-35.293761],[150.116747,-35.293401],[150.118067,-35.292675],[150.119526,-35.292527],[150.121069,-35.291332],[150.121428,-35.288394],[150.12087,-35.28698],[150.12103,-35.285714],[150.12219,-35.283854],[150.125283,-35.281961],[150.127699,-35.281241],[150.131063,-35.27988],[150.133541,-35.279441],[150.133801,-35.277133],[150.135889,-35.275311],[150.137678,-35.272912],[150.139684,-35.273175],[150.144929,-35.270249],[150.147838,-35.27008],[150.149485,-35.26834],[150.151921,-35.266784],[150.153638,-35.267231],[150.15594,-35.269053],[150.159464,-35.269724],[150.16437,-35.269778],[150.165737,-35.267614],[150.166889,-35.26644],[150.164432,-35.264452],[150.162947,-35.261554],[150.162682,-35.259596],[150.161001,-35.257476],[150.161343,-35.255467],[150.162041,-35.254636],[150.164308,-35.25454],[150.167727,-35.253149],[150.16936,-35.252131],[150.170762,-35.250774],[150.172095,-35.248615],[150.170611,-35.246552],[150.168741,-35.245646],[150.167485,-35.242882],[150.16752,-35.241216],[150.168683,-35.239252],[150.169962,-35.238724],[150.172201,-35.239605],[150.173803,-35.239281],[150.176032,-35.237219],[150.177718,-35.237027],[150.178951,-35.237678],[150.181291,-35.236457],[150.182887,-35.236339],[150.183326,-35.234545],[150.184503,-35.233451],[150.185247,-35.231557],[150.186792,-35.230335],[150.188122,-35.230047],[150.189408,-35.230412],[150.190241,-35.233338],[150.191375,-35.23387],[150.193655,-35.23286],[150.197489,-35.230222],[150.197854,-35.228732],[150.195924,-35.226487],[150.197363,-35.225117],[150.196687,-35.223506],[150.195121,-35.222204],[150.195452,-35.220044],[150.194985,-35.219216],[150.19185,-35.218725],[150.187554,-35.220352],[150.187801,-35.219063],[150.190467,-35.21591],[150.190782,-35.214391],[150.189615,-35.21331],[150.188506,-35.209069],[150.187343,-35.208308],[150.185575,-35.207877],[150.187292,-35.205561],[150.187963,-35.203164],[150.186519,-35.20142],[150.186318,-35.199841],[150.192057,-35.198515],[150.194479,-35.19885],[150.198725,-35.198883],[150.201117,-35.200712],[150.203359,-35.202835],[150.207102,-35.203592],[150.208838,-35.203691],[150.213537,-35.201722],[150.214362,-35.202276],[150.215661,-35.200984],[150.215166,-35.198848],[150.214108,-35.19606],[150.213873,-35.194079],[150.21252,-35.192865],[150.210567,-35.189933],[150.209177,-35.185307],[150.208014,-35.182605],[150.205746,-35.180755],[150.205658,-35.179238],[150.204361,-35.177503],[150.205102,-35.172363],[150.204099,-35.170467],[150.201781,-35.169704],[150.198531,-35.171151],[150.196031,-35.170805],[150.193169,-35.169544],[150.191725,-35.16818],[150.188669,-35.16602],[150.187294,-35.165772],[150.185938,-35.166223],[150.182266,-35.164932],[150.176049,-35.165561],[150.17544,-35.163564],[150.174252,-35.162967],[150.173089,-35.160376],[150.175301,-35.158223],[150.172587,-35.157059],[150.171845,-35.156098],[150.170746,-35.151505],[150.170401,-35.149334],[150.169753,-35.148413],[150.168623,-35.148189],[150.163546,-35.148796],[150.162055,-35.150397],[150.160378,-35.151311],[150.159366,-35.150863],[150.159244,-35.148969],[150.156757,-35.14631],[150.153919,-35.14439],[150.150828,-35.143184],[150.147441,-35.143466],[150.145783,-35.144809],[150.14248,-35.144994],[150.141643,-35.14446],[150.141033,-35.142833],[150.141061,-35.141315],[150.142653,-35.139213],[150.141924,-35.137164],[150.142638,-35.130457],[150.141051,-35.126906],[150.139419,-35.124415],[150.139283,-35.120595],[150.139542,-35.118163],[150.138579,-35.116455],[150.135844,-35.116941],[150.13458,-35.115834],[150.133658,-35.114022],[150.130929,-35.114212],[150.129701,-35.113835],[150.129059,-35.112935],[150.130188,-35.110978],[150.13113,-35.110523],[150.133266,-35.107805],[150.13376,-35.105934],[150.132332,-35.104664],[150.132114,-35.102987],[150.130737,-35.102873],[150.129793,-35.104105],[150.128499,-35.104115],[150.127215,-35.103463],[150.126852,-35.10191],[150.127546,-35.101175],[150.129401,-35.09779],[150.129404,-35.097083],[150.126842,-35.095481],[150.1232,-35.094005],[150.120387,-35.091647],[150.119234,-35.088688],[150.117219,-35.088284],[150.115243,-35.088708],[150.113612,-35.08856],[150.112829,-35.087659],[150.110972,-35.086596],[150.110326,-35.085217],[150.108607,-35.0844],[150.107415,-35.08595],[150.105474,-35.085594],[150.10503,-35.083521],[150.103221,-35.082239],[150.103804,-35.079866],[150.103349,-35.07864],[150.104183,-35.077807],[150.106873,-35.077522],[150.106058,-35.076327],[150.106294,-35.073709],[150.107933,-35.072151],[150.105934,-35.071545],[150.102617,-35.072296],[150.101872,-35.071893],[150.101512,-35.069977],[150.098451,-35.069662],[150.097481,-35.06796],[150.095467,-35.069098],[150.092334,-35.067844],[150.090278,-35.06801],[150.088819,-35.067617],[150.088509,-35.066219],[150.085833,-35.06393],[150.085636,-35.062162],[150.087768,-35.059964],[150.087322,-35.059012],[150.084956,-35.057667],[150.081781,-35.057131],[150.081879,-35.055431],[150.081114,-35.053802],[150.078837,-35.053005],[150.074115,-35.052122],[150.073215,-35.051639],[150.071681,-35.049501],[150.072202,-35.047876],[150.074463,-35.046078],[150.076088,-35.042905],[150.075052,-35.041999],[150.072872,-35.041757],[150.071444,-35.040034],[150.069995,-35.0398],[150.06753,-35.040616],[150.06643,-35.040105],[150.065935,-35.03841],[150.067179,-35.036656],[150.066822,-35.035528],[150.064218,-35.036103],[150.063167,-35.03709],[150.061838,-35.037035],[150.061611,-35.036075],[150.063093,-35.032812],[150.064098,-35.031142],[150.063426,-35.027682],[150.064688,-35.022681],[150.064212,-35.021789],[150.061528,-35.021699],[150.059222,-35.021253],[150.057997,-35.019462],[150.056206,-35.018707],[150.053704,-35.018964],[150.0526,-35.018163],[150.052925,-35.016924],[150.054157,-35.015285],[150.053885,-35.013622],[150.05164,-35.01323],[150.050664,-35.012655],[150.049832,-35.008711],[150.050082,-35.007996],[150.05191,-35.007276],[150.04911,-35.004425],[150.047519,-35.003234],[150.043686,-34.99964],[150.042588,-34.999456],[150.038866,-35.000169],[150.037649,-35.001015],[150.0368,-35.002717],[150.035986,-35.003375],[150.031905,-35.003663],[150.026513,-35.002693],[150.024863,-35.002862],[150.024129,-35.003467],[150.023814,-35.006593],[150.024511,-35.009568],[150.024338,-35.012902],[150.023699,-35.015354],[150.022526,-35.017409],[150.022258,-35.018712],[150.022403,-35.021754],[150.023983,-35.024461],[150.025869,-35.025857],[150.027528,-35.026194],[150.028523,-35.027361],[150.029749,-35.031891],[150.029278,-35.035993],[150.029242,-35.038436],[150.028679,-35.039177],[150.025545,-35.041285],[150.024403,-35.043642],[150.02424,-35.045774],[150.024885,-35.047506],[150.027991,-35.050297],[150.02934,-35.052799],[150.028814,-35.053954],[150.026645,-35.054871],[150.024448,-35.054984],[150.022709,-35.05552],[150.019797,-35.058108],[150.019361,-35.059272],[150.018306,-35.060238],[150.013476,-35.063915],[150.012192,-35.066454],[150.010018,-35.068086],[150.007415,-35.068546],[150.006196,-35.068272],[150.004858,-35.070522],[150.001564,-35.072435],[149.999334,-35.07317],[149.997883,-35.075086],[149.996802,-35.075761],[149.995224,-35.075709],[149.993657,-35.075074],[149.992116,-35.073924],[149.99059,-35.068303],[149.98628,-35.065934],[149.98396,-35.0652],[149.980617,-35.065031],[149.978685,-35.065168],[149.977384,-35.066127],[149.978632,-35.071618],[149.979154,-35.072747],[149.979487,-35.075574],[149.979578,-35.07917],[149.980653,-35.080098],[149.981071,-35.081785],[149.983296,-35.083908],[149.983819,-35.085769],[149.983111,-35.088561],[149.981002,-35.088738],[149.980086,-35.089277],[149.980172,-35.092692],[149.979979,-35.094323],[149.980741,-35.095146],[149.983466,-35.095208],[149.985344,-35.0956],[149.987898,-35.095292],[149.989207,-35.096161],[149.990462,-35.098585],[149.991841,-35.100277],[149.996335,-35.102192],[149.99938,-35.102134],[150.002644,-35.101187],[150.005237,-35.102143],[150.006991,-35.102246],[150.007881,-35.101233],[150.00896,-35.101101],[150.011033,-35.101603],[150.012056,-35.101136],[150.012696,-35.099874],[150.013855,-35.098927],[150.019584,-35.097095],[150.023985,-35.095916],[150.025226,-35.094892],[150.027155,-35.09592],[150.0276,-35.097208],[150.027829,-35.100247],[150.026847,-35.103776],[150.026331,-35.104599],[150.02384,-35.105337],[150.021846,-35.105297],[150.019767,-35.106194],[150.018646,-35.107978],[150.017009,-35.113651],[150.018016,-35.119054],[150.018699,-35.120627],[150.020143,-35.121629],[150.021712,-35.121565],[150.025013,-35.120792],[150.027907,-35.120505],[150.031339,-35.119702],[150.03147,-35.122966],[150.032096,-35.123434],[150.035874,-35.124624],[150.03513,-35.128489],[150.033958,-35.129787],[150.032002,-35.130934],[150.028575,-35.131356],[150.024988,-35.129961],[150.023105,-35.130086],[150.020964,-35.131381],[150.017478,-35.132111],[150.015708,-35.131276],[150.013512,-35.131747],[150.012914,-35.13274],[150.012393,-35.136169],[150.011382,-35.139275],[150.010826,-35.139753],[150.005094,-35.141695],[150.001239,-35.142044],[149.999303,-35.141683],[149.997404,-35.142082],[149.994828,-35.143715],[149.992984,-35.145912],[149.991523,-35.14848],[149.991173,-35.149704],[149.991632,-35.153785],[149.992278,-35.155892],[149.993297,-35.157783],[149.993384,-35.159372],[149.992201,-35.162007],[149.990016,-35.162773],[149.986879,-35.163207],[149.983274,-35.164206],[149.978407,-35.16624],[149.975365,-35.16569],[149.973427,-35.164869],[149.968428,-35.161785],[149.966774,-35.160287],[149.963469,-35.155722],[149.961343,-35.150538],[149.95981,-35.150198],[149.957546,-35.150413],[149.953223,-35.151289],[149.948799,-35.1507],[149.940769,-35.150573],[149.938777,-35.150345],[149.934869,-35.149322],[149.932256,-35.149537],[149.930796,-35.151261],[149.93167,-35.155431],[149.933143,-35.158478],[149.933669,-35.160213],[149.933552,-35.164667],[149.934592,-35.166348],[149.936754,-35.167984],[149.941314,-35.172197],[149.945051,-35.174058],[149.949492,-35.175514],[149.951577,-35.177069],[149.952463,-35.178526],[149.953545,-35.181763],[149.953968,-35.184209],[149.952329,-35.189636],[149.951359,-35.19192],[149.952755,-35.195932],[149.952815,-35.200658],[149.953101,-35.205043],[149.952554,-35.208554],[149.951091,-35.210969],[149.948508,-35.212631],[149.94652,-35.215702],[149.945315,-35.219174],[149.943955,-35.220646],[149.939694,-35.222129],[149.938215,-35.223446],[149.936922,-35.227367],[149.934858,-35.230719],[149.933229,-35.232878],[149.931118,-35.235045],[149.928873,-35.236555],[149.926878,-35.237494],[149.924065,-35.237654],[149.921955,-35.237319],[149.92005,-35.2357],[149.918089,-35.236045],[149.917556,-35.238339],[149.916754,-35.240049],[149.915584,-35.240963],[149.912117,-35.242172],[149.904904,-35.242849],[149.901846,-35.242889],[149.900016,-35.241852],[149.897416,-35.239243],[149.896787,-35.237527],[149.896688,-35.235495],[149.897388,-35.234255],[149.898964,-35.234084],[149.903501,-35.234693],[149.90937,-35.234817],[149.912207,-35.234217],[149.914059,-35.233478],[149.915673,-35.232321],[149.920311,-35.227671],[149.920072,-35.226058],[149.918678,-35.225036],[149.917551,-35.224905],[149.910922,-35.226337],[149.904729,-35.224868],[149.902376,-35.224544],[149.900526,-35.224674],[149.897751,-35.226277],[149.896711,-35.22789],[149.895123,-35.231503],[149.890218,-35.233425],[149.886596,-35.234239],[149.885195,-35.234233],[149.883431,-35.234868],[149.881593,-35.236276],[149.880921,-35.23759],[149.880736,-35.239614],[149.882325,-35.241684],[149.884119,-35.243232],[149.887344,-35.24518],[149.89009,-35.244942],[149.891579,-35.245278],[149.892803,-35.247257],[149.891232,-35.249101],[149.888099,-35.250755],[149.88702,-35.251674],[149.882829,-35.256169],[149.881842,-35.256292],[149.878953,-35.25559],[149.876477,-35.253995],[149.873917,-35.253149],[149.870155,-35.253314],[149.866413,-35.25309],[149.862139,-35.251811],[149.860634,-35.250788],[149.858556,-35.248521],[149.856727,-35.248226],[149.852012,-35.248212],[149.850343,-35.247576],[149.848009,-35.245445],[149.846436,-35.242687],[149.845768,-35.240185],[149.847355,-35.235407],[149.849733,-35.232124],[149.847354,-35.231045],[149.848996,-35.22933],[149.849341,-35.228393],[149.848007,-35.226499],[149.849875,-35.224305],[149.849725,-35.222613],[149.848693,-35.222179],[149.847259,-35.222489],[149.843141,-35.22161],[149.842933,-35.220277],[149.843609,-35.217893],[149.845045,-35.215445],[149.846149,-35.214306],[149.843955,-35.212266],[149.841662,-35.211343],[149.839273,-35.210941],[149.839382,-35.210357],[149.835547,-35.206992],[149.826354,-35.206821],[149.82309,-35.206206],[149.821944,-35.20647],[149.819889,-35.207749],[149.819208,-35.209257],[149.814288,-35.210841],[149.807719,-35.210856],[149.803084,-35.209832],[149.798404,-35.207386],[149.795391,-35.204842],[149.793682,-35.202066],[149.795116,-35.201069],[149.797876,-35.201215],[149.798362,-35.199668],[149.796379,-35.196978],[149.796267,-35.19515],[149.795201,-35.194725],[149.793595,-35.194954],[149.791886,-35.194408],[149.790203,-35.192823],[149.788614,-35.193136],[149.78674,-35.19525],[149.784219,-35.195122],[149.783374,-35.193956],[149.781639,-35.194068],[149.781007,-35.193122],[149.779395,-35.193603],[149.779594,-35.194503],[149.775944,-35.196517],[149.773026,-35.196566],[149.767968,-35.195356],[149.770267,-35.193949],[149.771145,-35.192114],[149.769303,-35.191568],[149.769348,-35.190905],[149.771254,-35.189732],[149.771346,-35.188534],[149.769963,-35.187137],[149.771164,-35.185794],[149.771177,-35.184586],[149.77022,-35.182474],[149.771086,-35.180952],[149.770245,-35.180465],[149.770432,-35.179193],[149.771793,-35.179432],[149.772938,-35.178629],[149.770674,-35.176673],[149.771792,-35.175611],[149.769419,-35.174032],[149.767827,-35.172293],[149.766091,-35.171051],[149.764938,-35.171291],[149.763532,-35.172892],[149.762584,-35.172977],[149.760184,-35.172272],[149.760167,-35.170887],[149.758907,-35.170279],[149.756606,-35.170643],[149.75529,-35.171419],[149.753686,-35.17371],[149.753425,-35.174819],[149.749575,-35.177069],[149.748156,-35.177297],[149.745574,-35.17703],[149.74484,-35.179387],[149.742892,-35.179106],[149.741622,-35.178193],[149.740599,-35.176347],[149.738577,-35.176197],[149.737889,-35.177416],[149.734632,-35.179196],[149.73259,-35.179794],[149.73154,-35.182711],[149.730706,-35.182795],[149.728134,-35.181488],[149.725908,-35.181668],[149.723414,-35.180798],[149.720114,-35.180449],[149.719272,-35.179851],[149.718395,-35.17818],[149.714214,-35.177063],[149.711759,-35.175932],[149.708501,-35.174753],[149.708458,-35.17204],[149.709343,-35.171614],[149.708376,-35.170498],[149.709399,-35.169581],[149.708255,-35.167786],[149.706384,-35.167455],[149.704591,-35.165739],[149.702271,-35.165011],[149.701832,-35.163444],[149.699224,-35.162836],[149.699742,-35.160166],[149.697156,-35.159914],[149.694887,-35.160233],[149.690603,-35.159261],[149.688576,-35.159],[149.687301,-35.154884],[149.686074,-35.152693],[149.683341,-35.151591],[149.679343,-35.151135],[149.676874,-35.149361],[149.676855,-35.148549],[149.675525,-35.147205],[149.675772,-35.146452],[149.674392,-35.145719],[149.67197,-35.145139],[149.672692,-35.144001],[149.671391,-35.143299],[149.671499,-35.142093],[149.668854,-35.143184],[149.667124,-35.141962],[149.666012,-35.142068],[149.664058,-35.141339],[149.664207,-35.140669],[149.663507,-35.138283],[149.660656,-35.137933],[149.658806,-35.133835],[149.653111,-35.12359],[149.652423,-35.119204],[149.652766,-35.115632],[149.644878,-35.11452],[149.64484,-35.113741],[149.643379,-35.112915],[149.642257,-35.112885],[149.641284,-35.117742],[149.634835,-35.116915],[149.631805,-35.133127],[149.631398,-35.134542],[149.628452,-35.134335],[149.615332,-35.132384],[149.615052,-35.133716],[149.610955,-35.132977],[149.610801,-35.13016],[149.607141,-35.129661],[149.606787,-35.131381],[149.605481,-35.131191],[149.605311,-35.13223],[149.603524,-35.134462],[149.601853,-35.137827],[149.601173,-35.141021],[149.59953,-35.143706],[149.592862,-35.144816],[149.591601,-35.151353],[149.591954,-35.151578],[149.590986,-35.156745],[149.580209,-35.155266],[149.580307,-35.154596],[149.572481,-35.153518],[149.568913,-35.15984],[149.563703,-35.159083],[149.563538,-35.159886],[149.559086,-35.159258],[149.559962,-35.155006],[149.542379,-35.152437],[149.54921,-35.140522],[149.550018,-35.137033],[149.552315,-35.131612],[149.553418,-35.126683],[149.55739,-35.127253],[149.559783,-35.115521],[149.544239,-35.113521],[149.54503,-35.111531],[149.543104,-35.110805],[149.544605,-35.10353],[149.549942,-35.104291],[149.556431,-35.071133],[149.538247,-35.068569],[149.543308,-35.043415],[149.545082,-35.034397],[149.547597,-35.020766],[149.548056,-35.020461],[149.550501,-35.00942],[149.549266,-35.009234],[149.552373,-34.993686],[149.550424,-34.993231],[149.548817,-34.993455],[149.546882,-34.992774],[149.547157,-34.989329],[149.548596,-34.98195],[149.549974,-34.982154],[149.550778,-34.978565],[149.551228,-34.97557],[149.544916,-34.974683],[149.545074,-34.973916],[149.540522,-34.97332],[149.540809,-34.971939],[149.524719,-34.969679],[149.524764,-34.966939],[149.519035,-34.966166],[149.519114,-34.965663],[149.522224,-34.963629],[149.525023,-34.96227],[149.526831,-34.9592],[149.527405,-34.957247],[149.5285,-34.952105],[149.528836,-34.948607],[149.529877,-34.943207],[149.525203,-34.939983],[149.523613,-34.939469],[149.523773,-34.938698],[149.527085,-34.93912],[149.527572,-34.936204],[149.528381,-34.933534],[149.526037,-34.933191],[149.526364,-34.931517],[149.514457,-34.929954],[149.516138,-34.921784],[149.523761,-34.922769],[149.526448,-34.907917],[149.516094,-34.906318],[149.490968,-34.902197],[149.488522,-34.916068],[149.455029,-34.911692],[149.453442,-34.920119],[149.449441,-34.920368],[149.447813,-34.927857],[149.444698,-34.927932],[149.444698,-34.928437],[149.428791,-34.926166],[149.427775,-34.930593],[149.422659,-34.929875],[149.422745,-34.929572],[149.413142,-34.928204],[149.414126,-34.923576],[149.407938,-34.9226],[149.408361,-34.920479],[149.406554,-34.918697],[149.404419,-34.920448],[149.402809,-34.920921],[149.402574,-34.921871],[149.400345,-34.923734],[149.393865,-34.921608],[149.387354,-34.921548],[149.384157,-34.93664],[149.382166,-34.937968],[149.377345,-34.944215],[149.377489,-34.945983],[149.374646,-34.948756],[149.372886,-34.948595],[149.370168,-34.949408],[149.369176,-34.946872],[149.366311,-34.946302],[149.351846,-34.944328],[149.35071,-34.944468],[149.349288,-34.943489],[149.345349,-34.943343],[149.344544,-34.944567],[149.343016,-34.94584],[149.341435,-34.945671],[149.339626,-34.946392],[149.338366,-34.946362],[149.337935,-34.94789],[149.33672,-34.948776],[149.337986,-34.942248],[149.34248,-34.942726],[149.346363,-34.923049],[149.333235,-34.921191],[149.334325,-34.915478],[149.329664,-34.914888],[149.330592,-34.910041],[149.316295,-34.908195],[149.31436,-34.918337],[149.300419,-34.916326],[149.301395,-34.911267],[149.291635,-34.909969],[149.291384,-34.911722],[149.29219,-34.911855],[149.292661,-34.913241],[149.280448,-34.911674],[149.28144,-34.906481],[149.276972,-34.905874],[149.27738,-34.903934],[149.273731,-34.903453],[149.273893,-34.901575],[149.274807,-34.897013],[149.280662,-34.897791],[149.28129,-34.894576],[149.280208,-34.893395],[149.279035,-34.89052],[149.270499,-34.889335],[149.271021,-34.886695],[149.262664,-34.885594],[149.261849,-34.889804],[149.257965,-34.889608],[149.253107,-34.890315],[149.250875,-34.89033],[149.250091,-34.892838],[149.24992,-34.894696],[149.248785,-34.897454],[149.239889,-34.896236],[149.240264,-34.894472],[149.237049,-34.894039],[149.235362,-34.902307],[149.230481,-34.901653],[149.229734,-34.905379],[149.225869,-34.904838],[149.225762,-34.90536],[149.212222,-34.903544],[149.213296,-34.902291],[149.214028,-34.899974],[149.213361,-34.898693],[149.215166,-34.894673],[149.216556,-34.89373],[149.217649,-34.890161],[149.20538,-34.888468],[149.205178,-34.889466],[149.201947,-34.889015],[149.201517,-34.891113],[149.195755,-34.890319],[149.195048,-34.893774],[149.196818,-34.895804],[149.187082,-34.894461],[149.187572,-34.892028],[149.185296,-34.892997],[149.183468,-34.892131],[149.182133,-34.892721],[149.179515,-34.890549],[149.179773,-34.889639],[149.178668,-34.88918],[149.176455,-34.887268],[149.175383,-34.884585],[149.174499,-34.883882],[149.172792,-34.881252],[149.170288,-34.879733],[149.168113,-34.87976],[149.166827,-34.880321],[149.161198,-34.879803],[149.160165,-34.877936],[149.157246,-34.877487],[149.156241,-34.875442],[149.15492,-34.875745],[149.1512,-34.878206],[149.150538,-34.879803],[149.14702,-34.880947],[149.146046,-34.88188],[149.146751,-34.884544],[149.146138,-34.885574],[149.146212,-34.888192],[149.14676,-34.889051],[149.142881,-34.89024],[149.140504,-34.89029],[149.140018,-34.889923],[149.138015,-34.890718],[149.137091,-34.890099],[149.135736,-34.890304],[149.134403,-34.889186],[149.132614,-34.888994],[149.131851,-34.887591],[149.130832,-34.887593],[149.128592,-34.884743],[149.124803,-34.885578],[149.123738,-34.886585],[149.123924,-34.887736],[149.121928,-34.888783],[149.120476,-34.888003],[149.120631,-34.886983],[149.119583,-34.885528],[149.117381,-34.885079],[149.116203,-34.882953],[149.115334,-34.878846],[149.1137,-34.879022],[149.111099,-34.880584],[149.110718,-34.87977],[149.112272,-34.87863],[149.112394,-34.876301],[149.111256,-34.876066],[149.111487,-34.873912],[149.10988,-34.872894],[149.109465,-34.87119],[149.110727,-34.870335],[149.112497,-34.870276],[149.112521,-34.869339],[149.111355,-34.867302],[149.1121,-34.865606],[149.110187,-34.865411],[149.10763,-34.863839],[149.106477,-34.863887],[149.105259,-34.864867],[149.104723,-34.863552],[149.101348,-34.863939],[149.100592,-34.863463],[149.098235,-34.863488],[149.096503,-34.86133],[149.09518,-34.860736],[149.095327,-34.859785],[149.091341,-34.857806],[149.090342,-34.858098],[149.089404,-34.859277],[149.086584,-34.857357],[149.082406,-34.856682],[149.081225,-34.857812],[149.079808,-34.857831],[149.079364,-34.855216],[149.077765,-34.853651],[149.075955,-34.852642],[149.074452,-34.85276],[149.072032,-34.854928],[149.070035,-34.854116],[149.067924,-34.85524],[149.066883,-34.85424],[149.066818,-34.853371],[149.065016,-34.852583],[149.064435,-34.849952],[149.065212,-34.849381],[149.066653,-34.849575],[149.068216,-34.847093],[149.067497,-34.846439],[149.067308,-34.845065],[149.067561,-34.842328],[149.067962,-34.841756],[149.06763,-34.83959],[149.065381,-34.836587],[149.063649,-34.836573],[149.061071,-34.835233],[149.060659,-34.831594],[149.059486,-34.830765],[149.057707,-34.831189],[149.055011,-34.831396],[149.053067,-34.831226],[149.048088,-34.832092],[149.045541,-34.831164],[149.043746,-34.829463],[149.043337,-34.827568],[149.045969,-34.823242],[149.046095,-34.821808],[149.04696,-34.820367],[149.047111,-34.8185],[149.046356,-34.817108],[149.047901,-34.815181],[149.046693,-34.813029],[149.044631,-34.811195],[149.040687,-34.810661],[149.040004,-34.810061],[149.040023,-34.808806],[149.041195,-34.80705],[149.042771,-34.80393],[149.042701,-34.802937],[149.041259,-34.801639],[149.036294,-34.799377],[149.034583,-34.798012],[149.034823,-34.79586],[149.036943,-34.793748],[149.037627,-34.792696],[149.036055,-34.788792],[149.034955,-34.788691],[149.033555,-34.78632],[149.031223,-34.786348],[149.031289,-34.784366],[149.026324,-34.784715],[149.024952,-34.784625],[149.022826,-34.783287],[149.021941,-34.780542],[149.022083,-34.777608],[149.025608,-34.778924],[149.02724,-34.778912],[149.031491,-34.778288],[149.031675,-34.775563],[149.031299,-34.7743],[149.032756,-34.774052],[149.037062,-34.771721],[149.036994,-34.770212],[149.03802,-34.767398],[149.035746,-34.766276],[149.03459,-34.764119],[149.035058,-34.761032],[149.035945,-34.76045],[149.03615,-34.759281],[149.037599,-34.758318],[149.033294,-34.755258],[149.032065,-34.754872],[149.030998,-34.753805],[149.030505,-34.7515],[149.029073,-34.751176],[149.027142,-34.750066],[149.025398,-34.748442],[149.023953,-34.747759],[149.022017,-34.747903],[149.026008,-34.727587],[149.012813,-34.725847],[149.012847,-34.725668],[149.003265,-34.724338],[149.003619,-34.722353],[149.001127,-34.721845],[148.998817,-34.720335],[148.998947,-34.719382],[148.996591,-34.717839],[148.995593,-34.717605],[148.996603,-34.716064],[148.994859,-34.715431],[148.994001,-34.712365],[148.992196,-34.710114],[148.992304,-34.707832],[148.991276,-34.707485],[148.990355,-34.706223],[148.988727,-34.707022],[148.986952,-34.707383],[148.98645,-34.708154],[148.983209,-34.708432],[148.981567,-34.711572],[148.978444,-34.713974],[148.976536,-34.716158],[148.975103,-34.71634],[148.974667,-34.717272],[148.972787,-34.717257],[148.971577,-34.716269],[148.969586,-34.717183],[148.968576,-34.717129],[148.965506,-34.718286],[148.964228,-34.717298],[148.963472,-34.71482],[148.961649,-34.714061],[148.961145,-34.713358],[148.961164,-34.711034],[148.959624,-34.709666],[148.958197,-34.707649],[148.957215,-34.707201],[148.939011,-34.704652],[148.938001,-34.703334],[148.940102,-34.703229],[148.940842,-34.701563],[148.946035,-34.699818],[148.947087,-34.697411],[148.944255,-34.695612],[148.944741,-34.693061],[148.943972,-34.691717],[148.94143,-34.690136],[148.945705,-34.666289],[148.946874,-34.66025],[148.949465,-34.646075],[148.947593,-34.644126],[148.945364,-34.645677],[148.945097,-34.646526],[148.943221,-34.647258],[148.942223,-34.647129],[148.940673,-34.649505],[148.938691,-34.649699],[148.937213,-34.651106],[148.93597,-34.650617],[148.934286,-34.65061],[148.932576,-34.65164],[148.930377,-34.647405],[148.930651,-34.646596],[148.929158,-34.644239],[148.927338,-34.645011],[148.926422,-34.644887],[148.924608,-34.643614],[148.915922,-34.641726],[148.913703,-34.639732],[148.912516,-34.640434],[148.908908,-34.640052],[148.907053,-34.640881],[148.90471,-34.63903],[148.902579,-34.639912],[148.900971,-34.64011],[148.897441,-34.641401],[148.895951,-34.64153],[148.895185,-34.640627],[148.890888,-34.642618],[148.890178,-34.639829],[148.888827,-34.63805],[148.89134,-34.637208],[148.893428,-34.635817],[148.893846,-34.634453],[148.896158,-34.633594],[148.896038,-34.633107],[148.893593,-34.631422],[148.893421,-34.629979],[148.894169,-34.627977],[148.896235,-34.626294],[148.895177,-34.625007],[148.895034,-34.623552],[148.893211,-34.622941],[148.891848,-34.622015],[148.888352,-34.623188],[148.886679,-34.621337],[148.883988,-34.61902],[148.883654,-34.617815],[148.883994,-34.616351],[148.882819,-34.614404],[148.882947,-34.61308],[148.881492,-34.613082],[148.880975,-34.611644],[148.880909,-34.609846],[148.881915,-34.609465],[148.88108,-34.607044],[148.882217,-34.605024],[148.881849,-34.603956],[148.878981,-34.604378],[148.875089,-34.602262],[148.873679,-34.600757],[148.870751,-34.600384],[148.869923,-34.598513],[148.870696,-34.595167],[148.868924,-34.594668],[148.869806,-34.591688],[148.867222,-34.590365],[148.861911,-34.589024],[148.860123,-34.589552],[148.859027,-34.588025],[148.856558,-34.586955],[148.85834,-34.585144],[148.858788,-34.582884],[148.857158,-34.581513],[148.852803,-34.582653],[148.850395,-34.58145],[148.852415,-34.580599],[148.853487,-34.579125],[148.851968,-34.577138],[148.849339,-34.574906],[148.849442,-34.574374],[148.846452,-34.573973],[148.847302,-34.568959],[148.843488,-34.568421],[148.843803,-34.566777],[148.841763,-34.565863],[148.838476,-34.567812],[148.836765,-34.567907],[148.832368,-34.565471],[148.830326,-34.564797],[148.826389,-34.562539],[148.821465,-34.562091],[148.820774,-34.560518],[148.819583,-34.560384],[148.818723,-34.557849],[148.816691,-34.556561],[148.815461,-34.556942],[148.808988,-34.558231],[148.806619,-34.559703],[148.804128,-34.559875],[148.802549,-34.559444],[148.800634,-34.560199],[148.795827,-34.560991],[148.795435,-34.563107],[148.790734,-34.563426],[148.789658,-34.564391],[148.790218,-34.565724],[148.782994,-34.564745],[148.782414,-34.567999],[148.783477,-34.568133],[148.782707,-34.572021],[148.777039,-34.571113],[148.765765,-34.569676],[148.765482,-34.571121],[148.756339,-34.569841],[148.758011,-34.561145],[148.752443,-34.560372],[148.75315,-34.556979],[148.747743,-34.55628],[148.746525,-34.562124],[148.739402,-34.561111],[148.740638,-34.562549],[148.739266,-34.569299],[148.715577,-34.56601],[148.713394,-34.563447],[148.712207,-34.561493],[148.711798,-34.559093],[148.712758,-34.556723],[148.711456,-34.552726],[148.687418,-34.558816],[148.683231,-34.54556],[148.675488,-34.548673],[148.673796,-34.545762],[148.682171,-34.542394],[148.679933,-34.535667],[148.665609,-34.541305],[148.663685,-34.543714],[148.662976,-34.547332],[148.658655,-34.546762],[148.659342,-34.543154],[148.653642,-34.542419],[148.651889,-34.551234],[148.651544,-34.557127],[148.647305,-34.562747],[148.646639,-34.565655],[148.651265,-34.566273],[148.649709,-34.569412],[148.649466,-34.5708],[148.654426,-34.571256],[148.653393,-34.57663],[148.659274,-34.577404],[148.661367,-34.577476],[148.659404,-34.587797],[148.669808,-34.58919],[148.669741,-34.589598],[148.666322,-34.596709],[148.663968,-34.599229],[148.660811,-34.601828],[148.659822,-34.603093],[148.659081,-34.605779],[148.658959,-34.613415],[148.658767,-34.614207],[148.637821,-34.611461],[148.637743,-34.611857],[148.629127,-34.610711],[148.627488,-34.619076],[148.627111,-34.619302],[148.626398,-34.622858],[148.608905,-34.620606],[148.595051,-34.618744],[148.593403,-34.627138],[148.596938,-34.62784],[148.599856,-34.629188],[148.586709,-34.627441],[148.57548,-34.684789],[148.572112,-34.702118],[148.564417,-34.701078],[148.56327,-34.706901],[148.57453,-34.708423],[148.571732,-34.722661],[148.575149,-34.723712],[148.577043,-34.724706],[148.577316,-34.72557],[148.575416,-34.735138],[148.577947,-34.73548],[148.575867,-34.746054],[148.573621,-34.745748],[148.572817,-34.749959],[148.573935,-34.750096],[148.571795,-34.761407],[148.573535,-34.761624],[148.571482,-34.7724],[148.575926,-34.773025],[148.574838,-34.778489],[148.57822,-34.778782],[148.57555,-34.792545],[148.574449,-34.793038],[148.574451,-34.798703],[148.575632,-34.800364],[148.578562,-34.803171],[148.581301,-34.805379],[148.581421,-34.80714],[148.573051,-34.805966],[148.56837,-34.806591],[148.563403,-34.805531],[148.561613,-34.815359],[148.563539,-34.815616],[148.561824,-34.825037],[148.558641,-34.824663],[148.558264,-34.826604],[148.56497,-34.827476],[148.558647,-34.859354],[148.554361,-34.858782],[148.554713,-34.856975],[148.545243,-34.855743],[148.544006,-34.862045],[148.540893,-34.861633],[148.539854,-34.866781],[148.540467,-34.866861],[148.539208,-34.873667],[148.527873,-34.872238],[148.526984,-34.877513],[148.530575,-34.877982],[148.528189,-34.890115],[148.52465,-34.88965],[148.522239,-34.901612],[148.524116,-34.902568],[148.52654,-34.903002],[148.528514,-34.903949],[148.529333,-34.90477],[148.53103,-34.907893],[148.531734,-34.910838],[148.532494,-34.912841],[148.534422,-34.915138],[148.53583,-34.91582],[148.539636,-34.915043],[148.541588,-34.913493],[148.543163,-34.908708],[148.544304,-34.907814],[148.546084,-34.907961],[148.549299,-34.908795],[148.550162,-34.909927],[148.549662,-34.911945],[148.546294,-34.918844],[148.545458,-34.920146],[148.542233,-34.922856],[148.539617,-34.924262],[148.537311,-34.92633],[148.536196,-34.929103],[148.535979,-34.931013],[148.536199,-34.933782],[148.537014,-34.935973],[148.539349,-34.939823],[148.540443,-34.941255],[148.541866,-34.943828],[148.542806,-34.947113],[148.543287,-34.952692],[148.541098,-34.95889],[148.53881,-34.963979],[148.538038,-34.966289],[148.535389,-34.969371],[148.532771,-34.973379],[148.531388,-34.982297],[148.532003,-34.984718],[148.531886,-34.986493],[148.531103,-34.98869],[148.532295,-34.991455],[148.534849,-34.993664],[148.537666,-34.994667],[148.540971,-34.994808],[148.544046,-34.994194],[148.546708,-34.993157],[148.548141,-34.991654],[148.55007,-34.990175],[148.553692,-34.988547],[148.55701,-34.987731],[148.558447,-34.98767],[148.560632,-34.98864],[148.562648,-34.991565],[148.563415,-34.994056],[148.561676,-34.997238],[148.56166,-34.99843],[148.560892,-34.999906],[148.559133,-35.000813],[148.559064,-35.003052],[148.561118,-35.004933],[148.564113,-35.005004],[148.566456,-35.00413],[148.568889,-35.002849],[148.573666,-35.001496],[148.575328,-35.001524],[148.57815,-35.002319],[148.583095,-35.002645],[148.574765,-35.014661],[148.572175,-35.01861],[148.575452,-35.020652],[148.575465,-35.022839],[148.576406,-35.024381],[148.575552,-35.027539],[148.574402,-35.029809],[148.575081,-35.03075],[148.573671,-35.033718],[148.574405,-35.034699],[148.573778,-35.038459],[148.573321,-35.038911],[148.574203,-35.040378],[148.575514,-35.041618],[148.573562,-35.045952],[148.572041,-35.047522],[148.571878,-35.049578],[148.570195,-35.051102],[148.566451,-35.052232],[148.565037,-35.054398],[148.565884,-35.05499],[148.564622,-35.057179],[148.566497,-35.058552],[148.567394,-35.060662],[148.565003,-35.061434],[148.564381,-35.063923],[148.56417,-35.066155],[148.565011,-35.068304],[148.568735,-35.067089],[148.570901,-35.067255],[148.570988,-35.068228],[148.569124,-35.069214],[148.568001,-35.070649],[148.567385,-35.072318],[148.568137,-35.074359],[148.57116,-35.074338],[148.572714,-35.074044],[148.573294,-35.077223],[148.571596,-35.077059],[148.56877,-35.078351],[148.568278,-35.079569],[148.56661,-35.080303],[148.567011,-35.082938],[148.566208,-35.083462],[148.565971,-35.085277],[148.564854,-35.085978],[148.564873,-35.088446],[148.567035,-35.089671],[148.568643,-35.091639],[148.567022,-35.094995],[148.560789,-35.098036],[148.557268,-35.103553],[148.555861,-35.105191],[148.551978,-35.106846],[148.550911,-35.107604],[148.54824,-35.111327],[148.546018,-35.115071],[148.545031,-35.115869],[148.544451,-35.118619],[148.545165,-35.119714],[148.54418,-35.120376],[148.545335,-35.123616],[148.547667,-35.127531],[148.547056,-35.129517],[148.548182,-35.130831],[148.548241,-35.132211],[148.545495,-35.132114],[148.545094,-35.133688],[148.54182,-35.135366],[148.541132,-35.134632],[148.538743,-35.13386],[148.53846,-35.132794],[148.537236,-35.131521],[148.535196,-35.130858],[148.533867,-35.129768],[148.531931,-35.1291],[148.530408,-35.127774],[148.529012,-35.125984],[148.528424,-35.124574],[148.525371,-35.124261],[148.524205,-35.121829],[148.525765,-35.12155],[148.526419,-35.120791],[148.527467,-35.11606],[148.526624,-35.114979],[148.529144,-35.101139],[148.524181,-35.100056],[148.525832,-35.090508],[148.524264,-35.090313],[148.524721,-35.087737],[148.514847,-35.086605],[148.51497,-35.085883],[148.497034,-35.083812],[148.496883,-35.084673],[148.480835,-35.082713],[148.481033,-35.081608],[148.469226,-35.080143],[148.46771,-35.088228],[148.471909,-35.088777],[148.46636,-35.117436],[148.462454,-35.11695],[148.46115,-35.124129],[148.460584,-35.128465],[148.4595,-35.12833],[148.455964,-35.146737],[148.45837,-35.146646],[148.456831,-35.154524],[148.427125,-35.163318],[148.422705,-35.164309],[148.418407,-35.163725],[148.415854,-35.162356],[148.415031,-35.159765],[148.413087,-35.158151],[148.411903,-35.156039],[148.41254,-35.15499],[148.413645,-35.154482],[148.413685,-35.153002],[148.394688,-35.150509],[148.39682,-35.13989],[148.394064,-35.139564],[148.38954,-35.141565],[148.357326,-35.138014],[148.347588,-35.13708],[148.347045,-35.139882],[148.341512,-35.139232],[148.341885,-35.141862],[148.337493,-35.141201],[148.337908,-35.138952],[148.333559,-35.138318],[148.334291,-35.134761],[148.329951,-35.134141],[148.330293,-35.132407],[148.323361,-35.131403],[148.322874,-35.133555],[148.31417,-35.132346],[148.314847,-35.129035],[148.309978,-35.128283],[148.310315,-35.126509],[148.30887,-35.127119],[148.306469,-35.127274],[148.300435,-35.126394],[148.300623,-35.125538],[148.296637,-35.125015],[148.296541,-35.125468],[148.293265,-35.125058],[148.292561,-35.124712],[148.292958,-35.122401],[148.283205,-35.121138],[148.283762,-35.118246],[148.276179,-35.117283],[148.275998,-35.119025],[148.261872,-35.11711],[148.261626,-35.118377],[148.257167,-35.117775],[148.25673,-35.119843],[148.250664,-35.11905],[148.251009,-35.117115],[148.241396,-35.115797],[148.241535,-35.115019],[148.233038,-35.113875],[148.232857,-35.113668],[148.227456,-35.112954],[148.227655,-35.111986],[148.215651,-35.110415],[148.215124,-35.112979],[148.200068,-35.110937],[148.198669,-35.112061],[148.199048,-35.113196],[148.198644,-35.114758],[148.200538,-35.11477],[148.200712,-35.115419],[148.198587,-35.116802],[148.199136,-35.11864],[148.199999,-35.118884],[148.201915,-35.118078],[148.203563,-35.119914],[148.20632,-35.1215],[148.205042,-35.122967],[148.207199,-35.125196],[148.207708,-35.126947],[148.206153,-35.128073],[148.208633,-35.131028],[148.208426,-35.132659],[148.209898,-35.133772],[148.211061,-35.136386],[148.210748,-35.138172],[148.211965,-35.140046],[148.211257,-35.140731],[148.212018,-35.141849],[148.211787,-35.143706],[148.213695,-35.145034],[148.214158,-35.146608],[148.215492,-35.14639],[148.216763,-35.148182],[148.215725,-35.150131],[148.214651,-35.15075],[148.214689,-35.151846],[148.213818,-35.152867],[148.21456,-35.153908],[148.214283,-35.15474],[148.21754,-35.156305],[148.217716,-35.157593],[148.219099,-35.158359],[148.221421,-35.157924],[148.222888,-35.159002],[148.223694,-35.161826],[148.223639,-35.16284],[148.222353,-35.164441],[148.221527,-35.166189],[148.217821,-35.16666],[148.215314,-35.167395],[148.214109,-35.168459],[148.213604,-35.166907],[148.211814,-35.166572],[148.211318,-35.168732],[148.210445,-35.169596],[148.208676,-35.169554],[148.206719,-35.170896],[148.204865,-35.171065],[148.20076,-35.170228],[148.198381,-35.17033],[148.197029,-35.171456],[148.198095,-35.173893],[148.196515,-35.17493],[148.191675,-35.173325],[148.191089,-35.174958],[148.190791,-35.177653],[148.191529,-35.178525],[148.190234,-35.179825],[148.188846,-35.179953],[148.187668,-35.182298],[148.186082,-35.183608],[148.183869,-35.184453],[148.183792,-35.185345],[148.186161,-35.185655],[148.186201,-35.187552],[148.184375,-35.188572],[148.183829,-35.189374],[148.172596,-35.192776],[148.172072,-35.191642],[148.170942,-35.19164],[148.164444,-35.193414],[148.160118,-35.192865],[148.161366,-35.18679],[148.157761,-35.18629],[148.155501,-35.197105],[148.15372,-35.196984],[148.147579,-35.197344],[148.147882,-35.195762],[148.136027,-35.194083],[148.136239,-35.192938],[148.128069,-35.191875],[148.127478,-35.190668],[148.122193,-35.189981],[148.119788,-35.202562],[148.11249,-35.201625],[148.112001,-35.203839],[148.107621,-35.203147],[148.107883,-35.202076],[148.097086,-35.200508],[148.097147,-35.200232],[148.087156,-35.19892],[148.087848,-35.195431],[148.082578,-35.194722],[148.082056,-35.197398],[148.078139,-35.196932],[148.077424,-35.200369],[148.064445,-35.198597],[148.064055,-35.200507],[148.059465,-35.199944],[148.059289,-35.20088],[148.051042,-35.199812],[148.051178,-35.199079],[148.044768,-35.198253],[148.044482,-35.199765],[148.038904,-35.198879],[148.037405,-35.196761],[148.037544,-35.194221],[148.03262,-35.196671],[148.031456,-35.196507],[148.029191,-35.193847],[148.025513,-35.195667],[148.023629,-35.193137],[148.019851,-35.194988],[148.018114,-35.192583],[148.015604,-35.193795],[148.014252,-35.192017],[148.013542,-35.195319],[148.001459,-35.19358],[148.001657,-35.192569],[147.997178,-35.192012],[147.996812,-35.193901],[147.993141,-35.193412],[147.993548,-35.191436],[147.964299,-35.187705],[147.96219,-35.187658],[147.963383,-35.190099],[147.963402,-35.190947],[147.964432,-35.192099],[147.964281,-35.194218],[147.966233,-35.197765],[147.968637,-35.198663],[147.970742,-35.199119],[147.971317,-35.20062],[147.973357,-35.202158],[147.974324,-35.203505],[147.975773,-35.204063],[147.977163,-35.206344],[147.977577,-35.208784],[147.974179,-35.213013],[147.966543,-35.21203],[147.965512,-35.217892],[147.961047,-35.217348],[147.958622,-35.229068],[147.934953,-35.225918],[147.934059,-35.231141],[147.930801,-35.230751],[147.928247,-35.230806],[147.927807,-35.233233],[147.913841,-35.231487],[147.913897,-35.232113],[147.900025,-35.230347],[147.899039,-35.231563],[147.897038,-35.231213],[147.895353,-35.23262],[147.894818,-35.233537],[147.896002,-35.235771],[147.896177,-35.236859],[147.894241,-35.238893],[147.894048,-35.23968],[147.89538,-35.240715],[147.897415,-35.241272],[147.899938,-35.241473],[147.899944,-35.242518],[147.898669,-35.243011],[147.898485,-35.244899],[147.896285,-35.246095],[147.894555,-35.248129],[147.893507,-35.250291],[147.893285,-35.252372],[147.892505,-35.253982],[147.892234,-35.257048],[147.891817,-35.258139],[147.887863,-35.258335],[147.884034,-35.259504],[147.883526,-35.261615],[147.882472,-35.26415],[147.881149,-35.26537],[147.879823,-35.267918],[147.881479,-35.270595],[147.882158,-35.27226],[147.883962,-35.272937],[147.88489,-35.275471],[147.884552,-35.277283],[147.883147,-35.277153],[147.881254,-35.277553],[147.873891,-35.277986],[147.873241,-35.278427],[147.872687,-35.281295],[147.870185,-35.281116],[147.868524,-35.280582],[147.866175,-35.280333],[147.863623,-35.280511],[147.862107,-35.278377],[147.860229,-35.279333],[147.858149,-35.278853],[147.85623,-35.279482],[147.85475,-35.28091],[147.855482,-35.281882],[147.855238,-35.283511],[147.853839,-35.284336],[147.851914,-35.287032],[147.849765,-35.289147],[147.846861,-35.291233],[147.846396,-35.29248],[147.846397,-35.295629],[147.846117,-35.298208],[147.845527,-35.299484],[147.845647,-35.301184],[147.846432,-35.301893],[147.846781,-35.303493],[147.845223,-35.304411],[147.843864,-35.307195],[147.843875,-35.310132],[147.844993,-35.31334],[147.846419,-35.315],[147.848448,-35.315285],[147.850825,-35.317601],[147.849442,-35.3181],[147.851229,-35.321662],[147.85,-35.324238],[147.850722,-35.326047],[147.848549,-35.326495],[147.847504,-35.327169],[147.846795,-35.328457],[147.847283,-35.330494],[147.852958,-35.333717],[147.851788,-35.335864],[147.852498,-35.337003],[147.854372,-35.338284],[147.854305,-35.339897],[147.857107,-35.339583],[147.85921,-35.339855],[147.860067,-35.341861],[147.861246,-35.342979],[147.860969,-35.344636],[147.862163,-35.347613],[147.864949,-35.348055],[147.86558,-35.349284],[147.865837,-35.352788],[147.86513,-35.353566],[147.865256,-35.355689],[147.866354,-35.35774],[147.867548,-35.358815],[147.868655,-35.359034],[147.872527,-35.357614],[147.874676,-35.35744],[147.877779,-35.358534],[147.880402,-35.358728],[147.883328,-35.357087],[147.88534,-35.358071],[147.885809,-35.360163],[147.885524,-35.361803],[147.886621,-35.365337],[147.887397,-35.366864],[147.888908,-35.370979],[147.890075,-35.372462],[147.888971,-35.374019],[147.888877,-35.374957],[147.890239,-35.37713],[147.891105,-35.377393],[147.898046,-35.378294],[147.899363,-35.379263],[147.899867,-35.380803],[147.899002,-35.386051],[147.898306,-35.388417],[147.895302,-35.393827],[147.89422,-35.399648],[147.894519,-35.402718],[147.895712,-35.405035],[147.897338,-35.409867],[147.89795,-35.412611],[147.899675,-35.414683],[147.901645,-35.416154],[147.905318,-35.417866],[147.908842,-35.421252],[147.908007,-35.423402],[147.908162,-35.426253],[147.893206,-35.424362],[147.889358,-35.444288],[147.872786,-35.442108],[147.871962,-35.44614],[147.875082,-35.446575],[147.873016,-35.457017],[147.881495,-35.45815],[147.880477,-35.463362],[147.885969,-35.464125],[147.883059,-35.478586],[147.885704,-35.478956],[147.883819,-35.488498],[147.892246,-35.48953],[147.892553,-35.48817],[147.89944,-35.489085],[147.899024,-35.49129],[147.899998,-35.492709],[147.903618,-35.491321],[147.905214,-35.489825],[147.907221,-35.490301],[147.904996,-35.501902],[147.904607,-35.504927],[147.906305,-35.50514],[147.90476,-35.51331],[147.927969,-35.516335],[147.925596,-35.528523],[147.90802,-35.526173],[147.90714,-35.530757],[147.909452,-35.531048],[147.908077,-35.538195],[147.913976,-35.538924],[147.913748,-35.540118],[147.915689,-35.540359],[147.915425,-35.541725],[147.92309,-35.542743],[147.921962,-35.54883],[147.929888,-35.549866],[147.931407,-35.55023],[147.929807,-35.558493],[147.911918,-35.556205],[147.911581,-35.555878],[147.890971,-35.553284],[147.892675,-35.544318],[147.863331,-35.54066],[147.862168,-35.546868],[147.847301,-35.544897],[147.845391,-35.554599],[147.843433,-35.564603],[147.844127,-35.565527],[147.84575,-35.565838],[147.846752,-35.563596],[147.850073,-35.561318],[147.852156,-35.560668],[147.853557,-35.559811],[147.855324,-35.559898],[147.856852,-35.56265],[147.857754,-35.565246],[147.858483,-35.565693],[147.859339,-35.56902],[147.861099,-35.571386],[147.862709,-35.572705],[147.863212,-35.574296],[147.866381,-35.578858],[147.86945,-35.582503],[147.872577,-35.586756],[147.873455,-35.589278],[147.87418,-35.590004],[147.875394,-35.592491],[147.875623,-35.594034],[147.876467,-35.594951],[147.877429,-35.597827],[147.878515,-35.599814],[147.880127,-35.60165],[147.882168,-35.605597],[147.882204,-35.607354],[147.883303,-35.609192],[147.883131,-35.609859],[147.88467,-35.613079],[147.886899,-35.6139],[147.888526,-35.615335],[147.888537,-35.617351],[147.88944,-35.617734],[147.889667,-35.619035],[147.890907,-35.620319],[147.892788,-35.621082],[147.8922,-35.622177],[147.89396,-35.62422],[147.894712,-35.625971],[147.896364,-35.628691],[147.897578,-35.633599],[147.895628,-35.633183],[147.893875,-35.631796],[147.891786,-35.631268],[147.8906,-35.631479],[147.888172,-35.632709],[147.886565,-35.634363],[147.884944,-35.63541],[147.87988,-35.635979],[147.877798,-35.633973],[147.87593,-35.633769],[147.874155,-35.636067],[147.872707,-35.637181],[147.87101,-35.64177],[147.868081,-35.642939],[147.864225,-35.641417],[147.862416,-35.639862],[147.859549,-35.637966],[147.856871,-35.637561],[147.847502,-35.638026],[147.844039,-35.63987],[147.838577,-35.640429],[147.833648,-35.641585],[147.829795,-35.64378],[147.828179,-35.645259],[147.826311,-35.644904],[147.823908,-35.646494],[147.821428,-35.649327],[147.819876,-35.650067],[147.820849,-35.651735],[147.820082,-35.65342],[147.820114,-35.655098],[147.818742,-35.658514],[147.817525,-35.658619],[147.815818,-35.660675],[147.811878,-35.662247],[147.810839,-35.664438],[147.809475,-35.668675],[147.80933,-35.671625],[147.808377,-35.674752],[147.804992,-35.676197],[147.803839,-35.677398],[147.801382,-35.678068],[147.802219,-35.680255],[147.800915,-35.684814],[147.801154,-35.685646],[147.803545,-35.687852],[147.804055,-35.691957],[147.80401,-35.696008],[147.802095,-35.698628],[147.801975,-35.699561],[147.802606,-35.701552],[147.8038,-35.703461],[147.805787,-35.704445],[147.808431,-35.70511],[147.81043,-35.706067],[147.811385,-35.707029],[147.813078,-35.711552],[147.813031,-35.712246],[147.810719,-35.718125],[147.809549,-35.719671],[147.807861,-35.720883],[147.809195,-35.724683],[147.810998,-35.725935],[147.812729,-35.729347],[147.812616,-35.731501],[147.813371,-35.733791],[147.816431,-35.73898],[147.816963,-35.741068],[147.818907,-35.743284],[147.819173,-35.747238],[147.817909,-35.749702],[147.813826,-35.754407],[147.814471,-35.756362],[147.815424,-35.757961],[147.815536,-35.760023],[147.814039,-35.760957],[147.812565,-35.763129],[147.811737,-35.765264],[147.812371,-35.769602],[147.810536,-35.772428],[147.808303,-35.776665],[147.806741,-35.778471],[147.803956,-35.77995],[147.803224,-35.784043],[147.801974,-35.786156],[147.802141,-35.790085],[147.803754,-35.791936],[147.804219,-35.793429],[147.803961,-35.795358],[147.805334,-35.796692],[147.805172,-35.798156],[147.802923,-35.796744],[147.799888,-35.796787],[147.797671,-35.797688],[147.793779,-35.79826],[147.792992,-35.79913],[147.792937,-35.800992],[147.791185,-35.801869],[147.789483,-35.801152],[147.788402,-35.801378],[147.787544,-35.802371],[147.787206,-35.80413],[147.783105,-35.805431],[147.77997,-35.805287],[147.778411,-35.805588],[147.777134,-35.806552],[147.774941,-35.806579],[147.773256,-35.807223],[147.771061,-35.806195],[147.770364,-35.808636],[147.770734,-35.81048],[147.770191,-35.812222],[147.771654,-35.812564],[147.772605,-35.816583],[147.771051,-35.819003],[147.768785,-35.823829],[147.767583,-35.826913],[147.766667,-35.830617],[147.762342,-35.830049],[147.761631,-35.830996],[147.761706,-35.834059],[147.763746,-35.836423],[147.76329,-35.837262],[147.760588,-35.839756],[147.75873,-35.840243],[147.756182,-35.838851],[147.750705,-35.838077],[147.748623,-35.838095],[147.747322,-35.837679],[147.746329,-35.83806],[147.742252,-35.83506],[147.740347,-35.83451],[147.740138,-35.833926],[147.737654,-35.834028],[147.737178,-35.833414],[147.734892,-35.833138],[147.732581,-35.836197],[147.731079,-35.836983],[147.729074,-35.837037],[147.726884,-35.837568],[147.724256,-35.836512],[147.721811,-35.837416],[147.71661,-35.83782],[147.715534,-35.838679],[147.714259,-35.838507],[147.712572,-35.839636],[147.709587,-35.84108],[147.70969,-35.844557],[147.709026,-35.845837],[147.707234,-35.84662],[147.708256,-35.849946],[147.706766,-35.852433],[147.703762,-35.854531],[147.702677,-35.85558],[147.702482,-35.856688],[147.70142,-35.858655],[147.701594,-35.860614],[147.702187,-35.861431],[147.705226,-35.862047],[147.705855,-35.862441],[147.706425,-35.864294],[147.70594,-35.86638],[147.70688,-35.867881],[147.705723,-35.87018],[147.704267,-35.871893],[147.705845,-35.873757],[147.707718,-35.874142],[147.70829,-35.875375],[147.707543,-35.876516],[147.707661,-35.879104],[147.706963,-35.88005],[147.703935,-35.881274],[147.703024,-35.882164],[147.698212,-35.883943],[147.694354,-35.884782],[147.693103,-35.885598],[147.691175,-35.886085],[147.68882,-35.888079],[147.688406,-35.889195],[147.688923,-35.890758],[147.692727,-35.893499],[147.693521,-35.897551],[147.693879,-35.902453],[147.694859,-35.905079],[147.694853,-35.907087],[147.696419,-35.911994],[147.695732,-35.913796],[147.695827,-35.914952],[147.695032,-35.916199],[147.693319,-35.916596],[147.68956,-35.916303],[147.687408,-35.918169],[147.687732,-35.922858],[147.689794,-35.924408],[147.690061,-35.926008],[147.691568,-35.928356],[147.693126,-35.930263],[147.693269,-35.931657],[147.691772,-35.934518],[147.689692,-35.935669],[147.690258,-35.93753],[147.693465,-35.936375],[147.696136,-35.935117],[147.700811,-35.932378],[147.703494,-35.930293],[147.706294,-35.929064],[147.708415,-35.928545],[147.710247,-35.929123],[147.711306,-35.930035],[147.713348,-35.93431],[147.714876,-35.936167],[147.717756,-35.938559],[147.718042,-35.939835],[147.71684,-35.94235],[147.71737,-35.944271],[147.718672,-35.945513],[147.72149,-35.946913],[147.72576,-35.947045],[147.728571,-35.947514],[147.730909,-35.948856],[147.733309,-35.951265],[147.738528,-35.954984],[147.741292,-35.95649],[147.744364,-35.957107],[147.747749,-35.957528],[147.749467,-35.957475],[147.75498,-35.955893],[147.756137,-35.954955],[147.75754,-35.954843],[147.759653,-35.955598],[147.760903,-35.957245],[147.763447,-35.95881],[147.766795,-35.959258],[147.767551,-35.958953],[147.772927,-35.958759],[147.773546,-35.959944],[147.770057,-35.960398],[147.767975,-35.96116],[147.766603,-35.963002],[147.767152,-35.964682],[147.768895,-35.965379],[147.770867,-35.964768],[147.773272,-35.96507],[147.775362,-35.9676],[147.777034,-35.968628],[147.779025,-35.967986],[147.779532,-35.9666],[147.783184,-35.965679],[147.785072,-35.966074],[147.786465,-35.966909],[147.788168,-35.967245],[147.791266,-35.966327],[147.793635,-35.964359],[147.79644,-35.963833],[147.802144,-35.965215],[147.805783,-35.964984],[147.8112,-35.967299],[147.812185,-35.970149],[147.813491,-35.97157],[147.815655,-35.971724],[147.815885,-35.972759],[147.813232,-35.975991],[147.814414,-35.977999],[147.816418,-35.97886],[147.817498,-35.979741],[147.820787,-35.979527],[147.821833,-35.978724],[147.824286,-35.980138],[147.826098,-35.980203],[147.827033,-35.97925],[147.829092,-35.97813],[147.830851,-35.979774],[147.832105,-35.980062],[147.833226,-35.979214],[147.835547,-35.980434],[147.838764,-35.982535],[147.841363,-35.985857],[147.842588,-35.986316],[147.84501,-35.986347],[147.846957,-35.984832],[147.84803,-35.984961],[147.849094,-35.986022],[147.848543,-35.988612],[147.84944,-35.989599],[147.851913,-35.989028],[147.854836,-35.989206],[147.857659,-35.988633],[147.858775,-35.987304],[147.860198,-35.987175],[147.861445,-35.98816],[147.861202,-35.991905],[147.862631,-35.992437],[147.864864,-35.989989],[147.866396,-35.989664],[147.868199,-35.99063],[147.868344,-35.992328],[147.86952,-35.993524],[147.871106,-35.993078],[147.87174,-35.991631],[147.872714,-35.991009],[147.875652,-35.99272],[147.879451,-35.995614],[147.882086,-35.99659],[147.881415,-35.998455],[147.881789,-36.000651],[147.88288,-36.001798],[147.885383,-36.001396],[147.886194,-36.000723],[147.884695,-35.998791],[147.885928,-35.99804],[147.88866,-35.997677],[147.891051,-35.998264],[147.894032,-35.998454],[147.895904,-35.999746],[147.897506,-35.999861],[147.898912,-35.998395],[147.899276,-35.995942],[147.898971,-35.994952],[147.896597,-35.99426],[147.895477,-35.993094],[147.897896,-35.992824],[147.90224,-35.992691],[147.905059,-35.995365],[147.907821,-35.996069],[147.91118,-35.995461],[147.912789,-35.995511],[147.9128,-35.996548],[147.913997,-35.997954],[147.910966,-35.999915],[147.909307,-36.000217],[147.908543,-36.001473],[147.909231,-36.002103],[147.911523,-36.00286],[147.914272,-36.001814],[147.915067,-36.003803],[147.916328,-36.005344],[147.913947,-36.008668],[147.914776,-36.009929],[147.916911,-36.010845],[147.916134,-36.012565],[147.915004,-36.013481],[147.913999,-36.01576],[147.913346,-36.016448],[147.913334,-36.018693],[147.915802,-36.019136],[147.915521,-36.020295],[147.912559,-36.020211],[147.910576,-36.021191],[147.910841,-36.022151],[147.913046,-36.022666],[147.914846,-36.022637],[147.914238,-36.024548],[147.912194,-36.025064],[147.911437,-36.026382],[147.912059,-36.027094],[147.914935,-36.028296],[147.916293,-36.027637],[147.917828,-36.02755],[147.921234,-36.028867],[147.923816,-36.029052],[147.927133,-36.030954],[147.928404,-36.032428],[147.928929,-36.034007],[147.93147,-36.035109],[147.93063,-36.036334],[147.928383,-36.035337],[147.924809,-36.035193],[147.923613,-36.03664],[147.925413,-36.037813],[147.923478,-36.040644],[147.923374,-36.041847],[147.924591,-36.042748],[147.927855,-36.043777],[147.930324,-36.044233],[147.933696,-36.047566],[147.934895,-36.04758],[147.9373,-36.046535],[147.937564,-36.044314],[147.937105,-36.043555],[147.937669,-36.042394],[147.938769,-36.042509],[147.939987,-36.043611],[147.943003,-36.043766],[147.944113,-36.045127],[147.944222,-36.046256],[147.946145,-36.046369],[147.946991,-36.045781],[147.949302,-36.046137],[147.949971,-36.045106],[147.94988,-36.043603],[147.95272,-36.044015],[147.953796,-36.043613],[147.955116,-36.041909],[147.957302,-36.041162],[147.959184,-36.041034],[147.95993,-36.04179],[147.959067,-36.042606],[147.957691,-36.042479],[147.956405,-36.043024],[147.956847,-36.044241],[147.959387,-36.044124],[147.960376,-36.04564],[147.964258,-36.046825],[147.966706,-36.045882],[147.965909,-36.043936],[147.968114,-36.042043],[147.967896,-36.040455],[147.969553,-36.039265],[147.970769,-36.039178],[147.971669,-36.03995],[147.971159,-36.040795],[147.969115,-36.041527],[147.969049,-36.043481],[147.971551,-36.04277],[147.97324,-36.040521],[147.974124,-36.042166],[147.974302,-36.043398],[147.973242,-36.04486],[147.974329,-36.046929],[147.976323,-36.046598],[147.978415,-36.046732],[147.979898,-36.046026],[147.9804,-36.041444],[147.981527,-36.040211],[147.982358,-36.041327],[147.98102,-36.042846],[147.981969,-36.044803],[147.983491,-36.044175],[147.984212,-36.042943],[147.987536,-36.042942],[147.987052,-36.044354],[147.984631,-36.043601],[147.983968,-36.044818],[147.984217,-36.045706],[147.985664,-36.046291],[147.986898,-36.046146],[147.987041,-36.047249],[147.985757,-36.049297],[147.985954,-36.050757],[147.987403,-36.052287],[147.988408,-36.052372],[147.988865,-36.051083],[147.988121,-36.049395],[147.989761,-36.049536],[147.989817,-36.051268],[147.990683,-36.052384],[147.992376,-36.051909],[147.991473,-36.049849],[147.992528,-36.048531],[147.994345,-36.048571],[147.996108,-36.047982],[147.997902,-36.045761],[147.999515,-36.046017],[147.999562,-36.046861],[147.997571,-36.047766],[147.99666,-36.05073],[147.997793,-36.053034],[147.996968,-36.055354],[147.997673,-36.057094],[147.999192,-36.058482],[147.997434,-36.059147],[147.996395,-36.060308],[147.99601,-36.06154],[147.994686,-36.061112],[147.994072,-36.062974],[147.992609,-36.063233],[147.991305,-36.064108],[147.992789,-36.064908],[147.994586,-36.064174],[147.994307,-36.065808],[147.990551,-36.066399],[147.989467,-36.068478],[147.989223,-36.070249],[147.991474,-36.069859],[147.991823,-36.070793],[147.990369,-36.072459],[147.992399,-36.074028],[147.991548,-36.075539],[147.988582,-36.075465],[147.988703,-36.078527],[147.989975,-36.079514],[147.991404,-36.079727],[147.992888,-36.08087],[147.989664,-36.0812],[147.987756,-36.082165],[147.985876,-36.080879],[147.985279,-36.079363],[147.982932,-36.077875],[147.981522,-36.078779],[147.981524,-36.080053],[147.982251,-36.081727],[147.982954,-36.081751],[147.984194,-36.083114],[147.983451,-36.08473],[147.980362,-36.086352],[147.980798,-36.0885],[147.982298,-36.088613],[147.983465,-36.090115],[147.984966,-36.090901],[147.988246,-36.089823],[147.988866,-36.090767],[147.986873,-36.091471],[147.986681,-36.092631],[147.989364,-36.093301],[147.991146,-36.093198],[147.992645,-36.092323],[147.993685,-36.093617],[147.991396,-36.094644],[147.991133,-36.095632],[147.991718,-36.096762],[147.993236,-36.097104],[147.993655,-36.09487],[147.995351,-36.095555],[147.99599,-36.097673],[147.994052,-36.09925],[147.994019,-36.100367],[147.996207,-36.100207],[147.996628,-36.099147],[147.997739,-36.098473],[147.999201,-36.098841],[147.998266,-36.100003],[147.996931,-36.100507],[147.995823,-36.102799],[147.997758,-36.104301],[147.996886,-36.105002],[147.99535,-36.104574],[147.993993,-36.105278],[147.994347,-36.106465],[147.99569,-36.106836],[147.996045,-36.107881],[147.9955,-36.109026],[147.992535,-36.109474],[147.991461,-36.110878],[147.992874,-36.111549],[147.994549,-36.110574],[147.995714,-36.110701],[147.996371,-36.112476],[147.993687,-36.111777],[147.992664,-36.11258],[147.99244,-36.115114],[147.993795,-36.115981],[147.995354,-36.115855],[147.997416,-36.115018],[147.998018,-36.116249],[147.99675,-36.116741],[147.993766,-36.116358],[147.993098,-36.117347],[147.995359,-36.118733],[147.993473,-36.11978],[147.99078,-36.120669],[147.991024,-36.122088],[147.992302,-36.123032],[147.994768,-36.122957],[147.997073,-36.124644],[147.998204,-36.124701],[147.999511,-36.123769],[148.000749,-36.124742],[148.000397,-36.126131],[147.999319,-36.12755],[148.000187,-36.129469],[148.002895,-36.131006],[148.003345,-36.131888],[148.003118,-36.133531],[148.001241,-36.135996],[147.999823,-36.136462],[148.000135,-36.138538],[148.001232,-36.139546],[148.003704,-36.140564],[148.00465,-36.139553],[148.004002,-36.13771],[148.004131,-36.135976],[148.005106,-36.135764],[148.006651,-36.136538],[148.005738,-36.138129],[148.005483,-36.139526],[148.007959,-36.140706],[148.008962,-36.140392],[148.009062,-36.138893],[148.008209,-36.137764],[148.010202,-36.13598],[148.010758,-36.137468],[148.010326,-36.138985],[148.011123,-36.139426],[148.013391,-36.137527],[148.014605,-36.137734],[148.015973,-36.139091],[148.018499,-36.139242],[148.018689,-36.140456],[148.019881,-36.141475],[148.021687,-36.141722],[148.023101,-36.139954],[148.02579,-36.139927],[148.026651,-36.140408],[148.028889,-36.140078],[148.030971,-36.140869],[148.032416,-36.14281],[148.033934,-36.142381],[148.034634,-36.141202],[148.037543,-36.140648],[148.037704,-36.142016],[148.037005,-36.143024],[148.034949,-36.144545],[148.035477,-36.146864],[148.034071,-36.148987],[148.035573,-36.150149],[148.035339,-36.152387],[148.033863,-36.152141],[148.032354,-36.149724],[148.031098,-36.149609],[148.031146,-36.151991],[148.029013,-36.153398],[148.028969,-36.155367],[148.025263,-36.15422],[148.024841,-36.153252],[148.023436,-36.153017],[148.022793,-36.153864],[148.024351,-36.156263],[148.024821,-36.159366],[148.027446,-36.161886],[148.03128,-36.161275],[148.034746,-36.162662],[148.03394,-36.164654],[148.031228,-36.164515],[148.030423,-36.164858],[148.029652,-36.166334],[148.029821,-36.167554],[148.02905,-36.168721],[148.026515,-36.168056],[148.025188,-36.168444],[148.023957,-36.170058],[148.023801,-36.171317],[148.025679,-36.172251],[148.026602,-36.174203],[148.026106,-36.176006],[148.024857,-36.175639],[148.024187,-36.174145],[148.02341,-36.17391],[148.022067,-36.175243],[148.021889,-36.176971],[148.023038,-36.17984],[148.022055,-36.180984],[148.022287,-36.181786],[148.024328,-36.182748],[148.024559,-36.185244],[148.025469,-36.186006],[148.024295,-36.1877],[148.025135,-36.188547],[148.026478,-36.187163],[148.027247,-36.188016],[148.029204,-36.187954],[148.029959,-36.188572],[148.029908,-36.190845],[148.032245,-36.191922],[148.032025,-36.19321],[148.033374,-36.193422],[148.034901,-36.192633],[148.035507,-36.194013],[148.036608,-36.194964],[148.03504,-36.195673],[148.036486,-36.197923],[148.038945,-36.197695],[148.038477,-36.199258],[148.038271,-36.201953],[148.039654,-36.203454],[148.039808,-36.205371],[148.040606,-36.20686],[148.039885,-36.208583],[148.037172,-36.209165],[148.036917,-36.21019],[148.038286,-36.211741],[148.038716,-36.213373],[148.037373,-36.213762],[148.036249,-36.21497],[148.037329,-36.217105],[148.035167,-36.21608],[148.03321,-36.215999],[148.032983,-36.217922],[148.031639,-36.218906],[148.03021,-36.221556],[148.030138,-36.222586],[148.028901,-36.222866],[148.027482,-36.221743],[148.026089,-36.223311],[148.026941,-36.225979],[148.029626,-36.226993],[148.029717,-36.228218],[148.031533,-36.228957],[148.031892,-36.230039],[148.032017,-36.232787],[148.033933,-36.233074],[148.034878,-36.234717],[148.033993,-36.237688],[148.034232,-36.239113],[148.035355,-36.23992],[148.035121,-36.240842],[148.032937,-36.24111],[148.030674,-36.242523],[148.028892,-36.244199],[148.029958,-36.245648],[148.02884,-36.247044],[148.030819,-36.249367],[148.032542,-36.249294],[148.034129,-36.250368],[148.036054,-36.253052],[148.034689,-36.254453],[148.034501,-36.255528],[148.036309,-36.256398],[148.036478,-36.257082],[148.038283,-36.258347],[148.038936,-36.261782],[148.038383,-36.262446],[148.036338,-36.26311],[148.035659,-36.264745],[148.03348,-36.265177],[148.034001,-36.266542],[148.0329,-36.268287],[148.033446,-36.269995],[148.034984,-36.27205],[148.035006,-36.273006],[148.03325,-36.274341],[148.03294,-36.275321],[148.035427,-36.279316],[148.035054,-36.280572],[148.033993,-36.281275],[148.033901,-36.282462],[148.036599,-36.284947],[148.039307,-36.28396],[148.039869,-36.285026],[148.038552,-36.286392],[148.039725,-36.288025],[148.038557,-36.28897],[148.038655,-36.290354],[148.039967,-36.2914],[148.039949,-36.292724],[148.039086,-36.292964],[148.037279,-36.291882],[148.035622,-36.291594],[148.035234,-36.292329],[148.036456,-36.293473],[148.037473,-36.295567],[148.039059,-36.297518],[148.039369,-36.29891],[148.040753,-36.299295],[148.04218,-36.298511],[148.043319,-36.298735],[148.041198,-36.300455],[148.042781,-36.303712],[148.041411,-36.305721],[148.040722,-36.306078],[148.038767,-36.305045],[148.038057,-36.305225],[148.036495,-36.30718],[148.036334,-36.308163],[148.035176,-36.309904],[148.035118,-36.310833],[148.037352,-36.312914],[148.037977,-36.314191],[148.040018,-36.314518],[148.042962,-36.31336],[148.046457,-36.315245],[148.047537,-36.317292],[148.047055,-36.318453],[148.049194,-36.318995],[148.0514,-36.318688],[148.053096,-36.317205],[148.054856,-36.316661],[148.05597,-36.317006],[148.058218,-36.318594],[148.058872,-36.320334],[148.057964,-36.322397],[148.055297,-36.322638],[148.051933,-36.323741],[148.051147,-36.325137],[148.051294,-36.3277],[148.052558,-36.330425],[148.055269,-36.332806],[148.055626,-36.334111],[148.055012,-36.334873],[148.053329,-36.335388],[148.052743,-36.336144],[148.052394,-36.338425],[148.054097,-36.340012],[148.053762,-36.341348],[148.052484,-36.341929],[148.051109,-36.341847],[148.049034,-36.345589],[148.047744,-36.34672],[148.048212,-36.349111],[148.046756,-36.349661],[148.045312,-36.351579],[148.045545,-36.352279],[148.047301,-36.352514],[148.048828,-36.354334],[148.048363,-36.355827],[148.047188,-36.355374],[148.045502,-36.353895],[148.044693,-36.353843],[148.043372,-36.356062],[148.042124,-36.357181],[148.042455,-36.359981],[148.038261,-36.365556],[148.037938,-36.367562],[148.03931,-36.367736],[148.042165,-36.367296],[148.045483,-36.366016],[148.045712,-36.367536],[148.043338,-36.36772],[148.043111,-36.369116],[148.041673,-36.370043],[148.040246,-36.371836],[148.04191,-36.373473],[148.043412,-36.373949],[148.043791,-36.374693],[148.042256,-36.376152],[148.038678,-36.377722],[148.038211,-36.378631],[148.040438,-36.379364],[148.041833,-36.38025],[148.043183,-36.380368],[148.045146,-36.381201],[148.044917,-36.383103],[148.040869,-36.385708],[148.038135,-36.387864],[148.037467,-36.389422],[148.038615,-36.391209],[148.042615,-36.392147],[148.046619,-36.390835],[148.046627,-36.3932],[148.047045,-36.396206],[148.050252,-36.399004],[148.052453,-36.398752],[148.055262,-36.399476],[148.056024,-36.400233],[148.057913,-36.400622],[148.05844,-36.40138],[148.058428,-36.403115],[148.057555,-36.405025],[148.05845,-36.40671],[148.054636,-36.408689],[148.055262,-36.410073],[148.056942,-36.411565],[148.058426,-36.414135],[148.060728,-36.415939],[148.062967,-36.415653],[148.067294,-36.416916],[148.070131,-36.416788],[148.071669,-36.41798],[148.076153,-36.417957],[148.078637,-36.420787],[148.080323,-36.422371],[148.079147,-36.423933],[148.079483,-36.425341],[148.081389,-36.426229],[148.082594,-36.430203],[148.083258,-36.4309],[148.085964,-36.431267],[148.086902,-36.432071],[148.088329,-36.437486],[148.086774,-36.438561],[148.08635,-36.440021],[148.087322,-36.440911],[148.08776,-36.442818],[148.086802,-36.44471],[148.087125,-36.447028],[148.087856,-36.448213],[148.087389,-36.450627],[148.087713,-36.451949],[148.089121,-36.452686],[148.093002,-36.453426],[148.097585,-36.455424],[148.099212,-36.455529],[148.101657,-36.457082],[148.106608,-36.456314],[148.108298,-36.457124],[148.110942,-36.457123],[148.112541,-36.458167],[148.115533,-36.459064],[148.118101,-36.461175],[148.121358,-36.461309],[148.12216,-36.46254],[148.123382,-36.462742],[148.123651,-36.463965],[148.124717,-36.46484],[148.12354,-36.467656],[148.122429,-36.471045],[148.123967,-36.472631],[148.123407,-36.47481],[148.125002,-36.47706],[148.124878,-36.479405],[148.123966,-36.480514],[148.121257,-36.48151],[148.119677,-36.481475],[148.119842,-36.482622],[148.124778,-36.48415],[148.126233,-36.484369],[148.126347,-36.485498],[148.124969,-36.487954],[148.123787,-36.489436],[148.122448,-36.490315],[148.120008,-36.491297],[148.119767,-36.492851],[148.118994,-36.494449],[148.117656,-36.495299],[148.121165,-36.496599],[148.123989,-36.498462],[148.125862,-36.499409],[148.125592,-36.500885],[148.128393,-36.502795],[148.127939,-36.504822],[148.12811,-36.508013],[148.128468,-36.509557],[148.129993,-36.5132],[148.131882,-36.516415],[148.135138,-36.520332],[148.136769,-36.521461],[148.13816,-36.523414],[148.139525,-36.524633],[148.139815,-36.525603],[148.13865,-36.52719],[148.138536,-36.528069],[148.136458,-36.531141],[148.137057,-36.531784],[148.13669,-36.532944],[148.135219,-36.534226],[148.133948,-36.534223],[148.133381,-36.536881],[148.134258,-36.538133],[148.13347,-36.539619],[148.131189,-36.540854],[148.128783,-36.541513],[148.128528,-36.542471],[148.129112,-36.54361],[148.129173,-36.546055],[148.126218,-36.548122],[148.124506,-36.55026],[148.124448,-36.55098],[148.128804,-36.556511],[148.130754,-36.558532],[148.131503,-36.560291],[148.131541,-36.561452],[148.133407,-36.563383],[148.132814,-36.56541],[148.13341,-36.566921],[148.135743,-36.567433],[148.136782,-36.56597],[148.138181,-36.565353],[148.141172,-36.565382],[148.143439,-36.564767],[148.147189,-36.563186],[148.149473,-36.561252],[148.149059,-36.559696],[148.149384,-36.558413],[148.15099,-36.558754],[148.151766,-36.560975],[148.153692,-36.562173],[148.15482,-36.563494],[148.158797,-36.565631],[148.158879,-36.566262],[148.157021,-36.570766],[148.156906,-36.571768],[148.158848,-36.5722],[148.162328,-36.572466],[148.162687,-36.573852],[148.161434,-36.577095],[148.160467,-36.577961],[148.160713,-36.579776],[148.162979,-36.579374],[148.165121,-36.578229],[148.165992,-36.576709],[148.165409,-36.575221],[148.166097,-36.574321],[148.169411,-36.573696],[148.170317,-36.574407],[148.170617,-36.577101],[148.171914,-36.578433],[148.173158,-36.578435],[148.175439,-36.577548],[148.176766,-36.577832],[148.178467,-36.579761],[148.180032,-36.580046],[148.181628,-36.578877],[148.185571,-36.57859],[148.188398,-36.577417],[148.189602,-36.576602],[148.191193,-36.57767],[148.189895,-36.579865],[148.189582,-36.582067],[148.190023,-36.58444],[148.195318,-36.586088],[148.196689,-36.585605],[148.200536,-36.587707],[148.202192,-36.588076],[148.203538,-36.586444],[148.206137,-36.587186],[148.20512,-36.588368],[148.203574,-36.588771],[148.204141,-36.591594],[148.204922,-36.59275],[148.206772,-36.59375],[148.209487,-36.592661],[148.211477,-36.593515],[148.211299,-36.595194],[148.213423,-36.595765],[148.215537,-36.597639],[148.217278,-36.597912],[148.217443,-36.598853],[148.215196,-36.600196],[148.212797,-36.600739],[148.213088,-36.601867],[148.215639,-36.603404],[148.21586,-36.604498],[148.215089,-36.605173],[148.213383,-36.605215],[148.21138,-36.606395],[148.21031,-36.609718],[148.208573,-36.61109],[148.207974,-36.610346],[148.208159,-36.608487],[148.206887,-36.608293],[148.203597,-36.610023],[148.202838,-36.611735],[148.204262,-36.61265],[148.209199,-36.612725],[148.210892,-36.61248],[148.214516,-36.611133],[148.213476,-36.613926],[148.213738,-36.615425],[148.215947,-36.615868],[148.216351,-36.616601],[148.214794,-36.618289],[148.214245,-36.619967],[148.216147,-36.62006],[148.218234,-36.618745],[148.219547,-36.619558],[148.219947,-36.62224],[148.219701,-36.623669],[148.22067,-36.625757],[148.218982,-36.627622],[148.216319,-36.628853],[148.216392,-36.630747],[148.215459,-36.63267],[148.2151,-36.634472],[148.213457,-36.633025],[148.211863,-36.632975],[148.212491,-36.635816],[148.213366,-36.637262],[148.215737,-36.638498],[148.215632,-36.640007],[148.213436,-36.639775],[148.212022,-36.640064],[148.211998,-36.642002],[148.211516,-36.643308],[148.210279,-36.644318],[148.209503,-36.645657],[148.209887,-36.647078],[148.211605,-36.647872],[148.211171,-36.650519],[148.208186,-36.651287],[148.206537,-36.653693],[148.203936,-36.653436],[148.202963,-36.654741],[148.203878,-36.656468],[148.20076,-36.658542],[148.200447,-36.659567],[148.201466,-36.659976],[148.203263,-36.661548],[148.203512,-36.662293],[148.197579,-36.664775],[148.196964,-36.667128],[148.196314,-36.668298],[148.197315,-36.66954],[148.19941,-36.670562],[148.199262,-36.672218],[148.198642,-36.672869],[148.195689,-36.672792],[148.189755,-36.675352],[148.189302,-36.676399],[148.189811,-36.677899],[148.18954,-36.678991],[148.185065,-36.683269],[148.183957,-36.683626],[148.18504,-36.685354],[148.187347,-36.685869],[148.185713,-36.68761],[148.188792,-36.687722],[148.189056,-36.688129],[148.186467,-36.690509],[148.185262,-36.691046],[148.185114,-36.692217],[148.182982,-36.692942],[148.181851,-36.692352],[148.181198,-36.694074],[148.1812,-36.69643],[148.180859,-36.697217],[148.177934,-36.699438],[148.173847,-36.70178],[148.172844,-36.703298],[148.172341,-36.705798],[148.171869,-36.710033],[148.171103,-36.711777],[148.168864,-36.713955],[148.16759,-36.713894],[148.165672,-36.711295],[148.163755,-36.711063],[148.161958,-36.711947],[148.162094,-36.714967],[148.161445,-36.71581],[148.158498,-36.716983],[148.154557,-36.720236],[148.151578,-36.719662],[148.149098,-36.719743],[148.148484,-36.721836],[148.145913,-36.723168],[148.144094,-36.725245],[148.142996,-36.728464],[148.140916,-36.729572],[148.139093,-36.732213],[148.13605,-36.732788],[148.134081,-36.731867],[148.132446,-36.733743],[148.130872,-36.734537],[148.13081,-36.735461],[148.13335,-36.736992],[148.135463,-36.737428],[148.136703,-36.738436],[148.136571,-36.739393],[148.134466,-36.743739],[148.132773,-36.744258],[148.131843,-36.745145],[148.133191,-36.746976],[148.132654,-36.750847],[148.131527,-36.751399],[148.129577,-36.750211],[148.127683,-36.751029],[148.128872,-36.751852],[148.127936,-36.753055],[148.125755,-36.753402],[148.125821,-36.754078],[148.123585,-36.754471],[148.120915,-36.755904],[148.119469,-36.758532],[148.120379,-36.759516],[148.1248,-36.759068],[148.126081,-36.759417],[148.12506,-36.760531],[148.122872,-36.761385],[148.121802,-36.762996],[148.121644,-36.764687],[148.119415,-36.765588],[148.116066,-36.765652],[148.112864,-36.768127],[148.112231,-36.769924],[148.111173,-36.771343],[148.110804,-36.773972],[148.108483,-36.775368],[148.108866,-36.776627],[148.107472,-36.778161],[148.104716,-36.780507],[148.105358,-36.782327],[148.105548,-36.784759],[148.103645,-36.788045],[148.101638,-36.788875],[148.100657,-36.787869],[148.098426,-36.78674],[148.097943,-36.787297],[148.09995,-36.791448],[148.100708,-36.791509],[148.101641,-36.790035],[148.103467,-36.791269],[148.105115,-36.790849],[148.106016,-36.792147],[148.106547,-36.793968],[148.107589,-36.794262],[148.10882,-36.797001],[148.110476,-36.798169],[148.108081,-36.799295],[148.108888,-36.800865],[148.113271,-36.800475],[148.1137,-36.802049],[148.115638,-36.802234],[148.117765,-36.80387],[148.117962,-36.804939],[148.120152,-36.806079],[148.121057,-36.803682],[148.122633,-36.802101],[148.12234,-36.801281],[148.124947,-36.801212],[148.126241,-36.801492],[148.126827,-36.800337],[148.126349,-36.798269],[148.126509,-36.796678],[148.130084,-36.795754],[148.131766,-36.79673],[148.134652,-36.796556],[148.13446,-36.79497],[148.137563,-36.795244],[148.141339,-36.794713],[148.141909,-36.795327],[148.143404,-36.794986],[148.144327,-36.795789],[148.146186,-36.795388],[148.149096,-36.794041],[148.148733,-36.792242],[148.149902,-36.791667],[148.15069,-36.792798],[148.152217,-36.792749],[148.152584,-36.791946],[148.156117,-36.790075],[148.157659,-36.790083],[148.157039,-36.791734],[148.158278,-36.793029],[148.160242,-36.793101],[148.161364,-36.79221],[148.163766,-36.792525],[148.16308,-36.793467],[148.164318,-36.794762],[148.166955,-36.79299],[148.168226,-36.792628],[148.169968,-36.792915],[148.171284,-36.794627],[148.173517,-36.795811],[148.177572,-36.796965],[148.179539,-36.796305],[148.180835,-36.798556],[148.180673,-36.800789],[148.181521,-36.801299],[148.182473,-36.804895],[148.186027,-36.804421],[148.188388,-36.802899],[148.189672,-36.801635],[148.191781,-36.798346],[148.194946,-36.796253],[148.200891,-36.798731],[148.251246,-36.819254],[148.384631,-36.87346],[148.422099,-36.888648],[148.501245,-36.920664],[148.680015,-36.992665],[148.751243,-37.0215],[148.782468,-37.034158],[148.821603,-37.050028],[148.868756,-37.068969],[148.905138,-37.083594],[148.954665,-37.103425],[148.9762,-37.112015],[149.004463,-37.123452],[149.017768,-37.128724],[149.053032,-37.142752],[149.088403,-37.156837],[149.166288,-37.18785],[149.199775,-37.201189],[149.251239,-37.221448],[149.321238,-37.248951],[149.356436,-37.262929],[149.397072,-37.279021],[149.442193,-37.296932],[149.490994,-37.316001],[149.504912,-37.321672],[149.548244,-37.338363],[149.637348,-37.373447],[149.677562,-37.389148],[149.72552,-37.407873],[149.751235,-37.417913],[149.786225,-37.431345],[149.884567,-37.469663],[149.958851,-37.498443],[149.976679,-37.50506]],[[148.961731,-35.218467],[148.991604,-35.200887],[149.00082,-35.195652],[149.01219,-35.188922],[149.017893,-35.185403],[149.025216,-35.181224],[149.062678,-35.159098],[149.065822,-35.157144],[149.081158,-35.148093],[149.091017,-35.142339],[149.09201,-35.14142],[149.093322,-35.138657],[149.096553,-35.137966],[149.098046,-35.136742],[149.102863,-35.135229],[149.103364,-35.133327],[149.104328,-35.132328],[149.106853,-35.131181],[149.109725,-35.131145],[149.111149,-35.130001],[149.112652,-35.127711],[149.115503,-35.126247],[149.118076,-35.126527],[149.120902,-35.124517],[149.12317,-35.125043],[149.126449,-35.125322],[149.126856,-35.126389],[149.128083,-35.126591],[149.131698,-35.12906],[149.136822,-35.127813],[149.138819,-35.128466],[149.138642,-35.129451],[149.139966,-35.130832],[149.138679,-35.13288],[149.1386,-35.135257],[149.143162,-35.135987],[149.144961,-35.134596],[149.145875,-35.13615],[149.14747,-35.137348],[149.148265,-35.137385],[149.149637,-35.138669],[149.149298,-35.14206],[149.147379,-35.142999],[149.146513,-35.144055],[149.146775,-35.144856],[149.150061,-35.14547],[149.150699,-35.144695],[149.153929,-35.143952],[149.154721,-35.144613],[149.157444,-35.144129],[149.157571,-35.143104],[149.159195,-35.141708],[149.161016,-35.142074],[149.161934,-35.141762],[149.164312,-35.142046],[149.164879,-35.143727],[149.163379,-35.146005],[149.163195,-35.146968],[149.164431,-35.14875],[149.164679,-35.15085],[149.163393,-35.151582],[149.162773,-35.154332],[149.164134,-35.154688],[149.165414,-35.156877],[149.167702,-35.158341],[149.167696,-35.159881],[149.16979,-35.160326],[149.171901,-35.158642],[149.172947,-35.158759],[149.176381,-35.158283],[149.177613,-35.15931],[149.17941,-35.158805],[149.182917,-35.160093],[149.183737,-35.161052],[149.185495,-35.161201],[149.189097,-35.165677],[149.187779,-35.169529],[149.184911,-35.173031],[149.183629,-35.175618],[149.184172,-35.176733],[149.185822,-35.177832],[149.187791,-35.178186],[149.191465,-35.179295],[149.192781,-35.181443],[149.195365,-35.184583],[149.197037,-35.185499],[149.196901,-35.187416],[149.196375,-35.188447],[149.196388,-35.190942],[149.192203,-35.193637],[149.190287,-35.194353],[149.191329,-35.197081],[149.191497,-35.198504],[149.19019,-35.200127],[149.189542,-35.203324],[149.19239,-35.202536],[149.196336,-35.202364],[149.198518,-35.202903],[149.200716,-35.204954],[149.200699,-35.205565],[149.200672,-35.206357],[149.204226,-35.208952],[149.205895,-35.211567],[149.207193,-35.211851],[149.208568,-35.211501],[149.208778,-35.212828],[149.207555,-35.216047],[149.206099,-35.216268],[149.205028,-35.219863],[149.202456,-35.224625],[149.203279,-35.226149],[149.204279,-35.226689],[149.204883,-35.229549],[149.210454,-35.22634],[149.211505,-35.22463],[149.213064,-35.220272],[149.213785,-35.219605],[149.215996,-35.219749],[149.219988,-35.220706],[149.223762,-35.219016],[149.227037,-35.219844],[149.228775,-35.221687],[149.231715,-35.222002],[149.234392,-35.221003],[149.23651,-35.221561],[149.237105,-35.222363],[149.238697,-35.222227],[149.2399,-35.223138],[149.240728,-35.225046],[149.243261,-35.225466],[149.245531,-35.226723],[149.246794,-35.22915],[149.245953,-35.230715],[149.244808,-35.231371],[149.242934,-35.23133],[149.242764,-35.233636],[149.241518,-35.235032],[149.241242,-35.236755],[149.238425,-35.23791],[149.236186,-35.239741],[149.23455,-35.24047],[149.234374,-35.242792],[149.23489,-35.243419],[149.237298,-35.243295],[149.240608,-35.245811],[149.241867,-35.24636],[149.244266,-35.246411],[149.245803,-35.247379],[149.247233,-35.246527],[149.249429,-35.247183],[149.250324,-35.247987],[149.249651,-35.249354],[149.250653,-35.25224],[149.253011,-35.252231],[149.255342,-35.255379],[149.255379,-35.256345],[149.257329,-35.257203],[149.260006,-35.257348],[149.261291,-35.25692],[149.262261,-35.257395],[149.262805,-35.258666],[149.267593,-35.259578],[149.269571,-35.258922],[149.273179,-35.259179],[149.272554,-35.26183],[149.273792,-35.263214],[149.273461,-35.266102],[149.272477,-35.26729],[149.27236,-35.269429],[149.271628,-35.270805],[149.272439,-35.273394],[149.274376,-35.274918],[149.275378,-35.275052],[149.277021,-35.271338],[149.278449,-35.270752],[149.281524,-35.270994],[149.282976,-35.272059],[149.285433,-35.271631],[149.287323,-35.272963],[149.28752,-35.274128],[149.289293,-35.275699],[149.291434,-35.274248],[149.293636,-35.274201],[149.296667,-35.272435],[149.298462,-35.272156],[149.301643,-35.272894],[149.302711,-35.274109],[149.303846,-35.273377],[149.306229,-35.274501],[149.305417,-35.275532],[149.306645,-35.276544],[149.309061,-35.276206],[149.309768,-35.278268],[149.311697,-35.277525],[149.312139,-35.276587],[149.314182,-35.276004],[149.315286,-35.276286],[149.316044,-35.278876],[149.316575,-35.279535],[149.316202,-35.281775],[149.316922,-35.281931],[149.31919,-35.28384],[149.320388,-35.283993],[149.322477,-35.28674],[149.324581,-35.286388],[149.325415,-35.283473],[149.326499,-35.282426],[149.327533,-35.282478],[149.329837,-35.284388],[149.331146,-35.284546],[149.334765,-35.286293],[149.336325,-35.288737],[149.337618,-35.287873],[149.337698,-35.286971],[149.339709,-35.2863],[149.341498,-35.286703],[149.341439,-35.288961],[149.342838,-35.290187],[149.343211,-35.292048],[149.345034,-35.292206],[149.347872,-35.291587],[149.34887,-35.292069],[149.34808,-35.293479],[149.349701,-35.294404],[149.350505,-35.295952],[149.350167,-35.297263],[149.350553,-35.299358],[149.352018,-35.299874],[149.355025,-35.299653],[149.356615,-35.300596],[149.359507,-35.301587],[149.360954,-35.301605],[149.361991,-35.303089],[149.361926,-35.304294],[149.361062,-35.305955],[149.359659,-35.307538],[149.361666,-35.309025],[149.36584,-35.308526],[149.366807,-35.308022],[149.370172,-35.30824],[149.372244,-35.306739],[149.374174,-35.304695],[149.377796,-35.305126],[149.381897,-35.306266],[149.383697,-35.306471],[149.384175,-35.304349],[149.386579,-35.303418],[149.388265,-35.303609],[149.389676,-35.302698],[149.391606,-35.303456],[149.393416,-35.302924],[149.39479,-35.303157],[149.39511,-35.304413],[149.394685,-35.306559],[149.395342,-35.307312],[149.394497,-35.309191],[149.396428,-35.30968],[149.397281,-35.311003],[149.397136,-35.313539],[149.396688,-35.314182],[149.397316,-35.315895],[149.397201,-35.317313],[149.398005,-35.318585],[149.399287,-35.31909],[149.398163,-35.320615],[149.398129,-35.321948],[149.39718,-35.324254],[149.398036,-35.325252],[149.393625,-35.3279],[149.390633,-35.33081],[149.385354,-35.332516],[149.37672,-35.336978],[149.373322,-35.338264],[149.367987,-35.339552],[149.365567,-35.341154],[149.364946,-35.342929],[149.365039,-35.346888],[149.363983,-35.348171],[149.360286,-35.348471],[149.357371,-35.350319],[149.356236,-35.350708],[149.352134,-35.351317],[149.349849,-35.351238],[149.347266,-35.350155],[149.341082,-35.345201],[149.340039,-35.342761],[149.338218,-35.340613],[149.336346,-35.339884],[149.31904,-35.337005],[149.318915,-35.336781],[149.31402,-35.33604],[149.311912,-35.33611],[149.30497,-35.335922],[149.303614,-35.335289],[149.302133,-35.333484],[149.299606,-35.333082],[149.293591,-35.333395],[149.291858,-35.333912],[149.28552,-35.33734],[149.283949,-35.3379],[149.281563,-35.338002],[149.27998,-35.337511],[149.276044,-35.335785],[149.27391,-35.335988],[149.271479,-35.335215],[149.268373,-35.335067],[149.266345,-35.333576],[149.262796,-35.331439],[149.260934,-35.331187],[149.258576,-35.331968],[149.256568,-35.331395],[149.255051,-35.330208],[149.249308,-35.330127],[149.247181,-35.330882],[149.246119,-35.331776],[149.244584,-35.334251],[149.24321,-35.335597],[149.241564,-35.336633],[149.230915,-35.342577],[149.228822,-35.342616],[149.221571,-35.341242],[149.217912,-35.341563],[149.207761,-35.345225],[149.206345,-35.345905],[149.204403,-35.347787],[149.199259,-35.35572],[149.187118,-35.374614],[149.185136,-35.377397],[149.182191,-35.380848],[149.178637,-35.384615],[149.177995,-35.384884],[149.176217,-35.387167],[149.169739,-35.394026],[149.166234,-35.39787],[149.156562,-35.408065],[149.154856,-35.40928],[149.14867,-35.413011],[149.147175,-35.414151],[149.14565,-35.416777],[149.144486,-35.423693],[149.142996,-35.425615],[149.138667,-35.428319],[149.138163,-35.429401],[149.139052,-35.432543],[149.140435,-35.433999],[149.141346,-35.434303],[149.143459,-35.434095],[149.145341,-35.433233],[149.149767,-35.433678],[149.152273,-35.433434],[149.153258,-35.433669],[149.154791,-35.434888],[149.154867,-35.437382],[149.153717,-35.438676],[149.153088,-35.440325],[149.153366,-35.442006],[149.152677,-35.443494],[149.151478,-35.443994],[149.148082,-35.444266],[149.143794,-35.447029],[149.14318,-35.448545],[149.143347,-35.450218],[149.142171,-35.451395],[149.13894,-35.451481],[149.136994,-35.452091],[149.135821,-35.453436],[149.135701,-35.4553],[149.136474,-35.456997],[149.136282,-35.458911],[149.136795,-35.461201],[149.138224,-35.463618],[149.138255,-35.466532],[149.139986,-35.470084],[149.143158,-35.473413],[149.144637,-35.475775],[149.150948,-35.48986],[149.151545,-35.492842],[149.151279,-35.506926],[149.150195,-35.510604],[149.138442,-35.535968],[149.132384,-35.549458],[149.131532,-35.552505],[149.131546,-35.556102],[149.136354,-35.573312],[149.140486,-35.588292],[149.141344,-35.590671],[149.14251,-35.59257],[149.135181,-35.591591],[149.130268,-35.590785],[149.129998,-35.592151],[149.126,-35.591626],[149.126396,-35.58949],[149.125101,-35.589303],[149.12552,-35.587203],[149.123406,-35.58707],[149.113145,-35.585804],[149.111766,-35.587559],[149.109228,-35.587619],[149.107942,-35.585747],[149.108345,-35.58398],[149.084614,-35.580814],[149.082923,-35.584593],[149.078148,-35.586417],[149.078726,-35.592556],[149.079121,-35.593534],[149.078233,-35.59534],[149.078589,-35.596725],[149.079366,-35.597443],[149.07818,-35.598819],[149.07952,-35.602471],[149.080057,-35.604985],[149.079517,-35.605151],[149.079234,-35.607749],[149.080424,-35.608997],[149.081931,-35.611788],[149.082571,-35.613639],[149.084525,-35.614644],[149.085208,-35.619576],[149.08419,-35.621677],[149.085129,-35.622884],[149.085926,-35.625371],[149.087607,-35.627558],[149.087817,-35.629175],[149.087318,-35.630392],[149.08815,-35.633548],[149.088591,-35.634094],[149.086569,-35.635838],[149.087524,-35.636656],[149.087612,-35.639697],[149.089091,-35.641032],[149.090735,-35.639967],[149.092505,-35.639662],[149.095717,-35.640344],[149.096329,-35.644151],[149.096145,-35.645618],[149.097495,-35.647313],[149.096831,-35.651769],[149.095454,-35.652574],[149.096069,-35.65436],[149.098572,-35.657231],[149.097888,-35.658778],[149.096252,-35.660345],[149.095904,-35.661957],[149.096724,-35.663182],[149.095693,-35.667164],[149.095974,-35.669212],[149.09729,-35.67359],[149.096135,-35.675786],[149.095037,-35.676784],[149.095561,-35.677955],[149.095379,-35.679285],[149.096122,-35.680556],[149.09953,-35.683842],[149.101513,-35.684101],[149.103113,-35.684836],[149.104439,-35.684867],[149.104879,-35.687286],[149.103825,-35.689808],[149.104281,-35.691105],[149.106001,-35.69119],[149.106693,-35.692937],[149.107948,-35.694102],[149.109483,-35.69664],[149.108694,-35.699543],[149.107863,-35.70062],[149.107524,-35.702358],[149.104065,-35.705029],[149.101939,-35.708017],[149.101101,-35.713112],[149.099514,-35.714819],[149.099371,-35.716218],[149.100124,-35.717055],[149.100714,-35.719078],[149.102426,-35.72095],[149.102462,-35.721769],[149.103918,-35.723379],[149.104194,-35.72427],[149.103737,-35.726049],[149.100064,-35.728383],[149.099056,-35.729323],[149.099013,-35.730643],[149.100592,-35.733488],[149.100699,-35.736392],[149.098394,-35.739746],[149.097694,-35.741899],[149.096198,-35.743805],[149.095618,-35.746037],[149.096974,-35.747448],[149.095089,-35.750316],[149.096438,-35.75278],[149.094909,-35.754275],[149.094648,-35.756591],[149.092948,-35.759112],[149.093617,-35.761832],[149.092826,-35.763611],[149.090716,-35.7656],[149.091117,-35.767003],[149.092772,-35.768767],[149.093325,-35.770851],[149.09165,-35.773939],[149.094795,-35.775773],[149.0964,-35.776249],[149.097391,-35.777414],[149.096233,-35.778914],[149.095763,-35.780216],[149.093144,-35.783159],[149.092936,-35.784792],[149.093498,-35.787226],[149.096232,-35.787227],[149.100232,-35.789757],[149.1006,-35.791457],[149.100201,-35.7941],[149.097047,-35.796833],[149.096732,-35.798272],[149.097099,-35.799674],[149.099775,-35.801716],[149.099805,-35.80328],[149.101481,-35.803698],[149.101088,-35.805063],[149.098237,-35.807904],[149.099611,-35.809658],[149.100457,-35.810044],[149.099624,-35.811909],[149.100583,-35.814811],[149.098789,-35.81688],[149.095931,-35.817612],[149.096028,-35.81976],[149.094504,-35.821215],[149.094987,-35.822039],[149.093517,-35.824221],[149.093371,-35.825729],[149.094321,-35.827152],[149.094725,-35.828766],[149.094519,-35.830841],[149.093661,-35.83215],[149.093658,-35.833978],[149.091978,-35.835416],[149.09263,-35.837362],[149.093395,-35.838305],[149.095376,-35.839146],[149.094588,-35.841549],[149.095836,-35.843327],[149.095682,-35.845716],[149.094851,-35.846825],[149.093266,-35.846476],[149.088894,-35.848199],[149.086574,-35.848248],[149.085274,-35.849839],[149.084228,-35.850227],[149.084522,-35.852289],[149.082121,-35.853208],[149.080773,-35.856186],[149.080863,-35.857143],[149.079685,-35.859055],[149.076789,-35.860646],[149.076039,-35.86231],[149.074754,-35.863862],[149.074272,-35.865846],[149.072819,-35.866389],[149.070254,-35.869394],[149.067644,-35.870859],[149.064381,-35.875305],[149.061711,-35.879879],[149.061523,-35.881708],[149.062377,-35.884516],[149.06014,-35.888293],[149.061738,-35.891448],[149.060814,-35.893283],[149.058578,-35.894666],[149.058908,-35.896001],[149.055996,-35.897471],[149.054224,-35.898895],[149.051752,-35.902296],[149.051698,-35.903534],[149.054785,-35.905399],[149.057133,-35.907397],[149.055848,-35.909513],[149.055962,-35.910505],[149.055067,-35.913675],[149.054498,-35.91453],[149.051263,-35.917301],[149.048811,-35.92041],[149.04608,-35.920762],[149.044564,-35.919537],[149.043763,-35.916535],[149.041232,-35.914611],[149.039718,-35.914062],[149.038479,-35.914396],[149.036133,-35.913922],[149.0337,-35.911196],[149.031159,-35.911324],[149.027606,-35.912892],[149.026408,-35.912147],[149.024913,-35.910475],[149.023697,-35.907129],[149.022681,-35.906086],[149.020617,-35.905228],[149.017489,-35.903476],[149.016171,-35.901941],[149.015122,-35.901712],[149.013853,-35.90024],[149.012198,-35.899697],[149.01093,-35.900742],[149.00882,-35.901306],[149.003487,-35.901203],[148.999379,-35.902625],[148.997398,-35.900995],[148.997983,-35.896887],[148.996888,-35.896205],[148.993326,-35.895225],[148.98951,-35.895988],[148.986733,-35.895463],[148.98376,-35.893993],[148.981676,-35.893837],[148.977311,-35.892423],[148.975656,-35.892176],[148.97314,-35.892363],[148.970578,-35.892945],[148.967855,-35.893972],[148.966288,-35.897268],[148.961624,-35.8968],[148.959133,-35.895456],[148.959591,-35.894349],[148.958647,-35.893024],[148.958406,-35.891788],[148.955551,-35.88957],[148.95277,-35.888208],[148.944562,-35.881391],[148.941131,-35.877389],[148.940614,-35.875839],[148.937496,-35.874649],[148.932719,-35.87365],[148.932168,-35.872967],[148.932237,-35.870567],[148.930301,-35.868172],[148.927702,-35.867055],[148.926386,-35.865065],[148.924983,-35.863808],[148.922073,-35.862366],[148.919783,-35.86079],[148.919456,-35.859817],[148.9205,-35.858807],[148.920059,-35.85729],[148.916306,-35.855809],[148.912654,-35.85546],[148.91054,-35.853235],[148.909367,-35.853065],[148.907788,-35.850765],[148.907842,-35.847863],[148.906409,-35.846254],[148.906017,-35.844955],[148.904839,-35.844147],[148.903936,-35.842505],[148.904165,-35.841333],[148.905268,-35.839639],[148.904523,-35.838989],[148.903249,-35.83621],[148.903249,-35.834182],[148.903802,-35.833356],[148.905088,-35.83325],[148.906596,-35.832084],[148.907065,-35.829563],[148.906203,-35.828013],[148.903561,-35.826134],[148.901776,-35.82639],[148.899603,-35.825879],[148.897596,-35.82472],[148.897683,-35.823271],[148.896577,-35.817924],[148.894861,-35.817652],[148.892426,-35.816626],[148.89104,-35.813846],[148.887645,-35.811212],[148.886623,-35.810063],[148.887504,-35.808755],[148.88946,-35.807193],[148.890784,-35.803548],[148.892963,-35.801516],[148.893118,-35.799293],[148.89464,-35.798465],[148.896349,-35.796721],[148.897776,-35.79465],[148.896971,-35.79346],[148.896204,-35.788622],[148.894956,-35.784627],[148.895432,-35.781791],[148.894809,-35.780469],[148.895501,-35.779265],[148.894688,-35.777668],[148.895284,-35.775342],[148.894793,-35.773229],[148.895221,-35.770611],[148.897224,-35.768825],[148.899418,-35.767601],[148.900486,-35.765485],[148.902312,-35.763202],[148.901774,-35.761702],[148.903348,-35.757798],[148.902902,-35.756505],[148.901043,-35.754871],[148.898777,-35.751215],[148.897428,-35.750955],[148.895105,-35.751446],[148.894087,-35.751288],[148.893008,-35.746052],[148.891726,-35.744151],[148.890855,-35.740469],[148.890314,-35.739423],[148.888087,-35.737026],[148.888368,-35.733671],[148.892479,-35.730487],[148.892315,-35.728359],[148.890487,-35.724541],[148.889403,-35.722723],[148.888026,-35.721649],[148.886633,-35.719136],[148.883614,-35.717122],[148.877693,-35.714936],[148.874087,-35.720192],[148.872491,-35.721422],[148.871608,-35.725564],[148.870416,-35.727717],[148.868659,-35.729963],[148.868591,-35.731092],[148.867246,-35.731907],[148.865765,-35.731624],[148.86407,-35.733869],[148.866792,-35.737165],[148.867477,-35.738702],[148.866738,-35.740665],[148.864863,-35.742375],[148.864884,-35.743749],[148.863899,-35.748104],[148.862743,-35.749388],[148.861439,-35.7501],[148.860737,-35.752874],[148.862456,-35.75755],[148.859648,-35.760626],[148.857501,-35.761397],[148.855652,-35.760874],[148.854938,-35.759197],[148.856132,-35.753518],[148.854026,-35.751082],[148.850972,-35.751247],[148.84878,-35.751016],[148.847093,-35.750469],[148.846045,-35.749445],[148.844513,-35.74895],[148.84267,-35.747506],[148.840738,-35.746444],[148.83863,-35.744237],[148.835715,-35.741884],[148.834726,-35.740511],[148.834032,-35.738138],[148.833047,-35.736324],[148.832873,-35.735021],[148.831341,-35.733907],[148.830182,-35.732159],[148.829033,-35.727701],[148.827871,-35.726148],[148.823575,-35.724213],[148.822495,-35.720971],[148.820684,-35.719515],[148.818749,-35.718718],[148.814138,-35.719859],[148.812719,-35.719786],[148.811494,-35.718227],[148.808604,-35.717269],[148.807355,-35.715527],[148.805302,-35.713996],[148.804045,-35.713967],[148.80174,-35.712079],[148.798915,-35.710444],[148.796565,-35.709449],[148.796127,-35.707909],[148.793153,-35.705519],[148.792775,-35.704505],[148.791347,-35.703636],[148.788417,-35.69774],[148.791367,-35.69324],[148.791105,-35.692041],[148.791407,-35.689557],[148.792542,-35.689107],[148.793225,-35.686726],[148.796589,-35.682524],[148.797556,-35.680341],[148.797614,-35.678977],[148.798377,-35.676384],[148.797979,-35.674018],[148.797166,-35.67156],[148.797508,-35.668955],[148.798519,-35.666869],[148.794867,-35.66344],[148.793636,-35.661875],[148.790554,-35.659235],[148.788182,-35.660286],[148.786951,-35.660462],[148.7863,-35.658409],[148.785496,-35.657125],[148.783304,-35.656231],[148.780927,-35.655918],[148.775233,-35.655706],[148.773636,-35.655457],[148.772183,-35.65358],[148.772927,-35.652133],[148.772799,-35.649918],[148.769883,-35.649652],[148.767495,-35.647323],[148.769073,-35.645837],[148.771365,-35.645738],[148.771412,-35.643103],[148.771813,-35.641723],[148.770818,-35.639938],[148.775501,-35.636567],[148.776758,-35.635903],[148.78043,-35.63286],[148.78177,-35.630729],[148.782971,-35.62974],[148.783462,-35.628342],[148.782361,-35.626208],[148.780758,-35.625994],[148.779614,-35.623724],[148.779467,-35.622625],[148.78065,-35.620301],[148.780439,-35.617586],[148.778157,-35.613338],[148.776576,-35.611801],[148.772447,-35.60912],[148.771356,-35.607922],[148.768473,-35.603186],[148.772116,-35.601336],[148.77363,-35.598463],[148.77436,-35.597897],[148.778366,-35.596505],[148.783191,-35.595258],[148.783868,-35.593334],[148.787316,-35.59064],[148.788758,-35.588179],[148.786003,-35.582351],[148.782467,-35.581287],[148.782121,-35.579122],[148.780611,-35.577888],[148.775393,-35.571151],[148.773855,-35.569487],[148.773018,-35.567911],[148.778514,-35.563669],[148.778231,-35.558852],[148.775684,-35.554914],[148.77312,-35.549033],[148.771191,-35.54757],[148.769948,-35.54589],[148.769231,-35.544096],[148.769685,-35.542],[148.769658,-35.538655],[148.769973,-35.536284],[148.771253,-35.534058],[148.772375,-35.530749],[148.772364,-35.529329],[148.769872,-35.526112],[148.768105,-35.524448],[148.767871,-35.522815],[148.768239,-35.521195],[148.767463,-35.518078],[148.76715,-35.514652],[148.767476,-35.51302],[148.766335,-35.510447],[148.768588,-35.507999],[148.768094,-35.50675],[148.765516,-35.504936],[148.764681,-35.502678],[148.764733,-35.499149],[148.762675,-35.495505],[148.764305,-35.491919],[148.765183,-35.490825],[148.7699,-35.487791],[148.771021,-35.487649],[148.774354,-35.486003],[148.774462,-35.484882],[148.770827,-35.47998],[148.770297,-35.478298],[148.77063,-35.475563],[148.769235,-35.474278],[148.766886,-35.471056],[148.766809,-35.46735],[148.767058,-35.465405],[148.768855,-35.464826],[148.77011,-35.463867],[148.771723,-35.463436],[148.772881,-35.462355],[148.7731,-35.459802],[148.774745,-35.45755],[148.77499,-35.455966],[148.77594,-35.454683],[148.774962,-35.453795],[148.773002,-35.449316],[148.774627,-35.446091],[148.774333,-35.443902],[148.774822,-35.44174],[148.777524,-35.439998],[148.778613,-35.437267],[148.780143,-35.435152],[148.780917,-35.433227],[148.783734,-35.432472],[148.785039,-35.431351],[148.785301,-35.430236],[148.787404,-35.427409],[148.788868,-35.426382],[148.787563,-35.422978],[148.788853,-35.421898],[148.789323,-35.419444],[148.788884,-35.417792],[148.789753,-35.416841],[148.790073,-35.415468],[148.787316,-35.414083],[148.786252,-35.412673],[148.785776,-35.410466],[148.785764,-35.408748],[148.792434,-35.407294],[148.795471,-35.407009],[148.796119,-35.406549],[148.79648,-35.40374],[148.796234,-35.401516],[148.795658,-35.400333],[148.796077,-35.398056],[148.795719,-35.39292],[148.796756,-35.391634],[148.799445,-35.390158],[148.803648,-35.388739],[148.804803,-35.386924],[148.804826,-35.385028],[148.808702,-35.382373],[148.808675,-35.380591],[148.806972,-35.379225],[148.805344,-35.378841],[148.804108,-35.376121],[148.803784,-35.372516],[148.804292,-35.368561],[148.805595,-35.366303],[148.805565,-35.365361],[148.80316,-35.363399],[148.801361,-35.362815],[148.800604,-35.361884],[148.80065,-35.360687],[148.799451,-35.359224],[148.796395,-35.358616],[148.798445,-35.355784],[148.7992,-35.353657],[148.799107,-35.350616],[148.79859,-35.348352],[148.796555,-35.346339],[148.795233,-35.342113],[148.793247,-35.339156],[148.795109,-35.336386],[148.797472,-35.333825],[148.7983,-35.332139],[148.801531,-35.329267],[148.802106,-35.32553],[148.801939,-35.32435],[148.800865,-35.321723],[148.802693,-35.319806],[148.803558,-35.316661],[148.805142,-35.314669],[148.807854,-35.309647],[148.810041,-35.307412],[148.849229,-35.28449],[148.909015,-35.24947],[148.950534,-35.225157],[148.961731,-35.218467]],[[149.906303,-37.567536],[149.904583,-37.558942],[149.908207,-37.558458],[149.90871,-37.555365],[149.904809,-37.548305],[149.909521,-37.551028],[149.918083,-37.561211],[149.918114,-37.563267],[149.916161,-37.56327],[149.917246,-37.568127],[149.913301,-37.569823],[149.906303,-37.567536]]]},"bbox":[147.687408,-37.594906123159106,150.32065912073887,-34.535667]}]}