{"type":"FeatureCollection","features":[
{"properties":{"electorateShortName":"gilmore","electorateName":"Gilmore","area":6341.700118,"state":"NSW"},"type":"Feature","geometry":{"type":"MultiPolygon","coordinates":[[[[150.134459,-36.066015],[150.13722907531877,-36.06571376024835],[150.13646981616253,-36.06595408022583],[150.13617336432722,-36.06612202256917],[150.13610714809334,-36.066647556232574],[150.13610707626162,-36.06664794687482],[150.13601616239387,-36.06696139822629],[150.13656804326902,-36.06732119269829],[150.13794727630173,-36.06854934304681],[150.1390310175753,-36.06900271878373],[150.1388526167004,-36.06799755732547],[150.13981799378698,-36.0680723833664],[150.1413624717524,-36.0684421167178],[150.14134320271026,-36.06859066688516],[150.14117956822858,-36.0691862543604],[150.14081937244242,-36.069811592996174],[150.14236658363293,-36.070878568901776],[150.14286782171553,-36.07086303060641],[150.14417799784812,-36.071095722277896],[150.14541919215392,-36.071621868340046],[150.14539401572313,-36.07176133186812],[150.1452406246358,-36.07201593379807],[150.1469948760852,-36.07371241493776],[150.1473211637569,-36.07440373370894],[150.14897551355892,-36.07526857252245],[150.14893196715795,-36.07537851679299],[150.1509148391168,-36.07679325432348],[150.15093369305697,-36.07681277690183],[150.15330577222292,-36.07780727271127],[150.15339648124706,-36.07768901155414],[150.1534543806192,-36.077519828474514],[150.15407443592744,-36.07648175919696],[150.15157097438782,-36.07497298543774],[150.1522486640919,-36.07462500957827],[150.15467243035042,-36.07538377845184],[150.15415237257224,-36.07640151849493],[150.15643291817483,-36.07769101112107],[150.15676835595573,-36.07796671317129],[150.1551399223902,-36.07862373936431],[150.15347923805817,-36.07773614200981],[150.15513433728248,-36.07953931909006],[150.15513543256372,-36.07969399118702],[150.15575083298413,-36.07911863520268],[150.15768768680908,-36.08022275542716],[150.1578586570051,-36.08005541528228],[150.1583707138076,-36.07885885970846],[150.1585351959048,-36.07868547742872],[150.16086656564332,-36.080029788587666],[150.16215010759075,-36.08119524331173],[150.1585315393777,-36.08043375887704],[150.15964870562797,-36.08150658451378],[150.16197385932773,-36.08280131227009],[150.16231961045824,-36.08241647102687],[150.16259275268183,-36.081445411446055],[150.16297946077538,-36.08098619824888],[150.16528127911005,-36.08236014211094],[150.16685996595106,-36.08404006448315],[150.16744858991012,-36.083248070757975],[150.1696771694335,-36.084685322188925],[150.1710005864779,-36.086583682490925],[150.16732434337388,-36.08507550471501],[150.1682526920067,-36.08675715992323],[150.17063409954517,-36.08780576181358],[150.17113519795575,-36.08707237835179],[150.1711512713809,-36.08667043992003],[150.17207465384263,-36.08525245273559],[150.17405425895092,-36.08703616484951],[150.17454402160274,-36.088712262153784],[150.17549755203922,-36.08924862302435],[150.1755023664759,-36.08941982962296],[150.17692617531995,-36.09022793734532],[150.17845836593952,-36.09091408084344],[150.17985069954526,-36.09169726849675],[150.17985555836026,-36.091890560152066],[150.18119242696272,-36.09264932341297],[150.1829018556444,-36.093413543802676],[150.1842039148135,-36.094145952085384],[150.18420868232678,-36.094361252133226],[150.18545983831328,-36.09507136769319],[150.18734408752056,-36.09591229923326],[150.18855719784554,-36.09659467379114],[150.18856173837702,-36.096831905567306],[150.18972840984472,-36.09749407045441],[150.1917850621019,-36.09841034743552],[150.19291054864294,-36.09904343361491],[150.1929147265126,-36.099302520455225],[150.19399814203013,-36.09991743196521],[150.1962247799222,-36.10090768870968],[150.19726396720728,-36.10149223155759],[150.19726764673513,-36.1017730967979],[150.19826903534297,-36.10234145249428],[150.20066324151492,-36.103404323355825],[150.20161745354017,-36.10394106762008],[150.20162049904616,-36.1042436345962],[150.202541090257,-36.1047661323105],[150.205100447413,-36.10590025167375],[150.20597100764314,-36.10638994180325],[150.20597328344726,-36.10671413385106],[150.20681430724616,-36.10719147168289],[150.20953639814937,-36.1083954739632],[150.21032462951783,-36.10883885410801],[150.2103259999401,-36.10918459456336],[150.21108868678468,-36.10961747088058],[150.2139710942565,-36.11088999052371],[150.2146783191658,-36.11128780453524],[150.2146786485262,-36.111655016734005],[150.215364229347,-36.11204413017287],[150.21696149303386,-36.112747943526834],[150.2180375904986,-36.11133101549563],[150.2186064485461,-36.11019854970062],[150.2168245759321,-36.10951217959466],[150.2160910676079,-36.10913912111049],[150.2160864530346,-36.108575765521465],[150.2126278527434,-36.10729983067866],[150.21165032543553,-36.106804739069005],[150.2116751566517,-36.10621420969499],[150.20841358682324,-36.10507813904496],[150.20721009538195,-36.10447183292046],[150.20727015776674,-36.10383972742539],[150.2041816680819,-36.10284700243745],[150.20277012034924,-36.10214082745501],[150.2028752144456,-36.10144460478794],[150.19993198560533,-36.100606286218216],[150.1983299551458,-36.09981245885258],[150.19849781745137,-36.099013466005815],[150.19566442775698,-36.09835578822055],[150.19388875558576,-36.097488123829365],[150.19415535553765,-36.09651061837414],[150.19137888246834,-36.09609514400472],[150.18944470179008,-36.09517083436418],[150.18989952858485,-36.09382994108581],[150.18707523823988,-36.093823508137085],[150.18499301450228,-36.09286850169191],[150.1857313524582,-36.09106696657469],[150.19018786680553,-36.09323808894841],[150.19018786680556,-36.093238088948404],[150.19468281614996,-36.0954279360643],[150.19468281615002,-36.09542793606427],[150.19917776549443,-36.09761778318016],[150.19917776549445,-36.09761778318015],[150.20367271483886,-36.099807630296034],[150.2036727148389,-36.09980763029602],[150.2081676641833,-36.101997477411906],[150.20816766418332,-36.10199747741189],[150.21266261352773,-36.104187324527786],[150.21266261352778,-36.10418732452776],[150.2171575628722,-36.10637717164365],[150.21715756287222,-36.106377171643636],[150.21986374217528,-36.10769556668834],[150.22150790823073,-36.104422409479305],[150.21910004546595,-36.103131834774565],[150.21863540015235,-36.103343716172965],[150.21452617853654,-36.101100767863784],[150.21404544107904,-36.10134888902693],[150.20995376028435,-36.09906602354158],[150.20945316374622,-36.09935882041359],[150.20538332609522,-36.09702624275168],[150.20485760024917,-36.097375497084734],[150.20081571223616,-36.094979302662296],[150.20025715675416,-36.09540219059378],[150.19625230177118,-36.09292169241872],[150.19564900994857,-36.09344469616137],[150.1916955587961,-36.09084715700842],[150.19102763826848,-36.09151434752402],[150.18715034114487,-36.08874336500686],[150.1863805865517,-36.08963671054093],[150.18262773949857,-36.08658216314657],[150.18167260255538,-36.087884145079],[150.17815979436796,-36.08428221782338],[150.17688905304144,-36.086346453118324],[150.17652203842277,-36.08616690762446],[150.17403195048212,-36.08171888957764],[150.17847939866118,-36.08347091461717],[150.18313144062552,-36.08530353720845],[150.18313144062552,-36.08530353720846],[150.18778348258985,-36.08713615979974],[150.19243552455418,-36.08896878239102],[150.19708756651852,-36.0908014049823],[150.20173960848285,-36.09263402757358],[150.20173960848285,-36.09263402757359],[150.2063916504472,-36.09446665016487],[150.21104369241152,-36.09629927275615],[150.21569573437586,-36.09813189534743],[150.2203477763402,-36.09996451793871],[150.2203477763402,-36.099964517938716],[150.2231856259146,-36.101082458679706],[150.22546146204778,-36.09655179134161],[150.22647024999634,-36.093062995122786],[150.22731568821385,-36.09109174868537],[150.22420948443622,-36.09025001564469],[150.22417459281377,-36.09025029150194],[150.219350535993,-36.08894243683372],[150.21931547627776,-36.08894331974663],[150.2144915937416,-36.08763481715615],[150.21445634121207,-36.087636395028206],[150.20963265907432,-36.08632714742394],[150.20959718311562,-36.08632952877255],[150.20477373383432,-36.08501941547155],[150.20473799590096,-36.0850227364323],[150.19991482051486,-36.08371160484355],[150.1998787711281,-36.08371603943204],[150.1950559225734,-36.08240369272084],[150.19501949674643,-36.08240946836193],[150.1901970449475,-36.08109564651527],[150.19016015493253,-36.08110306846596],[150.185338194942,-36.079787418015215],[150.18530071816326,-36.07979690961043],[150.18047938384063,-36.07847893274782],[150.1804411415784,-36.078491105671475],[150.17562063004246,-36.07717006927939],[150.17558134677765,-36.077185855665135],[150.1707619657198,-36.07586061527241],[150.17072118326976,-36.0758815416077],[150.1659034526738,-36.0745501628396],[150.16586032087616,-36.07457900164483],[150.1610452266437,-36.07323781610186],[150.1609978674289,-36.07328050051041],[150.15618765506554,-36.07192114998148],[150.15613028743718,-36.071995012911884],[150.15133219942743,-36.07059051865659],[150.15121364790687,-36.07083406106526],[150.1465113552165,-36.0691289980094],[150.14686711683106,-36.067967381338526],[150.15162052132385,-36.06868759414065],[150.15162052132385,-36.068687594140656],[150.15656409884494,-36.06943662103798],[150.16150767636603,-36.070185647935304],[150.16150767636603,-36.07018564793531],[150.16645125388712,-36.070934674832635],[150.16645125388712,-36.07093467483264],[150.1713948314082,-36.07168370172997],[150.17139483140824,-36.071683701729974],[150.17633840892933,-36.0724327286273],[150.18128198645041,-36.07318175552462],[150.18128198645041,-36.07318175552463],[150.1862255639715,-36.073930782421954],[150.1862255639715,-36.07393078242196],[150.1911691414926,-36.074679809319285],[150.19611271901368,-36.07542883621661],[150.1961127190137,-36.075428836216616],[150.2010562965348,-36.07617786311394],[150.2010562965348,-36.07617786311395],[150.2059998740559,-36.07692689001127],[150.21094345157698,-36.077675916908596],[150.21094345157698,-36.0776759169086],[150.21588702909807,-36.07842494380593],[150.21588702909807,-36.078424943805935],[150.22083060661916,-36.07917397070326],[150.2208306066192,-36.07917397070326],[150.22577418414028,-36.07992299760058],[150.22577418414028,-36.07992299760059],[150.23071776166137,-36.080672024497915],[150.23071776166137,-36.08067202449792],[150.2310740789,-36.08072601195833],[150.23299724779412,-36.0711618401027],[150.23463450212566,-36.06949153987747],[150.23531532025476,-36.06845478027446],[150.23260775016956,-36.068387235388435],[150.23257818500645,-36.06839323042354],[150.2275687194093,-36.06826787049676],[150.2275391412718,-36.06827428053558],[150.22252968606068,-36.06814848058382],[150.22250009300194,-36.06815536057964],[150.2174906495934,-36.06802906052419],[150.21746103920034,-36.06803647713355],[150.21245160932187,-36.06790960368997],[150.2124219785552,-36.06791763885497],[150.2074125643435,-36.06779010135674],[150.20738290930433,-36.06779885737381],[150.20237351344588,-36.06767054180339],[150.202343829024,-36.0676801486875],[150.19733445496075,-36.06755090890454],[150.19730473428564,-36.067561535423735],[150.19229538652823,-36.06743117984762],[150.19226562007574,-36.06744305067237],[150.18725630469655,-36.067311321265166],[150.18722647875958,-36.067324744822436],[150.18221720420792,-36.0671912823322],[150.18218729811096,-36.06720669856662],[150.1771780766398,-36.06707098163107],[150.1771480572499,-36.06708904971285],[150.17213890760198,-36.06695028005617],[150.17210871733982,-36.06697205458261],[150.1670996703132,-36.066828918722244],[150.16706919699766,-36.06685625030411],[150.16206030860585,-36.06670635467494],[150.16202929205426,-36.066742984393805],[150.1570206813828,-36.06658122397599],[150.1569883037491,-36.066636868671274],[150.15198030453385,-36.066448846893486],[150.15194124127763,-36.066570842446254],[150.14693569350027,-36.06627553935955],[150.14683762835378,-36.067864517878206],[150.14209393972686,-36.06705121346682],[150.14198546336993,-36.06701458055658],[150.14139012755882,-36.06835337816713],[150.14000163271686,-36.06762240833563],[150.13930023788103,-36.06702229727009],[150.13929682876108,-36.066889853504556],[150.13942332679915,-36.06676800211357],[150.14196578290796,-36.06682433609099],[150.14196814862163,-36.066405686241936],[150.1469279409288,-36.06620059783559],[150.14690795408987,-36.06476359095567],[150.15175410639188,-36.06426226485529],[150.15175410639188,-36.064262264855266],[150.156727565361,-36.063747769099656],[150.156727565361,-36.06374776909963],[150.16170102433009,-36.063233273344025],[150.1617010243301,-36.06323327334398],[150.1666744832992,-36.06271877758838],[150.1666744832992,-36.06271877758836],[150.17164794226832,-36.06220428183275],[150.17164794226832,-36.06220428183272],[150.17662140123744,-36.06168978607711],[150.17662140123744,-36.06168978607709],[150.18159486020653,-36.061175290321486],[150.18159486020656,-36.061175290321444],[150.18656831917565,-36.06066079456584],[150.18656831917565,-36.06066079456581],[150.19154177814477,-36.0601462988102],[150.19154177814477,-36.06014629881018],[150.19651523711389,-36.05963180305457],[150.19651523711389,-36.05963180305454],[150.20148869608298,-36.05911730729894],[150.201488696083,-36.059117307298905],[150.2064621550521,-36.0586028115433],[150.2064621550521,-36.058602811543274],[150.2114356140212,-36.058088315787664],[150.2114356140212,-36.058088315787636],[150.21640907299033,-36.057573820032026],[150.21640907299033,-36.057573820032005],[150.22138253195942,-36.0570593242764],[150.22138253195945,-36.05705932427636],[150.22635599092854,-36.05654482852076],[150.22635599092854,-36.056544828520735],[150.23132944989766,-36.056030332765125],[150.23132944989766,-36.0560303327651],[150.23630290886678,-36.05551583700949],[150.23630290886678,-36.05551583700946],[150.24127636783587,-36.055001341253856],[150.2412763678359,-36.05500134125382],[150.2443043461278,-36.05468810212007],[150.25080706131544,-36.038719075531944],[150.2541456628697,-36.02157705558979],[150.25411076764723,-36.00411298131261],[150.25371268306517,-36.00211167459869],[150.2541290241424,-35.999606276889665],[150.2535637878451,-35.981944030818916],[150.24960279793032,-35.9649240701075],[150.24987228743595,-35.96366559986267],[150.24999208540194,-35.9453871813146],[150.25105393847707,-35.93870633321042],[150.25068076446314,-35.92782816787411],[150.2536794543009,-35.925436971906976],[150.25501768335891,-35.92389320485249],[150.2614586427762,-35.92242041418349],[150.27647603096895,-35.91595173103046],[150.2900751910547,-35.90687270824007],[150.29194019105472,-35.905365708240076],[150.30484950090374,-35.89257570596798],[150.31492635731772,-35.87745315976339],[150.32175993004685,-35.86061461105355],[150.32507161649164,-35.842746562145244],[150.3249708539606,-35.83744332995458],[150.32725185373965,-35.82337987387798],[150.32684660208355,-35.81245359735795],[150.32764171641352,-35.811600303930646],[150.33951977657375,-35.795623078426345],[150.3467661550705,-35.779292370251184],[150.35398833419904,-35.76953669320866],[150.35694707808312,-35.763221829493666],[150.3663144679268,-35.75403364883898],[150.3685572216152,-35.750780684073604],[150.37349439639954,-35.74626176085704],[150.38388629515325,-35.73214301546746],[150.39134397291926,-35.716277531755274],[150.3940490759834,-35.70542633077567],[150.39745038467925,-35.698104587933116],[150.3977334124203,-35.69696717559247],[150.4045367581592,-35.69028252830886],[150.41469304136453,-35.67516167069568],[150.42159671171888,-35.65830552169468],[150.42338320130781,-35.64881105996693],[150.42360284575287,-35.64844663255036],[150.43513064126012,-35.640342277273646],[150.44176541804958,-35.63354618395759],[150.4478256502294,-35.62896794233197],[150.45938689685434,-35.616078440559455],[150.4626523830275,-35.61061150527672],[150.4676505564548,-35.60805221840727],[150.4695815564548,-35.60681821840727],[150.4827155146378,-35.59659918490668],[150.4937435260147,-35.58413674259749],[150.5022885558062,-35.5698569677708],[150.50805845946226,-35.554248069185746],[150.51085597074174,-35.53784369678447],[150.51058544601392,-35.52120469682623],[150.5100374460139,-35.51618969682623],[150.50623710671704,-35.49837711044766],[150.49920128467687,-35.48231746623984],[150.50323818008405,-35.47949758303304],[150.50713200895115,-35.47551000539612],[150.50737910736925,-35.47533770081163],[150.5193351822725,-35.46303077920862],[150.5286046768416,-35.44888255068949],[150.54191808464492,-35.441801087041206],[150.5550981716428,-35.431208009670996],[150.56606418161238,-35.41833654484406],[150.57442901713446,-35.403641052061154],[150.57989740159968,-35.38764027855534],[150.58227630239912,-35.3708990476439],[150.58148174492746,-35.35400832060603],[150.57792005546492,-35.33914313232565],[150.5814815280715,-35.336194153658],[150.58855942930072,-35.32754420258756],[150.59071222153796,-35.32650231889415],[150.60389439786317,-35.31683834391094],[150.61511133582152,-35.30494958922496],[150.6239930673074,-35.29122818146345],[150.6247980673074,-35.28969518146345],[150.63102160095448,-35.27403760622485],[150.63189562819608,-35.27376237545618],[150.6478424822623,-35.26487911879944],[150.66166887989368,-35.252960849966385],[150.6728060365423,-35.2384978577026],[150.67376003654232,-35.2369578577026],[150.67859011461948,-35.22711073597028],[150.68263515774615,-35.22481561293764],[150.68316015774616,-35.224489612937646],[150.68350341694895,-35.224273359875404],[150.68326520835842,-35.224168917660336],[150.6832652083584,-35.22416891766034],[150.6786860181862,-35.22216117829314],[150.67868601818617,-35.22216117829314],[150.67410682801398,-35.22015343892594],[150.67410682801395,-35.22015343892595],[150.66952763784175,-35.21814569955875],[150.66952763784172,-35.21814569955875],[150.66494844766953,-35.216137960191546],[150.6649484476695,-35.21613796019155],[150.6603692574973,-35.21413022082435],[150.66036925749728,-35.21413022082436],[150.65579006732506,-35.21212248145715],[150.65579006732506,-35.212122481457165],[150.65121087715283,-35.21011474208996],[150.6512108771528,-35.210114742089964],[150.6466316869806,-35.20810700272276],[150.64663168698058,-35.20810700272276],[150.6420524968084,-35.20609926335556],[150.64205249680836,-35.20609926335557],[150.63747330663617,-35.20409152398837],[150.63747330663614,-35.204091523988374],[150.63289411646394,-35.20208378462117],[150.63289411646392,-35.20208378462117],[150.62831492629172,-35.20007604525397],[150.6283149262917,-35.20007604525398],[150.6237357361195,-35.19806830588678],[150.62373573611947,-35.19806830588678],[150.61915654594728,-35.19606056651958],[150.61915654594725,-35.196060566519584],[150.61457735577503,-35.194052827152376],[150.61457735577503,-35.1940528271524],[150.6099981656028,-35.19204508778519],[150.60999816560278,-35.19204508778519],[150.60541897543058,-35.19003734841799],[150.60541897543055,-35.190037348417995],[150.60083978525836,-35.188029609050794],[150.60083978525833,-35.188029609050794],[150.59646665864386,-35.18611221795511],[150.59517140968168,-35.18763551828746],[150.59533221738596,-35.18796105174018],[150.595788774202,-35.18856391803822],[150.59635063842612,-35.18907008055482],[150.59699772720847,-35.18946144739977],[150.59706565865426,-35.18949420166012],[150.597251,-35.189562],[150.593432,-35.188165],[150.593971,-35.185018],[150.593378,-35.184758],[150.592547,-35.184281],[150.592472,-35.183651],[150.592698,-35.182921],[150.592497,-35.181612],[150.59159,-35.178818],[150.591489,-35.17668],[150.590986,-35.173785],[150.591104,-35.173199],[150.591249,-35.172472],[150.591749,-35.171882],[150.592117,-35.171654],[150.593157,-35.171021],[150.594652,-35.170638],[150.595156,-35.17052],[150.596837,-35.17043],[150.599154,-35.170611],[150.601334,-35.170066],[150.601698,-35.168886],[150.601425,-35.167706],[150.601016,-35.166888],[150.600744,-35.165708],[150.601016,-35.164528],[150.601834,-35.162621],[150.601961,-35.162382],[150.603106,-35.160215],[150.604696,-35.1579],[150.605105,-35.156175],[150.604378,-35.154313],[150.602606,-35.153179],[150.600607,-35.152997],[150.598381,-35.152543],[150.598001,-35.152476],[150.596246,-35.15218],[150.595383,-35.151],[150.594565,-35.148684],[150.59343,-35.146914],[150.592868,-35.143937],[150.593839,-35.143981],[150.593997,-35.143924],[150.594292,-35.143926],[150.594344,-35.143941],[150.594484,-35.143956],[150.594553,-35.143985],[150.594674,-35.144014],[150.594848,-35.144101],[150.594882,-35.144144],[150.594969,-35.144173],[150.595003,-35.144259],[150.595107,-35.14436],[150.595347,-35.144705],[150.595416,-35.14482],[150.595623,-35.145064],[150.595795,-35.145223],[150.595882,-35.145323],[150.595968,-35.145382],[150.59602,-35.145439],[150.596106,-35.145482],[150.596366,-35.145642],[150.596418,-35.145657],[150.596487,-35.1457],[150.596695,-35.145816],[150.596799,-35.145859],[150.596973,-35.145903],[150.597598,-35.14605],[150.597806,-35.146094],[150.598397,-35.146241],[150.598971,-35.146345],[150.599545,-35.146376],[150.599615,-35.146333],[150.599737,-35.14632],[150.600156,-35.146165],[150.600243,-35.146152],[150.600313,-35.146123],[150.600557,-35.146096],[150.600992,-35.146113],[150.601235,-35.146143],[150.601549,-35.146116],[150.601932,-35.146075],[150.602106,-35.146076],[150.602158,-35.146091],[150.602228,-35.146092],[150.602402,-35.146121],[150.602853,-35.146252],[150.603062,-35.146254],[150.603463,-35.146213],[150.603882,-35.146087],[150.603969,-35.146044],[150.604144,-35.145988],[150.604266,-35.145917],[150.60444,-35.145847],[150.604598,-35.145762],[150.604983,-35.145521],[150.605036,-35.145479],[150.605105,-35.14545],[150.605403,-35.145208],[150.606333,-35.144398],[150.606402,-35.144327],[150.606473,-35.144285],[150.606631,-35.144128],[150.606702,-35.144056],[150.606735,-35.144056],[150.606911,-35.143943],[150.607173,-35.143859],[150.607277,-35.14386],[150.60733,-35.143846],[150.607347,-35.14386],[150.607504,-35.143847],[150.608025,-35.143965],[150.608181,-35.144022],[150.608337,-35.144037],[150.609014,-35.144299],[150.609153,-35.144371],[150.609257,-35.144444],[150.609862,-35.14492],[150.609948,-35.144977],[150.610086,-35.145121],[150.610139,-35.14515],[150.611189,-35.146374],[150.611361,-35.146546],[150.611397,-35.146547],[150.611829,-35.146893],[150.612262,-35.147167],[150.612331,-35.147196],[150.612957,-35.147256],[150.613044,-35.147257],[150.613096,-35.147272],[150.613601,-35.147317],[150.613862,-35.147333],[150.613897,-35.147319],[150.613948,-35.14732],[150.614141,-35.147249],[150.614263,-35.147106],[150.6143,-35.146936],[150.614319,-35.146763],[150.61427,-35.146434],[150.614272,-35.146105],[150.614308,-35.145933],[150.614326,-35.14589],[150.614397,-35.145777],[150.614486,-35.145605],[150.61452,-35.145562],[150.614522,-35.145505],[150.614802,-35.145149],[150.61503,-35.144993],[150.615135,-35.144965],[150.615292,-35.144966],[150.61557,-35.145082],[150.615567,-35.145368],[150.615323,-35.145424],[150.615218,-35.145424],[150.615026,-35.145466],[150.614904,-35.145622],[150.614901,-35.145851],[150.614934,-35.146037],[150.614967,-35.146395],[150.614947,-35.146567],[150.614945,-35.146853],[150.614915,-35.146893],[150.614892,-35.146939],[150.614803,-35.14711],[150.614592,-35.147367],[150.614469,-35.147566],[150.614398,-35.147709],[150.614344,-35.147866],[150.614309,-35.147909],[150.614343,-35.147995],[150.614343,-35.148038],[150.614376,-35.148138],[150.614531,-35.148426],[150.614617,-35.148483],[150.614739,-35.148555],[150.614913,-35.148585],[150.615435,-35.14856],[150.615609,-35.148518],[150.615906,-35.148405],[150.616012,-35.148348],[150.616676,-35.147937],[150.617165,-35.14771],[150.617393,-35.147626],[150.617741,-35.147614],[150.617828,-35.147615],[150.618123,-35.147631],[150.618627,-35.147719],[150.618923,-35.147792],[150.619078,-35.14785],[150.619965,-35.148028],[150.620104,-35.148043],[150.620521,-35.148131],[150.620626,-35.148132],[150.620678,-35.148146],[150.620817,-35.148147],[150.621026,-35.148062],[150.62122,-35.147863],[150.620944,-35.147489],[150.620442,-35.147172],[150.620097,-35.146898],[150.619579,-35.146365],[150.619233,-35.146077],[150.618835,-35.145788],[150.61868,-35.145659],[150.618144,-35.145283],[150.617953,-35.145182],[150.617658,-35.145037],[150.617588,-35.145037],[150.617537,-35.145022],[150.617188,-35.14502],[150.61684,-35.145047],[150.616649,-35.145017],[150.616494,-35.14483],[150.616408,-35.144686],[150.616356,-35.144629],[150.61627,-35.144456],[150.616133,-35.144284],[150.616116,-35.144183],[150.615996,-35.144025],[150.615722,-35.14348],[150.61555,-35.143279],[150.615411,-35.143148],[150.615274,-35.143062],[150.615169,-35.142976],[150.615135,-35.142903],[150.615153,-35.142804],[150.615275,-35.14279],[150.615449,-35.142862],[150.615761,-35.143036],[150.616488,-35.143555],[150.616763,-35.143772],[150.617075,-35.143945],[150.617352,-35.144147],[150.617595,-35.144378],[150.617749,-35.144537],[150.618026,-35.144782],[150.618614,-35.1452],[150.619377,-35.145633],[150.619636,-35.145836],[150.619999,-35.146124],[150.62005,-35.146195],[150.620327,-35.14644],[150.620396,-35.146484],[150.62126,-35.147176],[150.62145,-35.147363],[150.621969,-35.147853],[150.622194,-35.14794],[150.622419,-35.148113],[150.623042,-35.148575],[150.623613,-35.148893],[150.624134,-35.149097],[150.624758,-35.149286],[150.626113,-35.149594],[150.626861,-35.149785],[150.627364,-35.149888],[150.627695,-35.149947],[150.627903,-35.149976],[150.628739,-35.149938],[150.629192,-35.149869],[150.629523,-35.149843],[150.629941,-35.149802],[150.630325,-35.149719],[150.630395,-35.149705],[150.630552,-35.149677],[150.630744,-35.149592],[150.631058,-35.149493],[150.631389,-35.149453],[150.632068,-35.149457],[150.632277,-35.149472],[150.632381,-35.149458],[150.632469,-35.149473],[150.632834,-35.149418],[150.632904,-35.149419],[150.633044,-35.149391],[150.633428,-35.14925],[150.634266,-35.148811],[150.634372,-35.148725],[150.635158,-35.148357],[150.635228,-35.148301],[150.635683,-35.148031],[150.636085,-35.147776],[150.636086,-35.147733],[150.637259,-35.146881],[150.638065,-35.146198],[150.638346,-35.145928],[150.638627,-35.145701],[150.639136,-35.145174],[150.639223,-35.145088],[150.639311,-35.145031],[150.639592,-35.144747],[150.639785,-35.144562],[150.640138,-35.143977],[150.640278,-35.14382],[150.641049,-35.143209],[150.641172,-35.143109],[150.641224,-35.14311],[150.641382,-35.142939],[150.641645,-35.142668],[150.642136,-35.142213],[150.642154,-35.14217],[150.642383,-35.141942],[150.642523,-35.141757],[150.642611,-35.141657],[150.64277,-35.141372],[150.642948,-35.140943],[150.642966,-35.140829],[150.643215,-35.140172],[150.643303,-35.140087],[150.643321,-35.140001],[150.643374,-35.13993],[150.643409,-35.139844],[150.643462,-35.139787],[150.643638,-35.139545],[150.644023,-35.139261],[150.644408,-35.139033],[150.644618,-35.138935],[150.645106,-35.138751],[150.645421,-35.138581],[150.645508,-35.138553],[150.645631,-35.138468],[150.645823,-35.138326],[150.645998,-35.138241],[150.646489,-35.137871],[150.646471,-35.137857],[150.646577,-35.137771],[150.646962,-35.137416],[150.647225,-35.137189],[150.647523,-35.136904],[150.647665,-35.136675],[150.647736,-35.13639],[150.647739,-35.136018],[150.647828,-35.135775],[150.648022,-35.135518],[150.648338,-35.135233],[150.648495,-35.135134],[150.64888,-35.134779],[150.650672,-35.132842],[150.651303,-35.132201],[150.651688,-35.131917],[150.652457,-35.131549],[150.652824,-35.131394],[150.653208,-35.131253],[150.653574,-35.131168],[150.653957,-35.131056],[150.654219,-35.130958],[150.654272,-35.130915],[150.655024,-35.130504],[150.655163,-35.130447],[150.655199,-35.130419],[150.655286,-35.130391],[150.655704,-35.130178],[150.65609,-35.12998],[150.657174,-35.12937],[150.6574,-35.129185],[150.657594,-35.129],[150.657735,-35.128772],[150.657965,-35.12833],[150.658178,-35.127758],[150.658319,-35.12753],[150.658583,-35.127173],[150.658969,-35.126818],[150.659022,-35.126747],[150.659144,-35.126633],[150.659442,-35.126348],[150.659758,-35.126035],[150.660039,-35.125722],[150.66032,-35.125394],[150.660373,-35.125251],[150.66064,-35.124451],[150.660803,-35.12375],[150.660803,-35.123707],[150.660839,-35.123593],[150.660839,-35.123536],[150.660858,-35.123478],[150.660865,-35.123429],[150.660877,-35.123248],[150.660825,-35.123105],[150.660824,-35.122904],[150.660871,-35.12282],[150.661172,-35.121917],[150.661242,-35.121573],[150.661241,-35.121402],[150.661345,-35.120943],[150.661554,-35.120299],[150.661641,-35.119713],[150.66164,-35.119226],[150.661571,-35.118911],[150.661467,-35.118682],[150.661223,-35.11831],[150.661084,-35.117938],[150.661053,-35.117824],[150.664396,-35.11828],[150.670643,-35.119128],[150.673745,-35.119548],[150.673991,-35.119582],[150.678841,-35.12024],[150.681824,-35.120649],[150.693173,-35.122096],[150.700489,-35.12304],[150.701604,-35.122862],[150.70355596020397,-35.12274384126887],[150.70425891240208,-35.122701289202695],[150.7042949261587,-35.12243241716926],[150.70713882029048,-35.12197841433925],[150.70872884218923,-35.11991710628932],[150.7103279931296,-35.12146929078285],[150.71394769797564,-35.120891436556306],[150.71394769797567,-35.12089143655627],[150.7188851771659,-35.12010321117882],[150.71888517716593,-35.12010321117879],[150.7238226563562,-35.11931498580134],[150.7238226563562,-35.1193149858013],[150.72876013554645,-35.118526760423855],[150.72876013554648,-35.11852676042382],[150.7336976147367,-35.11773853504637],[150.73369761473674,-35.117738535046335],[150.73863509392697,-35.11695030966889],[150.738635093927,-35.11695030966885],[150.74357257311723,-35.1161620842914],[150.74357257311726,-35.11616208429137],[150.7485100523075,-35.11537385891392],[150.74851005230752,-35.115373858913884],[150.75344753149776,-35.114585633536436],[150.75344753149778,-35.1145856335364],[150.75838501068802,-35.11379740815895],[150.75838501068804,-35.113797408158916],[150.76332248987828,-35.11300918278147],[150.7633224898783,-35.11300918278143],[150.76660509230027,-35.11248514400914],[150.76784727694113,-35.109635835369815],[150.76995698188156,-35.111950044147704],[150.77319744825883,-35.1114327320265],[150.77319744825886,-35.111432732026465],[150.7781349274491,-35.11064450664902],[150.77813492744912,-35.11064450664898],[150.78307240663935,-35.10985628127153],[150.78307240663938,-35.1098562812715],[150.7880098858296,-35.10906805589405],[150.78800988582964,-35.109068055894014],[150.79294736501987,-35.108279830516565],[150.7929473650199,-35.10827983051653],[150.79788484421013,-35.10749160513908],[150.79788484421016,-35.107491605139046],[150.8028223234004,-35.1067033797616],[150.80282232340042,-35.10670337976156],[150.80775980259068,-35.105915154384114],[150.80775980259068,-35.10591515438408],[150.81269728178094,-35.10512692900663],[150.81269728178097,-35.105126929006595],[150.8176347609712,-35.104338703629146],[150.81763476097123,-35.10433870362911],[150.82257224016146,-35.10355047825166],[150.8225722401615,-35.10355047825163],[150.82750971935172,-35.10276225287418],[150.82750971935175,-35.10276225287414],[150.88406538524995,-35.09373363535867],[150.92026226119353,-35.102362003509896],[150.92068546243078,-35.10159012046241],[150.92226646243077,-35.09816912046241],[150.92775290391253,-35.08275056697965],[150.92862962723245,-35.0773099628377],[150.92991811614866,-35.07392302600633],[150.93283101610794,-35.05586419294489],[150.93253899840713,-35.049182383800776],[150.93723122987777,-35.035455920783335],[150.9395814002648,-35.01813488448038],[150.9396514002648,-35.016273884480384],[150.93833621598122,-34.997197686837644],[150.93302070254418,-34.97882987958949],[150.92394480027878,-34.96199957881163],[150.92036497410442,-34.9578129253105],[150.91342537205568,-34.94811267994688],[150.9098643720557,-34.94416367994688],[150.89676215607685,-34.932237870347315],[150.8815775446485,-34.923109859943466],[150.87520196319318,-34.92082527921165],[150.87174154944714,-34.903858915996054],[150.86487860213316,-34.88754381506316],[150.85931236610193,-34.87932262113058],[150.85872892216912,-34.87582142187131],[150.85772592216912,-34.87214242187131],[150.85579284535146,-34.867001242260464],[150.8709339907906,-34.85998049575551],[150.8853733940984,-34.84937304824761],[150.8974254657336,-34.836115526615764],[150.9066125652682,-34.820733344954526],[150.91257059511923,-34.8038361206022],[150.9127753669862,-34.80237866895959],[150.91679958805312,-34.7961780327975],[150.9232149122903,-34.78039648468638],[150.9261317284273,-34.76574687608108],[150.92857269299014,-34.76132815762555],[150.93058978524948,-34.75668835465237],[150.93085922308745,-34.75628480897434],[150.9375517538399,-34.740245385253786],[150.93845652089274,-34.735824809162224],[150.94042568137564,-34.73177118970506],[150.94165622865262,-34.727081528082756],[150.94667049995692,-34.71554052352192],[150.94996310959658,-34.69999995679578],[150.95058760594242,-34.69853897938557],[150.9525668114393,-34.688930021399884],[150.95209846638429,-34.688317648350676],[150.9504011354631,-34.68434444856084],[150.94990751380038,-34.677927247096385],[150.94938702844746,-34.667043210443055],[150.94923184435044,-34.65679057811563],[150.94944196150925,-34.64716935011412],[150.95001737992396,-34.638179526438506],[150.95095809959454,-34.6298211070888],[150.9520549685267,-34.6233315305849],[150.95219753679854,-34.6219790055447],[150.9533054534209,-34.615490812017356],[150.95343525428788,-34.614133931562904],[150.95455872945254,-34.60764758843317],[150.95466996348995,-34.60628365791192],[150.95581698102407,-34.59979989935397],[150.95589865988927,-34.59842299144252],[150.9570854764654,-34.59194301650875],[150.957112341234,-34.59053637222791],[150.95838097901958,-34.58406189506229],[150.95826613137402,-34.582546234163765],[150.95980072127117,-34.57606926978696],[150.95755774074743,-34.57215256395886],[150.95358320839875,-34.574452044020845],[150.95358320839875,-34.57445204402084],[150.94925533824068,-34.57695594895011],[150.94925533824068,-34.5769559489501],[150.9449274680826,-34.57945985387937],[150.9449274680826,-34.579459853879364],[150.94059959792452,-34.581963758808634],[150.94059959792452,-34.58196375880863],[150.93627172776644,-34.584467663737904],[150.9362717277664,-34.58446766373789],[150.93194385760833,-34.58697156866717],[150.93194385760833,-34.58697156866716],[150.92761598745025,-34.58947547359643],[150.92761598745025,-34.58947547359642],[150.92328811729217,-34.59197937852569],[150.92328811729217,-34.591979378525686],[150.9189602471341,-34.594483283454956],[150.9189602471341,-34.59448328345495],[150.91463237697602,-34.59698718838422],[150.91463237697602,-34.59698718838421],[150.91030450681794,-34.59949109331348],[150.91030450681794,-34.599491093313475],[150.90597663665986,-34.601994998242745],[150.90597663665986,-34.60199499824274],[150.90164876650178,-34.60449890317201],[150.90164876650178,-34.604498903172],[150.8973208963437,-34.60700280810127],[150.8973208963437,-34.607002808101264],[150.89299302618562,-34.609506713030534],[150.89299302618562,-34.60950671303053],[150.88866515602754,-34.6120106179598],[150.88866515602754,-34.61201061795979],[150.88433728586946,-34.61451452288906],[150.88433728586944,-34.61451452288905],[150.88000941571136,-34.61701842781832],[150.88000941571136,-34.617018427818316],[150.87568154555328,-34.619522332747586],[150.87568154555328,-34.61952233274758],[150.87139288709184,-34.622003551607975],[150.87026617637176,-34.61947926333615],[150.87451597410683,-34.617507702790505],[150.87439359831438,-34.61644561901962],[150.8783043734225,-34.614071350413795],[150.87838658917278,-34.61329455598935],[150.88216841675393,-34.610765744805605],[150.88234142104278,-34.61011016302378],[150.88605528147605,-34.60749958479088],[150.88620804454132,-34.607100224007624],[150.88586373818785,-34.60654799044739],[150.8861156055009,-34.603881914836016],[150.88646604500448,-34.603445992955024],[150.88702989974567,-34.602963426351174],[150.88732760775844,-34.602753143363245],[150.88117,-34.603855],[150.88532904426037,-34.60620079634465],[150.885356,-34.606216],[150.8796862295049,-34.60658941606369],[150.8795105708189,-34.60661744761427],[150.87962906841975,-34.607741060980935],[150.87793233828427,-34.60836687974769],[150.8756874631342,-34.61093700669518],[150.87568746313417,-34.610937006695174],[150.87239824910438,-34.61470278298514],[150.87239824910435,-34.614702782985134],[150.86910903507456,-34.6184685592751],[150.86910903507453,-34.618468559275094],[150.86670582278373,-34.621219964255886],[150.87096292137502,-34.622252309828156],[150.86755294818727,-34.62422516214619],[150.865876511079,-34.622543647099945],[150.86390792157346,-34.626334005473794],[150.8631309790391,-34.62678350838641],[150.8636012270878,-34.6295533034793],[150.8626453393929,-34.62977492051188],[150.86142225400457,-34.63019599281619],[150.860886,-34.627883],[150.860534,-34.628286],[150.860133,-34.628518],[150.859522,-34.628602],[150.858721,-34.628075],[150.858173,-34.626916],[150.858019,-34.626715],[150.85733,-34.625819],[150.855939,-34.624576],[150.85514,-34.623427],[150.854617,-34.622638],[150.853446,-34.620686],[150.851978,-34.618883],[150.850584,-34.618009],[150.849636,-34.617805],[150.849587,-34.617815],[150.849464,-34.617583],[150.849413,-34.617321],[150.849314,-34.617067],[150.849127,-34.616771],[150.84896,-34.616525],[150.848871,-34.616209],[150.84892,-34.615894],[150.849117,-34.615539],[150.849216,-34.615066],[150.849196,-34.614642],[150.84895,-34.614327],[150.848526,-34.614218],[150.847797,-34.61413],[150.847077,-34.614238],[150.846131,-34.614504],[150.8459,-34.614577],[150.844988,-34.614869],[150.844042,-34.615036],[150.843578,-34.615036],[150.843036,-34.615017],[150.842553,-34.614908],[150.842159,-34.614721],[150.842042,-34.614594],[150.841886,-34.614379],[150.841765,-34.614064],[150.841627,-34.613907],[150.841419,-34.613735],[150.840987,-34.613463],[150.840762,-34.613263],[150.840312,-34.612561],[150.839707,-34.611974],[150.839444,-34.611821],[150.839309,-34.611759],[150.838791,-34.61163],[150.838393,-34.611573],[150.837891,-34.611559],[150.837775,-34.611565],[150.837578,-34.612439],[150.837476,-34.613022],[150.837496,-34.613402],[150.837576,-34.613694],[150.837649,-34.613953],[150.837925,-34.614565],[150.838414,-34.615208],[150.839547,-34.616279],[150.840466,-34.617044],[150.841262,-34.617748],[150.84215,-34.618482],[150.842627,-34.618922],[150.843375,-34.619614],[150.844447,-34.620593],[150.845181,-34.621205],[150.845763,-34.621634],[150.846324,-34.621915],[150.846346,-34.622229],[150.846604,-34.623427],[150.846874,-34.62369],[150.848033,-34.624639],[150.848898,-34.625608],[150.849699,-34.6274],[150.850047,-34.628296],[150.850047,-34.628495],[150.850047,-34.628655],[150.849751,-34.631395],[150.849351,-34.63285],[150.848929,-34.634094],[150.848002,-34.635148],[150.846315,-34.636413],[150.844945,-34.636834],[150.843828,-34.636982],[150.843491,-34.637045],[150.843337,-34.637003],[150.843111,-34.63694],[150.842795,-34.63637],[150.842732,-34.635654],[150.843153,-34.635021],[150.843912,-34.634346],[150.844692,-34.633925],[150.845283,-34.633546],[150.845704,-34.633124],[150.846105,-34.631986],[150.846189,-34.631522],[150.846189,-34.631185],[150.845936,-34.630953],[150.84562,-34.630931],[150.845093,-34.630974],[150.844081,-34.631206],[150.84309,-34.631458],[150.842437,-34.631564],[150.841868,-34.631859],[150.841024,-34.632681],[150.840476,-34.633145],[150.839865,-34.633419],[150.839359,-34.633566],[150.838958,-34.633566],[150.838347,-34.633546],[150.837757,-34.633398],[150.837146,-34.633103],[150.836492,-34.632934],[150.835945,-34.632892],[150.835438,-34.633208],[150.834974,-34.633566],[150.834596,-34.633967],[150.834258,-34.634599],[150.833563,-34.635717],[150.833057,-34.63656],[150.833205,-34.636855],[150.833394,-34.637108],[150.833437,-34.637677],[150.832994,-34.638521],[150.832741,-34.6389],[150.832474,-34.639022],[150.83199,-34.63911],[150.831713,-34.639096],[150.831505,-34.639039],[150.83102,-34.638724],[150.830744,-34.63858],[150.830725,-34.638576],[150.830705,-34.638551],[150.830669,-34.638512],[150.830665,-34.638505],[150.830652,-34.638495],[150.830633,-34.638476],[150.830606,-34.638456],[150.830584,-34.638442],[150.83057,-34.638436],[150.830537,-34.638419],[150.830519,-34.638407],[150.830508,-34.638398],[150.830484,-34.638383],[150.830469,-34.638371],[150.830444,-34.638357],[150.8304,-34.638335],[150.830391,-34.638333],[150.830382,-34.638328],[150.830373,-34.638326],[150.830361,-34.638321],[150.830303,-34.638313],[150.83027,-34.638307],[150.830242,-34.638303],[150.830188,-34.638287],[150.830168,-34.638285],[150.830125,-34.638279],[150.830092,-34.638273],[150.830044,-34.638261],[150.830008,-34.638257],[150.829993,-34.638256],[150.82995,-34.638257],[150.829887,-34.638252],[150.829814,-34.638251],[150.829774,-34.638246],[150.829744,-34.638247],[150.829735,-34.638249],[150.829711,-34.63825],[150.829697,-34.638252],[150.829653,-34.638254],[150.829633,-34.638256],[150.829529,-34.638256],[150.829505,-34.638257],[150.82948,-34.638261],[150.829466,-34.638266],[150.829445,-34.63827],[150.829396,-34.638269],[150.829352,-34.638264],[150.829213,-34.63827],[150.829177,-34.638276],[150.829137,-34.638279],[150.829127,-34.638279],[150.829096,-34.638286],[150.829085,-34.638287],[150.829005,-34.638302],[150.828975,-34.638304],[150.828589,-34.638362],[150.828474,-34.63838],[150.828191,-34.638422],[150.827809,-34.638055],[150.827876,-34.63748],[150.82752,-34.637432],[150.826789,-34.638317],[150.826988,-34.638969],[150.826732,-34.639418],[150.824811,-34.639558],[150.82233,-34.639757],[150.82181,-34.640144],[150.820669,-34.640353],[150.819647,-34.640334],[150.819115,-34.640187],[150.818213,-34.639557],[150.817729,-34.639219],[150.816392,-34.63857],[150.81521,-34.636828],[150.814553,-34.637143],[150.81449,-34.638187],[150.815021,-34.640236],[150.814947,-34.640819],[150.81482,-34.64089],[150.813704,-34.641523],[150.812708,-34.641772],[150.811842,-34.641786],[150.811105,-34.641885],[150.80999,-34.641818],[150.809399,-34.641679],[150.808638,-34.641857],[150.8076,-34.641823],[150.807993,-34.642726],[150.807793,-34.642778],[150.807291,-34.642906],[150.805527,-34.642935],[150.803508,-34.643238],[150.801916,-34.643175],[150.801798,-34.643216],[150.801535,-34.64317],[150.80123,-34.643055],[150.800842,-34.642929],[150.800398,-34.642804],[150.7999,-34.642712],[150.799484,-34.642689],[150.799068,-34.642633],[150.798611,-34.642473],[150.798279,-34.642313],[150.79789,-34.642026],[150.797461,-34.641774],[150.797127,-34.641547],[150.797078,-34.641513],[150.796939,-34.641425],[150.796952,-34.641328],[150.79794,-34.636334],[150.799275,-34.629579],[150.793003,-34.628734],[150.794053,-34.623455],[150.79456,-34.621017],[150.79542,-34.616821],[150.795873,-34.614609],[150.790761,-34.61388],[150.788127,-34.613501],[150.788827,-34.610073],[150.789136,-34.608553],[150.789241,-34.608021],[150.790387,-34.602184],[150.789735,-34.602075],[150.782165,-34.600836],[150.782056,-34.600818],[150.780953,-34.600653],[150.778959,-34.600403],[150.777704,-34.600251],[150.776948,-34.600154],[150.776635,-34.600115],[150.776049,-34.600059],[150.77594,-34.60005],[150.77566,-34.600145],[150.774323,-34.600604],[150.768286,-34.598949],[150.766636,-34.606761],[150.760082,-34.605892],[150.759991,-34.605954],[150.75957,-34.607557],[150.758131,-34.613022],[150.756487,-34.612799],[150.752143,-34.612197],[150.746731,-34.611449],[150.746637,-34.611435],[150.743722,-34.611018],[150.743482,-34.610983],[150.729356,-34.608956],[150.723704,-34.608177],[150.719539,-34.607602],[150.719343,-34.607577],[150.71741,-34.607309],[150.712424,-34.606621],[150.712255,-34.606597],[150.710052,-34.606294],[150.702592,-34.605265],[150.700452,-34.604969],[150.699239,-34.604416],[150.699064,-34.603342],[150.698449,-34.603315],[150.698584,-34.602627],[150.698591,-34.602595],[150.69734,-34.602437],[150.695111,-34.603814],[150.693815,-34.603805],[150.693605,-34.604873],[150.693455,-34.605634],[150.693134,-34.607265],[150.691635,-34.607041],[150.691577,-34.607065],[150.691491,-34.607151],[150.691232,-34.607309],[150.691094,-34.607439],[150.690956,-34.607539],[150.690507,-34.607797],[150.690266,-34.607984],[150.689886,-34.608214],[150.689299,-34.608401],[150.689005,-34.608444],[150.688417,-34.608446],[150.687587,-34.608276],[150.686774,-34.608063],[150.686255,-34.607964],[150.685788,-34.607922],[150.6852,-34.607937],[150.684647,-34.607981],[150.683835,-34.608126],[150.683264,-34.608113],[150.683005,-34.608056],[150.682797,-34.608056],[150.682659,-34.608085],[150.681969,-34.608373],[150.681744,-34.608431],[150.681104,-34.608417],[150.680845,-34.608389],[150.680534,-34.608404],[150.680222,-34.608448],[150.679894,-34.608563],[150.679428,-34.60885],[150.679255,-34.608822],[150.679013,-34.608822],[150.678719,-34.608766],[150.678443,-34.60878],[150.678235,-34.608838],[150.678028,-34.608939],[150.677579,-34.609083],[150.677406,-34.609083],[150.677268,-34.609055],[150.677181,-34.609012],[150.676817,-34.608727],[150.676645,-34.608712],[150.67642,-34.60877],[150.67604,-34.609143],[150.675661,-34.609473],[150.675454,-34.609602],[150.674988,-34.60976],[150.674331,-34.609833],[150.673899,-34.609849],[150.672601,-34.60955],[150.672377,-34.609551],[150.672117,-34.609623],[150.671927,-34.609724],[150.671634,-34.609824],[150.671254,-34.609825],[150.67089,-34.60974],[150.670752,-34.60974],[150.670268,-34.60987],[150.670026,-34.609827],[150.669576,-34.609642],[150.669265,-34.609585],[150.668884,-34.609586],[150.668625,-34.609629],[150.668314,-34.609716],[150.668211,-34.609759],[150.668003,-34.609874],[150.667969,-34.609917],[150.667917,-34.609931],[150.667727,-34.610075],[150.667589,-34.610204],[150.667434,-34.610405],[150.667262,-34.61082],[150.667245,-34.610879],[150.667211,-34.610992],[150.666815,-34.611436],[150.666625,-34.611709],[150.666471,-34.612181],[150.666352,-34.612825],[150.666335,-34.613283],[150.666301,-34.613369],[150.666284,-34.613656],[150.666216,-34.613999],[150.666235,-34.614786],[150.666306,-34.615215],[150.666375,-34.615502],[150.666517,-34.616689],[150.66664,-34.617219],[150.666797,-34.617734],[150.666989,-34.618549],[150.666991,-34.619261],[150.666679,-34.619222],[150.666316,-34.619194],[150.665071,-34.619182],[150.664016,-34.619213],[150.663307,-34.619229],[150.662962,-34.619287],[150.662202,-34.619431],[150.661424,-34.619661],[150.661389,-34.61969],[150.661269,-34.619719],[150.661234,-34.619748],[150.661113,-34.619776],[150.660975,-34.619848],[150.660785,-34.61992],[150.660699,-34.619978],[150.660595,-34.620006],[150.660042,-34.620322],[150.65956,-34.620838],[150.659577,-34.620881],[150.659543,-34.62091],[150.659526,-34.620996],[150.659578,-34.621268],[150.659579,-34.621468],[150.659147,-34.621626],[150.65868,-34.62187],[150.658352,-34.622071],[150.658214,-34.622201],[150.658059,-34.622372],[150.657921,-34.622516],[150.657749,-34.622645],[150.657179,-34.623247],[150.657007,-34.623405],[150.656985,-34.623428],[150.656853,-34.623489],[150.656853,-34.62355],[150.656697,-34.623651],[150.6563,-34.623794],[150.655885,-34.623981],[150.655322,-34.624284],[150.655297,-34.624297],[150.65502,-34.624412],[150.654761,-34.624469],[150.653879,-34.624514],[150.653117,-34.624515],[150.652944,-34.624486],[150.652909,-34.6245],[150.652632,-34.624472],[150.65194,-34.624516],[150.651906,-34.624502],[150.651386,-34.624546],[150.650971,-34.624604],[150.650608,-34.624675],[150.650383,-34.624733],[150.650262,-34.624791],[150.65002,-34.624963],[150.649986,-34.624963],[150.649916,-34.62502],[150.649882,-34.62502],[150.649674,-34.625135],[150.649467,-34.625178],[150.64919,-34.625179],[150.649017,-34.625121],[150.648826,-34.624993],[150.648706,-34.624878],[150.648583,-34.624707],[150.648445,-34.624592],[150.64815,-34.624449],[150.648065,-34.624435],[150.64803,-34.624407],[150.647734,-34.624379],[150.647337,-34.624379],[150.646714,-34.624423],[150.646367,-34.624495],[150.646074,-34.624595],[150.645434,-34.624954],[150.645347,-34.624983],[150.645141,-34.625012],[150.644794,-34.624998],[150.644326,-34.624927],[150.644292,-34.624898],[150.643981,-34.624827],[150.643704,-34.62477],[150.643669,-34.624785],[150.643652,-34.62477],[150.643254,-34.624785],[150.642994,-34.624829],[150.642787,-34.624886],[150.642683,-34.624943],[150.64251,-34.625072],[150.64232,-34.625173],[150.642285,-34.625173],[150.641871,-34.625403],[150.641542,-34.62556],[150.641335,-34.625632],[150.640902,-34.625676],[150.640885,-34.625662],[150.640642,-34.62569],[150.640625,-34.625676],[150.640279,-34.625748],[150.640037,-34.62582],[150.63893,-34.626337],[150.638152,-34.626595],[150.637737,-34.626811],[150.637599,-34.626854],[150.637374,-34.626897],[150.637132,-34.626912],[150.636872,-34.626898],[150.636681,-34.626841],[150.636421,-34.626727],[150.6363,-34.626655],[150.636214,-34.626555],[150.636057,-34.626326],[150.635867,-34.626169],[150.635503,-34.625983],[150.635347,-34.625969],[150.635209,-34.625998],[150.635122,-34.626041],[150.634915,-34.626242],[150.634432,-34.626815],[150.633793,-34.627617],[150.633499,-34.627933],[150.633119,-34.628262],[150.632912,-34.628492],[150.632791,-34.628664],[150.632739,-34.628836],[150.632758,-34.629523],[150.632793,-34.629695],[150.632932,-34.629995],[150.633001,-34.63021],[150.633019,-34.630324],[150.632985,-34.630511],[150.632966,-34.630539],[150.63283,-34.63074],[150.632553,-34.631012],[150.632381,-34.631242],[150.632312,-34.631428],[150.632226,-34.631829],[150.632243,-34.631843],[150.632175,-34.632287],[150.632192,-34.632301],[150.632158,-34.632402],[150.632159,-34.632817],[150.632247,-34.633418],[150.632351,-34.633934],[150.632352,-34.634206],[150.632335,-34.634292],[150.632352,-34.634306],[150.632266,-34.634506],[150.632093,-34.63465],[150.632076,-34.634664],[150.631955,-34.634736],[150.631781,-34.634765],[150.631401,-34.634794],[150.631262,-34.634822],[150.630865,-34.635038],[150.630692,-34.635195],[150.630433,-34.635468],[150.629758,-34.636084],[150.629742,-34.636099],[150.629361,-34.636387],[150.629102,-34.636672],[150.628895,-34.63696],[150.628757,-34.637189],[150.628602,-34.63759],[150.628516,-34.637934],[150.628396,-34.638722],[150.628311,-34.639065],[150.628104,-34.639667],[150.628018,-34.639796],[150.627655,-34.640097],[150.627603,-34.640126],[150.627292,-34.640298],[150.626894,-34.640413],[150.626219,-34.640542],[150.625977,-34.640614],[150.625804,-34.6407],[150.625441,-34.640944],[150.625203,-34.64119],[150.624871,-34.641589],[150.624733,-34.641976],[150.624665,-34.642663],[150.624571,-34.643094],[150.624562,-34.643136],[150.624407,-34.643379],[150.624251,-34.643551],[150.624027,-34.643767],[150.623681,-34.644039],[150.623283,-34.644297],[150.622903,-34.644483],[150.622851,-34.644499],[150.62266,-34.644555],[150.622626,-34.644584],[150.622436,-34.644642],[150.621951,-34.644742],[150.62157,-34.64477],[150.621137,-34.644757],[150.620687,-34.644686],[150.620185,-34.644572],[150.619613,-34.644401],[150.61918,-34.644201],[150.619025,-34.644173],[150.618817,-34.644158],[150.618609,-34.644173],[150.618401,-34.644202],[150.618228,-34.644274],[150.618021,-34.644388],[150.617727,-34.644589],[150.617295,-34.644933],[150.616863,-34.64522],[150.616638,-34.645335],[150.615911,-34.645665],[150.615496,-34.645808],[150.615029,-34.645923],[150.61451,-34.645996],[150.61399,-34.645996],[150.613455,-34.645958],[150.612519,-34.645855],[150.612398,-34.645869],[150.612121,-34.645912],[150.611708,-34.646034],[150.611636,-34.646056],[150.61136,-34.646171],[150.61091,-34.646429],[150.61072,-34.646587],[150.61027,-34.647002],[150.609945,-34.647263],[150.609717,-34.647446],[150.609112,-34.647891],[150.608939,-34.647992],[150.60842,-34.648221],[150.607832,-34.648379],[150.607761,-34.648418],[150.607728,-34.648437],[150.607486,-34.648508],[150.607226,-34.648623],[150.607037,-34.648781],[150.606915,-34.648924],[150.606813,-34.649082],[150.606657,-34.649368],[150.606605,-34.649511],[150.606502,-34.649669],[150.606346,-34.649812],[150.606103,-34.649984],[150.605758,-34.650214],[150.60529,-34.650458],[150.604979,-34.650587],[150.604686,-34.650644],[150.604149,-34.650673],[150.60408,-34.650702],[150.603889,-34.650817],[150.603734,-34.65096],[150.603648,-34.65106],[150.603613,-34.651132],[150.603596,-34.651275],[150.603613,-34.65139],[150.60377,-34.651647],[150.603787,-34.651676],[150.603956,-34.651885],[150.603884,-34.651878],[150.603458,-34.651838],[150.601623,-34.651182],[150.601482,-34.651131],[150.601201,-34.651031],[150.601001,-34.650959],[150.600596,-34.650815],[150.599971,-34.650591],[150.59969,-34.65049],[150.597452,-34.64969],[150.594113,-34.647513],[150.593261,-34.647248],[150.592994,-34.647165],[150.590688,-34.647114],[150.590709,-34.64717],[150.590733,-34.647225],[150.590759,-34.647279],[150.590787,-34.647332],[150.590817,-34.647384],[150.590843,-34.647425],[150.59087,-34.647465],[150.590899,-34.647505],[150.590929,-34.647543],[150.590961,-34.64758],[150.591022,-34.647638],[150.591092,-34.64769],[150.591164,-34.647739],[150.591232,-34.647791],[150.591291,-34.647851],[150.591344,-34.647925],[150.591393,-34.648004],[150.591434,-34.648088],[150.591469,-34.648174],[150.591495,-34.648261],[150.591803,-34.648617],[150.591921,-34.648857],[150.591963,-34.649922],[150.591867,-34.650179],[150.591715,-34.651421],[150.591778,-34.651953],[150.591924,-34.652474],[150.592083,-34.652703],[150.592167,-34.652938],[150.592084,-34.653436],[150.591759,-34.654163],[150.591579,-34.654409],[150.591503,-34.654907],[150.591462,-34.65501],[150.591441,-34.65549],[150.591317,-34.656006],[150.590958,-34.656841],[150.59093,-34.657133],[150.590979,-34.657419],[150.590986,-34.657917],[150.590945,-34.658158],[150.590758,-34.658455],[150.590467,-34.658718],[150.589228,-34.659429],[150.588625,-34.659647],[150.588314,-34.65983],[150.587974,-34.659956],[150.587358,-34.66007],[150.587032,-34.660076],[150.586443,-34.660197],[150.584774,-34.660975],[150.583576,-34.661319],[150.582947,-34.661687],[150.582863,-34.662304],[150.582697,-34.66283],[150.582649,-34.6637],[150.582677,-34.663929],[150.582789,-34.664713],[150.582636,-34.664953],[150.582526,-34.665245],[150.582547,-34.665526],[150.582665,-34.666024],[150.582859,-34.666556],[150.582825,-34.666819],[150.58252,-34.667037],[150.582243,-34.666894],[150.581966,-34.666854],[150.581647,-34.666837],[150.580746,-34.666688],[150.580143,-34.666711],[150.579811,-34.666826],[150.579194,-34.667135],[150.57889,-34.667358],[150.578551,-34.667919],[150.578496,-34.66816],[150.578115,-34.668703],[150.577845,-34.668932],[150.57727,-34.66931],[150.576376,-34.669631],[150.576369,-34.66986],[150.576495,-34.670586],[150.576453,-34.67089],[150.576322,-34.671148],[150.57635,-34.671411],[150.576731,-34.67224],[150.576773,-34.67255],[150.57658,-34.674558],[150.576622,-34.675073],[150.576726,-34.675565],[150.576928,-34.675806],[150.577557,-34.676517],[150.578054,-34.677282],[150.57825,-34.67763],[150.578622,-34.678258],[150.578853,-34.678646],[150.579028,-34.678839],[150.579431,-34.679066],[150.579702,-34.679197],[150.579863,-34.679385],[150.57985,-34.679539],[150.579788,-34.679608],[150.579595,-34.679689],[150.579305,-34.679885],[150.579257,-34.68],[150.579286,-34.680177],[150.579521,-34.681034],[150.579523,-34.68235],[150.579575,-34.682848],[150.579544,-34.683403],[150.579561,-34.683769],[150.57962,-34.684255],[150.579747,-34.684575],[150.579826,-34.684958],[150.579801,-34.685428],[150.579909,-34.686068],[150.579934,-34.686583],[150.579902,-34.687035],[150.579892,-34.687556],[150.579848,-34.688122],[150.579719,-34.6896],[150.579522,-34.690093],[150.579387,-34.690551],[150.579238,-34.691004],[150.579172,-34.69145],[150.579189,-34.69188],[150.579226,-34.692251],[150.579319,-34.692617],[150.579755,-34.692792],[150.579649,-34.693488],[150.57866,-34.694456],[150.57753,-34.695218],[150.577108,-34.695238],[150.577055,-34.695536],[150.576454,-34.695677],[150.575564,-34.695413],[150.574066,-34.695817],[150.568456,-34.69652],[150.56819,-34.696731],[150.567918,-34.696931],[150.567642,-34.696945],[150.567363,-34.696878],[150.567147,-34.696644],[150.56699,-34.696176],[150.567036,-34.695946],[150.567342,-34.695223],[150.56733,-34.694754],[150.567238,-34.69452],[150.567011,-34.694006],[150.565891,-34.692737],[150.565482,-34.692001],[150.565027,-34.690744],[150.565025,-34.690504],[150.565058,-34.690315],[150.564466,-34.690072],[150.563762,-34.689596],[150.563994,-34.688225],[150.564122,-34.687535],[150.564115,-34.687065],[150.564038,-34.686825],[150.564018,-34.686585],[150.564253,-34.686087],[150.564773,-34.685617],[150.565722,-34.684919],[150.566892,-34.683751],[150.567814,-34.683093],[150.568105,-34.682944],[150.568721,-34.682538],[150.568977,-34.682303],[150.569157,-34.682068],[150.569066,-34.68184],[150.568748,-34.681708],[150.568416,-34.681719],[150.567764,-34.681811],[150.567175,-34.682006],[150.565963,-34.68267],[150.565354,-34.683053],[150.565097,-34.683282],[150.564494,-34.683637],[150.564217,-34.683723],[150.563656,-34.683832],[150.562755,-34.683912],[150.562478,-34.683952],[150.561861,-34.684118],[150.561196,-34.684187],[150.560919,-34.684153],[150.560073,-34.683838],[150.559491,-34.683541],[150.559345,-34.6833],[150.559401,-34.683066],[150.559796,-34.682608],[150.560392,-34.682241],[150.560682,-34.68215],[150.561292,-34.682121],[150.561583,-34.682213],[150.561888,-34.682235],[150.562498,-34.68215],[150.562709,-34.682017],[150.562782,-34.681972],[150.563114,-34.681508],[150.56337,-34.680913],[150.563509,-34.679923],[150.56364,-34.679208],[150.563723,-34.678962],[150.563986,-34.678727],[150.564568,-34.678401],[150.564859,-34.678298],[150.565114,-34.67804],[150.56533,-34.677422],[150.565606,-34.676243],[150.565723,-34.675991],[150.566062,-34.67547],[150.566637,-34.674743],[150.567329,-34.673742],[150.567558,-34.672992],[150.567381,-34.672453],[150.567322,-34.672271],[150.567342,-34.67179],[150.567259,-34.671544],[150.567058,-34.671275],[150.566975,-34.671018],[150.566933,-34.670766],[150.566912,-34.670388],[150.566961,-34.67016],[150.56687,-34.669908],[150.566863,-34.669656],[150.566738,-34.669152],[150.566731,-34.668918],[150.566814,-34.668448],[150.56698,-34.668208],[150.567229,-34.667956],[150.567347,-34.667716],[150.567209,-34.667452],[150.566959,-34.667172],[150.566813,-34.666943],[150.566716,-34.666474],[150.566766,-34.665999],[150.566819,-34.665484],[150.56693,-34.665015],[150.566944,-34.664288],[150.566811,-34.663498],[150.566811,-34.663246],[150.566645,-34.662479],[150.566582,-34.661953],[150.566013,-34.660139],[150.56568,-34.659595],[150.565327,-34.659115],[150.565271,-34.65888],[150.565374,-34.657855],[150.565464,-34.65738],[150.565533,-34.656362],[150.565491,-34.655824],[150.565443,-34.655583],[150.565332,-34.655343],[150.565137,-34.655097],[150.564541,-34.654056],[150.564333,-34.653815],[150.563521,-34.652568],[150.563093,-34.65191],[150.562864,-34.651618],[150.561949,-34.650897],[150.561235,-34.650084],[150.560909,-34.649575],[150.560597,-34.649283],[150.560293,-34.649095],[150.560002,-34.648791],[150.559433,-34.648362],[150.559177,-34.648087],[150.559024,-34.647824],[150.558324,-34.646439],[150.557971,-34.645398],[150.557638,-34.644843],[150.557208,-34.644293],[150.557132,-34.644047],[150.557097,-34.643784],[150.557159,-34.643544],[150.557609,-34.64308],[150.557893,-34.642977],[150.558808,-34.642777],[150.559105,-34.642656],[150.559403,-34.642416],[150.55986,-34.641872],[150.559998,-34.641609],[150.560157,-34.641042],[150.560192,-34.640762],[150.560171,-34.640298],[150.560096,-34.639587],[150.560055,-34.638963],[150.559975,-34.638897],[150.559643,-34.638748],[150.559311,-34.638621],[150.559048,-34.638632],[150.558895,-34.638746],[150.558812,-34.638883],[150.558576,-34.639123],[150.558515,-34.63915],[150.558729,-34.639381],[150.558903,-34.639481],[150.559249,-34.639538],[150.559318,-34.639567],[150.559457,-34.639696],[150.559544,-34.640111],[150.559579,-34.64034],[150.559544,-34.640555],[150.559406,-34.640698],[150.559268,-34.640784],[150.559181,-34.640827],[150.558783,-34.640928],[150.55861,-34.641013],[150.558229,-34.641157],[150.557347,-34.641444],[150.557088,-34.641501],[150.556568,-34.641501],[150.555443,-34.641387],[150.555235,-34.641373],[150.55501,-34.641388],[150.554802,-34.641431],[150.554214,-34.641732],[150.553349,-34.642248],[150.553073,-34.642491],[150.552779,-34.642778],[150.552623,-34.642964],[150.552519,-34.643122],[150.552347,-34.643522],[150.552001,-34.644525],[150.551881,-34.644811],[150.551777,-34.645026],[150.551639,-34.645241],[150.551327,-34.645613],[150.551276,-34.645671],[150.551267,-34.645698],[150.551189,-34.645957],[150.551206,-34.645971],[150.551189,-34.645986],[150.551242,-34.646444],[150.551224,-34.646458],[150.55126,-34.647231],[150.551329,-34.647603],[150.551312,-34.647618],[150.551364,-34.64809],[150.551538,-34.648706],[150.551573,-34.648963],[150.551556,-34.649135],[150.551348,-34.649594],[150.551297,-34.649794],[150.551297,-34.650052],[150.551332,-34.650166],[150.551522,-34.650438],[150.551644,-34.650553],[150.551799,-34.650667],[150.552007,-34.650753],[150.552319,-34.650825],[150.552717,-34.650839],[150.552959,-34.650867],[150.553219,-34.650939],[150.553444,-34.651153],[150.553448,-34.651158],[150.552776,-34.651071],[150.552551,-34.65104],[150.548328,-34.650451],[150.547853,-34.648978],[150.547724,-34.64857],[150.548388,-34.647961],[150.548307,-34.646628],[150.547958,-34.646315],[150.548011,-34.645227],[150.548405,-34.644378],[150.546392,-34.644113],[150.545932,-34.645182],[150.544838,-34.646843],[150.544716,-34.647096],[150.543814,-34.648309],[150.543453,-34.649021],[150.54315,-34.650001],[150.542992,-34.650231],[150.542752,-34.650456],[150.542595,-34.650692],[150.541806,-34.651595],[150.541561,-34.652083],[150.541568,-34.652815],[150.541482,-34.653302],[150.541488,-34.653772],[150.541482,-34.654938],[150.541634,-34.656198],[150.541627,-34.656924],[150.541572,-34.657153],[150.54124,-34.657868],[150.540437,-34.658962],[150.540263,-34.659006],[150.540147,-34.659033],[150.540069,-34.659048],[150.539912,-34.659074],[150.539834,-34.659089],[150.539758,-34.65911],[150.539663,-34.659143],[150.539569,-34.659182],[150.539477,-34.659226],[150.539389,-34.659275],[150.539305,-34.65933],[150.53921,-34.659402],[150.539121,-34.659483],[150.539037,-34.659571],[150.53896,-34.659665],[150.538891,-34.659762],[150.538829,-34.659877],[150.538779,-34.660002],[150.538738,-34.660131],[150.538698,-34.660261],[150.538656,-34.66039],[150.538487,-34.660825],[150.538438,-34.660972],[150.538399,-34.661121],[150.538376,-34.661231],[150.538356,-34.661342],[150.53834,-34.661453],[150.538331,-34.661565],[150.53833,-34.661676],[150.538335,-34.661777],[150.538345,-34.66188],[150.538361,-34.661981],[150.538386,-34.662078],[150.538422,-34.662169],[150.538485,-34.662268],[150.538565,-34.66236],[150.538659,-34.662445],[150.53876,-34.662522],[150.538862,-34.662591],[150.538963,-34.662639],[150.539075,-34.662672],[150.539188,-34.662703],[150.539293,-34.662742],[150.539379,-34.662801],[150.539426,-34.662851],[150.53947,-34.662907],[150.539509,-34.662968],[150.53954,-34.66303],[150.539563,-34.663094],[150.539575,-34.663186],[150.539567,-34.663285],[150.539546,-34.663387],[150.539518,-34.663488],[150.539489,-34.663586],[150.539463,-34.663666],[150.539434,-34.663744],[150.539401,-34.663821],[150.539332,-34.663975],[150.539288,-34.664068],[150.539242,-34.664159],[150.539194,-34.664251],[150.539148,-34.664343],[150.539105,-34.664437],[150.53908,-34.664506],[150.539037,-34.664648],[150.539011,-34.664716],[150.538977,-34.664779],[150.538917,-34.66486],[150.538846,-34.664938],[150.538765,-34.665008],[150.53868,-34.665063],[150.538592,-34.665097],[150.538505,-34.665107],[150.53841,-34.665102],[150.538313,-34.665082],[150.53822,-34.665051],[150.538136,-34.665013],[150.538068,-34.664966],[150.538007,-34.664907],[150.537949,-34.664841],[150.53789,-34.664776],[150.537827,-34.664718],[150.537711,-34.664639],[150.537588,-34.664569],[150.53746,-34.664505],[150.53706,-34.664324],[150.536919,-34.664265],[150.536777,-34.664208],[150.536633,-34.664155],[150.536489,-34.664107],[150.536338,-34.664071],[150.53618,-34.664049],[150.536025,-34.664026],[150.53588,-34.663988],[150.535755,-34.663923],[150.535687,-34.66386],[150.535627,-34.663786],[150.53557,-34.663706],[150.535515,-34.663625],[150.535455,-34.663549],[150.53535,-34.663433],[150.535297,-34.663377],[150.535187,-34.663266],[150.53517,-34.663233],[150.535138,-34.663164],[150.535125,-34.663129],[150.535113,-34.663093],[150.535092,-34.663002],[150.535083,-34.662906],[150.535081,-34.662808],[150.535083,-34.66271],[150.535083,-34.662612],[150.535085,-34.662521],[150.535095,-34.662337],[150.535098,-34.662245],[150.535095,-34.662154],[150.535086,-34.66206],[150.535073,-34.661966],[150.535056,-34.661873],[150.535035,-34.661781],[150.53501,-34.66169],[150.534973,-34.661577],[150.53493,-34.661466],[150.534881,-34.661357],[150.534827,-34.661251],[150.534766,-34.661149],[150.534693,-34.661056],[150.534599,-34.660959],[150.534509,-34.660868],[150.534445,-34.660793],[150.534431,-34.660746],[150.53447,-34.66071],[150.53453,-34.660687],[150.534597,-34.660668],[150.534661,-34.660645],[150.53471,-34.660611],[150.534737,-34.660574],[150.53476,-34.660533],[150.534779,-34.660489],[150.534794,-34.660444],[150.534802,-34.6604],[150.534797,-34.660327],[150.53477,-34.66025],[150.534729,-34.660171],[150.534681,-34.660096],[150.534633,-34.660026],[150.534571,-34.65995],[150.5345,-34.65988],[150.534422,-34.659815],[150.534342,-34.659752],[150.534262,-34.659691],[150.534158,-34.659616],[150.53383,-34.659416],[150.533725,-34.659343],[150.533633,-34.659274],[150.533541,-34.659203],[150.533452,-34.65913],[150.533368,-34.659052],[150.533292,-34.658967],[150.533238,-34.658887],[150.533193,-34.6588],[150.53315,-34.65871],[150.533104,-34.658624],[150.533047,-34.658547],[150.532958,-34.658462],[150.532856,-34.658388],[150.532746,-34.658321],[150.532631,-34.658261],[150.532517,-34.658205],[150.532357,-34.658142],[150.532188,-34.658096],[150.532016,-34.658057],[150.531845,-34.658015],[150.531681,-34.657958],[150.531517,-34.657896],[150.531435,-34.657863],[150.531362,-34.657823],[150.531302,-34.657772],[150.531258,-34.657708],[150.531226,-34.657633],[150.531202,-34.657552],[150.53116,-34.657387],[150.531145,-34.657301],[150.531132,-34.657123],[150.531116,-34.657041],[150.531082,-34.656974],[150.531017,-34.656916],[150.530929,-34.656872],[150.530829,-34.656841],[150.530725,-34.65682],[150.530626,-34.65681],[150.53054,-34.656811],[150.530453,-34.656822],[150.530366,-34.656842],[150.53028,-34.656866],[150.530195,-34.656892],[150.530092,-34.65693],[150.529991,-34.656975],[150.529891,-34.657025],[150.529592,-34.657183],[150.52939,-34.6573],[150.529289,-34.657355],[150.529185,-34.657405],[150.529103,-34.65744],[150.52902,-34.657473],[150.528937,-34.657503],[150.528852,-34.657532],[150.528767,-34.657557],[150.528638,-34.657588],[150.528507,-34.657615],[150.528374,-34.657634],[150.52824,-34.657648],[150.528108,-34.657654],[150.527971,-34.657655],[150.527834,-34.65765],[150.527696,-34.657638],[150.527561,-34.657617],[150.527429,-34.657586],[150.527331,-34.657553],[150.527235,-34.657513],[150.52714,-34.657469],[150.527047,-34.657422],[150.526953,-34.657376],[150.526837,-34.657306],[150.526721,-34.65722],[150.526606,-34.65714],[150.526495,-34.657082],[150.526388,-34.657068],[150.526311,-34.657085],[150.526231,-34.657116],[150.526155,-34.657158],[150.526087,-34.657208],[150.526033,-34.657265],[150.525991,-34.657336],[150.525962,-34.657418],[150.525943,-34.657508],[150.525934,-34.6576],[150.525931,-34.657688],[150.525938,-34.657798],[150.52596,-34.657911],[150.525995,-34.658023],[150.526042,-34.658128],[150.526098,-34.658222],[150.526139,-34.658275],[150.526184,-34.658325],[150.526233,-34.658372],[150.526285,-34.658415],[150.526338,-34.658453],[150.526442,-34.658492],[150.526493,-34.658513],[150.526544,-34.658535],[150.526669,-34.658592],[150.526752,-34.658627],[150.526829,-34.658665],[150.526887,-34.658704],[150.526911,-34.658744],[150.526903,-34.658789],[150.526878,-34.658835],[150.526843,-34.658882],[150.526802,-34.658927],[150.526763,-34.658966],[150.52668,-34.659028],[150.526581,-34.659073],[150.526471,-34.659107],[150.526248,-34.659163],[150.526141,-34.659188],[150.526033,-34.659208],[150.525815,-34.659242],[150.525706,-34.659261],[150.525585,-34.659288],[150.525344,-34.659346],[150.525223,-34.659373],[150.525102,-34.659394],[150.524968,-34.65941],[150.524834,-34.65942],[150.524698,-34.659428],[150.524563,-34.659433],[150.524429,-34.65944],[150.524287,-34.659446],[150.524145,-34.65945],[150.524003,-34.659455],[150.523862,-34.659462],[150.523721,-34.659475],[150.523617,-34.659488],[150.523512,-34.659503],[150.523407,-34.65952],[150.523304,-34.65954],[150.5232,-34.659562],[150.523079,-34.659591],[150.522957,-34.659623],[150.522837,-34.659659],[150.522718,-34.6597],[150.522602,-34.659746],[150.522504,-34.659794],[150.522408,-34.659847],[150.522218,-34.65996],[150.522121,-34.660011],[150.522029,-34.660056],[150.521843,-34.660139],[150.521531,-34.660274],[150.521407,-34.66033],[150.521282,-34.660383],[150.521156,-34.66043],[150.521028,-34.660466],[150.520874,-34.660493],[150.520716,-34.660506],[150.520557,-34.66051],[150.520397,-34.66051],[150.520237,-34.660512],[150.520066,-34.660506],[150.519721,-34.660478],[150.519551,-34.660475],[150.519385,-34.660493],[150.51929,-34.660513],[150.519194,-34.660536],[150.519099,-34.660564],[150.519009,-34.660599],[150.518926,-34.660644],[150.518858,-34.66069],[150.518794,-34.660742],[150.518733,-34.6608],[150.518678,-34.660862],[150.518632,-34.660928],[150.518591,-34.661006],[150.518562,-34.661092],[150.518539,-34.661182],[150.518518,-34.661273],[150.518495,-34.661362],[150.518422,-34.6616],[150.518388,-34.66172],[150.518358,-34.66184],[150.518336,-34.661962],[150.518327,-34.662054],[150.518323,-34.662147],[150.518318,-34.662333],[150.51831,-34.662426],[150.518291,-34.662546],[150.518265,-34.662666],[150.518208,-34.662905],[150.518185,-34.663026],[150.518171,-34.66314],[150.518139,-34.663484],[150.518124,-34.663598],[150.518103,-34.663721],[150.51808,-34.663844],[150.518055,-34.663966],[150.518023,-34.664086],[150.517985,-34.664204],[150.517942,-34.664316],[150.517894,-34.664427],[150.517841,-34.664536],[150.517782,-34.664641],[150.517716,-34.66474],[150.517662,-34.664815],[150.517605,-34.664891],[150.517545,-34.664963],[150.517479,-34.665025],[150.517407,-34.665075],[150.517303,-34.665117],[150.517186,-34.665139],[150.517061,-34.665145],[150.516936,-34.665138],[150.516817,-34.665122],[150.516717,-34.665096],[150.516619,-34.665056],[150.516425,-34.664961],[150.516327,-34.664918],[150.51621,-34.664872],[150.515974,-34.664783],[150.515854,-34.664743],[150.515734,-34.664706],[150.5156,-34.664673],[150.515465,-34.664644],[150.515056,-34.664569],[150.514942,-34.664547],[150.514485,-34.664463],[150.514208,-34.6644],[150.513889,-34.664383],[150.513577,-34.66444],[150.512718,-34.664703],[150.511873,-34.665069],[150.511513,-34.665275],[150.511229,-34.665378],[150.510945,-34.665435],[150.510307,-34.665543],[150.509989,-34.665669],[150.509684,-34.665898],[150.50951,-34.666138],[150.509268,-34.666367],[150.508381,-34.66671],[150.507508,-34.666578],[150.507196,-34.666498],[150.506878,-34.666493],[150.506594,-34.66659],[150.506303,-34.666761],[150.505942,-34.666858],[150.505651,-34.666864],[150.504806,-34.666715],[150.504252,-34.666829],[150.503954,-34.667018],[150.503441,-34.667476],[150.50288,-34.66759],[150.502589,-34.667733],[150.502395,-34.667967],[150.501841,-34.668425],[150.501668,-34.668665],[150.501516,-34.669123],[150.501425,-34.669592],[150.501446,-34.670073],[150.501543,-34.67056],[150.501875,-34.671046],[150.502153,-34.671224],[150.502436,-34.67135],[150.503025,-34.671533],[150.503586,-34.671642],[150.504716,-34.672072],[150.505297,-34.672455],[150.505463,-34.672701],[150.505526,-34.67293],[150.505526,-34.67317],[150.505395,-34.673411],[150.505166,-34.673645],[150.504882,-34.673788],[150.504604,-34.673868],[150.503738,-34.674057],[150.50317,-34.674234],[150.502609,-34.674308],[150.50175,-34.674634],[150.501177,-34.674999],[150.500989,-34.675093],[150.500771,-34.675258],[150.500617,-34.675538],[150.500578,-34.675836],[150.500497,-34.676163],[150.500424,-34.676478],[150.500419,-34.676793],[150.500471,-34.677107],[150.500563,-34.67741],[150.500691,-34.67773],[150.501177,-34.678171],[150.50161,-34.678428],[150.50177,-34.678657],[150.501769,-34.678886],[150.501714,-34.679115],[150.501177,-34.679788],[150.50076,-34.68022],[150.500476,-34.68029],[150.500167,-34.680543],[150.499864,-34.680854],[150.499554,-34.681051],[150.499258,-34.681264],[150.498948,-34.681443],[150.498658,-34.681553],[150.498253,-34.681892],[150.489056,-34.680722],[150.489047,-34.68072],[150.488986,-34.680713],[150.488835,-34.680693],[150.485768,-34.680302],[150.483244,-34.679981],[150.469351,-34.678209],[150.469278,-34.678199],[150.469216,-34.678192],[150.46917,-34.678389],[150.469087,-34.678572],[150.468823,-34.678858],[150.468615,-34.679047],[150.468441,-34.679276],[150.467628,-34.679941],[150.466448,-34.680422],[150.466218,-34.680565],[150.465961,-34.680794],[150.46551,-34.681063],[150.465232,-34.681195],[150.464628,-34.681309],[150.463997,-34.681464],[150.463524,-34.681687],[150.463301,-34.681807],[150.462905,-34.682122],[150.462815,-34.682225],[150.462676,-34.682551],[150.462502,-34.682838],[150.462315,-34.683055],[150.462141,-34.683198],[150.461704,-34.683399],[150.461287,-34.683513],[150.460891,-34.683674],[150.460509,-34.683897],[150.460419,-34.684029],[150.460162,-34.684258],[150.460002,-34.684498],[150.459656,-34.684899],[150.459413,-34.685288],[150.459169,-34.685575],[150.458926,-34.685786],[150.458786,-34.685947],[150.458704,-34.686176],[150.458634,-34.686731],[150.458544,-34.68696],[150.458384,-34.687224],[150.458009,-34.687664],[150.457711,-34.687934],[150.456481,-34.68889],[150.455717,-34.689393],[150.454536,-34.690138],[150.454091,-34.690487],[150.453077,-34.691157],[150.452292,-34.691569],[150.451792,-34.691769],[150.451319,-34.691861],[150.451111,-34.691872],[150.450437,-34.691815],[150.449902,-34.691734],[150.448923,-34.691396],[150.448423,-34.69131],[150.44802,-34.691196],[150.447374,-34.691087],[150.446061,-34.691224],[150.445714,-34.69131],[150.445088,-34.691384],[150.44472,-34.691395],[150.444324,-34.691327],[150.444012,-34.691183],[150.443019,-34.690508],[150.442741,-34.690393],[150.441824,-34.690164],[150.441546,-34.690164],[150.441247,-34.690221],[150.440921,-34.690324],[150.440289,-34.69069],[150.440205,-34.690764],[150.439809,-34.690953],[150.43967,-34.690982],[150.439045,-34.690982],[150.438003,-34.690936],[150.437461,-34.690993],[150.43678,-34.691119],[150.435898,-34.691376],[150.435641,-34.691439],[150.435134,-34.691525],[150.434891,-34.691525],[150.434738,-34.691496],[150.434287,-34.691324],[150.434127,-34.691209],[150.434023,-34.691066],[150.433801,-34.690579],[150.433558,-34.690178],[150.433294,-34.689892],[150.43312,-34.689777],[150.432863,-34.68972],[150.432738,-34.689732],[150.432585,-34.689806],[150.432425,-34.689932],[150.432342,-34.690104],[150.432008,-34.690962],[150.431751,-34.691277],[150.431626,-34.691409],[150.431313,-34.691592],[150.431001,-34.691724],[150.430549,-34.691878],[150.430271,-34.692038],[150.4295,-34.692588],[150.429229,-34.692736],[150.428757,-34.692942],[150.42859,-34.69308],[150.428485,-34.6934],[150.428034,-34.693767],[150.427763,-34.694076],[150.427352,-34.694872],[150.4272,-34.695072],[150.427061,-34.695169],[150.426658,-34.695341],[150.42647,-34.695484],[150.426414,-34.69557],[150.4264,-34.69573],[150.426296,-34.695942],[150.426095,-34.696125],[150.425615,-34.696543],[150.425267,-34.697007],[150.424871,-34.697373],[150.424642,-34.697505],[150.424385,-34.69759],[150.423829,-34.697687],[150.423378,-34.697716],[150.422891,-34.697716],[150.422474,-34.697784],[150.42237,-34.698076],[150.422349,-34.698305],[150.422266,-34.698506],[150.422057,-34.698649],[150.421793,-34.698734],[150.421342,-34.698803],[150.420633,-34.698877],[150.420216,-34.698877],[150.419139,-34.698733],[150.418723,-34.69863],[150.41841,-34.69863],[150.418215,-34.698687],[150.417924,-34.698847],[150.417729,-34.699002],[150.417472,-34.699305],[150.417159,-34.699878],[150.41695,-34.700107],[150.416707,-34.700307],[150.416255,-34.700622],[150.416095,-34.700908],[150.415922,-34.70112],[150.415762,-34.701234],[150.415108,-34.701434],[150.414914,-34.701451],[150.414726,-34.701422],[150.414414,-34.701279],[150.413768,-34.700907],[150.413212,-34.70066],[150.412816,-34.700534],[150.412497,-34.700494],[150.412157,-34.700534],[150.411914,-34.700619],[150.411475,-34.700848],[150.411198,-34.701066],[150.410906,-34.701306],[150.410746,-34.701489],[150.410502,-34.701689],[150.410246,-34.701804],[150.410038,-34.701792],[150.409842,-34.701718],[150.40967,-34.701603],[150.409274,-34.701277],[150.409009,-34.701133],[150.408822,-34.701087],[150.408517,-34.701076],[150.40835,-34.701259],[150.408315,-34.701402],[150.408315,-34.701677],[150.408369,-34.702061],[150.408577,-34.702536],[150.408577,-34.70269],[150.408487,-34.702879],[150.408314,-34.70308],[150.408126,-34.703206],[150.407897,-34.70328],[150.407744,-34.70328],[150.407583,-34.703251],[150.407236,-34.703136],[150.407029,-34.703022],[150.406826,-34.702856],[150.406182,-34.702076],[150.406125,-34.701916],[150.405814,-34.701401],[150.405661,-34.701286],[150.405418,-34.701217],[150.405139,-34.701228],[150.40498,-34.701286],[150.404862,-34.701389],[150.404633,-34.701732],[150.404424,-34.701904],[150.404112,-34.702087],[150.403555,-34.702361],[150.402624,-34.702658],[150.401735,-34.702961],[150.40095,-34.703161],[150.400692,-34.703304],[150.400588,-34.703419],[150.400553,-34.703533],[150.400567,-34.703762],[150.400623,-34.703877],[150.400796,-34.704077],[150.401456,-34.704679],[150.40156,-34.70488],[150.40156,-34.705051],[150.401525,-34.705137],[150.401351,-34.70532],[150.401212,-34.705406],[150.400753,-34.705492],[150.40001,-34.705348],[150.39944,-34.705291],[150.398815,-34.70529],[150.398586,-34.705319],[150.398433,-34.705382],[150.397946,-34.705736],[150.397647,-34.70608],[150.397251,-34.706406],[150.397008,-34.706537],[150.396737,-34.706612],[150.39591,-34.70672],[150.394645,-34.706708],[150.394194,-34.706776],[150.393853,-34.706913],[150.393777,-34.707062],[150.39379,-34.707222],[150.39395,-34.707549],[150.394158,-34.707892],[150.394332,-34.708122],[150.394366,-34.708236],[150.394366,-34.708396],[150.394241,-34.708665],[150.394088,-34.708809],[150.393789,-34.708997],[150.393115,-34.709323],[150.392698,-34.709666],[150.391828,-34.710456],[150.390904,-34.711354],[150.390542,-34.711772],[150.390055,-34.712144],[150.389534,-34.712642],[150.3892,-34.712859],[150.389026,-34.713042],[150.388908,-34.713185],[150.388713,-34.713546],[150.388699,-34.713672],[150.388673,-34.713856],[150.388688,-34.713996],[150.388709,-34.714101],[150.388816,-34.714454],[150.38887,-34.714596],[150.3889,-34.714681],[150.388939,-34.71486],[150.388944,-34.714877],[150.388962,-34.71492],[150.388994,-34.714993],[150.389017,-34.715085],[150.389028,-34.715121],[150.389135,-34.715347],[150.38924,-34.715637],[150.389267,-34.715776],[150.3893,-34.716013],[150.389352,-34.716224],[150.389412,-34.716435],[150.389458,-34.71664],[150.389524,-34.716917],[150.389584,-34.717155],[150.389636,-34.717287],[150.389755,-34.717406],[150.389934,-34.717518],[150.390112,-34.71761],[150.390317,-34.717656],[150.390561,-34.717683],[150.390786,-34.717656],[150.391109,-34.717597],[150.391354,-34.717551],[150.391657,-34.717518],[150.391862,-34.717511],[150.392001,-34.717511],[150.392119,-34.717538],[150.392219,-34.717597],[150.392298,-34.717689],[150.392311,-34.717782],[150.392298,-34.717914],[150.392238,-34.718059],[150.392186,-34.718132],[150.392067,-34.718237],[150.391948,-34.71833],[150.391637,-34.718508],[150.391453,-34.718594],[150.391248,-34.718673],[150.391083,-34.718739],[150.390904,-34.718818],[150.390825,-34.718871],[150.3906,-34.719042],[150.390047,-34.71945],[150.389713,-34.719646],[150.389291,-34.719882],[150.388948,-34.720039],[150.388476,-34.720225],[150.388035,-34.720362],[150.387623,-34.72047],[150.386926,-34.720588],[150.386455,-34.720706],[150.386072,-34.720804],[150.385837,-34.720912],[150.38563,-34.721088],[150.385424,-34.721333],[150.385316,-34.721598],[150.385287,-34.721824],[150.385277,-34.72202],[150.385228,-34.722177],[150.38511,-34.722393],[150.384865,-34.722589],[150.3846,-34.722736],[150.384315,-34.722824],[150.38403,-34.722893],[150.383638,-34.722961],[150.383325,-34.72303],[150.382991,-34.723148],[150.382745,-34.723265],[150.382539,-34.723413],[150.382343,-34.723579],[150.38213,-34.723831],[150.381954,-34.724236],[150.381867,-34.724658],[150.381849,-34.725309],[150.381814,-34.725819],[150.381796,-34.726206],[150.381726,-34.726452],[150.381514,-34.726839],[150.381391,-34.727156],[150.381321,-34.727631],[150.381285,-34.728123],[150.381303,-34.72851],[150.381285,-34.728845],[150.381215,-34.729056],[150.381057,-34.729232],[150.38081,-34.729408],[150.380581,-34.729496],[150.380352,-34.729654],[150.380177,-34.729883],[150.380053,-34.730182],[150.379983,-34.730534],[150.379983,-34.730973],[150.380036,-34.731536],[150.380141,-34.731958],[150.380124,-34.732275],[150.380106,-34.732592],[150.380001,-34.732803],[150.379825,-34.732979],[150.379596,-34.73312],[150.379331,-34.73319],[150.378993,-34.733266],[150.378569,-34.73342],[150.378087,-34.73369],[150.377683,-34.733998],[150.377451,-34.734133],[150.377182,-34.734267],[150.376874,-34.734441],[150.376662,-34.734672],[150.376604,-34.734883],[150.376681,-34.735114],[150.376893,-34.735326],[150.377278,-34.735538],[150.377606,-34.735769],[150.377798,-34.735923],[150.377933,-34.736212],[150.377933,-34.736539],[150.377875,-34.737001],[150.377702,-34.737367],[150.377471,-34.737579],[150.377047,-34.737771],[150.376623,-34.737887],[150.37618,-34.737983],[150.375679,-34.738118],[150.375178,-34.738329],[150.374677,-34.738695],[150.374331,-34.739042],[150.374042,-34.739408],[150.37383,-34.739812],[150.373715,-34.740196],[150.373675,-34.740697],[150.373638,-34.741371],[150.373618,-34.741679],[150.37358,-34.741967],[150.373365,-34.742349],[150.372813,-34.74281],[150.372193,-34.743243],[150.371542,-34.743645],[150.370862,-34.743955],[150.369871,-34.744295],[150.369097,-34.744574],[150.368385,-34.744821],[150.367549,-34.745038],[150.367022,-34.745285],[150.36631,-34.745564],[150.365412,-34.74578],[150.364545,-34.74609],[150.363771,-34.746306],[150.363028,-34.746555],[150.362316,-34.746894],[150.361542,-34.747358],[150.361108,-34.747575],[150.360613,-34.747854],[150.359622,-34.748225],[150.358657,-34.74843],[150.358547,-34.748454],[150.357849,-34.748554],[150.356986,-34.74868],[150.355535,-34.74868],[150.35336,-34.748607],[150.352019,-34.74868],[150.350677,-34.748825],[150.349408,-34.749115],[150.348212,-34.749115],[150.346689,-34.749187],[150.345203,-34.749223],[150.344079,-34.749223],[150.342665,-34.74897],[150.341541,-34.748752],[150.340309,-34.74868],[150.339148,-34.748716],[150.338423,-34.748897],[150.337517,-34.749404],[150.336538,-34.750129],[150.335306,-34.751107],[150.334399,-34.751723],[150.333587,-34.752323],[150.33353,-34.752388],[150.33349,-34.752441],[150.333452,-34.752495],[150.333416,-34.75255],[150.333347,-34.752663],[150.333278,-34.752785],[150.333246,-34.752847],[150.333185,-34.752973],[150.333156,-34.753037],[150.333104,-34.753166],[150.333077,-34.75323],[150.333047,-34.753294],[150.333006,-34.753375],[150.332961,-34.753456],[150.332914,-34.753535],[150.332866,-34.753613],[150.332815,-34.753689],[150.332124,-34.755081],[150.3318,-34.755779],[150.331684,-34.756054],[150.331605,-34.756238],[150.33139,-34.756732],[150.331316,-34.756896],[150.33124,-34.757058],[150.331166,-34.757209],[150.331013,-34.757509],[150.330936,-34.757647],[150.330863,-34.757788],[150.330795,-34.757932],[150.330732,-34.758078],[150.330674,-34.758226],[150.330643,-34.75832],[150.330616,-34.758415],[150.33059,-34.758511],[150.330561,-34.758607],[150.330528,-34.7587],[150.330482,-34.75881],[150.330432,-34.758918],[150.330378,-34.759025],[150.330318,-34.759129],[150.330255,-34.759229],[150.330176,-34.759333],[150.330089,-34.759432],[150.329906,-34.759624],[150.329817,-34.759721],[150.329626,-34.759947],[150.329438,-34.760174],[150.329342,-34.760287],[150.3292,-34.760458],[150.329128,-34.760543],[150.329054,-34.760626],[150.328977,-34.760706],[150.328881,-34.760796],[150.32878,-34.760881],[150.328676,-34.760963],[150.328571,-34.761044],[150.328354,-34.761214],[150.328125,-34.761386],[150.328012,-34.761474],[150.327901,-34.761563],[150.327783,-34.761668],[150.327668,-34.761776],[150.327554,-34.761886],[150.327438,-34.761992],[150.327317,-34.762092],[150.327212,-34.762172],[150.327105,-34.762249],[150.326996,-34.762323],[150.326884,-34.762393],[150.32677,-34.762457],[150.32664,-34.762522],[150.326506,-34.762579],[150.32637,-34.762632],[150.325933,-34.762789],[150.32577,-34.762844],[150.325605,-34.762896],[150.32544,-34.762944],[150.325274,-34.762986],[150.325115,-34.763018],[150.324954,-34.763045],[150.324632,-34.763089],[150.324471,-34.763114],[150.324222,-34.763153],[150.324097,-34.763174],[150.323973,-34.763196],[150.32385,-34.763223],[150.323739,-34.763251],[150.323629,-34.763281],[150.323519,-34.763313],[150.32341,-34.763349],[150.323303,-34.763387],[150.323164,-34.763443],[150.323026,-34.763504],[150.322891,-34.76357],[150.322758,-34.76364],[150.322362,-34.763871],[150.32223,-34.76395],[150.322099,-34.764032],[150.321971,-34.764117],[150.321817,-34.764227],[150.321667,-34.764343],[150.321371,-34.764582],[150.321092,-34.764806],[150.320961,-34.764913],[150.320699,-34.765125],[150.320566,-34.76523],[150.320269,-34.765458],[150.320119,-34.765571],[150.319968,-34.765683],[150.319817,-34.765793],[150.319119,-34.766318],[150.317713,-34.767104],[150.31589,-34.768155],[150.314436,-34.769239],[150.313958,-34.769543],[150.313771,-34.769795],[150.313591,-34.769921],[150.313522,-34.770128],[150.313446,-34.770322],[150.313425,-34.770626],[150.313467,-34.770843],[150.313495,-34.771078],[150.313662,-34.771501],[150.313774,-34.77185],[150.314441,-34.772908],[150.314872,-34.773623],[150.314928,-34.773949],[150.314928,-34.774075],[150.314873,-34.774121],[150.314748,-34.774167],[150.314596,-34.774179],[150.31436,-34.774156],[150.313472,-34.773837],[150.312063,-34.773095],[150.310168,-34.772091],[150.308862,-34.77081],[150.307764,-34.769106],[150.305563,-34.767266],[150.302836,-34.766331],[150.29649,-34.766151],[150.29459,-34.765937],[150.291627,-34.764687],[150.290018,-34.764472],[150.28782,-34.764691],[150.286715,-34.765371],[150.286123,-34.766355],[150.284211,-34.768017],[150.282533,-34.768397],[150.279662,-34.768447],[150.276501,-34.769241],[150.269029,-34.77368],[150.267865,-34.774374],[150.266368,-34.775928],[150.264719,-34.778219],[150.263681,-34.780396],[150.263265,-34.781014],[150.261062,-34.783822],[150.259739,-34.785546],[150.259663,-34.786067],[150.259511,-34.786646],[150.25922,-34.787264],[150.259068,-34.78774],[150.258832,-34.788106],[150.258555,-34.788759],[150.258264,-34.789252],[150.257946,-34.789756],[150.257641,-34.790168],[150.257238,-34.790501],[150.256837,-34.790805],[150.256421,-34.79108],[150.25581,-34.791464],[150.255262,-34.791653],[150.254562,-34.791854],[150.253764,-34.79205],[150.253002,-34.792188],[150.252752,-34.792215],[150.251182,-34.792236],[150.250667,-34.792154],[150.250152,-34.79207],[150.249894,-34.792027],[150.249551,-34.791967],[150.248866,-34.791841],[150.248523,-34.791782],[150.248178,-34.791727],[150.247869,-34.791682],[150.247559,-34.791638],[150.247248,-34.791599],[150.246937,-34.791564],[150.246626,-34.791537],[150.246305,-34.791517],[150.245984,-34.791506],[150.245662,-34.7915],[150.24534,-34.791497],[150.245019,-34.791496],[150.244408,-34.791492],[150.244102,-34.791493],[150.243798,-34.791503],[150.243494,-34.791523],[150.24319,-34.791556],[150.242886,-34.791598],[150.242584,-34.791649],[150.242282,-34.791706],[150.241982,-34.791768],[150.241649,-34.791844],[150.241318,-34.791929],[150.240989,-34.79202],[150.240661,-34.792117],[150.240334,-34.792217],[150.240087,-34.792296],[150.239841,-34.792378],[150.239596,-34.792463],[150.239352,-34.79255],[150.239109,-34.792639],[150.238833,-34.792744],[150.238558,-34.792851],[150.238284,-34.792962],[150.238012,-34.793075],[150.23774,-34.79319],[150.23748,-34.793292],[150.237214,-34.793388],[150.236952,-34.79349],[150.236707,-34.793611],[150.236487,-34.793762],[150.236357,-34.793873],[150.236295,-34.793932],[150.236238,-34.793995],[150.236188,-34.794062],[150.236136,-34.794164],[150.236102,-34.794277],[150.236076,-34.794396],[150.236053,-34.794516],[150.236024,-34.794633],[150.235936,-34.794923],[150.235844,-34.795212],[150.235749,-34.7955],[150.235561,-34.796076],[150.23547,-34.796359],[150.235285,-34.796923],[150.235196,-34.797207],[150.235112,-34.797492],[150.235048,-34.797725],[150.234988,-34.797959],[150.234812,-34.798662],[150.234753,-34.798921],[150.234701,-34.799183],[150.234645,-34.799443],[150.234577,-34.799697],[150.234485,-34.799942],[150.234432,-34.800061],[150.234376,-34.800181],[150.234315,-34.800298],[150.234248,-34.800409],[150.234172,-34.800513],[150.233989,-34.800684],[150.233763,-34.800821],[150.233512,-34.800937],[150.233252,-34.801044],[150.233001,-34.801153],[150.232774,-34.801259],[150.232545,-34.801362],[150.232314,-34.80146],[150.23208,-34.801549],[150.231844,-34.801629],[150.231571,-34.801705],[150.231295,-34.801766],[150.231015,-34.801819],[150.230735,-34.801867],[150.230454,-34.801915],[150.230253,-34.801947],[150.230049,-34.801974],[150.229847,-34.802002],[150.229645,-34.802035],[150.229447,-34.802079],[150.229287,-34.802127],[150.22913,-34.802185],[150.228974,-34.802245],[150.228816,-34.802303],[150.228657,-34.802351],[150.228427,-34.8024],[150.228193,-34.802435],[150.227958,-34.802462],[150.227721,-34.802486],[150.227486,-34.802514],[150.227299,-34.802535],[150.226925,-34.802568],[150.22674,-34.802595],[150.22656,-34.802637],[150.226438,-34.802679],[150.226319,-34.80273],[150.226201,-34.802784],[150.226082,-34.802837],[150.225961,-34.802882],[150.225817,-34.802925],[150.22567,-34.802965],[150.225523,-34.802998],[150.225374,-34.803025],[150.225225,-34.803045],[150.225009,-34.803051],[150.224792,-34.803033],[150.224573,-34.803006],[150.224354,-34.802982],[150.224136,-34.802977],[150.223893,-34.802993],[150.223651,-34.803022],[150.223409,-34.80306],[150.223169,-34.803108],[150.22293,-34.803161],[150.222593,-34.803258],[150.222262,-34.803381],[150.221933,-34.803515],[150.221604,-34.803646],[150.221269,-34.80376],[150.220972,-34.80384],[150.220671,-34.803909],[150.220369,-34.803976],[150.220068,-34.804046],[150.219771,-34.804127],[150.219414,-34.804236],[150.219057,-34.80435],[150.218702,-34.804476],[150.21836,-34.804617],[150.218028,-34.80478],[150.217771,-34.804931],[150.21752,-34.805095],[150.217276,-34.80527],[150.217037,-34.805452],[150.216803,-34.805638],[150.216431,-34.80596],[150.216076,-34.806306],[150.215734,-34.806665],[150.215397,-34.807031],[150.215059,-34.807394],[150.214706,-34.807754],[150.214593,-34.807877],[150.214487,-34.808006],[150.21438,-34.808163],[150.214285,-34.808328],[150.214194,-34.808496],[150.2141,-34.808663],[150.213997,-34.808823],[150.213915,-34.808931],[150.213828,-34.809035],[150.213739,-34.809138],[150.213654,-34.809244],[150.213575,-34.809354],[150.213495,-34.80949],[150.213424,-34.809631],[150.213292,-34.80992],[150.213221,-34.810062],[150.213088,-34.810306],[150.212952,-34.810549],[150.21281,-34.810789],[150.212664,-34.811026],[150.212513,-34.811259],[150.212288,-34.811582],[150.212051,-34.811896],[150.211554,-34.812509],[150.211301,-34.812811],[150.211107,-34.813045],[150.210914,-34.813281],[150.210717,-34.813512],[150.210512,-34.813734],[150.210293,-34.813941],[150.210119,-34.814089],[150.20994,-34.814233],[150.209755,-34.814369],[150.209564,-34.814495],[150.209367,-34.814608],[150.209084,-34.814737],[150.208786,-34.814842],[150.208478,-34.814927],[150.208166,-34.814997],[150.207855,-34.815057],[150.207579,-34.815091],[150.207298,-34.815103],[150.207016,-34.815111],[150.206738,-34.81513],[150.206467,-34.815179],[150.206252,-34.815241],[150.206039,-34.815313],[150.205829,-34.815397],[150.205626,-34.815493],[150.205432,-34.815601],[150.205242,-34.815741],[150.205068,-34.815906],[150.204899,-34.816079],[150.204724,-34.816242],[150.204533,-34.816377],[150.2043,-34.816488],[150.204052,-34.816574],[150.203796,-34.816643],[150.203536,-34.816706],[150.203014,-34.816841],[150.202746,-34.816903],[150.202478,-34.816963],[150.20221,-34.817027],[150.201945,-34.817099],[150.201684,-34.81718],[150.201424,-34.817268],[150.201166,-34.817359],[150.200652,-34.817548],[150.200267,-34.817695],[150.199503,-34.818008],[150.199119,-34.818159],[150.198732,-34.818296],[150.198472,-34.818382],[150.198213,-34.818465],[150.197952,-34.818544],[150.197689,-34.818616],[150.197424,-34.818678],[150.197196,-34.818714],[150.196964,-34.818737],[150.196732,-34.818758],[150.196503,-34.818789],[150.19628,-34.818841],[150.195032,-34.819213],[150.194387,-34.819517],[150.193709,-34.819725],[150.192952,-34.819591],[150.19227,-34.819576],[150.191607,-34.8195],[150.191198,-34.819388],[150.190237,-34.81911],[150.189571,-34.818969],[150.188865,-34.818985],[150.188026,-34.818975],[150.18728,-34.818972],[150.186525,-34.819103],[150.185866,-34.819283],[150.18526,-34.819483],[150.184882,-34.819656],[150.184216,-34.819659],[150.183545,-34.819509],[150.181687,-34.8192],[150.180965,-34.819039],[150.180393,-34.818942],[150.179997,-34.818826],[150.179549,-34.818532],[150.179071,-34.818335],[150.178472,-34.818218],[150.177659,-34.818223],[150.176775,-34.818342],[150.175957,-34.818504],[150.175127,-34.818834],[150.174492,-34.819271],[150.173725,-34.819741],[150.172055,-34.820568],[150.170991,-34.820994],[150.170341,-34.821212],[150.169585,-34.821543],[150.168257,-34.821922],[150.167396,-34.822181],[150.166722,-34.822272],[150.16585,-34.822359],[150.164872,-34.822578],[150.163721,-34.822909],[150.162728,-34.823063],[150.16129,-34.822885],[150.160288,-34.822638],[150.15817,-34.822398],[150.15716,-34.822537],[150.156572,-34.822593],[150.156049,-34.82253],[150.155491,-34.822345],[150.154857,-34.822074],[150.154247,-34.82179],[150.153746,-34.821573],[150.153007,-34.821421],[150.152293,-34.82129],[150.151735,-34.821173],[150.150571,-34.820871],[150.149428,-34.820667],[150.148277,-34.820338],[150.147269,-34.820282],[150.146859,-34.820379],[150.146277,-34.820421],[150.145193,-34.820261],[150.143822,-34.820094],[150.14299,-34.820023],[150.142181,-34.819901],[150.141342,-34.819858],[150.140542,-34.819844],[150.138983,-34.819556],[150.13761,-34.819282],[150.136686,-34.81926],[150.136075,-34.819306],[150.135706,-34.819372],[150.135205,-34.819514],[150.13461,-34.819588],[150.134084,-34.819608],[150.133392,-34.819387],[150.132627,-34.819011],[150.131897,-34.818584],[150.131361,-34.818283],[150.130927,-34.818087],[150.130414,-34.817917],[150.129898,-34.817811],[150.129421,-34.81774],[150.128283,-34.817713],[150.127928,-34.817681],[150.127653,-34.817633],[150.127419,-34.817557],[150.127115,-34.817387],[150.12694,-34.817044],[150.126627,-34.816166],[150.126386,-34.815616],[150.1262,-34.815291],[150.125984,-34.815062],[150.125777,-34.814806],[150.125612,-34.814528],[150.12543,-34.813932],[150.125367,-34.813475],[150.1254,-34.813173],[150.125404,-34.812718],[150.12549,-34.812524],[150.125682,-34.81238],[150.125619,-34.812043],[150.125605,-34.810033],[150.125587,-34.809251],[150.125385,-34.808427],[150.125277,-34.807969],[150.124881,-34.807476],[150.124501,-34.807048],[150.123995,-34.806352],[150.123405,-34.805821],[150.12268,-34.805074],[150.12228,-34.804576],[150.121868,-34.80411],[150.121431,-34.8037],[150.120635,-34.80322],[150.119779,-34.802707],[150.119155,-34.802148],[150.11851,-34.801402],[150.118206,-34.801046],[150.117708,-34.800778],[150.117139,-34.800448],[150.116577,-34.800063],[150.115838,-34.79957],[150.115468,-34.799362],[150.114774,-34.799229],[150.11369,-34.799208],[150.112998,-34.799201],[150.111995,-34.799298],[150.111594,-34.799339],[150.110783,-34.799297],[150.110133,-34.799142],[150.109704,-34.798876],[150.109281,-34.798531],[150.108903,-34.798033],[150.108548,-34.797541],[150.108034,-34.79678],[150.107616,-34.796137],[150.107134,-34.795418],[150.106437,-34.793717],[150.106258,-34.793201],[150.106261,-34.792648],[150.10623,-34.791926],[150.106212,-34.791139],[150.106096,-34.79042],[150.10596,-34.789928],[150.105729,-34.789318],[150.105446,-34.78885],[150.105133,-34.788601],[150.104673,-34.788371],[150.103976,-34.787959],[150.103304,-34.787557],[150.102462,-34.787272],[150.101472,-34.787039],[150.100097,-34.78621],[150.098937,-34.785308],[150.097941,-34.784451],[150.097348,-34.783837],[150.096583,-34.783307],[150.096014,-34.782828],[150.095096,-34.78215],[150.093622,-34.781417],[150.093287,-34.781144],[150.092859,-34.780822],[150.092258,-34.780547],[150.091646,-34.780486],[150.090614,-34.780359],[150.089752,-34.780147],[150.089066,-34.77994],[150.088298,-34.779647],[150.087618,-34.779259],[150.087046,-34.778854],[150.086379,-34.778438],[150.085992,-34.778201],[150.085455,-34.777746],[150.08476,-34.776994],[150.084323,-34.776435],[150.083943,-34.776012],[150.083652,-34.775651],[150.083315,-34.775438],[150.083088,-34.775289],[150.082836,-34.77512],[150.082674,-34.774883],[150.082489,-34.774567],[150.082159,-34.774178],[150.081729,-34.773869],[150.081419,-34.773718],[150.08096,-34.773623],[150.080319,-34.773575],[150.079999,-34.773525],[150.079612,-34.77347],[150.079092,-34.773522],[150.078436,-34.773562],[150.077834,-34.773543],[150.07625,-34.773529],[150.075822,-34.773351],[150.07555,-34.773056],[150.075387,-34.772559],[150.07531,-34.772045],[150.075227,-34.771755],[150.075198,-34.771526],[150.075297,-34.770812],[150.075323,-34.77038],[150.075371,-34.769976],[150.075331,-34.769538],[150.075116,-34.769054],[150.074921,-34.768668],[150.074632,-34.768404],[150.07422,-34.768097],[150.073777,-34.767881],[150.072979,-34.767625],[150.072137,-34.767521],[150.071348,-34.76753],[150.070391,-34.767637],[150.069578,-34.767823],[150.069149,-34.76785],[150.06881,-34.76786],[150.068562,-34.767853],[150.068167,-34.767714],[150.068053,-34.767571],[150.067979,-34.767431],[150.068058,-34.767274],[150.06787,-34.767167],[150.067224,-34.767273],[150.066119,-34.767414],[150.064715,-34.767599],[150.063477,-34.767848],[150.062393,-34.76803],[150.061018,-34.768189],[150.060478,-34.768306],[150.059671,-34.768626],[150.058822,-34.769048],[150.058114,-34.769443],[150.057236,-34.769884],[150.056201,-34.770454],[150.05578,-34.770881],[150.055452,-34.771381],[150.055215,-34.772003],[150.05492,-34.772689],[150.054902,-34.77321],[150.055134,-34.773662],[150.055576,-34.77391],[150.055969,-34.774133],[150.056368,-34.774315],[150.05682,-34.774438],[150.057418,-34.774597],[150.058365,-34.774619],[150.058673,-34.774501],[150.058802,-34.774379],[150.059006,-34.774346],[150.05924,-34.774431],[150.059766,-34.774537],[150.061307,-34.774481],[150.06176,-34.774608],[150.062418,-34.774964],[150.06297,-34.775308],[150.063459,-34.775654],[150.064315,-34.776313],[150.065488,-34.777284],[150.065979,-34.777735],[150.066504,-34.778049],[150.066935,-34.778292],[150.067215,-34.778667],[150.067381,-34.778912],[150.067339,-34.779452],[150.067226,-34.779942],[150.067125,-34.780405],[150.067219,-34.780946],[150.067293,-34.781227],[150.06709,-34.782027],[150.066872,-34.782762],[150.066422,-34.78338],[150.06622,-34.783831],[150.065964,-34.784051],[150.065007,-34.784316],[150.064505,-34.784464],[150.064252,-34.784534],[150.063999,-34.784603],[150.06361,-34.784704],[150.063475,-34.78474],[150.06334,-34.784775],[150.063205,-34.784807],[150.063067,-34.784833],[150.062957,-34.784848],[150.062846,-34.784861],[150.062735,-34.784871],[150.062624,-34.78488],[150.062512,-34.784888],[150.062128,-34.784901],[150.061772,-34.784889],[150.0614,-34.784867],[150.061028,-34.784842],[150.060655,-34.784824],[150.059628,-34.784784],[150.059286,-34.784774],[150.058944,-34.784771],[150.058657,-34.784774],[150.05837,-34.784783],[150.057796,-34.784803],[150.057508,-34.784809],[150.056929,-34.784819],[150.056639,-34.784821],[150.05635,-34.784819],[150.056061,-34.784808],[150.055921,-34.7848],[150.055782,-34.78479],[150.055712,-34.784786],[150.055422,-34.784766],[150.054965,-34.784736],[150.05393,-34.784832],[150.052921,-34.785142],[150.052189,-34.785734],[150.051143,-34.786765],[150.049403,-34.788769],[150.048584,-34.789406],[150.047599,-34.789866],[150.046876,-34.790169],[150.04608,-34.790373],[150.045499,-34.790694],[150.044923,-34.791024],[150.044298,-34.791451],[150.043771,-34.791852],[150.042815,-34.792736],[150.042312,-34.793073],[150.041993,-34.793191],[150.041636,-34.79355],[150.04134,-34.793924],[150.040846,-34.794349],[150.04045,-34.794679],[150.04023,-34.795018],[150.040306,-34.79555],[150.040754,-34.796608],[150.041026,-34.797006],[150.041366,-34.797465],[150.041808,-34.798034],[150.042153,-34.798326],[150.042867,-34.798832],[150.043553,-34.799398],[150.044315,-34.799863],[150.044903,-34.800282],[150.045378,-34.800689],[150.045702,-34.801116],[150.045975,-34.801537],[150.046627,-34.802548],[150.046759,-34.803082],[150.046753,-34.803775],[150.046802,-34.804278],[150.046692,-34.804662],[150.045961,-34.805244],[150.045336,-34.80568],[150.044532,-34.806089],[150.043816,-34.806397],[150.043119,-34.806497],[150.042453,-34.806336],[150.041788,-34.805999],[150.040906,-34.805587],[150.040168,-34.805103],[150.039694,-34.80478],[150.039129,-34.804636],[150.038337,-34.804863],[150.037886,-34.805189],[150.03751,-34.805597],[150.037255,-34.806107],[150.036957,-34.806556],[150.036679,-34.806912],[150.036388,-34.807472],[150.036263,-34.807963],[150.036099,-34.808619],[150.036042,-34.809255],[150.03615,-34.809695],[150.036548,-34.810096],[150.037007,-34.810809],[150.037301,-34.811915],[150.037346,-34.812837],[150.037239,-34.813644],[150.037472,-34.81452],[150.037869,-34.815734],[150.038146,-34.81682],[150.038437,-34.817837],[150.038743,-34.819361],[150.039054,-34.820458],[150.039497,-34.821622],[150.040106,-34.822572],[150.040817,-34.823366],[150.041632,-34.824396],[150.042344,-34.825162],[150.042756,-34.825935],[150.043289,-34.826818],[150.043756,-34.827779],[150.043772,-34.828282],[150.043697,-34.828968],[150.043421,-34.829753],[150.043385,-34.830268],[150.043161,-34.830863],[150.042697,-34.831512],[150.042316,-34.832382],[150.041697,-34.833442],[150.041056,-34.834645],[150.040823,-34.835333],[150.040225,-34.836588],[150.039707,-34.837953],[150.03942,-34.83889],[150.039083,-34.839943],[150.0388,-34.840909],[150.038527,-34.841916],[150.038387,-34.842662],[150.038237,-34.842905],[150.037897,-34.843259],[150.037618,-34.843499],[150.037447,-34.843872],[150.037583,-34.844471],[150.037801,-34.84516],[150.038064,-34.845687],[150.038338,-34.846392],[150.039068,-34.847135],[150.039722,-34.847761],[150.040234,-34.848294],[150.040627,-34.848834],[150.041141,-34.849442],[150.041541,-34.850076],[150.041914,-34.850708],[150.042188,-34.851413],[150.042172,-34.85218],[150.041973,-34.853301],[150.041771,-34.854538],[150.041688,-34.855118],[150.041695,-34.855858],[150.041669,-34.856597],[150.04167,-34.857365],[150.041474,-34.858095],[150.041265,-34.858583],[150.041114,-34.858854],[150.040842,-34.859354],[150.040608,-34.859749],[150.040608,-34.8602],[150.041033,-34.860638],[150.041557,-34.860977],[150.043461,-34.861414],[150.04449,-34.861672],[150.045452,-34.862072],[150.046168,-34.862722],[150.046475,-34.863288],[150.046754,-34.863862],[150.047004,-34.864762],[150.046965,-34.86537],[150.046762,-34.865845],[150.046547,-34.866188],[150.046468,-34.866498],[150.046389,-34.866961],[150.046407,-34.867132],[150.046435,-34.867418],[150.046711,-34.868049],[150.047397,-34.868763],[150.048196,-34.869313],[150.049046,-34.869687],[150.049598,-34.869738],[150.050339,-34.869523],[150.051073,-34.869695],[150.051559,-34.870293],[150.052377,-34.872066],[150.052585,-34.872546],[150.0526,-34.872563],[150.052628,-34.872598],[150.052653,-34.872636],[150.052676,-34.87268],[150.052687,-34.872703],[150.052697,-34.872727],[150.052706,-34.87275],[150.052724,-34.872803],[150.052738,-34.872857],[150.052749,-34.872912],[150.052767,-34.873023],[150.052775,-34.873081],[150.052721,-34.873775],[150.052703,-34.873915],[150.052689,-34.874055],[150.052683,-34.874125],[150.052672,-34.874284],[150.05267,-34.874337],[150.052667,-34.87439],[150.052782,-34.874642],[150.052855,-34.874804],[150.052965,-34.875358],[150.053056,-34.876183],[150.053246,-34.87671],[150.053294,-34.877189],[150.053176,-34.877901],[150.053126,-34.878542],[150.053004,-34.878982],[150.052807,-34.879582],[150.052692,-34.879936],[150.052474,-34.880357],[150.052109,-34.880687],[150.051965,-34.880873],[150.052064,-34.881088],[150.052211,-34.881413],[150.052294,-34.881746],[150.052749,-34.882164],[150.053563,-34.882432],[150.054301,-34.882399],[150.055062,-34.882135],[150.05614,-34.881712],[150.056457,-34.881669],[150.057881,-34.881848],[150.058519,-34.882233],[150.058818,-34.882599],[150.059132,-34.883017],[150.060795,-34.884871],[150.061283,-34.885304],[150.061924,-34.886185],[150.06226,-34.88658],[150.063583,-34.88785],[150.064258,-34.888553],[150.064912,-34.889247],[150.065262,-34.889651],[150.065757,-34.890081],[150.066308,-34.890318],[150.067121,-34.890982],[150.067479,-34.891231],[150.067918,-34.891442],[150.069182,-34.89206],[150.069702,-34.892387],[150.06999,-34.89258],[150.070441,-34.892823],[150.07139,-34.893439],[150.072016,-34.893779],[150.072488,-34.894022],[150.072983,-34.894173],[150.073502,-34.894341],[150.073819,-34.894487],[150.074352,-34.894842],[150.074646,-34.895239],[150.074857,-34.895693],[150.074979,-34.896112],[150.075099,-34.896499],[150.075164,-34.896888],[150.075421,-34.897298],[150.075703,-34.897556],[150.076076,-34.897571],[150.077082,-34.897643],[150.077602,-34.897695],[150.07817,-34.89763],[150.078561,-34.897439],[150.078821,-34.897258],[150.079072,-34.897052],[150.079661,-34.896507],[150.08003,-34.896081],[150.080167,-34.89579],[150.080349,-34.895594],[150.080819,-34.894712],[150.081103,-34.894252],[150.081471,-34.893829],[150.081807,-34.893639],[150.0822,-34.893493],[150.082777,-34.893377],[150.083303,-34.893339],[150.08373,-34.89329],[150.084231,-34.893194],[150.084682,-34.893047],[150.085058,-34.893087],[150.085507,-34.893081],[150.085969,-34.893131],[150.086348,-34.893358],[150.086864,-34.893794],[150.087181,-34.894158],[150.087693,-34.894628],[150.087939,-34.895123],[150.087905,-34.895606],[150.087646,-34.896227],[150.087126,-34.896765],[150.086565,-34.897218],[150.085219,-34.898121],[150.084119,-34.898869],[150.082648,-34.899541],[150.081677,-34.900108],[150.081271,-34.900929],[150.080905,-34.901686],[150.081024,-34.902576],[150.081291,-34.903654],[150.081512,-34.904397],[150.081609,-34.905032],[150.082016,-34.905845],[150.08265,-34.906369],[150.083274,-34.906935],[150.083871,-34.907528],[150.084435,-34.90796],[150.084919,-34.90854],[150.085266,-34.90893],[150.085754,-34.909179],[150.086375,-34.909476],[150.086796,-34.909599],[150.087314,-34.909883],[150.087889,-34.910216],[150.088514,-34.910302],[150.089277,-34.910255],[150.090111,-34.910174],[150.090648,-34.910119],[150.091136,-34.910192],[150.091485,-34.910495],[150.091669,-34.910844],[150.091803,-34.911325],[150.091623,-34.911648],[150.091259,-34.912049],[150.090761,-34.912264],[150.089975,-34.912166],[150.089119,-34.911913],[150.088278,-34.911738],[150.087491,-34.911789],[150.086993,-34.912088],[150.086743,-34.912543],[150.086419,-34.913188],[150.086161,-34.913973],[150.086015,-34.915013],[150.086132,-34.91568],[150.086285,-34.916667],[150.086383,-34.917602],[150.086687,-34.91842],[150.087057,-34.919099],[150.087661,-34.920176],[150.088071,-34.921274],[150.08837,-34.92242],[150.088461,-34.92355],[150.088431,-34.924388],[150.088242,-34.924887],[150.087027,-34.92598],[150.086245,-34.92645],[150.085601,-34.926725],[150.083321,-34.927711],[150.082656,-34.927977],[150.082151,-34.928313],[150.081283,-34.928942],[150.080235,-34.929762],[150.078975,-34.930771],[150.078255,-34.931235],[150.077758,-34.931601],[150.076368,-34.933068],[150.075565,-34.93373],[150.074749,-34.934098],[150.072998,-34.934708],[150.071624,-34.935226],[150.069487,-34.93559],[150.068376,-34.93595],[150.067762,-34.936509],[150.067482,-34.93715],[150.067422,-34.938335],[150.067666,-34.939483],[150.067966,-34.940615],[150.068135,-34.941651],[150.068304,-34.942483],[150.068425,-34.943138],[150.06823,-34.943987],[150.06773,-34.945405],[150.067068,-34.946147],[150.066356,-34.946867],[150.065559,-34.947472],[150.064801,-34.947847],[150.063732,-34.948542],[150.062677,-34.949443],[150.061914,-34.950258],[150.061109,-34.951154],[150.06077,-34.951725],[150.060397,-34.952448],[150.059975,-34.95321],[150.059604,-34.954272],[150.059441,-34.954708],[150.059229,-34.955272],[150.058768,-34.956162],[150.05848,-34.956811],[150.058306,-34.957547],[150.058086,-34.958525],[150.05767,-34.959306],[150.057138,-34.960647],[150.056792,-34.961686],[150.056568,-34.962377],[150.05552,-34.965285],[150.055446,-34.966377],[150.055792,-34.967665],[150.056315,-34.968286],[150.056914,-34.96873],[150.057888,-34.969228],[150.058914,-34.969725],[150.059968,-34.970022],[150.061032,-34.970319],[150.062348,-34.970665],[150.064002,-34.971069],[150.065192,-34.971409],[150.066579,-34.971807],[150.067429,-34.972116],[150.068289,-34.972555],[150.069211,-34.973086],[150.070195,-34.973511],[150.071388,-34.973842],[150.072252,-34.974084],[150.07415,-34.97468],[150.075681,-34.975167],[150.076772,-34.97538],[150.077951,-34.975538],[150.078785,-34.975928],[150.079541,-34.976585],[150.080025,-34.977187],[150.080556,-34.978285],[150.081045,-34.97912],[150.081482,-34.979947],[150.082036,-34.980926],[150.082606,-34.981938],[150.083481,-34.983508],[150.08423,-34.984668],[150.08473,-34.98585],[150.085115,-34.986628],[150.08569,-34.987732],[150.085829,-34.98838],[150.085776,-34.988986],[150.085472,-34.989615],[150.084928,-34.990438],[150.08431,-34.991209],[150.083599,-34.991805],[150.082921,-34.99223],[150.082166,-34.992582],[150.081799,-34.992864],[150.081303,-34.993191],[150.080816,-34.993561],[150.080456,-34.993926],[150.080039,-34.994263],[150.079443,-34.994602],[150.078756,-34.995103],[150.077629,-34.996271],[150.077243,-34.996592],[150.076797,-34.996955],[150.076379,-34.997425],[150.076021,-34.997645],[150.075778,-34.997851],[150.075622,-34.997999],[150.075377,-34.998221],[150.075196,-34.998369],[150.074848,-34.998658],[150.074586,-34.998874],[150.07419,-34.999218],[150.073911,-34.999476],[150.073529,-34.9998],[150.073062,-35.000087],[150.072586,-35.000408],[150.071736,-35.001083],[150.071338,-35.001374],[150.0708,-35.001866],[150.07045,-35.002117],[150.069573,-35.00266],[150.06893,-35.003048],[150.068472,-35.003277],[150.068006,-35.003588],[150.067575,-35.003856],[150.06702,-35.004203],[150.066726,-35.004344],[150.066415,-35.004475],[150.066042,-35.00462],[150.065761,-35.004688],[150.065299,-35.004781],[150.064825,-35.004831],[150.063979,-35.005027],[150.063295,-35.005112],[150.062692,-35.005205],[150.062195,-35.005288],[150.061782,-35.005312],[150.061271,-35.005451],[150.060917,-35.005553],[150.060038,-35.005886],[150.059578,-35.006103],[150.058988,-35.006366],[150.058656,-35.006537],[150.057342,-35.007128],[150.056938,-35.007321],[150.056422,-35.007518],[150.056013,-35.007644],[150.055579,-35.007726],[150.05519,-35.007809],[150.054748,-35.007918],[150.054472,-35.007992],[150.054126,-35.008042],[150.053853,-35.00802],[150.053637,-35.007981],[150.053331,-35.007859],[150.052973,-35.007706],[150.052716,-35.00757],[150.052398,-35.007436],[150.052103,-35.007305],[150.05191,-35.007276],[150.051738,-35.007403],[150.051589,-35.007453],[150.051249,-35.007528],[150.050973,-35.007602],[150.050658,-35.007711],[150.050491,-35.007781],[150.050082,-35.007996],[150.049934,-35.008171],[150.049821,-35.00839],[150.049832,-35.008711],[150.049909,-35.009052],[150.050074,-35.009589],[150.050165,-35.009955],[150.050219,-35.010326],[150.05026,-35.010663],[150.050664,-35.012655],[150.051103,-35.013116],[150.05164,-35.01323],[150.052381,-35.013199],[150.05294,-35.013101],[150.05322,-35.013109],[150.053462,-35.013222],[150.053885,-35.013622],[150.05418,-35.014182],[150.054301,-35.014567],[150.054157,-35.015285],[150.053499,-35.016153],[150.052925,-35.016924],[150.05263,-35.017506],[150.0526,-35.018163],[150.05291,-35.018624],[150.05328,-35.018858],[150.053704,-35.018964],[150.054444,-35.018934],[150.054807,-35.018888],[150.055472,-35.018782],[150.056206,-35.018707],[150.056629,-35.018722],[150.056916,-35.01879],[150.057226,-35.018896],[150.057499,-35.019032],[150.057763,-35.019221],[150.057997,-35.019462],[150.05833,-35.020135],[150.058617,-35.020558],[150.058942,-35.020951],[150.059222,-35.021253],[150.059449,-35.021366],[150.060046,-35.02151],[150.060568,-35.021623],[150.06084,-35.021661],[150.061528,-35.021699],[150.062367,-35.021638],[150.062669,-35.021578],[150.06341,-35.021563],[150.063902,-35.021638],[150.064212,-35.021789],[150.064476,-35.022107],[150.064688,-35.022681],[150.064703,-35.023028],[150.064642,-35.023383],[150.064491,-35.023769],[150.064363,-35.024343],[150.064234,-35.024932],[150.064106,-35.025446],[150.064,-35.025733],[150.063932,-35.025929],[150.063856,-35.02636],[150.063698,-35.026602],[150.063562,-35.027047],[150.063426,-35.027682],[150.063426,-35.028113],[150.063418,-35.028589],[150.063471,-35.029012],[150.063622,-35.029488],[150.063872,-35.029797],[150.064129,-35.030206],[150.064151,-35.030485],[150.064098,-35.031142],[150.063539,-35.032109],[150.063312,-35.032479],[150.063093,-35.032812],[150.06301,-35.033144],[150.062896,-35.033492],[150.0627,-35.033794],[150.062579,-35.034157],[150.062503,-35.034459],[150.062201,-35.035048],[150.061861,-35.03563],[150.061611,-35.036075],[150.061505,-35.036378],[150.061513,-35.036604],[150.061588,-35.036839],[150.061838,-35.037035],[150.062155,-35.03711],[150.062647,-35.037141],[150.063014,-35.037112],[150.063167,-35.03709],[150.063503,-35.036833],[150.063713,-35.036634],[150.063959,-35.03632],[150.064218,-35.036103],[150.064672,-35.035875],[150.065322,-35.035694],[150.065636,-35.035564],[150.066243,-35.03548],[150.066613,-35.035481],[150.066822,-35.035528],[150.067065,-35.0357],[150.067182,-35.035884],[150.067271,-35.036244],[150.067249,-35.036428],[150.067179,-35.036656],[150.066905,-35.037022],[150.066782,-35.03708],[150.066532,-35.037277],[150.066294,-35.03749],[150.066094,-35.037942],[150.065935,-35.03841],[150.065962,-35.038695],[150.066107,-35.039131],[150.066105,-35.039417],[150.066153,-35.039589],[150.06643,-35.040105],[150.066596,-35.040231],[150.067047,-35.040465],[150.06753,-35.040616],[150.067992,-35.040541],[150.068256,-35.040419],[150.06868,-35.040185],[150.06911,-35.040064],[150.069617,-35.039906],[150.069995,-35.0398],[150.070479,-35.039762],[150.071008,-35.039861],[150.071444,-35.040034],[150.071719,-35.040269],[150.071832,-35.040487],[150.071946,-35.04079],[150.072157,-35.041145],[150.072444,-35.041477],[150.072733,-35.041676],[150.072872,-35.041757],[150.073276,-35.041798],[150.073847,-35.041972],[150.074021,-35.042001],[150.07474,-35.042009],[150.075052,-35.041999],[150.075514,-35.042119],[150.075892,-35.042301],[150.076088,-35.042565],[150.076088,-35.042905],[150.07602,-35.043041],[150.075733,-35.043562],[150.075453,-35.044106],[150.075143,-35.044711],[150.074941,-35.045066],[150.074807,-35.045351],[150.074757,-35.045626],[150.074553,-35.045963],[150.074463,-35.046078],[150.074115,-35.04632],[150.073775,-35.04666],[150.073329,-35.047045],[150.072709,-35.047491],[150.072202,-35.047876],[150.072089,-35.047989],[150.0719,-35.048246],[150.071772,-35.048677],[150.071711,-35.049077],[150.071681,-35.049501],[150.071772,-35.04984],[150.07187,-35.050143],[150.072149,-35.050543],[150.072452,-35.050913],[150.07289,-35.051374],[150.073215,-35.051639],[150.073594,-35.051812],[150.073823,-35.051956],[150.074115,-35.052122],[150.074569,-35.052265],[150.074939,-35.052356],[150.075174,-35.052386],[150.075366,-35.052424],[150.075534,-35.052456],[150.075575,-35.052485],[150.076154,-35.05251],[150.076642,-35.052569],[150.077178,-35.052685],[150.077582,-35.052818],[150.077896,-35.052847],[150.078837,-35.053005],[150.079478,-35.053167],[150.080404,-35.053467],[150.081114,-35.053802],[150.081343,-35.053985],[150.081482,-35.054158],[150.081668,-35.054496],[150.081713,-35.054728],[150.081841,-35.055091],[150.081879,-35.055431],[150.081822,-35.056019],[150.081787,-35.056047],[150.081715,-35.056505],[150.081675,-35.056617],[150.081667,-35.056912],[150.081781,-35.057131],[150.082038,-35.057206],[150.082206,-35.057216],[150.082618,-35.057212],[150.082848,-35.057252],[150.083028,-35.057289],[150.083429,-35.057289],[150.083807,-35.057335],[150.084147,-35.057418],[150.084495,-35.057486],[150.084956,-35.057667],[150.085432,-35.057932],[150.085878,-35.058158],[150.086354,-35.058476],[150.086838,-35.058725],[150.087322,-35.059012],[150.087647,-35.059284],[150.087791,-35.059526],[150.087814,-35.059722],[150.087768,-35.059964],[150.08764,-35.060244],[150.087405,-35.060583],[150.087194,-35.060848],[150.086672,-35.061339],[150.085939,-35.061905],[150.085636,-35.062162],[150.085515,-35.062457],[150.085477,-35.062608],[150.085462,-35.062903],[150.085485,-35.063212],[150.085651,-35.063613],[150.085833,-35.06393],[150.086029,-35.064119],[150.086234,-35.064232],[150.08643,-35.064308],[150.086627,-35.064376],[150.08677,-35.064482],[150.086952,-35.064799],[150.087209,-35.065169],[150.087421,-35.065351],[150.087708,-35.065479],[150.088002,-35.065615],[150.088154,-35.065728],[150.08829,-35.065894],[150.088509,-35.066219],[150.088622,-35.066491],[150.08869,-35.066809],[150.088713,-35.067232],[150.088819,-35.067617],[150.089076,-35.067821],[150.089469,-35.067934],[150.089847,-35.067987],[150.090278,-35.06801],[150.090822,-35.067919],[150.091321,-35.067859],[150.091828,-35.067829],[150.092334,-35.067844],[150.092818,-35.067942],[150.093287,-35.068078],[150.093718,-35.068289],[150.094126,-35.068539],[150.094413,-35.068705],[150.094597,-35.068764],[150.095223,-35.069023],[150.095467,-35.069098],[150.095711,-35.06911],[150.095837,-35.069088],[150.096008,-35.068998],[150.096165,-35.06884],[150.09625,-35.068647],[150.096322,-35.068334],[150.096309,-35.068059],[150.096322,-35.06791],[150.096431,-35.067753],[150.096516,-35.067499],[150.096601,-35.067269],[150.096685,-35.067209],[150.096879,-35.067354],[150.097133,-35.067547],[150.097314,-35.067765],[150.097481,-35.06796],[150.097543,-35.068132],[150.097556,-35.068284],[150.097726,-35.068635],[150.09784,-35.068848],[150.098124,-35.069278],[150.09827,-35.069493],[150.098451,-35.069662],[150.098652,-35.069726],[150.098896,-35.069778],[150.099127,-35.06975],[150.099467,-35.069747],[150.10035,-35.069723],[150.100943,-35.069687],[150.101282,-35.069771],[150.101512,-35.069977],[150.101632,-35.070255],[150.101767,-35.070554],[150.101648,-35.070668],[150.101633,-35.070862],[150.101735,-35.071504],[150.101872,-35.071893],[150.101976,-35.072077],[150.102115,-35.07222],[150.102303,-35.072295],[150.102617,-35.072296],[150.103015,-35.072131],[150.103372,-35.072041],[150.103615,-35.072099],[150.103964,-35.0721],[150.105235,-35.071743],[150.105431,-35.071675],[150.105934,-35.071545],[150.106408,-35.071535],[150.107154,-35.071737],[150.107467,-35.071864],[150.107933,-35.072151],[150.107184,-35.072836],[150.106589,-35.073292],[150.106414,-35.073492],[150.106294,-35.073709],[150.106167,-35.074121],[150.106115,-35.074664],[150.106009,-35.075139],[150.105991,-35.076083],[150.106058,-35.076327],[150.106598,-35.076581],[150.107032,-35.076708],[150.107424,-35.076772],[150.10755,-35.077026],[150.107455,-35.077226],[150.107212,-35.077385],[150.106873,-35.077522],[150.106542,-35.077573],[150.105475,-35.077627],[150.105377,-35.077656],[150.105148,-35.077681],[150.104832,-35.077757],[150.104183,-35.077807],[150.103904,-35.077909],[150.103574,-35.078217],[150.103377,-35.078565],[150.103349,-35.07864],[150.103391,-35.078919],[150.103624,-35.079447],[150.103728,-35.0797],[150.103804,-35.079866],[150.10379,-35.07998],[150.103649,-35.080209],[150.103401,-35.081009],[150.103245,-35.081696],[150.103221,-35.082239],[150.103338,-35.08264],[150.103428,-35.082755],[150.103859,-35.083128],[150.104124,-35.083289],[150.10443,-35.08341],[150.104821,-35.083417],[150.10503,-35.083521],[150.105169,-35.083705],[150.105286,-35.08398],[150.105296,-35.084163],[150.10536,-35.084488],[150.105395,-35.084931],[150.105395,-35.085282],[150.105419,-35.085479],[150.105474,-35.085594],[150.105717,-35.085824],[150.105877,-35.086047],[150.10596,-35.086082],[150.106065,-35.086157],[150.106168,-35.086197],[150.106395,-35.086231],[150.106641,-35.086231],[150.106838,-35.086211],[150.107021,-35.086142],[150.107217,-35.086064],[150.107415,-35.08595],[150.107508,-35.085862],[150.107597,-35.085749],[150.107671,-35.085601],[150.107764,-35.08535],[150.107804,-35.085187],[150.107848,-35.084956],[150.107892,-35.084789],[150.108021,-35.084592],[150.108218,-35.084449],[150.108454,-35.08438],[150.108607,-35.0844],[150.108843,-35.084532],[150.109139,-35.084705],[150.10943,-35.084798],[150.109774,-35.084931],[150.110326,-35.085217],[150.110661,-35.085552],[150.110854,-35.085911],[150.110932,-35.086206],[150.110952,-35.086492],[150.110972,-35.086596],[150.11108,-35.086733],[150.111272,-35.086886],[150.111583,-35.087093],[150.111918,-35.08729],[150.112228,-35.087467],[150.112657,-35.08759],[150.112829,-35.087659],[150.113002,-35.087856],[150.113282,-35.088319],[150.113612,-35.08856],[150.114021,-35.088678],[150.114371,-35.088712],[150.114918,-35.088722],[150.115243,-35.088708],[150.115593,-35.088654],[150.116027,-35.08854],[150.116697,-35.088383],[150.116958,-35.088338],[150.117219,-35.088284],[150.118337,-35.088501],[150.119234,-35.088688],[150.1195,-35.088919],[150.119504,-35.088941],[150.119545,-35.08915],[150.119608,-35.089446],[150.119707,-35.09014],[150.119825,-35.090505],[150.119934,-35.0908],[150.120079,-35.091089],[150.120387,-35.091647],[150.121012,-35.092292],[150.121486,-35.09275],[150.121958,-35.093144],[150.122136,-35.093277],[150.122436,-35.093503],[150.1232,-35.094005],[150.123757,-35.094271],[150.124348,-35.094522],[150.124996,-35.094789],[150.125565,-35.094985],[150.12585,-35.095084],[150.12624,-35.095226],[150.126666,-35.095388],[150.126842,-35.095481],[150.127049,-35.095647],[150.128155,-35.096574],[150.128427,-35.096713],[150.128644,-35.096786],[150.129079,-35.096982],[150.129245,-35.097014],[150.129404,-35.097083],[150.129463,-35.097417],[150.129401,-35.09779],[150.129121,-35.098225],[150.128499,-35.09926],[150.128189,-35.099757],[150.128012,-35.100181],[150.127878,-35.10044],[150.127691,-35.100875],[150.127546,-35.101175],[150.127267,-35.101558],[150.127016,-35.101672],[150.126852,-35.10191],[150.126821,-35.1022],[150.126862,-35.102577],[150.126987,-35.102935],[150.127215,-35.103463],[150.127526,-35.103742],[150.127878,-35.103949],[150.128499,-35.104115],[150.129027,-35.104136],[150.129349,-35.104094],[150.129525,-35.104105],[150.129793,-35.104105],[150.130115,-35.103887],[150.130219,-35.103587],[150.13026,-35.103473],[150.130343,-35.103287],[150.130499,-35.103059],[150.130737,-35.102873],[150.131058,-35.102811],[150.131793,-35.102862],[150.132114,-35.102987],[150.13229,-35.103256],[150.132353,-35.103577],[150.132322,-35.103939],[150.13229,-35.104229],[150.132332,-35.104664],[150.132539,-35.104954],[150.133036,-35.105233],[150.13349,-35.105486],[150.13376,-35.105934],[150.133726,-35.106579],[150.133659,-35.106937],[150.133552,-35.107172],[150.133423,-35.107475],[150.133266,-35.107805],[150.13307,-35.10804],[150.132695,-35.108371],[150.132454,-35.108601],[150.132353,-35.108727],[150.13215,-35.109076],[150.132042,-35.109293],[150.132029,-35.109311],[150.131948,-35.109396],[150.131746,-35.109661],[150.131612,-35.109923],[150.131557,-35.110091],[150.131275,-35.110337],[150.13113,-35.110523],[150.130685,-35.110669],[150.130395,-35.110771],[150.130188,-35.110978],[150.129949,-35.111361],[150.129639,-35.111879],[150.129328,-35.112376],[150.129187,-35.112536],[150.12909,-35.112676],[150.129059,-35.112935],[150.129164,-35.113263],[150.129255,-35.113484],[150.129401,-35.113629],[150.129701,-35.113835],[150.130229,-35.114063],[150.130929,-35.114212],[150.131617,-35.114206],[150.131866,-35.114115],[150.132084,-35.114042],[150.132249,-35.114053],[150.132508,-35.114012],[150.132705,-35.113991],[150.132974,-35.11398],[150.133347,-35.11398],[150.133658,-35.114022],[150.133907,-35.114332],[150.134021,-35.114653],[150.13431,-35.115233],[150.13458,-35.115834],[150.134942,-35.116392],[150.135429,-35.116827],[150.135844,-35.116941],[150.136414,-35.116827],[150.136714,-35.116765],[150.137366,-35.116579],[150.137708,-35.116517],[150.138029,-35.116465],[150.138174,-35.116455],[150.138579,-35.116455],[150.138816,-35.116572],[150.138962,-35.116662],[150.139262,-35.117024],[150.139417,-35.117542],[150.139542,-35.118163],[150.13948,-35.118625],[150.139459,-35.118922],[150.139352,-35.119338],[150.139314,-35.119912],[150.139283,-35.120595],[150.139324,-35.121134],[150.139376,-35.121548],[150.139386,-35.121827],[150.139324,-35.122303],[150.139293,-35.122666],[150.139304,-35.1231],[150.139297,-35.123433],[150.139374,-35.123808],[150.139364,-35.123917],[150.13937,-35.124214],[150.139419,-35.124415],[150.139544,-35.124626],[150.13969,-35.124804],[150.139895,-35.124951],[150.139984,-35.125099],[150.140666,-35.126269],[150.141051,-35.126906],[150.141332,-35.127527],[150.141688,-35.128179],[150.142058,-35.128905],[150.14234,-35.129423],[150.14247,-35.129763],[150.142541,-35.130107],[150.142638,-35.130457],[150.142636,-35.131098],[150.142579,-35.131899],[150.142508,-35.132385],[150.142459,-35.132437],[150.142377,-35.13265],[150.142254,-35.13322],[150.142228,-35.133807],[150.142218,-35.134068],[150.142236,-35.13543],[150.142186,-35.135779],[150.141924,-35.137164],[150.141994,-35.137496],[150.142167,-35.137954],[150.142173,-35.138257],[150.142417,-35.138526],[150.142564,-35.138652],[150.142689,-35.13891],[150.142688,-35.139082],[150.142653,-35.139213],[150.14245,-35.139448],[150.142142,-35.139854],[150.142072,-35.139985],[150.142036,-35.140426],[150.141966,-35.140586],[150.141791,-35.14074],[150.141301,-35.140997],[150.141175,-35.141111],[150.141061,-35.141315],[150.140996,-35.141802],[150.140958,-35.142318],[150.141033,-35.142833],[150.141221,-35.143198],[150.1414,-35.143533],[150.141449,-35.143785],[150.141643,-35.14446],[150.141789,-35.144632],[150.142235,-35.144919],[150.14248,-35.144994],[150.142787,-35.145011],[150.143562,-35.145007],[150.144505,-35.144893],[150.145783,-35.144809],[150.14586,-35.144775],[150.146112,-35.144552],[150.146602,-35.143894],[150.146882,-35.143654],[150.147175,-35.143529],[150.147441,-35.143466],[150.147811,-35.143438],[150.148474,-35.143525],[150.148837,-35.143542],[150.149312,-35.143526],[150.149766,-35.143469],[150.150513,-35.143258],[150.150828,-35.143184],[150.151219,-35.143259],[150.15163,-35.143402],[150.152314,-35.143804],[150.152697,-35.143947],[150.152767,-35.144005],[150.152963,-35.144056],[150.153919,-35.14439],[150.154588,-35.144745],[150.154804,-35.144929],[150.155801,-35.145754],[150.156477,-35.146184],[150.156757,-35.14631],[150.157502,-35.146963],[150.157649,-35.147101],[150.15792,-35.147468],[150.158171,-35.14776],[150.158394,-35.148103],[150.158589,-35.148298],[150.159244,-35.148969],[150.159439,-35.149461],[150.159529,-35.149776],[150.159542,-35.150051],[150.159387,-35.150594],[150.159366,-35.150863],[150.1594,-35.151006],[150.15947,-35.151109],[150.159735,-35.151276],[150.159959,-35.151322],[150.160378,-35.151311],[150.160832,-35.151203],[150.161286,-35.15098],[150.161804,-35.15062],[150.162055,-35.150397],[150.1623,-35.150065],[150.162546,-35.149608],[150.162756,-35.149293],[150.162931,-35.149127],[150.163245,-35.148893],[150.163546,-35.148796],[150.164594,-35.148637],[150.165132,-35.14858],[150.165732,-35.148592],[150.166528,-35.148553],[150.166611,-35.14853],[150.167212,-35.148353],[150.167506,-35.148297],[150.168239,-35.148269],[150.168623,-35.148189],[150.169181,-35.14823],[150.169321,-35.148316],[150.169753,-35.148413],[150.169855,-35.148548],[150.170036,-35.14878],[150.170261,-35.149114],[150.170401,-35.149334],[150.170465,-35.149578],[150.170512,-35.149874],[150.17056,-35.150188],[150.170713,-35.150864],[150.170746,-35.151505],[150.170871,-35.1519],[150.171184,-35.152696],[150.171253,-35.152954],[150.171232,-35.153183],[150.171197,-35.153223],[150.171204,-35.153469],[150.171336,-35.153732],[150.171438,-35.153967],[150.171599,-35.154376],[150.171711,-35.154933],[150.171773,-35.155392],[150.171798,-35.155788],[150.171845,-35.156098],[150.172021,-35.15642],[150.172168,-35.156606],[150.172587,-35.157059],[150.172726,-35.157145],[150.173271,-35.157288],[150.173689,-35.157489],[150.174206,-35.15761],[150.174525,-35.157721],[150.175015,-35.158086],[150.175301,-35.158223],[150.175224,-35.158549],[150.175133,-35.15871],[150.174923,-35.15891],[150.174426,-35.159161],[150.174174,-35.159261],[150.173786,-35.159427],[150.173382,-35.159767],[150.173184,-35.159981],[150.173121,-35.160179],[150.173089,-35.160376],[150.173118,-35.160505],[150.173174,-35.160596],[150.173264,-35.160722],[150.173366,-35.160899],[150.173485,-35.161159],[150.173612,-35.161523],[150.173683,-35.161761],[150.173737,-35.161976],[150.174078,-35.162698],[150.174252,-35.162967],[150.174327,-35.163013],[150.174673,-35.163248],[150.174922,-35.16334],[150.175201,-35.163472],[150.17544,-35.163564],[150.175583,-35.16377],[150.17567,-35.164015],[150.175785,-35.164422],[150.175805,-35.165035],[150.175749,-35.165218],[150.175784,-35.165389],[150.175909,-35.165521],[150.176049,-35.165561],[150.176608,-35.165608],[150.17718,-35.165608],[150.1776,-35.165563],[150.178319,-35.165363],[150.179032,-35.165192],[150.179339,-35.16517],[150.179521,-35.165124],[150.180918,-35.165097],[150.181253,-35.16508],[150.182022,-35.164983],[150.182266,-35.164932],[150.18265,-35.164995],[150.183293,-35.165271],[150.183816,-35.165443],[150.184305,-35.165472],[150.18441,-35.165512],[150.184588,-35.165577],[150.184793,-35.165674],[150.185035,-35.165819],[150.185253,-35.165994],[150.18558,-35.166126],[150.185736,-35.166149],[150.185938,-35.166223],[150.186071,-35.166218],[150.186469,-35.166104],[150.186644,-35.166029],[150.186819,-35.165904],[150.187084,-35.165818],[150.187294,-35.165772],[150.187503,-35.165761],[150.187797,-35.165773],[150.188202,-35.165848],[150.188669,-35.16602],[150.189353,-35.166432],[150.190295,-35.167063],[150.191725,-35.16818],[150.19222,-35.168621],[150.192457,-35.168839],[150.192736,-35.169211],[150.193169,-35.169544],[150.193399,-35.169658],[150.193602,-35.169681],[150.194286,-35.169928],[150.19446,-35.1701],[150.194705,-35.170157],[150.195019,-35.170289],[150.195249,-35.170444],[150.195926,-35.170759],[150.196031,-35.170805],[150.196903,-35.171006],[150.197497,-35.171093],[150.197762,-35.171179],[150.197937,-35.171207],[150.198251,-35.171208],[150.198531,-35.171151],[150.199439,-35.17079],[150.200222,-35.170418],[150.200397,-35.170304],[150.200523,-35.17015],[150.200733,-35.169961],[150.201152,-35.16979],[150.201467,-35.169721],[150.201781,-35.169704],[150.20206,-35.16975],[150.202738,-35.169963],[150.203331,-35.170209],[150.20382,-35.17041],[150.204099,-35.170467],[150.204218,-35.170789],[150.204294,-35.170994],[150.204503,-35.171423],[150.204816,-35.171784],[150.204921,-35.171927],[150.205102,-35.172363],[150.205129,-35.17313],[150.205009,-35.173599],[150.204897,-35.17376],[150.204757,-35.174132],[150.204673,-35.174572],[150.204636,-35.175563],[150.204615,-35.175832],[150.204369,-35.176976],[150.204361,-35.177503],[150.204493,-35.177881],[150.204646,-35.178167],[150.205658,-35.179238],[150.205797,-35.17941],[150.205818,-35.179524],[150.205657,-35.179942],[150.205677,-35.180371],[150.205711,-35.180629],[150.205746,-35.180755],[150.205851,-35.180915],[150.206039,-35.181058],[150.206584,-35.181345],[150.206842,-35.1815],[150.207093,-35.181786],[150.207714,-35.182273],[150.207923,-35.182491],[150.208014,-35.182605],[150.208167,-35.18312],[150.208222,-35.183407],[150.208292,-35.18359],[150.208445,-35.18379],[150.208585,-35.184036],[150.208856,-35.184666],[150.208919,-35.184895],[150.209023,-35.184993],[150.209177,-35.185307],[150.209211,-35.185536],[150.209301,-35.18608],[150.209558,-35.187025],[150.209837,-35.187672],[150.210081,-35.188073],[150.210241,-35.188525],[150.210429,-35.189258],[150.210512,-35.189612],[150.210519,-35.189801],[150.210567,-35.189933],[150.210728,-35.190133],[150.210972,-35.190592],[150.211251,-35.190992],[150.211599,-35.191336],[150.212032,-35.191851],[150.212157,-35.192063],[150.212227,-35.192407],[150.212345,-35.192653],[150.21252,-35.192865],[150.213099,-35.193426],[150.213873,-35.194079],[150.21381,-35.194297],[150.213795,-35.194783],[150.213879,-35.195315],[150.214108,-35.19606],[150.214422,-35.196718],[150.214505,-35.196947],[150.214609,-35.197474],[150.214804,-35.198121],[150.214888,-35.198332],[150.215062,-35.19859],[150.215166,-35.198848],[150.215222,-35.199163],[150.215151,-35.199552],[150.215151,-35.199752],[150.215221,-35.200038],[150.215478,-35.200622],[150.215639,-35.200851],[150.215653,-35.200866],[150.215661,-35.200984],[150.215058,-35.204001],[150.214499,-35.203702],[150.214647,-35.203093],[150.214362,-35.202276],[150.214239,-35.202253],[150.214177,-35.202237],[150.214101,-35.202215],[150.214026,-35.202189],[150.213952,-35.202152],[150.21388,-35.202104],[150.213811,-35.202051],[150.213767,-35.202013],[150.213685,-35.201932],[150.213612,-35.201843],[150.213537,-35.201722],[150.213413,-35.201757],[150.213312,-35.201789],[150.21316,-35.201846],[150.213065,-35.201887],[150.212913,-35.20195],[150.212451,-35.202134],[150.212233,-35.202206],[150.211998,-35.202275],[150.211874,-35.20232],[150.210958,-35.202725],[150.210459,-35.202956],[150.21036,-35.202991],[150.210186,-35.203038],[150.209962,-35.203127],[150.20966,-35.203273],[150.209267,-35.203452],[150.209131,-35.203524],[150.20893,-35.203637],[150.208838,-35.203691],[150.208309,-35.203745],[150.207102,-35.203592],[150.20611,-35.20334],[150.205182,-35.203214],[150.203359,-35.202835],[150.20251,-35.202216],[150.201117,-35.200712],[150.200583,-35.200189],[150.2,-35.199729],[150.198725,-35.198883],[150.198355,-35.198839],[150.197714,-35.198883],[150.197016,-35.19879],[150.19634,-35.198868],[150.196041,-35.198875],[150.195454,-35.19881],[150.194479,-35.19885],[150.192057,-35.198515],[150.191701,-35.198522],[150.190929,-35.198647],[150.190345,-35.198839],[150.18997,-35.199047],[150.189832,-35.199087],[150.18933,-35.199229],[150.187728,-35.199421],[150.186888,-35.19962],[150.186609,-35.199685],[150.186318,-35.199841],[150.186146,-35.200071],[150.186015,-35.200392],[150.186039,-35.20065],[150.186159,-35.200918],[150.186519,-35.20142],[150.187375,-35.202102],[150.187629,-35.202393],[150.18777,-35.202638],[150.187963,-35.203164],[150.187993,-35.203416],[150.187927,-35.203942],[150.187702,-35.204488],[150.18756,-35.205078],[150.187292,-35.205561],[150.186552,-35.206292],[150.185959,-35.207062],[150.185773,-35.207367],[150.185608,-35.207648],[150.185575,-35.207877],[150.185877,-35.20807],[150.186798,-35.208174],[150.187343,-35.208308],[150.187651,-35.208472],[150.188506,-35.209069],[150.188732,-35.209302],[150.188845,-35.209576],[150.188924,-35.209822],[150.188873,-35.210378],[150.188947,-35.210864],[150.189188,-35.211406],[150.189476,-35.212498],[150.189615,-35.21331],[150.189792,-35.213573],[150.190121,-35.213782],[150.190394,-35.213924],[150.190782,-35.214391],[150.190867,-35.214649],[150.190876,-35.214883],[150.190618,-35.21564],[150.190467,-35.21591],[150.189354,-35.217136],[150.188167,-35.218545],[150.187801,-35.219063],[150.18748,-35.219837],[150.18744,-35.220107],[150.187554,-35.220352],[150.187854,-35.220345],[150.18857,-35.220066],[150.188875,-35.219858],[150.189639,-35.219476],[150.191167,-35.218866],[150.19155,-35.218761],[150.19185,-35.218725],[150.193406,-35.218836],[150.193804,-35.218914],[150.194985,-35.219216],[150.195203,-35.21945],[150.195452,-35.220044],[150.195202,-35.22107],[150.195121,-35.222204],[150.195158,-35.222439],[150.195244,-35.222696],[150.195532,-35.22294],[150.19642,-35.223273],[150.196687,-35.223506],[150.197363,-35.225117],[150.197421,-35.225357],[150.197241,-35.225604],[150.196928,-35.225669],[150.196029,-35.225748],[150.195808,-35.225995],[150.195824,-35.22623],[150.195924,-35.226487],[150.196573,-35.227371],[150.197438,-35.228236],[150.197854,-35.228732],[150.197953,-35.229],[150.197929,-35.229475],[150.197489,-35.230222],[150.197006,-35.230729],[150.196326,-35.231168],[150.195353,-35.231603],[150.194486,-35.232112],[150.194264,-35.232371],[150.193655,-35.23286],[150.193023,-35.233162],[150.192439,-35.23336],[150.191375,-35.23387],[150.191048,-35.23394],[150.190734,-35.233811],[150.190446,-35.233594],[150.190241,-35.233338],[150.190107,-35.233047],[150.190021,-35.232801],[150.189819,-35.231972],[150.189719,-35.230897],[150.189641,-35.230662],[150.189408,-35.230412],[150.189009,-35.230254],[150.188122,-35.230047],[150.187808,-35.230037],[150.187439,-35.230108],[150.186792,-35.230335],[150.186183,-35.230865],[150.185247,-35.231557],[150.184978,-35.231879],[150.184855,-35.232201],[150.184704,-35.232454],[150.18468,-35.232974],[150.184503,-35.233451],[150.184344,-35.233686],[150.184116,-35.233922],[150.18381,-35.234073],[150.183512,-35.234304],[150.183326,-35.234545],[150.183081,-35.235279],[150.182887,-35.236339],[150.182568,-35.236536],[150.182275,-35.236555],[150.181947,-35.23647],[150.181626,-35.236432],[150.181291,-35.236457],[150.180985,-35.236556],[150.180687,-35.236707],[150.180347,-35.236995],[150.180126,-35.237248],[150.179766,-35.237513],[150.179473,-35.237601],[150.178951,-35.237678],[150.178671,-35.237594],[150.178341,-35.237344],[150.177718,-35.237027],[150.177418,-35.236971],[150.177083,-35.236973],[150.176637,-35.237061],[150.176032,-35.237219],[150.17574,-35.237375],[150.175263,-35.237865],[150.174459,-35.238533],[150.174073,-35.239051],[150.173803,-35.239281],[150.173489,-35.239323],[150.173099,-35.239319],[150.17282,-35.239372],[150.172494,-35.239534],[150.172201,-35.239605],[150.171559,-35.239482],[150.171286,-35.239358],[150.170641,-35.238967],[150.169962,-35.238724],[150.169683,-35.238709],[150.16939,-35.238756],[150.16896,-35.238976],[150.168683,-35.239252],[150.168401,-35.239746],[150.168257,-35.239976],[150.167877,-35.240516],[150.167679,-35.240987],[150.16752,-35.241216],[150.167448,-35.24176],[150.167485,-35.242882],[150.167756,-35.243711],[150.167822,-35.244014],[150.168332,-35.245082],[150.168502,-35.245379],[150.168741,-35.245646],[150.169043,-35.245828],[150.169679,-35.246013],[150.170316,-35.24633],[150.170611,-35.246552],[150.171223,-35.24719],[150.171441,-35.247435],[150.171871,-35.247971],[150.172031,-35.248433],[150.172095,-35.248615],[150.172053,-35.248747],[150.171857,-35.248993],[150.171732,-35.249234],[150.171641,-35.24936],[150.171404,-35.24984],[150.170957,-35.250528],[150.170762,-35.250774],[150.170609,-35.250894],[150.170309,-35.251083],[150.169827,-35.251524],[150.16959,-35.25189],[150.16936,-35.252131],[150.169199,-35.252234],[150.168885,-35.252446],[150.16839,-35.252714],[150.168208,-35.252857],[150.167727,-35.253149],[150.167252,-35.253395],[150.166925,-35.253464],[150.166555,-35.25363],[150.166394,-35.253727],[150.16622,-35.253785],[150.166073,-35.253871],[150.165089,-35.254225],[150.164594,-35.254437],[150.164447,-35.254483],[150.164308,-35.25454],[150.164127,-35.254569],[150.163645,-35.254574],[150.163282,-35.254505],[150.163136,-35.254505],[150.162996,-35.254476],[150.162661,-35.254476],[150.162368,-35.254528],[150.162041,-35.254636],[150.161873,-35.254745],[150.161664,-35.25498],[150.161343,-35.255467],[150.161133,-35.256096],[150.161049,-35.256474],[150.16098,-35.256755],[150.160959,-35.257115],[150.160972,-35.257356],[150.161001,-35.257476],[150.161237,-35.257837],[150.161363,-35.257969],[150.161586,-35.258335],[150.161712,-35.258467],[150.161963,-35.258719],[150.162682,-35.259596],[150.162751,-35.259716],[150.162919,-35.260134],[150.162968,-35.260369],[150.162961,-35.260741],[150.162877,-35.26117],[150.162898,-35.261411],[150.162947,-35.261554],[150.163212,-35.261949],[150.163261,-35.262081],[150.16333,-35.262419],[150.163379,-35.262534],[150.163574,-35.263026],[150.163721,-35.263312],[150.164021,-35.263816],[150.164314,-35.2642],[150.164356,-35.264332],[150.164432,-35.264452],[150.164586,-35.264607],[150.165186,-35.265082],[150.165898,-35.265707],[150.166184,-35.265884],[150.166477,-35.26601],[150.166623,-35.266062],[150.166777,-35.266199],[150.166889,-35.26644],[150.166882,-35.266566],[150.166833,-35.26668],[150.166644,-35.266915],[150.166337,-35.267121],[150.166212,-35.267253],[150.166023,-35.267373],[150.165737,-35.267614],[150.165612,-35.267762],[150.165445,-35.268014],[150.165075,-35.268999],[150.164998,-35.269131],[150.164726,-35.269406],[150.164516,-35.269652],[150.16437,-35.269778],[150.164007,-35.269869],[150.163456,-35.269897],[150.162898,-35.269857],[150.162542,-35.269811],[150.161844,-35.269805],[150.160553,-35.269736],[150.159967,-35.269753],[150.159464,-35.269724],[150.159115,-35.269684],[150.15795,-35.269575],[150.157775,-35.269529],[150.157447,-35.269494],[150.157353,-35.269467],[150.156743,-35.269288],[150.156268,-35.269173],[150.156094,-35.26911],[150.15594,-35.269053],[150.15564,-35.268864],[150.155319,-35.268629],[150.15518,-35.268595],[150.155117,-35.268469],[150.154782,-35.268297],[150.154315,-35.267901],[150.153903,-35.267483],[150.153756,-35.267363],[150.153638,-35.267231],[150.153324,-35.26703],[150.153003,-35.266864],[150.152724,-35.26679],[150.152214,-35.266801],[150.151921,-35.266784],[150.151768,-35.266824],[150.151586,-35.266938],[150.151412,-35.267053],[150.151014,-35.267431],[150.150902,-35.267562],[150.150756,-35.267677],[150.150463,-35.267854],[150.149646,-35.268243],[150.149485,-35.26834],[150.149346,-35.268466],[150.149255,-35.26858],[150.149108,-35.268712],[150.148787,-35.269205],[150.148585,-35.269439],[150.148306,-35.269674],[150.148194,-35.269811],[150.147838,-35.27008],[150.147544,-35.270152],[150.147497,-35.270188],[150.147386,-35.270284],[150.147259,-35.270312],[150.147136,-35.270311],[150.146626,-35.270297],[150.145984,-35.270256],[150.145668,-35.270254],[150.145369,-35.270227],[150.14514,-35.270229],[150.144929,-35.270249],[150.144664,-35.270395],[150.144262,-35.270601],[150.144129,-35.27069],[150.143771,-35.27085],[150.143537,-35.270971],[150.14324,-35.271196],[150.143116,-35.271299],[150.142956,-35.271385],[150.14278,-35.27143],[150.142322,-35.271517],[150.142238,-35.271549],[150.142145,-35.271592],[150.142061,-35.271642],[150.141946,-35.271745],[150.141643,-35.272118],[150.141284,-35.272426],[150.140987,-35.272579],[150.140731,-35.272671],[150.140422,-35.272791],[150.140285,-35.272913],[150.140245,-35.272952],[150.139984,-35.273084],[150.139684,-35.273175],[150.139337,-35.273155],[150.139118,-35.273095],[150.139057,-35.273066],[150.138882,-35.272964],[150.138588,-35.272861],[150.13829,-35.272805],[150.13796,-35.272835],[150.137678,-35.272912],[150.137509,-35.273062],[150.137357,-35.273303],[150.137277,-35.273371],[150.137215,-35.273439],[150.137153,-35.273485],[150.137095,-35.273514],[150.136985,-35.273589],[150.136931,-35.273667],[150.1369,-35.273736],[150.136881,-35.273808],[150.136872,-35.273876],[150.136847,-35.27415],[150.136833,-35.274218],[150.136806,-35.274287],[150.136748,-35.274366],[150.136708,-35.274405],[150.136485,-35.274688],[150.136245,-35.274961],[150.136205,-35.274996],[150.136018,-35.2752],[150.135947,-35.275265],[150.135889,-35.275311],[150.135805,-35.275358],[150.135633,-35.275436],[150.135452,-35.275528],[150.135412,-35.275564],[150.135359,-35.275592],[150.135279,-35.275649],[150.135199,-35.27571],[150.135123,-35.275793],[150.135084,-35.275825],[150.135048,-35.275871],[150.134893,-35.275996],[150.134738,-35.276096],[150.134623,-35.276146],[150.134481,-35.27626],[150.134397,-35.276335],[150.133801,-35.277133],[150.133724,-35.277397],[150.133668,-35.27798],[150.133877,-35.278639],[150.133911,-35.27876],[150.133918,-35.278874],[150.133786,-35.279223],[150.133688,-35.279349],[150.133541,-35.279441],[150.13336,-35.279504],[150.13306,-35.279572],[150.132739,-35.279595],[150.132215,-35.279663],[150.131063,-35.27988],[150.130673,-35.279994],[150.130491,-35.280069],[150.129988,-35.280378],[150.129835,-35.280458],[150.129667,-35.280504],[150.129493,-35.280544],[150.129193,-35.280646],[150.128858,-35.280795],[150.128508,-35.280915],[150.127699,-35.281241],[150.127559,-35.281252],[150.12742,-35.281309],[150.12714,-35.281384],[150.126833,-35.281498],[150.125765,-35.281789],[150.125283,-35.281961],[150.124606,-35.282315],[150.124453,-35.282384],[150.124138,-35.282573],[150.123503,-35.283065],[150.123356,-35.283145],[150.123091,-35.283397],[150.122916,-35.2835],[150.122728,-35.283574],[150.12219,-35.283854],[150.122037,-35.283951],[150.121764,-35.284214],[150.121569,-35.284478],[150.121443,-35.28489],[150.121268,-35.285159],[150.12103,-35.285714],[150.121002,-35.285829],[150.120934,-35.286086],[150.120849,-35.286733],[150.120842,-35.286848],[150.12087,-35.28698],[150.121009,-35.287243],[150.121268,-35.28761],[150.121316,-35.287747],[150.12135,-35.287879],[150.121406,-35.288125],[150.121428,-35.288394],[150.121392,-35.288629],[150.121316,-35.288921],[150.12112,-35.289476],[150.121126,-35.289711],[150.121161,-35.289952],[150.121356,-35.290502],[150.12137,-35.290776],[150.121328,-35.290897],[150.121069,-35.291332],[150.120664,-35.291744],[150.120546,-35.29191],[150.120441,-35.292041],[150.120259,-35.292184],[150.119771,-35.292436],[150.119526,-35.292527],[150.118919,-35.292636],[150.118744,-35.292653],[150.118221,-35.292658],[150.118067,-35.292675],[150.117585,-35.292869],[150.117425,-35.292967],[150.117285,-35.293081],[150.116747,-35.293401],[150.116601,-35.293459],[150.116077,-35.293561],[150.115791,-35.293647],[150.115623,-35.293687],[150.115163,-35.293744],[150.114848,-35.293761],[150.114569,-35.293657],[150.114402,-35.293549],[150.11413,-35.293319],[150.11399,-35.293056],[150.1139,-35.292804],[150.113872,-35.292672],[150.113858,-35.292254],[150.113873,-35.291498],[150.113762,-35.290943],[150.113678,-35.290817],[150.113573,-35.290685],[150.113322,-35.290421],[150.113022,-35.290175],[150.112862,-35.290089],[150.112688,-35.289951],[150.112534,-35.289877],[150.112157,-35.289745],[150.111864,-35.289596],[150.111718,-35.289447],[150.111404,-35.28924],[150.11109,-35.288965],[150.110769,-35.288742],[150.110623,-35.288604],[150.110309,-35.288397],[150.109716,-35.28783],[150.109576,-35.287767],[150.109123,-35.287503],[150.108975,-35.287431],[150.10883,-35.287371],[150.10853,-35.287131],[150.108153,-35.286747],[150.107693,-35.28638],[150.107379,-35.286168],[150.1071,-35.285921],[150.106995,-35.285801],[150.106661,-35.285429],[150.106514,-35.285297],[150.106111,-35.285018],[150.105936,-35.285264],[150.105577,-35.285528],[150.105307,-35.285717],[150.105089,-35.285947],[150.104964,-35.28609],[150.104848,-35.286273],[150.104775,-35.286503],[150.104699,-35.286629],[150.104552,-35.286757],[150.104331,-35.286853],[150.103933,-35.287067],[150.103583,-35.287298],[150.103534,-35.287348],[150.103396,-35.287513],[150.103305,-35.287761],[150.10324,-35.288111],[150.103177,-35.288629],[150.103053,-35.289075],[150.10294,-35.289385],[150.102726,-35.289635],[150.102364,-35.289752],[150.101981,-35.289861],[150.101631,-35.290049],[150.101356,-35.290299],[150.101177,-35.290554],[150.101045,-35.290906],[150.100924,-35.291194],[150.10091,-35.291241],[150.100662,-35.291426],[150.100387,-35.291565],[150.097364,-35.292188],[150.096941,-35.292239],[150.096664,-35.292229],[150.096111,-35.292106],[150.095321,-35.292003],[150.095124,-35.291944],[150.094825,-35.29188],[150.094604,-35.291648],[150.094386,-35.291473],[150.094101,-35.291352],[150.093768,-35.291252],[150.093588,-35.291229],[150.093262,-35.291267],[150.092892,-35.291361],[150.092667,-35.291457],[150.092481,-35.291571],[150.09218,-35.291749],[150.091714,-35.292066],[150.091445,-35.292143],[150.09126,-35.292153],[150.091054,-35.292122],[150.090795,-35.292102],[150.090407,-35.292128],[150.090363,-35.292132],[150.08954,-35.292273],[150.08935,-35.292293],[150.089161,-35.292274],[150.088973,-35.29219],[150.088916,-35.29215],[150.088746,-35.292015],[150.088471,-35.291829],[150.088178,-35.291697],[150.087995,-35.291566],[150.087782,-35.291387],[150.087682,-35.291235],[150.087626,-35.291116],[150.087496,-35.290971],[150.087225,-35.29085],[150.087049,-35.290827],[150.086777,-35.290821],[150.086445,-35.290941],[150.086246,-35.291095],[150.085998,-35.291241],[150.085658,-35.291368],[150.085516,-35.291387],[150.085199,-35.291633],[150.085045,-35.291702],[150.084877,-35.291793],[150.08471,-35.291896],[150.084332,-35.292068],[150.083592,-35.292371],[150.08295,-35.292554],[150.082754,-35.292628],[150.08258,-35.29272],[150.082475,-35.29284],[150.082405,-35.29296],[150.082307,-35.2932],[150.0823,-35.293469],[150.082341,-35.293584],[150.082697,-35.294243],[150.083289,-35.294873],[150.083415,-35.295017],[150.083589,-35.295269],[150.083721,-35.295532],[150.083874,-35.295926],[150.084062,-35.296585],[150.084208,-35.296837],[150.08425,-35.296957],[150.084369,-35.297227],[150.084459,-35.297622],[150.084514,-35.297754],[150.084759,-35.298024],[150.085086,-35.298453],[150.085219,-35.298573],[150.085574,-35.298969],[150.085679,-35.299089],[150.086118,-35.29949],[150.086592,-35.29984],[150.086725,-35.29996],[150.08729,-35.300619],[150.087254,-35.30093],[150.08578,-35.304336],[150.085367,-35.305263],[150.084611,-35.304745],[150.084332,-35.304602],[150.084039,-35.304539],[150.083725,-35.30451],[150.083055,-35.304349],[150.082776,-35.304308],[150.081868,-35.304273],[150.081261,-35.304222],[150.080905,-35.30421],[150.080751,-35.304227],[150.08043,-35.304284],[150.079494,-35.304512],[150.079166,-35.304638],[150.078887,-35.304712],[150.07837,-35.304912],[150.078223,-35.304963],[150.077741,-35.305157],[150.076763,-35.305688],[150.076609,-35.305797],[150.075939,-35.306123],[150.075226,-35.306615],[150.075052,-35.306757],[150.074898,-35.306849],[150.074339,-35.307037],[150.073502,-35.307242],[150.072998,-35.307339],[150.072497,-35.307396],[150.071882,-35.307401],[150.071484,-35.307452],[150.070981,-35.307572],[150.070814,-35.307635],[150.069808,-35.308086],[150.06943,-35.308372],[150.069053,-35.308606],[150.068599,-35.308966],[150.068445,-35.309046],[150.068292,-35.309098],[150.067956,-35.309154],[150.067782,-35.309166],[150.067202,-35.309079],[150.066867,-35.308981],[150.066421,-35.308786],[150.066128,-35.308603],[150.065633,-35.308281],[150.065193,-35.307949],[150.064168,-35.307072],[150.063875,-35.306773],[150.063722,-35.306659],[150.063373,-35.306487],[150.062927,-35.306383],[150.062319,-35.306348],[150.061475,-35.306387],[150.059799,-35.306551],[150.059017,-35.306785],[150.058674,-35.306933],[150.05748,-35.307327],[150.057012,-35.307463],[150.056718,-35.307572],[150.056411,-35.307703],[150.055733,-35.308098],[150.055126,-35.308337],[150.054839,-35.308434],[150.054672,-35.308463],[150.054343,-35.3086],[150.054176,-35.308657],[150.053093,-35.309068],[150.05266,-35.309193],[150.052163,-35.309215],[150.051053,-35.309066],[150.049844,-35.312397],[150.050738,-35.31349],[150.051054,-35.315626],[150.047397,-35.315651],[150.046357,-35.31614],[150.044663,-35.317827],[150.042966,-35.320641],[150.042622,-35.322685],[150.041609,-35.323806],[150.040625,-35.326568],[150.040196,-35.32835],[150.039109,-35.329909],[150.03804,-35.331635],[150.038172,-35.333747],[150.038004,-35.334237],[150.038662,-35.336356],[150.03898,-35.336708],[150.039131,-35.336911],[150.039424,-35.336963],[150.03971,-35.33745],[150.039989,-35.337834],[150.040128,-35.338069],[150.040511,-35.338596],[150.04063,-35.338734],[150.040783,-35.338992],[150.041005,-35.339485],[150.041402,-35.340109],[150.041695,-35.340488],[150.04189,-35.340745],[150.04203,-35.340855],[150.042378,-35.341222],[150.042504,-35.341473],[150.04258,-35.34172],[150.042607,-35.342092],[150.042572,-35.342344],[150.042544,-35.342464],[150.042285,-35.342979],[150.042053,-35.343277],[150.041878,-35.343693],[150.041842,-35.343718],[150.04179,-35.34376],[150.041692,-35.343869],[150.041662,-35.34389],[150.041561,-35.343942],[150.041529,-35.343962],[150.041442,-35.344029],[150.041415,-35.344442],[150.042132,-35.345622],[150.043833,-35.346544],[150.045771,-35.34725],[150.046721,-35.347397],[150.045911,-35.348805],[150.045495,-35.350524],[150.045066,-35.351274],[150.04438,-35.353794],[150.044039,-35.354695],[150.044434,-35.355487],[150.044546,-35.356751],[150.044911,-35.358536],[150.042522,-35.362005],[150.042361,-35.362236],[150.042241,-35.362336],[150.042005,-35.362579],[150.041705,-35.362988],[150.041467,-35.363375],[150.041184,-35.363856],[150.041039,-35.364197],[150.040829,-35.364834],[150.040711,-35.365154],[150.040513,-35.365531],[150.040325,-35.365771],[150.039997,-35.365995],[150.039705,-35.366119],[150.039298,-35.366304],[150.039236,-35.366339],[150.038798,-35.36653],[150.038399,-35.366743],[150.038022,-35.367],[150.037603,-35.367462],[150.037193,-35.368201],[150.037118,-35.368601],[150.037186,-35.369146],[150.037331,-35.369547],[150.037641,-35.36982],[150.037949,-35.370165],[150.03798,-35.370227],[150.038134,-35.370541],[150.038235,-35.370924],[150.038226,-35.371296],[150.038239,-35.371703],[150.038235,-35.372031],[150.038206,-35.372211],[150.038244,-35.372367],[150.038295,-35.372526],[150.038377,-35.37267],[150.038472,-35.372823],[150.038516,-35.372863],[150.038649,-35.373098],[150.038861,-35.373434],[150.03896,-35.373609],[150.03896,-35.373616],[150.038994,-35.373696],[150.038994,-35.374067],[150.038925,-35.37433],[150.038767,-35.374657],[150.038707,-35.374737],[150.038737,-35.37542],[150.040033,-35.376905],[150.040343,-35.37957],[150.041795,-35.38008],[150.041764,-35.382232],[150.041956,-35.383131],[150.041604,-35.383632],[150.041529,-35.383832],[150.041552,-35.384113],[150.04167,-35.385772],[150.041676,-35.386585],[150.041538,-35.387622],[150.041277,-35.389151],[150.041159,-35.390159],[150.041046,-35.390955],[150.040862,-35.391535],[150.040872,-35.391872],[150.041173,-35.393634],[150.041141,-35.394143],[150.040971,-35.394637],[150.040607,-35.395457],[150.03986,-35.396542],[150.039736,-35.396783],[150.038837,-35.398883],[150.03819,-35.400093],[150.037599,-35.402432],[150.037552,-35.402632],[150.037595,-35.403634],[150.037666,-35.403811],[150.03818,-35.404284],[150.038435,-35.404643],[150.038549,-35.404963],[150.038531,-35.405341],[150.03845,-35.405731],[150.038222,-35.406081],[150.038056,-35.406213],[150.036613,-35.406999],[150.036599,-35.407003],[150.036572,-35.407013],[150.036558,-35.407017],[150.036489,-35.407041],[150.036453,-35.407056],[150.036421,-35.407076],[150.036406,-35.407088],[150.036376,-35.40711],[150.036312,-35.407155],[150.036296,-35.407167],[150.036266,-35.407193],[150.036237,-35.407221],[150.036212,-35.407251],[150.036201,-35.407267],[150.036191,-35.407283],[150.036174,-35.407316],[150.036168,-35.407329],[150.036158,-35.407355],[150.036154,-35.407368],[150.036151,-35.407381],[150.03615,-35.4074],[150.036151,-35.407419],[150.036157,-35.407458],[150.036159,-35.407477],[150.03616,-35.407553],[150.036159,-35.407572],[150.036153,-35.407616],[150.036147,-35.407645],[150.036142,-35.407665],[150.03613,-35.407705],[150.036116,-35.407744],[150.036107,-35.407775],[150.03609,-35.407821],[150.036078,-35.407846],[150.036064,-35.40787],[150.036056,-35.407882],[150.03568,-35.408217],[150.035486,-35.408395],[150.03532,-35.408585],[150.035118,-35.408746],[150.034874,-35.408885],[150.034638,-35.409006],[150.034373,-35.409099],[150.034115,-35.409203],[150.03385,-35.409279],[150.033571,-35.409406],[150.033363,-35.409556],[150.033161,-35.409723],[150.032974,-35.409895],[150.032688,-35.410028],[150.032367,-35.410093],[150.032053,-35.410128],[150.03178,-35.41017],[150.031501,-35.410194],[150.03118,-35.410259],[150.030887,-35.410317],[150.030573,-35.410422],[150.030238,-35.410532],[150.029896,-35.410665],[150.029646,-35.410775],[150.029388,-35.410862],[150.029102,-35.410955],[150.02876,-35.411071],[150.028411,-35.411096],[150.0282,-35.410931],[150.027954,-35.410829],[150.027632,-35.410773],[150.027393,-35.410631],[150.027141,-35.410535],[150.026881,-35.410422],[150.026594,-35.410355],[150.026321,-35.41031],[150.026035,-35.410351],[150.025735,-35.41041],[150.025406,-35.410452],[150.025113,-35.410505],[150.024855,-35.410592],[150.024541,-35.410662],[150.024269,-35.410726],[150.024004,-35.410808],[150.023746,-35.410889],[150.023467,-35.410965],[150.023195,-35.411063],[150.022923,-35.411202],[150.022666,-35.411335],[150.022408,-35.41145],[150.02215,-35.411606],[150.021899,-35.41171],[150.021723,-35.41179],[150.021356,-35.411953],[150.021133,-35.412086],[150.020883,-35.41227],[150.020681,-35.412426],[150.020438,-35.41265],[150.020237,-35.412851],[150.020043,-35.413081],[150.019891,-35.413282],[150.019809,-35.413511],[150.019719,-35.41373],[150.019609,-35.413953],[150.019555,-35.414183],[150.019494,-35.414423],[150.019384,-35.41463],[150.019231,-35.414819],[150.019107,-35.415066],[150.019018,-35.41529],[150.018915,-35.415531],[150.018847,-35.41576],[150.018772,-35.415983],[150.01869,-35.416201],[150.018629,-35.416493],[150.018616,-35.416723],[150.018632,-35.416957],[150.018606,-35.417209],[150.018573,-35.417473],[150.018562,-35.417713],[150.018599,-35.417942],[150.018587,-35.418177],[150.018484,-35.418418],[150.018345,-35.418618],[150.018186,-35.418825],[150.018027,-35.419021],[150.017923,-35.419233],[150.017687,-35.419383],[150.017429,-35.419487],[150.017192,-35.419683],[150.017019,-35.419878],[150.016797,-35.420062],[150.016567,-35.420224],[150.016352,-35.420391],[150.016151,-35.420575],[150.015914,-35.420748],[150.015691,-35.420915],[150.015504,-35.421081],[150.015352,-35.421294],[150.015144,-35.421495],[150.014935,-35.42168],[150.01474,-35.421841],[150.014511,-35.422002],[150.014316,-35.422169],[150.014094,-35.42233],[150.013871,-35.422474],[150.013587,-35.422652],[150.013405,-35.422768],[150.013147,-35.422924],[150.012875,-35.423023],[150.012653,-35.423155],[150.012409,-35.423271],[150.012158,-35.423392],[150.0119,-35.423519],[150.011635,-35.423652],[150.011384,-35.423745],[150.011134,-35.423872],[150.010876,-35.424016],[150.010661,-35.424212],[150.01048,-35.424384],[150.010335,-35.424591],[150.010211,-35.424792],[150.010051,-35.425016],[150.009927,-35.425223],[150.009782,-35.425469],[150.009665,-35.425676],[150.009548,-35.425934],[150.009444,-35.426152],[150.009278,-35.426365],[150.009105,-35.426554],[150.008911,-35.426744],[150.0088,-35.426962],[150.008655,-35.427169],[150.008482,-35.427358],[150.008308,-35.427577],[150.008135,-35.427784],[150.007983,-35.427985],[150.00783,-35.42818],[150.007692,-35.42841],[150.007554,-35.428633],[150.007444,-35.428857],[150.007298,-35.429058],[150.007223,-35.429299],[150.007246,-35.429528],[150.007179,-35.429986],[150.007279,-35.430209],[150.007337,-35.430449],[150.007436,-35.430683],[150.007557,-35.4309],[150.007705,-35.431111],[150.007888,-35.431288],[150.008044,-35.431499],[150.008171,-35.43171],[150.008306,-35.431916],[150.008454,-35.432138],[150.008602,-35.432332],[150.008751,-35.432549],[150.008962,-35.432737],[150.009138,-35.432913],[150.009329,-35.433107],[150.009519,-35.433284],[150.009702,-35.433472],[150.00985,-35.433666],[150.010019,-35.433848],[150.010258,-35.433996],[150.010441,-35.434173],[150.010659,-35.43432],[150.010829,-35.43452],[150.010998,-35.434703],[150.01123,-35.43489],[150.011455,-35.435021],[150.011707,-35.43514],[150.011995,-35.435253],[150.01224,-35.435355],[150.012479,-35.435474],[150.012732,-35.43561],[150.012957,-35.435741],[150.013119,-35.435935],[150.013219,-35.436146],[150.013346,-35.436346],[150.013523,-35.436592],[150.01372,-35.436797],[150.013882,-35.436979],[150.01401,-35.437196],[150.014081,-35.437419],[150.014104,-35.437653],[150.014106,-35.437882],[150.014087,-35.438146],[150.014012,-35.438392],[150.013902,-35.438639],[150.0137,-35.438834],[150.013499,-35.439087],[150.013263,-35.439289],[150.013041,-35.439467],[150.012784,-35.439703],[150.012575,-35.439853],[150.012374,-35.440025],[150.012228,-35.440238],[150.012083,-35.440462],[150.011973,-35.440691],[150.011897,-35.440909],[150.011682,-35.44107],[150.011467,-35.441272],[150.011202,-35.44145],[150.010888,-35.441492],[150.010608,-35.441539],[150.010357,-35.441631],[150.010085,-35.441696],[150.009792,-35.441748],[150.009512,-35.441836],[150.009233,-35.441906],[150.008982,-35.442033],[150.008697,-35.442148],[150.008411,-35.442253],[150.008124,-35.44234],[150.007887,-35.442461],[150.007608,-35.442554],[150.007329,-35.442613],[150.007043,-35.442677],[150.006806,-35.442815],[150.006562,-35.442971],[150.006354,-35.443132],[150.006118,-35.443373],[150.005889,-35.443661],[150.005737,-35.443856],[150.005612,-35.444057],[150.00546,-35.444327],[150.005378,-35.444573],[150.005422,-35.444808],[150.005438,-35.445065],[150.005405,-35.445294],[150.00542,-35.445529],[150.005401,-35.445758],[150.005361,-35.445993],[150.005314,-35.446228],[150.005322,-35.446462],[150.005345,-35.446714],[150.005327,-35.447035],[150.005335,-35.44727],[150.0054,-35.447492],[150.005437,-35.447721],[150.005487,-35.447978],[150.005517,-35.448213],[150.005512,-35.448442],[150.005521,-35.4487],[150.00546,-35.448957],[150.005391,-35.449181],[150.005253,-35.449405],[150.005038,-35.449606],[150.004773,-35.44979],[150.004537,-35.44994],[150.004384,-35.450136],[150.004267,-35.450354],[150.004213,-35.450594],[150.004214,-35.450846],[150.004259,-35.451109],[150.004358,-35.451338],[150.004514,-35.451572],[150.004543,-35.451806],[150.004601,-35.452046],[150.004604,-35.45205],[150.004764,-35.452252],[150.00487,-35.452509],[150.004963,-35.452755],[150.005091,-35.452955],[150.005176,-35.453189],[150.005325,-35.453417],[150.005382,-35.45364],[150.005461,-35.453886],[150.005519,-35.454109],[150.005506,-35.454338],[150.005459,-35.454561],[150.005419,-35.454785],[150.005329,-35.455008],[150.005219,-35.455215],[150.005102,-35.45545],[150.005076,-35.455708],[150.005078,-35.455965],[150.005024,-35.456212],[150.005018,-35.456441],[150.005034,-35.45667],[150.005071,-35.456984],[150.005201,-35.457499],[150.005231,-35.457728],[150.00526,-35.457979],[150.005354,-35.458282],[150.005418,-35.458511],[150.005553,-35.458711],[150.005673,-35.458945],[150.005731,-35.459231],[150.005782,-35.459454],[150.005833,-35.4597],[150.005828,-35.460003],[150.005865,-35.460278],[150.00586,-35.460507],[150.005812,-35.460753],[150.005765,-35.460982],[150.005662,-35.461246],[150.005538,-35.461447],[150.005414,-35.461694],[150.005275,-35.461912],[150.005081,-35.462079],[150.004635,-35.462424],[150.004198,-35.462867],[150.003983,-35.463062],[150.003802,-35.463281],[150.003685,-35.46351],[150.003638,-35.463768],[150.003598,-35.464014],[150.003586,-35.464266],[150.00363,-35.464558],[150.003667,-35.464827],[150.003655,-35.465056],[150.003698,-35.465296],[150.00377,-35.465519],[150.003793,-35.465759],[150.003773,-35.465988],[150.003775,-35.466217],[150.003742,-35.466446],[150.003681,-35.466733],[150.00369,-35.467013],[150.003706,-35.467253],[150.003709,-35.467734],[150.003697,-35.46798],[150.003713,-35.468267],[150.003701,-35.468496],[150.00371,-35.468753],[150.003705,-35.469011],[150.003699,-35.469251],[150.003666,-35.469509],[150.003605,-35.469738],[150.003586,-35.470007],[150.003553,-35.470248],[150.003506,-35.470517],[150.003467,-35.471004],[150.003462,-35.471273],[150.003443,-35.471525],[150.003473,-35.471765],[150.003447,-35.471994],[150.003399,-35.472235],[150.003331,-35.472458],[150.003291,-35.47271],[150.003251,-35.472951],[150.003169,-35.47322],[150.003066,-35.473461],[150.002977,-35.473725],[150.002859,-35.473931],[150.002749,-35.474138],[150.002486,-35.474597],[150.002362,-35.47481],[150.002217,-35.475045],[150.002058,-35.475315],[150.001898,-35.47551],[150.001193,-35.476175],[150.000156,-35.477035],[149.999706,-35.477553],[149.999471,-35.478024],[149.999271,-35.478265],[149.998742,-35.478744],[149.998116,-35.479171],[149.997531,-35.479483],[149.996505,-35.479833],[149.995216,-35.480561],[149.994561,-35.48084],[149.994339,-35.48111],[149.992883,-35.481943],[149.992283,-35.482158],[149.990875,-35.482887],[149.989703,-35.483306],[149.988783,-35.483775],[149.988492,-35.483971],[149.988206,-35.484161],[149.987586,-35.484497],[149.986438,-35.485305],[149.984946,-35.486],[149.984632,-35.48611],[149.984012,-35.486435],[149.982558,-35.487559],[149.980586,-35.488675],[149.980273,-35.488968],[149.979974,-35.489148],[149.979297,-35.489403],[149.978655,-35.489578],[149.978383,-35.489735],[149.97779,-35.489955],[149.97715,-35.490434],[149.976072,-35.491131],[149.976255,-35.491092],[149.976898,-35.491167],[149.97706,-35.491243],[149.977222,-35.491376],[149.977364,-35.49172],[149.977342,-35.491835],[149.977185,-35.492103],[149.977186,-35.49216],[149.976936,-35.492409],[149.976779,-35.49283],[149.976921,-35.49327],[149.977227,-35.493843],[149.977578,-35.494415],[149.977882,-35.494758],[149.977977,-35.495005],[149.978046,-35.495024],[149.97814,-35.495157],[149.978675,-35.495632],[149.978885,-35.495878],[149.979237,-35.496446],[149.979404,-35.496994],[149.97943,-35.49722],[149.979594,-35.497578],[149.97978,-35.49786],[149.979965,-35.498028],[149.980267,-35.498403],[149.980313,-35.498421],[149.980428,-35.498534],[149.980429,-35.498703],[149.980383,-35.498797],[149.979652,-35.499419],[149.979471,-35.499982],[149.979519,-35.500264],[149.979912,-35.500845],[149.979913,-35.501013],[149.979776,-35.501127],[149.979501,-35.501259],[149.979295,-35.50141],[149.979181,-35.501523],[149.978976,-35.501843],[149.978931,-35.501955],[149.97891,-35.50235],[149.979007,-35.50246],[149.978899,-35.502508],[149.978836,-35.502548],[149.978759,-35.502593],[149.978696,-35.502628],[149.97857,-35.502662],[149.9785,-35.502702],[149.97843,-35.502725],[149.978318,-35.502753],[149.978227,-35.50277],[149.978171,-35.502782],[149.978108,-35.502799],[149.978052,-35.502822],[149.977996,-35.502839],[149.977898,-35.50285],[149.977835,-35.50289],[149.977765,-35.502901],[149.977681,-35.502907],[149.97759,-35.502907],[149.977534,-35.502924],[149.97745,-35.502935],[149.977387,-35.502952],[149.97731,-35.502958],[149.977219,-35.502958],[149.977149,-35.502952],[149.977023,-35.502952],[149.976939,-35.50294],[149.976799,-35.50294],[149.976715,-35.502946],[149.976603,-35.502963],[149.976548,-35.502969],[149.976429,-35.502986],[149.976373,-35.502991],[149.976317,-35.502997],[149.976261,-35.502997],[149.976184,-35.502991],[149.976128,-35.502991],[149.976058,-35.502997],[149.975981,-35.502996],[149.975918,-35.502991],[149.975862,-35.502979],[149.975736,-35.502979],[149.975652,-35.502985],[149.975568,-35.502985],[149.975484,-35.502973],[149.975414,-35.502973],[149.975302,-35.502967],[149.975197,-35.502973],[149.97505,-35.502973],[149.974981,-35.502961],[149.974925,-35.502949],[149.974848,-35.502927],[149.974764,-35.502909],[149.974708,-35.502886],[149.974631,-35.502869],[149.974561,-35.502858],[149.9744,-35.502829],[149.974337,-35.502812],[149.97426,-35.502794],[149.973967,-35.502697],[149.973876,-35.502674],[149.973799,-35.502651],[149.973743,-35.502639],[149.973645,-35.502622],[149.973582,-35.502599],[149.973505,-35.502565],[149.973428,-35.50253],[149.973372,-35.502513],[149.973267,-35.502478],[149.973205,-35.502461],[149.9731,-35.502427],[149.973044,-35.502398],[149.97296,-35.502369],[149.972841,-35.502283],[149.97275,-35.502232],[149.972694,-35.502203],[149.972631,-35.502174],[149.972492,-35.502106],[149.972408,-35.502071],[149.972345,-35.502031],[149.972128,-35.501854],[149.971954,-35.501705],[149.971898,-35.501676],[149.97187,-35.501607],[149.971828,-35.501544],[149.971751,-35.501475],[149.971695,-35.501407],[149.971626,-35.501309],[149.971577,-35.501258],[149.971507,-35.501172],[149.971423,-35.501109],[149.971367,-35.501052],[149.971311,-35.501017],[149.971248,-35.500966],[149.971143,-35.50089],[149.971045,-35.500834],[149.970831,-35.50073],[149.970599,-35.500638],[149.970466,-35.500599],[149.970396,-35.500581],[149.970312,-35.50057],[149.970249,-35.500564],[149.970004,-35.500546],[149.969764,-35.500545],[149.969546,-35.50057],[149.96922,-35.500631],[149.969129,-35.500666],[149.969045,-35.500694],[149.968961,-35.500757],[149.968786,-35.500923],[149.968723,-35.500957],[149.96866,-35.50102],[149.968604,-35.501111],[149.968562,-35.501163],[149.968499,-35.501226],[149.968296,-35.501391],[149.968226,-35.501425],[149.968121,-35.501483],[149.968058,-35.501534],[149.967966,-35.501597],[149.967903,-35.501631],[149.967833,-35.501665],[149.967749,-35.501711],[149.967686,-35.501734],[149.967595,-35.501757],[149.967497,-35.501785],[149.967413,-35.501819],[149.967357,-35.501831],[149.967294,-35.501853],[149.967182,-35.501888],[149.967126,-35.501893],[149.967022,-35.501887],[149.966966,-35.501882],[149.966903,-35.501859],[149.96684,-35.501847],[149.966777,-35.501841],[149.9667,-35.501836],[149.96663,-35.501847],[149.966546,-35.501864],[149.966483,-35.501864],[149.96642,-35.50187],[149.966322,-35.501869],[149.966084,-35.501869],[149.965937,-35.501846],[149.965867,-35.501823],[149.965735,-35.501783],[149.965665,-35.501748],[149.965539,-35.501697],[149.965469,-35.501674],[149.965406,-35.501645],[149.965329,-35.501616],[149.965252,-35.501593],[149.965196,-35.501571],[149.965126,-35.501559],[149.965063,-35.501536],[149.964987,-35.501519],[149.964917,-35.501502],[149.96484,-35.501473],[149.96477,-35.501438],[149.964714,-35.501404],[149.964637,-35.50137],[149.964581,-35.501347],[149.964504,-35.501289],[149.964441,-35.501232],[149.964393,-35.50118],[149.964281,-35.501077],[149.964045,-35.500787],[149.959893,-35.520231],[149.957434,-35.53073],[149.949323,-35.529432],[149.948759,-35.532188],[149.948804,-35.532334],[149.948811,-35.532385],[149.948803,-35.53246],[149.948817,-35.532523],[149.948837,-35.532574],[149.948865,-35.532626],[149.948885,-35.532689],[149.948913,-35.532735],[149.94894,-35.532787],[149.948975,-35.532844],[149.949002,-35.532896],[149.949044,-35.532988],[149.949078,-35.533097],[149.949098,-35.533143],[149.949125,-35.533274],[149.949146,-35.53332],[149.949159,-35.533383],[149.949173,-35.533429],[149.949172,-35.533555],[149.949185,-35.533675],[149.949204,-35.533899],[149.949203,-35.533979],[149.949195,-35.534025],[149.949195,-35.534082],[149.949187,-35.534133],[149.94918,-35.534208],[149.949186,-35.534288],[149.949172,-35.534356],[149.949164,-35.534425],[149.949149,-35.534482],[149.949135,-35.534545],[149.949127,-35.534602],[149.949099,-35.534659],[149.949091,-35.534705],[149.949077,-35.534774],[149.949069,-35.534825],[149.94904,-35.53494],[149.949026,-35.534991],[149.948997,-35.535048],[149.948976,-35.535099],[149.948969,-35.535151],[149.948918,-35.535271],[149.948876,-35.535322],[149.948847,-35.535391],[149.948812,-35.535448],[149.948769,-35.535522],[149.948727,-35.535602],[149.948691,-35.535676],[149.948655,-35.535739],[149.948591,-35.535847],[149.94857,-35.535893],[149.948534,-35.535967],[149.948506,-35.536018],[149.948491,-35.53607],[149.948477,-35.536115],[149.948449,-35.536161],[149.94837,-35.536361],[149.948369,-35.536407],[149.948319,-35.536538],[149.948298,-35.536595],[149.948297,-35.536641],[149.948276,-35.536715],[149.948282,-35.536773],[149.948281,-35.536921],[149.948273,-35.53699],[149.948259,-35.537047],[149.948251,-35.53711],[149.948236,-35.537207],[149.948236,-35.537276],[149.948228,-35.537322],[149.948171,-35.537459],[149.948164,-35.537522],[149.948149,-35.537596],[149.948148,-35.537659],[149.948155,-35.537705],[149.948168,-35.537774],[149.948189,-35.537837],[149.948209,-35.537883],[149.948223,-35.53794],[149.94823,-35.537986],[149.948229,-35.53806],[149.948256,-35.538135],[149.94827,-35.538209],[149.948297,-35.538261],[149.948345,-35.538416],[149.948379,-35.538479],[149.948393,-35.538525],[149.94842,-35.538571],[149.948441,-35.538628],[149.948461,-35.538685],[149.948475,-35.538737],[149.948503,-35.538789],[149.948557,-35.538943],[149.94857,-35.539029],[149.94864,-35.539104],[149.94866,-35.539161],[149.948674,-35.539219],[149.948701,-35.53927],[149.948715,-35.539316],[149.948721,-35.539379],[149.948742,-35.539437],[149.948762,-35.539534],[149.948782,-35.539597],[149.948796,-35.539695],[149.948816,-35.53974],[149.94883,-35.539804],[149.948857,-35.539872],[149.948899,-35.539924],[149.948912,-35.53997],[149.94894,-35.540022],[149.948974,-35.540102],[149.949008,-35.540177],[149.949036,-35.540251],[149.949063,-35.540297],[149.949091,-35.540372],[149.949097,-35.540417],[149.949125,-35.540475],[149.949166,-35.54055],[149.949215,-35.540607],[149.94927,-35.540693],[149.949346,-35.540785],[149.949422,-35.540854],[149.949491,-35.540969],[149.949547,-35.541032],[149.949603,-35.541067],[149.949637,-35.541119],[149.949678,-35.541193],[149.949727,-35.541245],[149.949782,-35.541354],[149.949858,-35.541452],[149.949934,-35.541578],[149.94999,-35.54163],[149.950052,-35.541716],[149.950121,-35.541803],[149.950198,-35.541866],[149.950267,-35.541941],[149.950336,-35.541999],[149.95042,-35.542068],[149.950503,-35.542143],[149.9506,-35.542223],[149.95067,-35.542264],[149.950775,-35.54231],[149.950858,-35.542333],[149.950935,-35.542368],[149.951012,-35.542397],[149.951103,-35.542409],[149.951193,-35.542456],[149.951284,-35.542479],[149.95134,-35.542496],[149.951403,-35.542503],[149.951473,-35.542503],[149.951564,-35.542521],[149.951641,-35.542527],[149.951788,-35.542556],[149.951857,-35.542579],[149.951927,-35.542591],[149.951983,-35.542597],[149.95206,-35.542598],[149.952158,-35.542593],[149.952263,-35.542593],[149.952445,-35.542571],[149.95253,-35.542555],[149.952621,-35.542555],[149.952677,-35.54255],[149.952837,-35.542579],[149.952942,-35.542614],[149.953026,-35.542632],[149.953138,-35.542644],[149.953215,-35.542667],[149.953271,-35.542679],[149.953334,-35.542685],[149.953425,-35.542686],[149.953509,-35.54268],[149.953677,-35.542681],[149.95374,-35.542676],[149.953887,-35.54266],[149.95395,-35.542648],[149.954167,-35.542598],[149.954252,-35.542576],[149.954308,-35.542565],[149.954434,-35.542542],[149.954525,-35.542537],[149.954644,-35.542526],[149.954812,-35.542516],[149.954868,-35.542511],[149.954973,-35.542505],[149.955162,-35.542506],[149.955218,-35.542512],[149.955288,-35.542507],[149.955365,-35.542513],[149.955421,-35.542531],[149.955519,-35.542566],[149.955589,-35.542583],[149.955652,-35.542589],[149.955707,-35.542601],[149.955784,-35.54263],[149.955861,-35.542665],[149.955931,-35.542705],[149.956014,-35.542734],[149.95607,-35.542769],[149.956126,-35.542787],[149.956251,-35.54285],[149.956369,-35.542948],[149.956432,-35.543006],[149.95646,-35.543052],[149.956508,-35.543109],[149.95657,-35.543173],[149.956591,-35.543224],[149.956647,-35.543282],[149.956715,-35.54342],[149.95675,-35.543466],[149.956749,-35.543534],[149.956756,-35.54358],[149.956756,-35.543632],[149.956741,-35.54374],[149.956719,-35.543809],[149.956698,-35.54386],[149.956669,-35.543912],[149.956655,-35.543969],[149.956612,-35.544026],[149.956549,-35.544083],[149.956478,-35.544145],[149.956415,-35.544191],[149.956351,-35.54423],[149.956246,-35.544275],[149.956147,-35.544326],[149.956049,-35.544355],[149.955979,-35.544366],[149.955909,-35.544394],[149.955846,-35.544405],[149.955769,-35.544422],[149.955698,-35.544427],[149.955621,-35.544444],[149.955516,-35.544489],[149.955432,-35.544523],[149.955354,-35.544562],[149.955291,-35.544579],[149.955228,-35.544608],[149.955172,-35.544636],[149.955108,-35.544658],[149.955038,-35.544698],[149.954975,-35.544721],[149.954912,-35.544755],[149.954848,-35.544777],[149.954764,-35.544811],[149.954701,-35.544834],[149.954617,-35.544867],[149.954497,-35.544918],[149.95442,-35.544935],[149.954364,-35.544946],[149.954287,-35.544951],[149.95421,-35.544968],[149.954118,-35.544985],[149.953985,-35.544984],[149.953894,-35.544989],[149.953817,-35.544989],[149.953754,-35.544994],[149.953642,-35.544999],[149.953572,-35.545005],[149.953495,-35.545004],[149.953439,-35.544992],[149.953376,-35.544998],[149.953313,-35.544992],[149.953222,-35.544997],[149.953159,-35.545002],[149.952977,-35.545001],[149.952893,-35.545012],[149.952837,-35.545012],[149.95276,-35.545017],[149.952613,-35.545011],[149.952536,-35.545016],[149.95248,-35.54501],[149.952305,-35.54502],[149.952221,-35.54502],[149.952137,-35.545031],[149.952081,-35.545031],[149.952004,-35.545024],[149.951864,-35.545006],[149.951787,-35.545],[149.951703,-35.545006],[149.951633,-35.545005],[149.951542,-35.545005],[149.951486,-35.54501],[149.95143,-35.545033],[149.951367,-35.545044],[149.951311,-35.545061],[149.951191,-35.545129],[149.951107,-35.545151],[149.951085,-35.545202],[149.950994,-35.545248],[149.950938,-35.545259],[149.950909,-35.54531],[149.950647,-35.545675],[149.950611,-35.545749],[149.950597,-35.545806],[149.950603,-35.545892],[149.95061,-35.545967],[149.950637,-35.546013],[149.950664,-35.546087],[149.950664,-35.546156],[149.950677,-35.546242],[149.950676,-35.546316],[149.950669,-35.546362],[149.950662,-35.546419],[149.950661,-35.546539],[149.950652,-35.54666],[149.950624,-35.546734],[149.950616,-35.546785],[149.950581,-35.546831],[149.950566,-35.546968],[149.950558,-35.547054],[149.950557,-35.547151],[149.950549,-35.547231],[149.950542,-35.547283],[149.950542,-35.547329],[149.950548,-35.547403],[149.950547,-35.547466],[149.950526,-35.547518],[149.950511,-35.547586],[149.950483,-35.547655],[149.950447,-35.547729],[149.950426,-35.547775],[149.950397,-35.54782],[149.950348,-35.5479],[149.950326,-35.547946],[149.950305,-35.547997],[149.950255,-35.548077],[149.950219,-35.54814],[149.95017,-35.548197],[149.950085,-35.548316],[149.950056,-35.548385],[149.950021,-35.548431],[149.949985,-35.54851],[149.949956,-35.548585],[149.949914,-35.54863],[149.949893,-35.548687],[149.949878,-35.548739],[149.949836,-35.548796],[149.949814,-35.548847],[149.949779,-35.548899],[149.949743,-35.548967],[149.949715,-35.549013],[149.949665,-35.549058],[149.94963,-35.549115],[149.949587,-35.549178],[149.949552,-35.549224],[149.949516,-35.549281],[149.949474,-35.549332],[149.949403,-35.549457],[149.949374,-35.54952],[149.949332,-35.549594],[149.94931,-35.549657],[149.949303,-35.549703],[149.949288,-35.549754],[149.949281,-35.5498],[149.94928,-35.549892],[149.949307,-35.549943],[149.949321,-35.550001],[149.949369,-35.550058],[149.949404,-35.550104],[149.949467,-35.550168],[149.949543,-35.550219],[149.949606,-35.550237],[149.949676,-35.55026],[149.949739,-35.550272],[149.949822,-35.550295],[149.949878,-35.550296],[149.949941,-35.550308],[149.949997,-35.550308],[149.950067,-35.55032],[149.950137,-35.55032],[149.950221,-35.550326],[149.950277,-35.550327],[149.950503,-35.550315],[149.950859,-35.550284],[149.951192,-35.550301],[149.951447,-35.550357],[149.9518,-35.550429],[149.951981,-35.550433],[149.952185,-35.550394],[149.952465,-35.550356],[149.952707,-35.55034],[149.953329,-35.55042],[149.953178,-35.55075],[149.951653,-35.551338],[149.951979,-35.551942],[149.951593,-35.552017],[149.950897,-35.552276],[149.95056,-35.552458],[149.950045,-35.552878],[149.949419,-35.553218],[149.948837,-35.553341],[149.946826,-35.553561],[149.946053,-35.553639],[149.945297,-35.553655],[149.943575,-35.553515],[149.94285,-35.553309],[149.941329,-35.560716],[149.94824,-35.561737],[149.948222,-35.561789],[149.948199,-35.561837],[149.948156,-35.561895],[149.948097,-35.561947],[149.948029,-35.561996],[149.947959,-35.562044],[149.947892,-35.562093],[149.947648,-35.56229],[149.947484,-35.56242],[149.947405,-35.56256],[149.9473,-35.562725],[149.947219,-35.562845],[149.947135,-35.562964],[149.947049,-35.563083],[149.946965,-35.563201],[149.946882,-35.563321],[149.946734,-35.563546],[149.946662,-35.56366],[149.946592,-35.563774],[149.946528,-35.56389],[149.946446,-35.564051],[149.946371,-35.564215],[149.946302,-35.56438],[149.946239,-35.564547],[149.946181,-35.564715],[149.946141,-35.564837],[149.946104,-35.564959],[149.94607,-35.565083],[149.946039,-35.565206],[149.946014,-35.565331],[149.946001,-35.565407],[149.94599,-35.565484],[149.94598,-35.565561],[149.945972,-35.565637],[149.945965,-35.565714],[149.945903,-35.565674],[149.945775,-35.565594],[149.945646,-35.565518],[149.945534,-35.565457],[149.945418,-35.565399],[149.945302,-35.565343],[149.945187,-35.565285],[149.945074,-35.565224],[149.94495,-35.565148],[149.94483,-35.565068],[149.944712,-35.564986],[149.944592,-35.564905],[149.944468,-35.56483],[149.944362,-35.564773],[149.944254,-35.564719],[149.944036,-35.564615],[149.943928,-35.564561],[149.943814,-35.564503],[149.943587,-35.564383],[149.943472,-35.564325],[149.943356,-35.564268],[149.943183,-35.564188],[149.943009,-35.56411],[149.942832,-35.564035],[149.942652,-35.563966],[149.942469,-35.563906],[149.942304,-35.563858],[149.942136,-35.563815],[149.941965,-35.563777],[149.941793,-35.563746],[149.94162,-35.563721],[149.941478,-35.563706],[149.941334,-35.563698],[149.94119,-35.563693],[149.940901,-35.563686],[149.940769,-35.563687],[149.940634,-35.563693],[149.940501,-35.563698],[149.94037,-35.563695],[149.940246,-35.563675],[149.94018,-35.563657],[149.940114,-35.563636],[149.94005,-35.563612],[149.939988,-35.563585],[149.939929,-35.563555],[149.939834,-35.56349],[149.93975,-35.563411],[149.939671,-35.563324],[149.939594,-35.563237],[149.93951,-35.563156],[149.939405,-35.563069],[149.939296,-35.562984],[149.939074,-35.562819],[149.938965,-35.562735],[149.93883,-35.562626],[149.938427,-35.562297],[149.938291,-35.562189],[149.938191,-35.562106],[149.938092,-35.562022],[149.937993,-35.56194],[149.937889,-35.561862],[149.937778,-35.561792],[149.937617,-35.561709],[149.937445,-35.561636],[149.937265,-35.561574],[149.93708,-35.561525],[149.937066,-35.561522],[149.936648,-35.561482],[149.936469,-35.561501],[149.936399,-35.561501],[149.936336,-35.561495],[149.93621,-35.561511],[149.936133,-35.561516],[149.935998,-35.561587],[149.93593,-35.561622],[149.935792,-35.561689],[149.935692,-35.561735],[149.935386,-35.561866],[149.935285,-35.561912],[149.935118,-35.562001],[149.934957,-35.562099],[149.934797,-35.562199],[149.934634,-35.562293],[149.934463,-35.562375],[149.934352,-35.562418],[149.934237,-35.562455],[149.934121,-35.56249],[149.934005,-35.562526],[149.933893,-35.562567],[149.933753,-35.562624],[149.933615,-35.562685],[149.93348,-35.56275],[149.933348,-35.562818],[149.933218,-35.562889],[149.933015,-35.56299],[149.932612,-35.563196],[149.932467,-35.563273],[149.932036,-35.563508],[149.931563,-35.56376],[149.931452,-35.563816],[149.931339,-35.563869],[149.931271,-35.563898],[149.931132,-35.563951],[149.931064,-35.563979],[149.930999,-35.564011],[149.930873,-35.564091],[149.930757,-35.564185],[149.93065,-35.564288],[149.930548,-35.564396],[149.930449,-35.564504],[149.930365,-35.564597],[149.930284,-35.564693],[149.930207,-35.564791],[149.930135,-35.564892],[149.93007,-35.564995],[149.929977,-35.565185],[149.929906,-35.565385],[149.929853,-35.565592],[149.929814,-35.565801],[149.929783,-35.566009],[149.929765,-35.566332],[149.929788,-35.566659],[149.929834,-35.566989],[149.929887,-35.567318],[149.92993,-35.567647],[149.929954,-35.567912],[149.929976,-35.568178],[149.93,-35.568444],[149.930031,-35.568708],[149.930074,-35.568971],[149.930091,-35.569055],[149.930148,-35.569306],[149.930164,-35.569389],[149.930186,-35.569571],[149.930194,-35.569754],[149.930202,-35.569938],[149.93022,-35.570119],[149.93026,-35.570295],[149.930308,-35.570423],[149.930368,-35.570549],[149.930434,-35.570673],[149.930502,-35.570796],[149.930566,-35.570921],[149.930644,-35.571066],[149.930728,-35.57121],[149.930808,-35.571355],[149.930874,-35.571502],[149.930916,-35.571651],[149.93093,-35.571775],[149.93093,-35.571901],[149.93092,-35.572028],[149.930903,-35.572154],[149.930881,-35.572279],[149.930824,-35.572516],[149.930741,-35.572752],[149.930635,-35.572985],[149.930508,-35.573208],[149.930361,-35.573417],[149.930347,-35.573514],[149.930346,-35.573571],[149.930346,-35.573634],[149.93033,-35.573686],[149.930324,-35.573737],[149.930302,-35.573794],[149.930294,-35.573857],[149.930272,-35.573937],[149.930244,-35.574],[149.930236,-35.574052],[149.930194,-35.574126],[149.930166,-35.574194],[149.93015,-35.57424],[149.930115,-35.57432],[149.930029,-35.574491],[149.929987,-35.574582],[149.929959,-35.574645],[149.929923,-35.574714],[149.929887,-35.574794],[149.929858,-35.574845],[149.92983,-35.574902],[149.929808,-35.574971],[149.92978,-35.575016],[149.92978,-35.575079],[149.929779,-35.575136],[149.929749,-35.575211],[149.929728,-35.575291],[149.9297,-35.575348],[149.929642,-35.57545],[149.92962,-35.575542],[149.929614,-35.57561],[149.929599,-35.575656],[149.929592,-35.575713],[149.929569,-35.575799],[149.929547,-35.575868],[149.929527,-35.575948],[149.929505,-35.576056],[149.929483,-35.576119],[149.929475,-35.576165],[149.929425,-35.576296],[149.929397,-35.576365],[149.929361,-35.576462],[149.929311,-35.576507],[149.929276,-35.57657],[149.929226,-35.576633],[149.929212,-35.576678],[149.929169,-35.57677],[149.929125,-35.576907],[149.929097,-35.576964],[149.929083,-35.577038],[149.929061,-35.577095],[149.929025,-35.577181],[149.929017,-35.577261],[149.929003,-35.577319],[149.928996,-35.577364],[149.928974,-35.577433],[149.928972,-35.577484],[149.928951,-35.577701],[149.928949,-35.577805],[149.928942,-35.57789],[149.928948,-35.577959],[149.928948,-35.578005],[149.928961,-35.578142],[149.92896,-35.578199],[149.928967,-35.578246],[149.928966,-35.578297],[149.928985,-35.578469],[149.929012,-35.578566],[149.929019,-35.578612],[149.929053,-35.578688],[149.929066,-35.578732],[149.929088,-35.578796],[149.929101,-35.578876],[149.929128,-35.578967],[149.929134,-35.579013],[149.929161,-35.5791],[149.929174,-35.579168],[149.929188,-35.579231],[149.929223,-35.579311],[149.92925,-35.579392],[149.929271,-35.579462],[149.929284,-35.579542],[149.929304,-35.57961],[149.929331,-35.579661],[149.929352,-35.579753],[149.929372,-35.579805],[149.929393,-35.57985],[149.929428,-35.57992],[149.929455,-35.579977],[149.929489,-35.580046],[149.929502,-35.580092],[149.929524,-35.580143],[149.929551,-35.580229],[149.929572,-35.580275],[149.929592,-35.580332],[149.929641,-35.580407],[149.929785,-35.580667],[149.92982,-35.58074],[149.929853,-35.580786],[149.929881,-35.580838],[149.929957,-35.580965],[149.929998,-35.581022],[149.930041,-35.581085],[149.930096,-35.581171],[149.930158,-35.581298],[149.930199,-35.581361],[149.930227,-35.581418],[149.930254,-35.581481],[149.93033,-35.581653],[149.930335,-35.581699],[149.930357,-35.581768],[149.930384,-35.581837],[149.930403,-35.581911],[149.930418,-35.581957],[149.930432,-35.582009],[149.930465,-35.582123],[149.930492,-35.582209],[149.930533,-35.582314],[149.93056,-35.582377],[149.930589,-35.582445],[149.930601,-35.582508],[149.930609,-35.582554],[149.93065,-35.582662],[149.930663,-35.582743],[149.930682,-35.582834],[149.93069,-35.582903],[149.930703,-35.582966],[149.930709,-35.583023],[149.93073,-35.583092],[149.930743,-35.583151],[149.930757,-35.583207],[149.93077,-35.58335],[149.930762,-35.583424],[149.930753,-35.583487],[149.930761,-35.583574],[149.93076,-35.583642],[149.930753,-35.583688],[149.930752,-35.583745],[149.930758,-35.583791],[149.930751,-35.583894],[149.930749,-35.583962],[149.930756,-35.58406],[149.930763,-35.584106],[149.930769,-35.584186],[149.930789,-35.584272],[149.93081,-35.584318],[149.930843,-35.584386],[149.930893,-35.584444],[149.930934,-35.584507],[149.93099,-35.584583],[149.931003,-35.584634],[149.931064,-35.584748],[149.931086,-35.584817],[149.931105,-35.584863],[149.931134,-35.584933],[149.93123,-35.585094],[149.931258,-35.585156],[149.931285,-35.585203],[149.931312,-35.585259],[149.931339,-35.585322],[149.931368,-35.58538],[149.931381,-35.585443],[149.931395,-35.585494],[149.931401,-35.585564],[149.931408,-35.585609],[149.931496,-35.585758],[149.931539,-35.585833],[149.93158,-35.585897],[149.931615,-35.585942],[149.931649,-35.585995],[149.931705,-35.586063],[149.93176,-35.586121],[149.931872,-35.586224],[149.931899,-35.58627],[149.931948,-35.586339],[149.932009,-35.586397],[149.932072,-35.586483],[149.932128,-35.586529],[149.932184,-35.586553],[149.932218,-35.586604],[149.932288,-35.586673],[149.932342,-35.586736],[149.932391,-35.586806],[149.93244,-35.586857],[149.932489,-35.58692],[149.932565,-35.586972],[149.932621,-35.587024],[149.932669,-35.587076],[149.932724,-35.587111],[149.932787,-35.587175],[149.932877,-35.587232],[149.932934,-35.587283],[149.932975,-35.587347],[149.933044,-35.587387],[149.933093,-35.587445],[149.933128,-35.587491],[149.933156,-35.587537],[149.933224,-35.5876],[149.933265,-35.587703],[149.93328,-35.587766],[149.933307,-35.587824],[149.933334,-35.58791],[149.933376,-35.587961],[149.933403,-35.588019],[149.933431,-35.588099],[149.933451,-35.588168],[149.933458,-35.588219],[149.933471,-35.588271],[149.933478,-35.588346],[149.933525,-35.588455],[149.933532,-35.588512],[149.933544,-35.588587],[149.933566,-35.588644],[149.933573,-35.588689],[149.933579,-35.588752],[149.933598,-35.58881],[149.933627,-35.588867],[149.933654,-35.588942],[149.93366,-35.588993],[149.933681,-35.589062],[149.933695,-35.589119],[149.933722,-35.589194],[149.93375,-35.58924],[149.933769,-35.589315],[149.933826,-35.589378],[149.933881,-35.589435],[149.933908,-35.589498],[149.933935,-35.58955],[149.933957,-35.589613],[149.93397,-35.589688],[149.934007,-35.589786],[149.934032,-35.589834],[149.934128,-35.590087],[149.934263,-35.590341],[149.934347,-35.590523],[149.934437,-35.590703],[149.934551,-35.590963],[149.934664,-35.591189],[149.934771,-35.591399],[149.934813,-35.591626],[149.934901,-35.591899],[149.934969,-35.592224],[149.935069,-35.592496],[149.935141,-35.592717],[149.935254,-35.592943],[149.935366,-35.593147],[149.935544,-35.593371],[149.935743,-35.593652],[149.935918,-35.593848],[149.936036,-35.594017],[149.936167,-35.594123],[149.936311,-35.594251],[149.936336,-35.594353],[149.936341,-35.594479],[149.936289,-35.594618],[149.936329,-35.59496],[149.936256,-35.595236],[149.936111,-35.59567],[149.935971,-35.596045],[149.93577,-35.596501],[149.935575,-35.596902],[149.935519,-35.597043],[149.935443,-35.597228],[149.935407,-35.597285],[149.93538,-35.597337],[149.935344,-35.597417],[149.935308,-35.597469],[149.935244,-35.597623],[149.935208,-35.59772],[149.935193,-35.597783],[149.935172,-35.597839],[149.93515,-35.597914],[149.935114,-35.598022],[149.935086,-35.598074],[149.935056,-35.5982],[149.935028,-35.598256],[149.934971,-35.59841],[149.934948,-35.598479],[149.934899,-35.598553],[149.934857,-35.598633],[149.934828,-35.598702],[149.934806,-35.598765],[149.934799,-35.598822],[149.934791,-35.598879],[149.934791,-35.598942],[149.934783,-35.599017],[149.934739,-35.59929],[149.934723,-35.599353],[149.93471,-35.599406],[149.934687,-35.599457],[149.934617,-35.599531],[149.934588,-35.599594],[149.934525,-35.599724],[149.934489,-35.599782],[149.934474,-35.599845],[149.934439,-35.599936],[149.934389,-35.600021],[149.934332,-35.600101],[149.934304,-35.600146],[149.934275,-35.600204],[149.934246,-35.600272],[149.934197,-35.600341],[149.934174,-35.600393],[149.934126,-35.600438],[149.934104,-35.600489],[149.934083,-35.600551],[149.934047,-35.600603],[149.934005,-35.600672],[149.933969,-35.600724],[149.933905,-35.600826],[149.933884,-35.600882],[149.933855,-35.600935],[149.933827,-35.60098],[149.933791,-35.601032],[149.933763,-35.601083],[149.933727,-35.601145],[149.933656,-35.60126],[149.933635,-35.601316],[149.933563,-35.601458],[149.933542,-35.601504],[149.93352,-35.601574],[149.933492,-35.601647],[149.933456,-35.60171],[149.933434,-35.601773],[149.933371,-35.601818],[149.933335,-35.601967],[149.93332,-35.602018],[149.933313,-35.602076],[149.933298,-35.602122],[149.933284,-35.602167],[149.933276,-35.60223],[149.933276,-35.602282],[149.933261,-35.602345],[149.933239,-35.602471],[149.93321,-35.602528],[149.933189,-35.602579],[149.933195,-35.602659],[149.933193,-35.602933],[149.933199,-35.602991],[149.933213,-35.603083],[149.933226,-35.603129],[149.933239,-35.603215],[149.93326,-35.603301],[149.93328,-35.603374],[149.9333,-35.603455],[149.933321,-35.603518],[149.933348,-35.603593],[149.933375,-35.603679],[149.933389,-35.603731],[149.933416,-35.603781],[149.933437,-35.603844],[149.933458,-35.603891],[149.933492,-35.603977],[149.933512,-35.604046],[149.933588,-35.604212],[149.933615,-35.604257],[149.933643,-35.604327],[149.93367,-35.604373],[149.933698,-35.604442],[149.933725,-35.604494],[149.933761,-35.60457],[149.933794,-35.604632],[149.933815,-35.604695],[149.933856,-35.604758],[149.933863,-35.604814],[149.933869,-35.604878],[149.933869,-35.60493],[149.933861,-35.604998],[149.933868,-35.605044],[149.933874,-35.605101],[149.933894,-35.605238],[149.9339,-35.605296],[149.933907,-35.605342],[149.933927,-35.605411],[149.933948,-35.605468],[149.933968,-35.605583],[149.933974,-35.605633],[149.933988,-35.605703],[149.934015,-35.605777],[149.934029,-35.605823],[149.934042,-35.605881],[149.934049,-35.605944],[149.934027,-35.606024],[149.934005,-35.606086],[149.933998,-35.606138],[149.93399,-35.606189],[149.93399,-35.606291],[149.934003,-35.606372],[149.934044,-35.606504],[149.934078,-35.606602],[149.934112,-35.606648],[149.934119,-35.606704],[149.934146,-35.606797],[149.934167,-35.606848],[149.934173,-35.606917],[149.93418,-35.606963],[149.934172,-35.607009],[149.934164,-35.607095],[149.934164,-35.607152],[149.934157,-35.607198],[149.93417,-35.607266],[149.934168,-35.607512],[149.934174,-35.607558],[149.934202,-35.60761],[149.934215,-35.607667],[149.934243,-35.607736],[149.934284,-35.607793],[149.934312,-35.607845],[149.934332,-35.607903],[149.934367,-35.607954],[149.934381,-35.608],[149.934373,-35.608052],[149.934359,-35.608097],[149.934351,-35.608172],[149.934322,-35.60824],[149.934293,-35.60836],[149.934279,-35.608405],[149.934271,-35.608463],[149.934271,-35.608514],[149.934263,-35.608566],[149.934256,-35.608623],[149.934256,-35.608669],[149.934255,-35.608715],[149.93424,-35.608801],[149.93424,-35.608858],[149.934225,-35.608909],[149.934245,-35.609052],[149.934266,-35.609104],[149.934286,-35.609161],[149.934314,-35.609236],[149.934341,-35.609299],[149.934348,-35.60935],[149.934368,-35.609419],[149.934381,-35.609471],[149.934409,-35.60954],[149.934436,-35.609614],[149.934471,-35.609683],[149.934526,-35.609747],[149.934596,-35.609821],[149.934665,-35.609908],[149.934713,-35.609959],[149.934748,-35.610011],[149.934796,-35.610086],[149.934831,-35.610142],[149.934858,-35.610195],[149.934886,-35.610264],[149.934948,-35.610339],[149.934962,-35.610395],[149.93501,-35.610465],[149.935059,-35.610517],[149.935093,-35.610574],[149.935114,-35.61062],[149.935127,-35.610689],[149.935127,-35.610752],[149.935133,-35.610826],[149.935112,-35.610878],[149.935069,-35.610929],[149.93497,-35.611031],[149.934815,-35.611162],[149.934688,-35.611264],[149.934624,-35.61131],[149.934561,-35.611348],[149.934469,-35.611412],[149.934399,-35.611463],[149.934321,-35.611525],[149.934237,-35.611576],[149.934166,-35.611616],[149.934096,-35.61165],[149.934033,-35.611672],[149.933976,-35.611684],[149.933906,-35.611712],[149.933822,-35.61174],[149.933744,-35.611762],[149.933688,-35.611768],[149.933625,-35.611796],[149.933555,-35.611813],[149.933442,-35.611858],[149.933351,-35.61188],[149.933246,-35.611914],[149.933189,-35.611936],[149.933133,-35.611959],[149.933063,-35.611999],[149.932992,-35.612033],[149.932929,-35.612061],[149.932817,-35.612095],[149.932676,-35.612105],[149.932578,-35.612127],[149.932522,-35.612144],[149.932466,-35.612155],[149.932395,-35.612189],[149.932311,-35.612223],[149.932248,-35.612251],[149.93217,-35.61228],[149.9321,-35.612302],[149.932022,-35.612376],[149.931959,-35.612404],[149.931896,-35.612438],[149.931825,-35.612472],[149.931734,-35.612529],[149.931656,-35.612546],[149.931579,-35.612568],[149.931502,-35.612573],[149.931418,-35.612584],[149.931312,-35.612624],[149.931256,-35.612641],[149.931186,-35.612669],[149.931101,-35.612708],[149.931024,-35.612731],[149.930954,-35.612759],[149.930891,-35.612781],[149.930813,-35.612804],[149.930652,-35.612837],[149.930596,-35.612854],[149.930511,-35.612877],[149.930434,-35.612905],[149.930336,-35.612927],[149.930252,-35.612949],[149.930195,-35.612955],[149.930132,-35.61296],[149.930041,-35.612971],[149.929971,-35.612971],[149.929908,-35.612993],[149.929852,-35.613016],[149.929774,-35.613021],[149.929704,-35.613055],[149.92962,-35.613066],[149.92955,-35.613065],[149.92948,-35.613059],[149.929424,-35.613065],[149.929347,-35.61307],[149.929146,-35.613133],[149.928391,-35.61338],[149.928231,-35.613435],[149.927998,-35.613573],[149.927696,-35.613735],[149.927372,-35.613891],[149.927079,-35.614133],[149.926792,-35.614329],[149.926525,-35.614501],[149.926176,-35.614716],[149.925811,-35.614913],[149.925365,-35.615165],[149.925127,-35.615353],[149.924846,-35.615526],[149.924524,-35.615734],[149.924278,-35.615923],[149.924068,-35.616117],[149.923736,-35.616429],[149.923383,-35.616735],[149.923024,-35.617075],[149.922779,-35.617282],[149.922578,-35.617538],[149.922432,-35.617759],[149.922238,-35.618033],[149.922073,-35.618312],[149.921992,-35.618577],[149.921976,-35.618898],[149.921953,-35.619242],[149.92194,-35.619648],[149.921948,-35.62006],[149.921948,-35.620455],[149.92199,-35.620843],[149.921935,-35.621057],[149.9217,-35.621326],[149.921444,-35.62163],[149.921112,-35.621947],[149.920879,-35.622267],[149.920563,-35.622658],[149.920278,-35.622903],[149.920079,-35.623145],[149.919998,-35.623435],[149.919995,-35.623474],[149.919974,-35.623525],[149.919996,-35.623571],[149.919996,-35.623617],[149.920004,-35.623662],[149.920006,-35.623811],[149.919993,-35.623908],[149.919966,-35.624006],[149.919974,-35.624063],[149.919975,-35.624109],[149.919982,-35.624155],[149.919997,-35.624206],[149.920019,-35.624252],[149.920033,-35.624297],[149.920041,-35.624343],[149.920042,-35.624417],[149.920063,-35.624463],[149.920092,-35.624508],[149.920121,-35.62456],[149.920164,-35.624651],[149.920193,-35.624702],[149.920214,-35.624753],[149.920272,-35.624844],[149.920329,-35.624936],[149.920351,-35.624987],[149.920358,-35.625038],[149.92038,-35.625095],[149.920388,-35.625141],[149.920445,-35.625244],[149.920432,-35.625289],[149.920446,-35.625335],[149.920461,-35.625392],[149.920475,-35.625438],[149.92049,-35.625483],[149.920491,-35.625529],[149.920498,-35.625575],[149.920513,-35.625626],[149.920535,-35.625672],[149.920542,-35.625718],[149.920564,-35.625763],[149.920585,-35.625809],[149.920607,-35.625854],[149.920636,-35.6259],[149.920657,-35.625946],[149.920665,-35.625991],[149.92068,-35.626088],[149.920702,-35.626134],[149.920709,-35.626185],[149.920738,-35.626231],[149.920739,-35.626282],[149.92074,-35.62642],[149.920748,-35.626471],[149.920784,-35.626522],[149.920812,-35.626568],[149.920834,-35.626614],[149.920842,-35.626659],[149.92087,-35.626705],[149.920914,-35.626796],[149.920942,-35.626847],[149.920971,-35.626898],[149.921,-35.626944],[149.921002,-35.627127],[149.92101,-35.627173],[149.92101,-35.62723],[149.92099,-35.627282],[149.920977,-35.627373],[149.920978,-35.627419],[149.920999,-35.627465],[149.921007,-35.62751],[149.921028,-35.627556],[149.921057,-35.627613],[149.921093,-35.627658],[149.921108,-35.62771],[149.921115,-35.627756],[149.921116,-35.627801],[149.921109,-35.627859],[149.921138,-35.627916],[149.921174,-35.627961],[149.921196,-35.628024],[149.921224,-35.628075],[149.921253,-35.628121],[149.921261,-35.628172],[149.921296,-35.628217],[149.921325,-35.628269],[149.921347,-35.628314],[149.921368,-35.62836],[149.92139,-35.628417],[149.921412,-35.628468],[149.92144,-35.628514],[149.921462,-35.628577],[149.921498,-35.628628],[149.921512,-35.628673],[149.921541,-35.628719],[149.921556,-35.62877],[149.921577,-35.628816],[149.921592,-35.628867],[149.921621,-35.628959],[149.921622,-35.629004],[149.92163,-35.629056],[149.921623,-35.629107],[149.921624,-35.629153],[149.921617,-35.629199],[149.921605,-35.629308],[149.921592,-35.629399],[149.921593,-35.629445],[149.921586,-35.629491],[149.92158,-35.629543],[149.92158,-35.629594],[149.921568,-35.629691],[149.921547,-35.629749],[149.921548,-35.629795],[149.921535,-35.629846],[149.921535,-35.629898],[149.921537,-35.629995],[149.92153,-35.630047],[149.921545,-35.630098],[149.921546,-35.630195],[149.921561,-35.630252],[149.921562,-35.630298],[149.921576,-35.630349],[149.921584,-35.630395],[149.921613,-35.630446],[149.921634,-35.630509],[149.921663,-35.630555],[149.921685,-35.6306],[149.921699,-35.630646],[149.921721,-35.630692],[149.921778,-35.630783],[149.9218,-35.630828],[149.921828,-35.630874],[149.92185,-35.630925],[149.921879,-35.630976],[149.921893,-35.631022],[149.921901,-35.631073],[149.921923,-35.631119],[149.92193,-35.631165],[149.921945,-35.63121],[149.921974,-35.631262],[149.921981,-35.631307],[149.92201,-35.631359],[149.922032,-35.63141],[149.922075,-35.631501],[149.922096,-35.631547],[149.922125,-35.631598],[149.922126,-35.631655],[149.92214,-35.631701],[149.922148,-35.631746],[149.922177,-35.631798],[149.922198,-35.631849],[149.922227,-35.6319],[149.922249,-35.631946],[149.922264,-35.63206],[149.922279,-35.632157],[149.922287,-35.632203],[149.922274,-35.632266],[149.922267,-35.632312],[149.922261,-35.632363],[149.922276,-35.632415],[149.922276,-35.632461],[149.922291,-35.632506],[149.922278,-35.632564],[149.922285,-35.632609],[149.922287,-35.632712],[149.922273,-35.632758],[149.922261,-35.632861],[149.922231,-35.632925],[149.922165,-35.633068],[149.922138,-35.63312],[149.922111,-35.633183],[149.922069,-35.633252],[149.922062,-35.633262],[149.922054,-35.63327],[149.922044,-35.633278],[149.922035,-35.633293],[149.922028,-35.633338],[149.922015,-35.633384],[149.921981,-35.63343],[149.921981,-35.633476],[149.921975,-35.633522],[149.921975,-35.633568],[149.921977,-35.633665],[149.921984,-35.633711],[149.921985,-35.633756],[149.922013,-35.633802],[149.922014,-35.633848],[149.922029,-35.633893],[149.922029,-35.633939],[149.922044,-35.633985],[149.922051,-35.634031],[149.922045,-35.634088],[149.92206,-35.634133],[149.92206,-35.634185],[149.922062,-35.634288],[149.922055,-35.634334],[149.922028,-35.634391],[149.922001,-35.634437],[149.921974,-35.634529],[149.921939,-35.634575],[149.921912,-35.634621],[149.921829,-35.634713],[149.921773,-35.634754],[149.921739,-35.6348],[149.921683,-35.634846],[149.921573,-35.634939],[149.921517,-35.634974],[149.921461,-35.635014],[149.921399,-35.635055],[149.921322,-35.635096],[149.921266,-35.635113],[149.921197,-35.635154],[149.921141,-35.635172],[149.921085,-35.635206],[149.92103,-35.635236],[149.920967,-35.635276],[149.920856,-35.635323],[149.920793,-35.635341],[149.920737,-35.635353],[149.920681,-35.63537],[149.920625,-35.635405],[149.92057,-35.635428],[149.9205,-35.63544],[149.920444,-35.635447],[149.920388,-35.635459],[149.920325,-35.635465],[149.920255,-35.635466],[149.920178,-35.635489],[149.920108,-35.635507],[149.920045,-35.635513],[149.919989,-35.635525],[149.919912,-35.635549],[149.919842,-35.635555],[149.919709,-35.635556],[149.919625,-35.635568],[149.919513,-35.635569],[149.919429,-35.635587],[149.919366,-35.635594],[149.91931,-35.635594],[149.91924,-35.635589],[149.919071,-35.635573],[149.919008,-35.635574],[149.918945,-35.635563],[149.918889,-35.635563],[149.918826,-35.635552],[149.91877,-35.635547],[149.9187,-35.635536],[149.918644,-35.635543],[149.918587,-35.635543],[149.918517,-35.635538],[149.918461,-35.635538],[149.918398,-35.635528],[149.918342,-35.635522],[149.91816,-35.635524],[149.918154,-35.635523],[149.917782,-35.635544],[149.917705,-35.635562],[149.917649,-35.635574],[149.917586,-35.635598],[149.917523,-35.635615],[149.917467,-35.635639],[149.917404,-35.635656],[149.91735,-35.635686],[149.917293,-35.635703],[149.917237,-35.635744],[149.917182,-35.635801],[149.917113,-35.635854],[149.917085,-35.6359],[149.917031,-35.635946],[149.916947,-35.636038],[149.916927,-35.636096],[149.916879,-35.636205],[149.916851,-35.636262],[149.916824,-35.636308],[149.916804,-35.63636],[149.91677,-35.636406],[149.916735,-35.636463],[149.916716,-35.636521],[149.91668,-35.636567],[149.916653,-35.636613],[149.916605,-35.636716],[149.916572,-35.636768],[149.916543,-35.636826],[149.916509,-35.636877],[149.916482,-35.636924],[149.916455,-35.637015],[149.916428,-35.637073],[149.916407,-35.637124],[149.916394,-35.637182],[149.916366,-35.637234],[149.916353,-35.637279],[149.916325,-35.637331],[149.916298,-35.637377],[149.916264,-35.637429],[149.916243,-35.637475],[149.91616,-35.637544],[149.916104,-35.637579],[149.91605,-35.637637],[149.916015,-35.637683],[149.91596,-35.637724],[149.915925,-35.63777],[149.91587,-35.63781],[149.915843,-35.637856],[149.915786,-35.637902],[149.915753,-35.637949],[149.915696,-35.637989],[149.915654,-35.63802],[149.908399,-35.637019],[149.904062,-35.644347],[149.890393,-35.666336],[149.880202,-35.68131],[149.875458,-35.688275],[149.871695,-35.694497],[149.866046,-35.703834],[149.865648,-35.70449],[149.865647,-35.704493],[149.861464,-35.711407],[149.861894,-35.712357],[149.861959,-35.712386],[149.861903,-35.712471],[149.861381,-35.713207],[149.862344,-35.713673],[149.862615,-35.713806],[149.862574,-35.71384],[149.862534,-35.713876],[149.862477,-35.713912],[149.862357,-35.714017],[149.862293,-35.714066],[149.862228,-35.714109],[149.862108,-35.714201],[149.862044,-35.714244],[149.861987,-35.714287],[149.861924,-35.714342],[149.861875,-35.71439],[149.861804,-35.714445],[149.861751,-35.71449],[149.861408,-35.7148],[149.861345,-35.714855],[149.861303,-35.714909],[149.861247,-35.714964],[149.861205,-35.715012],[149.861072,-35.715164],[149.861008,-35.715214],[149.860952,-35.715262],[149.860838,-35.715348],[149.860781,-35.715385],[149.860725,-35.715428],[149.860667,-35.715465],[149.860554,-35.715551],[149.860498,-35.7156],[149.860448,-35.715648],[149.860392,-35.715691],[149.86027,-35.71576],[149.860199,-35.715802],[149.860135,-35.715834],[149.860078,-35.715877],[149.860021,-35.715926],[149.85995,-35.715975],[149.859894,-35.716024],[149.859773,-35.716116],[149.859724,-35.716165],[149.859668,-35.716213],[149.859547,-35.716305],[149.859447,-35.716373],[149.85939,-35.716404],[149.859326,-35.716441],[149.859262,-35.716472],[149.859198,-35.716516],[149.859126,-35.716559],[149.859048,-35.716608],[149.858984,-35.716645],[149.85892,-35.716689],[149.858855,-35.71672],[149.858791,-35.716763],[149.858727,-35.7168],[149.858663,-35.716831],[149.858606,-35.716862],[149.85849,-35.716913],[149.858426,-35.716956],[149.858363,-35.717005],[149.858325,-35.717033],[149.858306,-35.717047],[149.85825,-35.717102],[149.858193,-35.717151],[149.858152,-35.7172],[149.858102,-35.717254],[149.857997,-35.717358],[149.857942,-35.717442],[149.857906,-35.71749],[149.857872,-35.717539],[149.857812,-35.717701],[149.857792,-35.717749],[149.857779,-35.717797],[149.857767,-35.71785],[149.857754,-35.717904],[149.857714,-35.718012],[149.857674,-35.718108],[149.857619,-35.718204],[149.857585,-35.718259],[149.857529,-35.718355],[149.85751,-35.718403],[149.857462,-35.718475],[149.857434,-35.718529],[149.8574,-35.71859],[149.857372,-35.718638],[149.857352,-35.718686],[149.857325,-35.71874],[149.85729,-35.718794],[149.857263,-35.718842],[149.857243,-35.718896],[149.857209,-35.71895],[149.857189,-35.718998],[149.857161,-35.719047],[149.857141,-35.719095],[149.857106,-35.719145],[149.857061,-35.719206],[149.857022,-35.719262],[149.85699,-35.719313],[149.856952,-35.719369],[149.856893,-35.719425],[149.856847,-35.719476],[149.856788,-35.719521],[149.856723,-35.719567],[149.856657,-35.719618],[149.856591,-35.719663],[149.856531,-35.719698],[149.856459,-35.719738],[149.856393,-35.719784],[149.856333,-35.719807],[149.856273,-35.719825],[149.856206,-35.719854],[149.856146,-35.719878],[149.856072,-35.719896],[149.855999,-35.719909],[149.855939,-35.719927],[149.855878,-35.719939],[149.855817,-35.719946],[149.855697,-35.719971],[149.85563,-35.719973],[149.855562,-35.719974],[149.855495,-35.719982],[149.855434,-35.719988],[149.855374,-35.720001],[149.855234,-35.720043],[149.85516,-35.720055],[149.855093,-35.720062],[149.855018,-35.720064],[149.854958,-35.720071],[149.85481,-35.720075],[149.854742,-35.720076],[149.854681,-35.720083],[149.854607,-35.72009],[149.854487,-35.720104],[149.854425,-35.720106],[149.854359,-35.720118],[149.854157,-35.72014],[149.853893,-35.720146],[149.853812,-35.720142],[149.853752,-35.720138],[149.853691,-35.720123],[149.853622,-35.720114],[149.85344,-35.720102],[149.853365,-35.720092],[149.85329,-35.720072],[149.853215,-35.720058],[149.853148,-35.720054],[149.85308,-35.720044],[149.853012,-35.720029],[149.852944,-35.72002],[149.852883,-35.720016],[149.852815,-35.720001],[149.852753,-35.719975],[149.852685,-35.719943],[149.852561,-35.719891],[149.852492,-35.719849],[149.85243,-35.719817],[149.852368,-35.71978],[149.852306,-35.719727],[149.852243,-35.719684],[149.852181,-35.719636],[149.852138,-35.719588],[149.852103,-35.719539],[149.852083,-35.719505],[149.85206,-35.719461],[149.852044,-35.719418],[149.85203,-35.719371],[149.852004,-35.719325],[149.851964,-35.719232],[149.851926,-35.719186],[149.851879,-35.719137],[149.85183,-35.719091],[149.851778,-35.719054],[149.851653,-35.718982],[149.851592,-35.718926],[149.851564,-35.718883],[149.851529,-35.718765],[149.851525,-35.718664],[149.851524,-35.718614],[149.851504,-35.718513],[149.851487,-35.718451],[149.851481,-35.718288],[149.851471,-35.718231],[149.85147,-35.718181],[149.851475,-35.71813],[149.851473,-35.718074],[149.851479,-35.718023],[149.851484,-35.71796],[149.851478,-35.71779],[149.851469,-35.717741],[149.851467,-35.717684],[149.851457,-35.717627],[149.851453,-35.717521],[149.851452,-35.71747],[149.851458,-35.71742],[149.851463,-35.717357],[149.851459,-35.71725],[149.851465,-35.717199],[149.851471,-35.717149],[149.851485,-35.717092],[149.851498,-35.717029],[149.851511,-35.716959],[149.851503,-35.716745],[149.851515,-35.716614],[149.851517,-35.716561],[149.851518,-35.716512],[149.851524,-35.716462],[149.851522,-35.716412],[149.851515,-35.716353],[149.85151,-35.716299],[149.851508,-35.716242],[149.851499,-35.716192],[149.851493,-35.716035],[149.851455,-35.715834],[149.851421,-35.715734],[149.851396,-35.715679],[149.85133,-35.715579],[149.851313,-35.71553],[149.851281,-35.71548],[149.851256,-35.71543],[149.851223,-35.715374],[149.851125,-35.715225],[149.851077,-35.715177],[149.851037,-35.715127],[149.850911,-35.715055],[149.85084,-35.715012],[149.850769,-35.714982],[149.850707,-35.714965],[149.850582,-35.714918],[149.850519,-35.7149],[149.850449,-35.714877],[149.850371,-35.71486],[149.850309,-35.714855],[149.850248,-35.714856],[149.850178,-35.714845],[149.850031,-35.714836],[149.849969,-35.714831],[149.849892,-35.714827],[149.849491,-35.714837],[149.84929,-35.714841],[149.849153,-35.71487],[149.849084,-35.71489],[149.848963,-35.714944],[149.848902,-35.71497],[149.848841,-35.715003],[149.84878,-35.715029],[149.848719,-35.715062],[149.848532,-35.715186],[149.848464,-35.715239],[149.848403,-35.715284],[149.848344,-35.715329],[149.848216,-35.715439],[149.848112,-35.715555],[149.848068,-35.715607],[149.848031,-35.715657],[149.847995,-35.715709],[149.847965,-35.715766],[149.847937,-35.715817],[149.847907,-35.715875],[149.847887,-35.715925],[149.847873,-35.715982],[149.847846,-35.716083],[149.847824,-35.716134],[149.847782,-35.716236],[149.847745,-35.716293],[149.847724,-35.716344],[149.847695,-35.716395],[149.847658,-35.716446],[149.847629,-35.716504],[149.847592,-35.716555],[149.847548,-35.716606],[149.847504,-35.716664],[149.847452,-35.716722],[149.847384,-35.71678],[149.847332,-35.716832],[149.847227,-35.716904],[149.847191,-35.716952],[149.847159,-35.71699],[149.847101,-35.717018],[149.847043,-35.717063],[149.846985,-35.717113],[149.846927,-35.717146],[149.846863,-35.717185],[149.846804,-35.717214],[149.846732,-35.717242],[149.846668,-35.717265],[149.846603,-35.717294],[149.846485,-35.717329],[149.84642,-35.717352],[149.846362,-35.717369],[149.846296,-35.717387],[149.846179,-35.717411],[149.84612,-35.717429],[149.846054,-35.717446],[149.845995,-35.717459],[149.845917,-35.717471],[149.845851,-35.717478],[149.845759,-35.717486],[149.845634,-35.7175],[149.845477,-35.717514],[149.845411,-35.717515],[149.845285,-35.717508],[149.845153,-35.717511],[149.845088,-35.717507],[149.845028,-35.717497],[149.844969,-35.717499],[149.844849,-35.717491],[149.84479,-35.717487],[149.844717,-35.717478],[149.844592,-35.717459],[149.844465,-35.71743],[149.844405,-35.717415],[149.844345,-35.717401],[149.844226,-35.717361],[149.844165,-35.717335],[149.844105,-35.717305],[149.843923,-35.717196],[149.843862,-35.717149],[149.843801,-35.717107],[149.84374,-35.71706],[149.843685,-35.717013],[149.84359,-35.716919],[149.843549,-35.716871],[149.843514,-35.716824],[149.843473,-35.716777],[149.843438,-35.716729],[149.843382,-35.716633],[149.843367,-35.71658],[149.843345,-35.716532],[149.843331,-35.716484],[149.843246,-35.716341],[149.843212,-35.716293],[149.843171,-35.716246],[149.843129,-35.716193],[149.843074,-35.716146],[149.842956,-35.716062],[149.842912,-35.716026],[149.842804,-35.715932],[149.842742,-35.715885],[149.842621,-35.715813],[149.84256,-35.715771],[149.842506,-35.715724],[149.842465,-35.715677],[149.842417,-35.715624],[149.842369,-35.715577],[149.842327,-35.71553],[149.842299,-35.715482],[149.842265,-35.715434],[149.842237,-35.715386],[149.842189,-35.715339],[149.842147,-35.715292],[149.842093,-35.715244],[149.842033,-35.715206],[149.841988,-35.715183],[149.84193,-35.715164],[149.841866,-35.715139],[149.841809,-35.71512],[149.841744,-35.715096],[149.841681,-35.715082],[149.841623,-35.715068],[149.841566,-35.715048],[149.841508,-35.715024],[149.84145,-35.714994],[149.841386,-35.714965],[149.841321,-35.71494],[149.841205,-35.714881],[149.841147,-35.714857],[149.84109,-35.714838],[149.841032,-35.714823],[149.840975,-35.714809],[149.840917,-35.7148],[149.84086,-35.714801],[149.840804,-35.714803],[149.840747,-35.71481],[149.840684,-35.714816],[149.840621,-35.714828],[149.840558,-35.714845],[149.840502,-35.714856],[149.840376,-35.71489],[149.840201,-35.714956],[149.840139,-35.714984],[149.840077,-35.715016],[149.840021,-35.715054],[149.839965,-35.715086],[149.839904,-35.715129],[149.839848,-35.715161],[149.839731,-35.715252],[149.839675,-35.715294],[149.83962,-35.715342],[149.839558,-35.715385],[149.839497,-35.715433],[149.839435,-35.715486],[149.839312,-35.715571],[149.839257,-35.715614],[149.839152,-35.715714],[149.839104,-35.715772],[149.839054,-35.71582],[149.839018,-35.715867],[149.838963,-35.71592],[149.838921,-35.715978],[149.838885,-35.716025],[149.838849,-35.716078],[149.838825,-35.716125],[149.838765,-35.716229],[149.838742,-35.716281],[149.838718,-35.716328],[149.838701,-35.716375],[149.838687,-35.716417],[149.838668,-35.716465],[149.838655,-35.716516],[149.838638,-35.716563],[149.838621,-35.716625],[149.83861,-35.716677],[149.838593,-35.716729],[149.838576,-35.716786],[149.838572,-35.716833],[149.838567,-35.716879],[149.83855,-35.716937],[149.838539,-35.716983],[149.838522,-35.71703],[149.838517,-35.717077],[149.838503,-35.717227],[149.838498,-35.717273],[149.838494,-35.717325],[149.838496,-35.717372],[149.838486,-35.717465],[149.838482,-35.717511],[149.838477,-35.717558],[149.838479,-35.717602],[149.838483,-35.717643],[149.838476,-35.717689],[149.838476,-35.717735],[149.838462,-35.717786],[149.838448,-35.717843],[149.838434,-35.717895],[149.838406,-35.718009],[149.838392,-35.718061],[149.838392,-35.718107],[149.838378,-35.718158],[149.838371,-35.718204],[149.838371,-35.71825],[149.838378,-35.718324],[149.838378,-35.718381],[149.838371,-35.718433],[149.838357,-35.718501],[149.838356,-35.718604],[149.838349,-35.718662],[149.838356,-35.718713],[149.838356,-35.718765],[149.83837,-35.718868],[149.838377,-35.718925],[149.838377,-35.718971],[149.838384,-35.719016],[149.838384,-35.719068],[149.838391,-35.719125],[149.838391,-35.719177],[149.838419,-35.719377],[149.83844,-35.719434],[149.838468,-35.719537],[149.838482,-35.719629],[149.838503,-35.71972],[149.838524,-35.719772],[149.838538,-35.719818],[149.838545,-35.719869],[149.838566,-35.719915],[149.83858,-35.719967],[149.838601,-35.720024],[149.838615,-35.720081],[149.838636,-35.720127],[149.83865,-35.720173],[149.838678,-35.720218],[149.83872,-35.72031],[149.838741,-35.720367],[149.838769,-35.720413],[149.83879,-35.720464],[149.838818,-35.720522],[149.83886,-35.720613],[149.838888,-35.720659],[149.83893,-35.720716],[149.838959,-35.720762],[149.838994,-35.720814],[149.839029,-35.720877],[149.839064,-35.720922],[149.839092,-35.720968],[149.839127,-35.72102],[149.839155,-35.721077],[149.839183,-35.721123],[149.839253,-35.721226],[149.839274,-35.721271],[149.839309,-35.721317],[149.839337,-35.721369],[149.839372,-35.721426],[149.839393,-35.721472],[149.839421,-35.721518],[149.839456,-35.721563],[149.839498,-35.721609],[149.839547,-35.721661],[149.839589,-35.721712],[149.839646,-35.721815],[149.83966,-35.721861],[149.839688,-35.721913],[149.839709,-35.72197],[149.839723,-35.722016],[149.839744,-35.722061],[149.839765,-35.722119],[149.839793,-35.72221],[149.839828,-35.722262],[149.83987,-35.722416],[149.839891,-35.722565],[149.839891,-35.722616],[149.839892,-35.722663],[149.839891,-35.722714],[149.839891,-35.72276],[149.839883,-35.722811],[149.839869,-35.722874],[149.839855,-35.722926],[149.839841,-35.722983],[149.839827,-35.723034],[149.839813,-35.723097],[149.839806,-35.723143],[149.839792,-35.723196],[149.83975,-35.723332],[149.839722,-35.723383],[149.839694,-35.723429],[149.839644,-35.723532],[149.839616,-35.723595],[149.839588,-35.723652],[149.839546,-35.723704],[149.839481,-35.723753],[149.839459,-35.723761],[149.839397,-35.72378],[149.839336,-35.723796],[149.839279,-35.723805],[149.839222,-35.723817],[149.839151,-35.723826],[149.839081,-35.723831],[149.838961,-35.723827],[149.838899,-35.723818],[149.838841,-35.723812],[149.838721,-35.723793],[149.838663,-35.72378],[149.838547,-35.723747],[149.838417,-35.723706],[149.838301,-35.723666],[149.838243,-35.723642],[149.838184,-35.723622],[149.838126,-35.723601],[149.838068,-35.723584],[149.838006,-35.723572],[149.837943,-35.723562],[149.837885,-35.723549],[149.837828,-35.72354],[149.837667,-35.723504],[149.837611,-35.723498],[149.837442,-35.723468],[149.837386,-35.723454],[149.83733,-35.723444],[149.837269,-35.723438],[149.837157,-35.723418],[149.837102,-35.723411],[149.837044,-35.7234],[149.836928,-35.723381],[149.836871,-35.723367],[149.836812,-35.723354],[149.836754,-35.723338],[149.836638,-35.723304],[149.83658,-35.723288],[149.836521,-35.723268],[149.836466,-35.723241],[149.836407,-35.723216],[149.836348,-35.7232],[149.836166,-35.723144],[149.836107,-35.723125],[149.836049,-35.723113],[149.835986,-35.723098],[149.835928,-35.723082],[149.83587,-35.72307],[149.835804,-35.723058],[149.835745,-35.723042],[149.835687,-35.723031],[149.835628,-35.723009],[149.83556,-35.722988],[149.835512,-35.722971],[149.835395,-35.72294],[149.835337,-35.722921],[149.835216,-35.722891],[149.835198,-35.722885],[149.835091,-35.72287],[149.835033,-35.722854],[149.834975,-35.722836],[149.834916,-35.722822],[149.834858,-35.722807],[149.834801,-35.722799],[149.834743,-35.722783],[149.834684,-35.722755],[149.834625,-35.72273],[149.834566,-35.722698],[149.834449,-35.72264],[149.834332,-35.722596],[149.834273,-35.722577],[149.834215,-35.722561],[149.834157,-35.722549],[149.834099,-35.722544],[149.834041,-35.722535],[149.833984,-35.722537],[149.833922,-35.722535],[149.833864,-35.722543],[149.833803,-35.722548],[149.833741,-35.722542],[149.833683,-35.722547],[149.833626,-35.722555],[149.833568,-35.722566],[149.833507,-35.722581],[149.833449,-35.722583],[149.833392,-35.722587],[149.833276,-35.722577],[149.833218,-35.722571],[149.83316,-35.722563],[149.833102,-35.722547],[149.833045,-35.722524],[149.833027,-35.722515],[149.832967,-35.722498],[149.832854,-35.722464],[149.832793,-35.722441],[149.832736,-35.722418],[149.832621,-35.722366],[149.832564,-35.722337],[149.832507,-35.722316],[149.832382,-35.722273],[149.832325,-35.722251],[149.832268,-35.722221],[149.83221,-35.722192],[149.832153,-35.72216],[149.832096,-35.722133],[149.832039,-35.722104],[149.831981,-35.722081],[149.831924,-35.722055],[149.831867,-35.722038],[149.831811,-35.722018],[149.831753,-35.721995],[149.831693,-35.721969],[149.831632,-35.721946],[149.831571,-35.721926],[149.83151,-35.721909],[149.831398,-35.721881],[149.831346,-35.72186],[149.831283,-35.721836],[149.831226,-35.721809],[149.831169,-35.721779],[149.831112,-35.721747],[149.831054,-35.721706],[149.830997,-35.721673],[149.830882,-35.721615],[149.830825,-35.721583],[149.830767,-35.721548],[149.83071,-35.721512],[149.830652,-35.72148],[149.830595,-35.721454],[149.830538,-35.721434],[149.830481,-35.721407],[149.830424,-35.721378],[149.830367,-35.721358],[149.830246,-35.721324],[149.830193,-35.72132],[149.830073,-35.721331],[149.829947,-35.721365],[149.829884,-35.721394],[149.829828,-35.721411],[149.829771,-35.721457],[149.829673,-35.72156],[149.829582,-35.721669],[149.829539,-35.721726],[149.829527,-35.721774],[149.829511,-35.721821],[149.829498,-35.72187],[149.829498,-35.721915],[149.829491,-35.721962],[149.82947,-35.722056],[149.829469,-35.722102],[149.829441,-35.722201],[149.829416,-35.722247],[149.829358,-35.722342],[149.82933,-35.722391],[149.82931,-35.722438],[149.829285,-35.722485],[149.829258,-35.722532],[149.82924,-35.722581],[149.829225,-35.722627],[149.829216,-35.722681],[149.829216,-35.722824],[149.829231,-35.72287],[149.829231,-35.722933],[149.829251,-35.723076],[149.829265,-35.723128],[149.829286,-35.723174],[149.829303,-35.723206],[149.829321,-35.723258],[149.82934,-35.723297],[149.829354,-35.723328],[149.829368,-35.723363],[149.829398,-35.723408],[149.829406,-35.723453],[149.829429,-35.723503],[149.829431,-35.723549],[149.829447,-35.723594],[149.829456,-35.723645],[149.829471,-35.72369],[149.829479,-35.723735],[149.829481,-35.723781],[149.829497,-35.723826],[149.829506,-35.723871],[149.829507,-35.723923],[149.829515,-35.723968],[149.829524,-35.724013],[149.829533,-35.724076],[149.829535,-35.724121],[149.829551,-35.724166],[149.829566,-35.724217],[149.829582,-35.724262],[149.829605,-35.724307],[149.82962,-35.724358],[149.82965,-35.724408],[149.829681,-35.72451],[149.829704,-35.724561],[149.829719,-35.724606],[149.829764,-35.724696],[149.829787,-35.724746],[149.829796,-35.724798],[149.829798,-35.724843],[149.829807,-35.724888],[149.829809,-35.724985],[149.829816,-35.725133],[149.829803,-35.72519],[149.829785,-35.725241],[149.829758,-35.725288],[149.829745,-35.725334],[149.829719,-35.72538],[149.829693,-35.725431],[149.829623,-35.725592],[149.829588,-35.725639],[149.829555,-35.725691],[149.82951,-35.72576],[149.829483,-35.725806],[149.829443,-35.725864],[149.829403,-35.725916],[149.829349,-35.725969],[149.829303,-35.726021],[149.829101,-35.726253],[149.829047,-35.726294],[149.828999,-35.726341],[149.828783,-35.726528],[149.828737,-35.72658],[149.828682,-35.726621],[149.828648,-35.726668],[149.828594,-35.726714],[149.828548,-35.726761],[149.828446,-35.72686],[149.828392,-35.726895],[149.828351,-35.726912],[149.828251,-35.726951],[149.828188,-35.726984],[149.828131,-35.727007],[149.828075,-35.727042],[149.828005,-35.727064],[149.827942,-35.727099],[149.827879,-35.727116],[149.827816,-35.727145],[149.827703,-35.727179],[149.827591,-35.727225],[149.827528,-35.727242],[149.827465,-35.727253],[149.827395,-35.727276],[149.827332,-35.727293],[149.827269,-35.727316],[149.827212,-35.727333],[149.827149,-35.727362],[149.827092,-35.72739],[149.827029,-35.727419],[149.826973,-35.727442],[149.826865,-35.727481],[149.826807,-35.727505],[149.826745,-35.727534],[149.826686,-35.727569],[149.826631,-35.727598],[149.826576,-35.727625],[149.82652,-35.727654],[149.826465,-35.727687],[149.82641,-35.727724],[149.826354,-35.727757],[149.826299,-35.727798],[149.826244,-35.727845],[149.826151,-35.727939],[149.826101,-35.727987],[149.826051,-35.728034],[149.826005,-35.728081],[149.825949,-35.728122],[149.82589,-35.728169],[149.825835,-35.728216],[149.825781,-35.728267],[149.825739,-35.728315],[149.825705,-35.728361],[149.825668,-35.728408],[149.825602,-35.728479],[149.825562,-35.728521],[149.82552,-35.72858],[149.825484,-35.728631],[149.825457,-35.728683],[149.825429,-35.728729],[149.82538,-35.72878],[149.825345,-35.728832],[149.825287,-35.728889],[149.825253,-35.72894],[149.82521,-35.729003],[149.825175,-35.729061],[149.825147,-35.729118],[149.825084,-35.729221],[149.825048,-35.729284],[149.825007,-35.729335],[149.824985,-35.729381],[149.82494,-35.729447],[149.824916,-35.729496],[149.824894,-35.729543],[149.824876,-35.729591],[149.82485,-35.729639],[149.824833,-35.729689],[149.824815,-35.729738],[149.824791,-35.729785],[149.824769,-35.729833],[149.82474,-35.729882],[149.824705,-35.72993],[149.824679,-35.729979],[149.82466,-35.730027],[149.824611,-35.730124],[149.824575,-35.730218],[149.824554,-35.730306],[149.824529,-35.730391],[149.824513,-35.730438],[149.824494,-35.730485],[149.82448,-35.730531],[149.824466,-35.730582],[149.824452,-35.73064],[149.824444,-35.730685],[149.824401,-35.730777],[149.824387,-35.730823],[149.82436,-35.730874],[149.824269,-35.730989],[149.824247,-35.731034],[149.82422,-35.73108],[149.824184,-35.731137],[149.824142,-35.731195],[149.824121,-35.731246],[149.824058,-35.731383],[149.82403,-35.731429],[149.824009,-35.731475],[149.823966,-35.731526],[149.823937,-35.731584],[149.823917,-35.731635],[149.823896,-35.731681],[149.823868,-35.731773],[149.823856,-35.731807],[149.82384,-35.731876],[149.823811,-35.731952],[149.823777,-35.732046],[149.823761,-35.732097],[149.823746,-35.732145],[149.823734,-35.732192],[149.823726,-35.732243],[149.823711,-35.73229],[149.823698,-35.732338],[149.823683,-35.732385],[149.823622,-35.732535],[149.823609,-35.732582],[149.823573,-35.732695],[149.823554,-35.73275],[149.823541,-35.732801],[149.823522,-35.732852],[149.823514,-35.732899],[149.823499,-35.732947],[149.823478,-35.732994],[149.823445,-35.733056],[149.823363,-35.733247],[149.82333,-35.733341],[149.82331,-35.733389],[149.823294,-35.733436],[149.823261,-35.733513],[149.823242,-35.733563],[149.823213,-35.733615],[149.823199,-35.733661],[149.823171,-35.733729],[149.82315,-35.733775],[149.823129,-35.733832],[149.8231,-35.733878],[149.823066,-35.73393],[149.823037,-35.733975],[149.82301,-35.734033],[149.822952,-35.734136],[149.822932,-35.734181],[149.822897,-35.734233],[149.822876,-35.734279],[149.822806,-35.734382],[149.822785,-35.734427],[149.822757,-35.734473],[149.822735,-35.734519],[149.822679,-35.734596],[149.822641,-35.734643],[149.822587,-35.73469],[149.82255,-35.734736],[149.822499,-35.734783],[149.822444,-35.73482],[149.822389,-35.734853],[149.822334,-35.734875],[149.822261,-35.734895],[149.822205,-35.734907],[149.82215,-35.734922],[149.822034,-35.734946],[149.821978,-35.734954],[149.821921,-35.734956],[149.821865,-35.734957],[149.821809,-35.734948],[149.821752,-35.734938],[149.821718,-35.73493],[149.82166,-35.734918],[149.821602,-35.734908],[149.821545,-35.734895],[149.821487,-35.734887],[149.821429,-35.734874],[149.821372,-35.73486],[149.821316,-35.734852],[149.821258,-35.734833],[149.821197,-35.73481],[149.821134,-35.734781],[149.821065,-35.734747],[149.820995,-35.734707],[149.820931,-35.73465],[149.820868,-35.734604],[149.820833,-35.734558],[149.820777,-35.734512],[149.820728,-35.734455],[149.820679,-35.734409],[149.820616,-35.734358],[149.820525,-35.73426],[149.82049,-35.734215],[149.82044,-35.734169],[149.820398,-35.734117],[149.820342,-35.73406],[149.820279,-35.73402],[149.820223,-35.733974],[149.820174,-35.733928],[149.820117,-35.733877],[149.820069,-35.733825],[149.820006,-35.733785],[149.819971,-35.733739],[149.819914,-35.733688],[149.819851,-35.733642],[149.81971,-35.733511],[149.819688,-35.733492],[149.819674,-35.733476],[149.819649,-35.733455],[149.819611,-35.733432],[149.819554,-35.733407],[149.819496,-35.733387],[149.819441,-35.733374],[149.819382,-35.733358],[149.819323,-35.73335],[149.819265,-35.73335],[149.819133,-35.733363],[149.819079,-35.733367],[149.819026,-35.733369],[149.818965,-35.73337],[149.818902,-35.73337],[149.818844,-35.733372],[149.818785,-35.733377],[149.818725,-35.733384],[149.818668,-35.733388],[149.818607,-35.733395],[149.818491,-35.733412],[149.818434,-35.733422],[149.818375,-35.733439],[149.818319,-35.733453],[149.818244,-35.733475],[149.818188,-35.733487],[149.818132,-35.733504],[149.818076,-35.733527],[149.818019,-35.733555],[149.817963,-35.733584],[149.817893,-35.733624],[149.817837,-35.733658],[149.817767,-35.733693],[149.817703,-35.733733],[149.817633,-35.733784],[149.817465,-35.73387],[149.817401,-35.733921],[149.817345,-35.733967],[149.817282,-35.734024],[149.817261,-35.73407],[149.817177,-35.734173],[149.817148,-35.734219],[149.817106,-35.734276],[149.817078,-35.734322],[149.817029,-35.734373],[149.817008,-35.734425],[149.816959,-35.734476],[149.816916,-35.734533],[149.816881,-35.734585],[149.816853,-35.734631],[149.816811,-35.734688],[149.816755,-35.734745],[149.816706,-35.734808],[149.816663,-35.734859],[149.816614,-35.734922],[149.816558,-35.734968],[149.816439,-35.735077],[149.816375,-35.735123],[149.816305,-35.735163],[149.816242,-35.735214],[149.816179,-35.735254],[149.816059,-35.73534],[149.816003,-35.735368],[149.815947,-35.735403],[149.815884,-35.735431],[149.815828,-35.735454],[149.815775,-35.735472],[149.815694,-35.735511],[149.815631,-35.735534],[149.815561,-35.735563],[149.815498,-35.73558],[149.815427,-35.735608],[149.815371,-35.735631],[149.815308,-35.735654],[149.815238,-35.735688],[149.815167,-35.735706],[149.815111,-35.735734],[149.815048,-35.735763],[149.814992,-35.735803],[149.814922,-35.735843],[149.814858,-35.735877],[149.814788,-35.735929],[149.814732,-35.735957],[149.81462,-35.736049],[149.814549,-35.736089],[149.814493,-35.736146],[149.814451,-35.736203],[149.81443,-35.736249],[149.814402,-35.7363],[149.814395,-35.736347],[149.814399,-35.736395],[149.814396,-35.736441],[149.814396,-35.736487],[149.814395,-35.736532],[149.81439,-35.736578],[149.814401,-35.736707],[149.814415,-35.736798],[149.814429,-35.736844],[149.814499,-35.73694],[149.814527,-35.736993],[149.814562,-35.737047],[149.814619,-35.737143],[149.814702,-35.737238],[149.814847,-35.737381],[149.814902,-35.737429],[149.814937,-35.737477],[149.814978,-35.73753],[149.815048,-35.737626],[149.815077,-35.737674],[149.815112,-35.737722],[149.815147,-35.737776],[149.815217,-35.737872],[149.815265,-35.737919],[149.81532,-35.737967],[149.815503,-35.73806],[149.815624,-35.738112],[149.815683,-35.738132],[149.815745,-35.738158],[149.815868,-35.738241],[149.815923,-35.738289],[149.815984,-35.738331],[149.816039,-35.738378],[149.816101,-35.73842],[149.816162,-35.738457],[149.816217,-35.738504],[149.816326,-35.7386],[149.816368,-35.738647],[149.816416,-35.738695],[149.816478,-35.738737],[149.816539,-35.738774],[149.8166,-35.738799],[149.81666,-35.738819],[149.816842,-35.738897],[149.816903,-35.738911],[149.816964,-35.738937],[149.817025,-35.738968],[149.817082,-35.738987],[149.817176,-35.739025],[149.817321,-35.739089],[149.81738,-35.739117],[149.817413,-35.739135],[149.817443,-35.739154],[149.817504,-35.739185],[149.817573,-35.739232],[149.81764,-35.739268],[149.817702,-35.73931],[149.817784,-35.739368],[149.817845,-35.739399],[149.817906,-35.739436],[149.818028,-35.739519],[149.81809,-35.739567],[149.818138,-35.739615],[149.818208,-35.739711],[149.818236,-35.739759],[149.818258,-35.739807],[149.818286,-35.739855],[149.818308,-35.739909],[149.818351,-35.740005],[149.818367,-35.740054],[149.818368,-35.740108],[149.818384,-35.740162],[149.818392,-35.740211],[149.818409,-35.740308],[149.818424,-35.740362],[149.818432,-35.740416],[149.818436,-35.740513],[149.818444,-35.740562],[149.81845,-35.740719],[149.818445,-35.740768],[149.818434,-35.740822],[149.818424,-35.740926],[149.818412,-35.74098],[149.818408,-35.741029],[149.818398,-35.741127],[149.818352,-35.741334],[149.818342,-35.741437],[149.818318,-35.741497],[149.818306,-35.741547],[149.81827,-35.741656],[149.818258,-35.741705],[149.818247,-35.741759],[149.818241,-35.74177],[149.818227,-35.741817],[149.818223,-35.741865],[149.818215,-35.741913],[149.818212,-35.741961],[149.818199,-35.742009],[149.818196,-35.742061],[149.818198,-35.742113],[149.818192,-35.742208],[149.818183,-35.742256],[149.818171,-35.742308],[149.818167,-35.742356],[149.818161,-35.742452],[149.818168,-35.7425],[149.818169,-35.742547],[149.818181,-35.742595],[149.818187,-35.742647],[149.818194,-35.742698],[149.818206,-35.742746],[149.818228,-35.742841],[149.818245,-35.742888],[149.818251,-35.742936],[149.818263,-35.742984],[149.818296,-35.743078],[149.818317,-35.74313],[149.818333,-35.743177],[149.818376,-35.743272],[149.818397,-35.743323],[149.818446,-35.743465],[149.818462,-35.743517],[149.818479,-35.743564],[149.8185,-35.743611],[149.818516,-35.743659],[149.818559,-35.743753],[149.818585,-35.743801],[149.818616,-35.743848],[149.81867,-35.743893],[149.818728,-35.743936],[149.818778,-35.74398],[149.818838,-35.744025],[149.818896,-35.744067],[149.818954,-35.744106],[149.819016,-35.744136],[149.819073,-35.744171],[149.819195,-35.744238],[149.819253,-35.744274],[149.819373,-35.744355],[149.81943,-35.744389],[149.819605,-35.744481],[149.819662,-35.744515],[149.819722,-35.744546],[149.819781,-35.744566],[149.819838,-35.744587],[149.819895,-35.74461],[149.820014,-35.744669],[149.820079,-35.744695],[149.820136,-35.744713],[149.820195,-35.744734],[149.820257,-35.74475],[149.820314,-35.744773],[149.820374,-35.744806],[149.820444,-35.744849],[149.820459,-35.744864],[149.820522,-35.74491],[149.820571,-35.744968],[149.820606,-35.745013],[149.820648,-35.745059],[149.820669,-35.745111],[149.820697,-35.745156],[149.820711,-35.745202],[149.820725,-35.7453],[149.820718,-35.745345],[149.820725,-35.745391],[149.820718,-35.745437],[149.820704,-35.745483],[149.82069,-35.745528],[149.820662,-35.745574],[149.820655,-35.74562],[149.820634,-35.745671],[149.820605,-35.745717],[149.820584,-35.745763],[149.82057,-35.745809],[149.820535,-35.74586],[149.820465,-35.745975],[149.820409,-35.746015],[149.82038,-35.74606],[149.820233,-35.746215],[149.820191,-35.746272],[149.820149,-35.746324],[149.82012,-35.746369],[149.820092,-35.746415],[149.820071,-35.746461],[149.820043,-35.746507],[149.820015,-35.746564],[149.819987,-35.746615],[149.819973,-35.746661],[149.819952,-35.746713],[149.819938,-35.746764],[149.819909,-35.74681],[149.819895,-35.746861],[149.819881,-35.746907],[149.819839,-35.746999],[149.819755,-35.747153],[149.81972,-35.747205],[149.819698,-35.747256],[149.819656,-35.747313],[149.819621,-35.747365],[149.819572,-35.747416],[149.819537,-35.747468],[149.819438,-35.747571],[149.819375,-35.747617],[149.819312,-35.747668],[149.819256,-35.74772],[149.819199,-35.747771],[149.819157,-35.747822],[149.819087,-35.747874],[149.819066,-35.74792],[149.819038,-35.747971],[149.81901,-35.748034],[149.818996,-35.74808],[149.818982,-35.748137],[149.818946,-35.748189],[149.818925,-35.74824],[149.818897,-35.748332],[149.81889,-35.748377],[149.818869,-35.748412],[149.818809,-35.748473],[149.818762,-35.748535],[149.818742,-35.748567],[149.818711,-35.748612],[149.81867,-35.748664],[149.818628,-35.748715],[149.818516,-35.748819],[149.818469,-35.748859],[149.818292,-35.748969],[149.818174,-35.749055],[149.818118,-35.749101],[149.818055,-35.749141],[149.817999,-35.749187],[149.817943,-35.749228],[149.817887,-35.749274],[149.817817,-35.74932],[149.817761,-35.749354],[149.817698,-35.7494],[149.817635,-35.749441],[149.817523,-35.74951],[149.817474,-35.749538],[149.817374,-35.749589],[149.817356,-35.749602],[149.817328,-35.749707],[149.817321,-35.749745],[149.817308,-35.749797],[149.817303,-35.749847],[149.817296,-35.749888],[149.817291,-35.74994],[149.817281,-35.749992],[149.817274,-35.750037],[149.817267,-35.750095],[149.817253,-35.750141],[149.817247,-35.750198],[149.817233,-35.750289],[149.817227,-35.750335],[149.817217,-35.750378],[149.817206,-35.750438],[149.817192,-35.75049],[149.817179,-35.750542],[149.817159,-35.750696],[149.817131,-35.750765],[149.817131,-35.750811],[149.817124,-35.750857],[149.817118,-35.75092],[149.817118,-35.751023],[149.817112,-35.751068],[149.817119,-35.751126],[149.817112,-35.751171],[149.817113,-35.751269],[149.81712,-35.751314],[149.817121,-35.751366],[149.817128,-35.751412],[149.817121,-35.751469],[149.817129,-35.751515],[149.817129,-35.751566],[149.817122,-35.751612],[149.817122,-35.751669],[149.817123,-35.751715],[149.81713,-35.751772],[149.817123,-35.751835],[149.817145,-35.751984],[149.817146,-35.75203],[149.81716,-35.752093],[149.817175,-35.75215],[149.817175,-35.752196],[149.817197,-35.752339],[149.817197,-35.752384],[149.817211,-35.752447],[149.817219,-35.752493],[149.817219,-35.752585],[149.817213,-35.752642],[149.817227,-35.752756],[149.817228,-35.752802],[149.817235,-35.752859],[149.817228,-35.752905],[149.817236,-35.752957],[149.817236,-35.753008],[149.817229,-35.75306],[149.817232,-35.753041],[149.824958,-35.763239],[149.826941,-35.778131],[149.837634,-35.786406],[149.859796,-35.795142],[149.855705,-35.809015],[149.965206,-36.007787],[149.966665,-36.010489],[149.967844,-36.010126],[149.967853,-36.010118],[149.967873,-36.010103],[149.967895,-36.01009],[149.967913,-36.010081],[149.967943,-36.010069],[149.967953,-36.010066],[149.967995,-36.010057],[149.968,-36.010055],[149.968014,-36.010052],[149.968018,-36.01005],[149.968176,-36.010014],[149.968402,-36.010039],[149.968895,-36.009967],[149.969381,-36.010003],[149.969888,-36.009967],[149.970548,-36.009648],[149.970847,-36.009529],[149.971067,-36.009482],[149.971576,-36.009271],[149.971933,-36.009169],[149.972494,-36.009173],[149.972758,-36.009136],[149.972923,-36.009165],[149.973381,-36.009337],[149.973921,-36.00957],[149.974234,-36.00991],[149.974512,-36.010106],[149.974664,-36.010163],[149.974948,-36.01039],[149.975929,-36.011246],[149.976041,-36.011291],[149.976476,-36.011641],[149.976944,-36.011814],[149.977016,-36.011812],[149.97743,-36.011946],[149.978043,-36.012287],[149.978688,-36.012301],[149.978931,-36.012372],[149.979069,-36.01247],[149.979138,-36.012518],[149.979357,-36.012905],[149.979468,-36.013246],[149.979624,-36.013547],[149.979932,-36.013887],[149.98018,-36.014275],[149.980512,-36.014521],[149.981313,-36.014857],[149.981575,-36.01491],[149.982091,-36.015144],[149.982255,-36.015258],[149.982543,-36.01546],[149.982653,-36.015487],[149.982751,-36.015544],[149.983236,-36.015652],[149.98396,-36.016041],[149.984306,-36.016204],[149.984671,-36.016541],[149.984868,-36.01668],[149.985095,-36.017132],[149.985244,-36.017313],[149.985369,-36.017413],[149.985426,-36.01743],[149.985733,-36.017518],[149.985873,-36.017607],[149.98616,-36.017726],[149.986264,-36.017735],[149.986343,-36.017768],[149.986433,-36.017765],[149.986964,-36.018002],[149.987347,-36.018265],[149.987849,-36.01855],[149.98819,-36.018695],[149.988422,-36.018771],[149.98861,-36.018797],[149.989041,-36.018967],[149.989434,-36.019044],[149.989672,-36.019011],[149.989836,-36.018935],[149.98997,-36.018807],[149.99022,-36.018757],[149.990534,-36.018957],[149.990701,-36.019286],[149.990883,-36.019802],[149.991031,-36.020015],[149.991306,-36.020209],[149.991548,-36.020286],[149.992134,-36.020255],[149.992485,-36.020147],[149.99262,-36.020062],[149.992979,-36.020021],[149.993601,-36.020176],[149.993886,-36.020212],[149.994146,-36.020303],[149.994336,-36.020492],[149.994383,-36.020582],[149.994401,-36.020738],[149.994355,-36.020847],[149.994391,-36.020816],[149.994364,-36.020864],[149.994312,-36.021229],[149.994319,-36.021429],[149.994395,-36.021607],[149.994543,-36.021768],[149.994727,-36.021916],[149.99528,-36.022233],[149.995454,-36.022372],[149.995675,-36.022612],[149.995987,-36.023054],[149.996323,-36.02335],[149.996583,-36.023484],[149.996909,-36.023491],[149.996955,-36.023475],[149.996919,-36.023506],[149.997021,-36.023448],[149.99711,-36.023416],[149.997293,-36.02327],[149.997561,-36.02292],[149.997809,-36.02274],[149.998197,-36.022772],[149.99836,-36.022923],[149.998409,-36.023112],[149.998354,-36.023268],[149.998358,-36.023378],[149.998399,-36.02353],[149.998455,-36.023625],[149.998775,-36.023898],[149.999018,-36.024205],[149.999049,-36.024372],[149.999016,-36.024496],[149.999031,-36.024903],[149.999063,-36.024964],[149.999169,-36.025045],[149.999219,-36.025061],[149.99924,-36.025064],[149.999258,-36.025073],[149.999306,-36.025086],[149.999651,-36.025062],[150.000835,-36.024655],[150.001222,-36.024777],[150.001253,-36.024804],[150.001269,-36.024819],[150.001278,-36.024826],[150.001356,-36.025153],[150.001434,-36.025249],[150.001777,-36.025527],[150.002004,-36.02562],[150.002295,-36.025687],[150.002683,-36.025716],[150.002799,-36.025782],[150.002953,-36.025892],[150.00318,-36.026237],[150.003163,-36.026471],[150.002744,-36.026867],[150.002631,-36.027038],[150.002618,-36.027096],[150.004167,-36.027329],[150.003422,-36.030681],[150.009541,-36.03157],[150.01502,-36.032365],[150.014268,-36.035793],[150.021633,-36.036852],[150.02196,-36.0369],[150.023026,-36.037994],[150.024511,-36.038499],[150.026142,-36.038698],[150.028125,-36.039209],[150.029338,-36.039609],[150.029724,-36.03939],[150.030846,-36.038177],[150.031093,-36.038212],[150.052638,-36.041306],[150.059283,-36.04226],[150.061208,-36.042536],[150.062569,-36.042737],[150.063944,-36.042939],[150.076752,-36.044878],[150.077283,-36.044959],[150.075487,-36.046427],[150.075881,-36.046741],[150.07589,-36.046735],[150.075975,-36.046672],[150.076066,-36.046609],[150.076157,-36.04654],[150.076249,-36.046494],[150.07634,-36.046459],[150.076432,-36.046436],[150.076601,-36.046424],[150.07677,-36.046476],[150.076855,-36.046521],[150.076961,-36.04667],[150.077011,-36.046807],[150.077018,-36.046876],[150.077061,-36.047013],[150.077068,-36.047173],[150.07709,-36.047322],[150.077098,-36.047551],[150.077127,-36.047757],[150.07717,-36.048197],[150.077171,-36.048266],[150.077206,-36.048334],[150.077221,-36.048409],[150.077256,-36.048477],[150.077313,-36.048552],[150.077383,-36.048626],[150.077468,-36.048694],[150.077553,-36.048786],[150.077729,-36.048865],[150.077814,-36.048894],[150.077997,-36.048933],[150.078378,-36.048938],[150.07847,-36.048949],[150.078758,-36.04896],[150.078949,-36.049],[150.079118,-36.049045],[150.079302,-36.049119],[150.079471,-36.049216],[150.079563,-36.04929],[150.079761,-36.04953],[150.079818,-36.049616],[150.07991,-36.049787],[150.079931,-36.049862],[150.079981,-36.050004],[150.079988,-36.050073],[150.079981,-36.050159],[150.080003,-36.050382],[150.080039,-36.050525],[150.080089,-36.050674],[150.080125,-36.050891],[150.080253,-36.051026],[150.080397,-36.051155],[150.080554,-36.051274],[150.080721,-36.051382],[150.080896,-36.051477],[150.081107,-36.051569],[150.081335,-36.051645],[150.081572,-36.051704],[150.081813,-36.051748],[150.082053,-36.051774],[150.082292,-36.051783],[150.082537,-36.051776],[150.082782,-36.051753],[150.083021,-36.051712],[150.083247,-36.051652],[150.083558,-36.051505],[150.08384,-36.051295],[150.084103,-36.051046],[150.084357,-36.050785],[150.084613,-36.050538],[150.084968,-36.050216],[150.085315,-36.049887],[150.085652,-36.049551],[150.085979,-36.049209],[150.086296,-36.048862],[150.086377,-36.048758],[150.08656,-36.048627],[150.086751,-36.048513],[150.086934,-36.048375],[150.087005,-36.048301],[150.087202,-36.04817],[150.087393,-36.048055],[150.087577,-36.047928],[150.087661,-36.047849],[150.087851,-36.047706],[150.088034,-36.047598],[150.088126,-36.047529],[150.088598,-36.047238],[150.088927,-36.047],[150.088949,-36.046949],[150.08899,-36.0469],[150.089071,-36.046828],[150.089205,-36.046718],[150.089435,-36.046555],[150.089508,-36.046494],[150.089691,-36.046363],[150.090107,-36.046022],[150.090212,-36.045955],[150.090267,-36.045924],[150.090324,-36.045899],[150.090384,-36.045882],[150.090437,-36.045879],[150.090493,-36.045884],[150.090519,-36.045888],[150.090615,-36.045848],[150.090812,-36.04574],[150.090941,-36.04568],[150.090969,-36.045652],[150.091012,-36.045613],[150.091059,-36.04558],[150.091119,-36.045552],[150.091184,-36.04553],[150.091318,-36.045491],[150.091381,-36.045465],[150.091463,-36.045416],[150.091526,-36.04537],[150.091593,-36.045315],[150.091663,-36.045263],[150.091737,-36.045216],[150.091808,-36.045183],[150.091881,-36.045153],[150.092031,-36.045096],[150.092105,-36.045066],[150.092184,-36.04503],[150.092342,-36.044956],[150.092496,-36.044878],[150.092554,-36.044856],[150.092672,-36.044817],[150.092794,-36.044786],[150.092874,-36.044771],[150.092955,-36.044759],[150.093037,-36.04475],[150.093201,-36.044739],[150.093277,-36.044739],[150.093386,-36.044745],[150.093639,-36.044706],[150.093983,-36.044629],[150.094053,-36.044608],[150.094199,-36.044581],[150.094348,-36.044561],[150.094422,-36.04455],[150.094655,-36.044506],[150.094909,-36.044452],[150.095028,-36.044431],[150.095307,-36.044389],[150.095511,-36.044365],[150.095774,-36.044288],[150.095899,-36.044225],[150.095963,-36.044196],[150.096075,-36.04415],[150.096389,-36.044025],[150.096485,-36.043985],[150.096563,-36.043947],[150.09664,-36.043908],[150.096677,-36.043887],[150.096727,-36.043855],[150.096786,-36.043827],[150.096851,-36.043806],[150.096901,-36.043794],[150.096874,-36.043655],[150.096782,-36.043512],[150.096543,-36.043277],[150.096473,-36.043197],[150.096388,-36.043128],[150.096191,-36.042899],[150.096114,-36.042825],[150.096051,-36.042745],[150.095973,-36.04267],[150.095846,-36.042521],[150.095734,-36.042315],[150.095678,-36.042241],[150.095326,-36.041863],[150.095272,-36.041811],[150.095248,-36.041789],[150.09515,-36.041714],[150.094967,-36.041611],[150.094784,-36.041485],[150.094692,-36.041399],[150.094629,-36.041325],[150.094537,-36.041245],[150.094355,-36.041021],[150.094165,-36.040729],[150.094101,-36.040655],[150.09401,-36.040506],[150.093764,-36.04018],[150.093595,-36.040008],[150.093236,-36.039739],[150.092616,-36.039344],[150.092081,-36.038966],[150.091898,-36.038851],[150.091807,-36.038805],[150.09161,-36.038685],[150.091525,-36.038628],[150.091441,-36.038553],[150.091314,-36.038404],[150.091223,-36.038238],[150.091145,-36.038072],[150.091061,-36.037792],[150.091026,-36.037718],[150.090984,-36.03758],[150.090935,-36.037363],[150.090949,-36.037145],[150.090935,-36.037008],[150.090929,-36.03671],[150.090915,-36.03663],[150.090851,-36.036487],[150.090816,-36.036413],[150.090739,-36.03627],[150.090507,-36.035903],[150.090423,-36.03568],[150.090409,-36.035611],[150.090359,-36.035463],[150.090254,-36.035239],[150.090163,-36.035096],[150.090099,-36.035022],[150.089916,-36.034856],[150.089747,-36.034736],[150.089325,-36.034483],[150.089259,-36.034401],[150.089438,-36.033326],[150.089474,-36.033356],[150.089552,-36.033431],[150.089636,-36.033482],[150.089897,-36.033557],[150.089988,-36.033568],[150.090242,-36.033574],[150.090261,-36.033569],[150.090344,-36.0335],[150.090512,-36.033351],[150.090623,-36.033251],[150.090772,-36.033183],[150.09089,-36.033167],[150.091007,-36.033144],[150.091065,-36.033131],[150.091097,-36.033121],[150.091163,-36.033098],[150.091195,-36.033089],[150.091228,-36.033084],[150.091265,-36.033084],[150.091303,-36.033089],[150.091341,-36.033097],[150.091415,-36.033118],[150.091446,-36.033132],[150.091506,-36.033167],[150.091536,-36.033183],[150.09156,-36.033191],[150.091687,-36.033089],[150.091961,-36.032894],[150.092038,-36.032826],[150.092172,-36.032761],[150.092262,-36.032726],[150.092281,-36.032687],[150.092297,-36.032658],[150.092314,-36.032631],[150.092336,-36.032607],[150.092361,-36.032588],[150.092391,-36.032571],[150.092454,-36.032542],[150.092659,-36.032406],[150.092675,-36.032379],[150.092708,-36.032315],[150.092729,-36.032286],[150.092856,-36.032182],[150.092884,-36.032155],[150.092906,-36.032126],[150.093044,-36.031893],[150.093062,-36.031867],[150.0931,-36.031818],[150.093142,-36.031772],[150.093166,-36.031751],[150.0932,-36.031726],[150.093238,-36.031705],[150.093279,-36.031685],[150.093438,-36.031615],[150.093478,-36.031599],[150.093517,-36.031586],[150.093558,-36.031578],[150.093614,-36.031576],[150.093672,-36.031583],[150.093732,-36.031596],[150.093955,-36.031657],[150.094021,-36.03168],[150.094074,-36.031703],[150.094121,-36.031731],[150.094157,-36.031761],[150.094189,-36.031795],[150.094219,-36.031831],[150.094242,-36.03187],[150.09426,-36.031909],[150.09427,-36.031956],[150.09427,-36.032007],[150.094263,-36.032059],[150.094254,-36.032112],[150.094305,-36.032179],[150.09434,-36.032275],[150.09435,-36.032381],[150.094328,-36.032461],[150.094314,-36.032535],[150.094265,-36.03277],[150.094272,-36.032919],[150.094292,-36.032993],[150.094335,-36.033079],[150.094399,-36.033153],[150.094545,-36.033302],[150.094603,-36.033382],[150.094616,-36.033451],[150.094608,-36.03352],[150.09456,-36.033588],[150.094461,-36.033634],[150.094305,-36.033678],[150.09429,-36.033692],[150.094211,-36.033753],[150.094188,-36.033778],[150.094176,-36.033798],[150.094156,-36.03384],[150.094101,-36.033975],[150.094092,-36.034006],[150.094088,-36.034036],[150.094116,-36.034092],[150.094184,-36.0343],[150.094187,-36.034305],[150.094355,-36.034429],[150.094531,-36.034504],[150.094791,-36.034561],[150.095136,-36.034722],[150.09522,-36.034739],[150.095397,-36.034808],[150.095489,-36.034853],[150.095656,-36.034979],[150.095749,-36.035071],[150.096023,-36.035369],[150.09629,-36.035684],[150.096367,-36.035758],[150.096509,-36.035918],[150.096685,-36.036084],[150.096776,-36.036159],[150.096924,-36.036313],[150.0971,-36.036468],[150.097269,-36.03656],[150.097361,-36.0366],[150.097744,-36.036844],[150.097818,-36.036892],[150.098079,-36.037121],[150.098149,-36.037195],[150.098233,-36.037275],[150.098314,-36.037332],[150.098383,-36.037352],[150.098517,-36.037381],[150.098601,-36.037395],[150.098687,-36.037406],[150.098773,-36.037413],[150.098858,-36.037412],[150.098939,-36.037402],[150.098989,-36.03739],[150.099039,-36.037374],[150.099088,-36.037356],[150.099135,-36.037334],[150.099179,-36.037311],[150.099251,-36.037287],[150.099323,-36.037255],[150.099383,-36.037219],[150.099403,-36.037184],[150.099423,-36.037116],[150.099458,-36.037041],[150.099551,-36.036687],[150.099664,-36.036475],[150.099791,-36.036332],[150.099815,-36.03629],[150.099857,-36.036189],[150.099874,-36.036144],[150.099897,-36.036017],[150.099925,-36.03564],[150.099953,-36.035485],[150.099975,-36.035108],[150.099975,-36.03497],[150.099997,-36.034684],[150.099989,-36.034467],[150.100005,-36.034255],[150.100053,-36.034043],[150.100124,-36.033832],[150.100294,-36.03354],[150.10035,-36.033397],[150.100385,-36.033248],[150.100379,-36.032973],[150.100357,-36.032893],[150.100343,-36.032813],[150.10028,-36.032601],[150.100267,-36.032521],[150.10026,-36.03242],[150.100249,-36.032311],[150.100335,-36.032318],[150.100349,-36.032263],[150.100367,-36.032208],[150.100388,-36.032154],[150.100419,-36.032088],[150.100456,-36.032023],[150.100498,-36.03196],[150.100544,-36.0319],[150.100594,-36.031842],[150.100656,-36.031782],[150.100725,-36.031726],[150.100798,-36.031672],[150.100873,-36.031621],[150.101028,-36.03152],[150.101108,-36.031471],[150.101191,-36.031423],[150.101276,-36.031379],[150.101362,-36.031338],[150.10145,-36.031301],[150.101541,-36.031269],[150.102189,-36.031055],[150.102816,-36.030854],[150.102905,-36.030807],[150.102997,-36.030763],[150.103092,-36.030722],[150.103188,-36.030685],[150.103286,-36.030651],[150.103398,-36.030618],[150.103512,-36.030591],[150.103628,-36.030568],[150.104016,-36.030495],[150.104495,-36.030408],[150.104577,-36.030394],[150.10466,-36.030382],[150.104794,-36.030367],[150.104996,-36.03035],[150.105125,-36.030333],[150.105167,-36.030331],[150.10543,-36.030331],[150.105659,-36.030334],[150.105731,-36.030333],[150.105803,-36.030329],[150.105862,-36.030323],[150.105982,-36.030306],[150.106099,-36.030282],[150.106178,-36.030288],[150.106259,-36.030296],[150.106337,-36.030302],[150.106505,-36.030309],[150.10659,-36.030315],[150.106674,-36.030323],[150.106827,-36.030341],[150.106967,-36.030361],[150.107035,-36.030374],[150.107102,-36.030391],[150.10716,-36.030409],[150.107217,-36.03043],[150.107384,-36.030498],[150.10751,-36.030548],[150.107591,-36.030584],[150.107668,-36.030622],[150.107705,-36.030643],[150.107741,-36.030665],[150.107773,-36.030689],[150.107813,-36.030727],[150.107846,-36.03077],[150.107907,-36.03086],[150.107939,-36.030904],[150.107976,-36.030948],[150.108093,-36.031076],[150.1082,-36.031208],[150.108234,-36.031253],[150.108266,-36.031299],[150.108295,-36.031346],[150.10831,-36.031374],[150.10835,-36.03146],[150.108416,-36.031583],[150.108435,-36.031613],[150.108458,-36.031642],[150.108485,-36.031669],[150.108516,-36.031694],[150.108615,-36.031766],[150.108808,-36.031912],[150.108929,-36.031999],[150.109012,-36.032055],[150.109073,-36.032087],[150.109192,-36.032154],[150.109391,-36.032273],[150.109431,-36.032298],[150.109469,-36.032325],[150.109502,-36.032355],[150.109529,-36.032386],[150.109552,-36.03242],[150.109572,-36.032455],[150.109606,-36.032521],[150.109627,-36.032568],[150.109655,-36.032653],[150.109672,-36.032694],[150.109696,-36.032732],[150.109726,-36.03276],[150.109834,-36.032834],[150.109865,-36.032862],[150.109885,-36.032889],[150.109902,-36.032917],[150.109933,-36.032975],[150.109946,-36.033005],[150.10996,-36.033042],[150.109988,-36.033157],[150.109999,-36.033196],[150.110053,-36.033326],[150.110063,-36.033359],[150.110071,-36.033407],[150.110074,-36.033456],[150.110074,-36.033505],[150.110067,-36.03371],[150.11006,-36.033744],[150.110038,-36.033816],[150.110035,-36.033847],[150.110044,-36.033871],[150.110065,-36.033883],[150.110095,-36.033891],[150.110127,-36.033896],[150.110158,-36.033904],[150.110181,-36.033916],[150.110193,-36.033941],[150.110193,-36.033974],[150.11019,-36.03401],[150.11019,-36.034044],[150.110201,-36.034071],[150.110234,-36.034093],[150.110283,-36.03411],[150.11034,-36.034119],[150.110398,-36.034123],[150.11045,-36.034119],[150.110493,-36.034108],[150.110536,-36.034089],[150.110578,-36.034066],[150.110617,-36.034039],[150.110653,-36.034012],[150.110701,-36.033971],[150.110724,-36.033949],[150.110743,-36.033926],[150.110761,-36.033902],[150.110778,-36.033865],[150.110787,-36.033825],[150.110802,-36.033699],[150.110828,-36.033537],[150.110852,-36.033412],[150.110873,-36.033328],[150.110887,-36.033287],[150.110921,-36.033207],[150.110942,-36.033168],[150.110964,-36.03313],[150.110989,-36.033093],[150.111018,-36.033057],[150.11105,-36.033023],[150.111118,-36.032956],[150.111151,-36.032921],[150.111213,-36.032841],[150.111235,-36.032815],[150.11126,-36.032791],[150.111291,-36.032765],[150.111324,-36.032742],[150.11136,-36.03272],[150.111398,-36.0327],[150.111436,-36.032683],[150.111467,-36.032673],[150.111531,-36.032659],[150.111561,-36.032651],[150.111585,-36.032637],[150.1116,-36.032617],[150.111626,-36.032539],[150.111641,-36.032519],[150.111672,-36.032505],[150.111712,-36.0325],[150.111805,-36.032499],[150.11185,-36.032496],[150.111969,-36.032479],[150.112148,-36.03245],[150.112412,-36.032384],[150.112832,-36.032333],[150.112917,-36.032315],[150.113004,-36.032301],[150.113094,-36.032291],[150.113236,-36.032286],[150.113282,-36.032282],[150.113416,-36.032265],[150.113449,-36.032262],[150.113521,-36.032259],[150.113594,-36.032259],[150.11363,-36.03226],[150.113691,-36.032265],[150.113781,-36.032276],[150.114013,-36.032312],[150.114207,-36.032335],[150.114333,-36.032359],[150.114461,-36.032381],[150.11457,-36.032397],[150.114757,-36.032422],[150.114951,-36.032445],[150.115009,-36.032455],[150.115182,-36.032494],[150.11524,-36.032505],[150.115546,-36.032549],[150.11558,-36.032557],[150.115612,-36.032567],[150.115651,-36.032585],[150.115687,-36.032609],[150.115756,-36.032662],[150.115792,-36.032687],[150.11595,-36.032783],[150.116059,-36.032843],[150.116154,-36.032889],[150.116299,-36.032955],[150.116613,-36.033092],[150.116691,-36.033128],[150.116982,-36.03328],[150.117103,-36.033328],[150.117186,-36.033358],[150.117306,-36.033393],[150.117539,-36.033457],[150.117609,-36.033482],[150.117672,-36.03351],[150.117828,-36.03359],[150.11796,-36.033666],[150.11802,-36.033702],[150.118136,-36.033778],[150.1183,-36.033892],[150.118448,-36.033998],[150.118546,-36.034074],[150.118644,-36.034153],[150.118738,-36.034236],[150.11896,-36.03441],[150.119447,-36.034887],[150.119768,-36.035213],[150.120233,-36.035875],[150.120389,-36.036125],[150.120455,-36.03623],[150.120674,-36.036649],[150.120796,-36.037065],[150.120913,-36.037608],[150.121048,-36.038215],[150.121054,-36.038298],[150.121088,-36.038724],[150.121054,-36.039105],[150.121046,-36.039327],[150.120857,-36.039688],[150.120649,-36.040017],[150.120486,-36.040203],[150.120387,-36.040419],[150.120318,-36.040628],[150.120292,-36.040678],[150.120268,-36.04072],[150.120253,-36.040738],[150.120236,-36.040754],[150.120208,-36.040769],[150.120174,-36.04078],[150.120099,-36.040793],[150.120024,-36.04081],[150.119947,-36.040825],[150.11991,-36.040834],[150.119877,-36.040848],[150.119845,-36.04087],[150.119765,-36.040953],[150.119734,-36.040975],[150.119708,-36.040987],[150.119681,-36.040998],[150.119595,-36.041023],[150.119542,-36.041033],[150.119377,-36.041049],[150.119323,-36.041059],[150.119261,-36.041075],[150.119201,-36.041094],[150.119172,-36.041106],[150.11915,-36.041118],[150.119089,-36.041158],[150.119067,-36.041169],[150.119027,-36.04118],[150.118984,-36.041186],[150.118896,-36.041193],[150.118853,-36.041201],[150.118815,-36.041213],[150.118704,-36.041259],[150.118667,-36.041271],[150.118598,-36.041286],[150.118493,-36.041304],[150.118363,-36.04133],[150.118331,-36.041338],[150.118297,-36.041348],[150.118231,-36.041372],[150.118197,-36.041382],[150.118163,-36.04139],[150.118118,-36.041394],[150.118072,-36.041394],[150.118025,-36.04139],[150.117979,-36.041385],[150.117887,-36.041372],[150.117841,-36.041362],[150.117705,-36.041327],[150.117597,-36.041304],[150.117562,-36.041294],[150.117529,-36.041281],[150.117492,-36.041262],[150.117458,-36.041241],[150.117445,-36.041228],[150.117435,-36.041206],[150.117431,-36.041151],[150.117427,-36.041127],[150.117415,-36.04111],[150.117394,-36.041103],[150.117368,-36.041099],[150.117339,-36.0411],[150.11731,-36.041103],[150.117283,-36.041107],[150.117252,-36.041118],[150.117223,-36.041134],[150.117166,-36.041172],[150.117136,-36.041188],[150.117096,-36.041202],[150.117053,-36.041214],[150.116769,-36.041277],[150.116685,-36.041293],[150.116549,-36.041316],[150.116441,-36.041341],[150.11641,-36.04135],[150.11638,-36.04136],[150.116354,-36.041374],[150.11633,-36.041394],[150.11631,-36.041419],[150.116293,-36.041446],[150.116263,-36.041502],[150.116249,-36.041536],[150.116219,-36.04164],[150.116205,-36.041673],[150.116175,-36.041727],[150.116111,-36.04183],[150.11608,-36.041875],[150.116069,-36.041899],[150.116064,-36.041922],[150.116067,-36.041947],[150.116076,-36.041973],[150.116091,-36.041999],[150.116108,-36.042024],[150.116129,-36.042044],[150.116155,-36.042064],[150.116186,-36.04208],[150.116221,-36.042093],[150.116293,-36.042114],[150.116342,-36.042125],[150.116394,-36.042132],[150.116446,-36.042136],[150.116499,-36.042137],[150.11655,-36.042134],[150.116592,-36.042125],[150.116676,-36.042095],[150.116714,-36.042085],[150.116747,-36.042087],[150.116769,-36.0421],[150.11682,-36.04216],[150.116842,-36.042174],[150.11688,-36.042179],[150.116927,-36.042172],[150.117029,-36.042143],[150.117079,-36.042133],[150.117135,-36.042127],[150.117304,-36.042119],[150.11751,-36.042107],[150.117609,-36.042099],[150.117657,-36.042091],[150.117756,-36.042068],[150.117804,-36.042061],[150.117851,-36.042063],[150.117912,-36.042082],[150.11797,-36.042119],[150.118025,-36.042167],[150.11823,-36.042355],[150.118292,-36.042418],[150.11832,-36.042451],[150.118373,-36.04252],[150.118421,-36.04259],[150.118439,-36.04262],[150.118505,-36.042741],[150.118549,-36.042812],[150.118597,-36.042882],[150.118666,-36.042974],[150.118735,-36.043059],[150.118766,-36.043091],[150.11883,-36.043154],[150.118859,-36.043186],[150.118883,-36.04322],[150.118898,-36.043248],[150.118912,-36.043277],[150.118923,-36.043306],[150.118932,-36.043336],[150.118937,-36.043366],[150.118938,-36.043398],[150.118934,-36.04343],[150.118878,-36.043691],[150.118864,-36.043769],[150.118839,-36.043935],[150.118838,-36.043964],[150.118839,-36.043993],[150.118842,-36.044023],[150.118848,-36.044052],[150.118856,-36.044081],[150.118869,-36.044114],[150.118886,-36.044146],[150.118907,-36.044178],[150.118991,-36.044304],[150.119153,-36.044532],[150.119199,-36.044588],[150.119262,-36.044657],[150.119304,-36.044706],[150.119455,-36.044896],[150.11954,-36.044995],[150.119587,-36.045055],[150.119595,-36.045069],[150.1196,-36.045084],[150.119601,-36.045105],[150.119594,-36.04513],[150.119585,-36.045152],[150.119547,-36.045224],[150.119531,-36.045249],[150.119414,-36.04542],[150.119355,-36.045519],[150.119337,-36.045542],[150.119281,-36.04561],[150.119247,-36.045653],[150.119216,-36.045694],[150.119188,-36.045737],[150.119158,-36.045791],[150.119133,-36.045848],[150.119123,-36.045876],[150.119091,-36.04592],[150.119063,-36.045966],[150.11904,-36.046014],[150.119021,-36.046063],[150.119007,-36.046112],[150.118999,-36.046153],[150.118996,-36.046195],[150.118997,-36.04628],[150.119001,-36.04635],[150.119029,-36.046574],[150.119034,-36.046601],[150.119041,-36.046628],[150.119059,-36.046681],[150.119066,-36.046708],[150.119068,-36.046735],[150.119067,-36.046756],[150.119064,-36.046777],[150.119033,-36.04691],[150.119024,-36.046931],[150.11901,-36.046948],[150.118987,-36.04696],[150.118958,-36.046967],[150.118752,-36.046986],[150.118717,-36.046987],[150.118682,-36.046986],[150.118641,-36.046982],[150.118599,-36.046976],[150.118557,-36.046967],[150.118518,-36.046955],[150.118481,-36.04694],[150.118443,-36.046916],[150.118408,-36.046887],[150.118376,-36.046854],[150.118318,-36.046785],[150.118289,-36.046748],[150.118211,-36.046632],[150.118184,-36.046595],[150.118113,-36.046503],[150.118087,-36.046473],[150.11806,-36.046445],[150.118028,-36.046417],[150.117993,-36.04639],[150.117885,-36.046313],[150.117791,-36.046243],[150.117759,-36.04622],[150.117726,-36.0462],[150.117667,-36.046169],[150.117576,-36.046128],[150.117544,-36.046115],[150.117415,-36.046069],[150.117305,-36.046021],[150.117276,-36.046011],[150.117208,-36.045993],[150.117173,-36.045986],[150.117138,-36.045981],[150.117103,-36.045979],[150.117061,-36.045981],[150.11702,-36.045987],[150.116935,-36.046004],[150.116893,-36.046011],[150.116712,-36.046024],[150.116521,-36.046034],[150.116423,-36.046042],[150.116357,-36.046043],[150.116304,-36.046039],[150.116252,-36.046029],[150.116036,-36.045977],[150.115826,-36.045924],[150.115743,-36.045905],[150.115627,-36.045886],[150.115496,-36.045875],[150.115446,-36.045873],[150.115402,-36.045878],[150.115372,-36.045892],[150.115357,-36.045907],[150.115345,-36.045926],[150.115336,-36.045946],[150.115331,-36.045967],[150.115329,-36.045987],[150.115331,-36.046005],[150.115337,-36.046025],[150.115346,-36.046044],[150.1154,-36.046117],[150.115438,-36.046153],[150.11548,-36.046189],[150.115563,-36.046265],[150.115609,-36.046305],[150.115658,-36.046344],[150.115758,-36.046418],[150.115798,-36.046444],[150.115922,-36.046521],[150.115962,-36.046548],[150.116036,-36.046606],[150.116287,-36.04682],[150.116381,-36.046896],[150.116431,-36.046933],[150.116637,-36.047078],[150.116788,-36.047186],[150.116869,-36.047247],[150.116954,-36.047316],[150.116995,-36.047351],[150.117035,-36.047388],[150.117074,-36.047431],[150.11718,-36.047569],[150.117219,-36.047611],[150.117265,-36.047652],[150.117313,-36.04769],[150.117364,-36.047728],[150.117467,-36.047799],[150.11757,-36.047868],[150.117622,-36.047901],[150.117676,-36.047933],[150.117732,-36.047962],[150.117805,-36.047998],[150.117843,-36.048015],[150.117882,-36.04803],[150.117922,-36.048042],[150.117979,-36.048053],[150.118039,-36.048058],[150.118086,-36.048059],[150.1181,-36.04806],[150.118222,-36.048055],[150.118291,-36.048047],[150.118359,-36.048034],[150.118495,-36.048004],[150.118564,-36.047995],[150.11871,-36.047985],[150.118784,-36.047984],[150.118856,-36.047987],[150.118926,-36.047997],[150.119004,-36.048019],[150.119079,-36.04805],[150.119225,-36.048126],[150.119299,-36.048163],[150.119582,-36.048292],[150.119769,-36.048381],[150.119827,-36.048405],[150.119892,-36.048424],[150.11996,-36.048437],[150.120029,-36.048443],[150.120094,-36.048441],[150.120148,-36.048428],[150.120201,-36.048405],[150.120252,-36.048379],[150.120305,-36.048357],[150.120359,-36.048345],[150.120437,-36.048349],[150.120519,-36.04837],[150.120602,-36.048402],[150.12066,-36.04843],[150.120683,-36.04844],[150.120758,-36.048479],[150.120834,-36.048523],[150.120904,-36.048573],[150.12104,-36.048683],[150.121242,-36.048835],[150.121288,-36.048866],[150.121337,-36.048894],[150.1214,-36.04892],[150.121467,-36.04894],[150.121536,-36.048958],[150.121603,-36.048978],[150.121666,-36.049004],[150.121723,-36.049035],[150.12178,-36.04907],[150.121834,-36.049107],[150.121879,-36.049148],[150.121911,-36.049193],[150.121928,-36.049242],[150.121934,-36.049296],[150.121931,-36.049352],[150.121922,-36.049409],[150.12191,-36.049463],[150.121894,-36.049512],[150.121872,-36.049561],[150.121845,-36.049609],[150.121815,-36.049655],[150.121784,-36.049701],[150.121747,-36.049749],[150.121705,-36.049796],[150.121661,-36.049841],[150.121569,-36.049929],[150.121534,-36.049961],[150.12145,-36.050032],[150.121426,-36.050053],[150.121392,-36.050085],[150.121363,-36.050121],[150.121311,-36.050196],[150.121283,-36.050232],[150.121251,-36.050264],[150.12121,-36.050299],[150.121188,-36.050315],[150.121165,-36.05033],[150.12114,-36.050342],[150.121095,-36.050353],[150.121044,-36.050355],[150.120991,-36.050355],[150.120943,-36.050359],[150.120905,-36.050373],[150.120878,-36.050397],[150.120854,-36.050428],[150.120834,-36.050462],[150.120825,-36.050493],[150.120828,-36.050517],[150.120849,-36.050532],[150.120883,-36.050542],[150.120927,-36.050549],[150.121016,-36.050558],[150.121088,-36.050563],[150.121162,-36.050561],[150.12131,-36.050552],[150.121385,-36.050552],[150.121462,-36.050559],[150.121616,-36.05058],[150.12196,-36.050635],[150.12215,-36.05067],[150.122243,-36.05069],[150.122384,-36.050723],[150.122454,-36.050742],[150.122523,-36.050762],[150.122611,-36.050794],[150.122659,-36.050814],[150.122727,-36.050845],[150.122793,-36.050879],[150.122856,-36.050916],[150.122917,-36.050954],[150.12298,-36.050999],[150.123041,-36.051048],[150.123098,-36.051099],[150.123152,-36.051152],[150.123201,-36.051208],[150.123305,-36.051338],[150.123377,-36.051424],[150.12341,-36.05146],[150.123479,-36.051531],[150.123511,-36.051568],[150.123539,-36.051606],[150.123564,-36.051651],[150.123583,-36.051699],[150.123619,-36.051795],[150.12364,-36.051842],[150.123685,-36.051926],[150.123709,-36.051968],[150.123737,-36.052007],[150.123768,-36.052044],[150.123799,-36.052071],[150.123834,-36.052097],[150.123907,-36.052145],[150.123941,-36.052171],[150.124016,-36.052239],[150.124087,-36.052311],[150.124155,-36.052385],[150.124223,-36.052462],[150.124254,-36.052502],[150.12428,-36.052539],[150.12431,-36.052588],[150.124334,-36.052635],[150.124356,-36.052682],[150.124375,-36.05273],[150.124392,-36.052779],[150.124405,-36.052831],[150.124417,-36.052938],[150.124425,-36.05299],[150.124442,-36.053041],[150.124454,-36.053063],[150.124494,-36.053129],[150.124505,-36.053152],[150.124518,-36.053187],[150.124527,-36.053223],[150.124541,-36.053295],[150.124559,-36.053363],[150.124603,-36.05349],[150.124654,-36.053617],[150.124665,-36.05365],[150.124694,-36.05376],[150.124717,-36.053831],[150.124742,-36.053903],[150.124816,-36.054107],[150.124831,-36.05416],[150.124846,-36.054239],[150.124854,-36.054265],[150.124862,-36.054283],[150.124901,-36.054355],[150.124913,-36.054387],[150.124946,-36.054521],[150.124996,-36.054664],[150.125007,-36.0547],[150.125015,-36.054736],[150.125034,-36.054844],[150.125043,-36.05488],[150.125056,-36.054917],[150.125105,-36.055029],[150.125138,-36.055116],[150.125169,-36.055215],[150.125219,-36.055404],[150.125248,-36.055491],[150.125264,-36.055534],[150.125291,-36.055598],[150.125334,-36.055694],[150.12536,-36.055757],[150.125381,-36.055798],[150.125406,-36.05583],[150.125501,-36.05592],[150.125527,-36.055952],[150.125544,-36.05598],[150.125559,-36.056009],[150.125617,-36.05614],[150.125652,-36.056226],[150.125683,-36.056313],[150.125725,-36.056446],[150.125737,-36.056478],[150.125758,-36.056525],[150.125835,-36.056661],[150.125855,-36.056708],[150.125865,-36.056739],[150.12589,-36.056835],[150.1259,-36.056866],[150.125915,-36.056906],[150.125986,-36.057061],[150.126018,-36.057143],[150.126063,-36.057268],[150.126083,-36.057299],[150.126099,-36.057333],[150.126114,-36.057366],[150.126125,-36.057401],[150.126133,-36.057436],[150.126135,-36.05747],[150.126127,-36.057539],[150.126124,-36.057573],[150.126126,-36.057607],[150.126135,-36.057661],[150.126141,-36.057675],[150.126149,-36.057683],[150.126162,-36.057684],[150.126178,-36.057681],[150.126196,-36.057674],[150.126226,-36.057657],[150.12624,-36.057644],[150.126252,-36.057627],[150.12626,-36.057608],[150.126267,-36.057588],[150.126272,-36.057569],[150.126273,-36.057543],[150.126267,-36.057515],[150.126249,-36.057459],[150.126243,-36.057431],[150.126241,-36.0574],[150.126242,-36.057305],[150.12624,-36.057274],[150.126235,-36.057243],[150.126214,-36.057152],[150.126212,-36.057122],[150.126212,-36.057085],[150.126217,-36.05705],[150.126223,-36.057033],[150.126235,-36.057019],[150.126283,-36.056981],[150.126294,-36.056966],[150.126299,-36.056948],[150.1263,-36.056929],[150.126299,-36.056909],[150.126295,-36.056889],[150.126288,-36.05687],[150.126265,-36.056839],[150.126225,-36.056812],[150.126126,-36.056763],[150.126082,-36.056735],[150.126015,-36.056679],[150.125973,-36.056634],[150.125948,-36.056601],[150.125926,-36.056567],[150.125849,-36.056425],[150.125842,-36.056402],[150.125841,-36.056379],[150.125849,-36.056361],[150.125861,-36.056344],[150.125891,-36.056309],[150.125904,-36.056292],[150.125914,-36.056272],[150.12595,-36.05619],[150.125995,-36.056112],[150.12602,-36.056074],[150.126075,-36.056001],[150.126129,-36.055938],[150.126216,-36.055846],[150.126249,-36.055816],[150.126321,-36.055756],[150.126354,-36.055726],[150.126382,-36.055693],[150.126404,-36.055661],[150.126425,-36.055628],[150.126443,-36.055593],[150.126456,-36.055558],[150.126464,-36.055523],[150.126464,-36.055495],[150.12645,-36.055437],[150.126447,-36.05541],[150.126452,-36.055386],[150.126467,-36.055368],[150.126488,-36.055352],[150.126536,-36.055322],[150.126557,-36.055306],[150.126596,-36.055265],[150.126614,-36.055244],[150.126645,-36.055198],[150.126659,-36.055173],[150.12667,-36.055146],[150.12668,-36.055118],[150.126687,-36.05509],[150.126692,-36.055062],[150.1267,-36.055065],[150.126747,-36.055043],[150.126793,-36.05502],[150.126837,-36.054993],[150.126879,-36.054964],[150.126984,-36.054888],[150.127003,-36.054871],[150.127016,-36.054852],[150.127025,-36.054832],[150.127029,-36.054809],[150.12703,-36.054739],[150.127034,-36.054669],[150.127032,-36.054646],[150.127025,-36.054625],[150.127006,-36.054601],[150.126979,-36.05458],[150.126879,-36.054523],[150.126767,-36.054448],[150.126728,-36.054425],[150.126687,-36.054405],[150.12664,-36.054385],[150.126591,-36.054369],[150.12654,-36.054354],[150.126489,-36.054342],[150.126404,-36.054324],[150.126303,-36.05431],[150.12627,-36.054304],[150.126193,-36.054286],[150.126155,-36.054275],[150.126119,-36.054262],[150.126085,-36.054246],[150.126062,-36.05423],[150.125999,-36.05417],[150.125977,-36.054153],[150.125941,-36.054135],[150.1259,-36.05412],[150.125867,-36.054123],[150.125833,-36.054123],[150.125799,-36.054119],[150.125765,-36.054112],[150.125736,-36.054101],[150.125702,-36.054082],[150.125672,-36.054054],[150.125646,-36.054022],[150.125625,-36.053988],[150.12561,-36.053954],[150.125606,-36.053922],[150.12561,-36.053888],[150.125618,-36.053853],[150.125621,-36.053819],[150.125616,-36.053787],[150.125596,-36.053757],[150.125566,-36.053729],[150.125494,-36.053676],[150.125462,-36.053647],[150.125416,-36.053596],[150.125374,-36.053543],[150.125355,-36.053516],[150.12532,-36.053456],[150.125277,-36.053362],[150.125243,-36.053282],[150.125233,-36.053262],[150.125212,-36.053234],[150.12516,-36.05318],[150.125138,-36.053152],[150.125126,-36.053123],[150.125124,-36.053103],[150.125125,-36.053081],[150.125128,-36.05306],[150.125139,-36.053017],[150.125151,-36.052982],[150.125166,-36.052946],[150.125186,-36.052911],[150.12521,-36.052881],[150.125238,-36.052861],[150.125268,-36.052853],[150.125342,-36.052852],[150.125372,-36.05285],[150.125389,-36.052841],[150.125383,-36.052829],[150.125359,-36.05281],[150.125291,-36.052763],[150.125194,-36.05269],[150.125171,-36.052672],[150.12515,-36.052651],[150.125144,-36.052631],[150.125158,-36.052613],[150.125187,-36.052596],[150.125225,-36.05258],[150.125267,-36.052568],[150.125306,-36.052559],[150.125345,-36.052554],[150.125386,-36.052555],[150.125428,-36.052559],[150.125511,-36.052571],[150.125572,-36.052586],[150.125631,-36.052606],[150.125806,-36.052677],[150.125915,-36.052712],[150.125949,-36.052725],[150.125981,-36.052742],[150.126016,-36.052768],[150.126046,-36.0528],[150.126073,-36.052834],[150.126125,-36.052905],[150.126166,-36.052964],[150.12627,-36.053152],[150.12631,-36.053212],[150.12638,-36.053308],[150.126407,-36.053339],[150.126435,-36.053367],[150.126477,-36.0534],[150.126523,-36.05343],[150.126572,-36.053457],[150.126787,-36.05357],[150.126845,-36.053599],[150.126905,-36.053625],[150.126967,-36.053645],[150.127045,-36.053662],[150.127127,-36.053671],[150.127294,-36.053679],[150.127377,-36.053686],[150.127562,-36.053705],[150.127623,-36.053713],[150.127684,-36.053723],[150.127755,-36.053737],[150.127827,-36.053754],[150.127898,-36.053772],[150.127968,-36.053792],[150.128149,-36.053852],[150.128205,-36.053872],[150.128255,-36.053897],[150.128293,-36.053927],[150.128315,-36.053961],[150.128328,-36.053999],[150.128347,-36.05408],[150.128361,-36.054119],[150.128387,-36.054158],[150.128409,-36.054187],[150.128423,-36.05421],[150.128432,-36.054234],[150.128434,-36.054262],[150.12843,-36.054291],[150.128422,-36.054321],[150.128398,-36.054377],[150.128371,-36.054415],[150.128334,-36.05445],[150.128293,-36.054483],[150.128257,-36.054518],[150.128233,-36.054555],[150.128222,-36.054603],[150.128222,-36.054653],[150.12823,-36.054706],[150.128244,-36.054757],[150.128261,-36.054806],[150.128281,-36.054851],[150.128306,-36.054894],[150.128335,-36.054936],[150.128368,-36.054977],[150.128403,-36.055015],[150.12845,-36.055055],[150.128502,-36.055091],[150.128615,-36.055159],[150.128668,-36.055195],[150.128703,-36.055223],[150.128914,-36.055397],[150.128987,-36.05546],[150.12905,-36.055521],[150.129156,-36.05564],[150.129182,-36.055672],[150.129231,-36.05574],[150.129258,-36.05577],[150.129291,-36.055794],[150.129335,-36.055813],[150.129386,-36.055823],[150.129441,-36.05583],[150.129551,-36.055839],[150.129568,-36.055839],[150.129615,-36.055841],[150.129746,-36.055835],[150.129807,-36.055838],[150.129859,-36.055854],[150.129892,-36.055873],[150.129924,-36.055898],[150.129952,-36.055925],[150.129976,-36.055955],[150.129994,-36.055986],[150.130009,-36.056044],[150.130007,-36.056114],[150.129988,-36.056187],[150.129957,-36.056252],[150.129914,-36.056301],[150.129831,-36.056419],[150.129754,-36.056525],[150.129672,-36.056633],[150.129558,-36.056779],[150.129406,-36.056969],[150.129297,-36.057098],[150.129276,-36.057119],[150.129252,-36.057136],[150.12921,-36.057154],[150.129159,-36.057164],[150.129105,-36.057169],[150.129049,-36.05717],[150.128996,-36.057169],[150.128936,-36.057164],[150.128875,-36.057151],[150.128755,-36.057118],[150.128695,-36.057103],[150.128531,-36.057066],[150.12849,-36.057059],[150.128444,-36.057054],[150.128305,-36.057048],[150.128259,-36.057043],[150.128205,-36.057031],[150.128145,-36.057009],[150.128048,-36.056977],[150.127995,-36.056968],[150.12794,-36.056964],[150.127884,-36.056963],[150.127827,-36.056967],[150.127774,-36.056976],[150.127726,-36.056991],[150.127684,-36.057017],[150.127649,-36.05705],[150.127588,-36.057131],[150.12755,-36.057174],[150.127487,-36.057237],[150.127448,-36.05728],[150.127412,-36.057329],[150.127379,-36.057379],[150.12735,-36.057432],[150.127325,-36.057485],[150.127304,-36.057539],[150.127307,-36.057607],[150.127307,-36.057675],[150.127302,-36.057744],[150.127293,-36.057812],[150.127281,-36.057879],[150.127255,-36.057978],[150.127239,-36.058027],[150.12722,-36.058076],[150.127199,-36.058123],[150.127161,-36.058195],[150.127095,-36.058298],[150.127064,-36.058342],[150.12696,-36.058468],[150.12693,-36.058511],[150.12689,-36.05858],[150.126857,-36.058652],[150.126708,-36.059031],[150.126664,-36.059136],[150.126631,-36.059203],[150.126558,-36.059336],[150.126482,-36.059467],[150.126344,-36.059684],[150.126314,-36.059739],[150.126255,-36.059858],[150.126229,-36.059919],[150.126207,-36.05998],[150.126193,-36.060042],[150.126188,-36.060091],[150.126187,-36.06014],[150.126192,-36.060239],[150.126197,-36.060289],[150.126209,-36.06036],[150.126269,-36.060574],[150.126281,-36.060646],[150.126285,-36.060703],[150.126288,-36.060761],[150.126288,-36.060819],[150.126282,-36.060876],[150.12627,-36.060932],[150.126251,-36.060984],[150.126227,-36.061037],[150.126197,-36.061088],[150.126164,-36.061137],[150.126091,-36.06123],[150.126052,-36.061275],[150.12601,-36.061317],[150.125964,-36.061356],[150.125913,-36.061386],[150.125871,-36.061406],[150.125824,-36.061424],[150.125776,-36.061438],[150.125728,-36.061447],[150.12568,-36.06145],[150.125637,-36.061445],[150.125593,-36.061434],[150.125549,-36.061419],[150.125464,-36.061386],[150.12543,-36.061371],[150.125364,-36.061337],[150.125331,-36.061322],[150.125296,-36.061313],[150.125252,-36.061308],[150.125205,-36.06131],[150.125157,-36.061316],[150.125109,-36.061325],[150.125064,-36.061337],[150.125014,-36.061354],[150.124965,-36.061376],[150.124919,-36.061403],[150.124829,-36.061459],[150.124771,-36.061499],[150.124716,-36.061541],[150.124664,-36.061587],[150.124614,-36.061634],[150.124569,-36.061683],[150.124511,-36.061771],[150.124474,-36.06183],[150.124398,-36.061977],[150.124375,-36.062011],[150.124339,-36.062055],[150.124298,-36.062096],[150.124209,-36.062176],[150.124122,-36.06226],[150.124073,-36.062302],[150.124026,-36.062345],[150.123988,-36.062389],[150.123967,-36.062436],[150.123962,-36.062471],[150.123963,-36.062506],[150.123968,-36.062542],[150.123986,-36.062613],[150.123999,-36.062654],[150.124015,-36.062695],[150.124035,-36.062735],[150.124078,-36.062813],[150.124104,-36.062848],[150.124163,-36.062915],[150.124189,-36.062949],[150.124206,-36.062985],[150.124212,-36.063009],[150.124215,-36.063034],[150.124218,-36.063108],[150.124235,-36.063211],[150.124238,-36.063245],[150.124238,-36.063278],[150.124231,-36.063335],[150.124224,-36.063364],[150.124214,-36.06339],[150.124199,-36.063413],[150.124182,-36.063428],[150.124162,-36.063442],[150.124096,-36.063479],[150.124032,-36.063525],[150.123993,-36.063558],[150.123971,-36.063581],[150.123933,-36.063633],[150.123912,-36.063657],[150.123888,-36.063677],[150.123737,-36.063769],[150.123591,-36.063833],[150.12354,-36.063857],[150.123288,-36.063985],[150.123248,-36.064008],[150.123192,-36.064045],[150.123165,-36.064064],[150.123141,-36.064085],[150.123119,-36.064107],[150.123097,-36.064139],[150.123079,-36.064175],[150.123066,-36.064213],[150.123033,-36.064336],[150.123021,-36.064384],[150.123014,-36.064433],[150.123013,-36.06448],[150.12302,-36.064526],[150.123033,-36.064564],[150.12305,-36.064603],[150.123072,-36.064641],[150.123099,-36.064673],[150.123131,-36.064698],[150.12317,-36.064714],[150.123215,-36.064723],[150.123265,-36.064727],[150.123426,-36.064734],[150.123489,-36.064735],[150.123552,-36.064733],[150.123614,-36.064727],[150.123675,-36.064718],[150.123721,-36.064707],[150.123856,-36.06466],[150.123903,-36.064649],[150.123968,-36.064642],[150.124035,-36.064641],[150.124238,-36.06465],[150.124547,-36.064658],[150.124815,-36.064652],[150.124941,-36.064654],[150.125058,-36.06466],[150.125117,-36.064665],[150.125174,-36.064673],[150.125228,-36.064683],[150.125282,-36.064695],[150.125388,-36.064724],[150.125502,-36.064761],[150.125563,-36.064782],[150.125624,-36.064806],[150.125682,-36.064833],[150.125737,-36.064863],[150.125824,-36.064918],[150.125865,-36.064948],[150.125899,-36.064981],[150.125923,-36.065017],[150.125935,-36.065065],[150.12593,-36.065118],[150.125914,-36.065175],[150.125896,-36.065232],[150.12588,-36.065287],[150.125868,-36.06534],[150.125839,-36.065445],[150.125799,-36.065573],[150.125794,-36.065597],[150.125793,-36.065622],[150.125795,-36.065646],[150.125799,-36.06567],[150.125808,-36.065696],[150.12582,-36.065723],[150.125836,-36.065749],[150.125856,-36.065771],[150.125879,-36.065787],[150.125908,-36.065796],[150.125942,-36.065798],[150.126018,-36.065793],[150.126054,-36.065792],[150.126209,-36.065795],[150.126279,-36.065798],[150.126406,-36.065807],[150.126517,-36.065818],[150.126554,-36.06582],[150.12659,-36.065818],[150.126625,-36.065814],[150.12666,-36.065808],[150.126695,-36.065801],[150.126726,-36.065789],[150.126751,-36.065774],[150.126768,-36.06575],[150.126776,-36.065718],[150.126782,-36.065645],[150.12679,-36.065612],[150.126801,-36.06559],[150.126825,-36.065546],[150.126838,-36.065525],[150.12688,-36.065469],[150.126895,-36.065451],[150.126912,-36.065436],[150.126931,-36.065425],[150.126955,-36.065418],[150.126982,-36.065417],[150.127039,-36.065418],[150.127066,-36.065415],[150.127095,-36.065405],[150.127122,-36.065392],[150.127175,-36.065363],[150.127202,-36.06535],[150.127268,-36.065321],[150.127313,-36.065305],[150.127365,-36.065295],[150.12742,-36.065292],[150.127477,-36.065293],[150.127534,-36.065298],[150.12759,-36.065305],[150.127644,-36.065314],[150.127699,-36.065326],[150.127752,-36.065342],[150.127804,-36.06536],[150.127934,-36.06541],[150.127973,-36.065428],[150.128007,-36.065448],[150.128036,-36.065472],[150.12805,-36.065488],[150.128061,-36.065506],[150.128126,-36.065626],[150.128139,-36.065647],[150.128155,-36.065665],[150.128173,-36.06568],[150.128193,-36.065695],[150.128215,-36.065708],[150.128262,-36.065729],[150.128295,-36.065738],[150.128316,-36.065741],[150.128332,-36.065743],[150.128408,-36.065748],[150.128445,-36.065754],[150.128537,-36.065773],[150.128582,-36.065785],[150.128624,-36.0658],[150.128661,-36.06582],[150.128688,-36.065844],[150.12871,-36.065874],[150.128749,-36.065937],[150.128772,-36.065966],[150.128818,-36.066008],[150.128869,-36.066047],[150.128923,-36.066085],[150.129034,-36.066155],[150.129096,-36.066191],[150.129292,-36.06629],[150.129355,-36.066326],[150.129388,-36.066348],[150.129485,-36.066417],[150.129518,-36.066439],[150.129608,-36.066491],[150.129703,-36.066538],[150.129751,-36.066559],[150.129827,-36.066561],[150.130214,-36.066786],[150.13059,-36.066888],[150.13116,-36.066889],[150.131276,-36.066861],[150.131469,-36.066773],[150.132038,-36.066367],[150.132192,-36.066309],[150.132403,-36.066294],[150.132463,-36.066248],[150.132519,-36.066198],[150.132546,-36.066172],[150.132568,-36.066146],[150.132607,-36.066092],[150.132628,-36.066066],[150.132653,-36.066044],[150.132683,-36.066025],[150.132716,-36.066008],[150.132752,-36.065993],[150.132788,-36.065981],[150.132825,-36.06597],[150.132871,-36.065961],[150.132919,-36.065957],[150.133142,-36.065949],[150.133274,-36.065945],[150.133325,-36.065941],[150.133415,-36.065929],[150.13346,-36.065921],[150.133516,-36.065908],[150.133546,-36.065898],[150.133577,-36.065885],[150.133664,-36.065836],[150.133695,-36.065825],[150.133751,-36.065814],[150.133779,-36.06581],[150.133807,-36.065809],[150.133836,-36.06581],[150.133861,-36.065814],[150.133878,-36.065817],[150.13392,-36.065829],[150.133962,-36.065846],[150.134001,-36.065865],[150.134038,-36.065886],[150.134064,-36.065905],[150.134133,-36.065971],[150.134159,-36.06599],[150.13422,-36.06603],[150.134252,-36.066048],[150.134285,-36.066061],[150.134318,-36.066066],[150.134347,-36.066063],[150.134379,-36.066056],[150.13441,-36.066045],[150.134437,-36.066031],[150.134459,-36.066015]],[[150.587021,-35.188398],[150.593331,-35.191714],[150.59014794717723,-35.19004125781929],[150.58460762770352,-35.19308717455091],[150.58309777395522,-35.18967284226837],[150.57317850593626,-35.1928960830395],[150.587021,-35.188398]],[[150.15893775551913,-36.07799691819152],[150.15672132722233,-36.076712996917095],[150.156232327847,-36.0759437943698],[150.15949180298935,-36.07633154428417],[150.1592020330646,-36.07762734112604],[150.15893775551913,-36.07799691819152]],[[150.16025571102506,-36.07808833889474],[150.16424607357146,-36.07798910043832],[150.16363936129918,-36.0799380812313],[150.16353076125628,-36.08005193167468],[150.16113482408085,-36.07881849960599],[150.16025571102506,-36.07808833889474]],[[150.16800313517228,-36.07934390172925],[150.1690306591932,-36.07974868391915],[150.16804972458522,-36.08216864905625],[150.16550524469352,-36.08089709196627],[150.16500292860906,-36.080551473434596],[150.16800313517228,-36.07934390172925]],[[150.1704885879069,-36.08327753086044],[150.17115219434854,-36.08058444019213],[150.17381166579202,-36.08163211076035],[150.17248077574655,-36.08425970048318],[150.1704885879069,-36.08327753086044]],[[150.18133372823416,-36.088924534261054],[150.18508745330595,-36.09075327211601],[150.1827533890854,-36.09153799204125],[150.18051581534445,-36.09061072267154],[150.18133372823416,-36.088924534261054]],[[150.17912387544806,-36.087847939314315],[150.1784132947397,-36.08921467759585],[150.1758395268384,-36.088684854357965],[150.17691974016276,-36.086774129816654],[150.17912387544806,-36.087847939314315]],[[150.14374405334627,-36.06929972033722],[150.14369109859962,-36.06924285023499],[150.14395315345035,-36.06866533046851],[150.14647440194466,-36.06922280246869],[150.14647390448968,-36.0692249464789],[150.14593747320774,-36.0703200395366],[150.14374405334627,-36.06929972033722]],[[150.15001825872406,-36.07344540659514],[150.14979216062684,-36.07412120990439],[150.1509924238868,-36.07479136646111],[150.15182683717606,-36.07639991817205],[150.15135807172607,-36.076297876620686],[150.1489799408219,-36.075262481224435],[150.14926464947078,-36.07475604655846],[150.14797008172997,-36.07372672058075],[150.14739210260606,-36.072420100432225],[150.14774563100656,-36.0724683933384],[150.15001825872406,-36.07344540659514]]],[[[150.856553,-34.621279],[150.8570035046815,-34.621965621951674],[150.85854391173726,-34.62431338290164],[150.8587630408904,-34.62405147238475],[150.85902000205542,-34.619653562853266],[150.8576769173592,-34.61947512309035],[150.85637177494908,-34.620258074812824],[150.85640946833868,-34.62047041924664],[150.856553,-34.621279]]],[[[150.8882177086681,-34.601297116856756],[150.88863311658088,-34.600909350691076],[150.89273872587916,-34.601835550313375],[150.893853978951,-34.60101042071105],[150.89399519998153,-34.600753053536295],[150.893953786239,-34.600670442996204],[150.8925938644067,-34.600175352316604],[150.887547,-34.598338],[150.88743071320872,-34.6026711611967],[150.8877537425523,-34.601947321707314],[150.8882177086681,-34.601297116856756]]],[[[150.96117148832778,-34.54248404556447],[150.9533324190113,-34.533761287657484],[150.94714474822894,-34.52912653540483],[150.94476095776048,-34.53185570460603],[150.94476095776045,-34.53185570460602],[150.94147174373066,-34.53562148089599],[150.94147174373063,-34.53562148089598],[150.938207840015,-34.53935827975241],[150.93823998927175,-34.53943744519826],[150.935568551161,-34.54282772599984],[150.93566202353244,-34.543824460689855],[150.93384556402827,-34.544352590044156],[150.93160410164117,-34.54691880976587],[150.93160410164114,-34.54691880976586],[150.92831488761135,-34.55068458605583],[150.92831488761132,-34.55068458605582],[150.92502567358153,-34.55445036234579],[150.9250256735815,-34.55445036234578],[150.9217364595517,-34.55821613863575],[150.92173645955168,-34.55821613863574],[150.9184472455219,-34.56198191492571],[150.91844724552186,-34.5619819149257],[150.91515803149207,-34.56574769121567],[150.91515803149204,-34.56574769121566],[150.91186881746225,-34.56951346750563],[150.91186881746222,-34.56951346750562],[150.90857960343243,-34.57327924379558],[150.9085796034324,-34.57327924379558],[150.9052903894026,-34.57704502008554],[150.90529038940258,-34.577045020085535],[150.9020011753728,-34.5808107963755],[150.90200117537276,-34.580810796375495],[150.89871196134297,-34.58457657266546],[150.89871196134294,-34.584576572665455],[150.89542274731315,-34.58834234895542],[150.89542274731312,-34.588342348955415],[150.89213353328333,-34.59210812524538],[150.8921335332833,-34.592108125245375],[150.8907095922705,-34.59373837589362],[150.89368365988454,-34.59448557539695],[150.89370087620472,-34.5944881291423],[150.89370890136246,-34.593484129125855],[150.89973480147452,-34.592108708917586],[150.90312233657505,-34.593193328814216],[150.90557415739096,-34.59131492900186],[150.90589824696136,-34.59085342759744],[150.9094833461516,-34.588087354933066],[150.9098162062366,-34.587636828296],[150.91339322120578,-34.58486096708709],[150.91373336245164,-34.584419527562346],[150.91730361511188,-34.581635476049854],[150.91764989827104,-34.58120168494468],[150.92121441080144,-34.578410679474565],[150.92156594486505,-34.57798341501348],[150.92512552396136,-34.575186431630314],[150.92548159886056,-34.57476480216748],[150.9290368923267,-34.57196262489542],[150.92939693301,-34.57154590995219],[150.93294846891592,-34.5687391780648],[150.93331200313582,-34.56832678712572],[150.93554377074176,-34.566558867059506],[150.9355669970892,-34.564226676474085],[150.93544137701323,-34.563547949462],[150.9355439738019,-34.55752891817829],[150.93534623075027,-34.55682610661367],[150.93555459329218,-34.550800965841525],[150.9350036856624,-34.5498881734766],[150.93588719043643,-34.54402113252658],[150.93683020942146,-34.54423348974916],[150.9408767131296,-34.54174048936187],[150.94434598612668,-34.542910782732335],[150.9490563257267,-34.542246227453084],[150.9520841885488,-34.542684248456915],[150.95672178877373,-34.54230288206636],[150.95969564274824,-34.542571469385585],[150.96117148832778,-34.54248404556447]]],[[[150.97771938532287,-34.573424299144015],[150.9781532277101,-34.573460851692886],[150.97426560713836,-34.56248616744379],[150.97089468903107,-34.56443642430379],[150.97089468903107,-34.564436424303786],[150.966566818873,-34.566940329233056],[150.966566818873,-34.56694032923305],[150.96336530681157,-34.56879257561266],[150.96440878934666,-34.571933576890544],[150.9691406174253,-34.571389006903345],[150.9712536985628,-34.572508763923494],[150.97567134852056,-34.572692633163086],[150.97771938532287,-34.573424299144015]]],[[[150.21157260397956,-36.116753019010936],[150.2131394889825,-36.117780484586824],[150.2149771009478,-36.115360848829425],[150.21311351234917,-36.11440313374764],[150.21311061243637,-36.11403903136453],[150.21250320530186,-36.113659786054086],[150.20883319444263,-36.111812470442686],[150.20884839596476,-36.11145103138673],[150.20798399579505,-36.11090960181491],[150.20454999999714,-36.10922619385959],[150.2045845778992,-36.108863171969794],[150.20348614079947,-36.108172340237225],[150.20026264426832,-36.106646263233614],[150.20031891849777,-36.10627584796829],[150.199009491209,-36.10544787557365],[150.19596894361615,-36.10407600861574],[150.1960509933829,-36.103689759083274],[150.19455390077468,-36.10273605649515],[150.19166486267784,-36.101521583934215],[150.1917799729223,-36.10110627412079],[150.19011922782974,-36.10003667403955],[150.18734202347812,-36.09899576560133],[150.1875039859322,-36.098528481564706],[150.1857053403569,-36.097349368077275],[150.18297971384527,-36.096530139678954],[150.1832177356968,-36.09596512570476],[150.18131213539797,-36.094673269933466],[150.1785089693524,-36.09422987691807],[150.17889803988643,-36.09345448129847],[150.17693966190126,-36.09200474212103],[150.17508331784597,-36.0924239387028],[150.17406775922024,-36.09178447518706],[150.1740520721727,-36.09179294999127],[150.17393540657028,-36.09170993575488],[150.17259405652666,-36.089228179677114],[150.17231620810077,-36.090591729982094],[150.17207145870097,-36.09045749288519],[150.16986826319317,-36.089079711124086],[150.16981838906665,-36.08911353670958],[150.1681348140746,-36.08787510483524],[150.1678410896165,-36.08772357804264],[150.16566408878543,-36.08637821502678],[150.16556220436945,-36.08646508248777],[150.1637826495153,-36.085066628938414],[150.16361104960131,-36.08498929539874],[150.16145077757693,-36.08368766498619],[150.1612134817091,-36.08394394763133],[150.1594688769505,-36.0822751897549],[150.1593826110734,-36.08225322283917],[150.15720122912535,-36.08105474977071],[150.15673454876372,-36.08170294301084],[150.15666158788528,-36.0819563930931],[150.1587102966235,-36.08300463329054],[150.16090437038542,-36.0843692418133],[150.16073761068333,-36.08485860643846],[150.16283167814882,-36.08586035785883],[150.16503030150315,-36.08719690683984],[150.16479537499612,-36.08778866397386],[150.166952687772,-36.08871649807504],[150.16916380474285,-36.09001415368017],[150.1688160649748,-36.09077525986875],[150.17107292602697,-36.0915735004014],[150.1733129289047,-36.09280990830502],[150.17274148323185,-36.093907145139084],[150.17519110226112,-36.09443280733242],[150.17750338984672,-36.095548789271085],[150.1766383499571,-36.09701702498207],[150.17734590069477,-36.097534081290604],[150.17929941529152,-36.09730313784172],[150.1818859912862,-36.09802331164267],[150.1806234157578,-36.099929188453075],[150.18243911019212,-36.10125604207874],[150.18267082448133,-36.101440948635975],[150.18340521004066,-36.1019776150059],[150.18354078445924,-36.10002475847104],[150.18416881695245,-36.09878332259692],[150.18647775124947,-36.100297377873915],[150.18459782435508,-36.102833563967714],[150.18647606582746,-36.10420612504429],[150.18670778006893,-36.1043910315634],[150.18860357806926,-36.10577642240891],[150.1886172234399,-36.10577081714636],[150.19051302146278,-36.10715620800985],[150.1907447356565,-36.10734111449083],[150.19264053368212,-36.10872650535482],[150.19265417904995,-36.10872090009343],[150.19454997709795,-36.11010629097526],[150.19478169124423,-36.1102911974184],[150.19667748929496,-36.111676588300725],[150.19669113466,-36.111670983040504],[150.19858693273346,-36.11305637394096],[150.19881864683163,-36.11324128034569],[150.20071444490785,-36.11462667124663],[150.20072809027002,-36.11462106598758],[150.20262388836878,-36.116006456906504],[150.2028556024192,-36.11619136327312],[150.2047514005207,-36.11757675419254],[150.20476504588007,-36.117571148934644],[150.20666084400406,-36.118956539872016],[150.20689255800684,-36.11914144620058],[150.20878835613357,-36.12052683713845],[150.2088020014901,-36.12052123188172],[150.21025281904429,-36.12158144471024],[150.21174069334788,-36.11962231844447],[150.21043563584263,-36.11848689541944],[150.2101063257047,-36.118726663226674],[150.20818187363363,-36.117256564330226],[150.20634792203492,-36.115602510863766],[150.20598216304333,-36.115896565047635],[150.20406039275963,-36.114400950884125],[150.2022696463538,-36.11270373316508],[150.20185191894768,-36.113074834076386],[150.19993919992342,-36.11154501550559],[150.19820773355028,-36.109780002078104],[150.19770985200955,-36.110269369691885],[150.19581856457185,-36.10868845704798],[150.19417807574516,-36.10680708211851],[150.19353967485821,-36.10750258105045],[150.191699244493,-36.105830428571],[150.19022699711243,-36.10371432892106],[150.18926977948612,-36.10487299080862],[150.18758450870965,-36.102967276459495],[150.18665990090605,-36.10041682027164],[150.19066649479586,-36.103044094953944],[150.1906664947959,-36.10304409495392],[150.19484771663258,-36.10578587976535],[150.19484771663264,-36.10578587976532],[150.19902893846933,-36.10852766457675],[150.19902893846935,-36.108527664576734],[150.20321016030604,-36.11126944938815],[150.2032101603061,-36.11126944938813],[150.2073913821428,-36.11401123419955],[150.20739138214282,-36.11401123419954],[150.2115726039795,-36.11675301901096],[150.21157260397956,-36.116753019010936]]],[[[150.200977371786,-36.129909094752136],[150.2015144515846,-36.13042282325514],[150.20610852044175,-36.126251194908164],[150.20519401731775,-36.12550078351441],[150.20518655547204,-36.12548241374795],[150.20292557434658,-36.123575137090995],[150.2013509370189,-36.1222849899801],[150.20134366077562,-36.12226532998504],[150.19910879528024,-36.120378974169675],[150.19750765425397,-36.11906940811487],[150.19750069276074,-36.11904834709746],[150.19529201783217,-36.11718280945956],[150.1936641160427,-36.11585409330719],[150.19365763040832,-36.11583149400468],[150.19147524246293,-36.113986642445404],[150.18982024915346,-36.11263912211737],[150.18981444381578,-36.112614811848445],[150.18765846982913,-36.11079047239564],[150.18597594940505,-36.10942460346218],[150.18597108894969,-36.10939836121255],[150.18384170089465,-36.10759429823074],[150.1821310633847,-36.10621069772761],[150.18212749818042,-36.106182235146036],[150.1800249371416,-36.10439811829489],[150.17828535547153,-36.10299765124463],[150.17828356203134,-36.10296658427347],[150.17620818096805,-36.10120192990801],[150.1744384442532,-36.09978586276247],[150.1744390908889,-36.09975166947676],[150.17239143652552,-36.098005728429804],[150.1705896691297,-36.09657602290849],[150.17059372525293,-36.096537985378156],[150.16857471168194,-36.09480950506771],[150.16673777764495,-36.09336944106851],[150.16674669055286,-36.09332659767895],[150.16475802337456,-36.09161324089048],[150.16288007133974,-36.09016893835903],[150.16289595504037,-36.09012030178222],[150.16094141597827,-36.08841688630367],[150.15900947220638,-36.086981914515356],[150.1590339375405,-36.086929528330195],[150.15712505466175,-36.085220256706684],[150.15510069686889,-36.08383674805441],[150.15508477487677,-36.08385144787683],[150.15331051203236,-36.08202159447892],[150.1509633466854,-36.08102479407435],[150.15047990160534,-36.081607166753],[150.15400565107151,-36.084979622764145],[150.15761886035725,-36.08843573599399],[150.16123206964298,-36.091891849223835],[150.1648452789287,-36.09534796245368],[150.16845848821444,-36.098804075683525],[150.17207169750017,-36.10226018891337],[150.1756849067859,-36.105716302143215],[150.1756849067859,-36.10571630214322],[150.17929811607164,-36.10917241537307],[150.18291132535737,-36.1126285286029],[150.18291132535734,-36.112628528602926],[150.18652453464307,-36.11608464183276],[150.1901377439288,-36.1195407550626],[150.19375095321453,-36.12299686829245],[150.19736416250026,-36.12645298152229],[150.200977371786,-36.129909094752136]]],[[[150.16685247933324,-36.08405543175133],[150.16259300440595,-36.08256878744002],[150.16394095884877,-36.084121923456856],[150.1662725793801,-36.08535663764385],[150.16674538079613,-36.08475517110211],[150.16685247933324,-36.08405543175133]]],[[[150.1514422781637,-36.08018673482255],[150.14818636620655,-36.076649839034545],[150.14817538438106,-36.07665815984499],[150.14806750280098,-36.076782207034725],[150.14948750500875,-36.07883239247844],[150.1514422781637,-36.08018673482255]]],[[[150.1440465407763,-36.073850394137686],[150.14398588829133,-36.07392682381234],[150.14522492519347,-36.075180955286655],[150.1469130632501,-36.07563448832278],[150.1463089285745,-36.07499198298057],[150.1440465407763,-36.073850394137686]]],[[[150.1439208437174,-36.07260260414468],[150.1428208669886,-36.07155842353545],[150.14205456973772,-36.07179010717205],[150.14222200442745,-36.07199564137892],[150.1439208437174,-36.07260260414468]]],[[[150.96333283855026,-34.57289923147565],[150.9606914445617,-34.57033954828583],[150.9596868884717,-34.57092073784411],[150.96175356484196,-34.57431661310931],[150.9630770297341,-34.57347819862729],[150.96333283855026,-34.57289923147565]]]]},"bbox":[149.81439,-36.13042282325514,150.9781532277101,-34.52912653540483]}]}